solid OpenSCAD_Model
  facet normal -0 0 1
    outer loop
      vertex 169.025 29.7921 11.1
      vertex 170.05 29.45 11.1
      vertex 169.95 30.7171 11.1
    endloop
  endfacet
  facet normal 0 0 1
    outer loop
      vertex 170.05 29.45 11.1
      vertex 169.125 28.525 11.1
      vertex 170.05 -29.45 11.1
    endloop
  endfacet
  facet normal -0 0 1
    outer loop
      vertex 168.729 31.028 11.1
      vertex 169.95 30.7171 11.1
      vertex 169.654 31.953 11.1
    endloop
  endfacet
  facet normal -0 0 1
    outer loop
      vertex 169.125 -28.525 11.1
      vertex 170.05 -29.45 11.1
      vertex 169.125 28.525 11.1
    endloop
  endfacet
  facet normal -0 0 1
    outer loop
      vertex 168.242 32.2023 11.1
      vertex 169.654 31.953 11.1
      vertex 169.167 33.1273 11.1
    endloop
  endfacet
  facet normal 0 0 1
    outer loop
      vertex 169.025 -29.7921 11.1
      vertex 170.05 -29.45 11.1
      vertex 169.125 -28.525 11.1
    endloop
  endfacet
  facet normal 0 0 1
    outer loop
      vertex 170.05 -29.45 11.1
      vertex 169.025 -29.7921 11.1
      vertex 169.95 -30.7171 11.1
    endloop
  endfacet
  facet normal 0 0 1
    outer loop
      vertex 170.05 29.45 11.1
      vertex 169.025 29.7921 11.1
      vertex 169.125 28.525 11.1
    endloop
  endfacet
  facet normal 0 0 1
    outer loop
      vertex 169.95 30.7171 11.1
      vertex 168.729 31.028 11.1
      vertex 169.025 29.7921 11.1
    endloop
  endfacet
  facet normal -0 0 1
    outer loop
      vertex 167.578 33.2861 11.1
      vertex 169.167 33.1273 11.1
      vertex 168.503 34.2111 11.1
    endloop
  endfacet
  facet normal 0 0 1
    outer loop
      vertex 169.654 31.953 11.1
      vertex 168.242 32.2023 11.1
      vertex 168.729 31.028 11.1
    endloop
  endfacet
  facet normal -0 0 1
    outer loop
      vertex 166.753 34.2526 11.1
      vertex 168.503 34.2111 11.1
      vertex 167.678 35.1776 11.1
    endloop
  endfacet
  facet normal 0 0 1
    outer loop
      vertex 169.167 33.1273 11.1
      vertex 167.578 33.2861 11.1
      vertex 168.242 32.2023 11.1
    endloop
  endfacet
  facet normal 0 0 1
    outer loop
      vertex 168.503 34.2111 11.1
      vertex 166.753 34.2526 11.1
      vertex 167.578 33.2861 11.1
    endloop
  endfacet
  facet normal 0 0 1
    outer loop
      vertex 166.711 36.003 11.1
      vertex 166.753 34.2526 11.1
      vertex 167.678 35.1776 11.1
    endloop
  endfacet
  facet normal 0 0 1
    outer loop
      vertex 166.711 36.003 11.1
      vertex 165.786 35.078 11.1
      vertex 166.753 34.2526 11.1
    endloop
  endfacet
  facet normal 0 0 1
    outer loop
      vertex 165.627 36.6672 11.1
      vertex 165.786 35.078 11.1
      vertex 166.711 36.003 11.1
    endloop
  endfacet
  facet normal 0 0 1
    outer loop
      vertex 165.627 36.6672 11.1
      vertex 164.702 35.7422 11.1
      vertex 165.786 35.078 11.1
    endloop
  endfacet
  facet normal 0 0 1
    outer loop
      vertex 164.453 37.1536 11.1
      vertex 164.702 35.7422 11.1
      vertex 165.627 36.6672 11.1
    endloop
  endfacet
  facet normal 0 0 1
    outer loop
      vertex 164.453 37.1536 11.1
      vertex 163.528 36.2286 11.1
      vertex 164.702 35.7422 11.1
    endloop
  endfacet
  facet normal 0 0 1
    outer loop
      vertex 163.217 37.4503 11.1
      vertex 163.528 36.2286 11.1
      vertex 164.453 37.1536 11.1
    endloop
  endfacet
  facet normal 0 0 1
    outer loop
      vertex 163.217 37.4503 11.1
      vertex 162.292 36.5253 11.1
      vertex 163.528 36.2286 11.1
    endloop
  endfacet
  facet normal 0 0 1
    outer loop
      vertex 161.95 37.55 11.1
      vertex 162.292 36.5253 11.1
      vertex 163.217 37.4503 11.1
    endloop
  endfacet
  facet normal 0 0 1
    outer loop
      vertex 161.95 37.55 11.1
      vertex 161.025 36.625 11.1
      vertex 162.292 36.5253 11.1
    endloop
  endfacet
  facet normal 0 0 1
    outer loop
      vertex 161.95 37.55 11.1
      vertex 78.975 36.625 11.1
      vertex 161.025 36.625 11.1
    endloop
  endfacet
  facet normal -0 0 1
    outer loop
      vertex 78.05 37.55 11.1
      vertex 78.975 36.625 11.1
      vertex 161.95 37.55 11.1
    endloop
  endfacet
  facet normal 0 0 1
    outer loop
      vertex 78.05 37.55 11.1
      vertex 77.7079 36.5253 11.1
      vertex 78.975 36.625 11.1
    endloop
  endfacet
  facet normal -0 0 1
    outer loop
      vertex 76.7829 37.4503 11.1
      vertex 77.7079 36.5253 11.1
      vertex 78.05 37.55 11.1
    endloop
  endfacet
  facet normal 0 0 1
    outer loop
      vertex 76.7829 37.4503 11.1
      vertex 76.472 36.2286 11.1
      vertex 77.7079 36.5253 11.1
    endloop
  endfacet
  facet normal -0 0 1
    outer loop
      vertex 75.547 37.1536 11.1
      vertex 76.472 36.2286 11.1
      vertex 76.7829 37.4503 11.1
    endloop
  endfacet
  facet normal 0 0 1
    outer loop
      vertex 75.547 37.1536 11.1
      vertex 75.2977 35.7422 11.1
      vertex 76.472 36.2286 11.1
    endloop
  endfacet
  facet normal -0 0 1
    outer loop
      vertex 74.3727 36.6672 11.1
      vertex 75.2977 35.7422 11.1
      vertex 75.547 37.1536 11.1
    endloop
  endfacet
  facet normal 0 0 1
    outer loop
      vertex 74.3727 36.6672 11.1
      vertex 74.2139 35.078 11.1
      vertex 75.2977 35.7422 11.1
    endloop
  endfacet
  facet normal -0 0 1
    outer loop
      vertex 73.2889 36.003 11.1
      vertex 74.2139 35.078 11.1
      vertex 74.3727 36.6672 11.1
    endloop
  endfacet
  facet normal 0 0 1
    outer loop
      vertex 73.2889 36.003 11.1
      vertex 73.2474 34.2526 11.1
      vertex 74.2139 35.078 11.1
    endloop
  endfacet
  facet normal -0 0 1
    outer loop
      vertex 72.3224 35.1776 11.1
      vertex 73.2474 34.2526 11.1
      vertex 73.2889 36.003 11.1
    endloop
  endfacet
  facet normal 0 0 1
    outer loop
      vertex 71.497 34.2111 11.1
      vertex 73.2474 34.2526 11.1
      vertex 72.3224 35.1776 11.1
    endloop
  endfacet
  facet normal 0 0 1
    outer loop
      vertex 73.2474 34.2526 11.1
      vertex 71.497 34.2111 11.1
      vertex 72.422 33.2861 11.1
    endloop
  endfacet
  facet normal 0 0 1
    outer loop
      vertex 70.8328 33.1273 11.1
      vertex 72.422 33.2861 11.1
      vertex 71.497 34.2111 11.1
    endloop
  endfacet
  facet normal 0 0 1
    outer loop
      vertex 72.422 33.2861 11.1
      vertex 70.8328 33.1273 11.1
      vertex 71.7579 32.2023 11.1
    endloop
  endfacet
  facet normal 0 0 1
    outer loop
      vertex 70.3464 31.953 11.1
      vertex 71.7579 32.2023 11.1
      vertex 70.8328 33.1273 11.1
    endloop
  endfacet
  facet normal 0 0 1
    outer loop
      vertex 71.2714 31.028 11.1
      vertex 70.0497 30.7171 11.1
      vertex 70.9747 29.7921 11.1
    endloop
  endfacet
  facet normal 0 0 1
    outer loop
      vertex 70.0497 30.7171 11.1
      vertex 71.2714 31.028 11.1
      vertex 70.3464 31.953 11.1
    endloop
  endfacet
  facet normal 0 0 1
    outer loop
      vertex 71.7579 32.2023 11.1
      vertex 70.3464 31.953 11.1
      vertex 71.2714 31.028 11.1
    endloop
  endfacet
  facet normal 0 0 1
    outer loop
      vertex 168.729 -31.028 11.1
      vertex 169.95 -30.7171 11.1
      vertex 169.025 -29.7921 11.1
    endloop
  endfacet
  facet normal 0 0 1
    outer loop
      vertex 169.95 -30.7171 11.1
      vertex 168.729 -31.028 11.1
      vertex 169.654 -31.953 11.1
    endloop
  endfacet
  facet normal 0 0 1
    outer loop
      vertex 168.242 -32.2023 11.1
      vertex 169.654 -31.953 11.1
      vertex 168.729 -31.028 11.1
    endloop
  endfacet
  facet normal 0 0 1
    outer loop
      vertex 169.654 -31.953 11.1
      vertex 168.242 -32.2023 11.1
      vertex 169.167 -33.1273 11.1
    endloop
  endfacet
  facet normal 0 0 1
    outer loop
      vertex 167.578 -33.2861 11.1
      vertex 169.167 -33.1273 11.1
      vertex 168.242 -32.2023 11.1
    endloop
  endfacet
  facet normal 0 0 1
    outer loop
      vertex 169.167 -33.1273 11.1
      vertex 167.578 -33.2861 11.1
      vertex 168.503 -34.2111 11.1
    endloop
  endfacet
  facet normal 0 0 1
    outer loop
      vertex 166.753 -34.2526 11.1
      vertex 168.503 -34.2111 11.1
      vertex 167.578 -33.2861 11.1
    endloop
  endfacet
  facet normal 0 0 1
    outer loop
      vertex 168.503 -34.2111 11.1
      vertex 166.753 -34.2526 11.1
      vertex 167.678 -35.1776 11.1
    endloop
  endfacet
  facet normal 0 0 1
    outer loop
      vertex 166.753 -34.2526 11.1
      vertex 166.711 -36.003 11.1
      vertex 167.678 -35.1776 11.1
    endloop
  endfacet
  facet normal -0 0 1
    outer loop
      vertex 165.786 -35.078 11.1
      vertex 166.711 -36.003 11.1
      vertex 166.753 -34.2526 11.1
    endloop
  endfacet
  facet normal 0 0 1
    outer loop
      vertex 165.786 -35.078 11.1
      vertex 165.627 -36.6672 11.1
      vertex 166.711 -36.003 11.1
    endloop
  endfacet
  facet normal -0 0 1
    outer loop
      vertex 164.702 -35.7422 11.1
      vertex 165.627 -36.6672 11.1
      vertex 165.786 -35.078 11.1
    endloop
  endfacet
  facet normal 0 0 1
    outer loop
      vertex 164.702 -35.7422 11.1
      vertex 164.453 -37.1536 11.1
      vertex 165.627 -36.6672 11.1
    endloop
  endfacet
  facet normal -0 0 1
    outer loop
      vertex 163.528 -36.2286 11.1
      vertex 164.453 -37.1536 11.1
      vertex 164.702 -35.7422 11.1
    endloop
  endfacet
  facet normal 0 0 1
    outer loop
      vertex 163.528 -36.2286 11.1
      vertex 163.217 -37.4503 11.1
      vertex 164.453 -37.1536 11.1
    endloop
  endfacet
  facet normal -0 0 1
    outer loop
      vertex 162.292 -36.5253 11.1
      vertex 163.217 -37.4503 11.1
      vertex 163.528 -36.2286 11.1
    endloop
  endfacet
  facet normal 0 0 1
    outer loop
      vertex 162.292 -36.5253 11.1
      vertex 161.95 -37.55 11.1
      vertex 163.217 -37.4503 11.1
    endloop
  endfacet
  facet normal -0 0 1
    outer loop
      vertex 161.025 -36.625 11.1
      vertex 161.95 -37.55 11.1
      vertex 162.292 -36.5253 11.1
    endloop
  endfacet
  facet normal -0 0 1
    outer loop
      vertex 78.975 -36.625 11.1
      vertex 161.95 -37.55 11.1
      vertex 161.025 -36.625 11.1
    endloop
  endfacet
  facet normal 0 0 1
    outer loop
      vertex 78.975 -36.625 11.1
      vertex 78.05 -37.55 11.1
      vertex 161.95 -37.55 11.1
    endloop
  endfacet
  facet normal 0 0 1
    outer loop
      vertex 77.7079 -36.5253 11.1
      vertex 78.05 -37.55 11.1
      vertex 78.975 -36.625 11.1
    endloop
  endfacet
  facet normal 0 0 1
    outer loop
      vertex 77.7079 -36.5253 11.1
      vertex 76.7829 -37.4503 11.1
      vertex 78.05 -37.55 11.1
    endloop
  endfacet
  facet normal 0 0 1
    outer loop
      vertex 76.472 -36.2286 11.1
      vertex 76.7829 -37.4503 11.1
      vertex 77.7079 -36.5253 11.1
    endloop
  endfacet
  facet normal 0 0 1
    outer loop
      vertex 76.472 -36.2286 11.1
      vertex 75.547 -37.1536 11.1
      vertex 76.7829 -37.4503 11.1
    endloop
  endfacet
  facet normal 0 0 1
    outer loop
      vertex 75.2977 -35.7422 11.1
      vertex 75.547 -37.1536 11.1
      vertex 76.472 -36.2286 11.1
    endloop
  endfacet
  facet normal 0 0 1
    outer loop
      vertex 75.2977 -35.7422 11.1
      vertex 74.3727 -36.6672 11.1
      vertex 75.547 -37.1536 11.1
    endloop
  endfacet
  facet normal 0 0 1
    outer loop
      vertex 74.2139 -35.078 11.1
      vertex 74.3727 -36.6672 11.1
      vertex 75.2977 -35.7422 11.1
    endloop
  endfacet
  facet normal 0 0 1
    outer loop
      vertex 74.2139 -35.078 11.1
      vertex 73.2889 -36.003 11.1
      vertex 74.3727 -36.6672 11.1
    endloop
  endfacet
  facet normal 0 0 1
    outer loop
      vertex 73.2474 -34.2526 11.1
      vertex 73.2889 -36.003 11.1
      vertex 74.2139 -35.078 11.1
    endloop
  endfacet
  facet normal -0 0 1
    outer loop
      vertex 71.497 -34.2111 11.1
      vertex 73.2474 -34.2526 11.1
      vertex 72.422 -33.2861 11.1
    endloop
  endfacet
  facet normal 0 0 1
    outer loop
      vertex 73.2474 -34.2526 11.1
      vertex 72.3224 -35.1776 11.1
      vertex 73.2889 -36.003 11.1
    endloop
  endfacet
  facet normal -0 0 1
    outer loop
      vertex 70.8328 -33.1273 11.1
      vertex 72.422 -33.2861 11.1
      vertex 71.7579 -32.2023 11.1
    endloop
  endfacet
  facet normal 0 0 1
    outer loop
      vertex 73.2474 -34.2526 11.1
      vertex 71.497 -34.2111 11.1
      vertex 72.3224 -35.1776 11.1
    endloop
  endfacet
  facet normal -0 0 1
    outer loop
      vertex 70.3464 -31.953 11.1
      vertex 71.7579 -32.2023 11.1
      vertex 71.2714 -31.028 11.1
    endloop
  endfacet
  facet normal -0 0 1
    outer loop
      vertex 70.0497 -30.7171 11.1
      vertex 71.2714 -31.028 11.1
      vertex 70.9747 -29.7921 11.1
    endloop
  endfacet
  facet normal 0 0 1
    outer loop
      vertex 72.422 -33.2861 11.1
      vertex 70.8328 -33.1273 11.1
      vertex 71.497 -34.2111 11.1
    endloop
  endfacet
  facet normal -0 0 1
    outer loop
      vertex 69.95 -29.45 11.1
      vertex 70.9747 -29.7921 11.1
      vertex 70.875 -28.525 11.1
    endloop
  endfacet
  facet normal 0 0 1
    outer loop
      vertex 70.875 28.525 11.1
      vertex 69.95 29.45 11.1
      vertex 70.875 -28.525 11.1
    endloop
  endfacet
  facet normal 0 0 1
    outer loop
      vertex 69.95 29.45 11.1
      vertex 70.9747 29.7921 11.1
      vertex 70.0497 30.7171 11.1
    endloop
  endfacet
  facet normal 0 0 1
    outer loop
      vertex 69.95 -29.45 11.1
      vertex 70.875 -28.525 11.1
      vertex 69.95 29.45 11.1
    endloop
  endfacet
  facet normal 0 0 1
    outer loop
      vertex 70.9747 29.7921 11.1
      vertex 69.95 29.45 11.1
      vertex 70.875 28.525 11.1
    endloop
  endfacet
  facet normal 0 0 1
    outer loop
      vertex 70.9747 -29.7921 11.1
      vertex 69.95 -29.45 11.1
      vertex 70.0497 -30.7171 11.1
    endloop
  endfacet
  facet normal 0 0 1
    outer loop
      vertex 71.7579 -32.2023 11.1
      vertex 70.3464 -31.953 11.1
      vertex 70.8328 -33.1273 11.1
    endloop
  endfacet
  facet normal 0 0 1
    outer loop
      vertex 71.2714 -31.028 11.1
      vertex 70.0497 -30.7171 11.1
      vertex 70.3464 -31.953 11.1
    endloop
  endfacet
  facet normal 0.9969 0.0786757 0
    outer loop
      vertex 170.05 29.45 11.1
      vertex 169.95 30.7171 8.1
      vertex 169.95 30.7171 11.1
    endloop
  endfacet
  facet normal 0.9969 0.0786757 0
    outer loop
      vertex 169.95 30.7171 8.1
      vertex 170.05 29.45 11.1
      vertex 170.05 29.45 8.1
    endloop
  endfacet
  facet normal 0 -1 0
    outer loop
      vertex 78.05 -37.55 8.1
      vertex 161.95 -37.55 11.1
      vertex 78.05 -37.55 11.1
    endloop
  endfacet
  facet normal 0 -1 -0
    outer loop
      vertex 161.95 -37.55 11.1
      vertex 78.05 -37.55 8.1
      vertex 161.95 -37.55 8.1
    endloop
  endfacet
  facet normal -1 0 0
    outer loop
      vertex 69.95 -29.45 8.1
      vertex 69.95 29.45 11.1
      vertex 69.95 29.45 8.1
    endloop
  endfacet
  facet normal -1 -0 0
    outer loop
      vertex 69.95 29.45 11.1
      vertex 69.95 -29.45 8.1
      vertex 69.95 -29.45 11.1
    endloop
  endfacet
  facet normal -0.649417 -0.760433 0
    outer loop
      vertex 72.3224 -35.1776 8.1
      vertex 73.2889 -36.003 11.1
      vertex 72.3224 -35.1776 11.1
    endloop
  endfacet
  facet normal -0.649417 -0.760433 -0
    outer loop
      vertex 73.2889 -36.003 11.1
      vertex 72.3224 -35.1776 8.1
      vertex 73.2889 -36.003 8.1
    endloop
  endfacet
  facet normal -0.233435 -0.972372 0
    outer loop
      vertex 75.547 -37.1536 8.1
      vertex 76.7829 -37.4503 11.1
      vertex 75.547 -37.1536 11.1
    endloop
  endfacet
  facet normal -0.233435 -0.972372 -0
    outer loop
      vertex 76.7829 -37.4503 11.1
      vertex 75.547 -37.1536 8.1
      vertex 76.7829 -37.4503 8.1
    endloop
  endfacet
  facet normal -0 0 1
    outer loop
      vertex 169.654 31.953 8.1
      vertex 171.9 31.3 8.1
      vertex 171.8 32.5671 8.1
    endloop
  endfacet
  facet normal 0 0 1
    outer loop
      vertex 171.9 31.3 8.1
      vertex 170.05 29.45 8.1
      vertex 171.9 -31.3 8.1
    endloop
  endfacet
  facet normal 0 0 1
    outer loop
      vertex 169.654 31.953 8.1
      vertex 171.8 32.5671 8.1
      vertex 171.504 33.803 8.1
    endloop
  endfacet
  facet normal -0 0 1
    outer loop
      vertex 170.05 -29.45 8.1
      vertex 171.9 -31.3 8.1
      vertex 170.05 29.45 8.1
    endloop
  endfacet
  facet normal 0 0 1
    outer loop
      vertex 169.167 33.1273 8.1
      vertex 171.504 33.803 8.1
      vertex 171.017 34.9773 8.1
    endloop
  endfacet
  facet normal -0 0 1
    outer loop
      vertex 169.95 -30.7171 8.1
      vertex 171.9 -31.3 8.1
      vertex 170.05 -29.45 8.1
    endloop
  endfacet
  facet normal 0 0 1
    outer loop
      vertex 168.503 34.2111 8.1
      vertex 171.017 34.9773 8.1
      vertex 170.353 36.0611 8.1
    endloop
  endfacet
  facet normal 0 0 1
    outer loop
      vertex 169.654 -31.953 8.1
      vertex 171.9 -31.3 8.1
      vertex 169.95 -30.7171 8.1
    endloop
  endfacet
  facet normal 0 0 1
    outer loop
      vertex 171.9 -31.3 8.1
      vertex 169.654 -31.953 8.1
      vertex 171.8 -32.5671 8.1
    endloop
  endfacet
  facet normal 0 0 1
    outer loop
      vertex 171.9 31.3 8.1
      vertex 169.95 30.7171 8.1
      vertex 170.05 29.45 8.1
    endloop
  endfacet
  facet normal 0 0 1
    outer loop
      vertex 171.9 31.3 8.1
      vertex 169.654 31.953 8.1
      vertex 169.95 30.7171 8.1
    endloop
  endfacet
  facet normal 0 0 1
    outer loop
      vertex 167.678 35.1776 8.1
      vertex 170.353 36.0611 8.1
      vertex 169.528 37.0276 8.1
    endloop
  endfacet
  facet normal 0 0 1
    outer loop
      vertex 171.504 33.803 8.1
      vertex 169.167 33.1273 8.1
      vertex 169.654 31.953 8.1
    endloop
  endfacet
  facet normal 0 0 1
    outer loop
      vertex 167.678 35.1776 8.1
      vertex 169.528 37.0276 8.1
      vertex 168.561 37.853 8.1
    endloop
  endfacet
  facet normal 0 0 1
    outer loop
      vertex 171.017 34.9773 8.1
      vertex 168.503 34.2111 8.1
      vertex 169.167 33.1273 8.1
    endloop
  endfacet
  facet normal 0 0 1
    outer loop
      vertex 170.353 36.0611 8.1
      vertex 167.678 35.1776 8.1
      vertex 168.503 34.2111 8.1
    endloop
  endfacet
  facet normal 0 0 1
    outer loop
      vertex 166.711 36.003 8.1
      vertex 168.561 37.853 8.1
      vertex 167.477 38.5172 8.1
    endloop
  endfacet
  facet normal 0 0 1
    outer loop
      vertex 168.561 37.853 8.1
      vertex 166.711 36.003 8.1
      vertex 167.678 35.1776 8.1
    endloop
  endfacet
  facet normal 0 0 1
    outer loop
      vertex 165.627 36.6672 8.1
      vertex 167.477 38.5172 8.1
      vertex 166.303 39.0036 8.1
    endloop
  endfacet
  facet normal 0 0 1
    outer loop
      vertex 167.477 38.5172 8.1
      vertex 165.627 36.6672 8.1
      vertex 166.711 36.003 8.1
    endloop
  endfacet
  facet normal 0 0 1
    outer loop
      vertex 164.453 37.1536 8.1
      vertex 166.303 39.0036 8.1
      vertex 165.067 39.3003 8.1
    endloop
  endfacet
  facet normal 0 0 1
    outer loop
      vertex 166.303 39.0036 8.1
      vertex 164.453 37.1536 8.1
      vertex 165.627 36.6672 8.1
    endloop
  endfacet
  facet normal 0 0 1
    outer loop
      vertex 163.8 39.4 8.1
      vertex 164.453 37.1536 8.1
      vertex 165.067 39.3003 8.1
    endloop
  endfacet
  facet normal 0 0 1
    outer loop
      vertex 163.8 39.4 8.1
      vertex 163.217 37.4503 8.1
      vertex 164.453 37.1536 8.1
    endloop
  endfacet
  facet normal 0 0 1
    outer loop
      vertex 163.8 39.4 8.1
      vertex 161.95 37.55 8.1
      vertex 163.217 37.4503 8.1
    endloop
  endfacet
  facet normal 0 0 1
    outer loop
      vertex 163.8 39.4 8.1
      vertex 78.05 37.55 8.1
      vertex 161.95 37.55 8.1
    endloop
  endfacet
  facet normal -0 0 1
    outer loop
      vertex 76.2 39.4 8.1
      vertex 78.05 37.55 8.1
      vertex 163.8 39.4 8.1
    endloop
  endfacet
  facet normal 0 0 1
    outer loop
      vertex 76.2 39.4 8.1
      vertex 76.7829 37.4503 8.1
      vertex 78.05 37.55 8.1
    endloop
  endfacet
  facet normal 0 0 1
    outer loop
      vertex 76.2 39.4 8.1
      vertex 75.547 37.1536 8.1
      vertex 76.7829 37.4503 8.1
    endloop
  endfacet
  facet normal -0 0 1
    outer loop
      vertex 74.9329 39.3003 8.1
      vertex 75.547 37.1536 8.1
      vertex 76.2 39.4 8.1
    endloop
  endfacet
  facet normal -0 0 1
    outer loop
      vertex 73.697 39.0036 8.1
      vertex 75.547 37.1536 8.1
      vertex 74.9329 39.3003 8.1
    endloop
  endfacet
  facet normal 0 0 1
    outer loop
      vertex 75.547 37.1536 8.1
      vertex 73.697 39.0036 8.1
      vertex 74.3727 36.6672 8.1
    endloop
  endfacet
  facet normal -0 0 1
    outer loop
      vertex 72.5227 38.5172 8.1
      vertex 74.3727 36.6672 8.1
      vertex 73.697 39.0036 8.1
    endloop
  endfacet
  facet normal 0 0 1
    outer loop
      vertex 74.3727 36.6672 8.1
      vertex 72.5227 38.5172 8.1
      vertex 73.2889 36.003 8.1
    endloop
  endfacet
  facet normal -0 0 1
    outer loop
      vertex 71.4389 37.853 8.1
      vertex 73.2889 36.003 8.1
      vertex 72.5227 38.5172 8.1
    endloop
  endfacet
  facet normal 0 0 1
    outer loop
      vertex 73.2889 36.003 8.1
      vertex 71.4389 37.853 8.1
      vertex 72.3224 35.1776 8.1
    endloop
  endfacet
  facet normal -0 0 1
    outer loop
      vertex 70.4724 37.0276 8.1
      vertex 72.3224 35.1776 8.1
      vertex 71.4389 37.853 8.1
    endloop
  endfacet
  facet normal -0 0 1
    outer loop
      vertex 69.647 36.0611 8.1
      vertex 72.3224 35.1776 8.1
      vertex 70.4724 37.0276 8.1
    endloop
  endfacet
  facet normal 0 0 1
    outer loop
      vertex 72.3224 35.1776 8.1
      vertex 69.647 36.0611 8.1
      vertex 71.497 34.2111 8.1
    endloop
  endfacet
  facet normal -0 0 1
    outer loop
      vertex 68.9828 34.9773 8.1
      vertex 71.497 34.2111 8.1
      vertex 69.647 36.0611 8.1
    endloop
  endfacet
  facet normal 0 0 1
    outer loop
      vertex 71.497 34.2111 8.1
      vertex 68.9828 34.9773 8.1
      vertex 70.8328 33.1273 8.1
    endloop
  endfacet
  facet normal -0 0 1
    outer loop
      vertex 68.4964 33.803 8.1
      vertex 70.8328 33.1273 8.1
      vertex 68.9828 34.9773 8.1
    endloop
  endfacet
  facet normal -0 0 1
    outer loop
      vertex 68.1997 32.5671 8.1
      vertex 70.3464 31.953 8.1
      vertex 68.4964 33.803 8.1
    endloop
  endfacet
  facet normal 0 0 1
    outer loop
      vertex 70.8328 33.1273 8.1
      vertex 68.4964 33.803 8.1
      vertex 70.3464 31.953 8.1
    endloop
  endfacet
  facet normal 0 0 1
    outer loop
      vertex 171.8 -32.5671 8.1
      vertex 169.654 -31.953 8.1
      vertex 171.504 -33.803 8.1
    endloop
  endfacet
  facet normal -0 0 1
    outer loop
      vertex 169.167 -33.1273 8.1
      vertex 171.504 -33.803 8.1
      vertex 169.654 -31.953 8.1
    endloop
  endfacet
  facet normal 0 0 1
    outer loop
      vertex 171.504 -33.803 8.1
      vertex 169.167 -33.1273 8.1
      vertex 171.017 -34.9773 8.1
    endloop
  endfacet
  facet normal -0 0 1
    outer loop
      vertex 168.503 -34.2111 8.1
      vertex 171.017 -34.9773 8.1
      vertex 169.167 -33.1273 8.1
    endloop
  endfacet
  facet normal 0 0 1
    outer loop
      vertex 171.017 -34.9773 8.1
      vertex 168.503 -34.2111 8.1
      vertex 170.353 -36.0611 8.1
    endloop
  endfacet
  facet normal -0 0 1
    outer loop
      vertex 167.678 -35.1776 8.1
      vertex 170.353 -36.0611 8.1
      vertex 168.503 -34.2111 8.1
    endloop
  endfacet
  facet normal 0 0 1
    outer loop
      vertex 170.353 -36.0611 8.1
      vertex 167.678 -35.1776 8.1
      vertex 169.528 -37.0276 8.1
    endloop
  endfacet
  facet normal 0 0 1
    outer loop
      vertex 169.528 -37.0276 8.1
      vertex 167.678 -35.1776 8.1
      vertex 168.561 -37.853 8.1
    endloop
  endfacet
  facet normal -0 0 1
    outer loop
      vertex 166.711 -36.003 8.1
      vertex 168.561 -37.853 8.1
      vertex 167.678 -35.1776 8.1
    endloop
  endfacet
  facet normal 0 0 1
    outer loop
      vertex 168.561 -37.853 8.1
      vertex 166.711 -36.003 8.1
      vertex 167.477 -38.5172 8.1
    endloop
  endfacet
  facet normal -0 0 1
    outer loop
      vertex 165.627 -36.6672 8.1
      vertex 167.477 -38.5172 8.1
      vertex 166.711 -36.003 8.1
    endloop
  endfacet
  facet normal 0 0 1
    outer loop
      vertex 167.477 -38.5172 8.1
      vertex 165.627 -36.6672 8.1
      vertex 166.303 -39.0036 8.1
    endloop
  endfacet
  facet normal -0 0 1
    outer loop
      vertex 164.453 -37.1536 8.1
      vertex 166.303 -39.0036 8.1
      vertex 165.627 -36.6672 8.1
    endloop
  endfacet
  facet normal 0 0 1
    outer loop
      vertex 166.303 -39.0036 8.1
      vertex 164.453 -37.1536 8.1
      vertex 165.067 -39.3003 8.1
    endloop
  endfacet
  facet normal 0 0 1
    outer loop
      vertex 164.453 -37.1536 8.1
      vertex 163.8 -39.4 8.1
      vertex 165.067 -39.3003 8.1
    endloop
  endfacet
  facet normal -0 0 1
    outer loop
      vertex 163.217 -37.4503 8.1
      vertex 163.8 -39.4 8.1
      vertex 164.453 -37.1536 8.1
    endloop
  endfacet
  facet normal -0 0 1
    outer loop
      vertex 161.95 -37.55 8.1
      vertex 163.8 -39.4 8.1
      vertex 163.217 -37.4503 8.1
    endloop
  endfacet
  facet normal -0 0 1
    outer loop
      vertex 78.05 -37.55 8.1
      vertex 163.8 -39.4 8.1
      vertex 161.95 -37.55 8.1
    endloop
  endfacet
  facet normal 0 0 1
    outer loop
      vertex 78.05 -37.55 8.1
      vertex 76.2 -39.4 8.1
      vertex 163.8 -39.4 8.1
    endloop
  endfacet
  facet normal 0 0 1
    outer loop
      vertex 76.7829 -37.4503 8.1
      vertex 76.2 -39.4 8.1
      vertex 78.05 -37.55 8.1
    endloop
  endfacet
  facet normal 0 0 1
    outer loop
      vertex 75.547 -37.1536 8.1
      vertex 76.2 -39.4 8.1
      vertex 76.7829 -37.4503 8.1
    endloop
  endfacet
  facet normal 0 0 1
    outer loop
      vertex 75.547 -37.1536 8.1
      vertex 74.9329 -39.3003 8.1
      vertex 76.2 -39.4 8.1
    endloop
  endfacet
  facet normal 0 0 1
    outer loop
      vertex 73.697 -39.0036 8.1
      vertex 75.547 -37.1536 8.1
      vertex 74.3727 -36.6672 8.1
    endloop
  endfacet
  facet normal 0 0 1
    outer loop
      vertex 75.547 -37.1536 8.1
      vertex 73.697 -39.0036 8.1
      vertex 74.9329 -39.3003 8.1
    endloop
  endfacet
  facet normal 0 0 1
    outer loop
      vertex 72.5227 -38.5172 8.1
      vertex 74.3727 -36.6672 8.1
      vertex 73.2889 -36.003 8.1
    endloop
  endfacet
  facet normal 0 0 1
    outer loop
      vertex 74.3727 -36.6672 8.1
      vertex 72.5227 -38.5172 8.1
      vertex 73.697 -39.0036 8.1
    endloop
  endfacet
  facet normal 0 0 1
    outer loop
      vertex 71.4389 -37.853 8.1
      vertex 73.2889 -36.003 8.1
      vertex 72.3224 -35.1776 8.1
    endloop
  endfacet
  facet normal 0 0 1
    outer loop
      vertex 69.647 -36.0611 8.1
      vertex 72.3224 -35.1776 8.1
      vertex 71.497 -34.2111 8.1
    endloop
  endfacet
  facet normal 0 0 1
    outer loop
      vertex 73.2889 -36.003 8.1
      vertex 71.4389 -37.853 8.1
      vertex 72.5227 -38.5172 8.1
    endloop
  endfacet
  facet normal 0 0 1
    outer loop
      vertex 68.9828 -34.9773 8.1
      vertex 71.497 -34.2111 8.1
      vertex 70.8328 -33.1273 8.1
    endloop
  endfacet
  facet normal 0 0 1
    outer loop
      vertex 72.3224 -35.1776 8.1
      vertex 70.4724 -37.0276 8.1
      vertex 71.4389 -37.853 8.1
    endloop
  endfacet
  facet normal 0 0 1
    outer loop
      vertex 68.4964 -33.803 8.1
      vertex 70.8328 -33.1273 8.1
      vertex 70.3464 -31.953 8.1
    endloop
  endfacet
  facet normal -0 0 1
    outer loop
      vertex 68.1 -31.3 8.1
      vertex 70.3464 -31.953 8.1
      vertex 70.0497 -30.7171 8.1
    endloop
  endfacet
  facet normal 0 0 1
    outer loop
      vertex 68.1 -31.3 8.1
      vertex 70.0497 -30.7171 8.1
      vertex 69.95 -29.45 8.1
    endloop
  endfacet
  facet normal 0 0 1
    outer loop
      vertex 72.3224 -35.1776 8.1
      vertex 69.647 -36.0611 8.1
      vertex 70.4724 -37.0276 8.1
    endloop
  endfacet
  facet normal 0 0 1
    outer loop
      vertex 69.95 29.45 8.1
      vertex 68.1 31.3 8.1
      vertex 69.95 -29.45 8.1
    endloop
  endfacet
  facet normal 0 0 1
    outer loop
      vertex 68.1 31.3 8.1
      vertex 70.3464 31.953 8.1
      vertex 68.1997 32.5671 8.1
    endloop
  endfacet
  facet normal 0 0 1
    outer loop
      vertex 68.1 -31.3 8.1
      vertex 69.95 -29.45 8.1
      vertex 68.1 31.3 8.1
    endloop
  endfacet
  facet normal 0 0 1
    outer loop
      vertex 70.3464 31.953 8.1
      vertex 68.1 31.3 8.1
      vertex 70.0497 30.7171 8.1
    endloop
  endfacet
  facet normal 0 0 1
    outer loop
      vertex 70.3464 -31.953 8.1
      vertex 68.1 -31.3 8.1
      vertex 68.1997 -32.5671 8.1
    endloop
  endfacet
  facet normal 0 0 1
    outer loop
      vertex 70.0497 30.7171 8.1
      vertex 68.1 31.3 8.1
      vertex 69.95 29.45 8.1
    endloop
  endfacet
  facet normal 0 0 1
    outer loop
      vertex 71.497 -34.2111 8.1
      vertex 68.9828 -34.9773 8.1
      vertex 69.647 -36.0611 8.1
    endloop
  endfacet
  facet normal 0 0 1
    outer loop
      vertex 70.8328 -33.1273 8.1
      vertex 68.4964 -33.803 8.1
      vertex 68.9828 -34.9773 8.1
    endloop
  endfacet
  facet normal 0 0 1
    outer loop
      vertex 70.3464 -31.953 8.1
      vertex 68.1997 -32.5671 8.1
      vertex 68.4964 -33.803 8.1
    endloop
  endfacet
  facet normal 0 0 1
    outer loop
      vertex 161.025 36.625 8.1
      vertex 169.125 28.525 8.1
      vertex 169.025 29.7921 8.1
    endloop
  endfacet
  facet normal 0 0 1
    outer loop
      vertex 169.125 28.525 8.1
      vertex 128.425 0 8.1
      vertex 169.125 -28.525 8.1
    endloop
  endfacet
  facet normal 0 0 1
    outer loop
      vertex 161.025 36.625 8.1
      vertex 169.025 29.7921 8.1
      vertex 168.729 31.028 8.1
    endloop
  endfacet
  facet normal -0 0 1
    outer loop
      vertex 128.321 -1.31796 8.1
      vertex 169.125 -28.525 8.1
      vertex 128.425 0 8.1
    endloop
  endfacet
  facet normal 0 0 1
    outer loop
      vertex 161.025 36.625 8.1
      vertex 168.729 31.028 8.1
      vertex 168.242 32.2023 8.1
    endloop
  endfacet
  facet normal -0 0 1
    outer loop
      vertex 128.013 -2.60347 8.1
      vertex 169.125 -28.525 8.1
      vertex 128.321 -1.31796 8.1
    endloop
  endfacet
  facet normal 0 0 1
    outer loop
      vertex 161.025 36.625 8.1
      vertex 168.242 32.2023 8.1
      vertex 167.578 33.2861 8.1
    endloop
  endfacet
  facet normal -0 0 1
    outer loop
      vertex 127.507 -3.82487 8.1
      vertex 169.125 -28.525 8.1
      vertex 128.013 -2.60347 8.1
    endloop
  endfacet
  facet normal 0 0 1
    outer loop
      vertex 161.025 36.625 8.1
      vertex 167.578 33.2861 8.1
      vertex 166.753 34.2526 8.1
    endloop
  endfacet
  facet normal 0 -0 1
    outer loop
      vertex 161.025 -36.625 8.1
      vertex 169.125 -28.525 8.1
      vertex 127.507 -3.82487 8.1
    endloop
  endfacet
  facet normal 0 0 1
    outer loop
      vertex 161.025 36.625 8.1
      vertex 166.753 34.2526 8.1
      vertex 165.786 35.078 8.1
    endloop
  endfacet
  facet normal 0 0 1
    outer loop
      vertex 169.125 -28.525 8.1
      vertex 161.025 -36.625 8.1
      vertex 169.025 -29.7921 8.1
    endloop
  endfacet
  facet normal 0 0 1
    outer loop
      vertex 161.025 36.625 8.1
      vertex 165.786 35.078 8.1
      vertex 164.702 35.7422 8.1
    endloop
  endfacet
  facet normal 0 0 1
    outer loop
      vertex 168.729 -31.028 8.1
      vertex 161.025 -36.625 8.1
      vertex 168.242 -32.2023 8.1
    endloop
  endfacet
  facet normal 0 0 1
    outer loop
      vertex 161.025 36.625 8.1
      vertex 164.702 35.7422 8.1
      vertex 163.528 36.2286 8.1
    endloop
  endfacet
  facet normal 0 0 1
    outer loop
      vertex 168.242 -32.2023 8.1
      vertex 161.025 -36.625 8.1
      vertex 167.578 -33.2861 8.1
    endloop
  endfacet
  facet normal 0 0 1
    outer loop
      vertex 161.025 36.625 8.1
      vertex 163.528 36.2286 8.1
      vertex 162.292 36.5253 8.1
    endloop
  endfacet
  facet normal 0 0 1
    outer loop
      vertex 167.578 -33.2861 8.1
      vertex 161.025 -36.625 8.1
      vertex 166.753 -34.2526 8.1
    endloop
  endfacet
  facet normal 0 0 1
    outer loop
      vertex 169.125 28.525 8.1
      vertex 161.025 36.625 8.1
      vertex 127.507 3.82487 8.1
    endloop
  endfacet
  facet normal 0 0 1
    outer loop
      vertex 165.786 -35.078 8.1
      vertex 161.025 -36.625 8.1
      vertex 164.702 -35.7422 8.1
    endloop
  endfacet
  facet normal 0 0 1
    outer loop
      vertex 164.702 -35.7422 8.1
      vertex 161.025 -36.625 8.1
      vertex 163.528 -36.2286 8.1
    endloop
  endfacet
  facet normal 0 0 1
    outer loop
      vertex 169.125 28.525 8.1
      vertex 128.321 1.31796 8.1
      vertex 128.425 0 8.1
    endloop
  endfacet
  facet normal 0 0 1
    outer loop
      vertex 169.125 28.525 8.1
      vertex 128.013 2.60347 8.1
      vertex 128.321 1.31796 8.1
    endloop
  endfacet
  facet normal 0 0 1
    outer loop
      vertex 169.125 28.525 8.1
      vertex 127.507 3.82487 8.1
      vertex 128.013 2.60347 8.1
    endloop
  endfacet
  facet normal 0 0 1
    outer loop
      vertex 161.025 36.625 8.1
      vertex 126.816 4.95209 8.1
      vertex 127.507 3.82487 8.1
    endloop
  endfacet
  facet normal 0 0 1
    outer loop
      vertex 161.025 36.625 8.1
      vertex 125.957 5.95737 8.1
      vertex 126.816 4.95209 8.1
    endloop
  endfacet
  facet normal 0 0 1
    outer loop
      vertex 161.025 36.625 8.1
      vertex 124.952 6.81597 8.1
      vertex 125.957 5.95737 8.1
    endloop
  endfacet
  facet normal 0 0 1
    outer loop
      vertex 161.025 36.625 8.1
      vertex 123.825 7.50673 8.1
      vertex 124.952 6.81597 8.1
    endloop
  endfacet
  facet normal 0 0 1
    outer loop
      vertex 161.025 36.625 8.1
      vertex 122.603 8.01265 8.1
      vertex 123.825 7.50673 8.1
    endloop
  endfacet
  facet normal 0 0 1
    outer loop
      vertex 161.025 36.625 8.1
      vertex 121.318 8.32127 8.1
      vertex 122.603 8.01265 8.1
    endloop
  endfacet
  facet normal 0 0 1
    outer loop
      vertex 161.025 36.625 8.1
      vertex 120 8.425 8.1
      vertex 121.318 8.32127 8.1
    endloop
  endfacet
  facet normal -0 0 1
    outer loop
      vertex 78.975 36.625 8.1
      vertex 120 8.425 8.1
      vertex 161.025 36.625 8.1
    endloop
  endfacet
  facet normal 0 0 1
    outer loop
      vertex 120 8.425 8.1
      vertex 78.975 36.625 8.1
      vertex 118.682 8.32127 8.1
    endloop
  endfacet
  facet normal 0 0 1
    outer loop
      vertex 118.682 8.32127 8.1
      vertex 78.975 36.625 8.1
      vertex 117.397 8.01265 8.1
    endloop
  endfacet
  facet normal 0 0 1
    outer loop
      vertex 117.397 8.01265 8.1
      vertex 78.975 36.625 8.1
      vertex 116.175 7.50673 8.1
    endloop
  endfacet
  facet normal 0 0 1
    outer loop
      vertex 111.987 2.60347 8.1
      vertex 70.875 28.525 8.1
      vertex 111.679 1.31796 8.1
    endloop
  endfacet
  facet normal 0 0 1
    outer loop
      vertex 112.493 3.82487 8.1
      vertex 70.875 28.525 8.1
      vertex 111.987 2.60347 8.1
    endloop
  endfacet
  facet normal -0 0 1
    outer loop
      vertex 70.875 28.525 8.1
      vertex 112.493 3.82487 8.1
      vertex 78.975 36.625 8.1
    endloop
  endfacet
  facet normal 0 0 1
    outer loop
      vertex 113.184 4.95209 8.1
      vertex 78.975 36.625 8.1
      vertex 112.493 3.82487 8.1
    endloop
  endfacet
  facet normal 0 0 1
    outer loop
      vertex 114.043 5.95737 8.1
      vertex 78.975 36.625 8.1
      vertex 113.184 4.95209 8.1
    endloop
  endfacet
  facet normal 0 0 1
    outer loop
      vertex 115.048 6.81597 8.1
      vertex 78.975 36.625 8.1
      vertex 114.043 5.95737 8.1
    endloop
  endfacet
  facet normal 0 0 1
    outer loop
      vertex 116.175 7.50673 8.1
      vertex 78.975 36.625 8.1
      vertex 115.048 6.81597 8.1
    endloop
  endfacet
  facet normal 0 0 1
    outer loop
      vertex 163.528 -36.2286 8.1
      vertex 161.025 -36.625 8.1
      vertex 162.292 -36.5253 8.1
    endloop
  endfacet
  facet normal 0 0 1
    outer loop
      vertex 166.753 -34.2526 8.1
      vertex 161.025 -36.625 8.1
      vertex 165.786 -35.078 8.1
    endloop
  endfacet
  facet normal 0 0 1
    outer loop
      vertex 169.025 -29.7921 8.1
      vertex 161.025 -36.625 8.1
      vertex 168.729 -31.028 8.1
    endloop
  endfacet
  facet normal -0 0 1
    outer loop
      vertex 126.816 -4.95209 8.1
      vertex 161.025 -36.625 8.1
      vertex 127.507 -3.82487 8.1
    endloop
  endfacet
  facet normal -0 0 1
    outer loop
      vertex 125.957 -5.95737 8.1
      vertex 161.025 -36.625 8.1
      vertex 126.816 -4.95209 8.1
    endloop
  endfacet
  facet normal -0 0 1
    outer loop
      vertex 124.952 -6.81597 8.1
      vertex 161.025 -36.625 8.1
      vertex 125.957 -5.95737 8.1
    endloop
  endfacet
  facet normal -0 0 1
    outer loop
      vertex 123.825 -7.50673 8.1
      vertex 161.025 -36.625 8.1
      vertex 124.952 -6.81597 8.1
    endloop
  endfacet
  facet normal -0 0 1
    outer loop
      vertex 122.603 -8.01265 8.1
      vertex 161.025 -36.625 8.1
      vertex 123.825 -7.50673 8.1
    endloop
  endfacet
  facet normal -0 0 1
    outer loop
      vertex 121.318 -8.32127 8.1
      vertex 161.025 -36.625 8.1
      vertex 122.603 -8.01265 8.1
    endloop
  endfacet
  facet normal -0 0 1
    outer loop
      vertex 120 -8.425 8.1
      vertex 161.025 -36.625 8.1
      vertex 121.318 -8.32127 8.1
    endloop
  endfacet
  facet normal 0 0 1
    outer loop
      vertex 78.975 -36.625 8.1
      vertex 120 -8.425 8.1
      vertex 118.682 -8.32127 8.1
    endloop
  endfacet
  facet normal 0 0 1
    outer loop
      vertex 78.975 -36.625 8.1
      vertex 118.682 -8.32127 8.1
      vertex 117.397 -8.01265 8.1
    endloop
  endfacet
  facet normal 0 0 1
    outer loop
      vertex 78.975 -36.625 8.1
      vertex 117.397 -8.01265 8.1
      vertex 116.175 -7.50673 8.1
    endloop
  endfacet
  facet normal 0 0 1
    outer loop
      vertex 78.975 -36.625 8.1
      vertex 116.175 -7.50673 8.1
      vertex 115.048 -6.81597 8.1
    endloop
  endfacet
  facet normal 0 0 1
    outer loop
      vertex 111.679 1.31796 8.1
      vertex 70.875 28.525 8.1
      vertex 111.575 0 8.1
    endloop
  endfacet
  facet normal 0 0 1
    outer loop
      vertex 70.875 -28.525 8.1
      vertex 111.575 0 8.1
      vertex 70.875 28.525 8.1
    endloop
  endfacet
  facet normal 0 0 1
    outer loop
      vertex 111.575 0 8.1
      vertex 70.875 -28.525 8.1
      vertex 111.679 -1.31796 8.1
    endloop
  endfacet
  facet normal 0 0 1
    outer loop
      vertex 111.679 -1.31796 8.1
      vertex 70.875 -28.525 8.1
      vertex 111.987 -2.60347 8.1
    endloop
  endfacet
  facet normal 0 0 1
    outer loop
      vertex 120 -8.425 8.1
      vertex 78.975 -36.625 8.1
      vertex 161.025 -36.625 8.1
    endloop
  endfacet
  facet normal 0 0 1
    outer loop
      vertex 114.043 -5.95737 8.1
      vertex 78.975 -36.625 8.1
      vertex 115.048 -6.81597 8.1
    endloop
  endfacet
  facet normal 0 0 1
    outer loop
      vertex 113.184 -4.95209 8.1
      vertex 78.975 -36.625 8.1
      vertex 114.043 -5.95737 8.1
    endloop
  endfacet
  facet normal 0 0 1
    outer loop
      vertex 111.987 -2.60347 8.1
      vertex 70.875 -28.525 8.1
      vertex 112.493 -3.82487 8.1
    endloop
  endfacet
  facet normal 0 0 1
    outer loop
      vertex 70.875 28.525 8.1
      vertex 78.975 36.625 8.1
      vertex 77.7079 36.5253 8.1
    endloop
  endfacet
  facet normal 0 -0 1
    outer loop
      vertex 78.975 -36.625 8.1
      vertex 112.493 -3.82487 8.1
      vertex 70.875 -28.525 8.1
    endloop
  endfacet
  facet normal 0 0 1
    outer loop
      vertex 70.875 28.525 8.1
      vertex 77.7079 36.5253 8.1
      vertex 76.472 36.2286 8.1
    endloop
  endfacet
  facet normal 0 0 1
    outer loop
      vertex 112.493 -3.82487 8.1
      vertex 78.975 -36.625 8.1
      vertex 113.184 -4.95209 8.1
    endloop
  endfacet
  facet normal 0 0 1
    outer loop
      vertex 70.875 28.525 8.1
      vertex 76.472 36.2286 8.1
      vertex 75.2977 35.7422 8.1
    endloop
  endfacet
  facet normal 0 0 1
    outer loop
      vertex 78.975 -36.625 8.1
      vertex 70.875 -28.525 8.1
      vertex 77.7079 -36.5253 8.1
    endloop
  endfacet
  facet normal 0 0 1
    outer loop
      vertex 70.875 28.525 8.1
      vertex 75.2977 35.7422 8.1
      vertex 74.2139 35.078 8.1
    endloop
  endfacet
  facet normal 0 0 1
    outer loop
      vertex 77.7079 -36.5253 8.1
      vertex 70.875 -28.525 8.1
      vertex 76.472 -36.2286 8.1
    endloop
  endfacet
  facet normal 0 0 1
    outer loop
      vertex 70.875 28.525 8.1
      vertex 74.2139 35.078 8.1
      vertex 73.2474 34.2526 8.1
    endloop
  endfacet
  facet normal 0 0 1
    outer loop
      vertex 76.472 -36.2286 8.1
      vertex 70.875 -28.525 8.1
      vertex 75.2977 -35.7422 8.1
    endloop
  endfacet
  facet normal 0 0 1
    outer loop
      vertex 70.875 28.525 8.1
      vertex 73.2474 34.2526 8.1
      vertex 72.422 33.2861 8.1
    endloop
  endfacet
  facet normal 0 0 1
    outer loop
      vertex 75.2977 -35.7422 8.1
      vertex 70.875 -28.525 8.1
      vertex 74.2139 -35.078 8.1
    endloop
  endfacet
  facet normal 0 0 1
    outer loop
      vertex 70.875 28.525 8.1
      vertex 72.422 33.2861 8.1
      vertex 71.7579 32.2023 8.1
    endloop
  endfacet
  facet normal 0 0 1
    outer loop
      vertex 74.2139 -35.078 8.1
      vertex 70.875 -28.525 8.1
      vertex 73.2474 -34.2526 8.1
    endloop
  endfacet
  facet normal 0 0 1
    outer loop
      vertex 70.875 28.525 8.1
      vertex 71.7579 32.2023 8.1
      vertex 71.2714 31.028 8.1
    endloop
  endfacet
  facet normal 0 0 1
    outer loop
      vertex 73.2474 -34.2526 8.1
      vertex 70.875 -28.525 8.1
      vertex 72.422 -33.2861 8.1
    endloop
  endfacet
  facet normal 0 0 1
    outer loop
      vertex 70.875 28.525 8.1
      vertex 71.2714 31.028 8.1
      vertex 70.9747 29.7921 8.1
    endloop
  endfacet
  facet normal 0 0 1
    outer loop
      vertex 72.422 -33.2861 8.1
      vertex 70.875 -28.525 8.1
      vertex 71.7579 -32.2023 8.1
    endloop
  endfacet
  facet normal 0 0 1
    outer loop
      vertex 71.7579 -32.2023 8.1
      vertex 70.875 -28.525 8.1
      vertex 71.2714 -31.028 8.1
    endloop
  endfacet
  facet normal 0 0 1
    outer loop
      vertex 71.2714 -31.028 8.1
      vertex 70.875 -28.525 8.1
      vertex 70.9747 -29.7921 8.1
    endloop
  endfacet
  facet normal -0.972372 0.233435 0
    outer loop
      vertex 70.0497 30.7171 8.1
      vertex 70.3464 31.953 11.1
      vertex 70.3464 31.953 8.1
    endloop
  endfacet
  facet normal -0.972372 0.233435 0
    outer loop
      vertex 70.3464 31.953 11.1
      vertex 70.0497 30.7171 8.1
      vertex 70.0497 30.7171 11.1
    endloop
  endfacet
  facet normal 1 -0 0
    outer loop
      vertex 170.05 -29.45 11.1
      vertex 170.05 29.45 8.1
      vertex 170.05 29.45 11.1
    endloop
  endfacet
  facet normal 1 0 0
    outer loop
      vertex 170.05 29.45 8.1
      vertex 170.05 -29.45 11.1
      vertex 170.05 -29.45 8.1
    endloop
  endfacet
  facet normal -0.522525 -0.852624 0
    outer loop
      vertex 73.2889 -36.003 8.1
      vertex 74.3727 -36.6672 11.1
      vertex 73.2889 -36.003 11.1
    endloop
  endfacet
  facet normal -0.522525 -0.852624 -0
    outer loop
      vertex 74.3727 -36.6672 11.1
      vertex 73.2889 -36.003 8.1
      vertex 74.3727 -36.6672 8.1
    endloop
  endfacet
  facet normal -0.0784412 -0.996919 0
    outer loop
      vertex 76.7829 -37.4503 8.1
      vertex 78.05 -37.55 11.1
      vertex 76.7829 -37.4503 11.1
    endloop
  endfacet
  facet normal -0.0784412 -0.996919 -0
    outer loop
      vertex 78.05 -37.55 11.1
      vertex 76.7829 -37.4503 8.1
      vertex 78.05 -37.55 8.1
    endloop
  endfacet
  facet normal -0.923883 -0.382676 0
    outer loop
      vertex 70.8328 -33.1273 8.1
      vertex 70.3464 -31.953 11.1
      vertex 70.3464 -31.953 8.1
    endloop
  endfacet
  facet normal -0.923883 -0.382676 0
    outer loop
      vertex 70.3464 -31.953 11.1
      vertex 70.8328 -33.1273 8.1
      vertex 70.8328 -33.1273 11.1
    endloop
  endfacet
  facet normal 0 1 -0
    outer loop
      vertex 161.95 37.55 8.1
      vertex 78.05 37.55 11.1
      vertex 161.95 37.55 11.1
    endloop
  endfacet
  facet normal 0 1 0
    outer loop
      vertex 78.05 37.55 11.1
      vertex 161.95 37.55 8.1
      vertex 78.05 37.55 8.1
    endloop
  endfacet
  facet normal -0.382676 0.923883 0
    outer loop
      vertex 75.547 37.1536 8.1
      vertex 74.3727 36.6672 11.1
      vertex 75.547 37.1536 11.1
    endloop
  endfacet
  facet normal -0.382676 0.923883 0
    outer loop
      vertex 74.3727 36.6672 11.1
      vertex 75.547 37.1536 8.1
      vertex 74.3727 36.6672 8.1
    endloop
  endfacet
  facet normal 0.923716 -0.383079 0
    outer loop
      vertex 169.167 -33.1273 11.1
      vertex 169.654 -31.953 8.1
      vertex 169.654 -31.953 11.1
    endloop
  endfacet
  facet normal 0.923716 -0.383079 0
    outer loop
      vertex 169.654 -31.953 8.1
      vertex 169.167 -33.1273 11.1
      vertex 169.167 -33.1273 8.1
    endloop
  endfacet
  facet normal 0.9969 -0.0786757 0
    outer loop
      vertex 169.95 -30.7171 11.1
      vertex 170.05 -29.45 8.1
      vertex 170.05 -29.45 11.1
    endloop
  endfacet
  facet normal 0.9969 -0.0786757 0
    outer loop
      vertex 170.05 -29.45 8.1
      vertex 169.95 -30.7171 11.1
      vertex 169.95 -30.7171 8.1
    endloop
  endfacet
  facet normal 0.233418 -0.972377 0
    outer loop
      vertex 163.217 -37.4503 8.1
      vertex 164.453 -37.1536 11.1
      vertex 163.217 -37.4503 11.1
    endloop
  endfacet
  facet normal 0.233418 -0.972377 0
    outer loop
      vertex 164.453 -37.1536 11.1
      vertex 163.217 -37.4503 8.1
      vertex 164.453 -37.1536 8.1
    endloop
  endfacet
  facet normal 0.0784473 -0.996918 0
    outer loop
      vertex 161.95 -37.55 8.1
      vertex 163.217 -37.4503 11.1
      vertex 161.95 -37.55 11.1
    endloop
  endfacet
  facet normal 0.0784473 -0.996918 0
    outer loop
      vertex 163.217 -37.4503 11.1
      vertex 161.95 -37.55 8.1
      vertex 163.217 -37.4503 8.1
    endloop
  endfacet
  facet normal 0.38276 -0.923848 0
    outer loop
      vertex 164.453 -37.1536 8.1
      vertex 165.627 -36.6672 11.1
      vertex 164.453 -37.1536 11.1
    endloop
  endfacet
  facet normal 0.38276 -0.923848 0
    outer loop
      vertex 165.627 -36.6672 11.1
      vertex 164.453 -37.1536 8.1
      vertex 165.627 -36.6672 8.1
    endloop
  endfacet
  facet normal -0.760433 -0.649417 0
    outer loop
      vertex 72.3224 -35.1776 8.1
      vertex 71.497 -34.2111 11.1
      vertex 71.497 -34.2111 8.1
    endloop
  endfacet
  facet normal -0.760433 -0.649417 0
    outer loop
      vertex 71.497 -34.2111 11.1
      vertex 72.3224 -35.1776 8.1
      vertex 72.3224 -35.1776 11.1
    endloop
  endfacet
  facet normal -0.972372 -0.233435 0
    outer loop
      vertex 70.3464 -31.953 8.1
      vertex 70.0497 -30.7171 11.1
      vertex 70.0497 -30.7171 8.1
    endloop
  endfacet
  facet normal -0.972372 -0.233435 0
    outer loop
      vertex 70.0497 -30.7171 11.1
      vertex 70.3464 -31.953 8.1
      vertex 70.3464 -31.953 11.1
    endloop
  endfacet
  facet normal -0.996919 -0.0784412 0
    outer loop
      vertex 70.0497 -30.7171 8.1
      vertex 69.95 -29.45 11.1
      vertex 69.95 -29.45 8.1
    endloop
  endfacet
  facet normal -0.996919 -0.0784412 0
    outer loop
      vertex 69.95 -29.45 11.1
      vertex 70.0497 -30.7171 8.1
      vertex 70.0497 -30.7171 11.1
    endloop
  endfacet
  facet normal -0.996919 0.0784412 0
    outer loop
      vertex 69.95 29.45 8.1
      vertex 70.0497 30.7171 11.1
      vertex 70.0497 30.7171 8.1
    endloop
  endfacet
  facet normal -0.996919 0.0784412 0
    outer loop
      vertex 70.0497 30.7171 11.1
      vertex 69.95 29.45 8.1
      vertex 69.95 29.45 11.1
    endloop
  endfacet
  facet normal -0.233435 0.972372 0
    outer loop
      vertex 76.7829 37.4503 8.1
      vertex 75.547 37.1536 11.1
      vertex 76.7829 37.4503 11.1
    endloop
  endfacet
  facet normal -0.233435 0.972372 0
    outer loop
      vertex 75.547 37.1536 11.1
      vertex 76.7829 37.4503 8.1
      vertex 75.547 37.1536 8.1
    endloop
  endfacet
  facet normal -0.0784412 0.996919 0
    outer loop
      vertex 78.05 37.55 8.1
      vertex 76.7829 37.4503 11.1
      vertex 78.05 37.55 11.1
    endloop
  endfacet
  facet normal -0.0784412 0.996919 0
    outer loop
      vertex 76.7829 37.4503 11.1
      vertex 78.05 37.55 8.1
      vertex 76.7829 37.4503 8.1
    endloop
  endfacet
  facet normal 0.972497 -0.232915 0
    outer loop
      vertex 169.654 -31.953 11.1
      vertex 169.95 -30.7171 8.1
      vertex 169.95 -30.7171 11.1
    endloop
  endfacet
  facet normal 0.972497 -0.232915 0
    outer loop
      vertex 169.95 -30.7171 8.1
      vertex 169.654 -31.953 11.1
      vertex 169.654 -31.953 8.1
    endloop
  endfacet
  facet normal 0.852694 -0.522411 0
    outer loop
      vertex 168.503 -34.2111 11.1
      vertex 169.167 -33.1273 8.1
      vertex 169.167 -33.1273 11.1
    endloop
  endfacet
  facet normal 0.852694 -0.522411 0
    outer loop
      vertex 169.167 -33.1273 8.1
      vertex 168.503 -34.2111 11.1
      vertex 168.503 -34.2111 8.1
    endloop
  endfacet
  facet normal 0.649222 -0.760599 0
    outer loop
      vertex 166.711 -36.003 8.1
      vertex 167.678 -35.1776 11.1
      vertex 166.711 -36.003 11.1
    endloop
  endfacet
  facet normal 0.649222 -0.760599 0
    outer loop
      vertex 167.678 -35.1776 11.1
      vertex 166.711 -36.003 8.1
      vertex 167.678 -35.1776 8.1
    endloop
  endfacet
  facet normal 0.522455 -0.852667 0
    outer loop
      vertex 165.627 -36.6672 8.1
      vertex 166.711 -36.003 11.1
      vertex 165.627 -36.6672 11.1
    endloop
  endfacet
  facet normal 0.522455 -0.852667 0
    outer loop
      vertex 166.711 -36.003 11.1
      vertex 165.627 -36.6672 8.1
      vertex 166.711 -36.003 8.1
    endloop
  endfacet
  facet normal -0.382676 -0.923883 0
    outer loop
      vertex 74.3727 -36.6672 8.1
      vertex 75.547 -37.1536 11.1
      vertex 74.3727 -36.6672 11.1
    endloop
  endfacet
  facet normal -0.382676 -0.923883 -0
    outer loop
      vertex 75.547 -37.1536 11.1
      vertex 74.3727 -36.6672 8.1
      vertex 75.547 -37.1536 8.1
    endloop
  endfacet
  facet normal -0.852624 -0.522525 0
    outer loop
      vertex 71.497 -34.2111 8.1
      vertex 70.8328 -33.1273 11.1
      vertex 70.8328 -33.1273 8.1
    endloop
  endfacet
  facet normal -0.852624 -0.522525 0
    outer loop
      vertex 70.8328 -33.1273 11.1
      vertex 71.497 -34.2111 8.1
      vertex 71.497 -34.2111 11.1
    endloop
  endfacet
  facet normal -0.923883 0.382676 0
    outer loop
      vertex 70.3464 31.953 8.1
      vertex 70.8328 33.1273 11.1
      vertex 70.8328 33.1273 8.1
    endloop
  endfacet
  facet normal -0.923883 0.382676 0
    outer loop
      vertex 70.8328 33.1273 11.1
      vertex 70.3464 31.953 8.1
      vertex 70.3464 31.953 11.1
    endloop
  endfacet
  facet normal -0.649417 0.760433 0
    outer loop
      vertex 73.2889 36.003 8.1
      vertex 72.3224 35.1776 11.1
      vertex 73.2889 36.003 11.1
    endloop
  endfacet
  facet normal -0.649417 0.760433 0
    outer loop
      vertex 72.3224 35.1776 11.1
      vertex 73.2889 36.003 8.1
      vertex 72.3224 35.1776 8.1
    endloop
  endfacet
  facet normal -0.522525 0.852624 0
    outer loop
      vertex 74.3727 36.6672 8.1
      vertex 73.2889 36.003 11.1
      vertex 74.3727 36.6672 11.1
    endloop
  endfacet
  facet normal -0.522525 0.852624 0
    outer loop
      vertex 73.2889 36.003 11.1
      vertex 74.3727 36.6672 8.1
      vertex 73.2889 36.003 8.1
    endloop
  endfacet
  facet normal 0.38276 0.923848 -0
    outer loop
      vertex 165.627 36.6672 8.1
      vertex 164.453 37.1536 11.1
      vertex 165.627 36.6672 11.1
    endloop
  endfacet
  facet normal 0.38276 0.923848 0
    outer loop
      vertex 164.453 37.1536 11.1
      vertex 165.627 36.6672 8.1
      vertex 164.453 37.1536 8.1
    endloop
  endfacet
  facet normal 0.233418 0.972377 -0
    outer loop
      vertex 164.453 37.1536 8.1
      vertex 163.217 37.4503 11.1
      vertex 164.453 37.1536 11.1
    endloop
  endfacet
  facet normal 0.233418 0.972377 0
    outer loop
      vertex 163.217 37.4503 11.1
      vertex 164.453 37.1536 8.1
      vertex 163.217 37.4503 8.1
    endloop
  endfacet
  facet normal 0.0784473 0.996918 -0
    outer loop
      vertex 163.217 37.4503 8.1
      vertex 161.95 37.55 11.1
      vertex 163.217 37.4503 11.1
    endloop
  endfacet
  facet normal 0.0784473 0.996918 0
    outer loop
      vertex 161.95 37.55 11.1
      vertex 163.217 37.4503 8.1
      vertex 161.95 37.55 8.1
    endloop
  endfacet
  facet normal 0.649222 0.760599 -0
    outer loop
      vertex 167.678 35.1776 8.1
      vertex 166.711 36.003 11.1
      vertex 167.678 35.1776 11.1
    endloop
  endfacet
  facet normal 0.649222 0.760599 0
    outer loop
      vertex 166.711 36.003 11.1
      vertex 167.678 35.1776 8.1
      vertex 166.711 36.003 8.1
    endloop
  endfacet
  facet normal 0.760588 0.649235 0
    outer loop
      vertex 168.503 34.2111 11.1
      vertex 167.678 35.1776 8.1
      vertex 167.678 35.1776 11.1
    endloop
  endfacet
  facet normal 0.760588 0.649235 0
    outer loop
      vertex 167.678 35.1776 8.1
      vertex 168.503 34.2111 11.1
      vertex 168.503 34.2111 8.1
    endloop
  endfacet
  facet normal 0.972497 0.232915 0
    outer loop
      vertex 169.95 30.7171 11.1
      vertex 169.654 31.953 8.1
      vertex 169.654 31.953 11.1
    endloop
  endfacet
  facet normal 0.972497 0.232915 0
    outer loop
      vertex 169.654 31.953 8.1
      vertex 169.95 30.7171 11.1
      vertex 169.95 30.7171 8.1
    endloop
  endfacet
  facet normal 0.760588 -0.649235 0
    outer loop
      vertex 167.678 -35.1776 11.1
      vertex 168.503 -34.2111 8.1
      vertex 168.503 -34.2111 11.1
    endloop
  endfacet
  facet normal 0.760588 -0.649235 0
    outer loop
      vertex 168.503 -34.2111 8.1
      vertex 167.678 -35.1776 11.1
      vertex 167.678 -35.1776 8.1
    endloop
  endfacet
  facet normal 0.522455 0.852667 -0
    outer loop
      vertex 166.711 36.003 8.1
      vertex 165.627 36.6672 11.1
      vertex 166.711 36.003 11.1
    endloop
  endfacet
  facet normal 0.522455 0.852667 0
    outer loop
      vertex 165.627 36.6672 11.1
      vertex 166.711 36.003 8.1
      vertex 165.627 36.6672 8.1
    endloop
  endfacet
  facet normal 0.852694 0.522411 0
    outer loop
      vertex 169.167 33.1273 11.1
      vertex 168.503 34.2111 8.1
      vertex 168.503 34.2111 11.1
    endloop
  endfacet
  facet normal 0.852694 0.522411 0
    outer loop
      vertex 168.503 34.2111 8.1
      vertex 169.167 33.1273 11.1
      vertex 169.167 33.1273 8.1
    endloop
  endfacet
  facet normal -0.852624 0.522525 0
    outer loop
      vertex 70.8328 33.1273 8.1
      vertex 71.497 34.2111 11.1
      vertex 71.497 34.2111 8.1
    endloop
  endfacet
  facet normal -0.852624 0.522525 0
    outer loop
      vertex 71.497 34.2111 11.1
      vertex 70.8328 33.1273 8.1
      vertex 70.8328 33.1273 11.1
    endloop
  endfacet
  facet normal -0.760433 0.649417 0
    outer loop
      vertex 71.497 34.2111 8.1
      vertex 72.3224 35.1776 11.1
      vertex 72.3224 35.1776 8.1
    endloop
  endfacet
  facet normal -0.760433 0.649417 0
    outer loop
      vertex 72.3224 35.1776 11.1
      vertex 71.497 34.2111 8.1
      vertex 71.497 34.2111 11.1
    endloop
  endfacet
  facet normal 0.923716 0.383079 0
    outer loop
      vertex 169.654 31.953 11.1
      vertex 169.167 33.1273 8.1
      vertex 169.167 33.1273 11.1
    endloop
  endfacet
  facet normal 0.923716 0.383079 0
    outer loop
      vertex 169.167 33.1273 8.1
      vertex 169.654 31.953 11.1
      vertex 169.654 31.953 8.1
    endloop
  endfacet
  facet normal -0.9969 -0.0786757 0
    outer loop
      vertex 169.125 28.525 8.1
      vertex 169.025 29.7921 11.1
      vertex 169.025 29.7921 8.1
    endloop
  endfacet
  facet normal -0.9969 -0.0786757 0
    outer loop
      vertex 169.025 29.7921 11.1
      vertex 169.125 28.525 8.1
      vertex 169.125 28.525 11.1
    endloop
  endfacet
  facet normal 0 1 -0
    outer loop
      vertex 161.025 -36.625 8.1
      vertex 78.975 -36.625 11.1
      vertex 161.025 -36.625 11.1
    endloop
  endfacet
  facet normal 0 1 0
    outer loop
      vertex 78.975 -36.625 11.1
      vertex 161.025 -36.625 8.1
      vertex 78.975 -36.625 8.1
    endloop
  endfacet
  facet normal 1 -0 0
    outer loop
      vertex 70.875 -28.525 11.1
      vertex 70.875 28.525 8.1
      vertex 70.875 28.525 11.1
    endloop
  endfacet
  facet normal 1 0 0
    outer loop
      vertex 70.875 28.525 8.1
      vertex 70.875 -28.525 11.1
      vertex 70.875 -28.525 8.1
    endloop
  endfacet
  facet normal 0.649417 0.760433 -0
    outer loop
      vertex 74.2139 -35.078 8.1
      vertex 73.2474 -34.2526 11.1
      vertex 74.2139 -35.078 11.1
    endloop
  endfacet
  facet normal 0.649417 0.760433 0
    outer loop
      vertex 73.2474 -34.2526 11.1
      vertex 74.2139 -35.078 8.1
      vertex 73.2474 -34.2526 8.1
    endloop
  endfacet
  facet normal 0.233435 0.972372 -0
    outer loop
      vertex 77.7079 -36.5253 8.1
      vertex 76.472 -36.2286 11.1
      vertex 77.7079 -36.5253 11.1
    endloop
  endfacet
  facet normal 0.233435 0.972372 0
    outer loop
      vertex 76.472 -36.2286 11.1
      vertex 77.7079 -36.5253 8.1
      vertex 76.472 -36.2286 8.1
    endloop
  endfacet
  facet normal -0.9969 0.0786757 0
    outer loop
      vertex 169.025 -29.7921 8.1
      vertex 169.125 -28.525 11.1
      vertex 169.125 -28.525 8.1
    endloop
  endfacet
  facet normal -0.9969 0.0786757 0
    outer loop
      vertex 169.125 -28.525 11.1
      vertex 169.025 -29.7921 8.1
      vertex 169.025 -29.7921 11.1
    endloop
  endfacet
  facet normal -1 0 0
    outer loop
      vertex 169.125 -28.525 8.1
      vertex 169.125 28.525 11.1
      vertex 169.125 28.525 8.1
    endloop
  endfacet
  facet normal -1 -0 0
    outer loop
      vertex 169.125 28.525 11.1
      vertex 169.125 -28.525 8.1
      vertex 169.125 -28.525 11.1
    endloop
  endfacet
  facet normal 0.0784412 0.996919 -0
    outer loop
      vertex 78.975 -36.625 8.1
      vertex 77.7079 -36.5253 11.1
      vertex 78.975 -36.625 11.1
    endloop
  endfacet
  facet normal 0.0784412 0.996919 0
    outer loop
      vertex 77.7079 -36.5253 11.1
      vertex 78.975 -36.625 8.1
      vertex 77.7079 -36.5253 8.1
    endloop
  endfacet
  facet normal 0.923855 0.382743 0
    outer loop
      vertex 71.7579 -32.2023 11.1
      vertex 71.2714 -31.028 8.1
      vertex 71.2714 -31.028 11.1
    endloop
  endfacet
  facet normal 0.923855 0.382743 0
    outer loop
      vertex 71.2714 -31.028 8.1
      vertex 71.7579 -32.2023 11.1
      vertex 71.7579 -32.2023 8.1
    endloop
  endfacet
  facet normal 0.760433 0.649417 0
    outer loop
      vertex 73.2474 -34.2526 11.1
      vertex 72.422 -33.2861 8.1
      vertex 72.422 -33.2861 11.1
    endloop
  endfacet
  facet normal 0.760433 0.649417 0
    outer loop
      vertex 72.422 -33.2861 8.1
      vertex 73.2474 -34.2526 11.1
      vertex 73.2474 -34.2526 8.1
    endloop
  endfacet
  facet normal 0.760433 -0.649417 0
    outer loop
      vertex 72.422 33.2861 11.1
      vertex 73.2474 34.2526 8.1
      vertex 73.2474 34.2526 11.1
    endloop
  endfacet
  facet normal 0.760433 -0.649417 0
    outer loop
      vertex 73.2474 34.2526 8.1
      vertex 72.422 33.2861 11.1
      vertex 72.422 33.2861 8.1
    endloop
  endfacet
  facet normal 0 -1 0
    outer loop
      vertex 78.975 36.625 8.1
      vertex 161.025 36.625 11.1
      vertex 78.975 36.625 11.1
    endloop
  endfacet
  facet normal 0 -1 -0
    outer loop
      vertex 161.025 36.625 11.1
      vertex 78.975 36.625 8.1
      vertex 161.025 36.625 8.1
    endloop
  endfacet
  facet normal 0.382676 -0.923883 0
    outer loop
      vertex 75.2977 35.7422 8.1
      vertex 76.472 36.2286 11.1
      vertex 75.2977 35.7422 11.1
    endloop
  endfacet
  facet normal 0.382676 -0.923883 0
    outer loop
      vertex 76.472 36.2286 11.1
      vertex 75.2977 35.7422 8.1
      vertex 76.472 36.2286 8.1
    endloop
  endfacet
  facet normal -0.760588 -0.649235 0
    outer loop
      vertex 167.578 33.2861 8.1
      vertex 166.753 34.2526 11.1
      vertex 166.753 34.2526 8.1
    endloop
  endfacet
  facet normal -0.760588 -0.649235 0
    outer loop
      vertex 166.753 34.2526 11.1
      vertex 167.578 33.2861 8.1
      vertex 167.578 33.2861 11.1
    endloop
  endfacet
  facet normal -0.923716 0.383079 0
    outer loop
      vertex 168.242 -32.2023 8.1
      vertex 168.729 -31.028 11.1
      vertex 168.729 -31.028 8.1
    endloop
  endfacet
  facet normal -0.923716 0.383079 0
    outer loop
      vertex 168.729 -31.028 11.1
      vertex 168.242 -32.2023 8.1
      vertex 168.242 -32.2023 11.1
    endloop
  endfacet
  facet normal -0.0784473 0.996918 0
    outer loop
      vertex 162.292 -36.5253 8.1
      vertex 161.025 -36.625 11.1
      vertex 162.292 -36.5253 11.1
    endloop
  endfacet
  facet normal -0.0784473 0.996918 0
    outer loop
      vertex 161.025 -36.625 11.1
      vertex 162.292 -36.5253 8.1
      vertex 161.025 -36.625 8.1
    endloop
  endfacet
  facet normal -0.38276 0.923848 0
    outer loop
      vertex 164.702 -35.7422 8.1
      vertex 163.528 -36.2286 11.1
      vertex 164.702 -35.7422 11.1
    endloop
  endfacet
  facet normal -0.38276 0.923848 0
    outer loop
      vertex 163.528 -36.2286 11.1
      vertex 164.702 -35.7422 8.1
      vertex 163.528 -36.2286 8.1
    endloop
  endfacet
  facet normal 0.382676 0.923883 -0
    outer loop
      vertex 76.472 -36.2286 8.1
      vertex 75.2977 -35.7422 11.1
      vertex 76.472 -36.2286 11.1
    endloop
  endfacet
  facet normal 0.382676 0.923883 0
    outer loop
      vertex 75.2977 -35.7422 11.1
      vertex 76.472 -36.2286 8.1
      vertex 75.2977 -35.7422 8.1
    endloop
  endfacet
  facet normal 0.522525 0.852624 -0
    outer loop
      vertex 75.2977 -35.7422 8.1
      vertex 74.2139 -35.078 11.1
      vertex 75.2977 -35.7422 11.1
    endloop
  endfacet
  facet normal 0.522525 0.852624 0
    outer loop
      vertex 74.2139 -35.078 11.1
      vertex 75.2977 -35.7422 8.1
      vertex 74.2139 -35.078 8.1
    endloop
  endfacet
  facet normal 0.972372 0.233435 0
    outer loop
      vertex 71.2714 -31.028 11.1
      vertex 70.9747 -29.7921 8.1
      vertex 70.9747 -29.7921 11.1
    endloop
  endfacet
  facet normal 0.972372 0.233435 0
    outer loop
      vertex 70.9747 -29.7921 8.1
      vertex 71.2714 -31.028 11.1
      vertex 71.2714 -31.028 8.1
    endloop
  endfacet
  facet normal 0.996919 0.0784412 0
    outer loop
      vertex 70.9747 -29.7921 11.1
      vertex 70.875 -28.525 8.1
      vertex 70.875 -28.525 11.1
    endloop
  endfacet
  facet normal 0.996919 0.0784412 0
    outer loop
      vertex 70.875 -28.525 8.1
      vertex 70.9747 -29.7921 11.1
      vertex 70.9747 -29.7921 8.1
    endloop
  endfacet
  facet normal 0.996919 -0.0784412 0
    outer loop
      vertex 70.875 28.525 11.1
      vertex 70.9747 29.7921 8.1
      vertex 70.9747 29.7921 11.1
    endloop
  endfacet
  facet normal 0.996919 -0.0784412 0
    outer loop
      vertex 70.9747 29.7921 8.1
      vertex 70.875 28.525 11.1
      vertex 70.875 28.525 8.1
    endloop
  endfacet
  facet normal -0.972497 0.232915 0
    outer loop
      vertex 168.729 -31.028 8.1
      vertex 169.025 -29.7921 11.1
      vertex 169.025 -29.7921 8.1
    endloop
  endfacet
  facet normal -0.972497 0.232915 0
    outer loop
      vertex 169.025 -29.7921 11.1
      vertex 168.729 -31.028 8.1
      vertex 168.729 -31.028 11.1
    endloop
  endfacet
  facet normal -0.852694 0.522411 0
    outer loop
      vertex 167.578 -33.2861 8.1
      vertex 168.242 -32.2023 11.1
      vertex 168.242 -32.2023 8.1
    endloop
  endfacet
  facet normal -0.852694 0.522411 0
    outer loop
      vertex 168.242 -32.2023 11.1
      vertex 167.578 -33.2861 8.1
      vertex 167.578 -33.2861 11.1
    endloop
  endfacet
  facet normal -0.649222 0.760599 0
    outer loop
      vertex 166.753 -34.2526 8.1
      vertex 165.786 -35.078 11.1
      vertex 166.753 -34.2526 11.1
    endloop
  endfacet
  facet normal -0.649222 0.760599 0
    outer loop
      vertex 165.786 -35.078 11.1
      vertex 166.753 -34.2526 8.1
      vertex 165.786 -35.078 8.1
    endloop
  endfacet
  facet normal -0.233418 0.972377 0
    outer loop
      vertex 163.528 -36.2286 8.1
      vertex 162.292 -36.5253 11.1
      vertex 163.528 -36.2286 11.1
    endloop
  endfacet
  facet normal -0.233418 0.972377 0
    outer loop
      vertex 162.292 -36.5253 11.1
      vertex 163.528 -36.2286 8.1
      vertex 162.292 -36.5253 8.1
    endloop
  endfacet
  facet normal -0.522455 0.852667 0
    outer loop
      vertex 165.786 -35.078 8.1
      vertex 164.702 -35.7422 11.1
      vertex 165.786 -35.078 11.1
    endloop
  endfacet
  facet normal -0.522455 0.852667 0
    outer loop
      vertex 164.702 -35.7422 11.1
      vertex 165.786 -35.078 8.1
      vertex 164.702 -35.7422 8.1
    endloop
  endfacet
  facet normal 0.852659 0.522468 0
    outer loop
      vertex 72.422 -33.2861 11.1
      vertex 71.7579 -32.2023 8.1
      vertex 71.7579 -32.2023 11.1
    endloop
  endfacet
  facet normal 0.852659 0.522468 0
    outer loop
      vertex 71.7579 -32.2023 8.1
      vertex 72.422 -33.2861 11.1
      vertex 72.422 -33.2861 8.1
    endloop
  endfacet
  facet normal 0.923855 -0.382743 0
    outer loop
      vertex 71.2714 31.028 11.1
      vertex 71.7579 32.2023 8.1
      vertex 71.7579 32.2023 11.1
    endloop
  endfacet
  facet normal 0.923855 -0.382743 0
    outer loop
      vertex 71.7579 32.2023 8.1
      vertex 71.2714 31.028 11.1
      vertex 71.2714 31.028 8.1
    endloop
  endfacet
  facet normal 0.649417 -0.760433 0
    outer loop
      vertex 73.2474 34.2526 8.1
      vertex 74.2139 35.078 11.1
      vertex 73.2474 34.2526 11.1
    endloop
  endfacet
  facet normal 0.649417 -0.760433 0
    outer loop
      vertex 74.2139 35.078 11.1
      vertex 73.2474 34.2526 8.1
      vertex 74.2139 35.078 8.1
    endloop
  endfacet
  facet normal 0.522525 -0.852624 0
    outer loop
      vertex 74.2139 35.078 8.1
      vertex 75.2977 35.7422 11.1
      vertex 74.2139 35.078 11.1
    endloop
  endfacet
  facet normal 0.522525 -0.852624 0
    outer loop
      vertex 75.2977 35.7422 11.1
      vertex 74.2139 35.078 8.1
      vertex 75.2977 35.7422 8.1
    endloop
  endfacet
  facet normal 0.233435 -0.972372 0
    outer loop
      vertex 76.472 36.2286 8.1
      vertex 77.7079 36.5253 11.1
      vertex 76.472 36.2286 11.1
    endloop
  endfacet
  facet normal 0.233435 -0.972372 0
    outer loop
      vertex 77.7079 36.5253 11.1
      vertex 76.472 36.2286 8.1
      vertex 77.7079 36.5253 8.1
    endloop
  endfacet
  facet normal 0.0784412 -0.996919 0
    outer loop
      vertex 77.7079 36.5253 8.1
      vertex 78.975 36.625 11.1
      vertex 77.7079 36.5253 11.1
    endloop
  endfacet
  facet normal 0.0784412 -0.996919 0
    outer loop
      vertex 78.975 36.625 11.1
      vertex 77.7079 36.5253 8.1
      vertex 78.975 36.625 8.1
    endloop
  endfacet
  facet normal -0.233418 -0.972377 0
    outer loop
      vertex 162.292 36.5253 8.1
      vertex 163.528 36.2286 11.1
      vertex 162.292 36.5253 11.1
    endloop
  endfacet
  facet normal -0.233418 -0.972377 -0
    outer loop
      vertex 163.528 36.2286 11.1
      vertex 162.292 36.5253 8.1
      vertex 163.528 36.2286 8.1
    endloop
  endfacet
  facet normal -0.0784473 -0.996918 0
    outer loop
      vertex 161.025 36.625 8.1
      vertex 162.292 36.5253 11.1
      vertex 161.025 36.625 11.1
    endloop
  endfacet
  facet normal -0.0784473 -0.996918 -0
    outer loop
      vertex 162.292 36.5253 11.1
      vertex 161.025 36.625 8.1
      vertex 162.292 36.5253 8.1
    endloop
  endfacet
  facet normal -0.649222 -0.760599 0
    outer loop
      vertex 165.786 35.078 8.1
      vertex 166.753 34.2526 11.1
      vertex 165.786 35.078 11.1
    endloop
  endfacet
  facet normal -0.649222 -0.760599 -0
    outer loop
      vertex 166.753 34.2526 11.1
      vertex 165.786 35.078 8.1
      vertex 166.753 34.2526 8.1
    endloop
  endfacet
  facet normal -0.852694 -0.522411 0
    outer loop
      vertex 168.242 32.2023 8.1
      vertex 167.578 33.2861 11.1
      vertex 167.578 33.2861 8.1
    endloop
  endfacet
  facet normal -0.852694 -0.522411 0
    outer loop
      vertex 167.578 33.2861 11.1
      vertex 168.242 32.2023 8.1
      vertex 168.242 32.2023 11.1
    endloop
  endfacet
  facet normal -0.972497 -0.232915 0
    outer loop
      vertex 169.025 29.7921 8.1
      vertex 168.729 31.028 11.1
      vertex 168.729 31.028 8.1
    endloop
  endfacet
  facet normal -0.972497 -0.232915 0
    outer loop
      vertex 168.729 31.028 11.1
      vertex 169.025 29.7921 8.1
      vertex 169.025 29.7921 11.1
    endloop
  endfacet
  facet normal -0.760588 0.649235 0
    outer loop
      vertex 166.753 -34.2526 8.1
      vertex 167.578 -33.2861 11.1
      vertex 167.578 -33.2861 8.1
    endloop
  endfacet
  facet normal -0.760588 0.649235 0
    outer loop
      vertex 167.578 -33.2861 11.1
      vertex 166.753 -34.2526 8.1
      vertex 166.753 -34.2526 11.1
    endloop
  endfacet
  facet normal 0.972372 -0.233435 0
    outer loop
      vertex 70.9747 29.7921 11.1
      vertex 71.2714 31.028 8.1
      vertex 71.2714 31.028 11.1
    endloop
  endfacet
  facet normal 0.972372 -0.233435 0
    outer loop
      vertex 71.2714 31.028 8.1
      vertex 70.9747 29.7921 11.1
      vertex 70.9747 29.7921 8.1
    endloop
  endfacet
  facet normal -0.38276 -0.923848 0
    outer loop
      vertex 163.528 36.2286 8.1
      vertex 164.702 35.7422 11.1
      vertex 163.528 36.2286 11.1
    endloop
  endfacet
  facet normal -0.38276 -0.923848 -0
    outer loop
      vertex 164.702 35.7422 11.1
      vertex 163.528 36.2286 8.1
      vertex 164.702 35.7422 8.1
    endloop
  endfacet
  facet normal -0.522455 -0.852667 0
    outer loop
      vertex 164.702 35.7422 8.1
      vertex 165.786 35.078 11.1
      vertex 164.702 35.7422 11.1
    endloop
  endfacet
  facet normal -0.522455 -0.852667 -0
    outer loop
      vertex 165.786 35.078 11.1
      vertex 164.702 35.7422 8.1
      vertex 165.786 35.078 8.1
    endloop
  endfacet
  facet normal 0.852659 -0.522468 0
    outer loop
      vertex 71.7579 32.2023 11.1
      vertex 72.422 33.2861 8.1
      vertex 72.422 33.2861 11.1
    endloop
  endfacet
  facet normal 0.852659 -0.522468 0
    outer loop
      vertex 72.422 33.2861 8.1
      vertex 71.7579 32.2023 11.1
      vertex 71.7579 32.2023 8.1
    endloop
  endfacet
  facet normal -0.923716 -0.383079 0
    outer loop
      vertex 168.729 31.028 8.1
      vertex 168.242 32.2023 11.1
      vertex 168.242 32.2023 8.1
    endloop
  endfacet
  facet normal -0.923716 -0.383079 0
    outer loop
      vertex 168.242 32.2023 11.1
      vertex 168.729 31.028 8.1
      vertex 168.729 31.028 11.1
    endloop
  endfacet
  facet normal 0.996901 0.0786653 0
    outer loop
      vertex 128.425 0 11.1
      vertex 128.321 1.31796 8.1
      vertex 128.321 1.31796 11.1
    endloop
  endfacet
  facet normal 0.996901 0.0786653 0
    outer loop
      vertex 128.321 1.31796 8.1
      vertex 128.425 0 11.1
      vertex 128.425 0 8.1
    endloop
  endfacet
  facet normal -0.996901 0.0786653 0
    outer loop
      vertex 111.575 0 8.1
      vertex 111.679 1.31796 11.1
      vertex 111.679 1.31796 8.1
    endloop
  endfacet
  facet normal -0.996901 0.0786653 0
    outer loop
      vertex 111.679 1.31796 11.1
      vertex 111.575 0 8.1
      vertex 111.575 0 11.1
    endloop
  endfacet
  facet normal -0.07846 0.996917 0
    outer loop
      vertex 120 8.425 8.1
      vertex 118.682 8.32127 11.1
      vertex 120 8.425 11.1
    endloop
  endfacet
  facet normal -0.07846 0.996917 0
    outer loop
      vertex 118.682 8.32127 11.1
      vertex 120 8.425 8.1
      vertex 118.682 8.32127 8.1
    endloop
  endfacet
  facet normal 0.649557 0.760313 -0
    outer loop
      vertex 125.957 5.95737 8.1
      vertex 124.952 6.81597 11.1
      vertex 125.957 5.95737 11.1
    endloop
  endfacet
  facet normal 0.649557 0.760313 0
    outer loop
      vertex 124.952 6.81597 11.1
      vertex 125.957 5.95737 8.1
      vertex 124.952 6.81597 8.1
    endloop
  endfacet
  facet normal -0.649557 0.760313 0
    outer loop
      vertex 115.048 6.81597 8.1
      vertex 114.043 5.95737 11.1
      vertex 115.048 6.81597 11.1
    endloop
  endfacet
  facet normal -0.649557 0.760313 0
    outer loop
      vertex 114.043 5.95737 11.1
      vertex 115.048 6.81597 8.1
      vertex 114.043 5.95737 8.1
    endloop
  endfacet
  facet normal -0.382523 0.923946 0
    outer loop
      vertex 117.397 8.01265 8.1
      vertex 116.175 7.50673 11.1
      vertex 117.397 8.01265 11.1
    endloop
  endfacet
  facet normal -0.382523 0.923946 0
    outer loop
      vertex 116.175 7.50673 11.1
      vertex 117.397 8.01265 8.1
      vertex 116.175 7.50673 8.1
    endloop
  endfacet
  facet normal 0.85256 -0.52263 0
    outer loop
      vertex 126.816 -4.95209 11.1
      vertex 127.507 -3.82487 8.1
      vertex 127.507 -3.82487 11.1
    endloop
  endfacet
  facet normal 0.85256 -0.52263 0
    outer loop
      vertex 127.507 -3.82487 8.1
      vertex 126.816 -4.95209 11.1
      vertex 126.816 -4.95209 8.1
    endloop
  endfacet
  facet normal 0.85256 0.52263 0
    outer loop
      vertex 127.507 3.82487 11.1
      vertex 126.816 4.95209 8.1
      vertex 126.816 4.95209 11.1
    endloop
  endfacet
  facet normal 0.85256 0.52263 0
    outer loop
      vertex 126.816 4.95209 8.1
      vertex 127.507 3.82487 11.1
      vertex 127.507 3.82487 8.1
    endloop
  endfacet
  facet normal 0.972477 0.232999 0
    outer loop
      vertex 128.321 1.31796 11.1
      vertex 128.013 2.60347 8.1
      vertex 128.013 2.60347 11.1
    endloop
  endfacet
  facet normal 0.972477 0.232999 0
    outer loop
      vertex 128.013 2.60347 8.1
      vertex 128.321 1.31796 11.1
      vertex 128.321 1.31796 8.1
    endloop
  endfacet
  facet normal 0.760253 0.649627 0
    outer loop
      vertex 126.816 4.95209 11.1
      vertex 125.957 5.95737 8.1
      vertex 125.957 5.95737 11.1
    endloop
  endfacet
  facet normal 0.760253 0.649627 0
    outer loop
      vertex 125.957 5.95737 8.1
      vertex 126.816 4.95209 11.1
      vertex 126.816 4.95209 8.1
    endloop
  endfacet
  facet normal 0.23353 0.97235 -0
    outer loop
      vertex 122.603 8.01265 8.1
      vertex 121.318 8.32127 11.1
      vertex 122.603 8.01265 11.1
    endloop
  endfacet
  facet normal 0.23353 0.97235 0
    outer loop
      vertex 121.318 8.32127 11.1
      vertex 122.603 8.01265 8.1
      vertex 121.318 8.32127 8.1
    endloop
  endfacet
  facet normal 0.07846 0.996917 -0
    outer loop
      vertex 121.318 8.32127 8.1
      vertex 120 8.425 11.1
      vertex 121.318 8.32127 11.1
    endloop
  endfacet
  facet normal 0.07846 0.996917 0
    outer loop
      vertex 120 8.425 11.1
      vertex 121.318 8.32127 8.1
      vertex 120 8.425 8.1
    endloop
  endfacet
  facet normal 0.382523 0.923946 -0
    outer loop
      vertex 123.825 7.50673 8.1
      vertex 122.603 8.01265 11.1
      vertex 123.825 7.50673 11.1
    endloop
  endfacet
  facet normal 0.382523 0.923946 0
    outer loop
      vertex 122.603 8.01265 11.1
      vertex 123.825 7.50673 8.1
      vertex 122.603 8.01265 8.1
    endloop
  endfacet
  facet normal -0.85256 0.52263 0
    outer loop
      vertex 112.493 3.82487 8.1
      vertex 113.184 4.95209 11.1
      vertex 113.184 4.95209 8.1
    endloop
  endfacet
  facet normal -0.85256 0.52263 0
    outer loop
      vertex 113.184 4.95209 11.1
      vertex 112.493 3.82487 8.1
      vertex 112.493 3.82487 11.1
    endloop
  endfacet
  facet normal -0.760253 0.649627 0
    outer loop
      vertex 113.184 4.95209 8.1
      vertex 114.043 5.95737 11.1
      vertex 114.043 5.95737 8.1
    endloop
  endfacet
  facet normal -0.760253 0.649627 0
    outer loop
      vertex 114.043 5.95737 11.1
      vertex 113.184 4.95209 8.1
      vertex 113.184 4.95209 11.1
    endloop
  endfacet
  facet normal -0.972477 0.232999 0
    outer loop
      vertex 111.679 1.31796 8.1
      vertex 111.987 2.60347 11.1
      vertex 111.987 2.60347 8.1
    endloop
  endfacet
  facet normal -0.972477 0.232999 0
    outer loop
      vertex 111.987 2.60347 11.1
      vertex 111.679 1.31796 8.1
      vertex 111.679 1.31796 11.1
    endloop
  endfacet
  facet normal 0 0 1
    outer loop
      vertex 127.5 0 11.1
      vertex 128.425 0 11.1
      vertex 128.321 1.31796 11.1
    endloop
  endfacet
  facet normal 0 0 1
    outer loop
      vertex 127.408 1.17326 11.1
      vertex 128.321 1.31796 11.1
      vertex 128.013 2.60347 11.1
    endloop
  endfacet
  facet normal 0 0 1
    outer loop
      vertex 128.425 0 11.1
      vertex 127.5 0 11.1
      vertex 128.321 -1.31796 11.1
    endloop
  endfacet
  facet normal 0 0 1
    outer loop
      vertex 127.133 2.31763 11.1
      vertex 128.013 2.60347 11.1
      vertex 127.507 3.82487 11.1
    endloop
  endfacet
  facet normal -0 0 1
    outer loop
      vertex 127.408 -1.17326 11.1
      vertex 128.321 -1.31796 11.1
      vertex 127.5 0 11.1
    endloop
  endfacet
  facet normal 0 0 1
    outer loop
      vertex 128.321 -1.31796 11.1
      vertex 127.408 -1.17326 11.1
      vertex 128.013 -2.60347 11.1
    endloop
  endfacet
  facet normal 0 0 1
    outer loop
      vertex 128.321 1.31796 11.1
      vertex 127.408 1.17326 11.1
      vertex 127.5 0 11.1
    endloop
  endfacet
  facet normal 0 0 1
    outer loop
      vertex 128.013 2.60347 11.1
      vertex 127.133 2.31763 11.1
      vertex 127.408 1.17326 11.1
    endloop
  endfacet
  facet normal 0 0 1
    outer loop
      vertex 126.683 3.40493 11.1
      vertex 127.507 3.82487 11.1
      vertex 126.816 4.95209 11.1
    endloop
  endfacet
  facet normal 0 0 1
    outer loop
      vertex 127.507 3.82487 11.1
      vertex 126.683 3.40493 11.1
      vertex 127.133 2.31763 11.1
    endloop
  endfacet
  facet normal 0 0 1
    outer loop
      vertex 126.816 4.95209 11.1
      vertex 126.068 4.40839 11.1
      vertex 126.683 3.40493 11.1
    endloop
  endfacet
  facet normal 0 0 1
    outer loop
      vertex 125.957 5.95737 11.1
      vertex 126.068 4.40839 11.1
      vertex 126.816 4.95209 11.1
    endloop
  endfacet
  facet normal 0 0 1
    outer loop
      vertex 125.957 5.95737 11.1
      vertex 125.303 5.3033 11.1
      vertex 126.068 4.40839 11.1
    endloop
  endfacet
  facet normal 0 0 1
    outer loop
      vertex 124.952 6.81597 11.1
      vertex 125.303 5.3033 11.1
      vertex 125.957 5.95737 11.1
    endloop
  endfacet
  facet normal 0 0 1
    outer loop
      vertex 124.952 6.81597 11.1
      vertex 124.408 6.06763 11.1
      vertex 125.303 5.3033 11.1
    endloop
  endfacet
  facet normal 0 0 1
    outer loop
      vertex 123.825 7.50673 11.1
      vertex 124.408 6.06763 11.1
      vertex 124.952 6.81597 11.1
    endloop
  endfacet
  facet normal 0 0 1
    outer loop
      vertex 123.825 7.50673 11.1
      vertex 123.405 6.68255 11.1
      vertex 124.408 6.06763 11.1
    endloop
  endfacet
  facet normal 0 0 1
    outer loop
      vertex 122.603 8.01265 11.1
      vertex 123.405 6.68255 11.1
      vertex 123.825 7.50673 11.1
    endloop
  endfacet
  facet normal 0 0 1
    outer loop
      vertex 122.603 8.01265 11.1
      vertex 122.318 7.13292 11.1
      vertex 123.405 6.68255 11.1
    endloop
  endfacet
  facet normal 0 0 1
    outer loop
      vertex 121.318 8.32127 11.1
      vertex 122.318 7.13292 11.1
      vertex 122.603 8.01265 11.1
    endloop
  endfacet
  facet normal 0 0 1
    outer loop
      vertex 121.318 8.32127 11.1
      vertex 121.173 7.40766 11.1
      vertex 122.318 7.13292 11.1
    endloop
  endfacet
  facet normal 0 0 1
    outer loop
      vertex 120 8.425 11.1
      vertex 121.173 7.40766 11.1
      vertex 121.318 8.32127 11.1
    endloop
  endfacet
  facet normal 0 0 1
    outer loop
      vertex 120 8.425 11.1
      vertex 120 7.5 11.1
      vertex 121.173 7.40766 11.1
    endloop
  endfacet
  facet normal 0 0 1
    outer loop
      vertex 120 8.425 11.1
      vertex 118.827 7.40766 11.1
      vertex 120 7.5 11.1
    endloop
  endfacet
  facet normal -0 0 1
    outer loop
      vertex 118.682 8.32127 11.1
      vertex 118.827 7.40766 11.1
      vertex 120 8.425 11.1
    endloop
  endfacet
  facet normal 0 0 1
    outer loop
      vertex 118.682 8.32127 11.1
      vertex 117.682 7.13292 11.1
      vertex 118.827 7.40766 11.1
    endloop
  endfacet
  facet normal -0 0 1
    outer loop
      vertex 117.397 8.01265 11.1
      vertex 117.682 7.13292 11.1
      vertex 118.682 8.32127 11.1
    endloop
  endfacet
  facet normal 0 0 1
    outer loop
      vertex 117.397 8.01265 11.1
      vertex 116.595 6.68255 11.1
      vertex 117.682 7.13292 11.1
    endloop
  endfacet
  facet normal -0 0 1
    outer loop
      vertex 116.175 7.50673 11.1
      vertex 116.595 6.68255 11.1
      vertex 117.397 8.01265 11.1
    endloop
  endfacet
  facet normal 0 0 1
    outer loop
      vertex 116.175 7.50673 11.1
      vertex 115.592 6.06763 11.1
      vertex 116.595 6.68255 11.1
    endloop
  endfacet
  facet normal -0 0 1
    outer loop
      vertex 115.048 6.81597 11.1
      vertex 115.592 6.06763 11.1
      vertex 116.175 7.50673 11.1
    endloop
  endfacet
  facet normal 0 0 1
    outer loop
      vertex 115.048 6.81597 11.1
      vertex 114.697 5.3033 11.1
      vertex 115.592 6.06763 11.1
    endloop
  endfacet
  facet normal -0 0 1
    outer loop
      vertex 114.043 5.95737 11.1
      vertex 114.697 5.3033 11.1
      vertex 115.048 6.81597 11.1
    endloop
  endfacet
  facet normal 0 0 1
    outer loop
      vertex 114.043 5.95737 11.1
      vertex 113.932 4.40839 11.1
      vertex 114.697 5.3033 11.1
    endloop
  endfacet
  facet normal -0 0 1
    outer loop
      vertex 113.184 4.95209 11.1
      vertex 113.932 4.40839 11.1
      vertex 114.043 5.95737 11.1
    endloop
  endfacet
  facet normal 0 0 1
    outer loop
      vertex 113.932 4.40839 11.1
      vertex 113.184 4.95209 11.1
      vertex 113.317 3.40493 11.1
    endloop
  endfacet
  facet normal -0 0 1
    outer loop
      vertex 112.493 3.82487 11.1
      vertex 113.317 3.40493 11.1
      vertex 113.184 4.95209 11.1
    endloop
  endfacet
  facet normal 0 0 1
    outer loop
      vertex 113.317 3.40493 11.1
      vertex 112.493 3.82487 11.1
      vertex 112.867 2.31763 11.1
    endloop
  endfacet
  facet normal 0 0 1
    outer loop
      vertex 112.867 2.31763 11.1
      vertex 111.987 2.60347 11.1
      vertex 112.592 1.17326 11.1
    endloop
  endfacet
  facet normal -0 0 1
    outer loop
      vertex 111.987 2.60347 11.1
      vertex 112.867 2.31763 11.1
      vertex 112.493 3.82487 11.1
    endloop
  endfacet
  facet normal -0 0 1
    outer loop
      vertex 127.133 -2.31763 11.1
      vertex 128.013 -2.60347 11.1
      vertex 127.408 -1.17326 11.1
    endloop
  endfacet
  facet normal 0 0 1
    outer loop
      vertex 128.013 -2.60347 11.1
      vertex 127.133 -2.31763 11.1
      vertex 127.507 -3.82487 11.1
    endloop
  endfacet
  facet normal -0 0 1
    outer loop
      vertex 126.683 -3.40493 11.1
      vertex 127.507 -3.82487 11.1
      vertex 127.133 -2.31763 11.1
    endloop
  endfacet
  facet normal 0 0 1
    outer loop
      vertex 127.507 -3.82487 11.1
      vertex 126.683 -3.40493 11.1
      vertex 126.816 -4.95209 11.1
    endloop
  endfacet
  facet normal -0 0 1
    outer loop
      vertex 126.068 -4.40839 11.1
      vertex 126.816 -4.95209 11.1
      vertex 126.683 -3.40493 11.1
    endloop
  endfacet
  facet normal 0 0 1
    outer loop
      vertex 126.068 -4.40839 11.1
      vertex 125.957 -5.95737 11.1
      vertex 126.816 -4.95209 11.1
    endloop
  endfacet
  facet normal -0 0 1
    outer loop
      vertex 125.303 -5.3033 11.1
      vertex 125.957 -5.95737 11.1
      vertex 126.068 -4.40839 11.1
    endloop
  endfacet
  facet normal 0 0 1
    outer loop
      vertex 125.303 -5.3033 11.1
      vertex 124.952 -6.81597 11.1
      vertex 125.957 -5.95737 11.1
    endloop
  endfacet
  facet normal -0 0 1
    outer loop
      vertex 124.408 -6.06763 11.1
      vertex 124.952 -6.81597 11.1
      vertex 125.303 -5.3033 11.1
    endloop
  endfacet
  facet normal 0 0 1
    outer loop
      vertex 124.408 -6.06763 11.1
      vertex 123.825 -7.50673 11.1
      vertex 124.952 -6.81597 11.1
    endloop
  endfacet
  facet normal -0 0 1
    outer loop
      vertex 123.405 -6.68255 11.1
      vertex 123.825 -7.50673 11.1
      vertex 124.408 -6.06763 11.1
    endloop
  endfacet
  facet normal 0 0 1
    outer loop
      vertex 123.405 -6.68255 11.1
      vertex 122.603 -8.01265 11.1
      vertex 123.825 -7.50673 11.1
    endloop
  endfacet
  facet normal -0 0 1
    outer loop
      vertex 122.318 -7.13292 11.1
      vertex 122.603 -8.01265 11.1
      vertex 123.405 -6.68255 11.1
    endloop
  endfacet
  facet normal 0 0 1
    outer loop
      vertex 122.318 -7.13292 11.1
      vertex 121.318 -8.32127 11.1
      vertex 122.603 -8.01265 11.1
    endloop
  endfacet
  facet normal -0 0 1
    outer loop
      vertex 121.173 -7.40766 11.1
      vertex 121.318 -8.32127 11.1
      vertex 122.318 -7.13292 11.1
    endloop
  endfacet
  facet normal -0 0 1
    outer loop
      vertex 120 -7.5 11.1
      vertex 121.318 -8.32127 11.1
      vertex 121.173 -7.40766 11.1
    endloop
  endfacet
  facet normal 0 0 1
    outer loop
      vertex 120 -7.5 11.1
      vertex 120 -8.425 11.1
      vertex 121.318 -8.32127 11.1
    endloop
  endfacet
  facet normal 0 0 1
    outer loop
      vertex 118.827 -7.40766 11.1
      vertex 120 -8.425 11.1
      vertex 120 -7.5 11.1
    endloop
  endfacet
  facet normal 0 0 1
    outer loop
      vertex 118.827 -7.40766 11.1
      vertex 118.682 -8.32127 11.1
      vertex 120 -8.425 11.1
    endloop
  endfacet
  facet normal 0 0 1
    outer loop
      vertex 117.682 -7.13292 11.1
      vertex 118.682 -8.32127 11.1
      vertex 118.827 -7.40766 11.1
    endloop
  endfacet
  facet normal 0 0 1
    outer loop
      vertex 117.682 -7.13292 11.1
      vertex 117.397 -8.01265 11.1
      vertex 118.682 -8.32127 11.1
    endloop
  endfacet
  facet normal 0 0 1
    outer loop
      vertex 116.595 -6.68255 11.1
      vertex 117.397 -8.01265 11.1
      vertex 117.682 -7.13292 11.1
    endloop
  endfacet
  facet normal 0 0 1
    outer loop
      vertex 116.595 -6.68255 11.1
      vertex 116.175 -7.50673 11.1
      vertex 117.397 -8.01265 11.1
    endloop
  endfacet
  facet normal 0 0 1
    outer loop
      vertex 115.592 -6.06763 11.1
      vertex 116.175 -7.50673 11.1
      vertex 116.595 -6.68255 11.1
    endloop
  endfacet
  facet normal 0 0 1
    outer loop
      vertex 115.592 -6.06763 11.1
      vertex 115.048 -6.81597 11.1
      vertex 116.175 -7.50673 11.1
    endloop
  endfacet
  facet normal 0 0 1
    outer loop
      vertex 114.697 -5.3033 11.1
      vertex 115.048 -6.81597 11.1
      vertex 115.592 -6.06763 11.1
    endloop
  endfacet
  facet normal 0 0 1
    outer loop
      vertex 114.697 -5.3033 11.1
      vertex 114.043 -5.95737 11.1
      vertex 115.048 -6.81597 11.1
    endloop
  endfacet
  facet normal 0 0 1
    outer loop
      vertex 113.932 -4.40839 11.1
      vertex 114.043 -5.95737 11.1
      vertex 114.697 -5.3033 11.1
    endloop
  endfacet
  facet normal 0 0 1
    outer loop
      vertex 113.184 -4.95209 11.1
      vertex 113.932 -4.40839 11.1
      vertex 113.317 -3.40493 11.1
    endloop
  endfacet
  facet normal 0 0 1
    outer loop
      vertex 113.932 -4.40839 11.1
      vertex 113.184 -4.95209 11.1
      vertex 114.043 -5.95737 11.1
    endloop
  endfacet
  facet normal 0 0 1
    outer loop
      vertex 112.493 -3.82487 11.1
      vertex 113.317 -3.40493 11.1
      vertex 112.867 -2.31763 11.1
    endloop
  endfacet
  facet normal 0 0 1
    outer loop
      vertex 111.987 -2.60347 11.1
      vertex 112.867 -2.31763 11.1
      vertex 112.592 -1.17326 11.1
    endloop
  endfacet
  facet normal 0 0 1
    outer loop
      vertex 113.317 -3.40493 11.1
      vertex 112.493 -3.82487 11.1
      vertex 113.184 -4.95209 11.1
    endloop
  endfacet
  facet normal 0 0 1
    outer loop
      vertex 111.679 -1.31796 11.1
      vertex 112.592 -1.17326 11.1
      vertex 112.5 0 11.1
    endloop
  endfacet
  facet normal -0 0 1
    outer loop
      vertex 111.679 1.31796 11.1
      vertex 112.592 1.17326 11.1
      vertex 111.987 2.60347 11.1
    endloop
  endfacet
  facet normal 0 0 1
    outer loop
      vertex 112.592 1.17326 11.1
      vertex 111.679 1.31796 11.1
      vertex 112.5 0 11.1
    endloop
  endfacet
  facet normal 0 0 1
    outer loop
      vertex 112.867 -2.31763 11.1
      vertex 111.987 -2.60347 11.1
      vertex 112.493 -3.82487 11.1
    endloop
  endfacet
  facet normal 0 0 1
    outer loop
      vertex 111.575 0 11.1
      vertex 112.5 0 11.1
      vertex 111.679 1.31796 11.1
    endloop
  endfacet
  facet normal 0 0 1
    outer loop
      vertex 112.592 -1.17326 11.1
      vertex 111.679 -1.31796 11.1
      vertex 111.987 -2.60347 11.1
    endloop
  endfacet
  facet normal 0 0 1
    outer loop
      vertex 112.5 0 11.1
      vertex 111.575 0 11.1
      vertex 111.679 -1.31796 11.1
    endloop
  endfacet
  facet normal -0.522572 0.852595 0
    outer loop
      vertex 116.175 7.50673 8.1
      vertex 115.048 6.81597 11.1
      vertex 116.175 7.50673 11.1
    endloop
  endfacet
  facet normal -0.522572 0.852595 0
    outer loop
      vertex 115.048 6.81597 11.1
      vertex 116.175 7.50673 8.1
      vertex 115.048 6.81597 8.1
    endloop
  endfacet
  facet normal -0.23353 0.97235 0
    outer loop
      vertex 118.682 8.32127 8.1
      vertex 117.397 8.01265 11.1
      vertex 118.682 8.32127 11.1
    endloop
  endfacet
  facet normal -0.23353 0.97235 0
    outer loop
      vertex 117.397 8.01265 11.1
      vertex 118.682 8.32127 8.1
      vertex 117.397 8.01265 8.1
    endloop
  endfacet
  facet normal -0.23353 -0.97235 0
    outer loop
      vertex 117.397 -8.01265 8.1
      vertex 118.682 -8.32127 11.1
      vertex 117.397 -8.01265 11.1
    endloop
  endfacet
  facet normal -0.23353 -0.97235 -0
    outer loop
      vertex 118.682 -8.32127 11.1
      vertex 117.397 -8.01265 8.1
      vertex 118.682 -8.32127 8.1
    endloop
  endfacet
  facet normal 0.23353 -0.97235 0
    outer loop
      vertex 121.318 -8.32127 8.1
      vertex 122.603 -8.01265 11.1
      vertex 121.318 -8.32127 11.1
    endloop
  endfacet
  facet normal 0.23353 -0.97235 0
    outer loop
      vertex 122.603 -8.01265 11.1
      vertex 121.318 -8.32127 8.1
      vertex 122.603 -8.01265 8.1
    endloop
  endfacet
  facet normal 0.923858 0.382735 0
    outer loop
      vertex 128.013 2.60347 11.1
      vertex 127.507 3.82487 8.1
      vertex 127.507 3.82487 11.1
    endloop
  endfacet
  facet normal 0.923858 0.382735 0
    outer loop
      vertex 127.507 3.82487 8.1
      vertex 128.013 2.60347 11.1
      vertex 128.013 2.60347 8.1
    endloop
  endfacet
  facet normal -0.923858 0.382735 0
    outer loop
      vertex 111.987 2.60347 8.1
      vertex 112.493 3.82487 11.1
      vertex 112.493 3.82487 8.1
    endloop
  endfacet
  facet normal -0.923858 0.382735 0
    outer loop
      vertex 112.493 3.82487 11.1
      vertex 111.987 2.60347 8.1
      vertex 111.987 2.60347 11.1
    endloop
  endfacet
  facet normal 0.649557 -0.760313 0
    outer loop
      vertex 124.952 -6.81597 8.1
      vertex 125.957 -5.95737 11.1
      vertex 124.952 -6.81597 11.1
    endloop
  endfacet
  facet normal 0.649557 -0.760313 0
    outer loop
      vertex 125.957 -5.95737 11.1
      vertex 124.952 -6.81597 8.1
      vertex 125.957 -5.95737 8.1
    endloop
  endfacet
  facet normal 0.972477 -0.232999 0
    outer loop
      vertex 128.013 -2.60347 11.1
      vertex 128.321 -1.31796 8.1
      vertex 128.321 -1.31796 11.1
    endloop
  endfacet
  facet normal 0.972477 -0.232999 0
    outer loop
      vertex 128.321 -1.31796 8.1
      vertex 128.013 -2.60347 11.1
      vertex 128.013 -2.60347 8.1
    endloop
  endfacet
  facet normal 0.923858 -0.382735 0
    outer loop
      vertex 127.507 -3.82487 11.1
      vertex 128.013 -2.60347 8.1
      vertex 128.013 -2.60347 11.1
    endloop
  endfacet
  facet normal 0.923858 -0.382735 0
    outer loop
      vertex 128.013 -2.60347 8.1
      vertex 127.507 -3.82487 11.1
      vertex 127.507 -3.82487 8.1
    endloop
  endfacet
  facet normal 0.996901 -0.0786653 0
    outer loop
      vertex 128.321 -1.31796 11.1
      vertex 128.425 0 8.1
      vertex 128.425 0 11.1
    endloop
  endfacet
  facet normal 0.996901 -0.0786653 0
    outer loop
      vertex 128.425 0 8.1
      vertex 128.321 -1.31796 11.1
      vertex 128.321 -1.31796 8.1
    endloop
  endfacet
  facet normal -0.996901 -0.0786653 0
    outer loop
      vertex 111.679 -1.31796 8.1
      vertex 111.575 0 11.1
      vertex 111.575 0 8.1
    endloop
  endfacet
  facet normal -0.996901 -0.0786653 0
    outer loop
      vertex 111.575 0 11.1
      vertex 111.679 -1.31796 8.1
      vertex 111.679 -1.31796 11.1
    endloop
  endfacet
  facet normal -0.972477 -0.232999 0
    outer loop
      vertex 111.987 -2.60347 8.1
      vertex 111.679 -1.31796 11.1
      vertex 111.679 -1.31796 8.1
    endloop
  endfacet
  facet normal -0.972477 -0.232999 0
    outer loop
      vertex 111.679 -1.31796 11.1
      vertex 111.987 -2.60347 8.1
      vertex 111.987 -2.60347 11.1
    endloop
  endfacet
  facet normal 0.760253 -0.649627 0
    outer loop
      vertex 125.957 -5.95737 11.1
      vertex 126.816 -4.95209 8.1
      vertex 126.816 -4.95209 11.1
    endloop
  endfacet
  facet normal 0.760253 -0.649627 0
    outer loop
      vertex 126.816 -4.95209 8.1
      vertex 125.957 -5.95737 11.1
      vertex 125.957 -5.95737 8.1
    endloop
  endfacet
  facet normal 0.522572 -0.852595 0
    outer loop
      vertex 123.825 -7.50673 8.1
      vertex 124.952 -6.81597 11.1
      vertex 123.825 -7.50673 11.1
    endloop
  endfacet
  facet normal 0.522572 -0.852595 0
    outer loop
      vertex 124.952 -6.81597 11.1
      vertex 123.825 -7.50673 8.1
      vertex 124.952 -6.81597 8.1
    endloop
  endfacet
  facet normal 0.382523 -0.923946 0
    outer loop
      vertex 122.603 -8.01265 8.1
      vertex 123.825 -7.50673 11.1
      vertex 122.603 -8.01265 11.1
    endloop
  endfacet
  facet normal 0.382523 -0.923946 0
    outer loop
      vertex 123.825 -7.50673 11.1
      vertex 122.603 -8.01265 8.1
      vertex 123.825 -7.50673 8.1
    endloop
  endfacet
  facet normal 0.522572 0.852595 -0
    outer loop
      vertex 124.952 6.81597 8.1
      vertex 123.825 7.50673 11.1
      vertex 124.952 6.81597 11.1
    endloop
  endfacet
  facet normal 0.522572 0.852595 0
    outer loop
      vertex 123.825 7.50673 11.1
      vertex 124.952 6.81597 8.1
      vertex 123.825 7.50673 8.1
    endloop
  endfacet
  facet normal -0.07846 -0.996917 0
    outer loop
      vertex 118.682 -8.32127 8.1
      vertex 120 -8.425 11.1
      vertex 118.682 -8.32127 11.1
    endloop
  endfacet
  facet normal -0.07846 -0.996917 -0
    outer loop
      vertex 120 -8.425 11.1
      vertex 118.682 -8.32127 8.1
      vertex 120 -8.425 8.1
    endloop
  endfacet
  facet normal -0.649557 -0.760313 0
    outer loop
      vertex 114.043 -5.95737 8.1
      vertex 115.048 -6.81597 11.1
      vertex 114.043 -5.95737 11.1
    endloop
  endfacet
  facet normal -0.649557 -0.760313 -0
    outer loop
      vertex 115.048 -6.81597 11.1
      vertex 114.043 -5.95737 8.1
      vertex 115.048 -6.81597 8.1
    endloop
  endfacet
  facet normal -0.760253 -0.649627 0
    outer loop
      vertex 114.043 -5.95737 8.1
      vertex 113.184 -4.95209 11.1
      vertex 113.184 -4.95209 8.1
    endloop
  endfacet
  facet normal -0.760253 -0.649627 0
    outer loop
      vertex 113.184 -4.95209 11.1
      vertex 114.043 -5.95737 8.1
      vertex 114.043 -5.95737 11.1
    endloop
  endfacet
  facet normal 0.07846 -0.996917 0
    outer loop
      vertex 120 -8.425 8.1
      vertex 121.318 -8.32127 11.1
      vertex 120 -8.425 11.1
    endloop
  endfacet
  facet normal 0.07846 -0.996917 0
    outer loop
      vertex 121.318 -8.32127 11.1
      vertex 120 -8.425 8.1
      vertex 121.318 -8.32127 8.1
    endloop
  endfacet
  facet normal -0.522572 -0.852595 0
    outer loop
      vertex 115.048 -6.81597 8.1
      vertex 116.175 -7.50673 11.1
      vertex 115.048 -6.81597 11.1
    endloop
  endfacet
  facet normal -0.522572 -0.852595 -0
    outer loop
      vertex 116.175 -7.50673 11.1
      vertex 115.048 -6.81597 8.1
      vertex 116.175 -7.50673 8.1
    endloop
  endfacet
  facet normal -0.85256 -0.52263 0
    outer loop
      vertex 113.184 -4.95209 8.1
      vertex 112.493 -3.82487 11.1
      vertex 112.493 -3.82487 8.1
    endloop
  endfacet
  facet normal -0.85256 -0.52263 0
    outer loop
      vertex 112.493 -3.82487 11.1
      vertex 113.184 -4.95209 8.1
      vertex 113.184 -4.95209 11.1
    endloop
  endfacet
  facet normal -0.923858 -0.382735 0
    outer loop
      vertex 112.493 -3.82487 8.1
      vertex 111.987 -2.60347 11.1
      vertex 111.987 -2.60347 8.1
    endloop
  endfacet
  facet normal -0.923858 -0.382735 0
    outer loop
      vertex 111.987 -2.60347 11.1
      vertex 112.493 -3.82487 8.1
      vertex 112.493 -3.82487 11.1
    endloop
  endfacet
  facet normal -0.382523 -0.923946 0
    outer loop
      vertex 116.175 -7.50673 8.1
      vertex 117.397 -8.01265 11.1
      vertex 116.175 -7.50673 11.1
    endloop
  endfacet
  facet normal -0.382523 -0.923946 -0
    outer loop
      vertex 117.397 -8.01265 11.1
      vertex 116.175 -7.50673 8.1
      vertex 117.397 -8.01265 8.1
    endloop
  endfacet
  facet normal 0.9969 0.0786757 0
    outer loop
      vertex 171.9 31.3 8.1
      vertex 171.8 32.5671 0
      vertex 171.8 32.5671 8.1
    endloop
  endfacet
  facet normal 0.9969 0.0786757 0
    outer loop
      vertex 171.8 32.5671 0
      vertex 171.9 31.3 8.1
      vertex 171.9 31.3 0
    endloop
  endfacet
  facet normal 0 -1 0
    outer loop
      vertex 76.2 -39.4 0
      vertex 163.8 -39.4 8.1
      vertex 76.2 -39.4 8.1
    endloop
  endfacet
  facet normal 0 -1 -0
    outer loop
      vertex 163.8 -39.4 8.1
      vertex 76.2 -39.4 0
      vertex 163.8 -39.4 0
    endloop
  endfacet
  facet normal -1 0 0
    outer loop
      vertex 68.1 -31.3 0
      vertex 68.1 31.3 8.1
      vertex 68.1 31.3 0
    endloop
  endfacet
  facet normal -1 -0 0
    outer loop
      vertex 68.1 31.3 8.1
      vertex 68.1 -31.3 0
      vertex 68.1 -31.3 8.1
    endloop
  endfacet
  facet normal -0.649417 -0.760433 0
    outer loop
      vertex 70.4724 -37.0276 0
      vertex 71.4389 -37.853 8.1
      vertex 70.4724 -37.0276 8.1
    endloop
  endfacet
  facet normal -0.649417 -0.760433 -0
    outer loop
      vertex 71.4389 -37.853 8.1
      vertex 70.4724 -37.0276 0
      vertex 71.4389 -37.853 0
    endloop
  endfacet
  facet normal -0.382676 -0.923883 0
    outer loop
      vertex 72.5227 -38.5172 0
      vertex 73.697 -39.0036 8.1
      vertex 72.5227 -38.5172 8.1
    endloop
  endfacet
  facet normal -0.382676 -0.923883 -0
    outer loop
      vertex 73.697 -39.0036 8.1
      vertex 72.5227 -38.5172 0
      vertex 73.697 -39.0036 0
    endloop
  endfacet
  facet normal 1 -0 0
    outer loop
      vertex 171.9 -31.3 8.1
      vertex 171.9 31.3 0
      vertex 171.9 31.3 8.1
    endloop
  endfacet
  facet normal 1 0 0
    outer loop
      vertex 171.9 31.3 0
      vertex 171.9 -31.3 8.1
      vertex 171.9 -31.3 0
    endloop
  endfacet
  facet normal 0.522455 -0.852667 0
    outer loop
      vertex 167.477 -38.5172 0
      vertex 168.561 -37.853 8.1
      vertex 167.477 -38.5172 8.1
    endloop
  endfacet
  facet normal 0.522455 -0.852667 0
    outer loop
      vertex 168.561 -37.853 8.1
      vertex 167.477 -38.5172 0
      vertex 168.561 -37.853 0
    endloop
  endfacet
  facet normal -0.852624 -0.522525 0
    outer loop
      vertex 69.647 -36.0611 0
      vertex 68.9828 -34.9773 8.1
      vertex 68.9828 -34.9773 0
    endloop
  endfacet
  facet normal -0.852624 -0.522525 0
    outer loop
      vertex 68.9828 -34.9773 8.1
      vertex 69.647 -36.0611 0
      vertex 69.647 -36.0611 8.1
    endloop
  endfacet
  facet normal -0.760433 -0.649417 0
    outer loop
      vertex 70.4724 -37.0276 0
      vertex 69.647 -36.0611 8.1
      vertex 69.647 -36.0611 0
    endloop
  endfacet
  facet normal -0.760433 -0.649417 0
    outer loop
      vertex 69.647 -36.0611 8.1
      vertex 70.4724 -37.0276 0
      vertex 70.4724 -37.0276 8.1
    endloop
  endfacet
  facet normal -0.649417 0.760433 0
    outer loop
      vertex 71.4389 37.853 0
      vertex 70.4724 37.0276 8.1
      vertex 71.4389 37.853 8.1
    endloop
  endfacet
  facet normal -0.649417 0.760433 0
    outer loop
      vertex 70.4724 37.0276 8.1
      vertex 71.4389 37.853 0
      vertex 70.4724 37.0276 0
    endloop
  endfacet
  facet normal 0 1 -0
    outer loop
      vertex 163.8 39.4 0
      vertex 76.2 39.4 8.1
      vertex 163.8 39.4 8.1
    endloop
  endfacet
  facet normal 0 1 0
    outer loop
      vertex 76.2 39.4 8.1
      vertex 163.8 39.4 0
      vertex 76.2 39.4 0
    endloop
  endfacet
  facet normal -0.0784412 0.996919 0
    outer loop
      vertex 76.2 39.4 0
      vertex 74.9329 39.3003 8.1
      vertex 76.2 39.4 8.1
    endloop
  endfacet
  facet normal -0.0784412 0.996919 0
    outer loop
      vertex 74.9329 39.3003 8.1
      vertex 76.2 39.4 0
      vertex 74.9329 39.3003 0
    endloop
  endfacet
  facet normal 0.923716 -0.383079 0
    outer loop
      vertex 171.017 -34.9773 8.1
      vertex 171.504 -33.803 0
      vertex 171.504 -33.803 8.1
    endloop
  endfacet
  facet normal 0.923716 -0.383079 0
    outer loop
      vertex 171.504 -33.803 0
      vertex 171.017 -34.9773 8.1
      vertex 171.017 -34.9773 0
    endloop
  endfacet
  facet normal 0.9969 -0.0786757 0
    outer loop
      vertex 171.8 -32.5671 8.1
      vertex 171.9 -31.3 0
      vertex 171.9 -31.3 8.1
    endloop
  endfacet
  facet normal 0.9969 -0.0786757 0
    outer loop
      vertex 171.9 -31.3 0
      vertex 171.8 -32.5671 8.1
      vertex 171.8 -32.5671 0
    endloop
  endfacet
  facet normal 0.852694 -0.522411 0
    outer loop
      vertex 170.353 -36.0611 8.1
      vertex 171.017 -34.9773 0
      vertex 171.017 -34.9773 8.1
    endloop
  endfacet
  facet normal 0.852694 -0.522411 0
    outer loop
      vertex 171.017 -34.9773 0
      vertex 170.353 -36.0611 8.1
      vertex 170.353 -36.0611 0
    endloop
  endfacet
  facet normal 0.233418 -0.972377 0
    outer loop
      vertex 165.067 -39.3003 0
      vertex 166.303 -39.0036 8.1
      vertex 165.067 -39.3003 8.1
    endloop
  endfacet
  facet normal 0.233418 -0.972377 0
    outer loop
      vertex 166.303 -39.0036 8.1
      vertex 165.067 -39.3003 0
      vertex 166.303 -39.0036 0
    endloop
  endfacet
  facet normal 0.0784473 -0.996918 0
    outer loop
      vertex 163.8 -39.4 0
      vertex 165.067 -39.3003 8.1
      vertex 163.8 -39.4 8.1
    endloop
  endfacet
  facet normal 0.0784473 -0.996918 0
    outer loop
      vertex 165.067 -39.3003 8.1
      vertex 163.8 -39.4 0
      vertex 165.067 -39.3003 0
    endloop
  endfacet
  facet normal 0.38276 -0.923848 0
    outer loop
      vertex 166.303 -39.0036 0
      vertex 167.477 -38.5172 8.1
      vertex 166.303 -39.0036 8.1
    endloop
  endfacet
  facet normal 0.38276 -0.923848 0
    outer loop
      vertex 167.477 -38.5172 8.1
      vertex 166.303 -39.0036 0
      vertex 167.477 -38.5172 0
    endloop
  endfacet
  facet normal -0.522525 -0.852624 0
    outer loop
      vertex 71.4389 -37.853 0
      vertex 72.5227 -38.5172 8.1
      vertex 71.4389 -37.853 8.1
    endloop
  endfacet
  facet normal -0.522525 -0.852624 -0
    outer loop
      vertex 72.5227 -38.5172 8.1
      vertex 71.4389 -37.853 0
      vertex 72.5227 -38.5172 0
    endloop
  endfacet
  facet normal -0.233435 -0.972372 0
    outer loop
      vertex 73.697 -39.0036 0
      vertex 74.9329 -39.3003 8.1
      vertex 73.697 -39.0036 8.1
    endloop
  endfacet
  facet normal -0.233435 -0.972372 -0
    outer loop
      vertex 74.9329 -39.3003 8.1
      vertex 73.697 -39.0036 0
      vertex 74.9329 -39.3003 0
    endloop
  endfacet
  facet normal -0.923883 -0.382676 0
    outer loop
      vertex 68.9828 -34.9773 0
      vertex 68.4964 -33.803 8.1
      vertex 68.4964 -33.803 0
    endloop
  endfacet
  facet normal -0.923883 -0.382676 0
    outer loop
      vertex 68.4964 -33.803 8.1
      vertex 68.9828 -34.9773 0
      vertex 68.9828 -34.9773 8.1
    endloop
  endfacet
  facet normal -0.996919 -0.0784412 0
    outer loop
      vertex 68.1997 -32.5671 0
      vertex 68.1 -31.3 8.1
      vertex 68.1 -31.3 0
    endloop
  endfacet
  facet normal -0.996919 -0.0784412 0
    outer loop
      vertex 68.1 -31.3 8.1
      vertex 68.1997 -32.5671 0
      vertex 68.1997 -32.5671 8.1
    endloop
  endfacet
  facet normal -0.972372 -0.233435 0
    outer loop
      vertex 68.4964 -33.803 0
      vertex 68.1997 -32.5671 8.1
      vertex 68.1997 -32.5671 0
    endloop
  endfacet
  facet normal -0.972372 -0.233435 0
    outer loop
      vertex 68.1997 -32.5671 8.1
      vertex 68.4964 -33.803 0
      vertex 68.4964 -33.803 8.1
    endloop
  endfacet
  facet normal -0.923883 0.382676 0
    outer loop
      vertex 68.4964 33.803 0
      vertex 68.9828 34.9773 8.1
      vertex 68.9828 34.9773 0
    endloop
  endfacet
  facet normal -0.923883 0.382676 0
    outer loop
      vertex 68.9828 34.9773 8.1
      vertex 68.4964 33.803 0
      vertex 68.4964 33.803 8.1
    endloop
  endfacet
  facet normal -0.972372 0.233435 0
    outer loop
      vertex 68.1997 32.5671 0
      vertex 68.4964 33.803 8.1
      vertex 68.4964 33.803 0
    endloop
  endfacet
  facet normal -0.972372 0.233435 0
    outer loop
      vertex 68.4964 33.803 8.1
      vertex 68.1997 32.5671 0
      vertex 68.1997 32.5671 8.1
    endloop
  endfacet
  facet normal -0.852624 0.522525 0
    outer loop
      vertex 68.9828 34.9773 0
      vertex 69.647 36.0611 8.1
      vertex 69.647 36.0611 0
    endloop
  endfacet
  facet normal -0.852624 0.522525 0
    outer loop
      vertex 69.647 36.0611 8.1
      vertex 68.9828 34.9773 0
      vertex 68.9828 34.9773 8.1
    endloop
  endfacet
  facet normal 0.38276 0.923848 -0
    outer loop
      vertex 167.477 38.5172 0
      vertex 166.303 39.0036 8.1
      vertex 167.477 38.5172 8.1
    endloop
  endfacet
  facet normal 0.38276 0.923848 0
    outer loop
      vertex 166.303 39.0036 8.1
      vertex 167.477 38.5172 0
      vertex 166.303 39.0036 0
    endloop
  endfacet
  facet normal 0.923716 0.383079 0
    outer loop
      vertex 171.504 33.803 8.1
      vertex 171.017 34.9773 0
      vertex 171.017 34.9773 8.1
    endloop
  endfacet
  facet normal 0.923716 0.383079 0
    outer loop
      vertex 171.017 34.9773 0
      vertex 171.504 33.803 8.1
      vertex 171.504 33.803 0
    endloop
  endfacet
  facet normal 0.972497 -0.232915 0
    outer loop
      vertex 171.504 -33.803 8.1
      vertex 171.8 -32.5671 0
      vertex 171.8 -32.5671 8.1
    endloop
  endfacet
  facet normal 0.972497 -0.232915 0
    outer loop
      vertex 171.8 -32.5671 0
      vertex 171.504 -33.803 8.1
      vertex 171.504 -33.803 0
    endloop
  endfacet
  facet normal 0.649222 -0.760599 0
    outer loop
      vertex 168.561 -37.853 0
      vertex 169.528 -37.0276 8.1
      vertex 168.561 -37.853 8.1
    endloop
  endfacet
  facet normal 0.649222 -0.760599 0
    outer loop
      vertex 169.528 -37.0276 8.1
      vertex 168.561 -37.853 0
      vertex 169.528 -37.0276 0
    endloop
  endfacet
  facet normal -0.0784412 -0.996919 0
    outer loop
      vertex 74.9329 -39.3003 0
      vertex 76.2 -39.4 8.1
      vertex 74.9329 -39.3003 8.1
    endloop
  endfacet
  facet normal -0.0784412 -0.996919 -0
    outer loop
      vertex 76.2 -39.4 8.1
      vertex 74.9329 -39.3003 0
      vertex 76.2 -39.4 0
    endloop
  endfacet
  facet normal 0 0 -1
    outer loop
      vertex 163.8 -39.4 0
      vertex 171.9 -31.3 0
      vertex 171.8 -32.5671 0
    endloop
  endfacet
  facet normal -0 0 -1
    outer loop
      vertex 171.9 -31.3 0
      vertex 163.8 -39.4 0
      vertex 171.9 31.3 0
    endloop
  endfacet
  facet normal 0 0 -1
    outer loop
      vertex 163.8 -39.4 0
      vertex 171.8 -32.5671 0
      vertex 171.504 -33.803 0
    endloop
  endfacet
  facet normal 0 0 -1
    outer loop
      vertex 163.8 39.4 0
      vertex 171.9 31.3 0
      vertex 163.8 -39.4 0
    endloop
  endfacet
  facet normal 0 0 -1
    outer loop
      vertex 163.8 -39.4 0
      vertex 171.504 -33.803 0
      vertex 171.017 -34.9773 0
    endloop
  endfacet
  facet normal 0 0 -1
    outer loop
      vertex 171.9 31.3 0
      vertex 163.8 39.4 0
      vertex 171.8 32.5671 0
    endloop
  endfacet
  facet normal 0 0 -1
    outer loop
      vertex 163.8 -39.4 0
      vertex 171.017 -34.9773 0
      vertex 170.353 -36.0611 0
    endloop
  endfacet
  facet normal 0 0 -1
    outer loop
      vertex 171.8 32.5671 0
      vertex 163.8 39.4 0
      vertex 171.504 33.803 0
    endloop
  endfacet
  facet normal 0 0 -1
    outer loop
      vertex 163.8 -39.4 0
      vertex 170.353 -36.0611 0
      vertex 169.528 -37.0276 0
    endloop
  endfacet
  facet normal 0 0 -1
    outer loop
      vertex 171.504 33.803 0
      vertex 163.8 39.4 0
      vertex 171.017 34.9773 0
    endloop
  endfacet
  facet normal 0 0 -1
    outer loop
      vertex 163.8 -39.4 0
      vertex 169.528 -37.0276 0
      vertex 168.561 -37.853 0
    endloop
  endfacet
  facet normal 0 0 -1
    outer loop
      vertex 171.017 34.9773 0
      vertex 163.8 39.4 0
      vertex 170.353 36.0611 0
    endloop
  endfacet
  facet normal 0 0 -1
    outer loop
      vertex 163.8 -39.4 0
      vertex 168.561 -37.853 0
      vertex 167.477 -38.5172 0
    endloop
  endfacet
  facet normal 0 0 -1
    outer loop
      vertex 170.353 36.0611 0
      vertex 163.8 39.4 0
      vertex 169.528 37.0276 0
    endloop
  endfacet
  facet normal 0 0 -1
    outer loop
      vertex 163.8 -39.4 0
      vertex 167.477 -38.5172 0
      vertex 166.303 -39.0036 0
    endloop
  endfacet
  facet normal 0 0 -1
    outer loop
      vertex 169.528 37.0276 0
      vertex 163.8 39.4 0
      vertex 168.561 37.853 0
    endloop
  endfacet
  facet normal 0 0 -1
    outer loop
      vertex 163.8 -39.4 0
      vertex 166.303 -39.0036 0
      vertex 165.067 -39.3003 0
    endloop
  endfacet
  facet normal 0 0 -1
    outer loop
      vertex 168.561 37.853 0
      vertex 163.8 39.4 0
      vertex 167.477 38.5172 0
    endloop
  endfacet
  facet normal 0 0 -1
    outer loop
      vertex 167.477 38.5172 0
      vertex 163.8 39.4 0
      vertex 166.303 39.0036 0
    endloop
  endfacet
  facet normal 0 0 -1
    outer loop
      vertex 166.303 39.0036 0
      vertex 163.8 39.4 0
      vertex 165.067 39.3003 0
    endloop
  endfacet
  facet normal 0 0 -1
    outer loop
      vertex 76.2 -39.4 0
      vertex 163.8 39.4 0
      vertex 163.8 -39.4 0
    endloop
  endfacet
  facet normal 0 0 -1
    outer loop
      vertex 76.2 -39.4 0
      vertex 76.2 39.4 0
      vertex 163.8 39.4 0
    endloop
  endfacet
  facet normal 0 0 -1
    outer loop
      vertex 68.1 -31.3 0
      vertex 76.2 -39.4 0
      vertex 74.9329 -39.3003 0
    endloop
  endfacet
  facet normal 0 0 -1
    outer loop
      vertex 76.2 -39.4 0
      vertex 68.1 -31.3 0
      vertex 76.2 39.4 0
    endloop
  endfacet
  facet normal 0 0 -1
    outer loop
      vertex 68.1 -31.3 0
      vertex 74.9329 -39.3003 0
      vertex 73.697 -39.0036 0
    endloop
  endfacet
  facet normal 0 0 -1
    outer loop
      vertex 68.1 31.3 0
      vertex 76.2 39.4 0
      vertex 68.1 -31.3 0
    endloop
  endfacet
  facet normal 0 0 -1
    outer loop
      vertex 68.1 -31.3 0
      vertex 73.697 -39.0036 0
      vertex 72.5227 -38.5172 0
    endloop
  endfacet
  facet normal 0 0 -1
    outer loop
      vertex 76.2 39.4 0
      vertex 68.1 31.3 0
      vertex 74.9329 39.3003 0
    endloop
  endfacet
  facet normal 0 0 -1
    outer loop
      vertex 68.1 -31.3 0
      vertex 72.5227 -38.5172 0
      vertex 71.4389 -37.853 0
    endloop
  endfacet
  facet normal 0 0 -1
    outer loop
      vertex 74.9329 39.3003 0
      vertex 68.1 31.3 0
      vertex 73.697 39.0036 0
    endloop
  endfacet
  facet normal 0 0 -1
    outer loop
      vertex 68.1 -31.3 0
      vertex 71.4389 -37.853 0
      vertex 70.4724 -37.0276 0
    endloop
  endfacet
  facet normal 0 0 -1
    outer loop
      vertex 73.697 39.0036 0
      vertex 68.1 31.3 0
      vertex 72.5227 38.5172 0
    endloop
  endfacet
  facet normal 0 0 -1
    outer loop
      vertex 68.1 -31.3 0
      vertex 70.4724 -37.0276 0
      vertex 69.647 -36.0611 0
    endloop
  endfacet
  facet normal 0 0 -1
    outer loop
      vertex 72.5227 38.5172 0
      vertex 68.1 31.3 0
      vertex 71.4389 37.853 0
    endloop
  endfacet
  facet normal 0 0 -1
    outer loop
      vertex 68.1 -31.3 0
      vertex 69.647 -36.0611 0
      vertex 68.9828 -34.9773 0
    endloop
  endfacet
  facet normal 0 0 -1
    outer loop
      vertex 71.4389 37.853 0
      vertex 68.1 31.3 0
      vertex 70.4724 37.0276 0
    endloop
  endfacet
  facet normal 0 0 -1
    outer loop
      vertex 68.1 -31.3 0
      vertex 68.9828 -34.9773 0
      vertex 68.4964 -33.803 0
    endloop
  endfacet
  facet normal 0 0 -1
    outer loop
      vertex 70.4724 37.0276 0
      vertex 68.1 31.3 0
      vertex 69.647 36.0611 0
    endloop
  endfacet
  facet normal 0 0 -1
    outer loop
      vertex 68.1 -31.3 0
      vertex 68.4964 -33.803 0
      vertex 68.1997 -32.5671 0
    endloop
  endfacet
  facet normal 0 0 -1
    outer loop
      vertex 69.647 36.0611 0
      vertex 68.1 31.3 0
      vertex 68.9828 34.9773 0
    endloop
  endfacet
  facet normal 0 0 -1
    outer loop
      vertex 68.9828 34.9773 0
      vertex 68.1 31.3 0
      vertex 68.4964 33.803 0
    endloop
  endfacet
  facet normal 0 0 -1
    outer loop
      vertex 68.4964 33.803 0
      vertex 68.1 31.3 0
      vertex 68.1997 32.5671 0
    endloop
  endfacet
  facet normal -0.996919 0.0784412 0
    outer loop
      vertex 68.1 31.3 0
      vertex 68.1997 32.5671 8.1
      vertex 68.1997 32.5671 0
    endloop
  endfacet
  facet normal -0.996919 0.0784412 0
    outer loop
      vertex 68.1997 32.5671 8.1
      vertex 68.1 31.3 0
      vertex 68.1 31.3 8.1
    endloop
  endfacet
  facet normal -0.760433 0.649417 0
    outer loop
      vertex 69.647 36.0611 0
      vertex 70.4724 37.0276 8.1
      vertex 70.4724 37.0276 0
    endloop
  endfacet
  facet normal -0.760433 0.649417 0
    outer loop
      vertex 70.4724 37.0276 8.1
      vertex 69.647 36.0611 0
      vertex 69.647 36.0611 8.1
    endloop
  endfacet
  facet normal -0.233435 0.972372 0
    outer loop
      vertex 74.9329 39.3003 0
      vertex 73.697 39.0036 8.1
      vertex 74.9329 39.3003 8.1
    endloop
  endfacet
  facet normal -0.233435 0.972372 0
    outer loop
      vertex 73.697 39.0036 8.1
      vertex 74.9329 39.3003 0
      vertex 73.697 39.0036 0
    endloop
  endfacet
  facet normal -0.522525 0.852624 0
    outer loop
      vertex 72.5227 38.5172 0
      vertex 71.4389 37.853 8.1
      vertex 72.5227 38.5172 8.1
    endloop
  endfacet
  facet normal -0.522525 0.852624 0
    outer loop
      vertex 71.4389 37.853 8.1
      vertex 72.5227 38.5172 0
      vertex 71.4389 37.853 0
    endloop
  endfacet
  facet normal -0.382676 0.923883 0
    outer loop
      vertex 73.697 39.0036 0
      vertex 72.5227 38.5172 8.1
      vertex 73.697 39.0036 8.1
    endloop
  endfacet
  facet normal -0.382676 0.923883 0
    outer loop
      vertex 72.5227 38.5172 8.1
      vertex 73.697 39.0036 0
      vertex 72.5227 38.5172 0
    endloop
  endfacet
  facet normal 0.522455 0.852667 -0
    outer loop
      vertex 168.561 37.853 0
      vertex 167.477 38.5172 8.1
      vertex 168.561 37.853 8.1
    endloop
  endfacet
  facet normal 0.522455 0.852667 0
    outer loop
      vertex 167.477 38.5172 8.1
      vertex 168.561 37.853 0
      vertex 167.477 38.5172 0
    endloop
  endfacet
  facet normal 0.852694 0.522411 0
    outer loop
      vertex 171.017 34.9773 8.1
      vertex 170.353 36.0611 0
      vertex 170.353 36.0611 8.1
    endloop
  endfacet
  facet normal 0.852694 0.522411 0
    outer loop
      vertex 170.353 36.0611 0
      vertex 171.017 34.9773 8.1
      vertex 171.017 34.9773 0
    endloop
  endfacet
  facet normal 0.972497 0.232915 0
    outer loop
      vertex 171.8 32.5671 8.1
      vertex 171.504 33.803 0
      vertex 171.504 33.803 8.1
    endloop
  endfacet
  facet normal 0.972497 0.232915 0
    outer loop
      vertex 171.504 33.803 0
      vertex 171.8 32.5671 8.1
      vertex 171.8 32.5671 0
    endloop
  endfacet
  facet normal 0.760588 -0.649235 0
    outer loop
      vertex 169.528 -37.0276 8.1
      vertex 170.353 -36.0611 0
      vertex 170.353 -36.0611 8.1
    endloop
  endfacet
  facet normal 0.760588 -0.649235 0
    outer loop
      vertex 170.353 -36.0611 0
      vertex 169.528 -37.0276 8.1
      vertex 169.528 -37.0276 0
    endloop
  endfacet
  facet normal 0.0784473 0.996918 -0
    outer loop
      vertex 165.067 39.3003 0
      vertex 163.8 39.4 8.1
      vertex 165.067 39.3003 8.1
    endloop
  endfacet
  facet normal 0.0784473 0.996918 0
    outer loop
      vertex 163.8 39.4 8.1
      vertex 165.067 39.3003 0
      vertex 163.8 39.4 0
    endloop
  endfacet
  facet normal 0.233418 0.972377 -0
    outer loop
      vertex 166.303 39.0036 0
      vertex 165.067 39.3003 8.1
      vertex 166.303 39.0036 8.1
    endloop
  endfacet
  facet normal 0.233418 0.972377 0
    outer loop
      vertex 165.067 39.3003 8.1
      vertex 166.303 39.0036 0
      vertex 165.067 39.3003 0
    endloop
  endfacet
  facet normal 0.649222 0.760599 -0
    outer loop
      vertex 169.528 37.0276 0
      vertex 168.561 37.853 8.1
      vertex 169.528 37.0276 8.1
    endloop
  endfacet
  facet normal 0.649222 0.760599 0
    outer loop
      vertex 168.561 37.853 8.1
      vertex 169.528 37.0276 0
      vertex 168.561 37.853 0
    endloop
  endfacet
  facet normal 0.760588 0.649235 0
    outer loop
      vertex 170.353 36.0611 8.1
      vertex 169.528 37.0276 0
      vertex 169.528 37.0276 8.1
    endloop
  endfacet
  facet normal 0.760588 0.649235 0
    outer loop
      vertex 169.528 37.0276 0
      vertex 170.353 36.0611 8.1
      vertex 170.353 36.0611 0
    endloop
  endfacet
  facet normal -0.649413 -0.760436 0
    outer loop
      vertex 124.408 6.06763 5.95
      vertex 125.303 5.3033 11.1
      vertex 124.408 6.06763 11.1
    endloop
  endfacet
  facet normal -0.649413 -0.760436 -0
    outer loop
      vertex 125.303 5.3033 11.1
      vertex 124.408 6.06763 5.95
      vertex 125.303 5.3033 5.95
    endloop
  endfacet
  facet normal -0.97232 0.233655 0
    outer loop
      vertex 127.133 -2.31763 5.95
      vertex 127.408 -1.17326 11.1
      vertex 127.408 -1.17326 5.95
    endloop
  endfacet
  facet normal -0.97232 0.233655 0
    outer loop
      vertex 127.408 -1.17326 11.1
      vertex 127.133 -2.31763 5.95
      vertex 127.133 -2.31763 11.1
    endloop
  endfacet
  facet normal 0.38277 -0.923844 0
    outer loop
      vertex 116.595 6.68255 5.95
      vertex 117.682 7.13292 11.1
      vertex 116.595 6.68255 11.1
    endloop
  endfacet
  facet normal 0.38277 -0.923844 0
    outer loop
      vertex 117.682 7.13292 11.1
      vertex 116.595 6.68255 5.95
      vertex 117.682 7.13292 5.95
    endloop
  endfacet
  facet normal 0.85261 -0.522547 0
    outer loop
      vertex 113.317 3.40493 11.1
      vertex 113.932 4.40839 5.95
      vertex 113.932 4.40839 11.1
    endloop
  endfacet
  facet normal 0.85261 -0.522547 0
    outer loop
      vertex 113.932 4.40839 5.95
      vertex 113.317 3.40493 11.1
      vertex 113.317 3.40493 5.95
    endloop
  endfacet
  facet normal -0.99694 0.078174 0
    outer loop
      vertex 127.408 -1.17326 5.95
      vertex 127.5 0 11.1
      vertex 127.5 0 5.95
    endloop
  endfacet
  facet normal -0.99694 0.078174 0
    outer loop
      vertex 127.5 0 11.1
      vertex 127.408 -1.17326 5.95
      vertex 127.408 -1.17326 11.1
    endloop
  endfacet
  facet normal -0.97232 -0.233655 0
    outer loop
      vertex 127.408 1.17326 5.95
      vertex 127.133 2.31763 11.1
      vertex 127.133 2.31763 5.95
    endloop
  endfacet
  facet normal -0.97232 -0.233655 0
    outer loop
      vertex 127.133 2.31763 11.1
      vertex 127.408 1.17326 5.95
      vertex 127.408 1.17326 11.1
    endloop
  endfacet
  facet normal -0.923992 -0.382412 0
    outer loop
      vertex 127.133 2.31763 5.95
      vertex 126.683 3.40493 11.1
      vertex 126.683 3.40493 5.95
    endloop
  endfacet
  facet normal -0.923992 -0.382412 0
    outer loop
      vertex 126.683 3.40493 11.1
      vertex 127.133 2.31763 5.95
      vertex 127.133 2.31763 11.1
    endloop
  endfacet
  facet normal -0.85261 -0.522547 0
    outer loop
      vertex 126.683 3.40493 5.95
      vertex 126.068 4.40839 11.1
      vertex 126.068 4.40839 5.95
    endloop
  endfacet
  facet normal -0.85261 -0.522547 0
    outer loop
      vertex 126.068 4.40839 11.1
      vertex 126.683 3.40493 5.95
      vertex 126.683 3.40493 11.1
    endloop
  endfacet
  facet normal -0.760123 -0.649779 0
    outer loop
      vertex 126.068 4.40839 5.95
      vertex 125.303 5.3033 11.1
      vertex 125.303 5.3033 5.95
    endloop
  endfacet
  facet normal -0.760123 -0.649779 0
    outer loop
      vertex 125.303 5.3033 11.1
      vertex 126.068 4.40839 5.95
      vertex 126.068 4.40839 11.1
    endloop
  endfacet
  facet normal -0.522672 -0.852534 0
    outer loop
      vertex 123.405 6.68255 5.95
      vertex 124.408 6.06763 11.1
      vertex 123.405 6.68255 11.1
    endloop
  endfacet
  facet normal -0.522672 -0.852534 -0
    outer loop
      vertex 124.408 6.06763 11.1
      vertex 123.405 6.68255 5.95
      vertex 124.408 6.06763 5.95
    endloop
  endfacet
  facet normal -0.0784784 -0.996916 0
    outer loop
      vertex 120 7.5 5.95
      vertex 121.173 7.40766 11.1
      vertex 120 7.5 11.1
    endloop
  endfacet
  facet normal -0.0784784 -0.996916 -0
    outer loop
      vertex 121.173 7.40766 11.1
      vertex 120 7.5 5.95
      vertex 121.173 7.40766 5.95
    endloop
  endfacet
  facet normal 0.99694 -0.078174 0
    outer loop
      vertex 112.5 0 11.1
      vertex 112.592 1.17326 5.95
      vertex 112.592 1.17326 11.1
    endloop
  endfacet
  facet normal 0.99694 -0.078174 0
    outer loop
      vertex 112.592 1.17326 5.95
      vertex 112.5 0 11.1
      vertex 112.5 0 5.95
    endloop
  endfacet
  facet normal 0.760123 -0.649779 0
    outer loop
      vertex 113.932 4.40839 11.1
      vertex 114.697 5.3033 5.95
      vertex 114.697 5.3033 11.1
    endloop
  endfacet
  facet normal 0.760123 -0.649779 0
    outer loop
      vertex 114.697 5.3033 5.95
      vertex 113.932 4.40839 11.1
      vertex 113.932 4.40839 5.95
    endloop
  endfacet
  facet normal 0.522672 -0.852534 0
    outer loop
      vertex 115.592 6.06763 5.95
      vertex 116.595 6.68255 11.1
      vertex 115.592 6.06763 11.1
    endloop
  endfacet
  facet normal 0.522672 -0.852534 0
    outer loop
      vertex 116.595 6.68255 11.1
      vertex 115.592 6.06763 5.95
      vertex 116.595 6.68255 5.95
    endloop
  endfacet
  facet normal 0.0784784 -0.996916 0
    outer loop
      vertex 118.827 7.40766 5.95
      vertex 120 7.5 11.1
      vertex 118.827 7.40766 11.1
    endloop
  endfacet
  facet normal 0.0784784 -0.996916 0
    outer loop
      vertex 120 7.5 11.1
      vertex 118.827 7.40766 5.95
      vertex 120 7.5 5.95
    endloop
  endfacet
  facet normal 0.649413 -0.760436 0
    outer loop
      vertex 114.697 5.3033 5.95
      vertex 115.592 6.06763 11.1
      vertex 114.697 5.3033 11.1
    endloop
  endfacet
  facet normal 0.649413 -0.760436 0
    outer loop
      vertex 115.592 6.06763 11.1
      vertex 114.697 5.3033 5.95
      vertex 115.592 6.06763 5.95
    endloop
  endfacet
  facet normal -0.0784784 0.996916 0
    outer loop
      vertex 121.173 -7.40766 5.95
      vertex 120 -7.5 11.1
      vertex 121.173 -7.40766 11.1
    endloop
  endfacet
  facet normal -0.0784784 0.996916 0
    outer loop
      vertex 120 -7.5 11.1
      vertex 121.173 -7.40766 5.95
      vertex 120 -7.5 5.95
    endloop
  endfacet
  facet normal -0.760123 0.649779 0
    outer loop
      vertex 125.303 -5.3033 5.95
      vertex 126.068 -4.40839 11.1
      vertex 126.068 -4.40839 5.95
    endloop
  endfacet
  facet normal -0.760123 0.649779 0
    outer loop
      vertex 126.068 -4.40839 11.1
      vertex 125.303 -5.3033 5.95
      vertex 125.303 -5.3033 11.1
    endloop
  endfacet
  facet normal -0.923992 0.382412 0
    outer loop
      vertex 126.683 -3.40493 5.95
      vertex 127.133 -2.31763 11.1
      vertex 127.133 -2.31763 5.95
    endloop
  endfacet
  facet normal -0.923992 0.382412 0
    outer loop
      vertex 127.133 -2.31763 11.1
      vertex 126.683 -3.40493 5.95
      vertex 126.683 -3.40493 11.1
    endloop
  endfacet
  facet normal -0.38277 0.923844 0
    outer loop
      vertex 123.405 -6.68255 5.95
      vertex 122.318 -7.13292 11.1
      vertex 123.405 -6.68255 11.1
    endloop
  endfacet
  facet normal -0.38277 0.923844 0
    outer loop
      vertex 122.318 -7.13292 11.1
      vertex 123.405 -6.68255 5.95
      vertex 122.318 -7.13292 5.95
    endloop
  endfacet
  facet normal -0.522672 0.852534 0
    outer loop
      vertex 124.408 -6.06763 5.95
      vertex 123.405 -6.68255 11.1
      vertex 124.408 -6.06763 11.1
    endloop
  endfacet
  facet normal -0.522672 0.852534 0
    outer loop
      vertex 123.405 -6.68255 11.1
      vertex 124.408 -6.06763 5.95
      vertex 123.405 -6.68255 5.95
    endloop
  endfacet
  facet normal 0.0784784 0.996916 -0
    outer loop
      vertex 120 -7.5 5.95
      vertex 118.827 -7.40766 11.1
      vertex 120 -7.5 11.1
    endloop
  endfacet
  facet normal 0.0784784 0.996916 0
    outer loop
      vertex 118.827 -7.40766 11.1
      vertex 120 -7.5 5.95
      vertex 118.827 -7.40766 5.95
    endloop
  endfacet
  facet normal 0.649413 0.760436 -0
    outer loop
      vertex 115.592 -6.06763 5.95
      vertex 114.697 -5.3033 11.1
      vertex 115.592 -6.06763 11.1
    endloop
  endfacet
  facet normal 0.649413 0.760436 0
    outer loop
      vertex 114.697 -5.3033 11.1
      vertex 115.592 -6.06763 5.95
      vertex 114.697 -5.3033 5.95
    endloop
  endfacet
  facet normal 0.85261 0.522547 0
    outer loop
      vertex 113.932 -4.40839 11.1
      vertex 113.317 -3.40493 5.95
      vertex 113.317 -3.40493 11.1
    endloop
  endfacet
  facet normal 0.85261 0.522547 0
    outer loop
      vertex 113.317 -3.40493 5.95
      vertex 113.932 -4.40839 11.1
      vertex 113.932 -4.40839 5.95
    endloop
  endfacet
  facet normal 0.99694 0.078174 0
    outer loop
      vertex 112.592 -1.17326 11.1
      vertex 112.5 0 5.95
      vertex 112.5 0 11.1
    endloop
  endfacet
  facet normal 0.99694 0.078174 0
    outer loop
      vertex 112.5 0 5.95
      vertex 112.592 -1.17326 11.1
      vertex 112.592 -1.17326 5.95
    endloop
  endfacet
  facet normal 0 0 1
    outer loop
      vertex 127.408 1.17326 5.95
      vertex 127.408 -1.17326 5.95
      vertex 127.5 0 5.95
    endloop
  endfacet
  facet normal 0 0 1
    outer loop
      vertex 127.133 2.31763 5.95
      vertex 127.408 -1.17326 5.95
      vertex 127.408 1.17326 5.95
    endloop
  endfacet
  facet normal 0 0 1
    outer loop
      vertex 127.133 2.31763 5.95
      vertex 127.133 -2.31763 5.95
      vertex 127.408 -1.17326 5.95
    endloop
  endfacet
  facet normal 0 0 1
    outer loop
      vertex 126.683 3.40493 5.95
      vertex 127.133 -2.31763 5.95
      vertex 127.133 2.31763 5.95
    endloop
  endfacet
  facet normal 0 0 1
    outer loop
      vertex 126.683 3.40493 5.95
      vertex 126.683 -3.40493 5.95
      vertex 127.133 -2.31763 5.95
    endloop
  endfacet
  facet normal 0 0 1
    outer loop
      vertex 126.068 4.40839 5.95
      vertex 126.683 -3.40493 5.95
      vertex 126.683 3.40493 5.95
    endloop
  endfacet
  facet normal 0 0 1
    outer loop
      vertex 126.068 4.40839 5.95
      vertex 126.068 -4.40839 5.95
      vertex 126.683 -3.40493 5.95
    endloop
  endfacet
  facet normal 0 0 1
    outer loop
      vertex 125.303 5.3033 5.95
      vertex 126.068 -4.40839 5.95
      vertex 126.068 4.40839 5.95
    endloop
  endfacet
  facet normal 0 0 1
    outer loop
      vertex 125.303 5.3033 5.95
      vertex 125.303 -5.3033 5.95
      vertex 126.068 -4.40839 5.95
    endloop
  endfacet
  facet normal 0 0 1
    outer loop
      vertex 124.408 6.06763 5.95
      vertex 125.303 -5.3033 5.95
      vertex 125.303 5.3033 5.95
    endloop
  endfacet
  facet normal 0 0 1
    outer loop
      vertex 124.408 6.06763 5.95
      vertex 124.408 -6.06763 5.95
      vertex 125.303 -5.3033 5.95
    endloop
  endfacet
  facet normal 0 0 1
    outer loop
      vertex 123.405 6.68255 5.95
      vertex 124.408 -6.06763 5.95
      vertex 124.408 6.06763 5.95
    endloop
  endfacet
  facet normal 0 0 1
    outer loop
      vertex 123.405 6.68255 5.95
      vertex 123.405 -6.68255 5.95
      vertex 124.408 -6.06763 5.95
    endloop
  endfacet
  facet normal 0 0 1
    outer loop
      vertex 122.318 7.13292 5.95
      vertex 123.405 -6.68255 5.95
      vertex 123.405 6.68255 5.95
    endloop
  endfacet
  facet normal 0 0 1
    outer loop
      vertex 122.318 7.13292 5.95
      vertex 122.318 -7.13292 5.95
      vertex 123.405 -6.68255 5.95
    endloop
  endfacet
  facet normal 0 0 1
    outer loop
      vertex 121.173 7.40766 5.95
      vertex 122.318 -7.13292 5.95
      vertex 122.318 7.13292 5.95
    endloop
  endfacet
  facet normal 0 0 1
    outer loop
      vertex 121.173 7.40766 5.95
      vertex 121.173 -7.40766 5.95
      vertex 122.318 -7.13292 5.95
    endloop
  endfacet
  facet normal 0 0 1
    outer loop
      vertex 120 7.5 5.95
      vertex 121.173 -7.40766 5.95
      vertex 121.173 7.40766 5.95
    endloop
  endfacet
  facet normal 0 0 1
    outer loop
      vertex 120 7.5 5.95
      vertex 120 -7.5 5.95
      vertex 121.173 -7.40766 5.95
    endloop
  endfacet
  facet normal -0 0 1
    outer loop
      vertex 118.827 7.40766 5.95
      vertex 120 -7.5 5.95
      vertex 120 7.5 5.95
    endloop
  endfacet
  facet normal 0 0 1
    outer loop
      vertex 118.827 7.40766 5.95
      vertex 118.827 -7.40766 5.95
      vertex 120 -7.5 5.95
    endloop
  endfacet
  facet normal -0 0 1
    outer loop
      vertex 117.682 7.13292 5.95
      vertex 118.827 -7.40766 5.95
      vertex 118.827 7.40766 5.95
    endloop
  endfacet
  facet normal 0 0 1
    outer loop
      vertex 117.682 7.13292 5.95
      vertex 117.682 -7.13292 5.95
      vertex 118.827 -7.40766 5.95
    endloop
  endfacet
  facet normal -0 0 1
    outer loop
      vertex 116.595 6.68255 5.95
      vertex 117.682 -7.13292 5.95
      vertex 117.682 7.13292 5.95
    endloop
  endfacet
  facet normal 0 0 1
    outer loop
      vertex 116.595 6.68255 5.95
      vertex 116.595 -6.68255 5.95
      vertex 117.682 -7.13292 5.95
    endloop
  endfacet
  facet normal -0 0 1
    outer loop
      vertex 115.592 6.06763 5.95
      vertex 116.595 -6.68255 5.95
      vertex 116.595 6.68255 5.95
    endloop
  endfacet
  facet normal 0 0 1
    outer loop
      vertex 115.592 6.06763 5.95
      vertex 115.592 -6.06763 5.95
      vertex 116.595 -6.68255 5.95
    endloop
  endfacet
  facet normal -0 0 1
    outer loop
      vertex 114.697 5.3033 5.95
      vertex 115.592 -6.06763 5.95
      vertex 115.592 6.06763 5.95
    endloop
  endfacet
  facet normal 0 0 1
    outer loop
      vertex 114.697 5.3033 5.95
      vertex 114.697 -5.3033 5.95
      vertex 115.592 -6.06763 5.95
    endloop
  endfacet
  facet normal -0 0 1
    outer loop
      vertex 113.932 4.40839 5.95
      vertex 114.697 -5.3033 5.95
      vertex 114.697 5.3033 5.95
    endloop
  endfacet
  facet normal 0 0 1
    outer loop
      vertex 113.932 4.40839 5.95
      vertex 113.932 -4.40839 5.95
      vertex 114.697 -5.3033 5.95
    endloop
  endfacet
  facet normal -0 0 1
    outer loop
      vertex 113.317 3.40493 5.95
      vertex 113.932 -4.40839 5.95
      vertex 113.932 4.40839 5.95
    endloop
  endfacet
  facet normal 0 0 1
    outer loop
      vertex 113.317 3.40493 5.95
      vertex 113.317 -3.40493 5.95
      vertex 113.932 -4.40839 5.95
    endloop
  endfacet
  facet normal -0 0 1
    outer loop
      vertex 112.867 2.31763 5.95
      vertex 113.317 -3.40493 5.95
      vertex 113.317 3.40493 5.95
    endloop
  endfacet
  facet normal 0 0 1
    outer loop
      vertex 112.867 2.31763 5.95
      vertex 112.867 -2.31763 5.95
      vertex 113.317 -3.40493 5.95
    endloop
  endfacet
  facet normal -0 0 1
    outer loop
      vertex 112.592 1.17326 5.95
      vertex 112.867 -2.31763 5.95
      vertex 112.867 2.31763 5.95
    endloop
  endfacet
  facet normal 0 0 1
    outer loop
      vertex 112.592 1.17326 5.95
      vertex 112.592 -1.17326 5.95
      vertex 112.867 -2.31763 5.95
    endloop
  endfacet
  facet normal 0 -0 1
    outer loop
      vertex 112.592 -1.17326 5.95
      vertex 112.592 1.17326 5.95
      vertex 112.5 0 5.95
    endloop
  endfacet
  facet normal 0.760123 0.649779 0
    outer loop
      vertex 114.697 -5.3033 11.1
      vertex 113.932 -4.40839 5.95
      vertex 113.932 -4.40839 11.1
    endloop
  endfacet
  facet normal 0.760123 0.649779 0
    outer loop
      vertex 113.932 -4.40839 5.95
      vertex 114.697 -5.3033 11.1
      vertex 114.697 -5.3033 5.95
    endloop
  endfacet
  facet normal -0.38277 -0.923844 0
    outer loop
      vertex 122.318 7.13292 5.95
      vertex 123.405 6.68255 11.1
      vertex 122.318 7.13292 11.1
    endloop
  endfacet
  facet normal -0.38277 -0.923844 -0
    outer loop
      vertex 123.405 6.68255 11.1
      vertex 122.318 7.13292 5.95
      vertex 123.405 6.68255 5.95
    endloop
  endfacet
  facet normal -0.233325 -0.972399 0
    outer loop
      vertex 121.173 7.40766 5.95
      vertex 122.318 7.13292 11.1
      vertex 121.173 7.40766 11.1
    endloop
  endfacet
  facet normal -0.233325 -0.972399 -0
    outer loop
      vertex 122.318 7.13292 11.1
      vertex 121.173 7.40766 5.95
      vertex 122.318 7.13292 5.95
    endloop
  endfacet
  facet normal 0.923992 -0.382412 0
    outer loop
      vertex 112.867 2.31763 11.1
      vertex 113.317 3.40493 5.95
      vertex 113.317 3.40493 11.1
    endloop
  endfacet
  facet normal 0.923992 -0.382412 0
    outer loop
      vertex 113.317 3.40493 5.95
      vertex 112.867 2.31763 11.1
      vertex 112.867 2.31763 5.95
    endloop
  endfacet
  facet normal 0.97232 -0.233655 0
    outer loop
      vertex 112.592 1.17326 11.1
      vertex 112.867 2.31763 5.95
      vertex 112.867 2.31763 11.1
    endloop
  endfacet
  facet normal 0.97232 -0.233655 0
    outer loop
      vertex 112.867 2.31763 5.95
      vertex 112.592 1.17326 11.1
      vertex 112.592 1.17326 5.95
    endloop
  endfacet
  facet normal 0.233325 -0.972399 0
    outer loop
      vertex 117.682 7.13292 5.95
      vertex 118.827 7.40766 11.1
      vertex 117.682 7.13292 11.1
    endloop
  endfacet
  facet normal 0.233325 -0.972399 0
    outer loop
      vertex 118.827 7.40766 11.1
      vertex 117.682 7.13292 5.95
      vertex 118.827 7.40766 5.95
    endloop
  endfacet
  facet normal -0.99694 -0.078174 0
    outer loop
      vertex 127.5 0 5.95
      vertex 127.408 1.17326 11.1
      vertex 127.408 1.17326 5.95
    endloop
  endfacet
  facet normal -0.99694 -0.078174 0
    outer loop
      vertex 127.408 1.17326 11.1
      vertex 127.5 0 5.95
      vertex 127.5 0 11.1
    endloop
  endfacet
  facet normal -0.233325 0.972399 0
    outer loop
      vertex 122.318 -7.13292 5.95
      vertex 121.173 -7.40766 11.1
      vertex 122.318 -7.13292 11.1
    endloop
  endfacet
  facet normal -0.233325 0.972399 0
    outer loop
      vertex 121.173 -7.40766 11.1
      vertex 122.318 -7.13292 5.95
      vertex 121.173 -7.40766 5.95
    endloop
  endfacet
  facet normal -0.649413 0.760436 0
    outer loop
      vertex 125.303 -5.3033 5.95
      vertex 124.408 -6.06763 11.1
      vertex 125.303 -5.3033 11.1
    endloop
  endfacet
  facet normal -0.649413 0.760436 0
    outer loop
      vertex 124.408 -6.06763 11.1
      vertex 125.303 -5.3033 5.95
      vertex 124.408 -6.06763 5.95
    endloop
  endfacet
  facet normal 0.38277 0.923844 -0
    outer loop
      vertex 117.682 -7.13292 5.95
      vertex 116.595 -6.68255 11.1
      vertex 117.682 -7.13292 11.1
    endloop
  endfacet
  facet normal 0.38277 0.923844 0
    outer loop
      vertex 116.595 -6.68255 11.1
      vertex 117.682 -7.13292 5.95
      vertex 116.595 -6.68255 5.95
    endloop
  endfacet
  facet normal 0.522672 0.852534 -0
    outer loop
      vertex 116.595 -6.68255 5.95
      vertex 115.592 -6.06763 11.1
      vertex 116.595 -6.68255 11.1
    endloop
  endfacet
  facet normal 0.522672 0.852534 0
    outer loop
      vertex 115.592 -6.06763 11.1
      vertex 116.595 -6.68255 5.95
      vertex 115.592 -6.06763 5.95
    endloop
  endfacet
  facet normal 0.97232 0.233655 0
    outer loop
      vertex 112.867 -2.31763 11.1
      vertex 112.592 -1.17326 5.95
      vertex 112.592 -1.17326 11.1
    endloop
  endfacet
  facet normal 0.97232 0.233655 0
    outer loop
      vertex 112.592 -1.17326 5.95
      vertex 112.867 -2.31763 11.1
      vertex 112.867 -2.31763 5.95
    endloop
  endfacet
  facet normal -0.85261 0.522547 0
    outer loop
      vertex 126.068 -4.40839 5.95
      vertex 126.683 -3.40493 11.1
      vertex 126.683 -3.40493 5.95
    endloop
  endfacet
  facet normal -0.85261 0.522547 0
    outer loop
      vertex 126.683 -3.40493 11.1
      vertex 126.068 -4.40839 5.95
      vertex 126.068 -4.40839 11.1
    endloop
  endfacet
  facet normal 0.233325 0.972399 -0
    outer loop
      vertex 118.827 -7.40766 5.95
      vertex 117.682 -7.13292 11.1
      vertex 118.827 -7.40766 11.1
    endloop
  endfacet
  facet normal 0.233325 0.972399 0
    outer loop
      vertex 117.682 -7.13292 11.1
      vertex 118.827 -7.40766 5.95
      vertex 117.682 -7.13292 5.95
    endloop
  endfacet
  facet normal 0.923992 0.382412 0
    outer loop
      vertex 113.317 -3.40493 11.1
      vertex 112.867 -2.31763 5.95
      vertex 112.867 -2.31763 11.1
    endloop
  endfacet
  facet normal 0.923992 0.382412 0
    outer loop
      vertex 112.867 -2.31763 5.95
      vertex 113.317 -3.40493 11.1
      vertex 113.317 -3.40493 5.95
    endloop
  endfacet
  facet normal -0 0 1
    outer loop
      vertex 47.7536 30.053 50
      vertex 50 29.4 50
      vertex 49.9003 30.6671 50
    endloop
  endfacet
  facet normal 0 0 1
    outer loop
      vertex 50 29.4 50
      vertex 48.15 27.55 50
      vertex 50 -29.4 50
    endloop
  endfacet
  facet normal 0 0 1
    outer loop
      vertex 47.7536 30.053 50
      vertex 49.9003 30.6671 50
      vertex 49.6036 31.903 50
    endloop
  endfacet
  facet normal -0 0 1
    outer loop
      vertex 48.15 -27.55 50
      vertex 50 -29.4 50
      vertex 48.15 27.55 50
    endloop
  endfacet
  facet normal 0 0 1
    outer loop
      vertex 47.2672 31.2273 50
      vertex 49.6036 31.903 50
      vertex 49.1172 33.0773 50
    endloop
  endfacet
  facet normal -0 0 1
    outer loop
      vertex 48.0503 -28.8171 50
      vertex 50 -29.4 50
      vertex 48.15 -27.55 50
    endloop
  endfacet
  facet normal 0 0 1
    outer loop
      vertex 46.603 32.3111 50
      vertex 49.1172 33.0773 50
      vertex 48.453 34.1611 50
    endloop
  endfacet
  facet normal 0 0 1
    outer loop
      vertex 47.7536 -30.053 50
      vertex 50 -29.4 50
      vertex 48.0503 -28.8171 50
    endloop
  endfacet
  facet normal 0 0 1
    outer loop
      vertex 50 -29.4 50
      vertex 47.7536 -30.053 50
      vertex 49.9003 -30.6671 50
    endloop
  endfacet
  facet normal 0 0 1
    outer loop
      vertex 50 29.4 50
      vertex 48.0503 28.8171 50
      vertex 48.15 27.55 50
    endloop
  endfacet
  facet normal 0 0 1
    outer loop
      vertex 50 29.4 50
      vertex 47.7536 30.053 50
      vertex 48.0503 28.8171 50
    endloop
  endfacet
  facet normal 0 0 1
    outer loop
      vertex 45.7776 33.2776 50
      vertex 48.453 34.1611 50
      vertex 47.6276 35.1276 50
    endloop
  endfacet
  facet normal 0 0 1
    outer loop
      vertex 49.6036 31.903 50
      vertex 47.2672 31.2273 50
      vertex 47.7536 30.053 50
    endloop
  endfacet
  facet normal 0 0 1
    outer loop
      vertex 45.7776 33.2776 50
      vertex 47.6276 35.1276 50
      vertex 46.6611 35.953 50
    endloop
  endfacet
  facet normal 0 0 1
    outer loop
      vertex 49.1172 33.0773 50
      vertex 46.603 32.3111 50
      vertex 47.2672 31.2273 50
    endloop
  endfacet
  facet normal 0 0 1
    outer loop
      vertex 48.453 34.1611 50
      vertex 45.7776 33.2776 50
      vertex 46.603 32.3111 50
    endloop
  endfacet
  facet normal 0 0 1
    outer loop
      vertex 44.8111 34.103 50
      vertex 46.6611 35.953 50
      vertex 45.5773 36.6172 50
    endloop
  endfacet
  facet normal 0 0 1
    outer loop
      vertex 46.6611 35.953 50
      vertex 44.8111 34.103 50
      vertex 45.7776 33.2776 50
    endloop
  endfacet
  facet normal 0 0 1
    outer loop
      vertex 43.7273 34.7672 50
      vertex 45.5773 36.6172 50
      vertex 44.403 37.1036 50
    endloop
  endfacet
  facet normal 0 0 1
    outer loop
      vertex 45.5773 36.6172 50
      vertex 43.7273 34.7672 50
      vertex 44.8111 34.103 50
    endloop
  endfacet
  facet normal 0 0 1
    outer loop
      vertex 42.553 35.2536 50
      vertex 44.403 37.1036 50
      vertex 43.1671 37.4003 50
    endloop
  endfacet
  facet normal 0 0 1
    outer loop
      vertex 44.403 37.1036 50
      vertex 42.553 35.2536 50
      vertex 43.7273 34.7672 50
    endloop
  endfacet
  facet normal 0 0 1
    outer loop
      vertex 41.9 37.5 50
      vertex 42.553 35.2536 50
      vertex 43.1671 37.4003 50
    endloop
  endfacet
  facet normal 0 0 1
    outer loop
      vertex 41.9 37.5 50
      vertex 41.3171 35.5503 50
      vertex 42.553 35.2536 50
    endloop
  endfacet
  facet normal 0 0 1
    outer loop
      vertex 41.9 37.5 50
      vertex 40.05 35.65 50
      vertex 41.3171 35.5503 50
    endloop
  endfacet
  facet normal 0 0 1
    outer loop
      vertex 41.9 37.5 50
      vertex -40.05 35.65 50
      vertex 40.05 35.65 50
    endloop
  endfacet
  facet normal -0 0 1
    outer loop
      vertex -41.9 37.5 50
      vertex -40.05 35.65 50
      vertex 41.9 37.5 50
    endloop
  endfacet
  facet normal 0 0 1
    outer loop
      vertex -41.9 37.5 50
      vertex -41.3171 35.5503 50
      vertex -40.05 35.65 50
    endloop
  endfacet
  facet normal 0 0 1
    outer loop
      vertex -41.9 37.5 50
      vertex -42.553 35.2536 50
      vertex -41.3171 35.5503 50
    endloop
  endfacet
  facet normal -0 0 1
    outer loop
      vertex -43.1671 37.4003 50
      vertex -42.553 35.2536 50
      vertex -41.9 37.5 50
    endloop
  endfacet
  facet normal -0 0 1
    outer loop
      vertex -44.403 37.1036 50
      vertex -42.553 35.2536 50
      vertex -43.1671 37.4003 50
    endloop
  endfacet
  facet normal 0 0 1
    outer loop
      vertex -42.553 35.2536 50
      vertex -44.403 37.1036 50
      vertex -43.7273 34.7672 50
    endloop
  endfacet
  facet normal -0 0 1
    outer loop
      vertex -45.5773 36.6172 50
      vertex -43.7273 34.7672 50
      vertex -44.403 37.1036 50
    endloop
  endfacet
  facet normal 0 0 1
    outer loop
      vertex -43.7273 34.7672 50
      vertex -45.5773 36.6172 50
      vertex -44.8111 34.103 50
    endloop
  endfacet
  facet normal -0 0 1
    outer loop
      vertex -46.6611 35.953 50
      vertex -44.8111 34.103 50
      vertex -45.5773 36.6172 50
    endloop
  endfacet
  facet normal 0 0 1
    outer loop
      vertex -44.8111 34.103 50
      vertex -46.6611 35.953 50
      vertex -45.7776 33.2776 50
    endloop
  endfacet
  facet normal -0 0 1
    outer loop
      vertex -47.6276 35.1276 50
      vertex -45.7776 33.2776 50
      vertex -46.6611 35.953 50
    endloop
  endfacet
  facet normal -0 0 1
    outer loop
      vertex -48.453 34.1611 50
      vertex -45.7776 33.2776 50
      vertex -47.6276 35.1276 50
    endloop
  endfacet
  facet normal 0 0 1
    outer loop
      vertex -45.7776 33.2776 50
      vertex -48.453 34.1611 50
      vertex -46.603 32.3111 50
    endloop
  endfacet
  facet normal -0 0 1
    outer loop
      vertex -49.1172 33.0773 50
      vertex -46.603 32.3111 50
      vertex -48.453 34.1611 50
    endloop
  endfacet
  facet normal 0 0 1
    outer loop
      vertex -46.603 32.3111 50
      vertex -49.1172 33.0773 50
      vertex -47.2672 31.2273 50
    endloop
  endfacet
  facet normal -0 0 1
    outer loop
      vertex -49.6036 31.903 50
      vertex -47.2672 31.2273 50
      vertex -49.1172 33.0773 50
    endloop
  endfacet
  facet normal -0 0 1
    outer loop
      vertex -49.9003 30.6671 50
      vertex -47.7536 30.053 50
      vertex -49.6036 31.903 50
    endloop
  endfacet
  facet normal 0 0 1
    outer loop
      vertex -47.2672 31.2273 50
      vertex -49.6036 31.903 50
      vertex -47.7536 30.053 50
    endloop
  endfacet
  facet normal 0 0 1
    outer loop
      vertex 49.9003 -30.6671 50
      vertex 47.7536 -30.053 50
      vertex 49.6036 -31.903 50
    endloop
  endfacet
  facet normal -0 0 1
    outer loop
      vertex 47.2672 -31.2273 50
      vertex 49.6036 -31.903 50
      vertex 47.7536 -30.053 50
    endloop
  endfacet
  facet normal 0 0 1
    outer loop
      vertex 49.6036 -31.903 50
      vertex 47.2672 -31.2273 50
      vertex 49.1172 -33.0773 50
    endloop
  endfacet
  facet normal -0 0 1
    outer loop
      vertex 46.603 -32.3111 50
      vertex 49.1172 -33.0773 50
      vertex 47.2672 -31.2273 50
    endloop
  endfacet
  facet normal 0 0 1
    outer loop
      vertex 49.1172 -33.0773 50
      vertex 46.603 -32.3111 50
      vertex 48.453 -34.1611 50
    endloop
  endfacet
  facet normal -0 0 1
    outer loop
      vertex 45.7776 -33.2776 50
      vertex 48.453 -34.1611 50
      vertex 46.603 -32.3111 50
    endloop
  endfacet
  facet normal 0 0 1
    outer loop
      vertex 48.453 -34.1611 50
      vertex 45.7776 -33.2776 50
      vertex 47.6276 -35.1276 50
    endloop
  endfacet
  facet normal 0 0 1
    outer loop
      vertex 47.6276 -35.1276 50
      vertex 45.7776 -33.2776 50
      vertex 46.6611 -35.953 50
    endloop
  endfacet
  facet normal -0 0 1
    outer loop
      vertex 44.8111 -34.103 50
      vertex 46.6611 -35.953 50
      vertex 45.7776 -33.2776 50
    endloop
  endfacet
  facet normal 0 0 1
    outer loop
      vertex 46.6611 -35.953 50
      vertex 44.8111 -34.103 50
      vertex 45.5773 -36.6172 50
    endloop
  endfacet
  facet normal -0 0 1
    outer loop
      vertex 43.7273 -34.7672 50
      vertex 45.5773 -36.6172 50
      vertex 44.8111 -34.103 50
    endloop
  endfacet
  facet normal 0 0 1
    outer loop
      vertex 45.5773 -36.6172 50
      vertex 43.7273 -34.7672 50
      vertex 44.403 -37.1036 50
    endloop
  endfacet
  facet normal -0 0 1
    outer loop
      vertex 42.553 -35.2536 50
      vertex 44.403 -37.1036 50
      vertex 43.7273 -34.7672 50
    endloop
  endfacet
  facet normal 0 0 1
    outer loop
      vertex 44.403 -37.1036 50
      vertex 42.553 -35.2536 50
      vertex 43.1671 -37.4003 50
    endloop
  endfacet
  facet normal 0 0 1
    outer loop
      vertex 42.553 -35.2536 50
      vertex 41.9 -37.5 50
      vertex 43.1671 -37.4003 50
    endloop
  endfacet
  facet normal -0 0 1
    outer loop
      vertex 41.3171 -35.5503 50
      vertex 41.9 -37.5 50
      vertex 42.553 -35.2536 50
    endloop
  endfacet
  facet normal -0 0 1
    outer loop
      vertex 40.05 -35.65 50
      vertex 41.9 -37.5 50
      vertex 41.3171 -35.5503 50
    endloop
  endfacet
  facet normal -0 0 1
    outer loop
      vertex -40.05 -35.65 50
      vertex 41.9 -37.5 50
      vertex 40.05 -35.65 50
    endloop
  endfacet
  facet normal 0 0 1
    outer loop
      vertex -40.05 -35.65 50
      vertex -41.9 -37.5 50
      vertex 41.9 -37.5 50
    endloop
  endfacet
  facet normal 0 0 1
    outer loop
      vertex -41.3171 -35.5503 50
      vertex -41.9 -37.5 50
      vertex -40.05 -35.65 50
    endloop
  endfacet
  facet normal 0 0 1
    outer loop
      vertex -42.553 -35.2536 50
      vertex -41.9 -37.5 50
      vertex -41.3171 -35.5503 50
    endloop
  endfacet
  facet normal 0 0 1
    outer loop
      vertex -42.553 -35.2536 50
      vertex -43.1671 -37.4003 50
      vertex -41.9 -37.5 50
    endloop
  endfacet
  facet normal 0 0 1
    outer loop
      vertex -44.403 -37.1036 50
      vertex -42.553 -35.2536 50
      vertex -43.7273 -34.7672 50
    endloop
  endfacet
  facet normal 0 0 1
    outer loop
      vertex -42.553 -35.2536 50
      vertex -44.403 -37.1036 50
      vertex -43.1671 -37.4003 50
    endloop
  endfacet
  facet normal 0 0 1
    outer loop
      vertex -45.5773 -36.6172 50
      vertex -43.7273 -34.7672 50
      vertex -44.8111 -34.103 50
    endloop
  endfacet
  facet normal 0 0 1
    outer loop
      vertex -43.7273 -34.7672 50
      vertex -45.5773 -36.6172 50
      vertex -44.403 -37.1036 50
    endloop
  endfacet
  facet normal 0 0 1
    outer loop
      vertex -46.6611 -35.953 50
      vertex -44.8111 -34.103 50
      vertex -45.7776 -33.2776 50
    endloop
  endfacet
  facet normal 0 0 1
    outer loop
      vertex -48.453 -34.1611 50
      vertex -45.7776 -33.2776 50
      vertex -46.603 -32.3111 50
    endloop
  endfacet
  facet normal 0 0 1
    outer loop
      vertex -44.8111 -34.103 50
      vertex -46.6611 -35.953 50
      vertex -45.5773 -36.6172 50
    endloop
  endfacet
  facet normal 0 0 1
    outer loop
      vertex -49.1172 -33.0773 50
      vertex -46.603 -32.3111 50
      vertex -47.2672 -31.2273 50
    endloop
  endfacet
  facet normal 0 0 1
    outer loop
      vertex -45.7776 -33.2776 50
      vertex -47.6276 -35.1276 50
      vertex -46.6611 -35.953 50
    endloop
  endfacet
  facet normal 0 0 1
    outer loop
      vertex -49.6036 -31.903 50
      vertex -47.2672 -31.2273 50
      vertex -47.7536 -30.053 50
    endloop
  endfacet
  facet normal -0 0 1
    outer loop
      vertex -50 -29.4 50
      vertex -47.7536 -30.053 50
      vertex -48.0503 -28.8171 50
    endloop
  endfacet
  facet normal 0 0 1
    outer loop
      vertex -50 -29.4 50
      vertex -48.0503 -28.8171 50
      vertex -48.15 -27.55 50
    endloop
  endfacet
  facet normal 0 0 1
    outer loop
      vertex -45.7776 -33.2776 50
      vertex -48.453 -34.1611 50
      vertex -47.6276 -35.1276 50
    endloop
  endfacet
  facet normal 0 0 1
    outer loop
      vertex -48.15 27.55 50
      vertex -50 29.4 50
      vertex -48.15 -27.55 50
    endloop
  endfacet
  facet normal 0 0 1
    outer loop
      vertex -50 29.4 50
      vertex -47.7536 30.053 50
      vertex -49.9003 30.6671 50
    endloop
  endfacet
  facet normal 0 0 1
    outer loop
      vertex -50 -29.4 50
      vertex -48.15 -27.55 50
      vertex -50 29.4 50
    endloop
  endfacet
  facet normal 0 0 1
    outer loop
      vertex -47.7536 30.053 50
      vertex -50 29.4 50
      vertex -48.0503 28.8171 50
    endloop
  endfacet
  facet normal 0 0 1
    outer loop
      vertex -47.7536 -30.053 50
      vertex -50 -29.4 50
      vertex -49.9003 -30.6671 50
    endloop
  endfacet
  facet normal 0 0 1
    outer loop
      vertex -48.0503 28.8171 50
      vertex -50 29.4 50
      vertex -48.15 27.55 50
    endloop
  endfacet
  facet normal 0 0 1
    outer loop
      vertex -46.603 -32.3111 50
      vertex -49.1172 -33.0773 50
      vertex -48.453 -34.1611 50
    endloop
  endfacet
  facet normal 0 0 1
    outer loop
      vertex -47.2672 -31.2273 50
      vertex -49.6036 -31.903 50
      vertex -49.1172 -33.0773 50
    endloop
  endfacet
  facet normal 0 0 1
    outer loop
      vertex -47.7536 -30.053 50
      vertex -49.9003 -30.6671 50
      vertex -49.6036 -31.903 50
    endloop
  endfacet
  facet normal 0.996919 0.0784412 0
    outer loop
      vertex 50 29.4 50
      vertex 49.9003 30.6671 0
      vertex 49.9003 30.6671 50
    endloop
  endfacet
  facet normal 0.996919 0.0784412 0
    outer loop
      vertex 49.9003 30.6671 0
      vertex 50 29.4 50
      vertex 50 29.4 0
    endloop
  endfacet
  facet normal 0 -1 0
    outer loop
      vertex -41.9 -37.5 50
      vertex 0 -37.5 30
      vertex 41.9 -37.5 50
    endloop
  endfacet
  facet normal 0 -1 0
    outer loop
      vertex -41.9 -37.5 50
      vertex -0.782172 -37.5 29.9384
      vertex 0 -37.5 30
    endloop
  endfacet
  facet normal 0 -1 0
    outer loop
      vertex -41.9 -37.5 50
      vertex -1.54508 -37.5 29.7553
      vertex -0.782172 -37.5 29.9384
    endloop
  endfacet
  facet normal 0 -1 0
    outer loop
      vertex -41.9 -37.5 50
      vertex -2.26995 -37.5 29.455
      vertex -1.54508 -37.5 29.7553
    endloop
  endfacet
  facet normal 0 -1 0
    outer loop
      vertex -41.9 -37.5 50
      vertex -2.93893 -37.5 29.0451
      vertex -2.26995 -37.5 29.455
    endloop
  endfacet
  facet normal 0 -1 0
    outer loop
      vertex -41.9 -37.5 50
      vertex -3.53553 -37.5 28.5355
      vertex -2.93893 -37.5 29.0451
    endloop
  endfacet
  facet normal 0 -1 0
    outer loop
      vertex -41.9 -37.5 50
      vertex -4.04508 -37.5 27.9389
      vertex -3.53553 -37.5 28.5355
    endloop
  endfacet
  facet normal 0 -1 0
    outer loop
      vertex -41.9 -37.5 50
      vertex -4.45503 -37.5 27.27
      vertex -4.04508 -37.5 27.9389
    endloop
  endfacet
  facet normal 0 -1 0
    outer loop
      vertex -41.9 -37.5 50
      vertex -4.75528 -37.5 26.5451
      vertex -4.45503 -37.5 27.27
    endloop
  endfacet
  facet normal 0 -1 0
    outer loop
      vertex -41.9 -37.5 50
      vertex -4.93844 -37.5 25.7822
      vertex -4.75528 -37.5 26.5451
    endloop
  endfacet
  facet normal 0 -1 0
    outer loop
      vertex -41.9 -37.5 50
      vertex -5 -37.5 25
      vertex -4.93844 -37.5 25.7822
    endloop
  endfacet
  facet normal 0 -1 0
    outer loop
      vertex -41.9 -37.5 0
      vertex -5 -37.5 25
      vertex -41.9 -37.5 50
    endloop
  endfacet
  facet normal 0 -1 -0
    outer loop
      vertex -5 -37.5 25
      vertex -41.9 -37.5 0
      vertex -5 -37.5 5
    endloop
  endfacet
  facet normal 0 -1 -0
    outer loop
      vertex -5 -37.5 5
      vertex -41.9 -37.5 0
      vertex -4.93844 -37.5 4.21783
    endloop
  endfacet
  facet normal 0 -1 -0
    outer loop
      vertex -4.93844 -37.5 4.21783
      vertex -41.9 -37.5 0
      vertex -4.75528 -37.5 3.45492
    endloop
  endfacet
  facet normal 0 -1 -0
    outer loop
      vertex -4.75528 -37.5 3.45492
      vertex -41.9 -37.5 0
      vertex -4.45503 -37.5 2.73005
    endloop
  endfacet
  facet normal 0 -1 -0
    outer loop
      vertex -4.45503 -37.5 2.73005
      vertex -41.9 -37.5 0
      vertex -4.04508 -37.5 2.06107
    endloop
  endfacet
  facet normal 0 -1 0
    outer loop
      vertex -41.9 -37.5 0
      vertex -3.53553 -37.5 1.46447
      vertex -4.04508 -37.5 2.06107
    endloop
  endfacet
  facet normal 0 -1 0
    outer loop
      vertex -41.9 -37.5 0
      vertex -2.93893 -37.5 0.954915
      vertex -3.53553 -37.5 1.46447
    endloop
  endfacet
  facet normal 0 -1 0
    outer loop
      vertex -41.9 -37.5 0
      vertex -2.26995 -37.5 0.544968
      vertex -2.93893 -37.5 0.954915
    endloop
  endfacet
  facet normal 0 -1 0
    outer loop
      vertex -41.9 -37.5 0
      vertex -1.54508 -37.5 0.244718
      vertex -2.26995 -37.5 0.544968
    endloop
  endfacet
  facet normal 0 -1 0
    outer loop
      vertex -41.9 -37.5 0
      vertex -0.782172 -37.5 0.0615587
      vertex -1.54508 -37.5 0.244718
    endloop
  endfacet
  facet normal 0 -1 -0
    outer loop
      vertex -0.782172 -37.5 0.0615587
      vertex -41.9 -37.5 0
      vertex 0 -37.5 0
    endloop
  endfacet
  facet normal 0 -1 0
    outer loop
      vertex 0.782172 -37.5 29.9384
      vertex 41.9 -37.5 50
      vertex 0 -37.5 30
    endloop
  endfacet
  facet normal 0 -1 0
    outer loop
      vertex 1.54508 -37.5 29.7553
      vertex 41.9 -37.5 50
      vertex 0.782172 -37.5 29.9384
    endloop
  endfacet
  facet normal 0 -1 0
    outer loop
      vertex 2.26995 -37.5 29.455
      vertex 41.9 -37.5 50
      vertex 1.54508 -37.5 29.7553
    endloop
  endfacet
  facet normal 0 -1 0
    outer loop
      vertex 2.93893 -37.5 29.0451
      vertex 41.9 -37.5 50
      vertex 2.26995 -37.5 29.455
    endloop
  endfacet
  facet normal 0 -1 0
    outer loop
      vertex 3.53553 -37.5 28.5355
      vertex 41.9 -37.5 50
      vertex 2.93893 -37.5 29.0451
    endloop
  endfacet
  facet normal 0 -1 0
    outer loop
      vertex 4.04508 -37.5 27.9389
      vertex 41.9 -37.5 50
      vertex 3.53553 -37.5 28.5355
    endloop
  endfacet
  facet normal 0 -1 0
    outer loop
      vertex 4.45503 -37.5 27.27
      vertex 41.9 -37.5 50
      vertex 4.04508 -37.5 27.9389
    endloop
  endfacet
  facet normal 0 -1 0
    outer loop
      vertex 4.75528 -37.5 26.5451
      vertex 41.9 -37.5 50
      vertex 4.45503 -37.5 27.27
    endloop
  endfacet
  facet normal 0 -1 0
    outer loop
      vertex 4.93844 -37.5 25.7822
      vertex 41.9 -37.5 50
      vertex 4.75528 -37.5 26.5451
    endloop
  endfacet
  facet normal 0 -1 0
    outer loop
      vertex 5 -37.5 25
      vertex 41.9 -37.5 50
      vertex 4.93844 -37.5 25.7822
    endloop
  endfacet
  facet normal 0 -1 0
    outer loop
      vertex 41.9 -37.5 0
      vertex 5 -37.5 25
      vertex 5 -37.5 5
    endloop
  endfacet
  facet normal 0 -1 0
    outer loop
      vertex 41.9 -37.5 0
      vertex 5 -37.5 5
      vertex 4.93844 -37.5 4.21783
    endloop
  endfacet
  facet normal 0 -1 0
    outer loop
      vertex 41.9 -37.5 0
      vertex 4.93844 -37.5 4.21783
      vertex 4.75528 -37.5 3.45492
    endloop
  endfacet
  facet normal 0 -1 0
    outer loop
      vertex 41.9 -37.5 0
      vertex 4.75528 -37.5 3.45492
      vertex 4.45503 -37.5 2.73005
    endloop
  endfacet
  facet normal 0 -1 0
    outer loop
      vertex 41.9 -37.5 0
      vertex 4.45503 -37.5 2.73005
      vertex 4.04508 -37.5 2.06107
    endloop
  endfacet
  facet normal 0 -1 0
    outer loop
      vertex 5 -37.5 25
      vertex 41.9 -37.5 0
      vertex 41.9 -37.5 50
    endloop
  endfacet
  facet normal 0 -1 0
    outer loop
      vertex 3.53553 -37.5 1.46447
      vertex 41.9 -37.5 0
      vertex 4.04508 -37.5 2.06107
    endloop
  endfacet
  facet normal 0 -1 0
    outer loop
      vertex 2.93893 -37.5 0.954915
      vertex 41.9 -37.5 0
      vertex 3.53553 -37.5 1.46447
    endloop
  endfacet
  facet normal 0 -1 0
    outer loop
      vertex 2.26995 -37.5 0.544968
      vertex 41.9 -37.5 0
      vertex 2.93893 -37.5 0.954915
    endloop
  endfacet
  facet normal 0 -1 0
    outer loop
      vertex 1.54508 -37.5 0.244718
      vertex 41.9 -37.5 0
      vertex 2.26995 -37.5 0.544968
    endloop
  endfacet
  facet normal 0 -1 0
    outer loop
      vertex 0.782172 -37.5 0.0615587
      vertex 41.9 -37.5 0
      vertex 1.54508 -37.5 0.244718
    endloop
  endfacet
  facet normal 0 -1 0
    outer loop
      vertex 41.9 -37.5 0
      vertex 0.782172 -37.5 0.0615587
      vertex 0 -37.5 0
    endloop
  endfacet
  facet normal -1 -0 0
    outer loop
      vertex -50 -5 5
      vertex -50 -29.4 0
      vertex -50 -5 25
    endloop
  endfacet
  facet normal -1 -0 0
    outer loop
      vertex -50 -4.93844 4.21783
      vertex -50 -29.4 0
      vertex -50 -5 5
    endloop
  endfacet
  facet normal -1 -0 0
    outer loop
      vertex -50 -4.75528 3.45492
      vertex -50 -29.4 0
      vertex -50 -4.93844 4.21783
    endloop
  endfacet
  facet normal -1 -0 0
    outer loop
      vertex -50 -4.45503 2.73005
      vertex -50 -29.4 0
      vertex -50 -4.75528 3.45492
    endloop
  endfacet
  facet normal -1 -0 0
    outer loop
      vertex -50 -4.04508 2.06107
      vertex -50 -29.4 0
      vertex -50 -4.45503 2.73005
    endloop
  endfacet
  facet normal -1 -0 0
    outer loop
      vertex -50 -3.53553 1.46447
      vertex -50 -29.4 0
      vertex -50 -4.04508 2.06107
    endloop
  endfacet
  facet normal -1 -0 0
    outer loop
      vertex -50 -2.93893 0.954915
      vertex -50 -29.4 0
      vertex -50 -3.53553 1.46447
    endloop
  endfacet
  facet normal -1 -0 0
    outer loop
      vertex -50 -2.26995 0.544968
      vertex -50 -29.4 0
      vertex -50 -2.93893 0.954915
    endloop
  endfacet
  facet normal -1 -0 0
    outer loop
      vertex -50 -1.54508 0.244718
      vertex -50 -29.4 0
      vertex -50 -2.26995 0.544968
    endloop
  endfacet
  facet normal -1 -0 0
    outer loop
      vertex -50 -0.782172 0.0615587
      vertex -50 -29.4 0
      vertex -50 -1.54508 0.244718
    endloop
  endfacet
  facet normal -1 0 0
    outer loop
      vertex -50 -29.4 0
      vertex -50 -0.782172 0.0615587
      vertex -50 0 0
    endloop
  endfacet
  facet normal -1 0 0
    outer loop
      vertex -50 5 25
      vertex -50 29.4 0
      vertex -50 5 5
    endloop
  endfacet
  facet normal -1 0 0
    outer loop
      vertex -50 29.4 0
      vertex -50 4.93844 4.21783
      vertex -50 5 5
    endloop
  endfacet
  facet normal -1 0 0
    outer loop
      vertex -50 29.4 0
      vertex -50 4.75528 3.45492
      vertex -50 4.93844 4.21783
    endloop
  endfacet
  facet normal -1 0 0
    outer loop
      vertex -50 29.4 0
      vertex -50 4.45503 2.73005
      vertex -50 4.75528 3.45492
    endloop
  endfacet
  facet normal -1 0 0
    outer loop
      vertex -50 29.4 0
      vertex -50 4.04508 2.06107
      vertex -50 4.45503 2.73005
    endloop
  endfacet
  facet normal -1 0 0
    outer loop
      vertex -50 29.4 0
      vertex -50 3.53553 1.46447
      vertex -50 4.04508 2.06107
    endloop
  endfacet
  facet normal -1 0 0
    outer loop
      vertex -50 29.4 0
      vertex -50 2.93893 0.954915
      vertex -50 3.53553 1.46447
    endloop
  endfacet
  facet normal -1 0 0
    outer loop
      vertex -50 29.4 0
      vertex -50 2.26995 0.544968
      vertex -50 2.93893 0.954915
    endloop
  endfacet
  facet normal -1 0 0
    outer loop
      vertex -50 29.4 0
      vertex -50 1.54508 0.244718
      vertex -50 2.26995 0.544968
    endloop
  endfacet
  facet normal -1 0 0
    outer loop
      vertex -50 29.4 0
      vertex -50 0.782172 0.0615587
      vertex -50 1.54508 0.244718
    endloop
  endfacet
  facet normal -1 0 -0
    outer loop
      vertex -50 0.782172 0.0615587
      vertex -50 29.4 0
      vertex -50 0 0
    endloop
  endfacet
  facet normal -1 0 0
    outer loop
      vertex -50 29.4 0
      vertex -50 5 25
      vertex -50 29.4 50
    endloop
  endfacet
  facet normal -1 0 0
    outer loop
      vertex -50 4.93844 25.7822
      vertex -50 29.4 50
      vertex -50 5 25
    endloop
  endfacet
  facet normal -1 0 0
    outer loop
      vertex -50 4.75528 26.5451
      vertex -50 29.4 50
      vertex -50 4.93844 25.7822
    endloop
  endfacet
  facet normal -1 0 0
    outer loop
      vertex -50 4.45503 27.27
      vertex -50 29.4 50
      vertex -50 4.75528 26.5451
    endloop
  endfacet
  facet normal -1 0 0
    outer loop
      vertex -50 4.04508 27.9389
      vertex -50 29.4 50
      vertex -50 4.45503 27.27
    endloop
  endfacet
  facet normal -1 0 0
    outer loop
      vertex -50 3.53553 28.5355
      vertex -50 29.4 50
      vertex -50 4.04508 27.9389
    endloop
  endfacet
  facet normal -1 0 0
    outer loop
      vertex -50 2.93893 29.0451
      vertex -50 29.4 50
      vertex -50 3.53553 28.5355
    endloop
  endfacet
  facet normal -1 0 0
    outer loop
      vertex -50 2.26995 29.455
      vertex -50 29.4 50
      vertex -50 2.93893 29.0451
    endloop
  endfacet
  facet normal -1 0 0
    outer loop
      vertex -50 1.54508 29.7553
      vertex -50 29.4 50
      vertex -50 2.26995 29.455
    endloop
  endfacet
  facet normal -1 0 0
    outer loop
      vertex -50 0.782172 29.9384
      vertex -50 29.4 50
      vertex -50 1.54508 29.7553
    endloop
  endfacet
  facet normal -1 0 0
    outer loop
      vertex -50 0 30
      vertex -50 29.4 50
      vertex -50 0.782172 29.9384
    endloop
  endfacet
  facet normal -1 0 0
    outer loop
      vertex -50 -29.4 50
      vertex -50 0 30
      vertex -50 -0.782172 29.9384
    endloop
  endfacet
  facet normal -1 0 0
    outer loop
      vertex -50 -29.4 50
      vertex -50 -0.782172 29.9384
      vertex -50 -1.54508 29.7553
    endloop
  endfacet
  facet normal -1 0 0
    outer loop
      vertex -50 -29.4 50
      vertex -50 -1.54508 29.7553
      vertex -50 -2.26995 29.455
    endloop
  endfacet
  facet normal -1 0 0
    outer loop
      vertex -50 -29.4 50
      vertex -50 -2.26995 29.455
      vertex -50 -2.93893 29.0451
    endloop
  endfacet
  facet normal -1 0 0
    outer loop
      vertex -50 -29.4 50
      vertex -50 -5 25
      vertex -50 -29.4 0
    endloop
  endfacet
  facet normal -1 0 0
    outer loop
      vertex -50 -5 25
      vertex -50 -29.4 50
      vertex -50 -4.93844 25.7822
    endloop
  endfacet
  facet normal -1 0 0
    outer loop
      vertex -50 -4.93844 25.7822
      vertex -50 -29.4 50
      vertex -50 -4.75528 26.5451
    endloop
  endfacet
  facet normal -1 0 0
    outer loop
      vertex -50 -4.75528 26.5451
      vertex -50 -29.4 50
      vertex -50 -4.45503 27.27
    endloop
  endfacet
  facet normal -1 0 0
    outer loop
      vertex -50 -4.45503 27.27
      vertex -50 -29.4 50
      vertex -50 -4.04508 27.9389
    endloop
  endfacet
  facet normal -1 0 0
    outer loop
      vertex -50 0 30
      vertex -50 -29.4 50
      vertex -50 29.4 50
    endloop
  endfacet
  facet normal -1 0 0
    outer loop
      vertex -50 -3.53553 28.5355
      vertex -50 -29.4 50
      vertex -50 -2.93893 29.0451
    endloop
  endfacet
  facet normal -1 0 0
    outer loop
      vertex -50 -4.04508 27.9389
      vertex -50 -29.4 50
      vertex -50 -3.53553 28.5355
    endloop
  endfacet
  facet normal -0.649417 -0.760433 0
    outer loop
      vertex -47.6276 -35.1276 0
      vertex -46.6611 -35.953 50
      vertex -47.6276 -35.1276 50
    endloop
  endfacet
  facet normal -0.649417 -0.760433 -0
    outer loop
      vertex -46.6611 -35.953 50
      vertex -47.6276 -35.1276 0
      vertex -46.6611 -35.953 0
    endloop
  endfacet
  facet normal -0.233435 -0.972372 0
    outer loop
      vertex -44.403 -37.1036 0
      vertex -43.1671 -37.4003 50
      vertex -44.403 -37.1036 50
    endloop
  endfacet
  facet normal -0.233435 -0.972372 -0
    outer loop
      vertex -43.1671 -37.4003 50
      vertex -44.403 -37.1036 0
      vertex -43.1671 -37.4003 0
    endloop
  endfacet
  facet normal 0 0 -1
    outer loop
      vertex 5.03419 -2.56505 0
      vertex 50 0 0
      vertex 50 -29.4 0
    endloop
  endfacet
  facet normal 0 0 -1
    outer loop
      vertex 41.9 -37.5 0
      vertex 50 -29.4 0
      vertex 49.9003 -30.6671 0
    endloop
  endfacet
  facet normal 0 0 -1
    outer loop
      vertex 5.58044 0.883854 0
      vertex 50 0 0
      vertex 5.65 0 0
    endloop
  endfacet
  facet normal 0 0 -1
    outer loop
      vertex 41.9 -37.5 0
      vertex 49.9003 -30.6671 0
      vertex 49.6036 -31.903 0
    endloop
  endfacet
  facet normal 0 0 -1
    outer loop
      vertex 5.37347 1.74595 0
      vertex 50 0 0
      vertex 5.58044 0.883854 0
    endloop
  endfacet
  facet normal 0 0 -1
    outer loop
      vertex 41.9 -37.5 0
      vertex 49.6036 -31.903 0
      vertex 49.1172 -33.0773 0
    endloop
  endfacet
  facet normal 0 0 -1
    outer loop
      vertex 5.03419 2.56505 0
      vertex 50 0 0
      vertex 5.37347 1.74595 0
    endloop
  endfacet
  facet normal 0 0 -1
    outer loop
      vertex 41.9 -37.5 0
      vertex 49.1172 -33.0773 0
      vertex 48.453 -34.1611 0
    endloop
  endfacet
  facet normal 0 0 -1
    outer loop
      vertex 50 0 0
      vertex 5.03419 2.56505 0
      vertex 50 29.4 0
    endloop
  endfacet
  facet normal 0 0 -1
    outer loop
      vertex 41.9 -37.5 0
      vertex 48.453 -34.1611 0
      vertex 47.6276 -35.1276 0
    endloop
  endfacet
  facet normal 0 -0 -1
    outer loop
      vertex 41.9 37.5 0
      vertex 50 29.4 0
      vertex 5.03419 2.56505 0
    endloop
  endfacet
  facet normal 0 0 -1
    outer loop
      vertex 41.9 -37.5 0
      vertex 47.6276 -35.1276 0
      vertex 46.6611 -35.953 0
    endloop
  endfacet
  facet normal 0 0 -1
    outer loop
      vertex 50 29.4 0
      vertex 41.9 37.5 0
      vertex 49.9003 30.6671 0
    endloop
  endfacet
  facet normal 0 0 -1
    outer loop
      vertex 41.9 -37.5 0
      vertex 46.6611 -35.953 0
      vertex 45.5773 -36.6172 0
    endloop
  endfacet
  facet normal 0 0 -1
    outer loop
      vertex 49.6036 31.903 0
      vertex 41.9 37.5 0
      vertex 49.1172 33.0773 0
    endloop
  endfacet
  facet normal 0 0 -1
    outer loop
      vertex 41.9 -37.5 0
      vertex 45.5773 -36.6172 0
      vertex 44.403 -37.1036 0
    endloop
  endfacet
  facet normal 0 0 -1
    outer loop
      vertex 49.1172 33.0773 0
      vertex 41.9 37.5 0
      vertex 48.453 34.1611 0
    endloop
  endfacet
  facet normal 0 0 -1
    outer loop
      vertex 41.9 -37.5 0
      vertex 44.403 -37.1036 0
      vertex 43.1671 -37.4003 0
    endloop
  endfacet
  facet normal 0 0 -1
    outer loop
      vertex 47.6276 35.1276 0
      vertex 41.9 37.5 0
      vertex 46.6611 35.953 0
    endloop
  endfacet
  facet normal -0 0 -1
    outer loop
      vertex 50 -29.4 0
      vertex 41.9 -37.5 0
      vertex 5.03419 -2.56505 0
    endloop
  endfacet
  facet normal 0 0 -1
    outer loop
      vertex 46.6611 35.953 0
      vertex 41.9 37.5 0
      vertex 45.5773 36.6172 0
    endloop
  endfacet
  facet normal 0 0 -1
    outer loop
      vertex 44.403 37.1036 0
      vertex 41.9 37.5 0
      vertex 43.1671 37.4003 0
    endloop
  endfacet
  facet normal -0 0 -1
    outer loop
      vertex 50 0 0
      vertex 5.58044 -0.883854 0
      vertex 5.65 0 0
    endloop
  endfacet
  facet normal 0 0 -1
    outer loop
      vertex 50 0 0
      vertex 5.37347 -1.74595 0
      vertex 5.58044 -0.883854 0
    endloop
  endfacet
  facet normal 0 0 -1
    outer loop
      vertex 50 0 0
      vertex 5.03419 -2.56505 0
      vertex 5.37347 -1.74595 0
    endloop
  endfacet
  facet normal 0 0 -1
    outer loop
      vertex 41.9 -37.5 0
      vertex 4.57095 -3.32099 0
      vertex 5.03419 -2.56505 0
    endloop
  endfacet
  facet normal 0 0 -1
    outer loop
      vertex 41.9 -37.5 0
      vertex 3.99515 -3.99515 0
      vertex 4.57095 -3.32099 0
    endloop
  endfacet
  facet normal 0 0 -1
    outer loop
      vertex 0 -37.5 0
      vertex 3.99515 -3.99515 0
      vertex 41.9 -37.5 0
    endloop
  endfacet
  facet normal 0 0 -1
    outer loop
      vertex 3.99515 -3.99515 0
      vertex 0 -37.5 0
      vertex 3.32099 -4.57095 0
    endloop
  endfacet
  facet normal 0 0 -1
    outer loop
      vertex 3.32099 -4.57095 0
      vertex 0 -37.5 0
      vertex 2.56505 -5.03419 0
    endloop
  endfacet
  facet normal 0 0 -1
    outer loop
      vertex 2.56505 -5.03419 0
      vertex 0 -37.5 0
      vertex 1.74595 -5.37347 0
    endloop
  endfacet
  facet normal 0 0 -1
    outer loop
      vertex 1.74595 -5.37347 0
      vertex 0 -37.5 0
      vertex 0.883854 -5.58044 0
    endloop
  endfacet
  facet normal 0 0 -1
    outer loop
      vertex 0 -37.5 0
      vertex 0 -5.65 0
      vertex 0.883854 -5.58044 0
    endloop
  endfacet
  facet normal 0 0 -1
    outer loop
      vertex 0 -37.5 0
      vertex -0.883854 -5.58044 0
      vertex 0 -5.65 0
    endloop
  endfacet
  facet normal 0 0 -1
    outer loop
      vertex 0 -37.5 0
      vertex -1.74595 -5.37347 0
      vertex -0.883854 -5.58044 0
    endloop
  endfacet
  facet normal 0 0 -1
    outer loop
      vertex 0 -37.5 0
      vertex -2.56505 -5.03419 0
      vertex -1.74595 -5.37347 0
    endloop
  endfacet
  facet normal 0 0 -1
    outer loop
      vertex 0 -37.5 0
      vertex -3.32099 -4.57095 0
      vertex -2.56505 -5.03419 0
    endloop
  endfacet
  facet normal 0 0 -1
    outer loop
      vertex 0 -37.5 0
      vertex -3.99515 -3.99515 0
      vertex -3.32099 -4.57095 0
    endloop
  endfacet
  facet normal 0 0 -1
    outer loop
      vertex -41.9 -37.5 0
      vertex -3.99515 -3.99515 0
      vertex 0 -37.5 0
    endloop
  endfacet
  facet normal -0 0 -1
    outer loop
      vertex -3.99515 -3.99515 0
      vertex -41.9 -37.5 0
      vertex -4.57095 -3.32099 0
    endloop
  endfacet
  facet normal -0 0 -1
    outer loop
      vertex -4.57095 -3.32099 0
      vertex -41.9 -37.5 0
      vertex -5.03419 -2.56505 0
    endloop
  endfacet
  facet normal 0 0 -1
    outer loop
      vertex -50 -29.4 0
      vertex -5.03419 -2.56505 0
      vertex -41.9 -37.5 0
    endloop
  endfacet
  facet normal 0 0 -1
    outer loop
      vertex -5.03419 -2.56505 0
      vertex -50 0 0
      vertex -5.37347 -1.74595 0
    endloop
  endfacet
  facet normal 0 0 -1
    outer loop
      vertex -50 0 0
      vertex -5.03419 -2.56505 0
      vertex -50 -29.4 0
    endloop
  endfacet
  facet normal 0 0 -1
    outer loop
      vertex 45.5773 36.6172 0
      vertex 41.9 37.5 0
      vertex 44.403 37.1036 0
    endloop
  endfacet
  facet normal 0 0 -1
    outer loop
      vertex 48.453 34.1611 0
      vertex 41.9 37.5 0
      vertex 47.6276 35.1276 0
    endloop
  endfacet
  facet normal 0 0 -1
    outer loop
      vertex 49.9003 30.6671 0
      vertex 41.9 37.5 0
      vertex 49.6036 31.903 0
    endloop
  endfacet
  facet normal 0 0 -1
    outer loop
      vertex 4.57095 3.32099 0
      vertex 41.9 37.5 0
      vertex 5.03419 2.56505 0
    endloop
  endfacet
  facet normal 0 0 -1
    outer loop
      vertex 3.99515 3.99515 0
      vertex 41.9 37.5 0
      vertex 4.57095 3.32099 0
    endloop
  endfacet
  facet normal 0 0 -1
    outer loop
      vertex 0 37.5 0
      vertex 3.99515 3.99515 0
      vertex 3.32099 4.57095 0
    endloop
  endfacet
  facet normal 0 0 -1
    outer loop
      vertex 0 37.5 0
      vertex 3.32099 4.57095 0
      vertex 2.56505 5.03419 0
    endloop
  endfacet
  facet normal 0 0 -1
    outer loop
      vertex 0 37.5 0
      vertex 2.56505 5.03419 0
      vertex 1.74595 5.37347 0
    endloop
  endfacet
  facet normal 0 0 -1
    outer loop
      vertex 0 37.5 0
      vertex 1.74595 5.37347 0
      vertex 0.883854 5.58044 0
    endloop
  endfacet
  facet normal 0 0 -1
    outer loop
      vertex 0 37.5 0
      vertex 0.883854 5.58044 0
      vertex 0 5.65 0
    endloop
  endfacet
  facet normal 0 0 -1
    outer loop
      vertex 3.99515 3.99515 0
      vertex 0 37.5 0
      vertex 41.9 37.5 0
    endloop
  endfacet
  facet normal 0 0 -1
    outer loop
      vertex -0.883854 5.58044 0
      vertex 0 37.5 0
      vertex 0 5.65 0
    endloop
  endfacet
  facet normal 0 0 -1
    outer loop
      vertex -1.74595 5.37347 0
      vertex 0 37.5 0
      vertex -0.883854 5.58044 0
    endloop
  endfacet
  facet normal 0 0 -1
    outer loop
      vertex -2.56505 5.03419 0
      vertex 0 37.5 0
      vertex -1.74595 5.37347 0
    endloop
  endfacet
  facet normal 0 0 -1
    outer loop
      vertex -3.32099 4.57095 0
      vertex 0 37.5 0
      vertex -2.56505 5.03419 0
    endloop
  endfacet
  facet normal 0 0 -1
    outer loop
      vertex -3.99515 3.99515 0
      vertex 0 37.5 0
      vertex -3.32099 4.57095 0
    endloop
  endfacet
  facet normal 0 0 -1
    outer loop
      vertex -41.9 37.5 0
      vertex -3.99515 3.99515 0
      vertex -4.57095 3.32099 0
    endloop
  endfacet
  facet normal 0 0 -1
    outer loop
      vertex -41.9 37.5 0
      vertex -4.57095 3.32099 0
      vertex -5.03419 2.56505 0
    endloop
  endfacet
  facet normal 0 0 -1
    outer loop
      vertex -50 0 0
      vertex -5.03419 2.56505 0
      vertex -5.37347 1.74595 0
    endloop
  endfacet
  facet normal 0 0 -1
    outer loop
      vertex -50 0 0
      vertex -5.37347 1.74595 0
      vertex -5.58044 0.883854 0
    endloop
  endfacet
  facet normal 0 0 -1
    outer loop
      vertex -5.37347 -1.74595 0
      vertex -50 0 0
      vertex -5.58044 -0.883854 0
    endloop
  endfacet
  facet normal 0 0 -1
    outer loop
      vertex -5.65 0 0
      vertex -50 0 0
      vertex -5.58044 0.883854 0
    endloop
  endfacet
  facet normal -0 0 -1
    outer loop
      vertex -5.03419 2.56505 0
      vertex -50 0 0
      vertex -50 29.4 0
    endloop
  endfacet
  facet normal 0 0 -1
    outer loop
      vertex -50 -29.4 0
      vertex -41.9 -37.5 0
      vertex -43.1671 -37.4003 0
    endloop
  endfacet
  facet normal 0 0 -1
    outer loop
      vertex -3.99515 3.99515 0
      vertex -41.9 37.5 0
      vertex 0 37.5 0
    endloop
  endfacet
  facet normal 0 0 -1
    outer loop
      vertex -50 -29.4 0
      vertex -43.1671 -37.4003 0
      vertex -44.403 -37.1036 0
    endloop
  endfacet
  facet normal 0 0 -1
    outer loop
      vertex -5.03419 2.56505 0
      vertex -50 29.4 0
      vertex -41.9 37.5 0
    endloop
  endfacet
  facet normal 0 0 -1
    outer loop
      vertex -50 -29.4 0
      vertex -44.403 -37.1036 0
      vertex -45.5773 -36.6172 0
    endloop
  endfacet
  facet normal 0 0 -1
    outer loop
      vertex -41.9 37.5 0
      vertex -50 29.4 0
      vertex -43.1671 37.4003 0
    endloop
  endfacet
  facet normal 0 0 -1
    outer loop
      vertex -50 -29.4 0
      vertex -45.5773 -36.6172 0
      vertex -46.6611 -35.953 0
    endloop
  endfacet
  facet normal 0 0 -1
    outer loop
      vertex -43.1671 37.4003 0
      vertex -50 29.4 0
      vertex -44.403 37.1036 0
    endloop
  endfacet
  facet normal 0 0 -1
    outer loop
      vertex -50 -29.4 0
      vertex -46.6611 -35.953 0
      vertex -47.6276 -35.1276 0
    endloop
  endfacet
  facet normal 0 0 -1
    outer loop
      vertex -44.403 37.1036 0
      vertex -50 29.4 0
      vertex -45.5773 36.6172 0
    endloop
  endfacet
  facet normal 0 0 -1
    outer loop
      vertex -50 -29.4 0
      vertex -47.6276 -35.1276 0
      vertex -48.453 -34.1611 0
    endloop
  endfacet
  facet normal 0 0 -1
    outer loop
      vertex -45.5773 36.6172 0
      vertex -50 29.4 0
      vertex -46.6611 35.953 0
    endloop
  endfacet
  facet normal 0 0 -1
    outer loop
      vertex -50 -29.4 0
      vertex -48.453 -34.1611 0
      vertex -49.1172 -33.0773 0
    endloop
  endfacet
  facet normal 0 0 -1
    outer loop
      vertex -46.6611 35.953 0
      vertex -50 29.4 0
      vertex -47.6276 35.1276 0
    endloop
  endfacet
  facet normal 0 0 -1
    outer loop
      vertex -50 -29.4 0
      vertex -49.1172 -33.0773 0
      vertex -49.6036 -31.903 0
    endloop
  endfacet
  facet normal 0 0 -1
    outer loop
      vertex -47.6276 35.1276 0
      vertex -50 29.4 0
      vertex -48.453 34.1611 0
    endloop
  endfacet
  facet normal 0 0 -1
    outer loop
      vertex -50 -29.4 0
      vertex -49.6036 -31.903 0
      vertex -49.9003 -30.6671 0
    endloop
  endfacet
  facet normal 0 0 -1
    outer loop
      vertex -48.453 34.1611 0
      vertex -50 29.4 0
      vertex -49.1172 33.0773 0
    endloop
  endfacet
  facet normal 0 0 -1
    outer loop
      vertex -5.58044 -0.883854 0
      vertex -50 0 0
      vertex -5.65 0 0
    endloop
  endfacet
  facet normal 0 0 -1
    outer loop
      vertex -49.1172 33.0773 0
      vertex -50 29.4 0
      vertex -49.6036 31.903 0
    endloop
  endfacet
  facet normal 0 0 -1
    outer loop
      vertex -49.6036 31.903 0
      vertex -50 29.4 0
      vertex -49.9003 30.6671 0
    endloop
  endfacet
  facet normal 1 0 0
    outer loop
      vertex 50 29.4 50
      vertex 50 5 25
      vertex 50 29.4 0
    endloop
  endfacet
  facet normal 1 0 0
    outer loop
      vertex 50 29.4 50
      vertex 50 4.93844 25.7822
      vertex 50 5 25
    endloop
  endfacet
  facet normal 1 0 0
    outer loop
      vertex 50 29.4 50
      vertex 50 4.75528 26.5451
      vertex 50 4.93844 25.7822
    endloop
  endfacet
  facet normal 1 0 0
    outer loop
      vertex 50 29.4 50
      vertex 50 4.45503 27.27
      vertex 50 4.75528 26.5451
    endloop
  endfacet
  facet normal 1 0 0
    outer loop
      vertex 50 29.4 50
      vertex 50 4.04508 27.9389
      vertex 50 4.45503 27.27
    endloop
  endfacet
  facet normal 1 0 0
    outer loop
      vertex 50 29.4 50
      vertex 50 3.53553 28.5355
      vertex 50 4.04508 27.9389
    endloop
  endfacet
  facet normal 1 0 0
    outer loop
      vertex 50 29.4 50
      vertex 50 2.93893 29.0451
      vertex 50 3.53553 28.5355
    endloop
  endfacet
  facet normal 1 0 0
    outer loop
      vertex 50 29.4 50
      vertex 50 2.26995 29.455
      vertex 50 2.93893 29.0451
    endloop
  endfacet
  facet normal 1 0 0
    outer loop
      vertex 50 29.4 50
      vertex 50 1.54508 29.7553
      vertex 50 2.26995 29.455
    endloop
  endfacet
  facet normal 1 0 0
    outer loop
      vertex 50 29.4 50
      vertex 50 0.782172 29.9384
      vertex 50 1.54508 29.7553
    endloop
  endfacet
  facet normal 1 0 0
    outer loop
      vertex 50 29.4 50
      vertex 50 0 30
      vertex 50 0.782172 29.9384
    endloop
  endfacet
  facet normal 1 -0 0
    outer loop
      vertex 50 -29.4 50
      vertex 50 0 30
      vertex 50 29.4 50
    endloop
  endfacet
  facet normal 1 0 0
    outer loop
      vertex 50 0 30
      vertex 50 -29.4 50
      vertex 50 -0.782172 29.9384
    endloop
  endfacet
  facet normal 1 0 0
    outer loop
      vertex 50 -0.782172 29.9384
      vertex 50 -29.4 50
      vertex 50 -1.54508 29.7553
    endloop
  endfacet
  facet normal 1 0 0
    outer loop
      vertex 50 -1.54508 29.7553
      vertex 50 -29.4 50
      vertex 50 -2.26995 29.455
    endloop
  endfacet
  facet normal 1 0 0
    outer loop
      vertex 50 -29.4 0
      vertex 50 -5 25
      vertex 50 -29.4 50
    endloop
  endfacet
  facet normal 1 0 0
    outer loop
      vertex 50 -4.93844 25.7822
      vertex 50 -29.4 50
      vertex 50 -5 25
    endloop
  endfacet
  facet normal 1 0 0
    outer loop
      vertex 50 -4.75528 26.5451
      vertex 50 -29.4 50
      vertex 50 -4.93844 25.7822
    endloop
  endfacet
  facet normal 1 0 0
    outer loop
      vertex 50 -4.45503 27.27
      vertex 50 -29.4 50
      vertex 50 -4.75528 26.5451
    endloop
  endfacet
  facet normal 1 0 0
    outer loop
      vertex 50 -4.04508 27.9389
      vertex 50 -29.4 50
      vertex 50 -4.45503 27.27
    endloop
  endfacet
  facet normal 1 0 0
    outer loop
      vertex 50 -3.53553 28.5355
      vertex 50 -29.4 50
      vertex 50 -4.04508 27.9389
    endloop
  endfacet
  facet normal 1 0 0
    outer loop
      vertex 50 -2.93893 29.0451
      vertex 50 -29.4 50
      vertex 50 -3.53553 28.5355
    endloop
  endfacet
  facet normal 1 0 0
    outer loop
      vertex 50 -2.26995 29.455
      vertex 50 -29.4 50
      vertex 50 -2.93893 29.0451
    endloop
  endfacet
  facet normal 1 -0 0
    outer loop
      vertex 50 5 5
      vertex 50 29.4 0
      vertex 50 5 25
    endloop
  endfacet
  facet normal 1 -0 0
    outer loop
      vertex 50 4.93844 4.21783
      vertex 50 29.4 0
      vertex 50 5 5
    endloop
  endfacet
  facet normal 1 -0 0
    outer loop
      vertex 50 4.75528 3.45492
      vertex 50 29.4 0
      vertex 50 4.93844 4.21783
    endloop
  endfacet
  facet normal 1 -0 0
    outer loop
      vertex 50 4.45503 2.73005
      vertex 50 29.4 0
      vertex 50 4.75528 3.45492
    endloop
  endfacet
  facet normal 1 -0 0
    outer loop
      vertex 50 4.04508 2.06107
      vertex 50 29.4 0
      vertex 50 4.45503 2.73005
    endloop
  endfacet
  facet normal 1 -0 0
    outer loop
      vertex 50 3.53553 1.46447
      vertex 50 29.4 0
      vertex 50 4.04508 2.06107
    endloop
  endfacet
  facet normal 1 -0 0
    outer loop
      vertex 50 2.93893 0.954915
      vertex 50 29.4 0
      vertex 50 3.53553 1.46447
    endloop
  endfacet
  facet normal 1 -0 0
    outer loop
      vertex 50 2.26995 0.544968
      vertex 50 29.4 0
      vertex 50 2.93893 0.954915
    endloop
  endfacet
  facet normal 1 -0 0
    outer loop
      vertex 50 1.54508 0.244718
      vertex 50 29.4 0
      vertex 50 2.26995 0.544968
    endloop
  endfacet
  facet normal 1 -0 0
    outer loop
      vertex 50 0.782172 0.0615587
      vertex 50 29.4 0
      vertex 50 1.54508 0.244718
    endloop
  endfacet
  facet normal 1 0 0
    outer loop
      vertex 50 29.4 0
      vertex 50 0.782172 0.0615587
      vertex 50 0 0
    endloop
  endfacet
  facet normal 1 0 0
    outer loop
      vertex 50 -5 25
      vertex 50 -29.4 0
      vertex 50 -5 5
    endloop
  endfacet
  facet normal 1 0 0
    outer loop
      vertex 50 -5 5
      vertex 50 -29.4 0
      vertex 50 -4.93844 4.21783
    endloop
  endfacet
  facet normal 1 0 0
    outer loop
      vertex 50 -4.93844 4.21783
      vertex 50 -29.4 0
      vertex 50 -4.75528 3.45492
    endloop
  endfacet
  facet normal 1 0 0
    outer loop
      vertex 50 -0.782172 0.0615587
      vertex 50 -29.4 0
      vertex 50 0 0
    endloop
  endfacet
  facet normal 1 0 0
    outer loop
      vertex 50 -1.54508 0.244718
      vertex 50 -29.4 0
      vertex 50 -0.782172 0.0615587
    endloop
  endfacet
  facet normal 1 0 0
    outer loop
      vertex 50 -2.26995 0.544968
      vertex 50 -29.4 0
      vertex 50 -1.54508 0.244718
    endloop
  endfacet
  facet normal 1 0 0
    outer loop
      vertex 50 -2.93893 0.954915
      vertex 50 -29.4 0
      vertex 50 -2.26995 0.544968
    endloop
  endfacet
  facet normal 1 0 0
    outer loop
      vertex 50 -3.53553 1.46447
      vertex 50 -29.4 0
      vertex 50 -2.93893 0.954915
    endloop
  endfacet
  facet normal 1 0 0
    outer loop
      vertex 50 -4.04508 2.06107
      vertex 50 -29.4 0
      vertex 50 -3.53553 1.46447
    endloop
  endfacet
  facet normal 1 0 0
    outer loop
      vertex 50 -4.45503 2.73005
      vertex 50 -29.4 0
      vertex 50 -4.04508 2.06107
    endloop
  endfacet
  facet normal 1 0 0
    outer loop
      vertex 50 -4.75528 3.45492
      vertex 50 -29.4 0
      vertex 50 -4.45503 2.73005
    endloop
  endfacet
  facet normal -0.522525 -0.852624 0
    outer loop
      vertex -46.6611 -35.953 0
      vertex -45.5773 -36.6172 50
      vertex -46.6611 -35.953 50
    endloop
  endfacet
  facet normal -0.522525 -0.852624 -0
    outer loop
      vertex -45.5773 -36.6172 50
      vertex -46.6611 -35.953 0
      vertex -45.5773 -36.6172 0
    endloop
  endfacet
  facet normal -0.0784412 -0.996919 0
    outer loop
      vertex -43.1671 -37.4003 0
      vertex -41.9 -37.5 50
      vertex -43.1671 -37.4003 50
    endloop
  endfacet
  facet normal -0.0784412 -0.996919 -0
    outer loop
      vertex -41.9 -37.5 50
      vertex -43.1671 -37.4003 0
      vertex -41.9 -37.5 0
    endloop
  endfacet
  facet normal -0.923883 -0.382676 0
    outer loop
      vertex -49.1172 -33.0773 0
      vertex -49.6036 -31.903 50
      vertex -49.6036 -31.903 0
    endloop
  endfacet
  facet normal -0.923883 -0.382676 0
    outer loop
      vertex -49.6036 -31.903 50
      vertex -49.1172 -33.0773 0
      vertex -49.1172 -33.0773 50
    endloop
  endfacet
  facet normal -0.996919 -0.0784412 0
    outer loop
      vertex -49.9003 -30.6671 0
      vertex -50 -29.4 50
      vertex -50 -29.4 0
    endloop
  endfacet
  facet normal -0.996919 -0.0784412 0
    outer loop
      vertex -50 -29.4 50
      vertex -49.9003 -30.6671 0
      vertex -49.9003 -30.6671 50
    endloop
  endfacet
  facet normal 0 1 0
    outer loop
      vertex 41.9 37.5 50
      vertex 0 37.5 30
      vertex -41.9 37.5 50
    endloop
  endfacet
  facet normal 0 1 0
    outer loop
      vertex 41.9 37.5 50
      vertex 0.782172 37.5 29.9384
      vertex 0 37.5 30
    endloop
  endfacet
  facet normal 0 1 0
    outer loop
      vertex 41.9 37.5 50
      vertex 1.54508 37.5 29.7553
      vertex 0.782172 37.5 29.9384
    endloop
  endfacet
  facet normal 0 1 0
    outer loop
      vertex 41.9 37.5 50
      vertex 2.26995 37.5 29.455
      vertex 1.54508 37.5 29.7553
    endloop
  endfacet
  facet normal 0 1 0
    outer loop
      vertex 41.9 37.5 50
      vertex 2.93893 37.5 29.0451
      vertex 2.26995 37.5 29.455
    endloop
  endfacet
  facet normal 0 1 0
    outer loop
      vertex 41.9 37.5 50
      vertex 3.53553 37.5 28.5355
      vertex 2.93893 37.5 29.0451
    endloop
  endfacet
  facet normal 0 1 0
    outer loop
      vertex 41.9 37.5 50
      vertex 4.04508 37.5 27.9389
      vertex 3.53553 37.5 28.5355
    endloop
  endfacet
  facet normal 0 1 0
    outer loop
      vertex 41.9 37.5 50
      vertex 4.45503 37.5 27.27
      vertex 4.04508 37.5 27.9389
    endloop
  endfacet
  facet normal 0 1 0
    outer loop
      vertex 41.9 37.5 50
      vertex 4.75528 37.5 26.5451
      vertex 4.45503 37.5 27.27
    endloop
  endfacet
  facet normal 0 1 0
    outer loop
      vertex 41.9 37.5 50
      vertex 4.93844 37.5 25.7822
      vertex 4.75528 37.5 26.5451
    endloop
  endfacet
  facet normal 0 1 0
    outer loop
      vertex 41.9 37.5 50
      vertex 5 37.5 25
      vertex 4.93844 37.5 25.7822
    endloop
  endfacet
  facet normal 0 1 -0
    outer loop
      vertex 41.9 37.5 0
      vertex 5 37.5 25
      vertex 41.9 37.5 50
    endloop
  endfacet
  facet normal 0 1 0
    outer loop
      vertex 5 37.5 25
      vertex 41.9 37.5 0
      vertex 5 37.5 5
    endloop
  endfacet
  facet normal 0 1 0
    outer loop
      vertex 5 37.5 5
      vertex 41.9 37.5 0
      vertex 4.93844 37.5 4.21783
    endloop
  endfacet
  facet normal 0 1 0
    outer loop
      vertex 4.93844 37.5 4.21783
      vertex 41.9 37.5 0
      vertex 4.75528 37.5 3.45492
    endloop
  endfacet
  facet normal 0 1 0
    outer loop
      vertex 4.75528 37.5 3.45492
      vertex 41.9 37.5 0
      vertex 4.45503 37.5 2.73005
    endloop
  endfacet
  facet normal 0 1 0
    outer loop
      vertex 4.45503 37.5 2.73005
      vertex 41.9 37.5 0
      vertex 4.04508 37.5 2.06107
    endloop
  endfacet
  facet normal 0 1 0
    outer loop
      vertex 41.9 37.5 0
      vertex 3.53553 37.5 1.46447
      vertex 4.04508 37.5 2.06107
    endloop
  endfacet
  facet normal 0 1 0
    outer loop
      vertex 41.9 37.5 0
      vertex 2.93893 37.5 0.954915
      vertex 3.53553 37.5 1.46447
    endloop
  endfacet
  facet normal 0 1 0
    outer loop
      vertex 41.9 37.5 0
      vertex 2.26995 37.5 0.544968
      vertex 2.93893 37.5 0.954915
    endloop
  endfacet
  facet normal 0 1 0
    outer loop
      vertex 41.9 37.5 0
      vertex 1.54508 37.5 0.244718
      vertex 2.26995 37.5 0.544968
    endloop
  endfacet
  facet normal 0 1 0
    outer loop
      vertex 41.9 37.5 0
      vertex 0.782172 37.5 0.0615587
      vertex 1.54508 37.5 0.244718
    endloop
  endfacet
  facet normal 0 1 0
    outer loop
      vertex 0.782172 37.5 0.0615587
      vertex 41.9 37.5 0
      vertex 0 37.5 0
    endloop
  endfacet
  facet normal 0 1 -0
    outer loop
      vertex -0.782172 37.5 29.9384
      vertex -41.9 37.5 50
      vertex 0 37.5 30
    endloop
  endfacet
  facet normal 0 1 -0
    outer loop
      vertex -1.54508 37.5 29.7553
      vertex -41.9 37.5 50
      vertex -0.782172 37.5 29.9384
    endloop
  endfacet
  facet normal 0 1 -0
    outer loop
      vertex -2.26995 37.5 29.455
      vertex -41.9 37.5 50
      vertex -1.54508 37.5 29.7553
    endloop
  endfacet
  facet normal 0 1 -0
    outer loop
      vertex -2.93893 37.5 29.0451
      vertex -41.9 37.5 50
      vertex -2.26995 37.5 29.455
    endloop
  endfacet
  facet normal 0 1 -0
    outer loop
      vertex -3.53553 37.5 28.5355
      vertex -41.9 37.5 50
      vertex -2.93893 37.5 29.0451
    endloop
  endfacet
  facet normal 0 1 -0
    outer loop
      vertex -4.04508 37.5 27.9389
      vertex -41.9 37.5 50
      vertex -3.53553 37.5 28.5355
    endloop
  endfacet
  facet normal 0 1 -0
    outer loop
      vertex -4.45503 37.5 27.27
      vertex -41.9 37.5 50
      vertex -4.04508 37.5 27.9389
    endloop
  endfacet
  facet normal 0 1 -0
    outer loop
      vertex -4.75528 37.5 26.5451
      vertex -41.9 37.5 50
      vertex -4.45503 37.5 27.27
    endloop
  endfacet
  facet normal 0 1 -0
    outer loop
      vertex -4.93844 37.5 25.7822
      vertex -41.9 37.5 50
      vertex -4.75528 37.5 26.5451
    endloop
  endfacet
  facet normal 0 1 -0
    outer loop
      vertex -5 37.5 25
      vertex -41.9 37.5 50
      vertex -4.93844 37.5 25.7822
    endloop
  endfacet
  facet normal 0 1 0
    outer loop
      vertex -41.9 37.5 0
      vertex -5 37.5 25
      vertex -5 37.5 5
    endloop
  endfacet
  facet normal 0 1 0
    outer loop
      vertex -41.9 37.5 0
      vertex -5 37.5 5
      vertex -4.93844 37.5 4.21783
    endloop
  endfacet
  facet normal 0 1 0
    outer loop
      vertex -41.9 37.5 0
      vertex -4.93844 37.5 4.21783
      vertex -4.75528 37.5 3.45492
    endloop
  endfacet
  facet normal 0 1 0
    outer loop
      vertex -41.9 37.5 0
      vertex -4.75528 37.5 3.45492
      vertex -4.45503 37.5 2.73005
    endloop
  endfacet
  facet normal 0 1 0
    outer loop
      vertex -41.9 37.5 0
      vertex -4.45503 37.5 2.73005
      vertex -4.04508 37.5 2.06107
    endloop
  endfacet
  facet normal 0 1 0
    outer loop
      vertex -5 37.5 25
      vertex -41.9 37.5 0
      vertex -41.9 37.5 50
    endloop
  endfacet
  facet normal 0 1 0
    outer loop
      vertex -3.53553 37.5 1.46447
      vertex -41.9 37.5 0
      vertex -4.04508 37.5 2.06107
    endloop
  endfacet
  facet normal 0 1 0
    outer loop
      vertex -2.93893 37.5 0.954915
      vertex -41.9 37.5 0
      vertex -3.53553 37.5 1.46447
    endloop
  endfacet
  facet normal 0 1 0
    outer loop
      vertex -2.26995 37.5 0.544968
      vertex -41.9 37.5 0
      vertex -2.93893 37.5 0.954915
    endloop
  endfacet
  facet normal 0 1 0
    outer loop
      vertex -1.54508 37.5 0.244718
      vertex -41.9 37.5 0
      vertex -2.26995 37.5 0.544968
    endloop
  endfacet
  facet normal 0 1 0
    outer loop
      vertex -0.782172 37.5 0.0615587
      vertex -41.9 37.5 0
      vertex -1.54508 37.5 0.244718
    endloop
  endfacet
  facet normal 0 1 0
    outer loop
      vertex -41.9 37.5 0
      vertex -0.782172 37.5 0.0615587
      vertex 0 37.5 0
    endloop
  endfacet
  facet normal -0.382676 0.923883 0
    outer loop
      vertex -44.403 37.1036 0
      vertex -45.5773 36.6172 50
      vertex -44.403 37.1036 50
    endloop
  endfacet
  facet normal -0.382676 0.923883 0
    outer loop
      vertex -45.5773 36.6172 50
      vertex -44.403 37.1036 0
      vertex -45.5773 36.6172 0
    endloop
  endfacet
  facet normal 0.923883 -0.382676 0
    outer loop
      vertex 49.1172 -33.0773 50
      vertex 49.6036 -31.903 0
      vertex 49.6036 -31.903 50
    endloop
  endfacet
  facet normal 0.923883 -0.382676 0
    outer loop
      vertex 49.6036 -31.903 0
      vertex 49.1172 -33.0773 50
      vertex 49.1172 -33.0773 0
    endloop
  endfacet
  facet normal 0.996919 -0.0784412 0
    outer loop
      vertex 49.9003 -30.6671 50
      vertex 50 -29.4 0
      vertex 50 -29.4 50
    endloop
  endfacet
  facet normal 0.996919 -0.0784412 0
    outer loop
      vertex 50 -29.4 0
      vertex 49.9003 -30.6671 50
      vertex 49.9003 -30.6671 0
    endloop
  endfacet
  facet normal 0.233435 -0.972372 0
    outer loop
      vertex 43.1671 -37.4003 0
      vertex 44.403 -37.1036 50
      vertex 43.1671 -37.4003 50
    endloop
  endfacet
  facet normal 0.233435 -0.972372 0
    outer loop
      vertex 44.403 -37.1036 50
      vertex 43.1671 -37.4003 0
      vertex 44.403 -37.1036 0
    endloop
  endfacet
  facet normal 0.0784412 -0.996919 0
    outer loop
      vertex 41.9 -37.5 0
      vertex 43.1671 -37.4003 50
      vertex 41.9 -37.5 50
    endloop
  endfacet
  facet normal 0.0784412 -0.996919 0
    outer loop
      vertex 43.1671 -37.4003 50
      vertex 41.9 -37.5 0
      vertex 43.1671 -37.4003 0
    endloop
  endfacet
  facet normal 0.382676 -0.923883 0
    outer loop
      vertex 44.403 -37.1036 0
      vertex 45.5773 -36.6172 50
      vertex 44.403 -37.1036 50
    endloop
  endfacet
  facet normal 0.382676 -0.923883 0
    outer loop
      vertex 45.5773 -36.6172 50
      vertex 44.403 -37.1036 0
      vertex 45.5773 -36.6172 0
    endloop
  endfacet
  facet normal -0.760433 -0.649417 0
    outer loop
      vertex -47.6276 -35.1276 0
      vertex -48.453 -34.1611 50
      vertex -48.453 -34.1611 0
    endloop
  endfacet
  facet normal -0.760433 -0.649417 0
    outer loop
      vertex -48.453 -34.1611 50
      vertex -47.6276 -35.1276 0
      vertex -47.6276 -35.1276 50
    endloop
  endfacet
  facet normal -0.972372 -0.233435 0
    outer loop
      vertex -49.6036 -31.903 0
      vertex -49.9003 -30.6671 50
      vertex -49.9003 -30.6671 0
    endloop
  endfacet
  facet normal -0.972372 -0.233435 0
    outer loop
      vertex -49.9003 -30.6671 50
      vertex -49.6036 -31.903 0
      vertex -49.6036 -31.903 50
    endloop
  endfacet
  facet normal -0.972372 0.233435 0
    outer loop
      vertex -49.9003 30.6671 0
      vertex -49.6036 31.903 50
      vertex -49.6036 31.903 0
    endloop
  endfacet
  facet normal -0.972372 0.233435 0
    outer loop
      vertex -49.6036 31.903 50
      vertex -49.9003 30.6671 0
      vertex -49.9003 30.6671 50
    endloop
  endfacet
  facet normal -0.923883 0.382676 0
    outer loop
      vertex -49.6036 31.903 0
      vertex -49.1172 33.0773 50
      vertex -49.1172 33.0773 0
    endloop
  endfacet
  facet normal -0.923883 0.382676 0
    outer loop
      vertex -49.1172 33.0773 50
      vertex -49.6036 31.903 0
      vertex -49.6036 31.903 50
    endloop
  endfacet
  facet normal -0.649417 0.760433 0
    outer loop
      vertex -46.6611 35.953 0
      vertex -47.6276 35.1276 50
      vertex -46.6611 35.953 50
    endloop
  endfacet
  facet normal -0.649417 0.760433 0
    outer loop
      vertex -47.6276 35.1276 50
      vertex -46.6611 35.953 0
      vertex -47.6276 35.1276 0
    endloop
  endfacet
  facet normal -0.760433 0.649417 0
    outer loop
      vertex -48.453 34.1611 0
      vertex -47.6276 35.1276 50
      vertex -47.6276 35.1276 0
    endloop
  endfacet
  facet normal -0.760433 0.649417 0
    outer loop
      vertex -47.6276 35.1276 50
      vertex -48.453 34.1611 0
      vertex -48.453 34.1611 50
    endloop
  endfacet
  facet normal -0.522525 0.852624 0
    outer loop
      vertex -45.5773 36.6172 0
      vertex -46.6611 35.953 50
      vertex -45.5773 36.6172 50
    endloop
  endfacet
  facet normal -0.522525 0.852624 0
    outer loop
      vertex -46.6611 35.953 50
      vertex -45.5773 36.6172 0
      vertex -46.6611 35.953 0
    endloop
  endfacet
  facet normal -0.0784412 0.996919 0
    outer loop
      vertex -41.9 37.5 0
      vertex -43.1671 37.4003 50
      vertex -41.9 37.5 50
    endloop
  endfacet
  facet normal -0.0784412 0.996919 0
    outer loop
      vertex -43.1671 37.4003 50
      vertex -41.9 37.5 0
      vertex -43.1671 37.4003 0
    endloop
  endfacet
  facet normal 0.972372 -0.233435 0
    outer loop
      vertex 49.6036 -31.903 50
      vertex 49.9003 -30.6671 0
      vertex 49.9003 -30.6671 50
    endloop
  endfacet
  facet normal 0.972372 -0.233435 0
    outer loop
      vertex 49.9003 -30.6671 0
      vertex 49.6036 -31.903 50
      vertex 49.6036 -31.903 0
    endloop
  endfacet
  facet normal 0.852624 -0.522525 0
    outer loop
      vertex 48.453 -34.1611 50
      vertex 49.1172 -33.0773 0
      vertex 49.1172 -33.0773 50
    endloop
  endfacet
  facet normal 0.852624 -0.522525 0
    outer loop
      vertex 49.1172 -33.0773 0
      vertex 48.453 -34.1611 50
      vertex 48.453 -34.1611 0
    endloop
  endfacet
  facet normal 0.649417 -0.760433 0
    outer loop
      vertex 46.6611 -35.953 0
      vertex 47.6276 -35.1276 50
      vertex 46.6611 -35.953 50
    endloop
  endfacet
  facet normal 0.649417 -0.760433 0
    outer loop
      vertex 47.6276 -35.1276 50
      vertex 46.6611 -35.953 0
      vertex 47.6276 -35.1276 0
    endloop
  endfacet
  facet normal 0.522525 -0.852624 0
    outer loop
      vertex 45.5773 -36.6172 0
      vertex 46.6611 -35.953 50
      vertex 45.5773 -36.6172 50
    endloop
  endfacet
  facet normal 0.522525 -0.852624 0
    outer loop
      vertex 46.6611 -35.953 50
      vertex 45.5773 -36.6172 0
      vertex 46.6611 -35.953 0
    endloop
  endfacet
  facet normal -0.382676 -0.923883 0
    outer loop
      vertex -45.5773 -36.6172 0
      vertex -44.403 -37.1036 50
      vertex -45.5773 -36.6172 50
    endloop
  endfacet
  facet normal -0.382676 -0.923883 -0
    outer loop
      vertex -44.403 -37.1036 50
      vertex -45.5773 -36.6172 0
      vertex -44.403 -37.1036 0
    endloop
  endfacet
  facet normal -0.852624 -0.522525 0
    outer loop
      vertex -48.453 -34.1611 0
      vertex -49.1172 -33.0773 50
      vertex -49.1172 -33.0773 0
    endloop
  endfacet
  facet normal -0.852624 -0.522525 0
    outer loop
      vertex -49.1172 -33.0773 50
      vertex -48.453 -34.1611 0
      vertex -48.453 -34.1611 50
    endloop
  endfacet
  facet normal -0.996919 0.0784412 0
    outer loop
      vertex -50 29.4 0
      vertex -49.9003 30.6671 50
      vertex -49.9003 30.6671 0
    endloop
  endfacet
  facet normal -0.996919 0.0784412 0
    outer loop
      vertex -49.9003 30.6671 50
      vertex -50 29.4 0
      vertex -50 29.4 50
    endloop
  endfacet
  facet normal -0.852624 0.522525 0
    outer loop
      vertex -49.1172 33.0773 0
      vertex -48.453 34.1611 50
      vertex -48.453 34.1611 0
    endloop
  endfacet
  facet normal -0.852624 0.522525 0
    outer loop
      vertex -48.453 34.1611 50
      vertex -49.1172 33.0773 0
      vertex -49.1172 33.0773 50
    endloop
  endfacet
  facet normal -0.233435 0.972372 0
    outer loop
      vertex -43.1671 37.4003 0
      vertex -44.403 37.1036 50
      vertex -43.1671 37.4003 50
    endloop
  endfacet
  facet normal -0.233435 0.972372 0
    outer loop
      vertex -44.403 37.1036 50
      vertex -43.1671 37.4003 0
      vertex -44.403 37.1036 0
    endloop
  endfacet
  facet normal 0.382676 0.923883 -0
    outer loop
      vertex 45.5773 36.6172 0
      vertex 44.403 37.1036 50
      vertex 45.5773 36.6172 50
    endloop
  endfacet
  facet normal 0.382676 0.923883 0
    outer loop
      vertex 44.403 37.1036 50
      vertex 45.5773 36.6172 0
      vertex 44.403 37.1036 0
    endloop
  endfacet
  facet normal 0.233435 0.972372 -0
    outer loop
      vertex 44.403 37.1036 0
      vertex 43.1671 37.4003 50
      vertex 44.403 37.1036 50
    endloop
  endfacet
  facet normal 0.233435 0.972372 0
    outer loop
      vertex 43.1671 37.4003 50
      vertex 44.403 37.1036 0
      vertex 43.1671 37.4003 0
    endloop
  endfacet
  facet normal 0.0784412 0.996919 -0
    outer loop
      vertex 43.1671 37.4003 0
      vertex 41.9 37.5 50
      vertex 43.1671 37.4003 50
    endloop
  endfacet
  facet normal 0.0784412 0.996919 0
    outer loop
      vertex 41.9 37.5 50
      vertex 43.1671 37.4003 0
      vertex 41.9 37.5 0
    endloop
  endfacet
  facet normal 0.649417 0.760433 -0
    outer loop
      vertex 47.6276 35.1276 0
      vertex 46.6611 35.953 50
      vertex 47.6276 35.1276 50
    endloop
  endfacet
  facet normal 0.649417 0.760433 0
    outer loop
      vertex 46.6611 35.953 50
      vertex 47.6276 35.1276 0
      vertex 46.6611 35.953 0
    endloop
  endfacet
  facet normal 0.760433 0.649417 0
    outer loop
      vertex 48.453 34.1611 50
      vertex 47.6276 35.1276 0
      vertex 47.6276 35.1276 50
    endloop
  endfacet
  facet normal 0.760433 0.649417 0
    outer loop
      vertex 47.6276 35.1276 0
      vertex 48.453 34.1611 50
      vertex 48.453 34.1611 0
    endloop
  endfacet
  facet normal 0.972372 0.233435 0
    outer loop
      vertex 49.9003 30.6671 50
      vertex 49.6036 31.903 0
      vertex 49.6036 31.903 50
    endloop
  endfacet
  facet normal 0.972372 0.233435 0
    outer loop
      vertex 49.6036 31.903 0
      vertex 49.9003 30.6671 50
      vertex 49.9003 30.6671 0
    endloop
  endfacet
  facet normal 0.760433 -0.649417 0
    outer loop
      vertex 47.6276 -35.1276 50
      vertex 48.453 -34.1611 0
      vertex 48.453 -34.1611 50
    endloop
  endfacet
  facet normal 0.760433 -0.649417 0
    outer loop
      vertex 48.453 -34.1611 0
      vertex 47.6276 -35.1276 50
      vertex 47.6276 -35.1276 0
    endloop
  endfacet
  facet normal 0.522525 0.852624 -0
    outer loop
      vertex 46.6611 35.953 0
      vertex 45.5773 36.6172 50
      vertex 46.6611 35.953 50
    endloop
  endfacet
  facet normal 0.522525 0.852624 0
    outer loop
      vertex 45.5773 36.6172 50
      vertex 46.6611 35.953 0
      vertex 45.5773 36.6172 0
    endloop
  endfacet
  facet normal 0.852624 0.522525 0
    outer loop
      vertex 49.1172 33.0773 50
      vertex 48.453 34.1611 0
      vertex 48.453 34.1611 50
    endloop
  endfacet
  facet normal 0.852624 0.522525 0
    outer loop
      vertex 48.453 34.1611 0
      vertex 49.1172 33.0773 50
      vertex 49.1172 33.0773 0
    endloop
  endfacet
  facet normal 0.923883 0.382676 0
    outer loop
      vertex 49.6036 31.903 50
      vertex 49.1172 33.0773 0
      vertex 49.1172 33.0773 50
    endloop
  endfacet
  facet normal 0.923883 0.382676 0
    outer loop
      vertex 49.1172 33.0773 0
      vertex 49.6036 31.903 50
      vertex 49.6036 31.903 0
    endloop
  endfacet
  facet normal 1 0 0
    outer loop
      vertex -48.15 27.55 50
      vertex -48.15 5 25
      vertex -48.15 27.55 1.85
    endloop
  endfacet
  facet normal 1 0 0
    outer loop
      vertex -48.15 27.55 50
      vertex -48.15 4.93844 25.7822
      vertex -48.15 5 25
    endloop
  endfacet
  facet normal 1 0 0
    outer loop
      vertex -48.15 27.55 50
      vertex -48.15 4.75528 26.5451
      vertex -48.15 4.93844 25.7822
    endloop
  endfacet
  facet normal 1 0 0
    outer loop
      vertex -48.15 27.55 50
      vertex -48.15 4.45503 27.27
      vertex -48.15 4.75528 26.5451
    endloop
  endfacet
  facet normal 1 0 0
    outer loop
      vertex -48.15 27.55 50
      vertex -48.15 4.04508 27.9389
      vertex -48.15 4.45503 27.27
    endloop
  endfacet
  facet normal 1 0 0
    outer loop
      vertex -48.15 27.55 50
      vertex -48.15 3.53553 28.5355
      vertex -48.15 4.04508 27.9389
    endloop
  endfacet
  facet normal 1 0 0
    outer loop
      vertex -48.15 27.55 50
      vertex -48.15 2.93893 29.0451
      vertex -48.15 3.53553 28.5355
    endloop
  endfacet
  facet normal 1 0 0
    outer loop
      vertex -48.15 27.55 50
      vertex -48.15 2.26995 29.455
      vertex -48.15 2.93893 29.0451
    endloop
  endfacet
  facet normal 1 0 0
    outer loop
      vertex -48.15 27.55 50
      vertex -48.15 1.54508 29.7553
      vertex -48.15 2.26995 29.455
    endloop
  endfacet
  facet normal 1 0 0
    outer loop
      vertex -48.15 27.55 50
      vertex -48.15 0.782172 29.9384
      vertex -48.15 1.54508 29.7553
    endloop
  endfacet
  facet normal 1 0 0
    outer loop
      vertex -48.15 27.55 50
      vertex -48.15 0 30
      vertex -48.15 0.782172 29.9384
    endloop
  endfacet
  facet normal 1 -0 0
    outer loop
      vertex -48.15 -27.55 50
      vertex -48.15 0 30
      vertex -48.15 27.55 50
    endloop
  endfacet
  facet normal 1 0 0
    outer loop
      vertex -48.15 0 30
      vertex -48.15 -27.55 50
      vertex -48.15 -0.782172 29.9384
    endloop
  endfacet
  facet normal 1 0 0
    outer loop
      vertex -48.15 -0.782172 29.9384
      vertex -48.15 -27.55 50
      vertex -48.15 -1.54508 29.7553
    endloop
  endfacet
  facet normal 1 0 0
    outer loop
      vertex -48.15 -1.54508 29.7553
      vertex -48.15 -27.55 50
      vertex -48.15 -2.26995 29.455
    endloop
  endfacet
  facet normal 1 0 0
    outer loop
      vertex -48.15 -27.55 1.85
      vertex -48.15 -5 25
      vertex -48.15 -27.55 50
    endloop
  endfacet
  facet normal 1 0 0
    outer loop
      vertex -48.15 -4.93844 25.7822
      vertex -48.15 -27.55 50
      vertex -48.15 -5 25
    endloop
  endfacet
  facet normal 1 0 0
    outer loop
      vertex -48.15 -4.75528 26.5451
      vertex -48.15 -27.55 50
      vertex -48.15 -4.93844 25.7822
    endloop
  endfacet
  facet normal 1 0 0
    outer loop
      vertex -48.15 -4.45503 27.27
      vertex -48.15 -27.55 50
      vertex -48.15 -4.75528 26.5451
    endloop
  endfacet
  facet normal 1 0 0
    outer loop
      vertex -48.15 -4.04508 27.9389
      vertex -48.15 -27.55 50
      vertex -48.15 -4.45503 27.27
    endloop
  endfacet
  facet normal 1 0 0
    outer loop
      vertex -48.15 -3.53553 28.5355
      vertex -48.15 -27.55 50
      vertex -48.15 -4.04508 27.9389
    endloop
  endfacet
  facet normal 1 0 0
    outer loop
      vertex -48.15 -2.93893 29.0451
      vertex -48.15 -27.55 50
      vertex -48.15 -3.53553 28.5355
    endloop
  endfacet
  facet normal 1 0 0
    outer loop
      vertex -48.15 -2.26995 29.455
      vertex -48.15 -27.55 50
      vertex -48.15 -2.93893 29.0451
    endloop
  endfacet
  facet normal 1 -0 0
    outer loop
      vertex -48.15 5 5
      vertex -48.15 27.55 1.85
      vertex -48.15 5 25
    endloop
  endfacet
  facet normal 1 -0 0
    outer loop
      vertex -48.15 4.93844 4.21783
      vertex -48.15 27.55 1.85
      vertex -48.15 5 5
    endloop
  endfacet
  facet normal 1 -0 0
    outer loop
      vertex -48.15 4.75528 3.45492
      vertex -48.15 27.55 1.85
      vertex -48.15 4.93844 4.21783
    endloop
  endfacet
  facet normal 1 -0 0
    outer loop
      vertex -48.15 4.45503 2.73005
      vertex -48.15 27.55 1.85
      vertex -48.15 4.75528 3.45492
    endloop
  endfacet
  facet normal 1 -0 0
    outer loop
      vertex -48.15 4.04508 2.06107
      vertex -48.15 27.55 1.85
      vertex -48.15 4.45503 2.73005
    endloop
  endfacet
  facet normal 1 0 0
    outer loop
      vertex -48.15 27.55 1.85
      vertex -48.15 4.04508 2.06107
      vertex -48.15 3.86481 1.85
    endloop
  endfacet
  facet normal 1 0 0
    outer loop
      vertex -48.15 -5 25
      vertex -48.15 -27.55 1.85
      vertex -48.15 -5 5
    endloop
  endfacet
  facet normal 1 0 0
    outer loop
      vertex -48.15 -5 5
      vertex -48.15 -27.55 1.85
      vertex -48.15 -4.93844 4.21783
    endloop
  endfacet
  facet normal 1 0 0
    outer loop
      vertex -48.15 -4.93844 4.21783
      vertex -48.15 -27.55 1.85
      vertex -48.15 -4.75528 3.45492
    endloop
  endfacet
  facet normal 1 0 0
    outer loop
      vertex -48.15 -4.04508 2.06107
      vertex -48.15 -27.55 1.85
      vertex -48.15 -3.86481 1.85
    endloop
  endfacet
  facet normal 1 0 0
    outer loop
      vertex -48.15 -4.45503 2.73005
      vertex -48.15 -27.55 1.85
      vertex -48.15 -4.04508 2.06107
    endloop
  endfacet
  facet normal 1 0 0
    outer loop
      vertex -48.15 -4.75528 3.45492
      vertex -48.15 -27.55 1.85
      vertex -48.15 -4.45503 2.73005
    endloop
  endfacet
  facet normal 0.649417 -0.760433 0
    outer loop
      vertex -45.7776 33.2776 1.85
      vertex -44.8111 34.103 50
      vertex -45.7776 33.2776 50
    endloop
  endfacet
  facet normal 0.649417 -0.760433 0
    outer loop
      vertex -44.8111 34.103 50
      vertex -45.7776 33.2776 1.85
      vertex -44.8111 34.103 1.85
    endloop
  endfacet
  facet normal 0 1 -0
    outer loop
      vertex -0.782172 -35.65 29.9384
      vertex -40.05 -35.65 50
      vertex 0 -35.65 30
    endloop
  endfacet
  facet normal 0 1 0
    outer loop
      vertex 40.05 -35.65 50
      vertex 0.782172 -35.65 29.9384
      vertex 0 -35.65 30
    endloop
  endfacet
  facet normal 0 1 0
    outer loop
      vertex 40.05 -35.65 50
      vertex 1.54508 -35.65 29.7553
      vertex 0.782172 -35.65 29.9384
    endloop
  endfacet
  facet normal 0 1 0
    outer loop
      vertex 40.05 -35.65 50
      vertex 2.26995 -35.65 29.455
      vertex 1.54508 -35.65 29.7553
    endloop
  endfacet
  facet normal 0 1 0
    outer loop
      vertex 40.05 -35.65 50
      vertex 2.93893 -35.65 29.0451
      vertex 2.26995 -35.65 29.455
    endloop
  endfacet
  facet normal 0 1 0
    outer loop
      vertex 38.55 -35.65 36.85
      vertex 3.53553 -35.65 28.5355
      vertex 2.93893 -35.65 29.0451
    endloop
  endfacet
  facet normal 0 1 0
    outer loop
      vertex 38.55 -35.65 36.85
      vertex 4.04508 -35.65 27.9389
      vertex 3.53553 -35.65 28.5355
    endloop
  endfacet
  facet normal 0 1 0
    outer loop
      vertex 38.55 -35.65 36.85
      vertex 4.45503 -35.65 27.27
      vertex 4.04508 -35.65 27.9389
    endloop
  endfacet
  facet normal 0 1 0
    outer loop
      vertex 38.55 -35.65 36.85
      vertex 4.75528 -35.65 26.5451
      vertex 4.45503 -35.65 27.27
    endloop
  endfacet
  facet normal 0 1 0
    outer loop
      vertex 38.55 -35.65 36.85
      vertex 4.93844 -35.65 25.7822
      vertex 4.75528 -35.65 26.5451
    endloop
  endfacet
  facet normal 0 1 0
    outer loop
      vertex 38.55 -35.65 36.85
      vertex 5 -35.65 25
      vertex 4.93844 -35.65 25.7822
    endloop
  endfacet
  facet normal 0 1 -0
    outer loop
      vertex 38.55 -35.65 1.85
      vertex 5 -35.65 25
      vertex 38.55 -35.65 36.85
    endloop
  endfacet
  facet normal 0 1 0
    outer loop
      vertex 5 -35.65 25
      vertex 38.55 -35.65 1.85
      vertex 5 -35.65 5
    endloop
  endfacet
  facet normal 0 1 0
    outer loop
      vertex 5 -35.65 5
      vertex 38.55 -35.65 1.85
      vertex 4.93844 -35.65 4.21783
    endloop
  endfacet
  facet normal 0 1 0
    outer loop
      vertex 4.93844 -35.65 4.21783
      vertex 38.55 -35.65 1.85
      vertex 4.75528 -35.65 3.45492
    endloop
  endfacet
  facet normal 0 1 0
    outer loop
      vertex 4.75528 -35.65 3.45492
      vertex 38.55 -35.65 1.85
      vertex 4.45503 -35.65 2.73005
    endloop
  endfacet
  facet normal 0 1 0
    outer loop
      vertex 4.45503 -35.65 2.73005
      vertex 38.55 -35.65 1.85
      vertex 4.04508 -35.65 2.06107
    endloop
  endfacet
  facet normal 0 1 0
    outer loop
      vertex 4.04508 -35.65 2.06107
      vertex 38.55 -35.65 1.85
      vertex 3.86481 -35.65 1.85
    endloop
  endfacet
  facet normal 0 1 0
    outer loop
      vertex 38.55 -35.65 36.85
      vertex 40.05 -35.65 50
      vertex 40.05 -35.65 36.85
    endloop
  endfacet
  facet normal 0 1 0
    outer loop
      vertex 2.93893 -35.65 29.0451
      vertex 40.05 -35.65 50
      vertex 38.55 -35.65 36.85
    endloop
  endfacet
  facet normal 0 1 0
    outer loop
      vertex 40.05 -35.65 50
      vertex 0 -35.65 30
      vertex -40.05 -35.65 50
    endloop
  endfacet
  facet normal 0 1 0
    outer loop
      vertex -40.05 -35.65 50
      vertex -38.55 -35.65 36.85
      vertex -40.05 -35.65 36.85
    endloop
  endfacet
  facet normal 0 1 -0
    outer loop
      vertex -1.54508 -35.65 29.7553
      vertex -40.05 -35.65 50
      vertex -0.782172 -35.65 29.9384
    endloop
  endfacet
  facet normal 0 1 -0
    outer loop
      vertex -2.26995 -35.65 29.455
      vertex -40.05 -35.65 50
      vertex -1.54508 -35.65 29.7553
    endloop
  endfacet
  facet normal 0 1 -0
    outer loop
      vertex -2.93893 -35.65 29.0451
      vertex -40.05 -35.65 50
      vertex -2.26995 -35.65 29.455
    endloop
  endfacet
  facet normal 0 1 0
    outer loop
      vertex -40.05 -35.65 50
      vertex -2.93893 -35.65 29.0451
      vertex -38.55 -35.65 36.85
    endloop
  endfacet
  facet normal 0 1 -0
    outer loop
      vertex -3.53553 -35.65 28.5355
      vertex -38.55 -35.65 36.85
      vertex -2.93893 -35.65 29.0451
    endloop
  endfacet
  facet normal 0 1 -0
    outer loop
      vertex -4.04508 -35.65 27.9389
      vertex -38.55 -35.65 36.85
      vertex -3.53553 -35.65 28.5355
    endloop
  endfacet
  facet normal 0 1 -0
    outer loop
      vertex -4.45503 -35.65 27.27
      vertex -38.55 -35.65 36.85
      vertex -4.04508 -35.65 27.9389
    endloop
  endfacet
  facet normal 0 1 -0
    outer loop
      vertex -4.75528 -35.65 26.5451
      vertex -38.55 -35.65 36.85
      vertex -4.45503 -35.65 27.27
    endloop
  endfacet
  facet normal 0 1 -0
    outer loop
      vertex -4.93844 -35.65 25.7822
      vertex -38.55 -35.65 36.85
      vertex -4.75528 -35.65 26.5451
    endloop
  endfacet
  facet normal 0 1 -0
    outer loop
      vertex -5 -35.65 25
      vertex -38.55 -35.65 36.85
      vertex -4.93844 -35.65 25.7822
    endloop
  endfacet
  facet normal 0 1 0
    outer loop
      vertex -38.55 -35.65 1.85
      vertex -5 -35.65 25
      vertex -5 -35.65 5
    endloop
  endfacet
  facet normal 0 1 0
    outer loop
      vertex -38.55 -35.65 1.85
      vertex -5 -35.65 5
      vertex -4.93844 -35.65 4.21783
    endloop
  endfacet
  facet normal 0 1 0
    outer loop
      vertex -38.55 -35.65 1.85
      vertex -4.93844 -35.65 4.21783
      vertex -4.75528 -35.65 3.45492
    endloop
  endfacet
  facet normal 0 1 0
    outer loop
      vertex -38.55 -35.65 1.85
      vertex -4.75528 -35.65 3.45492
      vertex -4.45503 -35.65 2.73005
    endloop
  endfacet
  facet normal 0 1 0
    outer loop
      vertex -38.55 -35.65 1.85
      vertex -4.45503 -35.65 2.73005
      vertex -4.04508 -35.65 2.06107
    endloop
  endfacet
  facet normal 0 1 0
    outer loop
      vertex -38.55 -35.65 1.85
      vertex -4.04508 -35.65 2.06107
      vertex -3.86481 -35.65 1.85
    endloop
  endfacet
  facet normal 0 1 0
    outer loop
      vertex -5 -35.65 25
      vertex -38.55 -35.65 1.85
      vertex -38.55 -35.65 36.85
    endloop
  endfacet
  facet normal 0.996919 -0.0784412 0
    outer loop
      vertex -48.15 27.55 50
      vertex -48.0503 28.8171 1.85
      vertex -48.0503 28.8171 50
    endloop
  endfacet
  facet normal 0.996919 -0.0784412 0
    outer loop
      vertex -48.0503 28.8171 1.85
      vertex -48.15 27.55 50
      vertex -48.15 27.55 1.85
    endloop
  endfacet
  facet normal -0.852624 -0.522525 0
    outer loop
      vertex 47.2672 31.2273 1.85
      vertex 46.603 32.3111 50
      vertex 46.603 32.3111 1.85
    endloop
  endfacet
  facet normal -0.852624 -0.522525 0
    outer loop
      vertex 46.603 32.3111 50
      vertex 47.2672 31.2273 1.85
      vertex 47.2672 31.2273 50
    endloop
  endfacet
  facet normal -0.649417 0.760433 0
    outer loop
      vertex 45.7776 -33.2776 1.85
      vertex 44.8111 -34.103 50
      vertex 45.7776 -33.2776 50
    endloop
  endfacet
  facet normal -0.649417 0.760433 0
    outer loop
      vertex 44.8111 -34.103 50
      vertex 45.7776 -33.2776 1.85
      vertex 44.8111 -34.103 1.85
    endloop
  endfacet
  facet normal 0 -1 0
    outer loop
      vertex 0.782172 35.65 29.9384
      vertex 40.05 35.65 50
      vertex 0 35.65 30
    endloop
  endfacet
  facet normal 0 -1 0
    outer loop
      vertex -40.05 35.65 50
      vertex -0.782172 35.65 29.9384
      vertex 0 35.65 30
    endloop
  endfacet
  facet normal 0 -1 0
    outer loop
      vertex -40.05 35.65 50
      vertex -1.54508 35.65 29.7553
      vertex -0.782172 35.65 29.9384
    endloop
  endfacet
  facet normal 0 -1 0
    outer loop
      vertex -40.05 35.65 50
      vertex -2.26995 35.65 29.455
      vertex -1.54508 35.65 29.7553
    endloop
  endfacet
  facet normal 0 -1 0
    outer loop
      vertex -40.05 35.65 50
      vertex -2.93893 35.65 29.0451
      vertex -2.26995 35.65 29.455
    endloop
  endfacet
  facet normal 0 -1 0
    outer loop
      vertex -38.55 35.65 36.85
      vertex -3.53553 35.65 28.5355
      vertex -2.93893 35.65 29.0451
    endloop
  endfacet
  facet normal 0 -1 0
    outer loop
      vertex -38.55 35.65 36.85
      vertex -4.04508 35.65 27.9389
      vertex -3.53553 35.65 28.5355
    endloop
  endfacet
  facet normal 0 -1 0
    outer loop
      vertex -38.55 35.65 36.85
      vertex -4.45503 35.65 27.27
      vertex -4.04508 35.65 27.9389
    endloop
  endfacet
  facet normal 0 -1 0
    outer loop
      vertex -38.55 35.65 36.85
      vertex -4.75528 35.65 26.5451
      vertex -4.45503 35.65 27.27
    endloop
  endfacet
  facet normal 0 -1 0
    outer loop
      vertex -38.55 35.65 36.85
      vertex -4.93844 35.65 25.7822
      vertex -4.75528 35.65 26.5451
    endloop
  endfacet
  facet normal 0 -1 0
    outer loop
      vertex -38.55 35.65 36.85
      vertex -5 35.65 25
      vertex -4.93844 35.65 25.7822
    endloop
  endfacet
  facet normal 0 -1 0
    outer loop
      vertex -38.55 35.65 1.85
      vertex -5 35.65 25
      vertex -38.55 35.65 36.85
    endloop
  endfacet
  facet normal 0 -1 -0
    outer loop
      vertex -5 35.65 25
      vertex -38.55 35.65 1.85
      vertex -5 35.65 5
    endloop
  endfacet
  facet normal 0 -1 -0
    outer loop
      vertex -5 35.65 5
      vertex -38.55 35.65 1.85
      vertex -4.93844 35.65 4.21783
    endloop
  endfacet
  facet normal 0 -1 -0
    outer loop
      vertex -4.93844 35.65 4.21783
      vertex -38.55 35.65 1.85
      vertex -4.75528 35.65 3.45492
    endloop
  endfacet
  facet normal 0 -1 -0
    outer loop
      vertex -4.75528 35.65 3.45492
      vertex -38.55 35.65 1.85
      vertex -4.45503 35.65 2.73005
    endloop
  endfacet
  facet normal 0 -1 -0
    outer loop
      vertex -4.45503 35.65 2.73005
      vertex -38.55 35.65 1.85
      vertex -4.04508 35.65 2.06107
    endloop
  endfacet
  facet normal 0 -1 -0
    outer loop
      vertex -4.04508 35.65 2.06107
      vertex -38.55 35.65 1.85
      vertex -3.86481 35.65 1.85
    endloop
  endfacet
  facet normal 0 -1 0
    outer loop
      vertex -38.55 35.65 36.85
      vertex -40.05 35.65 50
      vertex -40.05 35.65 36.85
    endloop
  endfacet
  facet normal 0 -1 0
    outer loop
      vertex -2.93893 35.65 29.0451
      vertex -40.05 35.65 50
      vertex -38.55 35.65 36.85
    endloop
  endfacet
  facet normal 0 -1 0
    outer loop
      vertex -40.05 35.65 50
      vertex 0 35.65 30
      vertex 40.05 35.65 50
    endloop
  endfacet
  facet normal 0 -1 -0
    outer loop
      vertex 40.05 35.65 50
      vertex 38.55 35.65 36.85
      vertex 40.05 35.65 36.85
    endloop
  endfacet
  facet normal 0 -1 0
    outer loop
      vertex 1.54508 35.65 29.7553
      vertex 40.05 35.65 50
      vertex 0.782172 35.65 29.9384
    endloop
  endfacet
  facet normal 0 -1 0
    outer loop
      vertex 2.26995 35.65 29.455
      vertex 40.05 35.65 50
      vertex 1.54508 35.65 29.7553
    endloop
  endfacet
  facet normal 0 -1 0
    outer loop
      vertex 2.93893 35.65 29.0451
      vertex 40.05 35.65 50
      vertex 2.26995 35.65 29.455
    endloop
  endfacet
  facet normal 0 -1 0
    outer loop
      vertex 40.05 35.65 50
      vertex 2.93893 35.65 29.0451
      vertex 38.55 35.65 36.85
    endloop
  endfacet
  facet normal 0 -1 0
    outer loop
      vertex 3.53553 35.65 28.5355
      vertex 38.55 35.65 36.85
      vertex 2.93893 35.65 29.0451
    endloop
  endfacet
  facet normal 0 -1 0
    outer loop
      vertex 4.04508 35.65 27.9389
      vertex 38.55 35.65 36.85
      vertex 3.53553 35.65 28.5355
    endloop
  endfacet
  facet normal 0 -1 0
    outer loop
      vertex 4.45503 35.65 27.27
      vertex 38.55 35.65 36.85
      vertex 4.04508 35.65 27.9389
    endloop
  endfacet
  facet normal 0 -1 0
    outer loop
      vertex 4.75528 35.65 26.5451
      vertex 38.55 35.65 36.85
      vertex 4.45503 35.65 27.27
    endloop
  endfacet
  facet normal 0 -1 0
    outer loop
      vertex 4.93844 35.65 25.7822
      vertex 38.55 35.65 36.85
      vertex 4.75528 35.65 26.5451
    endloop
  endfacet
  facet normal 0 -1 0
    outer loop
      vertex 5 35.65 25
      vertex 38.55 35.65 36.85
      vertex 4.93844 35.65 25.7822
    endloop
  endfacet
  facet normal 0 -1 0
    outer loop
      vertex 38.55 35.65 1.85
      vertex 5 35.65 25
      vertex 5 35.65 5
    endloop
  endfacet
  facet normal 0 -1 0
    outer loop
      vertex 38.55 35.65 1.85
      vertex 5 35.65 5
      vertex 4.93844 35.65 4.21783
    endloop
  endfacet
  facet normal 0 -1 0
    outer loop
      vertex 38.55 35.65 1.85
      vertex 4.93844 35.65 4.21783
      vertex 4.75528 35.65 3.45492
    endloop
  endfacet
  facet normal 0 -1 0
    outer loop
      vertex 38.55 35.65 1.85
      vertex 4.75528 35.65 3.45492
      vertex 4.45503 35.65 2.73005
    endloop
  endfacet
  facet normal 0 -1 0
    outer loop
      vertex 38.55 35.65 1.85
      vertex 4.45503 35.65 2.73005
      vertex 4.04508 35.65 2.06107
    endloop
  endfacet
  facet normal 0 -1 0
    outer loop
      vertex 38.55 35.65 1.85
      vertex 4.04508 35.65 2.06107
      vertex 3.86481 35.65 1.85
    endloop
  endfacet
  facet normal 0 -1 0
    outer loop
      vertex 5 35.65 25
      vertex 38.55 35.65 1.85
      vertex 38.55 35.65 36.85
    endloop
  endfacet
  facet normal 0.923883 -0.382676 0
    outer loop
      vertex -47.7536 30.053 50
      vertex -47.2672 31.2273 1.85
      vertex -47.2672 31.2273 50
    endloop
  endfacet
  facet normal 0.923883 -0.382676 0
    outer loop
      vertex -47.2672 31.2273 1.85
      vertex -47.7536 30.053 50
      vertex -47.7536 30.053 1.85
    endloop
  endfacet
  facet normal -0.972372 -0.233435 0
    outer loop
      vertex 48.0503 28.8171 1.85
      vertex 47.7536 30.053 50
      vertex 47.7536 30.053 1.85
    endloop
  endfacet
  facet normal -0.972372 -0.233435 0
    outer loop
      vertex 47.7536 30.053 50
      vertex 48.0503 28.8171 1.85
      vertex 48.0503 28.8171 50
    endloop
  endfacet
  facet normal -1 -0 0
    outer loop
      vertex 48.15 -5 5
      vertex 48.15 -27.55 1.85
      vertex 48.15 -5 25
    endloop
  endfacet
  facet normal -1 -0 0
    outer loop
      vertex 48.15 -4.93844 4.21783
      vertex 48.15 -27.55 1.85
      vertex 48.15 -5 5
    endloop
  endfacet
  facet normal -1 -0 0
    outer loop
      vertex 48.15 -4.75528 3.45492
      vertex 48.15 -27.55 1.85
      vertex 48.15 -4.93844 4.21783
    endloop
  endfacet
  facet normal -1 -0 0
    outer loop
      vertex 48.15 -4.45503 2.73005
      vertex 48.15 -27.55 1.85
      vertex 48.15 -4.75528 3.45492
    endloop
  endfacet
  facet normal -1 -0 0
    outer loop
      vertex 48.15 -4.04508 2.06107
      vertex 48.15 -27.55 1.85
      vertex 48.15 -4.45503 2.73005
    endloop
  endfacet
  facet normal -1 0 0
    outer loop
      vertex 48.15 -27.55 1.85
      vertex 48.15 -4.04508 2.06107
      vertex 48.15 -3.86481 1.85
    endloop
  endfacet
  facet normal -1 0 0
    outer loop
      vertex 48.15 5 25
      vertex 48.15 27.55 1.85
      vertex 48.15 5 5
    endloop
  endfacet
  facet normal -1 0 0
    outer loop
      vertex 48.15 27.55 1.85
      vertex 48.15 4.93844 4.21783
      vertex 48.15 5 5
    endloop
  endfacet
  facet normal -1 0 0
    outer loop
      vertex 48.15 27.55 1.85
      vertex 48.15 4.75528 3.45492
      vertex 48.15 4.93844 4.21783
    endloop
  endfacet
  facet normal -1 0 0
    outer loop
      vertex 48.15 27.55 1.85
      vertex 48.15 4.45503 2.73005
      vertex 48.15 4.75528 3.45492
    endloop
  endfacet
  facet normal -1 0 0
    outer loop
      vertex 48.15 27.55 1.85
      vertex 48.15 4.04508 2.06107
      vertex 48.15 4.45503 2.73005
    endloop
  endfacet
  facet normal -1 0 -0
    outer loop
      vertex 48.15 4.04508 2.06107
      vertex 48.15 27.55 1.85
      vertex 48.15 3.86481 1.85
    endloop
  endfacet
  facet normal -1 0 0
    outer loop
      vertex 48.15 27.55 1.85
      vertex 48.15 5 25
      vertex 48.15 27.55 50
    endloop
  endfacet
  facet normal -1 0 0
    outer loop
      vertex 48.15 4.93844 25.7822
      vertex 48.15 27.55 50
      vertex 48.15 5 25
    endloop
  endfacet
  facet normal -1 0 0
    outer loop
      vertex 48.15 4.75528 26.5451
      vertex 48.15 27.55 50
      vertex 48.15 4.93844 25.7822
    endloop
  endfacet
  facet normal -1 0 0
    outer loop
      vertex 48.15 4.45503 27.27
      vertex 48.15 27.55 50
      vertex 48.15 4.75528 26.5451
    endloop
  endfacet
  facet normal -1 0 0
    outer loop
      vertex 48.15 4.04508 27.9389
      vertex 48.15 27.55 50
      vertex 48.15 4.45503 27.27
    endloop
  endfacet
  facet normal -1 0 0
    outer loop
      vertex 48.15 3.53553 28.5355
      vertex 48.15 27.55 50
      vertex 48.15 4.04508 27.9389
    endloop
  endfacet
  facet normal -1 0 0
    outer loop
      vertex 48.15 2.93893 29.0451
      vertex 48.15 27.55 50
      vertex 48.15 3.53553 28.5355
    endloop
  endfacet
  facet normal -1 0 0
    outer loop
      vertex 48.15 2.26995 29.455
      vertex 48.15 27.55 50
      vertex 48.15 2.93893 29.0451
    endloop
  endfacet
  facet normal -1 0 0
    outer loop
      vertex 48.15 1.54508 29.7553
      vertex 48.15 27.55 50
      vertex 48.15 2.26995 29.455
    endloop
  endfacet
  facet normal -1 0 0
    outer loop
      vertex 48.15 0.782172 29.9384
      vertex 48.15 27.55 50
      vertex 48.15 1.54508 29.7553
    endloop
  endfacet
  facet normal -1 0 0
    outer loop
      vertex 48.15 0 30
      vertex 48.15 27.55 50
      vertex 48.15 0.782172 29.9384
    endloop
  endfacet
  facet normal -1 0 0
    outer loop
      vertex 48.15 -27.55 50
      vertex 48.15 0 30
      vertex 48.15 -0.782172 29.9384
    endloop
  endfacet
  facet normal -1 0 0
    outer loop
      vertex 48.15 -27.55 50
      vertex 48.15 -0.782172 29.9384
      vertex 48.15 -1.54508 29.7553
    endloop
  endfacet
  facet normal -1 0 0
    outer loop
      vertex 48.15 -27.55 50
      vertex 48.15 -1.54508 29.7553
      vertex 48.15 -2.26995 29.455
    endloop
  endfacet
  facet normal -1 0 0
    outer loop
      vertex 48.15 -27.55 50
      vertex 48.15 -2.26995 29.455
      vertex 48.15 -2.93893 29.0451
    endloop
  endfacet
  facet normal -1 0 0
    outer loop
      vertex 48.15 -27.55 50
      vertex 48.15 -5 25
      vertex 48.15 -27.55 1.85
    endloop
  endfacet
  facet normal -1 0 0
    outer loop
      vertex 48.15 -5 25
      vertex 48.15 -27.55 50
      vertex 48.15 -4.93844 25.7822
    endloop
  endfacet
  facet normal -1 0 0
    outer loop
      vertex 48.15 -4.93844 25.7822
      vertex 48.15 -27.55 50
      vertex 48.15 -4.75528 26.5451
    endloop
  endfacet
  facet normal -1 0 0
    outer loop
      vertex 48.15 -4.75528 26.5451
      vertex 48.15 -27.55 50
      vertex 48.15 -4.45503 27.27
    endloop
  endfacet
  facet normal -1 0 0
    outer loop
      vertex 48.15 -4.45503 27.27
      vertex 48.15 -27.55 50
      vertex 48.15 -4.04508 27.9389
    endloop
  endfacet
  facet normal -1 0 0
    outer loop
      vertex 48.15 0 30
      vertex 48.15 -27.55 50
      vertex 48.15 27.55 50
    endloop
  endfacet
  facet normal -1 0 0
    outer loop
      vertex 48.15 -3.53553 28.5355
      vertex 48.15 -27.55 50
      vertex 48.15 -2.93893 29.0451
    endloop
  endfacet
  facet normal -1 0 0
    outer loop
      vertex 48.15 -4.04508 27.9389
      vertex 48.15 -27.55 50
      vertex 48.15 -3.53553 28.5355
    endloop
  endfacet
  facet normal 0.0784412 0.996919 -0
    outer loop
      vertex -40.05 -35.65 36.85
      vertex -41.3171 -35.5503 50
      vertex -40.05 -35.65 50
    endloop
  endfacet
  facet normal 0.0784412 0.996919 0
    outer loop
      vertex -41.3171 -35.5503 1.85
      vertex -40.05 -35.65 36.85
      vertex -40.05 -35.65 1.85
    endloop
  endfacet
  facet normal 0.0784412 0.996919 0
    outer loop
      vertex -40.05 -35.65 36.85
      vertex -41.3171 -35.5503 1.85
      vertex -41.3171 -35.5503 50
    endloop
  endfacet
  facet normal 0.382676 -0.923883 0
    outer loop
      vertex -43.7273 34.7672 1.85
      vertex -42.553 35.2536 50
      vertex -43.7273 34.7672 50
    endloop
  endfacet
  facet normal 0.382676 -0.923883 0
    outer loop
      vertex -42.553 35.2536 50
      vertex -43.7273 34.7672 1.85
      vertex -42.553 35.2536 1.85
    endloop
  endfacet
  facet normal 0.972372 -0.233435 0
    outer loop
      vertex -48.0503 28.8171 50
      vertex -47.7536 30.053 1.85
      vertex -47.7536 30.053 50
    endloop
  endfacet
  facet normal 0.972372 -0.233435 0
    outer loop
      vertex -47.7536 30.053 1.85
      vertex -48.0503 28.8171 50
      vertex -48.0503 28.8171 1.85
    endloop
  endfacet
  facet normal 0.852624 -0.522525 0
    outer loop
      vertex -47.2672 31.2273 50
      vertex -46.603 32.3111 1.85
      vertex -46.603 32.3111 50
    endloop
  endfacet
  facet normal 0.852624 -0.522525 0
    outer loop
      vertex -46.603 32.3111 1.85
      vertex -47.2672 31.2273 50
      vertex -47.2672 31.2273 1.85
    endloop
  endfacet
  facet normal 0.760433 -0.649417 0
    outer loop
      vertex -46.603 32.3111 50
      vertex -45.7776 33.2776 1.85
      vertex -45.7776 33.2776 50
    endloop
  endfacet
  facet normal 0.760433 -0.649417 0
    outer loop
      vertex -45.7776 33.2776 1.85
      vertex -46.603 32.3111 50
      vertex -46.603 32.3111 1.85
    endloop
  endfacet
  facet normal 0.522525 -0.852624 0
    outer loop
      vertex -44.8111 34.103 1.85
      vertex -43.7273 34.7672 50
      vertex -44.8111 34.103 50
    endloop
  endfacet
  facet normal 0.522525 -0.852624 0
    outer loop
      vertex -43.7273 34.7672 50
      vertex -44.8111 34.103 1.85
      vertex -43.7273 34.7672 1.85
    endloop
  endfacet
  facet normal -0.522525 -0.852624 0
    outer loop
      vertex 43.7273 34.7672 1.85
      vertex 44.8111 34.103 50
      vertex 43.7273 34.7672 50
    endloop
  endfacet
  facet normal -0.522525 -0.852624 -0
    outer loop
      vertex 44.8111 34.103 50
      vertex 43.7273 34.7672 1.85
      vertex 44.8111 34.103 1.85
    endloop
  endfacet
  facet normal -0.0784412 -0.996919 0
    outer loop
      vertex 40.05 35.65 36.85
      vertex 41.3171 35.5503 50
      vertex 40.05 35.65 50
    endloop
  endfacet
  facet normal -0.0784412 -0.996919 0
    outer loop
      vertex 41.3171 35.5503 1.85
      vertex 40.05 35.65 36.85
      vertex 40.05 35.65 1.85
    endloop
  endfacet
  facet normal -0.0784412 -0.996919 0
    outer loop
      vertex 40.05 35.65 36.85
      vertex 41.3171 35.5503 1.85
      vertex 41.3171 35.5503 50
    endloop
  endfacet
  facet normal -0.923883 -0.382676 0
    outer loop
      vertex 47.7536 30.053 1.85
      vertex 47.2672 31.2273 50
      vertex 47.2672 31.2273 1.85
    endloop
  endfacet
  facet normal -0.923883 -0.382676 0
    outer loop
      vertex 47.2672 31.2273 50
      vertex 47.7536 30.053 1.85
      vertex 47.7536 30.053 50
    endloop
  endfacet
  facet normal -0.382676 0.923883 0
    outer loop
      vertex 43.7273 -34.7672 1.85
      vertex 42.553 -35.2536 50
      vertex 43.7273 -34.7672 50
    endloop
  endfacet
  facet normal -0.382676 0.923883 0
    outer loop
      vertex 42.553 -35.2536 50
      vertex 43.7273 -34.7672 1.85
      vertex 42.553 -35.2536 1.85
    endloop
  endfacet
  facet normal -0.0784412 0.996919 0
    outer loop
      vertex 41.3171 -35.5503 50
      vertex 40.05 -35.65 36.85
      vertex 40.05 -35.65 50
    endloop
  endfacet
  facet normal -0.0784412 0.996919 0
    outer loop
      vertex 41.3171 -35.5503 1.85
      vertex 40.05 -35.65 36.85
      vertex 41.3171 -35.5503 50
    endloop
  endfacet
  facet normal -0.0784412 0.996919 0
    outer loop
      vertex 40.05 -35.65 36.85
      vertex 41.3171 -35.5503 1.85
      vertex 40.05 -35.65 1.85
    endloop
  endfacet
  facet normal -0.972372 0.233435 0
    outer loop
      vertex 47.7536 -30.053 1.85
      vertex 48.0503 -28.8171 50
      vertex 48.0503 -28.8171 1.85
    endloop
  endfacet
  facet normal -0.972372 0.233435 0
    outer loop
      vertex 48.0503 -28.8171 50
      vertex 47.7536 -30.053 1.85
      vertex 47.7536 -30.053 50
    endloop
  endfacet
  facet normal -0.996919 0.0784412 0
    outer loop
      vertex 48.0503 -28.8171 1.85
      vertex 48.15 -27.55 50
      vertex 48.15 -27.55 1.85
    endloop
  endfacet
  facet normal -0.996919 0.0784412 0
    outer loop
      vertex 48.15 -27.55 50
      vertex 48.0503 -28.8171 1.85
      vertex 48.0503 -28.8171 50
    endloop
  endfacet
  facet normal 0.760433 0.649417 0
    outer loop
      vertex -45.7776 -33.2776 50
      vertex -46.603 -32.3111 1.85
      vertex -46.603 -32.3111 50
    endloop
  endfacet
  facet normal 0.760433 0.649417 0
    outer loop
      vertex -46.603 -32.3111 1.85
      vertex -45.7776 -33.2776 50
      vertex -45.7776 -33.2776 1.85
    endloop
  endfacet
  facet normal 0.522525 0.852624 -0
    outer loop
      vertex -43.7273 -34.7672 1.85
      vertex -44.8111 -34.103 50
      vertex -43.7273 -34.7672 50
    endloop
  endfacet
  facet normal 0.522525 0.852624 0
    outer loop
      vertex -44.8111 -34.103 50
      vertex -43.7273 -34.7672 1.85
      vertex -44.8111 -34.103 1.85
    endloop
  endfacet
  facet normal 0.233435 -0.972372 0
    outer loop
      vertex -42.553 35.2536 1.85
      vertex -41.3171 35.5503 50
      vertex -42.553 35.2536 50
    endloop
  endfacet
  facet normal 0.233435 -0.972372 0
    outer loop
      vertex -41.3171 35.5503 50
      vertex -42.553 35.2536 1.85
      vertex -41.3171 35.5503 1.85
    endloop
  endfacet
  facet normal 0.0784412 -0.996919 0
    outer loop
      vertex -41.3171 35.5503 50
      vertex -40.05 35.65 36.85
      vertex -40.05 35.65 50
    endloop
  endfacet
  facet normal 0.0784412 -0.996919 0
    outer loop
      vertex -41.3171 35.5503 1.85
      vertex -40.05 35.65 36.85
      vertex -41.3171 35.5503 50
    endloop
  endfacet
  facet normal 0.0784412 -0.996919 0
    outer loop
      vertex -40.05 35.65 36.85
      vertex -41.3171 35.5503 1.85
      vertex -40.05 35.65 1.85
    endloop
  endfacet
  facet normal -0.382676 -0.923883 0
    outer loop
      vertex 42.553 35.2536 1.85
      vertex 43.7273 34.7672 50
      vertex 42.553 35.2536 50
    endloop
  endfacet
  facet normal -0.382676 -0.923883 -0
    outer loop
      vertex 43.7273 34.7672 50
      vertex 42.553 35.2536 1.85
      vertex 43.7273 34.7672 1.85
    endloop
  endfacet
  facet normal -0.233435 -0.972372 0
    outer loop
      vertex 41.3171 35.5503 1.85
      vertex 42.553 35.2536 50
      vertex 41.3171 35.5503 50
    endloop
  endfacet
  facet normal -0.233435 -0.972372 -0
    outer loop
      vertex 42.553 35.2536 50
      vertex 41.3171 35.5503 1.85
      vertex 42.553 35.2536 1.85
    endloop
  endfacet
  facet normal -0.233435 0.972372 0
    outer loop
      vertex 42.553 -35.2536 1.85
      vertex 41.3171 -35.5503 50
      vertex 42.553 -35.2536 50
    endloop
  endfacet
  facet normal -0.233435 0.972372 0
    outer loop
      vertex 41.3171 -35.5503 50
      vertex 42.553 -35.2536 1.85
      vertex 41.3171 -35.5503 1.85
    endloop
  endfacet
  facet normal -0.522525 0.852624 0
    outer loop
      vertex 44.8111 -34.103 1.85
      vertex 43.7273 -34.7672 50
      vertex 44.8111 -34.103 50
    endloop
  endfacet
  facet normal -0.522525 0.852624 0
    outer loop
      vertex 43.7273 -34.7672 50
      vertex 44.8111 -34.103 1.85
      vertex 43.7273 -34.7672 1.85
    endloop
  endfacet
  facet normal -0.852624 0.522525 0
    outer loop
      vertex 46.603 -32.3111 1.85
      vertex 47.2672 -31.2273 50
      vertex 47.2672 -31.2273 1.85
    endloop
  endfacet
  facet normal -0.852624 0.522525 0
    outer loop
      vertex 47.2672 -31.2273 50
      vertex 46.603 -32.3111 1.85
      vertex 46.603 -32.3111 50
    endloop
  endfacet
  facet normal -0.923883 0.382676 0
    outer loop
      vertex 47.2672 -31.2273 1.85
      vertex 47.7536 -30.053 50
      vertex 47.7536 -30.053 1.85
    endloop
  endfacet
  facet normal -0.923883 0.382676 0
    outer loop
      vertex 47.7536 -30.053 50
      vertex 47.2672 -31.2273 1.85
      vertex 47.2672 -31.2273 50
    endloop
  endfacet
  facet normal 0.852624 0.522525 0
    outer loop
      vertex -46.603 -32.3111 50
      vertex -47.2672 -31.2273 1.85
      vertex -47.2672 -31.2273 50
    endloop
  endfacet
  facet normal 0.852624 0.522525 0
    outer loop
      vertex -47.2672 -31.2273 1.85
      vertex -46.603 -32.3111 50
      vertex -46.603 -32.3111 1.85
    endloop
  endfacet
  facet normal -0.649417 -0.760433 0
    outer loop
      vertex 44.8111 34.103 1.85
      vertex 45.7776 33.2776 50
      vertex 44.8111 34.103 50
    endloop
  endfacet
  facet normal -0.649417 -0.760433 -0
    outer loop
      vertex 45.7776 33.2776 50
      vertex 44.8111 34.103 1.85
      vertex 45.7776 33.2776 1.85
    endloop
  endfacet
  facet normal -0.760433 -0.649417 0
    outer loop
      vertex 46.603 32.3111 1.85
      vertex 45.7776 33.2776 50
      vertex 45.7776 33.2776 1.85
    endloop
  endfacet
  facet normal -0.760433 -0.649417 0
    outer loop
      vertex 45.7776 33.2776 50
      vertex 46.603 32.3111 1.85
      vertex 46.603 32.3111 50
    endloop
  endfacet
  facet normal -0.760433 0.649417 0
    outer loop
      vertex 45.7776 -33.2776 1.85
      vertex 46.603 -32.3111 50
      vertex 46.603 -32.3111 1.85
    endloop
  endfacet
  facet normal -0.760433 0.649417 0
    outer loop
      vertex 46.603 -32.3111 50
      vertex 45.7776 -33.2776 1.85
      vertex 45.7776 -33.2776 50
    endloop
  endfacet
  facet normal -0 0 1
    outer loop
      vertex 40.05 20.65 1.85
      vertex 48.15 3.86481 1.85
      vertex 48.15 27.55 1.85
    endloop
  endfacet
  facet normal 0 0 1
    outer loop
      vertex 48.15 3.86481 1.85
      vertex 40.05 20.65 1.85
      vertex 48.11 3.86481 1.85
    endloop
  endfacet
  facet normal 0 0 1
    outer loop
      vertex 40.05 20.65 1.85
      vertex 48.15 27.55 1.85
      vertex 48.0503 28.8171 1.85
    endloop
  endfacet
  facet normal 0 0 1
    outer loop
      vertex 40.05 -20.65 1.85
      vertex 48.15 -3.86481 1.85
      vertex 48.11 -3.86481 1.85
    endloop
  endfacet
  facet normal -0 0 1
    outer loop
      vertex 38.55 20.65 1.85
      vertex 48.11 3.86481 1.85
      vertex 40.05 20.65 1.85
    endloop
  endfacet
  facet normal 0 0 1
    outer loop
      vertex 7.40766 1.17326 1.85
      vertex 48.11 3.86481 1.85
      vertex 38.55 20.65 1.85
    endloop
  endfacet
  facet normal 0 0 1
    outer loop
      vertex 40.05 20.65 1.85
      vertex 48.0503 28.8171 1.85
      vertex 47.7536 30.053 1.85
    endloop
  endfacet
  facet normal 0 0 1
    outer loop
      vertex 48.15 -3.86481 1.85
      vertex 40.05 -20.65 1.85
      vertex 48.15 -27.55 1.85
    endloop
  endfacet
  facet normal 0 0 1
    outer loop
      vertex 40.05 20.65 1.85
      vertex 47.7536 30.053 1.85
      vertex 47.2672 31.2273 1.85
    endloop
  endfacet
  facet normal 0 0 1
    outer loop
      vertex 48.15 -27.55 1.85
      vertex 40.05 -20.65 1.85
      vertex 48.0503 -28.8171 1.85
    endloop
  endfacet
  facet normal 0 0 1
    outer loop
      vertex 40.05 20.65 1.85
      vertex 47.2672 31.2273 1.85
      vertex 46.603 32.3111 1.85
    endloop
  endfacet
  facet normal 0 0 1
    outer loop
      vertex 48.0503 -28.8171 1.85
      vertex 40.05 -20.65 1.85
      vertex 47.7536 -30.053 1.85
    endloop
  endfacet
  facet normal 0 0 1
    outer loop
      vertex 40.05 20.65 1.85
      vertex 46.603 32.3111 1.85
      vertex 45.7776 33.2776 1.85
    endloop
  endfacet
  facet normal 0 0 1
    outer loop
      vertex 47.7536 -30.053 1.85
      vertex 40.05 -20.65 1.85
      vertex 47.2672 -31.2273 1.85
    endloop
  endfacet
  facet normal 0 0 1
    outer loop
      vertex 40.05 20.65 1.85
      vertex 45.7776 33.2776 1.85
      vertex 44.8111 34.103 1.85
    endloop
  endfacet
  facet normal 0 0 1
    outer loop
      vertex 47.2672 -31.2273 1.85
      vertex 40.05 -20.65 1.85
      vertex 46.603 -32.3111 1.85
    endloop
  endfacet
  facet normal 0 0 1
    outer loop
      vertex 40.05 20.65 1.85
      vertex 44.8111 34.103 1.85
      vertex 43.7273 34.7672 1.85
    endloop
  endfacet
  facet normal 0 0 1
    outer loop
      vertex 46.603 -32.3111 1.85
      vertex 40.05 -20.65 1.85
      vertex 45.7776 -33.2776 1.85
    endloop
  endfacet
  facet normal 0 0 1
    outer loop
      vertex 40.05 20.65 1.85
      vertex 43.7273 34.7672 1.85
      vertex 42.553 35.2536 1.85
    endloop
  endfacet
  facet normal 0 0 1
    outer loop
      vertex 45.7776 -33.2776 1.85
      vertex 40.05 -20.65 1.85
      vertex 44.8111 -34.103 1.85
    endloop
  endfacet
  facet normal 0 0 1
    outer loop
      vertex 40.05 20.65 1.85
      vertex 42.553 35.2536 1.85
      vertex 41.3171 35.5503 1.85
    endloop
  endfacet
  facet normal 0 0 1
    outer loop
      vertex 44.8111 -34.103 1.85
      vertex 40.05 -20.65 1.85
      vertex 43.7273 -34.7672 1.85
    endloop
  endfacet
  facet normal 0 0 1
    outer loop
      vertex 40.05 20.65 1.85
      vertex 41.3171 35.5503 1.85
      vertex 40.05 35.65 1.85
    endloop
  endfacet
  facet normal 0 0 1
    outer loop
      vertex 43.7273 -34.7672 1.85
      vertex 40.05 -20.65 1.85
      vertex 42.553 -35.2536 1.85
    endloop
  endfacet
  facet normal 0 0 1
    outer loop
      vertex 42.553 -35.2536 1.85
      vertex 40.05 -20.65 1.85
      vertex 41.3171 -35.5503 1.85
    endloop
  endfacet
  facet normal 0 0 1
    outer loop
      vertex 41.3171 -35.5503 1.85
      vertex 40.05 -20.65 1.85
      vertex 40.05 -35.65 1.85
    endloop
  endfacet
  facet normal -0 0 1
    outer loop
      vertex -41.3171 35.5503 1.85
      vertex -40.05 20.65 1.85
      vertex -40.05 35.65 1.85
    endloop
  endfacet
  facet normal 0 0 1
    outer loop
      vertex -40.05 20.65 1.85
      vertex -48.11 3.86481 1.85
      vertex -40.05 -20.65 1.85
    endloop
  endfacet
  facet normal -0 0 1
    outer loop
      vertex -42.553 35.2536 1.85
      vertex -40.05 20.65 1.85
      vertex -41.3171 35.5503 1.85
    endloop
  endfacet
  facet normal -0 0 1
    outer loop
      vertex -48.11 -3.86481 1.85
      vertex -40.05 -20.65 1.85
      vertex -48.11 3.86481 1.85
    endloop
  endfacet
  facet normal -0 0 1
    outer loop
      vertex -43.7273 34.7672 1.85
      vertex -40.05 20.65 1.85
      vertex -42.553 35.2536 1.85
    endloop
  endfacet
  facet normal -0 0 1
    outer loop
      vertex -48.15 -3.86481 1.85
      vertex -40.05 -20.65 1.85
      vertex -48.11 -3.86481 1.85
    endloop
  endfacet
  facet normal -0 0 1
    outer loop
      vertex -44.8111 34.103 1.85
      vertex -40.05 20.65 1.85
      vertex -43.7273 34.7672 1.85
    endloop
  endfacet
  facet normal 0 -0 1
    outer loop
      vertex -48.0503 -28.8171 1.85
      vertex -40.05 -20.65 1.85
      vertex -48.15 -27.55 1.85
    endloop
  endfacet
  facet normal -0 0 1
    outer loop
      vertex -45.7776 33.2776 1.85
      vertex -40.05 20.65 1.85
      vertex -44.8111 34.103 1.85
    endloop
  endfacet
  facet normal 0 0 1
    outer loop
      vertex -40.05 -20.65 1.85
      vertex -41.3171 -35.5503 1.85
      vertex -40.05 -35.65 1.85
    endloop
  endfacet
  facet normal -0 0 1
    outer loop
      vertex -46.603 32.3111 1.85
      vertex -40.05 20.65 1.85
      vertex -45.7776 33.2776 1.85
    endloop
  endfacet
  facet normal 0 0 1
    outer loop
      vertex -40.05 -20.65 1.85
      vertex -42.553 -35.2536 1.85
      vertex -41.3171 -35.5503 1.85
    endloop
  endfacet
  facet normal -0 0 1
    outer loop
      vertex -47.2672 31.2273 1.85
      vertex -40.05 20.65 1.85
      vertex -46.603 32.3111 1.85
    endloop
  endfacet
  facet normal 0 0 1
    outer loop
      vertex -40.05 -20.65 1.85
      vertex -43.7273 -34.7672 1.85
      vertex -42.553 -35.2536 1.85
    endloop
  endfacet
  facet normal -0 0 1
    outer loop
      vertex -47.7536 30.053 1.85
      vertex -40.05 20.65 1.85
      vertex -47.2672 31.2273 1.85
    endloop
  endfacet
  facet normal 0 0 1
    outer loop
      vertex -40.05 -20.65 1.85
      vertex -44.8111 -34.103 1.85
      vertex -43.7273 -34.7672 1.85
    endloop
  endfacet
  facet normal -0 0 1
    outer loop
      vertex -48.0503 28.8171 1.85
      vertex -40.05 20.65 1.85
      vertex -47.7536 30.053 1.85
    endloop
  endfacet
  facet normal 0 0 1
    outer loop
      vertex -40.05 -20.65 1.85
      vertex -45.7776 -33.2776 1.85
      vertex -44.8111 -34.103 1.85
    endloop
  endfacet
  facet normal 0 0 1
    outer loop
      vertex -40.05 20.65 1.85
      vertex -48.0503 28.8171 1.85
      vertex -48.15 27.55 1.85
    endloop
  endfacet
  facet normal 0 0 1
    outer loop
      vertex -40.05 -20.65 1.85
      vertex -46.603 -32.3111 1.85
      vertex -45.7776 -33.2776 1.85
    endloop
  endfacet
  facet normal 0 0 1
    outer loop
      vertex -40.05 -20.65 1.85
      vertex -47.2672 -31.2273 1.85
      vertex -46.603 -32.3111 1.85
    endloop
  endfacet
  facet normal 0 0 1
    outer loop
      vertex -48.15 3.86481 1.85
      vertex -40.05 20.65 1.85
      vertex -48.15 27.55 1.85
    endloop
  endfacet
  facet normal 0 0 1
    outer loop
      vertex -40.05 20.65 1.85
      vertex -48.15 3.86481 1.85
      vertex -48.11 3.86481 1.85
    endloop
  endfacet
  facet normal -0 0 1
    outer loop
      vertex -40.05 20.65 1.85
      vertex -38.55 -20.65 1.85
      vertex -38.55 20.65 1.85
    endloop
  endfacet
  facet normal 0 0 1
    outer loop
      vertex -38.55 -20.65 1.85
      vertex -40.05 20.65 1.85
      vertex -40.05 -20.65 1.85
    endloop
  endfacet
  facet normal 0 0 1
    outer loop
      vertex -40.05 -20.65 1.85
      vertex -47.7536 -30.053 1.85
      vertex -47.2672 -31.2273 1.85
    endloop
  endfacet
  facet normal 0 0 1
    outer loop
      vertex -40.05 -20.65 1.85
      vertex -48.15 -3.86481 1.85
      vertex -48.15 -27.55 1.85
    endloop
  endfacet
  facet normal 0 0 1
    outer loop
      vertex -40.05 -20.65 1.85
      vertex -48.0503 -28.8171 1.85
      vertex -47.7536 -30.053 1.85
    endloop
  endfacet
  facet normal -0 0 1
    outer loop
      vertex -38.55 35.65 1.85
      vertex -3.86481 35.61 1.85
      vertex -3.86481 35.65 1.85
    endloop
  endfacet
  facet normal 0 0 1
    outer loop
      vertex -3.86481 35.61 1.85
      vertex -5.3033 5.3033 1.85
      vertex -4.40839 6.06763 1.85
    endloop
  endfacet
  facet normal 0 0 1
    outer loop
      vertex -3.86481 35.61 1.85
      vertex -38.55 20.65 1.85
      vertex -5.3033 5.3033 1.85
    endloop
  endfacet
  facet normal 0 0 1
    outer loop
      vertex -5.3033 5.3033 1.85
      vertex -38.55 20.65 1.85
      vertex -6.06763 4.40839 1.85
    endloop
  endfacet
  facet normal 0 0 1
    outer loop
      vertex -6.06763 4.40839 1.85
      vertex -38.55 20.65 1.85
      vertex -6.68255 3.40493 1.85
    endloop
  endfacet
  facet normal 0 0 1
    outer loop
      vertex -6.68255 3.40493 1.85
      vertex -38.55 20.65 1.85
      vertex -7.13292 2.31763 1.85
    endloop
  endfacet
  facet normal 0 0 1
    outer loop
      vertex -7.13292 2.31763 1.85
      vertex -38.55 20.65 1.85
      vertex -7.40766 1.17326 1.85
    endloop
  endfacet
  facet normal 0 0 1
    outer loop
      vertex -3.86481 35.61 1.85
      vertex -38.55 35.65 1.85
      vertex -38.55 20.65 1.85
    endloop
  endfacet
  facet normal -0 0 1
    outer loop
      vertex 3.40493 -6.68255 1.85
      vertex 3.86481 -35.61 1.85
      vertex 4.40839 -6.06763 1.85
    endloop
  endfacet
  facet normal -0 0 1
    outer loop
      vertex 2.31763 -7.13292 1.85
      vertex 3.86481 -35.61 1.85
      vertex 3.40493 -6.68255 1.85
    endloop
  endfacet
  facet normal -0 0 1
    outer loop
      vertex 1.17326 -7.40766 1.85
      vertex 3.86481 -35.61 1.85
      vertex 2.31763 -7.13292 1.85
    endloop
  endfacet
  facet normal -0 0 1
    outer loop
      vertex 0 -7.5 1.85
      vertex 3.86481 -35.61 1.85
      vertex 1.17326 -7.40766 1.85
    endloop
  endfacet
  facet normal 0 0 1
    outer loop
      vertex -3.86481 -35.61 1.85
      vertex 0 -7.5 1.85
      vertex -1.17326 -7.40766 1.85
    endloop
  endfacet
  facet normal 0 0 1
    outer loop
      vertex -3.86481 -35.61 1.85
      vertex -1.17326 -7.40766 1.85
      vertex -2.31763 -7.13292 1.85
    endloop
  endfacet
  facet normal 0 0 1
    outer loop
      vertex -3.86481 -35.61 1.85
      vertex -2.31763 -7.13292 1.85
      vertex -3.40493 -6.68255 1.85
    endloop
  endfacet
  facet normal 0 0 1
    outer loop
      vertex 0 -7.5 1.85
      vertex -3.86481 -35.61 1.85
      vertex 3.86481 -35.61 1.85
    endloop
  endfacet
  facet normal 0 0 1
    outer loop
      vertex -4.40839 -6.06763 1.85
      vertex -3.86481 -35.61 1.85
      vertex -3.40493 -6.68255 1.85
    endloop
  endfacet
  facet normal 0 0 1
    outer loop
      vertex -5.3033 -5.3033 1.85
      vertex -3.86481 -35.61 1.85
      vertex -4.40839 -6.06763 1.85
    endloop
  endfacet
  facet normal -0 0 1
    outer loop
      vertex -38.55 -20.65 1.85
      vertex -3.86481 -35.61 1.85
      vertex -5.3033 -5.3033 1.85
    endloop
  endfacet
  facet normal 0 0 1
    outer loop
      vertex -38.55 -20.65 1.85
      vertex -5.3033 -5.3033 1.85
      vertex -6.06763 -4.40839 1.85
    endloop
  endfacet
  facet normal 0 0 1
    outer loop
      vertex -38.55 -20.65 1.85
      vertex -6.06763 -4.40839 1.85
      vertex -6.68255 -3.40493 1.85
    endloop
  endfacet
  facet normal 0 0 1
    outer loop
      vertex -38.55 -20.65 1.85
      vertex -6.68255 -3.40493 1.85
      vertex -7.13292 -2.31763 1.85
    endloop
  endfacet
  facet normal 0 0 1
    outer loop
      vertex -38.55 -20.65 1.85
      vertex -7.13292 -2.31763 1.85
      vertex -7.40766 -1.17326 1.85
    endloop
  endfacet
  facet normal 0 0 1
    outer loop
      vertex -7.40766 1.17326 1.85
      vertex -38.55 20.65 1.85
      vertex -7.5 0 1.85
    endloop
  endfacet
  facet normal 0 0 1
    outer loop
      vertex -38.55 -20.65 1.85
      vertex -7.5 0 1.85
      vertex -38.55 20.65 1.85
    endloop
  endfacet
  facet normal 0 0 1
    outer loop
      vertex -7.5 0 1.85
      vertex -38.55 -20.65 1.85
      vertex -7.40766 -1.17326 1.85
    endloop
  endfacet
  facet normal 0 0 1
    outer loop
      vertex -38.55 -35.65 1.85
      vertex -3.86481 -35.61 1.85
      vertex -38.55 -20.65 1.85
    endloop
  endfacet
  facet normal 0 0 1
    outer loop
      vertex -3.86481 -35.61 1.85
      vertex -38.55 -35.65 1.85
      vertex -3.86481 -35.65 1.85
    endloop
  endfacet
  facet normal -0 0 1
    outer loop
      vertex 3.86481 35.61 1.85
      vertex 38.55 20.65 1.85
      vertex 38.55 35.65 1.85
    endloop
  endfacet
  facet normal 0 0 1
    outer loop
      vertex 48.11 3.86481 1.85
      vertex 7.5 0 1.85
      vertex 48.11 -3.86481 1.85
    endloop
  endfacet
  facet normal 0 0 1
    outer loop
      vertex 48.11 -3.86481 1.85
      vertex 7.40766 -1.17326 1.85
      vertex 38.55 -20.65 1.85
    endloop
  endfacet
  facet normal -0 0 1
    outer loop
      vertex 7.40766 -1.17326 1.85
      vertex 48.11 -3.86481 1.85
      vertex 7.5 0 1.85
    endloop
  endfacet
  facet normal 0 0 1
    outer loop
      vertex 38.55 20.65 1.85
      vertex 7.13292 2.31763 1.85
      vertex 7.40766 1.17326 1.85
    endloop
  endfacet
  facet normal 0 0 1
    outer loop
      vertex 38.55 20.65 1.85
      vertex 6.68255 3.40493 1.85
      vertex 7.13292 2.31763 1.85
    endloop
  endfacet
  facet normal 0 0 1
    outer loop
      vertex 38.55 20.65 1.85
      vertex 6.06763 4.40839 1.85
      vertex 6.68255 3.40493 1.85
    endloop
  endfacet
  facet normal 0 0 1
    outer loop
      vertex 38.55 20.65 1.85
      vertex 5.3033 5.3033 1.85
      vertex 6.06763 4.40839 1.85
    endloop
  endfacet
  facet normal 0 0 1
    outer loop
      vertex 38.55 20.65 1.85
      vertex 3.86481 35.61 1.85
      vertex 5.3033 5.3033 1.85
    endloop
  endfacet
  facet normal 0 0 1
    outer loop
      vertex 3.86481 35.61 1.85
      vertex 38.55 35.65 1.85
      vertex 3.86481 35.65 1.85
    endloop
  endfacet
  facet normal 0 0 1
    outer loop
      vertex 5.3033 5.3033 1.85
      vertex 3.86481 35.61 1.85
      vertex 4.40839 6.06763 1.85
    endloop
  endfacet
  facet normal 0 0 1
    outer loop
      vertex 3.86481 35.61 1.85
      vertex 3.40493 6.68255 1.85
      vertex 4.40839 6.06763 1.85
    endloop
  endfacet
  facet normal 0 0 1
    outer loop
      vertex 3.86481 35.61 1.85
      vertex 2.31763 7.13292 1.85
      vertex 3.40493 6.68255 1.85
    endloop
  endfacet
  facet normal 0 0 1
    outer loop
      vertex 3.86481 35.61 1.85
      vertex 1.17326 7.40766 1.85
      vertex 2.31763 7.13292 1.85
    endloop
  endfacet
  facet normal 0 0 1
    outer loop
      vertex 3.86481 35.61 1.85
      vertex 0 7.5 1.85
      vertex 1.17326 7.40766 1.85
    endloop
  endfacet
  facet normal -0 0 1
    outer loop
      vertex -3.86481 35.61 1.85
      vertex 0 7.5 1.85
      vertex 3.86481 35.61 1.85
    endloop
  endfacet
  facet normal 0 0 1
    outer loop
      vertex 0 7.5 1.85
      vertex -3.86481 35.61 1.85
      vertex -1.17326 7.40766 1.85
    endloop
  endfacet
  facet normal 0 0 1
    outer loop
      vertex -1.17326 7.40766 1.85
      vertex -3.86481 35.61 1.85
      vertex -2.31763 7.13292 1.85
    endloop
  endfacet
  facet normal 0 0 1
    outer loop
      vertex -2.31763 7.13292 1.85
      vertex -3.86481 35.61 1.85
      vertex -3.40493 6.68255 1.85
    endloop
  endfacet
  facet normal 0 0 1
    outer loop
      vertex -3.40493 6.68255 1.85
      vertex -3.86481 35.61 1.85
      vertex -4.40839 6.06763 1.85
    endloop
  endfacet
  facet normal 0 -0 1
    outer loop
      vertex 7.5 0 1.85
      vertex 48.11 3.86481 1.85
      vertex 7.40766 1.17326 1.85
    endloop
  endfacet
  facet normal 0 0 1
    outer loop
      vertex 48.11 -3.86481 1.85
      vertex 38.55 -20.65 1.85
      vertex 40.05 -20.65 1.85
    endloop
  endfacet
  facet normal -0 0 1
    outer loop
      vertex 7.13292 -2.31763 1.85
      vertex 38.55 -20.65 1.85
      vertex 7.40766 -1.17326 1.85
    endloop
  endfacet
  facet normal -0 0 1
    outer loop
      vertex 6.68255 -3.40493 1.85
      vertex 38.55 -20.65 1.85
      vertex 7.13292 -2.31763 1.85
    endloop
  endfacet
  facet normal -0 0 1
    outer loop
      vertex 6.06763 -4.40839 1.85
      vertex 38.55 -20.65 1.85
      vertex 6.68255 -3.40493 1.85
    endloop
  endfacet
  facet normal -0 0 1
    outer loop
      vertex 5.3033 -5.3033 1.85
      vertex 38.55 -20.65 1.85
      vertex 6.06763 -4.40839 1.85
    endloop
  endfacet
  facet normal 0 0 1
    outer loop
      vertex 3.86481 -35.61 1.85
      vertex 38.55 -20.65 1.85
      vertex 5.3033 -5.3033 1.85
    endloop
  endfacet
  facet normal 0 0 1
    outer loop
      vertex 3.86481 -35.61 1.85
      vertex 5.3033 -5.3033 1.85
      vertex 4.40839 -6.06763 1.85
    endloop
  endfacet
  facet normal 0 0 1
    outer loop
      vertex 38.55 -20.65 1.85
      vertex 3.86481 -35.61 1.85
      vertex 38.55 -35.65 1.85
    endloop
  endfacet
  facet normal 0 0 1
    outer loop
      vertex 38.55 -35.65 1.85
      vertex 3.86481 -35.61 1.85
      vertex 3.86481 -35.65 1.85
    endloop
  endfacet
  facet normal 0.382676 0.923883 -0
    outer loop
      vertex -42.553 -35.2536 1.85
      vertex -43.7273 -34.7672 50
      vertex -42.553 -35.2536 50
    endloop
  endfacet
  facet normal 0.382676 0.923883 0
    outer loop
      vertex -43.7273 -34.7672 50
      vertex -42.553 -35.2536 1.85
      vertex -43.7273 -34.7672 1.85
    endloop
  endfacet
  facet normal 0.649417 0.760433 -0
    outer loop
      vertex -44.8111 -34.103 1.85
      vertex -45.7776 -33.2776 50
      vertex -44.8111 -34.103 50
    endloop
  endfacet
  facet normal 0.649417 0.760433 0
    outer loop
      vertex -45.7776 -33.2776 50
      vertex -44.8111 -34.103 1.85
      vertex -45.7776 -33.2776 1.85
    endloop
  endfacet
  facet normal -0.996919 -0.0784412 0
    outer loop
      vertex 48.15 27.55 1.85
      vertex 48.0503 28.8171 50
      vertex 48.0503 28.8171 1.85
    endloop
  endfacet
  facet normal -0.996919 -0.0784412 0
    outer loop
      vertex 48.0503 28.8171 50
      vertex 48.15 27.55 1.85
      vertex 48.15 27.55 50
    endloop
  endfacet
  facet normal 0.923883 0.382676 0
    outer loop
      vertex -47.2672 -31.2273 50
      vertex -47.7536 -30.053 1.85
      vertex -47.7536 -30.053 50
    endloop
  endfacet
  facet normal 0.923883 0.382676 0
    outer loop
      vertex -47.7536 -30.053 1.85
      vertex -47.2672 -31.2273 50
      vertex -47.2672 -31.2273 1.85
    endloop
  endfacet
  facet normal 0.996919 0.0784412 0
    outer loop
      vertex -48.0503 -28.8171 50
      vertex -48.15 -27.55 1.85
      vertex -48.15 -27.55 50
    endloop
  endfacet
  facet normal 0.996919 0.0784412 0
    outer loop
      vertex -48.15 -27.55 1.85
      vertex -48.0503 -28.8171 50
      vertex -48.0503 -28.8171 1.85
    endloop
  endfacet
  facet normal 0.233435 0.972372 -0
    outer loop
      vertex -41.3171 -35.5503 1.85
      vertex -42.553 -35.2536 50
      vertex -41.3171 -35.5503 50
    endloop
  endfacet
  facet normal 0.233435 0.972372 0
    outer loop
      vertex -42.553 -35.2536 50
      vertex -41.3171 -35.5503 1.85
      vertex -42.553 -35.2536 1.85
    endloop
  endfacet
  facet normal 0.972372 0.233435 0
    outer loop
      vertex -47.7536 -30.053 50
      vertex -48.0503 -28.8171 1.85
      vertex -48.0503 -28.8171 50
    endloop
  endfacet
  facet normal 0.972372 0.233435 0
    outer loop
      vertex -48.0503 -28.8171 1.85
      vertex -47.7536 -30.053 50
      vertex -47.7536 -30.053 1.85
    endloop
  endfacet
  facet normal 0 -0.919145 0.393919
    outer loop
      vertex -40.05 20.65 1.85
      vertex -38.55 35.65 36.85
      vertex -40.05 35.65 36.85
    endloop
  endfacet
  facet normal 0 -0.919145 0.393919
    outer loop
      vertex -38.55 35.65 36.85
      vertex -40.05 20.65 1.85
      vertex -38.55 20.65 1.85
    endloop
  endfacet
  facet normal -1 0 0
    outer loop
      vertex -40.05 35.65 1.85
      vertex -40.05 20.65 1.85
      vertex -40.05 35.65 36.85
    endloop
  endfacet
  facet normal 1 0 0
    outer loop
      vertex -38.55 35.65 36.85
      vertex -38.55 20.65 1.85
      vertex -38.55 35.65 1.85
    endloop
  endfacet
  facet normal 1 0 0
    outer loop
      vertex -38.55 -35.65 36.85
      vertex -38.55 -35.65 1.85
      vertex -38.55 -20.65 1.85
    endloop
  endfacet
  facet normal -1 0 0
    outer loop
      vertex -40.05 -20.65 1.85
      vertex -40.05 -35.65 1.85
      vertex -40.05 -35.65 36.85
    endloop
  endfacet
  facet normal 0 0.919145 0.393919
    outer loop
      vertex -38.55 -20.65 1.85
      vertex -40.05 -35.65 36.85
      vertex -38.55 -35.65 36.85
    endloop
  endfacet
  facet normal 0 0.919145 0.393919
    outer loop
      vertex -40.05 -35.65 36.85
      vertex -38.55 -20.65 1.85
      vertex -40.05 -20.65 1.85
    endloop
  endfacet
  facet normal 0 -0.919145 0.393919
    outer loop
      vertex 38.55 20.65 1.85
      vertex 40.05 35.65 36.85
      vertex 38.55 35.65 36.85
    endloop
  endfacet
  facet normal 0 -0.919145 0.393919
    outer loop
      vertex 40.05 35.65 36.85
      vertex 38.55 20.65 1.85
      vertex 40.05 20.65 1.85
    endloop
  endfacet
  facet normal -1 0 0
    outer loop
      vertex 38.55 35.65 1.85
      vertex 38.55 20.65 1.85
      vertex 38.55 35.65 36.85
    endloop
  endfacet
  facet normal 1 0 0
    outer loop
      vertex 40.05 35.65 36.85
      vertex 40.05 20.65 1.85
      vertex 40.05 35.65 1.85
    endloop
  endfacet
  facet normal 1 0 0
    outer loop
      vertex 40.05 -35.65 36.85
      vertex 40.05 -35.65 1.85
      vertex 40.05 -20.65 1.85
    endloop
  endfacet
  facet normal -1 0 0
    outer loop
      vertex 38.55 -20.65 1.85
      vertex 38.55 -35.65 1.85
      vertex 38.55 -35.65 36.85
    endloop
  endfacet
  facet normal 0 0.919145 0.393919
    outer loop
      vertex 40.05 -20.65 1.85
      vertex 38.55 -35.65 36.85
      vertex 40.05 -35.65 36.85
    endloop
  endfacet
  facet normal 0 0.919145 0.393919
    outer loop
      vertex 38.55 -35.65 36.85
      vertex 40.05 -20.65 1.85
      vertex 38.55 -20.65 1.85
    endloop
  endfacet
  facet normal 0.64945 0.760404 -0
    outer loop
      vertex 5.3033 5.3033 1.85
      vertex 4.40839 6.06763 50
      vertex 5.3033 5.3033 50
    endloop
  endfacet
  facet normal 0.64945 0.760404 0
    outer loop
      vertex 4.40839 6.06763 50
      vertex 5.3033 5.3033 1.85
      vertex 4.40839 6.06763 1.85
    endloop
  endfacet
  facet normal 0.97237 -0.233446 0
    outer loop
      vertex 7.13292 -2.31763 50
      vertex 7.40766 -1.17326 1.85
      vertex 7.40766 -1.17326 50
    endloop
  endfacet
  facet normal 0.97237 -0.233446 0
    outer loop
      vertex 7.40766 -1.17326 1.85
      vertex 7.13292 -2.31763 50
      vertex 7.13292 -2.31763 1.85
    endloop
  endfacet
  facet normal -0.38268 0.923881 0
    outer loop
      vertex -2.31763 7.13292 1.85
      vertex -3.40493 6.68255 50
      vertex -2.31763 7.13292 50
    endloop
  endfacet
  facet normal -0.38268 0.923881 0
    outer loop
      vertex -3.40493 6.68255 50
      vertex -2.31763 7.13292 1.85
      vertex -3.40493 6.68255 1.85
    endloop
  endfacet
  facet normal -0.852641 0.522498 0
    outer loop
      vertex -6.68255 3.40493 1.85
      vertex -6.06763 4.40839 50
      vertex -6.06763 4.40839 1.85
    endloop
  endfacet
  facet normal -0.852641 0.522498 0
    outer loop
      vertex -6.06763 4.40839 50
      vertex -6.68255 3.40493 1.85
      vertex -6.68255 3.40493 50
    endloop
  endfacet
  facet normal -0.852641 -0.522498 0
    outer loop
      vertex -6.06763 -4.40839 1.85
      vertex -6.68255 -3.40493 50
      vertex -6.68255 -3.40493 1.85
    endloop
  endfacet
  facet normal -0.852641 -0.522498 0
    outer loop
      vertex -6.68255 -3.40493 50
      vertex -6.06763 -4.40839 1.85
      vertex -6.06763 -4.40839 50
    endloop
  endfacet
  facet normal 0.923881 0.38268 0
    outer loop
      vertex 7.13292 2.31763 50
      vertex 6.68255 3.40493 1.85
      vertex 6.68255 3.40493 50
    endloop
  endfacet
  facet normal 0.923881 0.38268 0
    outer loop
      vertex 6.68255 3.40493 1.85
      vertex 7.13292 2.31763 50
      vertex 7.13292 2.31763 1.85
    endloop
  endfacet
  facet normal 0.852641 0.522498 0
    outer loop
      vertex 6.68255 3.40493 50
      vertex 6.06763 4.40839 1.85
      vertex 6.06763 4.40839 50
    endloop
  endfacet
  facet normal 0.852641 0.522498 0
    outer loop
      vertex 6.06763 4.40839 1.85
      vertex 6.68255 3.40493 50
      vertex 6.68255 3.40493 1.85
    endloop
  endfacet
  facet normal 0.760404 0.64945 0
    outer loop
      vertex 6.06763 4.40839 50
      vertex 5.3033 5.3033 1.85
      vertex 5.3033 5.3033 50
    endloop
  endfacet
  facet normal 0.760404 0.64945 0
    outer loop
      vertex 5.3033 5.3033 1.85
      vertex 6.06763 4.40839 50
      vertex 6.06763 4.40839 1.85
    endloop
  endfacet
  facet normal 0.522498 0.852641 -0
    outer loop
      vertex 4.40839 6.06763 1.85
      vertex 3.40493 6.68255 50
      vertex 4.40839 6.06763 50
    endloop
  endfacet
  facet normal 0.522498 0.852641 0
    outer loop
      vertex 3.40493 6.68255 50
      vertex 4.40839 6.06763 1.85
      vertex 3.40493 6.68255 1.85
    endloop
  endfacet
  facet normal 0.0784612 0.996917 -0
    outer loop
      vertex 1.17326 7.40766 1.85
      vertex 0 7.5 50
      vertex 1.17326 7.40766 50
    endloop
  endfacet
  facet normal 0.0784612 0.996917 0
    outer loop
      vertex 0 7.5 50
      vertex 1.17326 7.40766 1.85
      vertex 0 7.5 1.85
    endloop
  endfacet
  facet normal 0.233446 0.97237 -0
    outer loop
      vertex 2.31763 7.13292 1.85
      vertex 1.17326 7.40766 50
      vertex 2.31763 7.13292 50
    endloop
  endfacet
  facet normal 0.233446 0.97237 0
    outer loop
      vertex 1.17326 7.40766 50
      vertex 2.31763 7.13292 1.85
      vertex 1.17326 7.40766 1.85
    endloop
  endfacet
  facet normal -0.996917 0.0784612 0
    outer loop
      vertex -7.5 0 1.85
      vertex -7.40766 1.17326 50
      vertex -7.40766 1.17326 1.85
    endloop
  endfacet
  facet normal -0.996917 0.0784612 0
    outer loop
      vertex -7.40766 1.17326 50
      vertex -7.5 0 1.85
      vertex -7.5 0 50
    endloop
  endfacet
  facet normal -0.97237 0.233446 0
    outer loop
      vertex -7.40766 1.17326 1.85
      vertex -7.13292 2.31763 50
      vertex -7.13292 2.31763 1.85
    endloop
  endfacet
  facet normal -0.97237 0.233446 0
    outer loop
      vertex -7.13292 2.31763 50
      vertex -7.40766 1.17326 1.85
      vertex -7.40766 1.17326 50
    endloop
  endfacet
  facet normal -0.760404 0.64945 0
    outer loop
      vertex -6.06763 4.40839 1.85
      vertex -5.3033 5.3033 50
      vertex -5.3033 5.3033 1.85
    endloop
  endfacet
  facet normal -0.760404 0.64945 0
    outer loop
      vertex -5.3033 5.3033 50
      vertex -6.06763 4.40839 1.85
      vertex -6.06763 4.40839 50
    endloop
  endfacet
  facet normal -0.522498 0.852641 0
    outer loop
      vertex -3.40493 6.68255 1.85
      vertex -4.40839 6.06763 50
      vertex -3.40493 6.68255 50
    endloop
  endfacet
  facet normal -0.522498 0.852641 0
    outer loop
      vertex -4.40839 6.06763 50
      vertex -3.40493 6.68255 1.85
      vertex -4.40839 6.06763 1.85
    endloop
  endfacet
  facet normal -0.0784612 0.996917 0
    outer loop
      vertex 0 7.5 1.85
      vertex -1.17326 7.40766 50
      vertex 0 7.5 50
    endloop
  endfacet
  facet normal -0.0784612 0.996917 0
    outer loop
      vertex -1.17326 7.40766 50
      vertex 0 7.5 1.85
      vertex -1.17326 7.40766 1.85
    endloop
  endfacet
  facet normal -0.64945 0.760404 0
    outer loop
      vertex -4.40839 6.06763 1.85
      vertex -5.3033 5.3033 50
      vertex -4.40839 6.06763 50
    endloop
  endfacet
  facet normal -0.64945 0.760404 0
    outer loop
      vertex -5.3033 5.3033 50
      vertex -4.40839 6.06763 1.85
      vertex -5.3033 5.3033 1.85
    endloop
  endfacet
  facet normal 0.0784612 -0.996917 0
    outer loop
      vertex 0 -7.5 1.85
      vertex 1.17326 -7.40766 50
      vertex 0 -7.5 50
    endloop
  endfacet
  facet normal 0.0784612 -0.996917 0
    outer loop
      vertex 1.17326 -7.40766 50
      vertex 0 -7.5 1.85
      vertex 1.17326 -7.40766 1.85
    endloop
  endfacet
  facet normal 0.760404 -0.64945 0
    outer loop
      vertex 5.3033 -5.3033 50
      vertex 6.06763 -4.40839 1.85
      vertex 6.06763 -4.40839 50
    endloop
  endfacet
  facet normal 0.760404 -0.64945 0
    outer loop
      vertex 6.06763 -4.40839 1.85
      vertex 5.3033 -5.3033 50
      vertex 5.3033 -5.3033 1.85
    endloop
  endfacet
  facet normal 0.233446 -0.97237 0
    outer loop
      vertex 1.17326 -7.40766 1.85
      vertex 2.31763 -7.13292 50
      vertex 1.17326 -7.40766 50
    endloop
  endfacet
  facet normal 0.233446 -0.97237 0
    outer loop
      vertex 2.31763 -7.13292 50
      vertex 1.17326 -7.40766 1.85
      vertex 2.31763 -7.13292 1.85
    endloop
  endfacet
  facet normal 0.522498 -0.852641 0
    outer loop
      vertex 3.40493 -6.68255 1.85
      vertex 4.40839 -6.06763 50
      vertex 3.40493 -6.68255 50
    endloop
  endfacet
  facet normal 0.522498 -0.852641 0
    outer loop
      vertex 4.40839 -6.06763 50
      vertex 3.40493 -6.68255 1.85
      vertex 4.40839 -6.06763 1.85
    endloop
  endfacet
  facet normal -0.522498 -0.852641 0
    outer loop
      vertex -4.40839 -6.06763 1.85
      vertex -3.40493 -6.68255 50
      vertex -4.40839 -6.06763 50
    endloop
  endfacet
  facet normal -0.522498 -0.852641 -0
    outer loop
      vertex -3.40493 -6.68255 50
      vertex -4.40839 -6.06763 1.85
      vertex -3.40493 -6.68255 1.85
    endloop
  endfacet
  facet normal -0.64945 -0.760404 0
    outer loop
      vertex -5.3033 -5.3033 1.85
      vertex -4.40839 -6.06763 50
      vertex -5.3033 -5.3033 50
    endloop
  endfacet
  facet normal -0.64945 -0.760404 -0
    outer loop
      vertex -4.40839 -6.06763 50
      vertex -5.3033 -5.3033 1.85
      vertex -4.40839 -6.06763 1.85
    endloop
  endfacet
  facet normal -0.996917 -0.0784612 0
    outer loop
      vertex -7.40766 -1.17326 1.85
      vertex -7.5 0 50
      vertex -7.5 0 1.85
    endloop
  endfacet
  facet normal -0.996917 -0.0784612 0
    outer loop
      vertex -7.5 0 50
      vertex -7.40766 -1.17326 1.85
      vertex -7.40766 -1.17326 50
    endloop
  endfacet
  facet normal 0.97237 0.233446 0
    outer loop
      vertex 7.40766 1.17326 50
      vertex 7.13292 2.31763 1.85
      vertex 7.13292 2.31763 50
    endloop
  endfacet
  facet normal 0.97237 0.233446 0
    outer loop
      vertex 7.13292 2.31763 1.85
      vertex 7.40766 1.17326 50
      vertex 7.40766 1.17326 1.85
    endloop
  endfacet
  facet normal 0 0 1
    outer loop
      vertex 5.65 0 50
      vertex 7.5 0 50
      vertex 7.40766 1.17326 50
    endloop
  endfacet
  facet normal 0 0 1
    outer loop
      vertex 5.58044 0.883854 50
      vertex 7.40766 1.17326 50
      vertex 7.13292 2.31763 50
    endloop
  endfacet
  facet normal 0 0 1
    outer loop
      vertex 7.5 0 50
      vertex 5.65 0 50
      vertex 7.40766 -1.17326 50
    endloop
  endfacet
  facet normal 0 0 1
    outer loop
      vertex 5.37347 1.74595 50
      vertex 7.13292 2.31763 50
      vertex 6.68255 3.40493 50
    endloop
  endfacet
  facet normal -0 0 1
    outer loop
      vertex 5.58044 -0.883854 50
      vertex 7.40766 -1.17326 50
      vertex 5.65 0 50
    endloop
  endfacet
  facet normal 0 0 1
    outer loop
      vertex 5.03419 2.56505 50
      vertex 6.68255 3.40493 50
      vertex 6.06763 4.40839 50
    endloop
  endfacet
  facet normal 0 0 1
    outer loop
      vertex 7.40766 -1.17326 50
      vertex 5.58044 -0.883854 50
      vertex 7.13292 -2.31763 50
    endloop
  endfacet
  facet normal -0 0 1
    outer loop
      vertex 5.37347 -1.74595 50
      vertex 7.13292 -2.31763 50
      vertex 5.58044 -0.883854 50
    endloop
  endfacet
  facet normal 0 0 1
    outer loop
      vertex 7.40766 1.17326 50
      vertex 5.58044 0.883854 50
      vertex 5.65 0 50
    endloop
  endfacet
  facet normal 0 0 1
    outer loop
      vertex 7.13292 2.31763 50
      vertex 5.37347 1.74595 50
      vertex 5.58044 0.883854 50
    endloop
  endfacet
  facet normal 0 0 1
    outer loop
      vertex 4.57095 3.32099 50
      vertex 6.06763 4.40839 50
      vertex 5.3033 5.3033 50
    endloop
  endfacet
  facet normal 0 0 1
    outer loop
      vertex 6.68255 3.40493 50
      vertex 5.03419 2.56505 50
      vertex 5.37347 1.74595 50
    endloop
  endfacet
  facet normal 0 0 1
    outer loop
      vertex 6.06763 4.40839 50
      vertex 4.57095 3.32099 50
      vertex 5.03419 2.56505 50
    endloop
  endfacet
  facet normal 0 0 1
    outer loop
      vertex 3.99515 3.99515 50
      vertex 5.3033 5.3033 50
      vertex 4.40839 6.06763 50
    endloop
  endfacet
  facet normal 0 0 1
    outer loop
      vertex 5.3033 5.3033 50
      vertex 3.99515 3.99515 50
      vertex 4.57095 3.32099 50
    endloop
  endfacet
  facet normal 0 0 1
    outer loop
      vertex 3.32099 4.57095 50
      vertex 4.40839 6.06763 50
      vertex 3.40493 6.68255 50
    endloop
  endfacet
  facet normal 0 0 1
    outer loop
      vertex 4.40839 6.06763 50
      vertex 3.32099 4.57095 50
      vertex 3.99515 3.99515 50
    endloop
  endfacet
  facet normal 0 0 1
    outer loop
      vertex 3.40493 6.68255 50
      vertex 2.56505 5.03419 50
      vertex 3.32099 4.57095 50
    endloop
  endfacet
  facet normal 0 0 1
    outer loop
      vertex 2.31763 7.13292 50
      vertex 2.56505 5.03419 50
      vertex 3.40493 6.68255 50
    endloop
  endfacet
  facet normal 0 0 1
    outer loop
      vertex 2.31763 7.13292 50
      vertex 1.74595 5.37347 50
      vertex 2.56505 5.03419 50
    endloop
  endfacet
  facet normal 0 0 1
    outer loop
      vertex 1.17326 7.40766 50
      vertex 1.74595 5.37347 50
      vertex 2.31763 7.13292 50
    endloop
  endfacet
  facet normal 0 0 1
    outer loop
      vertex 1.17326 7.40766 50
      vertex 0.883854 5.58044 50
      vertex 1.74595 5.37347 50
    endloop
  endfacet
  facet normal 0 0 1
    outer loop
      vertex 0 7.5 50
      vertex 0.883854 5.58044 50
      vertex 1.17326 7.40766 50
    endloop
  endfacet
  facet normal 0 0 1
    outer loop
      vertex 0 7.5 50
      vertex 0 5.65 50
      vertex 0.883854 5.58044 50
    endloop
  endfacet
  facet normal 0 0 1
    outer loop
      vertex 0 7.5 50
      vertex -0.883854 5.58044 50
      vertex 0 5.65 50
    endloop
  endfacet
  facet normal -0 0 1
    outer loop
      vertex -1.17326 7.40766 50
      vertex -0.883854 5.58044 50
      vertex 0 7.5 50
    endloop
  endfacet
  facet normal 0 0 1
    outer loop
      vertex -1.17326 7.40766 50
      vertex -1.74595 5.37347 50
      vertex -0.883854 5.58044 50
    endloop
  endfacet
  facet normal -0 0 1
    outer loop
      vertex -2.31763 7.13292 50
      vertex -1.74595 5.37347 50
      vertex -1.17326 7.40766 50
    endloop
  endfacet
  facet normal 0 0 1
    outer loop
      vertex -2.31763 7.13292 50
      vertex -2.56505 5.03419 50
      vertex -1.74595 5.37347 50
    endloop
  endfacet
  facet normal -0 0 1
    outer loop
      vertex -3.40493 6.68255 50
      vertex -2.56505 5.03419 50
      vertex -2.31763 7.13292 50
    endloop
  endfacet
  facet normal 0 0 1
    outer loop
      vertex -2.56505 5.03419 50
      vertex -3.40493 6.68255 50
      vertex -3.32099 4.57095 50
    endloop
  endfacet
  facet normal -0 0 1
    outer loop
      vertex -4.40839 6.06763 50
      vertex -3.32099 4.57095 50
      vertex -3.40493 6.68255 50
    endloop
  endfacet
  facet normal 0 0 1
    outer loop
      vertex -3.32099 4.57095 50
      vertex -4.40839 6.06763 50
      vertex -3.99515 3.99515 50
    endloop
  endfacet
  facet normal -0 0 1
    outer loop
      vertex -5.3033 5.3033 50
      vertex -3.99515 3.99515 50
      vertex -4.40839 6.06763 50
    endloop
  endfacet
  facet normal 0 0 1
    outer loop
      vertex -3.99515 3.99515 50
      vertex -5.3033 5.3033 50
      vertex -4.57095 3.32099 50
    endloop
  endfacet
  facet normal -0 0 1
    outer loop
      vertex -6.06763 4.40839 50
      vertex -4.57095 3.32099 50
      vertex -5.3033 5.3033 50
    endloop
  endfacet
  facet normal 0 0 1
    outer loop
      vertex -4.57095 3.32099 50
      vertex -6.06763 4.40839 50
      vertex -5.03419 2.56505 50
    endloop
  endfacet
  facet normal -0 0 1
    outer loop
      vertex -6.68255 3.40493 50
      vertex -5.03419 2.56505 50
      vertex -6.06763 4.40839 50
    endloop
  endfacet
  facet normal 0 0 1
    outer loop
      vertex -5.03419 2.56505 50
      vertex -6.68255 3.40493 50
      vertex -5.37347 1.74595 50
    endloop
  endfacet
  facet normal -0 0 1
    outer loop
      vertex -7.13292 2.31763 50
      vertex -5.37347 1.74595 50
      vertex -6.68255 3.40493 50
    endloop
  endfacet
  facet normal 0 0 1
    outer loop
      vertex 7.13292 -2.31763 50
      vertex 5.37347 -1.74595 50
      vertex 6.68255 -3.40493 50
    endloop
  endfacet
  facet normal -0 0 1
    outer loop
      vertex 5.03419 -2.56505 50
      vertex 6.68255 -3.40493 50
      vertex 5.37347 -1.74595 50
    endloop
  endfacet
  facet normal 0 0 1
    outer loop
      vertex 6.68255 -3.40493 50
      vertex 5.03419 -2.56505 50
      vertex 6.06763 -4.40839 50
    endloop
  endfacet
  facet normal -0 0 1
    outer loop
      vertex 4.57095 -3.32099 50
      vertex 6.06763 -4.40839 50
      vertex 5.03419 -2.56505 50
    endloop
  endfacet
  facet normal 0 0 1
    outer loop
      vertex 6.06763 -4.40839 50
      vertex 4.57095 -3.32099 50
      vertex 5.3033 -5.3033 50
    endloop
  endfacet
  facet normal -0 0 1
    outer loop
      vertex 3.99515 -3.99515 50
      vertex 5.3033 -5.3033 50
      vertex 4.57095 -3.32099 50
    endloop
  endfacet
  facet normal 0 0 1
    outer loop
      vertex 5.3033 -5.3033 50
      vertex 3.99515 -3.99515 50
      vertex 4.40839 -6.06763 50
    endloop
  endfacet
  facet normal -0 0 1
    outer loop
      vertex 3.32099 -4.57095 50
      vertex 4.40839 -6.06763 50
      vertex 3.99515 -3.99515 50
    endloop
  endfacet
  facet normal 0 0 1
    outer loop
      vertex 4.40839 -6.06763 50
      vertex 3.32099 -4.57095 50
      vertex 3.40493 -6.68255 50
    endloop
  endfacet
  facet normal -0 0 1
    outer loop
      vertex 2.56505 -5.03419 50
      vertex 3.40493 -6.68255 50
      vertex 3.32099 -4.57095 50
    endloop
  endfacet
  facet normal 0 0 1
    outer loop
      vertex 2.56505 -5.03419 50
      vertex 2.31763 -7.13292 50
      vertex 3.40493 -6.68255 50
    endloop
  endfacet
  facet normal -0 0 1
    outer loop
      vertex 1.74595 -5.37347 50
      vertex 2.31763 -7.13292 50
      vertex 2.56505 -5.03419 50
    endloop
  endfacet
  facet normal 0 0 1
    outer loop
      vertex 1.74595 -5.37347 50
      vertex 1.17326 -7.40766 50
      vertex 2.31763 -7.13292 50
    endloop
  endfacet
  facet normal -0 0 1
    outer loop
      vertex 0.883854 -5.58044 50
      vertex 1.17326 -7.40766 50
      vertex 1.74595 -5.37347 50
    endloop
  endfacet
  facet normal -0 0 1
    outer loop
      vertex 0 -5.65 50
      vertex 1.17326 -7.40766 50
      vertex 0.883854 -5.58044 50
    endloop
  endfacet
  facet normal 0 0 1
    outer loop
      vertex 0 -5.65 50
      vertex 0 -7.5 50
      vertex 1.17326 -7.40766 50
    endloop
  endfacet
  facet normal 0 0 1
    outer loop
      vertex -0.883854 -5.58044 50
      vertex 0 -7.5 50
      vertex 0 -5.65 50
    endloop
  endfacet
  facet normal 0 0 1
    outer loop
      vertex -0.883854 -5.58044 50
      vertex -1.17326 -7.40766 50
      vertex 0 -7.5 50
    endloop
  endfacet
  facet normal 0 0 1
    outer loop
      vertex -1.74595 -5.37347 50
      vertex -1.17326 -7.40766 50
      vertex -0.883854 -5.58044 50
    endloop
  endfacet
  facet normal 0 0 1
    outer loop
      vertex -1.74595 -5.37347 50
      vertex -2.31763 -7.13292 50
      vertex -1.17326 -7.40766 50
    endloop
  endfacet
  facet normal 0 0 1
    outer loop
      vertex -2.56505 -5.03419 50
      vertex -2.31763 -7.13292 50
      vertex -1.74595 -5.37347 50
    endloop
  endfacet
  facet normal 0 0 1
    outer loop
      vertex -3.40493 -6.68255 50
      vertex -2.56505 -5.03419 50
      vertex -3.32099 -4.57095 50
    endloop
  endfacet
  facet normal 0 0 1
    outer loop
      vertex -2.56505 -5.03419 50
      vertex -3.40493 -6.68255 50
      vertex -2.31763 -7.13292 50
    endloop
  endfacet
  facet normal 0 0 1
    outer loop
      vertex -4.40839 -6.06763 50
      vertex -3.32099 -4.57095 50
      vertex -3.99515 -3.99515 50
    endloop
  endfacet
  facet normal 0 0 1
    outer loop
      vertex -3.32099 -4.57095 50
      vertex -4.40839 -6.06763 50
      vertex -3.40493 -6.68255 50
    endloop
  endfacet
  facet normal 0 0 1
    outer loop
      vertex -5.3033 -5.3033 50
      vertex -3.99515 -3.99515 50
      vertex -4.57095 -3.32099 50
    endloop
  endfacet
  facet normal 0 0 1
    outer loop
      vertex -6.06763 -4.40839 50
      vertex -4.57095 -3.32099 50
      vertex -5.03419 -2.56505 50
    endloop
  endfacet
  facet normal 0 0 1
    outer loop
      vertex -3.99515 -3.99515 50
      vertex -5.3033 -5.3033 50
      vertex -4.40839 -6.06763 50
    endloop
  endfacet
  facet normal 0 0 1
    outer loop
      vertex -6.68255 -3.40493 50
      vertex -5.03419 -2.56505 50
      vertex -5.37347 -1.74595 50
    endloop
  endfacet
  facet normal 0 0 1
    outer loop
      vertex -7.13292 -2.31763 50
      vertex -5.37347 -1.74595 50
      vertex -5.58044 -0.883854 50
    endloop
  endfacet
  facet normal 0 0 1
    outer loop
      vertex -7.40766 -1.17326 50
      vertex -5.58044 -0.883854 50
      vertex -5.65 0 50
    endloop
  endfacet
  facet normal 0 0 1
    outer loop
      vertex -5.37347 1.74595 50
      vertex -7.13292 2.31763 50
      vertex -5.58044 0.883854 50
    endloop
  endfacet
  facet normal 0 0 1
    outer loop
      vertex -4.57095 -3.32099 50
      vertex -6.06763 -4.40839 50
      vertex -5.3033 -5.3033 50
    endloop
  endfacet
  facet normal -0 0 1
    outer loop
      vertex -7.40766 1.17326 50
      vertex -5.58044 0.883854 50
      vertex -7.13292 2.31763 50
    endloop
  endfacet
  facet normal 0 0 1
    outer loop
      vertex -5.03419 -2.56505 50
      vertex -6.68255 -3.40493 50
      vertex -6.06763 -4.40839 50
    endloop
  endfacet
  facet normal 0 0 1
    outer loop
      vertex -5.58044 0.883854 50
      vertex -7.40766 1.17326 50
      vertex -5.65 0 50
    endloop
  endfacet
  facet normal 0 0 1
    outer loop
      vertex -5.37347 -1.74595 50
      vertex -7.13292 -2.31763 50
      vertex -6.68255 -3.40493 50
    endloop
  endfacet
  facet normal 0 0 1
    outer loop
      vertex -7.5 0 50
      vertex -5.65 0 50
      vertex -7.40766 1.17326 50
    endloop
  endfacet
  facet normal 0 0 1
    outer loop
      vertex -5.58044 -0.883854 50
      vertex -7.40766 -1.17326 50
      vertex -7.13292 -2.31763 50
    endloop
  endfacet
  facet normal 0 0 1
    outer loop
      vertex -5.65 0 50
      vertex -7.5 0 50
      vertex -7.40766 -1.17326 50
    endloop
  endfacet
  facet normal 0.996917 0.0784612 0
    outer loop
      vertex 7.5 0 50
      vertex 7.40766 1.17326 1.85
      vertex 7.40766 1.17326 50
    endloop
  endfacet
  facet normal 0.996917 0.0784612 0
    outer loop
      vertex 7.40766 1.17326 1.85
      vertex 7.5 0 50
      vertex 7.5 0 1.85
    endloop
  endfacet
  facet normal 0.923881 -0.38268 0
    outer loop
      vertex 6.68255 -3.40493 50
      vertex 7.13292 -2.31763 1.85
      vertex 7.13292 -2.31763 50
    endloop
  endfacet
  facet normal 0.923881 -0.38268 0
    outer loop
      vertex 7.13292 -2.31763 1.85
      vertex 6.68255 -3.40493 50
      vertex 6.68255 -3.40493 1.85
    endloop
  endfacet
  facet normal 0.64945 -0.760404 0
    outer loop
      vertex 4.40839 -6.06763 1.85
      vertex 5.3033 -5.3033 50
      vertex 4.40839 -6.06763 50
    endloop
  endfacet
  facet normal 0.64945 -0.760404 0
    outer loop
      vertex 5.3033 -5.3033 50
      vertex 4.40839 -6.06763 1.85
      vertex 5.3033 -5.3033 1.85
    endloop
  endfacet
  facet normal -0.0784612 -0.996917 0
    outer loop
      vertex -1.17326 -7.40766 1.85
      vertex 0 -7.5 50
      vertex -1.17326 -7.40766 50
    endloop
  endfacet
  facet normal -0.0784612 -0.996917 -0
    outer loop
      vertex 0 -7.5 50
      vertex -1.17326 -7.40766 1.85
      vertex 0 -7.5 1.85
    endloop
  endfacet
  facet normal -0.38268 -0.923881 0
    outer loop
      vertex -3.40493 -6.68255 1.85
      vertex -2.31763 -7.13292 50
      vertex -3.40493 -6.68255 50
    endloop
  endfacet
  facet normal -0.38268 -0.923881 -0
    outer loop
      vertex -2.31763 -7.13292 50
      vertex -3.40493 -6.68255 1.85
      vertex -2.31763 -7.13292 1.85
    endloop
  endfacet
  facet normal -0.233446 -0.97237 0
    outer loop
      vertex -2.31763 -7.13292 1.85
      vertex -1.17326 -7.40766 50
      vertex -2.31763 -7.13292 50
    endloop
  endfacet
  facet normal -0.233446 -0.97237 -0
    outer loop
      vertex -1.17326 -7.40766 50
      vertex -2.31763 -7.13292 1.85
      vertex -1.17326 -7.40766 1.85
    endloop
  endfacet
  facet normal -0.97237 -0.233446 0
    outer loop
      vertex -7.13292 -2.31763 1.85
      vertex -7.40766 -1.17326 50
      vertex -7.40766 -1.17326 1.85
    endloop
  endfacet
  facet normal -0.97237 -0.233446 0
    outer loop
      vertex -7.40766 -1.17326 50
      vertex -7.13292 -2.31763 1.85
      vertex -7.13292 -2.31763 50
    endloop
  endfacet
  facet normal -0.760404 -0.64945 0
    outer loop
      vertex -5.3033 -5.3033 1.85
      vertex -6.06763 -4.40839 50
      vertex -6.06763 -4.40839 1.85
    endloop
  endfacet
  facet normal -0.760404 -0.64945 0
    outer loop
      vertex -6.06763 -4.40839 50
      vertex -5.3033 -5.3033 1.85
      vertex -5.3033 -5.3033 50
    endloop
  endfacet
  facet normal 0.38268 0.923881 -0
    outer loop
      vertex 3.40493 6.68255 1.85
      vertex 2.31763 7.13292 50
      vertex 3.40493 6.68255 50
    endloop
  endfacet
  facet normal 0.38268 0.923881 0
    outer loop
      vertex 2.31763 7.13292 50
      vertex 3.40493 6.68255 1.85
      vertex 2.31763 7.13292 1.85
    endloop
  endfacet
  facet normal -0.923881 0.38268 0
    outer loop
      vertex -7.13292 2.31763 1.85
      vertex -6.68255 3.40493 50
      vertex -6.68255 3.40493 1.85
    endloop
  endfacet
  facet normal -0.923881 0.38268 0
    outer loop
      vertex -6.68255 3.40493 50
      vertex -7.13292 2.31763 1.85
      vertex -7.13292 2.31763 50
    endloop
  endfacet
  facet normal -0.233446 0.97237 0
    outer loop
      vertex -1.17326 7.40766 1.85
      vertex -2.31763 7.13292 50
      vertex -1.17326 7.40766 50
    endloop
  endfacet
  facet normal -0.233446 0.97237 0
    outer loop
      vertex -2.31763 7.13292 50
      vertex -1.17326 7.40766 1.85
      vertex -2.31763 7.13292 1.85
    endloop
  endfacet
  facet normal 0.996917 -0.0784612 0
    outer loop
      vertex 7.40766 -1.17326 50
      vertex 7.5 0 1.85
      vertex 7.5 0 50
    endloop
  endfacet
  facet normal 0.996917 -0.0784612 0
    outer loop
      vertex 7.5 0 1.85
      vertex 7.40766 -1.17326 50
      vertex 7.40766 -1.17326 1.85
    endloop
  endfacet
  facet normal 0.852641 -0.522498 0
    outer loop
      vertex 6.06763 -4.40839 50
      vertex 6.68255 -3.40493 1.85
      vertex 6.68255 -3.40493 50
    endloop
  endfacet
  facet normal 0.852641 -0.522498 0
    outer loop
      vertex 6.68255 -3.40493 1.85
      vertex 6.06763 -4.40839 50
      vertex 6.06763 -4.40839 1.85
    endloop
  endfacet
  facet normal 0.38268 -0.923881 0
    outer loop
      vertex 2.31763 -7.13292 1.85
      vertex 3.40493 -6.68255 50
      vertex 2.31763 -7.13292 50
    endloop
  endfacet
  facet normal 0.38268 -0.923881 0
    outer loop
      vertex 3.40493 -6.68255 50
      vertex 2.31763 -7.13292 1.85
      vertex 3.40493 -6.68255 1.85
    endloop
  endfacet
  facet normal -0.923881 -0.38268 0
    outer loop
      vertex -6.68255 -3.40493 1.85
      vertex -7.13292 -2.31763 50
      vertex -7.13292 -2.31763 1.85
    endloop
  endfacet
  facet normal -0.923881 -0.38268 0
    outer loop
      vertex -7.13292 -2.31763 50
      vertex -6.68255 -3.40493 1.85
      vertex -6.68255 -3.40493 50
    endloop
  endfacet
  facet normal -0.522498 -0.85264 0
    outer loop
      vertex 2.56505 5.03419 0
      vertex 3.32099 4.57095 50
      vertex 2.56505 5.03419 50
    endloop
  endfacet
  facet normal -0.522498 -0.85264 -0
    outer loop
      vertex 3.32099 4.57095 50
      vertex 2.56505 5.03419 0
      vertex 3.32099 4.57095 0
    endloop
  endfacet
  facet normal -0.996917 0.0784582 0
    outer loop
      vertex 5.58044 -0.883854 0
      vertex 5.65 0 50
      vertex 5.65 0 0
    endloop
  endfacet
  facet normal -0.996917 0.0784582 0
    outer loop
      vertex 5.65 0 50
      vertex 5.58044 -0.883854 0
      vertex 5.58044 -0.883854 50
    endloop
  endfacet
  facet normal 0.382681 -0.92388 0
    outer loop
      vertex -2.56505 5.03419 0
      vertex -1.74595 5.37347 50
      vertex -2.56505 5.03419 50
    endloop
  endfacet
  facet normal 0.382681 -0.92388 0
    outer loop
      vertex -1.74595 5.37347 50
      vertex -2.56505 5.03419 0
      vertex -1.74595 5.37347 0
    endloop
  endfacet
  facet normal 0.85264 -0.522498 0
    outer loop
      vertex -5.03419 2.56505 50
      vertex -4.57095 3.32099 0
      vertex -4.57095 3.32099 50
    endloop
  endfacet
  facet normal 0.85264 -0.522498 0
    outer loop
      vertex -4.57095 3.32099 0
      vertex -5.03419 2.56505 50
      vertex -5.03419 2.56505 0
    endloop
  endfacet
  facet normal 0.85264 0.522498 0
    outer loop
      vertex -4.57095 -3.32099 50
      vertex -5.03419 -2.56505 0
      vertex -5.03419 -2.56505 50
    endloop
  endfacet
  facet normal 0.85264 0.522498 0
    outer loop
      vertex -5.03419 -2.56505 0
      vertex -4.57095 -3.32099 50
      vertex -4.57095 -3.32099 0
    endloop
  endfacet
  facet normal -0.92388 -0.382681 0
    outer loop
      vertex 5.37347 1.74595 0
      vertex 5.03419 2.56505 50
      vertex 5.03419 2.56505 0
    endloop
  endfacet
  facet normal -0.92388 -0.382681 0
    outer loop
      vertex 5.03419 2.56505 50
      vertex 5.37347 1.74595 0
      vertex 5.37347 1.74595 50
    endloop
  endfacet
  facet normal -0.85264 -0.522498 0
    outer loop
      vertex 5.03419 2.56505 0
      vertex 4.57095 3.32099 50
      vertex 4.57095 3.32099 0
    endloop
  endfacet
  facet normal -0.85264 -0.522498 0
    outer loop
      vertex 4.57095 3.32099 50
      vertex 5.03419 2.56505 0
      vertex 5.03419 2.56505 50
    endloop
  endfacet
  facet normal -0.760399 -0.649457 0
    outer loop
      vertex 4.57095 3.32099 0
      vertex 3.99515 3.99515 50
      vertex 3.99515 3.99515 0
    endloop
  endfacet
  facet normal -0.760399 -0.649457 0
    outer loop
      vertex 3.99515 3.99515 50
      vertex 4.57095 3.32099 0
      vertex 4.57095 3.32099 50
    endloop
  endfacet
  facet normal -0.382681 -0.92388 0
    outer loop
      vertex 1.74595 5.37347 0
      vertex 2.56505 5.03419 50
      vertex 1.74595 5.37347 50
    endloop
  endfacet
  facet normal -0.382681 -0.92388 -0
    outer loop
      vertex 2.56505 5.03419 50
      vertex 1.74595 5.37347 0
      vertex 2.56505 5.03419 0
    endloop
  endfacet
  facet normal -0.0784582 -0.996917 0
    outer loop
      vertex 0 5.65 0
      vertex 0.883854 5.58044 50
      vertex 0 5.65 50
    endloop
  endfacet
  facet normal -0.0784582 -0.996917 -0
    outer loop
      vertex 0.883854 5.58044 50
      vertex 0 5.65 0
      vertex 0.883854 5.58044 0
    endloop
  endfacet
  facet normal 0.996917 -0.0784582 0
    outer loop
      vertex -5.65 0 50
      vertex -5.58044 0.883854 0
      vertex -5.58044 0.883854 50
    endloop
  endfacet
  facet normal 0.996917 -0.0784582 0
    outer loop
      vertex -5.58044 0.883854 0
      vertex -5.65 0 50
      vertex -5.65 0 0
    endloop
  endfacet
  facet normal 0.97237 -0.233444 0
    outer loop
      vertex -5.58044 0.883854 50
      vertex -5.37347 1.74595 0
      vertex -5.37347 1.74595 50
    endloop
  endfacet
  facet normal 0.97237 -0.233444 0
    outer loop
      vertex -5.37347 1.74595 0
      vertex -5.58044 0.883854 50
      vertex -5.58044 0.883854 0
    endloop
  endfacet
  facet normal 0.760399 -0.649457 0
    outer loop
      vertex -4.57095 3.32099 50
      vertex -3.99515 3.99515 0
      vertex -3.99515 3.99515 50
    endloop
  endfacet
  facet normal 0.760399 -0.649457 0
    outer loop
      vertex -3.99515 3.99515 0
      vertex -4.57095 3.32099 50
      vertex -4.57095 3.32099 0
    endloop
  endfacet
  facet normal 0.522498 -0.85264 0
    outer loop
      vertex -3.32099 4.57095 0
      vertex -2.56505 5.03419 50
      vertex -3.32099 4.57095 50
    endloop
  endfacet
  facet normal 0.522498 -0.85264 0
    outer loop
      vertex -2.56505 5.03419 50
      vertex -3.32099 4.57095 0
      vertex -2.56505 5.03419 0
    endloop
  endfacet
  facet normal 0.0784582 -0.996917 0
    outer loop
      vertex -0.883854 5.58044 0
      vertex 0 5.65 50
      vertex -0.883854 5.58044 50
    endloop
  endfacet
  facet normal 0.0784582 -0.996917 0
    outer loop
      vertex 0 5.65 50
      vertex -0.883854 5.58044 0
      vertex 0 5.65 0
    endloop
  endfacet
  facet normal 0.649457 -0.760399 0
    outer loop
      vertex -3.99515 3.99515 0
      vertex -3.32099 4.57095 50
      vertex -3.99515 3.99515 50
    endloop
  endfacet
  facet normal 0.649457 -0.760399 0
    outer loop
      vertex -3.32099 4.57095 50
      vertex -3.99515 3.99515 0
      vertex -3.32099 4.57095 0
    endloop
  endfacet
  facet normal -0.996917 -0.0784582 0
    outer loop
      vertex 5.65 0 0
      vertex 5.58044 0.883854 50
      vertex 5.58044 0.883854 0
    endloop
  endfacet
  facet normal -0.996917 -0.0784582 0
    outer loop
      vertex 5.58044 0.883854 50
      vertex 5.65 0 0
      vertex 5.65 0 50
    endloop
  endfacet
  facet normal -0.0784582 0.996917 0
    outer loop
      vertex 0.883854 -5.58044 0
      vertex 0 -5.65 50
      vertex 0.883854 -5.58044 50
    endloop
  endfacet
  facet normal -0.0784582 0.996917 0
    outer loop
      vertex 0 -5.65 50
      vertex 0.883854 -5.58044 0
      vertex 0 -5.65 0
    endloop
  endfacet
  facet normal -0.233444 0.97237 0
    outer loop
      vertex 1.74595 -5.37347 0
      vertex 0.883854 -5.58044 50
      vertex 1.74595 -5.37347 50
    endloop
  endfacet
  facet normal -0.233444 0.97237 0
    outer loop
      vertex 0.883854 -5.58044 50
      vertex 1.74595 -5.37347 0
      vertex 0.883854 -5.58044 0
    endloop
  endfacet
  facet normal -0.760399 0.649457 0
    outer loop
      vertex 3.99515 -3.99515 0
      vertex 4.57095 -3.32099 50
      vertex 4.57095 -3.32099 0
    endloop
  endfacet
  facet normal -0.760399 0.649457 0
    outer loop
      vertex 4.57095 -3.32099 50
      vertex 3.99515 -3.99515 0
      vertex 3.99515 -3.99515 50
    endloop
  endfacet
  facet normal -0.522498 0.85264 0
    outer loop
      vertex 3.32099 -4.57095 0
      vertex 2.56505 -5.03419 50
      vertex 3.32099 -4.57095 50
    endloop
  endfacet
  facet normal -0.522498 0.85264 0
    outer loop
      vertex 2.56505 -5.03419 50
      vertex 3.32099 -4.57095 0
      vertex 2.56505 -5.03419 0
    endloop
  endfacet
  facet normal 0.522498 0.85264 -0
    outer loop
      vertex -2.56505 -5.03419 0
      vertex -3.32099 -4.57095 50
      vertex -2.56505 -5.03419 50
    endloop
  endfacet
  facet normal 0.522498 0.85264 0
    outer loop
      vertex -3.32099 -4.57095 50
      vertex -2.56505 -5.03419 0
      vertex -3.32099 -4.57095 0
    endloop
  endfacet
  facet normal 0.649457 0.760399 -0
    outer loop
      vertex -3.32099 -4.57095 0
      vertex -3.99515 -3.99515 50
      vertex -3.32099 -4.57095 50
    endloop
  endfacet
  facet normal 0.649457 0.760399 0
    outer loop
      vertex -3.99515 -3.99515 50
      vertex -3.32099 -4.57095 0
      vertex -3.99515 -3.99515 0
    endloop
  endfacet
  facet normal 0.996917 0.0784582 0
    outer loop
      vertex -5.58044 -0.883854 50
      vertex -5.65 0 0
      vertex -5.65 0 50
    endloop
  endfacet
  facet normal 0.996917 0.0784582 0
    outer loop
      vertex -5.65 0 0
      vertex -5.58044 -0.883854 50
      vertex -5.58044 -0.883854 0
    endloop
  endfacet
  facet normal -0.97237 -0.233444 0
    outer loop
      vertex 5.58044 0.883854 0
      vertex 5.37347 1.74595 50
      vertex 5.37347 1.74595 0
    endloop
  endfacet
  facet normal -0.97237 -0.233444 0
    outer loop
      vertex 5.37347 1.74595 50
      vertex 5.58044 0.883854 0
      vertex 5.58044 0.883854 50
    endloop
  endfacet
  facet normal -0.649457 -0.760399 0
    outer loop
      vertex 3.32099 4.57095 0
      vertex 3.99515 3.99515 50
      vertex 3.32099 4.57095 50
    endloop
  endfacet
  facet normal -0.649457 -0.760399 -0
    outer loop
      vertex 3.99515 3.99515 50
      vertex 3.32099 4.57095 0
      vertex 3.99515 3.99515 0
    endloop
  endfacet
  facet normal -0.233444 -0.97237 0
    outer loop
      vertex 0.883854 5.58044 0
      vertex 1.74595 5.37347 50
      vertex 0.883854 5.58044 50
    endloop
  endfacet
  facet normal -0.233444 -0.97237 -0
    outer loop
      vertex 1.74595 5.37347 50
      vertex 0.883854 5.58044 0
      vertex 1.74595 5.37347 0
    endloop
  endfacet
  facet normal -0.85264 0.522498 0
    outer loop
      vertex 4.57095 -3.32099 0
      vertex 5.03419 -2.56505 50
      vertex 5.03419 -2.56505 0
    endloop
  endfacet
  facet normal -0.85264 0.522498 0
    outer loop
      vertex 5.03419 -2.56505 50
      vertex 4.57095 -3.32099 0
      vertex 4.57095 -3.32099 50
    endloop
  endfacet
  facet normal -0.649457 0.760399 0
    outer loop
      vertex 3.99515 -3.99515 0
      vertex 3.32099 -4.57095 50
      vertex 3.99515 -3.99515 50
    endloop
  endfacet
  facet normal -0.649457 0.760399 0
    outer loop
      vertex 3.32099 -4.57095 50
      vertex 3.99515 -3.99515 0
      vertex 3.32099 -4.57095 0
    endloop
  endfacet
  facet normal 0.0784582 0.996917 -0
    outer loop
      vertex 0 -5.65 0
      vertex -0.883854 -5.58044 50
      vertex 0 -5.65 50
    endloop
  endfacet
  facet normal 0.0784582 0.996917 0
    outer loop
      vertex -0.883854 -5.58044 50
      vertex 0 -5.65 0
      vertex -0.883854 -5.58044 0
    endloop
  endfacet
  facet normal 0.382681 0.92388 -0
    outer loop
      vertex -1.74595 -5.37347 0
      vertex -2.56505 -5.03419 50
      vertex -1.74595 -5.37347 50
    endloop
  endfacet
  facet normal 0.382681 0.92388 0
    outer loop
      vertex -2.56505 -5.03419 50
      vertex -1.74595 -5.37347 0
      vertex -2.56505 -5.03419 0
    endloop
  endfacet
  facet normal 0.233444 0.97237 -0
    outer loop
      vertex -0.883854 -5.58044 0
      vertex -1.74595 -5.37347 50
      vertex -0.883854 -5.58044 50
    endloop
  endfacet
  facet normal 0.233444 0.97237 0
    outer loop
      vertex -1.74595 -5.37347 50
      vertex -0.883854 -5.58044 0
      vertex -1.74595 -5.37347 0
    endloop
  endfacet
  facet normal 0.97237 0.233444 0
    outer loop
      vertex -5.37347 -1.74595 50
      vertex -5.58044 -0.883854 0
      vertex -5.58044 -0.883854 50
    endloop
  endfacet
  facet normal 0.97237 0.233444 0
    outer loop
      vertex -5.58044 -0.883854 0
      vertex -5.37347 -1.74595 50
      vertex -5.37347 -1.74595 0
    endloop
  endfacet
  facet normal 0.92388 0.382681 0
    outer loop
      vertex -5.03419 -2.56505 50
      vertex -5.37347 -1.74595 0
      vertex -5.37347 -1.74595 50
    endloop
  endfacet
  facet normal 0.92388 0.382681 0
    outer loop
      vertex -5.37347 -1.74595 0
      vertex -5.03419 -2.56505 50
      vertex -5.03419 -2.56505 0
    endloop
  endfacet
  facet normal 0.760399 0.649457 0
    outer loop
      vertex -3.99515 -3.99515 50
      vertex -4.57095 -3.32099 0
      vertex -4.57095 -3.32099 50
    endloop
  endfacet
  facet normal 0.760399 0.649457 0
    outer loop
      vertex -4.57095 -3.32099 0
      vertex -3.99515 -3.99515 50
      vertex -3.99515 -3.99515 0
    endloop
  endfacet
  facet normal 0.92388 -0.382681 0
    outer loop
      vertex -5.37347 1.74595 50
      vertex -5.03419 2.56505 0
      vertex -5.03419 2.56505 50
    endloop
  endfacet
  facet normal 0.92388 -0.382681 0
    outer loop
      vertex -5.03419 2.56505 0
      vertex -5.37347 1.74595 50
      vertex -5.37347 1.74595 0
    endloop
  endfacet
  facet normal 0.233444 -0.97237 0
    outer loop
      vertex -1.74595 5.37347 0
      vertex -0.883854 5.58044 50
      vertex -1.74595 5.37347 50
    endloop
  endfacet
  facet normal 0.233444 -0.97237 0
    outer loop
      vertex -0.883854 5.58044 50
      vertex -1.74595 5.37347 0
      vertex -0.883854 5.58044 0
    endloop
  endfacet
  facet normal -0.382681 0.92388 0
    outer loop
      vertex 2.56505 -5.03419 0
      vertex 1.74595 -5.37347 50
      vertex 2.56505 -5.03419 50
    endloop
  endfacet
  facet normal -0.382681 0.92388 0
    outer loop
      vertex 1.74595 -5.37347 50
      vertex 2.56505 -5.03419 0
      vertex 1.74595 -5.37347 0
    endloop
  endfacet
  facet normal -0.97237 0.233444 0
    outer loop
      vertex 5.37347 -1.74595 0
      vertex 5.58044 -0.883854 50
      vertex 5.58044 -0.883854 0
    endloop
  endfacet
  facet normal -0.97237 0.233444 0
    outer loop
      vertex 5.58044 -0.883854 50
      vertex 5.37347 -1.74595 0
      vertex 5.37347 -1.74595 50
    endloop
  endfacet
  facet normal -0.92388 0.382681 0
    outer loop
      vertex 5.03419 -2.56505 0
      vertex 5.37347 -1.74595 50
      vertex 5.37347 -1.74595 0
    endloop
  endfacet
  facet normal -0.92388 0.382681 0
    outer loop
      vertex 5.37347 -1.74595 50
      vertex 5.03419 -2.56505 0
      vertex 5.03419 -2.56505 50
    endloop
  endfacet
  facet normal -0.996917 0 0.0784615
    outer loop
      vertex 4.93844 35.65 4.21783
      vertex 5 37.5 5
      vertex 4.93844 37.5 4.21783
    endloop
  endfacet
  facet normal -0.996917 0 0.0784615
    outer loop
      vertex 5 37.5 5
      vertex 4.93844 35.65 4.21783
      vertex 5 35.65 5
    endloop
  endfacet
  facet normal -1 0 0
    outer loop
      vertex 5 35.65 5
      vertex 5 37.5 25
      vertex 5 37.5 5
    endloop
  endfacet
  facet normal -1 -0 0
    outer loop
      vertex 5 37.5 25
      vertex 5 35.65 5
      vertex 5 35.65 25
    endloop
  endfacet
  facet normal 1 -0 0
    outer loop
      vertex -5 35.65 25
      vertex -5 37.5 5
      vertex -5 37.5 25
    endloop
  endfacet
  facet normal 1 0 0
    outer loop
      vertex -5 37.5 5
      vertex -5 35.65 25
      vertex -5 35.65 5
    endloop
  endfacet
  facet normal 0.996917 0 -0.0784585
    outer loop
      vertex -4.93844 35.65 25.7822
      vertex -5 37.5 25
      vertex -4.93844 37.5 25.7822
    endloop
  endfacet
  facet normal 0.996917 0 -0.0784585
    outer loop
      vertex -5 37.5 25
      vertex -4.93844 35.65 25.7822
      vertex -5 35.65 25
    endloop
  endfacet
  facet normal 0 1 0
    outer loop
      vertex 2.93893 35.61 0.954915
      vertex 3.86481 35.61 1.85
      vertex 3.53553 35.61 1.46447
    endloop
  endfacet
  facet normal 0 1 0
    outer loop
      vertex 3.86481 35.61 1.85
      vertex 2.93893 35.61 0.954915
      vertex -3.86481 35.61 1.85
    endloop
  endfacet
  facet normal 0 1 -0
    outer loop
      vertex -2.93893 35.61 0.954915
      vertex -3.86481 35.61 1.85
      vertex 2.93893 35.61 0.954915
    endloop
  endfacet
  facet normal 0 1 0
    outer loop
      vertex -3.86481 35.61 1.85
      vertex -2.93893 35.61 0.954915
      vertex -3.53553 35.61 1.46447
    endloop
  endfacet
  facet normal 0 1 -0
    outer loop
      vertex 2.26995 35.61 0.544968
      vertex -2.93893 35.61 0.954915
      vertex 2.93893 35.61 0.954915
    endloop
  endfacet
  facet normal 0 1 0
    outer loop
      vertex 2.26995 35.61 0.544968
      vertex -2.26995 35.61 0.544968
      vertex -2.93893 35.61 0.954915
    endloop
  endfacet
  facet normal 0 1 -0
    outer loop
      vertex 1.54508 35.61 0.244718
      vertex -2.26995 35.61 0.544968
      vertex 2.26995 35.61 0.544968
    endloop
  endfacet
  facet normal 0 1 0
    outer loop
      vertex 1.54508 35.61 0.244718
      vertex -1.54508 35.61 0.244718
      vertex -2.26995 35.61 0.544968
    endloop
  endfacet
  facet normal 0 1 -0
    outer loop
      vertex 0.782172 35.61 0.0615587
      vertex -1.54508 35.61 0.244718
      vertex 1.54508 35.61 0.244718
    endloop
  endfacet
  facet normal 0 1 0
    outer loop
      vertex 0.782172 35.61 0.0615587
      vertex -0.782172 35.61 0.0615587
      vertex -1.54508 35.61 0.244718
    endloop
  endfacet
  facet normal -0 1 0
    outer loop
      vertex -0.782172 35.61 0.0615587
      vertex 0.782172 35.61 0.0615587
      vertex 0 35.61 0
    endloop
  endfacet
  facet normal -0.972369 0 -0.23345
    outer loop
      vertex 4.93844 35.65 25.7822
      vertex 4.75528 37.5 26.5451
      vertex 4.93844 37.5 25.7822
    endloop
  endfacet
  facet normal -0.972369 -0 -0.23345
    outer loop
      vertex 4.75528 37.5 26.5451
      vertex 4.93844 35.65 25.7822
      vertex 4.75528 35.65 26.5451
    endloop
  endfacet
  facet normal 0.233375 0 -0.972387
    outer loop
      vertex -1.54508 35.65 29.7553
      vertex -0.782172 37.5 29.9384
      vertex -0.782172 35.65 29.9384
    endloop
  endfacet
  facet normal 0.233375 0 -0.972387
    outer loop
      vertex -0.782172 37.5 29.9384
      vertex -1.54508 35.65 29.7553
      vertex -1.54508 37.5 29.7553
    endloop
  endfacet
  facet normal 0.996917 -0 0.0784615
    outer loop
      vertex -5 35.65 5
      vertex -4.93844 37.5 4.21783
      vertex -5 37.5 5
    endloop
  endfacet
  facet normal 0.996917 0 0.0784615
    outer loop
      vertex -4.93844 37.5 4.21783
      vertex -5 35.65 5
      vertex -4.93844 35.65 4.21783
    endloop
  endfacet
  facet normal 0.92388 -0 0.382682
    outer loop
      vertex -4.75528 35.65 3.45492
      vertex -4.45503 37.5 2.73005
      vertex -4.75528 37.5 3.45492
    endloop
  endfacet
  facet normal 0.92388 0 0.382682
    outer loop
      vertex -4.45503 37.5 2.73005
      vertex -4.75528 35.65 3.45492
      vertex -4.45503 35.65 2.73005
    endloop
  endfacet
  facet normal 0.760403 0 -0.649452
    outer loop
      vertex -3.53553 35.65 28.5355
      vertex -4.04508 37.5 27.9389
      vertex -3.53553 37.5 28.5355
    endloop
  endfacet
  facet normal 0.760403 0 -0.649452
    outer loop
      vertex -4.04508 37.5 27.9389
      vertex -3.53553 35.65 28.5355
      vertex -4.04508 35.65 27.9389
    endloop
  endfacet
  facet normal 0.972369 -0 0.233447
    outer loop
      vertex -4.93844 35.65 4.21783
      vertex -4.75528 37.5 3.45492
      vertex -4.93844 37.5 4.21783
    endloop
  endfacet
  facet normal 0.972369 0 0.233447
    outer loop
      vertex -4.75528 37.5 3.45492
      vertex -4.93844 35.65 4.21783
      vertex -4.75528 35.65 3.45492
    endloop
  endfacet
  facet normal 0.382682 0 0.92388
    outer loop
      vertex -2.26995 37.5 0.544968
      vertex -1.54508 35.61 0.244718
      vertex -1.54508 37.5 0.244718
    endloop
  endfacet
  facet normal 0.382682 0 0.92388
    outer loop
      vertex -1.54508 35.61 0.244718
      vertex -2.26995 37.5 0.544968
      vertex -2.26995 35.61 0.544968
    endloop
  endfacet
  facet normal 0.852641 -0 0.522497
    outer loop
      vertex -4.45503 35.65 2.73005
      vertex -4.04508 37.5 2.06107
      vertex -4.45503 37.5 2.73005
    endloop
  endfacet
  facet normal 0.852641 0 0.522497
    outer loop
      vertex -4.04508 37.5 2.06107
      vertex -4.45503 35.65 2.73005
      vertex -4.04508 35.65 2.06107
    endloop
  endfacet
  facet normal -0.522494 0 0.852643
    outer loop
      vertex 2.26995 37.5 0.544968
      vertex 2.93893 35.61 0.954915
      vertex 2.93893 37.5 0.954915
    endloop
  endfacet
  facet normal -0.522494 0 0.852643
    outer loop
      vertex 2.93893 35.61 0.954915
      vertex 2.26995 37.5 0.544968
      vertex 2.26995 35.61 0.544968
    endloop
  endfacet
  facet normal -0.92388 0 0.382682
    outer loop
      vertex 4.45503 35.65 2.73005
      vertex 4.75528 37.5 3.45492
      vertex 4.45503 37.5 2.73005
    endloop
  endfacet
  facet normal -0.92388 0 0.382682
    outer loop
      vertex 4.75528 37.5 3.45492
      vertex 4.45503 35.65 2.73005
      vertex 4.75528 35.65 3.45492
    endloop
  endfacet
  facet normal -0.923886 0 -0.382669
    outer loop
      vertex 4.75528 35.65 26.5451
      vertex 4.45503 37.5 27.27
      vertex 4.75528 37.5 26.5451
    endloop
  endfacet
  facet normal -0.923886 -0 -0.382669
    outer loop
      vertex 4.45503 37.5 27.27
      vertex 4.75528 35.65 26.5451
      vertex 4.45503 35.65 27.27
    endloop
  endfacet
  facet normal 0.522451 0 -0.852669
    outer loop
      vertex -2.93893 35.65 29.0451
      vertex -2.26995 37.5 29.455
      vertex -2.26995 35.65 29.455
    endloop
  endfacet
  facet normal 0.522451 0 -0.852669
    outer loop
      vertex -2.26995 37.5 29.455
      vertex -2.93893 35.65 29.0451
      vertex -2.93893 37.5 29.0451
    endloop
  endfacet
  facet normal 0.852613 0 -0.522543
    outer loop
      vertex -4.04508 35.65 27.9389
      vertex -4.45503 37.5 27.27
      vertex -4.04508 37.5 27.9389
    endloop
  endfacet
  facet normal 0.852613 0 -0.522543
    outer loop
      vertex -4.45503 37.5 27.27
      vertex -4.04508 35.65 27.9389
      vertex -4.45503 35.65 27.27
    endloop
  endfacet
  facet normal 0.233447 0 0.97237
    outer loop
      vertex -1.54508 37.5 0.244718
      vertex -0.782172 35.61 0.0615587
      vertex -0.782172 37.5 0.0615587
    endloop
  endfacet
  facet normal 0.233447 0 0.97237
    outer loop
      vertex -0.782172 35.61 0.0615587
      vertex -1.54508 37.5 0.244718
      vertex -1.54508 35.61 0.244718
    endloop
  endfacet
  facet normal 0.0784596 0 0.996917
    outer loop
      vertex -0.782172 37.5 0.0615587
      vertex 0 35.61 0
      vertex 0 37.5 0
    endloop
  endfacet
  facet normal 0.0784596 0 0.996917
    outer loop
      vertex 0 35.61 0
      vertex -0.782172 37.5 0.0615587
      vertex -0.782172 35.61 0.0615587
    endloop
  endfacet
  facet normal -0.0784596 0 0.996917
    outer loop
      vertex 0 37.5 0
      vertex 0.782172 35.61 0.0615587
      vertex 0.782172 37.5 0.0615587
    endloop
  endfacet
  facet normal -0.0784596 0 0.996917
    outer loop
      vertex 0.782172 35.61 0.0615587
      vertex 0 37.5 0
      vertex 0 35.61 0
    endloop
  endfacet
  facet normal 0.649456 0 0.760399
    outer loop
      vertex -3.53553 37.5 1.46447
      vertex -2.93893 35.61 0.954915
      vertex -2.93893 37.5 0.954915
    endloop
  endfacet
  facet normal 0.649456 0 0.760399
    outer loop
      vertex -2.93893 35.61 0.954915
      vertex -3.53553 37.5 1.46447
      vertex -3.53553 35.61 1.46447
    endloop
  endfacet
  facet normal 0.522494 0 0.852643
    outer loop
      vertex -2.93893 37.5 0.954915
      vertex -2.26995 35.61 0.544968
      vertex -2.26995 37.5 0.544968
    endloop
  endfacet
  facet normal 0.522494 0 0.852643
    outer loop
      vertex -2.26995 35.61 0.544968
      vertex -2.93893 37.5 0.954915
      vertex -2.93893 35.61 0.954915
    endloop
  endfacet
  facet normal 0.760407 0 0.649446
    outer loop
      vertex -3.86481 35.65 1.85
      vertex -4.04508 37.5 2.06107
      vertex -4.04508 35.65 2.06107
    endloop
  endfacet
  facet normal 0.760403 -1.12747e-06 0.649452
    outer loop
      vertex -4.04508 37.5 2.06107
      vertex -3.86481 35.65 1.85
      vertex -3.53553 37.5 1.46447
    endloop
  endfacet
  facet normal 0.7604 0 0.649455
    outer loop
      vertex -3.53553 35.61 1.46447
      vertex -3.86481 35.65 1.85
      vertex -3.86481 35.61 1.85
    endloop
  endfacet
  facet normal 0.7604 0 0.649455
    outer loop
      vertex -3.86481 35.65 1.85
      vertex -3.53553 35.61 1.46447
      vertex -3.53553 37.5 1.46447
    endloop
  endfacet
  facet normal -0.649456 0 0.760399
    outer loop
      vertex 2.93893 37.5 0.954915
      vertex 3.53553 35.61 1.46447
      vertex 3.53553 37.5 1.46447
    endloop
  endfacet
  facet normal -0.649456 0 0.760399
    outer loop
      vertex 3.53553 35.61 1.46447
      vertex 2.93893 37.5 0.954915
      vertex 2.93893 35.61 0.954915
    endloop
  endfacet
  facet normal -0.233447 0 0.97237
    outer loop
      vertex 0.782172 37.5 0.0615587
      vertex 1.54508 35.61 0.244718
      vertex 1.54508 37.5 0.244718
    endloop
  endfacet
  facet normal -0.233447 0 0.97237
    outer loop
      vertex 1.54508 35.61 0.244718
      vertex 0.782172 37.5 0.0615587
      vertex 0.782172 35.61 0.0615587
    endloop
  endfacet
  facet normal -0.382682 0 0.92388
    outer loop
      vertex 1.54508 37.5 0.244718
      vertex 2.26995 35.61 0.544968
      vertex 2.26995 37.5 0.544968
    endloop
  endfacet
  facet normal -0.382682 0 0.92388
    outer loop
      vertex 2.26995 35.61 0.544968
      vertex 1.54508 37.5 0.244718
      vertex 1.54508 35.61 0.244718
    endloop
  endfacet
  facet normal -0.760403 -1.12747e-06 0.649452
    outer loop
      vertex 3.53553 37.5 1.46447
      vertex 3.86481 35.65 1.85
      vertex 4.04508 37.5 2.06107
    endloop
  endfacet
  facet normal -0.7604 0 0.649455
    outer loop
      vertex 3.53553 35.61 1.46447
      vertex 3.86481 35.65 1.85
      vertex 3.53553 37.5 1.46447
    endloop
  endfacet
  facet normal -0.7604 0 0.649455
    outer loop
      vertex 3.86481 35.65 1.85
      vertex 3.53553 35.61 1.46447
      vertex 3.86481 35.61 1.85
    endloop
  endfacet
  facet normal -0.760407 0 0.649446
    outer loop
      vertex 4.04508 37.5 2.06107
      vertex 3.86481 35.65 1.85
      vertex 4.04508 35.65 2.06107
    endloop
  endfacet
  facet normal -0.852641 0 0.522497
    outer loop
      vertex 4.04508 35.65 2.06107
      vertex 4.45503 37.5 2.73005
      vertex 4.04508 37.5 2.06107
    endloop
  endfacet
  facet normal -0.852641 0 0.522497
    outer loop
      vertex 4.45503 37.5 2.73005
      vertex 4.04508 35.65 2.06107
      vertex 4.45503 35.65 2.73005
    endloop
  endfacet
  facet normal -0.972369 0 0.233447
    outer loop
      vertex 4.75528 35.65 3.45492
      vertex 4.93844 37.5 4.21783
      vertex 4.75528 37.5 3.45492
    endloop
  endfacet
  facet normal -0.972369 0 0.233447
    outer loop
      vertex 4.93844 37.5 4.21783
      vertex 4.75528 35.65 3.45492
      vertex 4.93844 35.65 4.21783
    endloop
  endfacet
  facet normal -0.996917 0 -0.0784585
    outer loop
      vertex 5 35.65 25
      vertex 4.93844 37.5 25.7822
      vertex 5 37.5 25
    endloop
  endfacet
  facet normal -0.996917 -0 -0.0784585
    outer loop
      vertex 4.93844 37.5 25.7822
      vertex 5 35.65 25
      vertex 4.93844 35.65 25.7822
    endloop
  endfacet
  facet normal -0.382737 0 -0.923857
    outer loop
      vertex 1.54508 35.65 29.7553
      vertex 2.26995 37.5 29.455
      vertex 2.26995 35.65 29.455
    endloop
  endfacet
  facet normal -0.382737 0 -0.923857
    outer loop
      vertex 2.26995 37.5 29.455
      vertex 1.54508 35.65 29.7553
      vertex 1.54508 37.5 29.7553
    endloop
  endfacet
  facet normal 0.923886 0 -0.382669
    outer loop
      vertex -4.45503 35.65 27.27
      vertex -4.75528 37.5 26.5451
      vertex -4.45503 37.5 27.27
    endloop
  endfacet
  facet normal 0.923886 0 -0.382669
    outer loop
      vertex -4.75528 37.5 26.5451
      vertex -4.45503 35.65 27.27
      vertex -4.75528 35.65 26.5451
    endloop
  endfacet
  facet normal 0.078512 0 -0.996913
    outer loop
      vertex -0.782172 35.65 29.9384
      vertex 0 37.5 30
      vertex 0 35.65 30
    endloop
  endfacet
  facet normal 0.078512 0 -0.996913
    outer loop
      vertex 0 37.5 30
      vertex -0.782172 35.65 29.9384
      vertex -0.782172 37.5 29.9384
    endloop
  endfacet
  facet normal -0.078512 0 -0.996913
    outer loop
      vertex 0 35.65 30
      vertex 0.782172 37.5 29.9384
      vertex 0.782172 35.65 29.9384
    endloop
  endfacet
  facet normal -0.078512 0 -0.996913
    outer loop
      vertex 0.782172 37.5 29.9384
      vertex 0 35.65 30
      vertex 0 37.5 30
    endloop
  endfacet
  facet normal -0.522451 0 -0.852669
    outer loop
      vertex 2.26995 35.65 29.455
      vertex 2.93893 37.5 29.0451
      vertex 2.93893 35.65 29.0451
    endloop
  endfacet
  facet normal -0.522451 0 -0.852669
    outer loop
      vertex 2.93893 37.5 29.0451
      vertex 2.26995 35.65 29.455
      vertex 2.26995 37.5 29.455
    endloop
  endfacet
  facet normal -0.760403 0 -0.649452
    outer loop
      vertex 4.04508 35.65 27.9389
      vertex 3.53553 37.5 28.5355
      vertex 4.04508 37.5 27.9389
    endloop
  endfacet
  facet normal -0.760403 -0 -0.649452
    outer loop
      vertex 3.53553 37.5 28.5355
      vertex 4.04508 35.65 27.9389
      vertex 3.53553 35.65 28.5355
    endloop
  endfacet
  facet normal -0.649489 0 -0.760371
    outer loop
      vertex 2.93893 35.65 29.0451
      vertex 3.53553 37.5 28.5355
      vertex 3.53553 35.65 28.5355
    endloop
  endfacet
  facet normal -0.649489 0 -0.760371
    outer loop
      vertex 3.53553 37.5 28.5355
      vertex 2.93893 35.65 29.0451
      vertex 2.93893 37.5 29.0451
    endloop
  endfacet
  facet normal -0.852613 0 -0.522543
    outer loop
      vertex 4.45503 35.65 27.27
      vertex 4.04508 37.5 27.9389
      vertex 4.45503 37.5 27.27
    endloop
  endfacet
  facet normal -0.852613 -0 -0.522543
    outer loop
      vertex 4.04508 37.5 27.9389
      vertex 4.45503 35.65 27.27
      vertex 4.04508 35.65 27.9389
    endloop
  endfacet
  facet normal 0.649489 0 -0.760371
    outer loop
      vertex -3.53553 35.65 28.5355
      vertex -2.93893 37.5 29.0451
      vertex -2.93893 35.65 29.0451
    endloop
  endfacet
  facet normal 0.649489 0 -0.760371
    outer loop
      vertex -2.93893 37.5 29.0451
      vertex -3.53553 35.65 28.5355
      vertex -3.53553 37.5 28.5355
    endloop
  endfacet
  facet normal 0.972369 0 -0.23345
    outer loop
      vertex -4.75528 35.65 26.5451
      vertex -4.93844 37.5 25.7822
      vertex -4.75528 37.5 26.5451
    endloop
  endfacet
  facet normal 0.972369 0 -0.23345
    outer loop
      vertex -4.93844 37.5 25.7822
      vertex -4.75528 35.65 26.5451
      vertex -4.93844 35.65 25.7822
    endloop
  endfacet
  facet normal 0.382737 0 -0.923857
    outer loop
      vertex -2.26995 35.65 29.455
      vertex -1.54508 37.5 29.7553
      vertex -1.54508 35.65 29.7553
    endloop
  endfacet
  facet normal 0.382737 0 -0.923857
    outer loop
      vertex -1.54508 37.5 29.7553
      vertex -2.26995 35.65 29.455
      vertex -2.26995 37.5 29.455
    endloop
  endfacet
  facet normal -0.233375 0 -0.972387
    outer loop
      vertex 0.782172 35.65 29.9384
      vertex 1.54508 37.5 29.7553
      vertex 1.54508 35.65 29.7553
    endloop
  endfacet
  facet normal -0.233375 0 -0.972387
    outer loop
      vertex 1.54508 37.5 29.7553
      vertex 0.782172 35.65 29.9384
      vertex 0.782172 37.5 29.9384
    endloop
  endfacet
  facet normal -0.996917 0 0.0784615
    outer loop
      vertex 4.93844 -37.5 4.21783
      vertex 5 -35.65 5
      vertex 4.93844 -35.65 4.21783
    endloop
  endfacet
  facet normal -0.996917 0 0.0784615
    outer loop
      vertex 5 -35.65 5
      vertex 4.93844 -37.5 4.21783
      vertex 5 -37.5 5
    endloop
  endfacet
  facet normal -1 0 0
    outer loop
      vertex 5 -37.5 5
      vertex 5 -35.65 25
      vertex 5 -35.65 5
    endloop
  endfacet
  facet normal -1 -0 0
    outer loop
      vertex 5 -35.65 25
      vertex 5 -37.5 5
      vertex 5 -37.5 25
    endloop
  endfacet
  facet normal 1 -0 0
    outer loop
      vertex -5 -37.5 25
      vertex -5 -35.65 5
      vertex -5 -35.65 25
    endloop
  endfacet
  facet normal 1 0 0
    outer loop
      vertex -5 -35.65 5
      vertex -5 -37.5 25
      vertex -5 -37.5 5
    endloop
  endfacet
  facet normal 0.996917 0 -0.0784585
    outer loop
      vertex -4.93844 -37.5 25.7822
      vertex -5 -35.65 25
      vertex -4.93844 -35.65 25.7822
    endloop
  endfacet
  facet normal 0.996917 0 -0.0784585
    outer loop
      vertex -5 -35.65 25
      vertex -4.93844 -37.5 25.7822
      vertex -5 -37.5 25
    endloop
  endfacet
  facet normal 0 -1 0
    outer loop
      vertex -2.93893 -35.61 0.954915
      vertex -3.86481 -35.61 1.85
      vertex -3.53553 -35.61 1.46447
    endloop
  endfacet
  facet normal 0 -1 0
    outer loop
      vertex -3.86481 -35.61 1.85
      vertex -2.93893 -35.61 0.954915
      vertex 3.86481 -35.61 1.85
    endloop
  endfacet
  facet normal 0 -1 0
    outer loop
      vertex 2.93893 -35.61 0.954915
      vertex 3.86481 -35.61 1.85
      vertex -2.93893 -35.61 0.954915
    endloop
  endfacet
  facet normal 0 -1 0
    outer loop
      vertex 3.86481 -35.61 1.85
      vertex 2.93893 -35.61 0.954915
      vertex 3.53553 -35.61 1.46447
    endloop
  endfacet
  facet normal 0 -1 0
    outer loop
      vertex -2.26995 -35.61 0.544968
      vertex 2.93893 -35.61 0.954915
      vertex -2.93893 -35.61 0.954915
    endloop
  endfacet
  facet normal 0 -1 0
    outer loop
      vertex -2.26995 -35.61 0.544968
      vertex 2.26995 -35.61 0.544968
      vertex 2.93893 -35.61 0.954915
    endloop
  endfacet
  facet normal 0 -1 0
    outer loop
      vertex -1.54508 -35.61 0.244718
      vertex 2.26995 -35.61 0.544968
      vertex -2.26995 -35.61 0.544968
    endloop
  endfacet
  facet normal 0 -1 0
    outer loop
      vertex -1.54508 -35.61 0.244718
      vertex 1.54508 -35.61 0.244718
      vertex 2.26995 -35.61 0.544968
    endloop
  endfacet
  facet normal 0 -1 0
    outer loop
      vertex -0.782172 -35.61 0.0615587
      vertex 1.54508 -35.61 0.244718
      vertex -1.54508 -35.61 0.244718
    endloop
  endfacet
  facet normal 0 -1 0
    outer loop
      vertex -0.782172 -35.61 0.0615587
      vertex 0.782172 -35.61 0.0615587
      vertex 1.54508 -35.61 0.244718
    endloop
  endfacet
  facet normal -0 -1 0
    outer loop
      vertex 0.782172 -35.61 0.0615587
      vertex -0.782172 -35.61 0.0615587
      vertex 0 -35.61 0
    endloop
  endfacet
  facet normal -0.972369 0 -0.23345
    outer loop
      vertex 4.93844 -37.5 25.7822
      vertex 4.75528 -35.65 26.5451
      vertex 4.93844 -35.65 25.7822
    endloop
  endfacet
  facet normal -0.972369 -0 -0.23345
    outer loop
      vertex 4.75528 -35.65 26.5451
      vertex 4.93844 -37.5 25.7822
      vertex 4.75528 -37.5 26.5451
    endloop
  endfacet
  facet normal 0.233375 0 -0.972387
    outer loop
      vertex -1.54508 -37.5 29.7553
      vertex -0.782172 -35.65 29.9384
      vertex -0.782172 -37.5 29.9384
    endloop
  endfacet
  facet normal 0.233375 0 -0.972387
    outer loop
      vertex -0.782172 -35.65 29.9384
      vertex -1.54508 -37.5 29.7553
      vertex -1.54508 -35.65 29.7553
    endloop
  endfacet
  facet normal 0.996917 -0 0.0784615
    outer loop
      vertex -5 -37.5 5
      vertex -4.93844 -35.65 4.21783
      vertex -5 -35.65 5
    endloop
  endfacet
  facet normal 0.996917 0 0.0784615
    outer loop
      vertex -4.93844 -35.65 4.21783
      vertex -5 -37.5 5
      vertex -4.93844 -37.5 4.21783
    endloop
  endfacet
  facet normal 0.92388 -0 0.382682
    outer loop
      vertex -4.75528 -37.5 3.45492
      vertex -4.45503 -35.65 2.73005
      vertex -4.75528 -35.65 3.45492
    endloop
  endfacet
  facet normal 0.92388 0 0.382682
    outer loop
      vertex -4.45503 -35.65 2.73005
      vertex -4.75528 -37.5 3.45492
      vertex -4.45503 -37.5 2.73005
    endloop
  endfacet
  facet normal 0.760403 0 -0.649452
    outer loop
      vertex -3.53553 -37.5 28.5355
      vertex -4.04508 -35.65 27.9389
      vertex -3.53553 -35.65 28.5355
    endloop
  endfacet
  facet normal 0.760403 0 -0.649452
    outer loop
      vertex -4.04508 -35.65 27.9389
      vertex -3.53553 -37.5 28.5355
      vertex -4.04508 -37.5 27.9389
    endloop
  endfacet
  facet normal 0.972369 -0 0.233447
    outer loop
      vertex -4.93844 -37.5 4.21783
      vertex -4.75528 -35.65 3.45492
      vertex -4.93844 -35.65 4.21783
    endloop
  endfacet
  facet normal 0.972369 0 0.233447
    outer loop
      vertex -4.75528 -35.65 3.45492
      vertex -4.93844 -37.5 4.21783
      vertex -4.75528 -37.5 3.45492
    endloop
  endfacet
  facet normal 0.382682 0 0.92388
    outer loop
      vertex -2.26995 -35.61 0.544968
      vertex -1.54508 -37.5 0.244718
      vertex -1.54508 -35.61 0.244718
    endloop
  endfacet
  facet normal 0.382682 0 0.92388
    outer loop
      vertex -1.54508 -37.5 0.244718
      vertex -2.26995 -35.61 0.544968
      vertex -2.26995 -37.5 0.544968
    endloop
  endfacet
  facet normal 0.852641 -0 0.522497
    outer loop
      vertex -4.45503 -37.5 2.73005
      vertex -4.04508 -35.65 2.06107
      vertex -4.45503 -35.65 2.73005
    endloop
  endfacet
  facet normal 0.852641 0 0.522497
    outer loop
      vertex -4.04508 -35.65 2.06107
      vertex -4.45503 -37.5 2.73005
      vertex -4.04508 -37.5 2.06107
    endloop
  endfacet
  facet normal -0.522494 0 0.852643
    outer loop
      vertex 2.26995 -35.61 0.544968
      vertex 2.93893 -37.5 0.954915
      vertex 2.93893 -35.61 0.954915
    endloop
  endfacet
  facet normal -0.522494 0 0.852643
    outer loop
      vertex 2.93893 -37.5 0.954915
      vertex 2.26995 -35.61 0.544968
      vertex 2.26995 -37.5 0.544968
    endloop
  endfacet
  facet normal -0.92388 0 0.382682
    outer loop
      vertex 4.45503 -37.5 2.73005
      vertex 4.75528 -35.65 3.45492
      vertex 4.45503 -35.65 2.73005
    endloop
  endfacet
  facet normal -0.92388 0 0.382682
    outer loop
      vertex 4.75528 -35.65 3.45492
      vertex 4.45503 -37.5 2.73005
      vertex 4.75528 -37.5 3.45492
    endloop
  endfacet
  facet normal -0.923886 0 -0.382669
    outer loop
      vertex 4.75528 -37.5 26.5451
      vertex 4.45503 -35.65 27.27
      vertex 4.75528 -35.65 26.5451
    endloop
  endfacet
  facet normal -0.923886 -0 -0.382669
    outer loop
      vertex 4.45503 -35.65 27.27
      vertex 4.75528 -37.5 26.5451
      vertex 4.45503 -37.5 27.27
    endloop
  endfacet
  facet normal 0.522451 0 -0.852669
    outer loop
      vertex -2.93893 -37.5 29.0451
      vertex -2.26995 -35.65 29.455
      vertex -2.26995 -37.5 29.455
    endloop
  endfacet
  facet normal 0.522451 0 -0.852669
    outer loop
      vertex -2.26995 -35.65 29.455
      vertex -2.93893 -37.5 29.0451
      vertex -2.93893 -35.65 29.0451
    endloop
  endfacet
  facet normal 0.852613 0 -0.522543
    outer loop
      vertex -4.04508 -37.5 27.9389
      vertex -4.45503 -35.65 27.27
      vertex -4.04508 -35.65 27.9389
    endloop
  endfacet
  facet normal 0.852613 0 -0.522543
    outer loop
      vertex -4.45503 -35.65 27.27
      vertex -4.04508 -37.5 27.9389
      vertex -4.45503 -37.5 27.27
    endloop
  endfacet
  facet normal 0.233447 0 0.97237
    outer loop
      vertex -1.54508 -35.61 0.244718
      vertex -0.782172 -37.5 0.0615587
      vertex -0.782172 -35.61 0.0615587
    endloop
  endfacet
  facet normal 0.233447 0 0.97237
    outer loop
      vertex -0.782172 -37.5 0.0615587
      vertex -1.54508 -35.61 0.244718
      vertex -1.54508 -37.5 0.244718
    endloop
  endfacet
  facet normal 0.0784596 0 0.996917
    outer loop
      vertex -0.782172 -35.61 0.0615587
      vertex 0 -37.5 0
      vertex 0 -35.61 0
    endloop
  endfacet
  facet normal 0.0784596 0 0.996917
    outer loop
      vertex 0 -37.5 0
      vertex -0.782172 -35.61 0.0615587
      vertex -0.782172 -37.5 0.0615587
    endloop
  endfacet
  facet normal -0.0784596 0 0.996917
    outer loop
      vertex 0 -35.61 0
      vertex 0.782172 -37.5 0.0615587
      vertex 0.782172 -35.61 0.0615587
    endloop
  endfacet
  facet normal -0.0784596 0 0.996917
    outer loop
      vertex 0.782172 -37.5 0.0615587
      vertex 0 -35.61 0
      vertex 0 -37.5 0
    endloop
  endfacet
  facet normal 0.649456 0 0.760399
    outer loop
      vertex -3.53553 -35.61 1.46447
      vertex -2.93893 -37.5 0.954915
      vertex -2.93893 -35.61 0.954915
    endloop
  endfacet
  facet normal 0.649456 0 0.760399
    outer loop
      vertex -2.93893 -37.5 0.954915
      vertex -3.53553 -35.61 1.46447
      vertex -3.53553 -37.5 1.46447
    endloop
  endfacet
  facet normal 0.522494 0 0.852643
    outer loop
      vertex -2.93893 -35.61 0.954915
      vertex -2.26995 -37.5 0.544968
      vertex -2.26995 -35.61 0.544968
    endloop
  endfacet
  facet normal 0.522494 0 0.852643
    outer loop
      vertex -2.26995 -37.5 0.544968
      vertex -2.93893 -35.61 0.954915
      vertex -2.93893 -37.5 0.954915
    endloop
  endfacet
  facet normal 0.760407 0 0.649446
    outer loop
      vertex -4.04508 -35.65 2.06107
      vertex -4.04508 -37.5 2.06107
      vertex -3.86481 -35.65 1.85
    endloop
  endfacet
  facet normal 0.7604 -0 0.649455
    outer loop
      vertex -3.86481 -35.65 1.85
      vertex -3.53553 -35.61 1.46447
      vertex -3.86481 -35.61 1.85
    endloop
  endfacet
  facet normal 0.760403 1.12747e-06 0.649452
    outer loop
      vertex -3.53553 -37.5 1.46447
      vertex -3.86481 -35.65 1.85
      vertex -4.04508 -37.5 2.06107
    endloop
  endfacet
  facet normal 0.7604 0 0.649455
    outer loop
      vertex -3.86481 -35.65 1.85
      vertex -3.53553 -37.5 1.46447
      vertex -3.53553 -35.61 1.46447
    endloop
  endfacet
  facet normal -0.649456 0 0.760399
    outer loop
      vertex 2.93893 -35.61 0.954915
      vertex 3.53553 -37.5 1.46447
      vertex 3.53553 -35.61 1.46447
    endloop
  endfacet
  facet normal -0.649456 0 0.760399
    outer loop
      vertex 3.53553 -37.5 1.46447
      vertex 2.93893 -35.61 0.954915
      vertex 2.93893 -37.5 0.954915
    endloop
  endfacet
  facet normal -0.233447 0 0.97237
    outer loop
      vertex 0.782172 -35.61 0.0615587
      vertex 1.54508 -37.5 0.244718
      vertex 1.54508 -35.61 0.244718
    endloop
  endfacet
  facet normal -0.233447 0 0.97237
    outer loop
      vertex 1.54508 -37.5 0.244718
      vertex 0.782172 -35.61 0.0615587
      vertex 0.782172 -37.5 0.0615587
    endloop
  endfacet
  facet normal -0.382682 0 0.92388
    outer loop
      vertex 1.54508 -35.61 0.244718
      vertex 2.26995 -37.5 0.544968
      vertex 2.26995 -35.61 0.544968
    endloop
  endfacet
  facet normal -0.382682 0 0.92388
    outer loop
      vertex 2.26995 -37.5 0.544968
      vertex 1.54508 -35.61 0.244718
      vertex 1.54508 -37.5 0.244718
    endloop
  endfacet
  facet normal -0.7604 0 0.649455
    outer loop
      vertex 3.53553 -35.61 1.46447
      vertex 3.86481 -35.65 1.85
      vertex 3.86481 -35.61 1.85
    endloop
  endfacet
  facet normal -0.7604 0 0.649455
    outer loop
      vertex 3.53553 -37.5 1.46447
      vertex 3.86481 -35.65 1.85
      vertex 3.53553 -35.61 1.46447
    endloop
  endfacet
  facet normal -0.760403 1.12747e-06 0.649452
    outer loop
      vertex 4.04508 -37.5 2.06107
      vertex 3.86481 -35.65 1.85
      vertex 3.53553 -37.5 1.46447
    endloop
  endfacet
  facet normal -0.760407 0 0.649446
    outer loop
      vertex 3.86481 -35.65 1.85
      vertex 4.04508 -37.5 2.06107
      vertex 4.04508 -35.65 2.06107
    endloop
  endfacet
  facet normal -0.852641 0 0.522497
    outer loop
      vertex 4.04508 -37.5 2.06107
      vertex 4.45503 -35.65 2.73005
      vertex 4.04508 -35.65 2.06107
    endloop
  endfacet
  facet normal -0.852641 0 0.522497
    outer loop
      vertex 4.45503 -35.65 2.73005
      vertex 4.04508 -37.5 2.06107
      vertex 4.45503 -37.5 2.73005
    endloop
  endfacet
  facet normal -0.972369 0 0.233447
    outer loop
      vertex 4.75528 -37.5 3.45492
      vertex 4.93844 -35.65 4.21783
      vertex 4.75528 -35.65 3.45492
    endloop
  endfacet
  facet normal -0.972369 0 0.233447
    outer loop
      vertex 4.93844 -35.65 4.21783
      vertex 4.75528 -37.5 3.45492
      vertex 4.93844 -37.5 4.21783
    endloop
  endfacet
  facet normal -0.996917 0 -0.0784585
    outer loop
      vertex 5 -37.5 25
      vertex 4.93844 -35.65 25.7822
      vertex 5 -35.65 25
    endloop
  endfacet
  facet normal -0.996917 -0 -0.0784585
    outer loop
      vertex 4.93844 -35.65 25.7822
      vertex 5 -37.5 25
      vertex 4.93844 -37.5 25.7822
    endloop
  endfacet
  facet normal -0.382737 0 -0.923857
    outer loop
      vertex 1.54508 -37.5 29.7553
      vertex 2.26995 -35.65 29.455
      vertex 2.26995 -37.5 29.455
    endloop
  endfacet
  facet normal -0.382737 0 -0.923857
    outer loop
      vertex 2.26995 -35.65 29.455
      vertex 1.54508 -37.5 29.7553
      vertex 1.54508 -35.65 29.7553
    endloop
  endfacet
  facet normal 0.923886 0 -0.382669
    outer loop
      vertex -4.45503 -37.5 27.27
      vertex -4.75528 -35.65 26.5451
      vertex -4.45503 -35.65 27.27
    endloop
  endfacet
  facet normal 0.923886 0 -0.382669
    outer loop
      vertex -4.75528 -35.65 26.5451
      vertex -4.45503 -37.5 27.27
      vertex -4.75528 -37.5 26.5451
    endloop
  endfacet
  facet normal 0.078512 0 -0.996913
    outer loop
      vertex -0.782172 -37.5 29.9384
      vertex 0 -35.65 30
      vertex 0 -37.5 30
    endloop
  endfacet
  facet normal 0.078512 0 -0.996913
    outer loop
      vertex 0 -35.65 30
      vertex -0.782172 -37.5 29.9384
      vertex -0.782172 -35.65 29.9384
    endloop
  endfacet
  facet normal -0.078512 0 -0.996913
    outer loop
      vertex 0 -37.5 30
      vertex 0.782172 -35.65 29.9384
      vertex 0.782172 -37.5 29.9384
    endloop
  endfacet
  facet normal -0.078512 0 -0.996913
    outer loop
      vertex 0.782172 -35.65 29.9384
      vertex 0 -37.5 30
      vertex 0 -35.65 30
    endloop
  endfacet
  facet normal -0.522451 0 -0.852669
    outer loop
      vertex 2.26995 -37.5 29.455
      vertex 2.93893 -35.65 29.0451
      vertex 2.93893 -37.5 29.0451
    endloop
  endfacet
  facet normal -0.522451 0 -0.852669
    outer loop
      vertex 2.93893 -35.65 29.0451
      vertex 2.26995 -37.5 29.455
      vertex 2.26995 -35.65 29.455
    endloop
  endfacet
  facet normal -0.760403 0 -0.649452
    outer loop
      vertex 4.04508 -37.5 27.9389
      vertex 3.53553 -35.65 28.5355
      vertex 4.04508 -35.65 27.9389
    endloop
  endfacet
  facet normal -0.760403 -0 -0.649452
    outer loop
      vertex 3.53553 -35.65 28.5355
      vertex 4.04508 -37.5 27.9389
      vertex 3.53553 -37.5 28.5355
    endloop
  endfacet
  facet normal -0.649489 0 -0.760371
    outer loop
      vertex 2.93893 -37.5 29.0451
      vertex 3.53553 -35.65 28.5355
      vertex 3.53553 -37.5 28.5355
    endloop
  endfacet
  facet normal -0.649489 0 -0.760371
    outer loop
      vertex 3.53553 -35.65 28.5355
      vertex 2.93893 -37.5 29.0451
      vertex 2.93893 -35.65 29.0451
    endloop
  endfacet
  facet normal -0.852613 0 -0.522543
    outer loop
      vertex 4.45503 -37.5 27.27
      vertex 4.04508 -35.65 27.9389
      vertex 4.45503 -35.65 27.27
    endloop
  endfacet
  facet normal -0.852613 -0 -0.522543
    outer loop
      vertex 4.04508 -35.65 27.9389
      vertex 4.45503 -37.5 27.27
      vertex 4.04508 -37.5 27.9389
    endloop
  endfacet
  facet normal 0.649489 0 -0.760371
    outer loop
      vertex -3.53553 -37.5 28.5355
      vertex -2.93893 -35.65 29.0451
      vertex -2.93893 -37.5 29.0451
    endloop
  endfacet
  facet normal 0.649489 0 -0.760371
    outer loop
      vertex -2.93893 -35.65 29.0451
      vertex -3.53553 -37.5 28.5355
      vertex -3.53553 -35.65 28.5355
    endloop
  endfacet
  facet normal 0.972369 0 -0.23345
    outer loop
      vertex -4.75528 -37.5 26.5451
      vertex -4.93844 -35.65 25.7822
      vertex -4.75528 -35.65 26.5451
    endloop
  endfacet
  facet normal 0.972369 0 -0.23345
    outer loop
      vertex -4.93844 -35.65 25.7822
      vertex -4.75528 -37.5 26.5451
      vertex -4.93844 -37.5 25.7822
    endloop
  endfacet
  facet normal 0.382737 0 -0.923857
    outer loop
      vertex -2.26995 -37.5 29.455
      vertex -1.54508 -35.65 29.7553
      vertex -1.54508 -37.5 29.7553
    endloop
  endfacet
  facet normal 0.382737 0 -0.923857
    outer loop
      vertex -1.54508 -35.65 29.7553
      vertex -2.26995 -37.5 29.455
      vertex -2.26995 -35.65 29.455
    endloop
  endfacet
  facet normal -0.233375 0 -0.972387
    outer loop
      vertex 0.782172 -37.5 29.9384
      vertex 1.54508 -35.65 29.7553
      vertex 1.54508 -37.5 29.7553
    endloop
  endfacet
  facet normal -0.233375 0 -0.972387
    outer loop
      vertex 1.54508 -35.65 29.7553
      vertex 0.782172 -37.5 29.9384
      vertex 0.782172 -35.65 29.9384
    endloop
  endfacet
  facet normal 0 0.972369 0.233447
    outer loop
      vertex 50 -4.75528 3.45492
      vertex 48.15 -4.93844 4.21783
      vertex 50 -4.93844 4.21783
    endloop
  endfacet
  facet normal 0 0.972369 0.233447
    outer loop
      vertex 48.15 -4.93844 4.21783
      vertex 50 -4.75528 3.45492
      vertex 48.15 -4.75528 3.45492
    endloop
  endfacet
  facet normal 0 0.972369 -0.23345
    outer loop
      vertex 50 -4.93844 25.7822
      vertex 48.15 -4.75528 26.5451
      vertex 50 -4.75528 26.5451
    endloop
  endfacet
  facet normal 0 0.972369 -0.23345
    outer loop
      vertex 48.15 -4.75528 26.5451
      vertex 50 -4.93844 25.7822
      vertex 48.15 -4.93844 25.7822
    endloop
  endfacet
  facet normal 0 -0.0784596 0.996917
    outer loop
      vertex 48.11 0.782172 0.0615587
      vertex 50 0 0
      vertex 50 0.782172 0.0615587
    endloop
  endfacet
  facet normal 0 -0.0784596 0.996917
    outer loop
      vertex 50 0 0
      vertex 48.11 0.782172 0.0615587
      vertex 48.11 0 0
    endloop
  endfacet
  facet normal 1 0 0
    outer loop
      vertex 48.11 3.86481 1.85
      vertex 48.11 2.93893 0.954915
      vertex 48.11 3.53553 1.46447
    endloop
  endfacet
  facet normal 1 0 0
    outer loop
      vertex 48.11 3.86481 1.85
      vertex 48.11 2.26995 0.544968
      vertex 48.11 2.93893 0.954915
    endloop
  endfacet
  facet normal 1 0 0
    outer loop
      vertex 48.11 3.86481 1.85
      vertex 48.11 1.54508 0.244718
      vertex 48.11 2.26995 0.544968
    endloop
  endfacet
  facet normal 1 0 0
    outer loop
      vertex 48.11 3.86481 1.85
      vertex 48.11 0.782172 0.0615587
      vertex 48.11 1.54508 0.244718
    endloop
  endfacet
  facet normal 1 0 0
    outer loop
      vertex 48.11 3.86481 1.85
      vertex 48.11 0 0
      vertex 48.11 0.782172 0.0615587
    endloop
  endfacet
  facet normal 1 0 0
    outer loop
      vertex 48.11 3.86481 1.85
      vertex 48.11 -0.782172 0.0615587
      vertex 48.11 0 0
    endloop
  endfacet
  facet normal 1 0 0
    outer loop
      vertex 48.11 3.86481 1.85
      vertex 48.11 -1.54508 0.244718
      vertex 48.11 -0.782172 0.0615587
    endloop
  endfacet
  facet normal 1 0 0
    outer loop
      vertex 48.11 3.86481 1.85
      vertex 48.11 -2.26995 0.544968
      vertex 48.11 -1.54508 0.244718
    endloop
  endfacet
  facet normal 1 0 0
    outer loop
      vertex 48.11 3.86481 1.85
      vertex 48.11 -2.93893 0.954915
      vertex 48.11 -2.26995 0.544968
    endloop
  endfacet
  facet normal 1 -0 0
    outer loop
      vertex 48.11 -3.86481 1.85
      vertex 48.11 -2.93893 0.954915
      vertex 48.11 3.86481 1.85
    endloop
  endfacet
  facet normal 1 0 0
    outer loop
      vertex 48.11 -2.93893 0.954915
      vertex 48.11 -3.86481 1.85
      vertex 48.11 -3.53553 1.46447
    endloop
  endfacet
  facet normal 0 0.996917 0.0784615
    outer loop
      vertex 50 -4.93844 4.21783
      vertex 48.15 -5 5
      vertex 50 -5 5
    endloop
  endfacet
  facet normal 0 0.996917 0.0784615
    outer loop
      vertex 48.15 -5 5
      vertex 50 -4.93844 4.21783
      vertex 48.15 -4.93844 4.21783
    endloop
  endfacet
  facet normal 0 1 -0
    outer loop
      vertex 50 -5 5
      vertex 48.15 -5 25
      vertex 50 -5 25
    endloop
  endfacet
  facet normal 0 1 0
    outer loop
      vertex 48.15 -5 25
      vertex 50 -5 5
      vertex 48.15 -5 5
    endloop
  endfacet
  facet normal 0 -0.923886 -0.382669
    outer loop
      vertex 48.15 4.75528 26.5451
      vertex 50 4.45503 27.27
      vertex 48.15 4.45503 27.27
    endloop
  endfacet
  facet normal 0 -0.923886 -0.382669
    outer loop
      vertex 50 4.45503 27.27
      vertex 48.15 4.75528 26.5451
      vertex 50 4.75528 26.5451
    endloop
  endfacet
  facet normal 0 0.92388 0.382682
    outer loop
      vertex 50 -4.45503 2.73005
      vertex 48.15 -4.75528 3.45492
      vertex 50 -4.75528 3.45492
    endloop
  endfacet
  facet normal 0 0.92388 0.382682
    outer loop
      vertex 48.15 -4.75528 3.45492
      vertex 50 -4.45503 2.73005
      vertex 48.15 -4.45503 2.73005
    endloop
  endfacet
  facet normal 0 0.996917 -0.0784585
    outer loop
      vertex 50 -5 25
      vertex 48.15 -4.93844 25.7822
      vertex 50 -4.93844 25.7822
    endloop
  endfacet
  facet normal 0 0.996917 -0.0784585
    outer loop
      vertex 48.15 -4.93844 25.7822
      vertex 50 -5 25
      vertex 48.15 -5 25
    endloop
  endfacet
  facet normal 0 -0.972369 -0.23345
    outer loop
      vertex 48.15 4.93844 25.7822
      vertex 50 4.75528 26.5451
      vertex 48.15 4.75528 26.5451
    endloop
  endfacet
  facet normal 0 -0.972369 -0.23345
    outer loop
      vertex 50 4.75528 26.5451
      vertex 48.15 4.93844 25.7822
      vertex 50 4.93844 25.7822
    endloop
  endfacet
  facet normal 0 -0.996917 -0.0784585
    outer loop
      vertex 48.15 5 25
      vertex 50 4.93844 25.7822
      vertex 48.15 4.93844 25.7822
    endloop
  endfacet
  facet normal 0 -0.996917 -0.0784585
    outer loop
      vertex 50 4.93844 25.7822
      vertex 48.15 5 25
      vertex 50 5 25
    endloop
  endfacet
  facet normal 0 -0.996917 0.0784615
    outer loop
      vertex 48.15 4.93844 4.21783
      vertex 50 5 5
      vertex 48.15 5 5
    endloop
  endfacet
  facet normal 0 -0.996917 0.0784615
    outer loop
      vertex 50 5 5
      vertex 48.15 4.93844 4.21783
      vertex 50 4.93844 4.21783
    endloop
  endfacet
  facet normal 0 -0.649489 -0.760371
    outer loop
      vertex 48.15 2.93893 29.0451
      vertex 50 3.53553 28.5355
      vertex 50 2.93893 29.0451
    endloop
  endfacet
  facet normal -0 -0.649489 -0.760371
    outer loop
      vertex 50 3.53553 28.5355
      vertex 48.15 2.93893 29.0451
      vertex 48.15 3.53553 28.5355
    endloop
  endfacet
  facet normal 0 -0.852613 -0.522543
    outer loop
      vertex 48.15 4.45503 27.27
      vertex 50 4.04508 27.9389
      vertex 48.15 4.04508 27.9389
    endloop
  endfacet
  facet normal 0 -0.852613 -0.522543
    outer loop
      vertex 50 4.04508 27.9389
      vertex 48.15 4.45503 27.27
      vertex 50 4.45503 27.27
    endloop
  endfacet
  facet normal -0 0.233447 0.97237
    outer loop
      vertex 48.11 -0.782172 0.0615587
      vertex 50 -1.54508 0.244718
      vertex 50 -0.782172 0.0615587
    endloop
  endfacet
  facet normal 0 0.233447 0.97237
    outer loop
      vertex 50 -1.54508 0.244718
      vertex 48.11 -0.782172 0.0615587
      vertex 48.11 -1.54508 0.244718
    endloop
  endfacet
  facet normal 0 -0.7604 0.649455
    outer loop
      vertex 48.11 3.86481 1.85
      vertex 48.11 3.53553 1.46447
      vertex 48.15 3.86481 1.85
    endloop
  endfacet
  facet normal 0 -0.760407 0.649446
    outer loop
      vertex 48.15 3.86481 1.85
      vertex 50 4.04508 2.06107
      vertex 48.15 4.04508 2.06107
    endloop
  endfacet
  facet normal 0 -0.7604 0.649455
    outer loop
      vertex 50 3.53553 1.46447
      vertex 48.15 3.86481 1.85
      vertex 48.11 3.53553 1.46447
    endloop
  endfacet
  facet normal -1.12747e-06 -0.760403 0.649452
    outer loop
      vertex 48.15 3.86481 1.85
      vertex 50 3.53553 1.46447
      vertex 50 4.04508 2.06107
    endloop
  endfacet
  facet normal 0 -0.92388 0.382682
    outer loop
      vertex 48.15 4.45503 2.73005
      vertex 50 4.75528 3.45492
      vertex 48.15 4.75528 3.45492
    endloop
  endfacet
  facet normal 0 -0.92388 0.382682
    outer loop
      vertex 50 4.75528 3.45492
      vertex 48.15 4.45503 2.73005
      vertex 50 4.45503 2.73005
    endloop
  endfacet
  facet normal 0 -1 0
    outer loop
      vertex 48.15 5 5
      vertex 50 5 25
      vertex 48.15 5 25
    endloop
  endfacet
  facet normal 0 -1 -0
    outer loop
      vertex 50 5 25
      vertex 48.15 5 5
      vertex 50 5 5
    endloop
  endfacet
  facet normal 0 0.649489 -0.760371
    outer loop
      vertex 48.15 -3.53553 28.5355
      vertex 50 -2.93893 29.0451
      vertex 50 -3.53553 28.5355
    endloop
  endfacet
  facet normal 0 0.649489 -0.760371
    outer loop
      vertex 50 -2.93893 29.0451
      vertex 48.15 -3.53553 28.5355
      vertex 48.15 -2.93893 29.0451
    endloop
  endfacet
  facet normal -0 0.649456 0.760399
    outer loop
      vertex 48.11 -2.93893 0.954915
      vertex 50 -3.53553 1.46447
      vertex 50 -2.93893 0.954915
    endloop
  endfacet
  facet normal 0 0.649456 0.760399
    outer loop
      vertex 50 -3.53553 1.46447
      vertex 48.11 -2.93893 0.954915
      vertex 48.11 -3.53553 1.46447
    endloop
  endfacet
  facet normal 0 0.760407 0.649446
    outer loop
      vertex 50 -4.04508 2.06107
      vertex 48.15 -3.86481 1.85
      vertex 48.15 -4.04508 2.06107
    endloop
  endfacet
  facet normal -1.12747e-06 0.760403 0.649452
    outer loop
      vertex 50 -3.53553 1.46447
      vertex 48.15 -3.86481 1.85
      vertex 50 -4.04508 2.06107
    endloop
  endfacet
  facet normal -0 0.7604 0.649455
    outer loop
      vertex 48.11 -3.53553 1.46447
      vertex 48.15 -3.86481 1.85
      vertex 50 -3.53553 1.46447
    endloop
  endfacet
  facet normal 0 0.7604 0.649455
    outer loop
      vertex 48.15 -3.86481 1.85
      vertex 48.11 -3.53553 1.46447
      vertex 48.11 -3.86481 1.85
    endloop
  endfacet
  facet normal 0 0.852641 0.522497
    outer loop
      vertex 50 -4.04508 2.06107
      vertex 48.15 -4.45503 2.73005
      vertex 50 -4.45503 2.73005
    endloop
  endfacet
  facet normal 0 0.852641 0.522497
    outer loop
      vertex 48.15 -4.45503 2.73005
      vertex 50 -4.04508 2.06107
      vertex 48.15 -4.04508 2.06107
    endloop
  endfacet
  facet normal 0 -0.852641 0.522497
    outer loop
      vertex 48.15 4.04508 2.06107
      vertex 50 4.45503 2.73005
      vertex 48.15 4.45503 2.73005
    endloop
  endfacet
  facet normal 0 -0.852641 0.522497
    outer loop
      vertex 50 4.45503 2.73005
      vertex 48.15 4.04508 2.06107
      vertex 50 4.04508 2.06107
    endloop
  endfacet
  facet normal 0 -0.972369 0.233447
    outer loop
      vertex 48.15 4.75528 3.45492
      vertex 50 4.93844 4.21783
      vertex 48.15 4.93844 4.21783
    endloop
  endfacet
  facet normal 0 -0.972369 0.233447
    outer loop
      vertex 50 4.93844 4.21783
      vertex 48.15 4.75528 3.45492
      vertex 50 4.75528 3.45492
    endloop
  endfacet
  facet normal 0 -0.233447 0.97237
    outer loop
      vertex 48.11 1.54508 0.244718
      vertex 50 0.782172 0.0615587
      vertex 50 1.54508 0.244718
    endloop
  endfacet
  facet normal 0 -0.233447 0.97237
    outer loop
      vertex 50 0.782172 0.0615587
      vertex 48.11 1.54508 0.244718
      vertex 48.11 0.782172 0.0615587
    endloop
  endfacet
  facet normal 0 -0.649456 0.760399
    outer loop
      vertex 48.11 3.53553 1.46447
      vertex 50 2.93893 0.954915
      vertex 50 3.53553 1.46447
    endloop
  endfacet
  facet normal 0 -0.649456 0.760399
    outer loop
      vertex 50 2.93893 0.954915
      vertex 48.11 3.53553 1.46447
      vertex 48.11 2.93893 0.954915
    endloop
  endfacet
  facet normal 0 -0.382682 0.92388
    outer loop
      vertex 48.11 2.26995 0.544968
      vertex 50 1.54508 0.244718
      vertex 50 2.26995 0.544968
    endloop
  endfacet
  facet normal 0 -0.382682 0.92388
    outer loop
      vertex 50 1.54508 0.244718
      vertex 48.11 2.26995 0.544968
      vertex 48.11 1.54508 0.244718
    endloop
  endfacet
  facet normal 0 -0.522494 0.852643
    outer loop
      vertex 48.11 2.93893 0.954915
      vertex 50 2.26995 0.544968
      vertex 50 2.93893 0.954915
    endloop
  endfacet
  facet normal 0 -0.522494 0.852643
    outer loop
      vertex 50 2.26995 0.544968
      vertex 48.11 2.93893 0.954915
      vertex 48.11 2.26995 0.544968
    endloop
  endfacet
  facet normal 0 0.760403 -0.649452
    outer loop
      vertex 50 -4.04508 27.9389
      vertex 48.15 -3.53553 28.5355
      vertex 50 -3.53553 28.5355
    endloop
  endfacet
  facet normal 0 0.760403 -0.649452
    outer loop
      vertex 48.15 -3.53553 28.5355
      vertex 50 -4.04508 27.9389
      vertex 48.15 -4.04508 27.9389
    endloop
  endfacet
  facet normal 0 0.382737 -0.923857
    outer loop
      vertex 48.15 -2.26995 29.455
      vertex 50 -1.54508 29.7553
      vertex 50 -2.26995 29.455
    endloop
  endfacet
  facet normal 0 0.382737 -0.923857
    outer loop
      vertex 50 -1.54508 29.7553
      vertex 48.15 -2.26995 29.455
      vertex 48.15 -1.54508 29.7553
    endloop
  endfacet
  facet normal 0 0.078512 -0.996913
    outer loop
      vertex 48.15 -0.782172 29.9384
      vertex 50 0 30
      vertex 50 -0.782172 29.9384
    endloop
  endfacet
  facet normal 0 0.078512 -0.996913
    outer loop
      vertex 50 0 30
      vertex 48.15 -0.782172 29.9384
      vertex 48.15 0 30
    endloop
  endfacet
  facet normal 0 -0.233375 -0.972387
    outer loop
      vertex 48.15 0.782172 29.9384
      vertex 50 1.54508 29.7553
      vertex 50 0.782172 29.9384
    endloop
  endfacet
  facet normal -0 -0.233375 -0.972387
    outer loop
      vertex 50 1.54508 29.7553
      vertex 48.15 0.782172 29.9384
      vertex 48.15 1.54508 29.7553
    endloop
  endfacet
  facet normal 0 -0.078512 -0.996913
    outer loop
      vertex 48.15 0 30
      vertex 50 0.782172 29.9384
      vertex 50 0 30
    endloop
  endfacet
  facet normal -0 -0.078512 -0.996913
    outer loop
      vertex 50 0.782172 29.9384
      vertex 48.15 0 30
      vertex 48.15 0.782172 29.9384
    endloop
  endfacet
  facet normal 0 -0.760403 -0.649452
    outer loop
      vertex 48.15 4.04508 27.9389
      vertex 50 3.53553 28.5355
      vertex 48.15 3.53553 28.5355
    endloop
  endfacet
  facet normal 0 -0.760403 -0.649452
    outer loop
      vertex 50 3.53553 28.5355
      vertex 48.15 4.04508 27.9389
      vertex 50 4.04508 27.9389
    endloop
  endfacet
  facet normal -0 0.522494 0.852643
    outer loop
      vertex 48.11 -2.26995 0.544968
      vertex 50 -2.93893 0.954915
      vertex 50 -2.26995 0.544968
    endloop
  endfacet
  facet normal 0 0.522494 0.852643
    outer loop
      vertex 50 -2.93893 0.954915
      vertex 48.11 -2.26995 0.544968
      vertex 48.11 -2.93893 0.954915
    endloop
  endfacet
  facet normal -0 0.0784596 0.996917
    outer loop
      vertex 48.11 0 0
      vertex 50 -0.782172 0.0615587
      vertex 50 0 0
    endloop
  endfacet
  facet normal 0 0.0784596 0.996917
    outer loop
      vertex 50 -0.782172 0.0615587
      vertex 48.11 0 0
      vertex 48.11 -0.782172 0.0615587
    endloop
  endfacet
  facet normal 0 0.923886 -0.382669
    outer loop
      vertex 50 -4.75528 26.5451
      vertex 48.15 -4.45503 27.27
      vertex 50 -4.45503 27.27
    endloop
  endfacet
  facet normal 0 0.923886 -0.382669
    outer loop
      vertex 48.15 -4.45503 27.27
      vertex 50 -4.75528 26.5451
      vertex 48.15 -4.75528 26.5451
    endloop
  endfacet
  facet normal 0 0.852613 -0.522543
    outer loop
      vertex 50 -4.45503 27.27
      vertex 48.15 -4.04508 27.9389
      vertex 50 -4.04508 27.9389
    endloop
  endfacet
  facet normal 0 0.852613 -0.522543
    outer loop
      vertex 48.15 -4.04508 27.9389
      vertex 50 -4.45503 27.27
      vertex 48.15 -4.45503 27.27
    endloop
  endfacet
  facet normal 0 0.522451 -0.852669
    outer loop
      vertex 48.15 -2.93893 29.0451
      vertex 50 -2.26995 29.455
      vertex 50 -2.93893 29.0451
    endloop
  endfacet
  facet normal 0 0.522451 -0.852669
    outer loop
      vertex 50 -2.26995 29.455
      vertex 48.15 -2.93893 29.0451
      vertex 48.15 -2.26995 29.455
    endloop
  endfacet
  facet normal 0 -0.522451 -0.852669
    outer loop
      vertex 48.15 2.26995 29.455
      vertex 50 2.93893 29.0451
      vertex 50 2.26995 29.455
    endloop
  endfacet
  facet normal -0 -0.522451 -0.852669
    outer loop
      vertex 50 2.93893 29.0451
      vertex 48.15 2.26995 29.455
      vertex 48.15 2.93893 29.0451
    endloop
  endfacet
  facet normal 0 0.233375 -0.972387
    outer loop
      vertex 48.15 -1.54508 29.7553
      vertex 50 -0.782172 29.9384
      vertex 50 -1.54508 29.7553
    endloop
  endfacet
  facet normal 0 0.233375 -0.972387
    outer loop
      vertex 50 -0.782172 29.9384
      vertex 48.15 -1.54508 29.7553
      vertex 48.15 -0.782172 29.9384
    endloop
  endfacet
  facet normal -0 0.382682 0.92388
    outer loop
      vertex 48.11 -1.54508 0.244718
      vertex 50 -2.26995 0.544968
      vertex 50 -1.54508 0.244718
    endloop
  endfacet
  facet normal 0 0.382682 0.92388
    outer loop
      vertex 50 -2.26995 0.544968
      vertex 48.11 -1.54508 0.244718
      vertex 48.11 -2.26995 0.544968
    endloop
  endfacet
  facet normal 0 -0.382737 -0.923857
    outer loop
      vertex 48.15 1.54508 29.7553
      vertex 50 2.26995 29.455
      vertex 50 1.54508 29.7553
    endloop
  endfacet
  facet normal -0 -0.382737 -0.923857
    outer loop
      vertex 50 2.26995 29.455
      vertex 48.15 1.54508 29.7553
      vertex 48.15 2.26995 29.455
    endloop
  endfacet
  facet normal 0 0.972369 0.233447
    outer loop
      vertex -48.15 -4.75528 3.45492
      vertex -50 -4.93844 4.21783
      vertex -48.15 -4.93844 4.21783
    endloop
  endfacet
  facet normal 0 0.972369 0.233447
    outer loop
      vertex -50 -4.93844 4.21783
      vertex -48.15 -4.75528 3.45492
      vertex -50 -4.75528 3.45492
    endloop
  endfacet
  facet normal 0 0.972369 -0.23345
    outer loop
      vertex -48.15 -4.93844 25.7822
      vertex -50 -4.75528 26.5451
      vertex -48.15 -4.75528 26.5451
    endloop
  endfacet
  facet normal 0 0.972369 -0.23345
    outer loop
      vertex -50 -4.75528 26.5451
      vertex -48.15 -4.93844 25.7822
      vertex -50 -4.93844 25.7822
    endloop
  endfacet
  facet normal 0 0.923886 -0.382669
    outer loop
      vertex -48.15 -4.75528 26.5451
      vertex -50 -4.45503 27.27
      vertex -48.15 -4.45503 27.27
    endloop
  endfacet
  facet normal 0 0.923886 -0.382669
    outer loop
      vertex -50 -4.45503 27.27
      vertex -48.15 -4.75528 26.5451
      vertex -50 -4.75528 26.5451
    endloop
  endfacet
  facet normal 0 -0.0784596 0.996917
    outer loop
      vertex -50 0.782172 0.0615587
      vertex -48.11 0 0
      vertex -48.11 0.782172 0.0615587
    endloop
  endfacet
  facet normal 0 -0.0784596 0.996917
    outer loop
      vertex -48.11 0 0
      vertex -50 0.782172 0.0615587
      vertex -50 0 0
    endloop
  endfacet
  facet normal 0 0.996917 0.0784615
    outer loop
      vertex -48.15 -4.93844 4.21783
      vertex -50 -5 5
      vertex -48.15 -5 5
    endloop
  endfacet
  facet normal 0 0.996917 0.0784615
    outer loop
      vertex -50 -5 5
      vertex -48.15 -4.93844 4.21783
      vertex -50 -4.93844 4.21783
    endloop
  endfacet
  facet normal 0 1 -0
    outer loop
      vertex -48.15 -5 5
      vertex -50 -5 25
      vertex -48.15 -5 25
    endloop
  endfacet
  facet normal 0 1 0
    outer loop
      vertex -50 -5 25
      vertex -48.15 -5 5
      vertex -50 -5 5
    endloop
  endfacet
  facet normal 0 -0.923886 -0.382669
    outer loop
      vertex -50 4.75528 26.5451
      vertex -48.15 4.45503 27.27
      vertex -50 4.45503 27.27
    endloop
  endfacet
  facet normal 0 -0.923886 -0.382669
    outer loop
      vertex -48.15 4.45503 27.27
      vertex -50 4.75528 26.5451
      vertex -48.15 4.75528 26.5451
    endloop
  endfacet
  facet normal 0 0.92388 0.382682
    outer loop
      vertex -48.15 -4.45503 2.73005
      vertex -50 -4.75528 3.45492
      vertex -48.15 -4.75528 3.45492
    endloop
  endfacet
  facet normal 0 0.92388 0.382682
    outer loop
      vertex -50 -4.75528 3.45492
      vertex -48.15 -4.45503 2.73005
      vertex -50 -4.45503 2.73005
    endloop
  endfacet
  facet normal 0 0.996917 -0.0784585
    outer loop
      vertex -48.15 -5 25
      vertex -50 -4.93844 25.7822
      vertex -48.15 -4.93844 25.7822
    endloop
  endfacet
  facet normal 0 0.996917 -0.0784585
    outer loop
      vertex -50 -4.93844 25.7822
      vertex -48.15 -5 25
      vertex -50 -5 25
    endloop
  endfacet
  facet normal -1 0 0
    outer loop
      vertex -48.11 2.93893 0.954915
      vertex -48.11 3.86481 1.85
      vertex -48.11 3.53553 1.46447
    endloop
  endfacet
  facet normal -1 0 0
    outer loop
      vertex -48.11 2.26995 0.544968
      vertex -48.11 3.86481 1.85
      vertex -48.11 2.93893 0.954915
    endloop
  endfacet
  facet normal -1 0 0
    outer loop
      vertex -48.11 1.54508 0.244718
      vertex -48.11 3.86481 1.85
      vertex -48.11 2.26995 0.544968
    endloop
  endfacet
  facet normal -1 0 0
    outer loop
      vertex -48.11 0.782172 0.0615587
      vertex -48.11 3.86481 1.85
      vertex -48.11 1.54508 0.244718
    endloop
  endfacet
  facet normal -1 0 0
    outer loop
      vertex -48.11 0 0
      vertex -48.11 3.86481 1.85
      vertex -48.11 0.782172 0.0615587
    endloop
  endfacet
  facet normal -1 0 0
    outer loop
      vertex -48.11 -0.782172 0.0615587
      vertex -48.11 3.86481 1.85
      vertex -48.11 0 0
    endloop
  endfacet
  facet normal -1 0 0
    outer loop
      vertex -48.11 -1.54508 0.244718
      vertex -48.11 3.86481 1.85
      vertex -48.11 -0.782172 0.0615587
    endloop
  endfacet
  facet normal -1 0 0
    outer loop
      vertex -48.11 -2.26995 0.544968
      vertex -48.11 3.86481 1.85
      vertex -48.11 -1.54508 0.244718
    endloop
  endfacet
  facet normal -1 0 0
    outer loop
      vertex -48.11 -2.93893 0.954915
      vertex -48.11 3.86481 1.85
      vertex -48.11 -2.26995 0.544968
    endloop
  endfacet
  facet normal -1 0 0
    outer loop
      vertex -48.11 -3.86481 1.85
      vertex -48.11 -2.93893 0.954915
      vertex -48.11 -3.53553 1.46447
    endloop
  endfacet
  facet normal -1 0 0
    outer loop
      vertex -48.11 -2.93893 0.954915
      vertex -48.11 -3.86481 1.85
      vertex -48.11 3.86481 1.85
    endloop
  endfacet
  facet normal 0 -0.972369 -0.23345
    outer loop
      vertex -50 4.93844 25.7822
      vertex -48.15 4.75528 26.5451
      vertex -50 4.75528 26.5451
    endloop
  endfacet
  facet normal 0 -0.972369 -0.23345
    outer loop
      vertex -48.15 4.75528 26.5451
      vertex -50 4.93844 25.7822
      vertex -48.15 4.93844 25.7822
    endloop
  endfacet
  facet normal 0 -0.996917 -0.0784585
    outer loop
      vertex -50 5 25
      vertex -48.15 4.93844 25.7822
      vertex -50 4.93844 25.7822
    endloop
  endfacet
  facet normal 0 -0.996917 -0.0784585
    outer loop
      vertex -48.15 4.93844 25.7822
      vertex -50 5 25
      vertex -48.15 5 25
    endloop
  endfacet
  facet normal 0 -0.996917 0.0784615
    outer loop
      vertex -50 4.93844 4.21783
      vertex -48.15 5 5
      vertex -50 5 5
    endloop
  endfacet
  facet normal 0 -0.996917 0.0784615
    outer loop
      vertex -48.15 5 5
      vertex -50 4.93844 4.21783
      vertex -48.15 4.93844 4.21783
    endloop
  endfacet
  facet normal 0 -0.649489 -0.760371
    outer loop
      vertex -50 2.93893 29.0451
      vertex -48.15 3.53553 28.5355
      vertex -48.15 2.93893 29.0451
    endloop
  endfacet
  facet normal -0 -0.649489 -0.760371
    outer loop
      vertex -48.15 3.53553 28.5355
      vertex -50 2.93893 29.0451
      vertex -50 3.53553 28.5355
    endloop
  endfacet
  facet normal 0 -0.760407 0.649446
    outer loop
      vertex -50 4.04508 2.06107
      vertex -48.15 3.86481 1.85
      vertex -48.15 4.04508 2.06107
    endloop
  endfacet
  facet normal 1.12747e-06 -0.760403 0.649452
    outer loop
      vertex -50 3.53553 1.46447
      vertex -48.15 3.86481 1.85
      vertex -50 4.04508 2.06107
    endloop
  endfacet
  facet normal 0 -0.7604 0.649455
    outer loop
      vertex -48.11 3.53553 1.46447
      vertex -48.15 3.86481 1.85
      vertex -50 3.53553 1.46447
    endloop
  endfacet
  facet normal 0 -0.7604 0.649455
    outer loop
      vertex -48.15 3.86481 1.85
      vertex -48.11 3.53553 1.46447
      vertex -48.11 3.86481 1.85
    endloop
  endfacet
  facet normal 0 -0.92388 0.382682
    outer loop
      vertex -50 4.45503 2.73005
      vertex -48.15 4.75528 3.45492
      vertex -50 4.75528 3.45492
    endloop
  endfacet
  facet normal 0 -0.92388 0.382682
    outer loop
      vertex -48.15 4.75528 3.45492
      vertex -50 4.45503 2.73005
      vertex -48.15 4.45503 2.73005
    endloop
  endfacet
  facet normal 0 -1 0
    outer loop
      vertex -50 5 5
      vertex -48.15 5 25
      vertex -50 5 25
    endloop
  endfacet
  facet normal 0 -1 -0
    outer loop
      vertex -48.15 5 25
      vertex -50 5 5
      vertex -48.15 5 5
    endloop
  endfacet
  facet normal 0 -0.078512 -0.996913
    outer loop
      vertex -50 0 30
      vertex -48.15 0.782172 29.9384
      vertex -48.15 0 30
    endloop
  endfacet
  facet normal -0 -0.078512 -0.996913
    outer loop
      vertex -48.15 0.782172 29.9384
      vertex -50 0 30
      vertex -50 0.782172 29.9384
    endloop
  endfacet
  facet normal 0 -0.852613 -0.522543
    outer loop
      vertex -50 4.45503 27.27
      vertex -48.15 4.04508 27.9389
      vertex -50 4.04508 27.9389
    endloop
  endfacet
  facet normal 0 -0.852613 -0.522543
    outer loop
      vertex -48.15 4.04508 27.9389
      vertex -50 4.45503 27.27
      vertex -48.15 4.45503 27.27
    endloop
  endfacet
  facet normal 0 -0.760403 -0.649452
    outer loop
      vertex -50 4.04508 27.9389
      vertex -48.15 3.53553 28.5355
      vertex -50 3.53553 28.5355
    endloop
  endfacet
  facet normal 0 -0.760403 -0.649452
    outer loop
      vertex -48.15 3.53553 28.5355
      vertex -50 4.04508 27.9389
      vertex -48.15 4.04508 27.9389
    endloop
  endfacet
  facet normal -0 0.233447 0.97237
    outer loop
      vertex -50 -0.782172 0.0615587
      vertex -48.11 -1.54508 0.244718
      vertex -48.11 -0.782172 0.0615587
    endloop
  endfacet
  facet normal 0 0.233447 0.97237
    outer loop
      vertex -48.11 -1.54508 0.244718
      vertex -50 -0.782172 0.0615587
      vertex -50 -1.54508 0.244718
    endloop
  endfacet
  facet normal -0 0.0784596 0.996917
    outer loop
      vertex -50 0 0
      vertex -48.11 -0.782172 0.0615587
      vertex -48.11 0 0
    endloop
  endfacet
  facet normal 0 0.0784596 0.996917
    outer loop
      vertex -48.11 -0.782172 0.0615587
      vertex -50 0 0
      vertex -50 -0.782172 0.0615587
    endloop
  endfacet
  facet normal -0 0.649456 0.760399
    outer loop
      vertex -50 -2.93893 0.954915
      vertex -48.11 -3.53553 1.46447
      vertex -48.11 -2.93893 0.954915
    endloop
  endfacet
  facet normal 0 0.649456 0.760399
    outer loop
      vertex -48.11 -3.53553 1.46447
      vertex -50 -2.93893 0.954915
      vertex -50 -3.53553 1.46447
    endloop
  endfacet
  facet normal 0 0.7604 0.649455
    outer loop
      vertex -48.11 -3.86481 1.85
      vertex -48.11 -3.53553 1.46447
      vertex -48.15 -3.86481 1.85
    endloop
  endfacet
  facet normal 0 0.760407 0.649446
    outer loop
      vertex -48.15 -3.86481 1.85
      vertex -50 -4.04508 2.06107
      vertex -48.15 -4.04508 2.06107
    endloop
  endfacet
  facet normal -0 0.7604 0.649455
    outer loop
      vertex -50 -3.53553 1.46447
      vertex -48.15 -3.86481 1.85
      vertex -48.11 -3.53553 1.46447
    endloop
  endfacet
  facet normal 1.12747e-06 0.760403 0.649452
    outer loop
      vertex -48.15 -3.86481 1.85
      vertex -50 -3.53553 1.46447
      vertex -50 -4.04508 2.06107
    endloop
  endfacet
  facet normal 0 0.852641 0.522497
    outer loop
      vertex -48.15 -4.04508 2.06107
      vertex -50 -4.45503 2.73005
      vertex -48.15 -4.45503 2.73005
    endloop
  endfacet
  facet normal 0 0.852641 0.522497
    outer loop
      vertex -50 -4.45503 2.73005
      vertex -48.15 -4.04508 2.06107
      vertex -50 -4.04508 2.06107
    endloop
  endfacet
  facet normal 0 -0.852641 0.522497
    outer loop
      vertex -50 4.04508 2.06107
      vertex -48.15 4.45503 2.73005
      vertex -50 4.45503 2.73005
    endloop
  endfacet
  facet normal 0 -0.852641 0.522497
    outer loop
      vertex -48.15 4.45503 2.73005
      vertex -50 4.04508 2.06107
      vertex -48.15 4.04508 2.06107
    endloop
  endfacet
  facet normal 0 -0.972369 0.233447
    outer loop
      vertex -50 4.75528 3.45492
      vertex -48.15 4.93844 4.21783
      vertex -50 4.93844 4.21783
    endloop
  endfacet
  facet normal 0 -0.972369 0.233447
    outer loop
      vertex -48.15 4.93844 4.21783
      vertex -50 4.75528 3.45492
      vertex -48.15 4.75528 3.45492
    endloop
  endfacet
  facet normal 0 -0.233447 0.97237
    outer loop
      vertex -50 1.54508 0.244718
      vertex -48.11 0.782172 0.0615587
      vertex -48.11 1.54508 0.244718
    endloop
  endfacet
  facet normal 0 -0.233447 0.97237
    outer loop
      vertex -48.11 0.782172 0.0615587
      vertex -50 1.54508 0.244718
      vertex -50 0.782172 0.0615587
    endloop
  endfacet
  facet normal 0 -0.382682 0.92388
    outer loop
      vertex -50 2.26995 0.544968
      vertex -48.11 1.54508 0.244718
      vertex -48.11 2.26995 0.544968
    endloop
  endfacet
  facet normal 0 -0.382682 0.92388
    outer loop
      vertex -48.11 1.54508 0.244718
      vertex -50 2.26995 0.544968
      vertex -50 1.54508 0.244718
    endloop
  endfacet
  facet normal 0 -0.649456 0.760399
    outer loop
      vertex -50 3.53553 1.46447
      vertex -48.11 2.93893 0.954915
      vertex -48.11 3.53553 1.46447
    endloop
  endfacet
  facet normal 0 -0.649456 0.760399
    outer loop
      vertex -48.11 2.93893 0.954915
      vertex -50 3.53553 1.46447
      vertex -50 2.93893 0.954915
    endloop
  endfacet
  facet normal 0 0.760403 -0.649452
    outer loop
      vertex -48.15 -4.04508 27.9389
      vertex -50 -3.53553 28.5355
      vertex -48.15 -3.53553 28.5355
    endloop
  endfacet
  facet normal 0 0.760403 -0.649452
    outer loop
      vertex -50 -3.53553 28.5355
      vertex -48.15 -4.04508 27.9389
      vertex -50 -4.04508 27.9389
    endloop
  endfacet
  facet normal 0 0.649489 -0.760371
    outer loop
      vertex -50 -3.53553 28.5355
      vertex -48.15 -2.93893 29.0451
      vertex -48.15 -3.53553 28.5355
    endloop
  endfacet
  facet normal 0 0.649489 -0.760371
    outer loop
      vertex -48.15 -2.93893 29.0451
      vertex -50 -3.53553 28.5355
      vertex -50 -2.93893 29.0451
    endloop
  endfacet
  facet normal 0 -0.233375 -0.972387
    outer loop
      vertex -50 0.782172 29.9384
      vertex -48.15 1.54508 29.7553
      vertex -48.15 0.782172 29.9384
    endloop
  endfacet
  facet normal -0 -0.233375 -0.972387
    outer loop
      vertex -48.15 1.54508 29.7553
      vertex -50 0.782172 29.9384
      vertex -50 1.54508 29.7553
    endloop
  endfacet
  facet normal 0 0.233375 -0.972387
    outer loop
      vertex -50 -1.54508 29.7553
      vertex -48.15 -0.782172 29.9384
      vertex -48.15 -1.54508 29.7553
    endloop
  endfacet
  facet normal 0 0.233375 -0.972387
    outer loop
      vertex -48.15 -0.782172 29.9384
      vertex -50 -1.54508 29.7553
      vertex -50 -0.782172 29.9384
    endloop
  endfacet
  facet normal -0 0.382682 0.92388
    outer loop
      vertex -50 -1.54508 0.244718
      vertex -48.11 -2.26995 0.544968
      vertex -48.11 -1.54508 0.244718
    endloop
  endfacet
  facet normal 0 0.382682 0.92388
    outer loop
      vertex -48.11 -2.26995 0.544968
      vertex -50 -1.54508 0.244718
      vertex -50 -2.26995 0.544968
    endloop
  endfacet
  facet normal -0 0.522494 0.852643
    outer loop
      vertex -50 -2.26995 0.544968
      vertex -48.11 -2.93893 0.954915
      vertex -48.11 -2.26995 0.544968
    endloop
  endfacet
  facet normal 0 0.522494 0.852643
    outer loop
      vertex -48.11 -2.93893 0.954915
      vertex -50 -2.26995 0.544968
      vertex -50 -2.93893 0.954915
    endloop
  endfacet
  facet normal 0 -0.522494 0.852643
    outer loop
      vertex -50 2.93893 0.954915
      vertex -48.11 2.26995 0.544968
      vertex -48.11 2.93893 0.954915
    endloop
  endfacet
  facet normal 0 -0.522494 0.852643
    outer loop
      vertex -48.11 2.26995 0.544968
      vertex -50 2.93893 0.954915
      vertex -50 2.26995 0.544968
    endloop
  endfacet
  facet normal 0 0.852613 -0.522543
    outer loop
      vertex -48.15 -4.45503 27.27
      vertex -50 -4.04508 27.9389
      vertex -48.15 -4.04508 27.9389
    endloop
  endfacet
  facet normal 0 0.852613 -0.522543
    outer loop
      vertex -50 -4.04508 27.9389
      vertex -48.15 -4.45503 27.27
      vertex -50 -4.45503 27.27
    endloop
  endfacet
  facet normal 0 0.522451 -0.852669
    outer loop
      vertex -50 -2.93893 29.0451
      vertex -48.15 -2.26995 29.455
      vertex -48.15 -2.93893 29.0451
    endloop
  endfacet
  facet normal 0 0.522451 -0.852669
    outer loop
      vertex -48.15 -2.26995 29.455
      vertex -50 -2.93893 29.0451
      vertex -50 -2.26995 29.455
    endloop
  endfacet
  facet normal 0 0.382737 -0.923857
    outer loop
      vertex -50 -2.26995 29.455
      vertex -48.15 -1.54508 29.7553
      vertex -48.15 -2.26995 29.455
    endloop
  endfacet
  facet normal 0 0.382737 -0.923857
    outer loop
      vertex -48.15 -1.54508 29.7553
      vertex -50 -2.26995 29.455
      vertex -50 -1.54508 29.7553
    endloop
  endfacet
  facet normal 0 -0.522451 -0.852669
    outer loop
      vertex -50 2.26995 29.455
      vertex -48.15 2.93893 29.0451
      vertex -48.15 2.26995 29.455
    endloop
  endfacet
  facet normal -0 -0.522451 -0.852669
    outer loop
      vertex -48.15 2.93893 29.0451
      vertex -50 2.26995 29.455
      vertex -50 2.93893 29.0451
    endloop
  endfacet
  facet normal 0 0.078512 -0.996913
    outer loop
      vertex -50 -0.782172 29.9384
      vertex -48.15 0 30
      vertex -48.15 -0.782172 29.9384
    endloop
  endfacet
  facet normal 0 0.078512 -0.996913
    outer loop
      vertex -48.15 0 30
      vertex -50 -0.782172 29.9384
      vertex -50 0 30
    endloop
  endfacet
  facet normal 0 -0.382737 -0.923857
    outer loop
      vertex -50 1.54508 29.7553
      vertex -48.15 2.26995 29.455
      vertex -48.15 1.54508 29.7553
    endloop
  endfacet
  facet normal -0 -0.382737 -0.923857
    outer loop
      vertex -48.15 2.26995 29.455
      vertex -50 1.54508 29.7553
      vertex -50 2.26995 29.455
    endloop
  endfacet
endsolid OpenSCAD_Model
