solid OpenSCAD_Model
  facet normal -0 0 1
    outer loop
      vertex 47.7536 30.053 50
      vertex 50 29.4 50
      vertex 49.9003 30.6671 50
    endloop
  endfacet
  facet normal 0 0 1
    outer loop
      vertex 50 29.4 50
      vertex 48.15 27.55 50
      vertex 50 -29.4 50
    endloop
  endfacet
  facet normal 0 0 1
    outer loop
      vertex 47.7536 30.053 50
      vertex 49.9003 30.6671 50
      vertex 49.6036 31.903 50
    endloop
  endfacet
  facet normal -0 0 1
    outer loop
      vertex 48.15 -27.55 50
      vertex 50 -29.4 50
      vertex 48.15 27.55 50
    endloop
  endfacet
  facet normal 0 0 1
    outer loop
      vertex 47.2672 31.2273 50
      vertex 49.6036 31.903 50
      vertex 49.1172 33.0773 50
    endloop
  endfacet
  facet normal -0 0 1
    outer loop
      vertex 48.0503 -28.8171 50
      vertex 50 -29.4 50
      vertex 48.15 -27.55 50
    endloop
  endfacet
  facet normal 0 0 1
    outer loop
      vertex 46.603 32.3111 50
      vertex 49.1172 33.0773 50
      vertex 48.453 34.1611 50
    endloop
  endfacet
  facet normal 0 0 1
    outer loop
      vertex 47.7536 -30.053 50
      vertex 50 -29.4 50
      vertex 48.0503 -28.8171 50
    endloop
  endfacet
  facet normal 0 0 1
    outer loop
      vertex 50 -29.4 50
      vertex 47.7536 -30.053 50
      vertex 49.9003 -30.6671 50
    endloop
  endfacet
  facet normal 0 0 1
    outer loop
      vertex 50 29.4 50
      vertex 48.0503 28.8171 50
      vertex 48.15 27.55 50
    endloop
  endfacet
  facet normal 0 0 1
    outer loop
      vertex 50 29.4 50
      vertex 47.7536 30.053 50
      vertex 48.0503 28.8171 50
    endloop
  endfacet
  facet normal 0 0 1
    outer loop
      vertex 45.7776 33.2776 50
      vertex 48.453 34.1611 50
      vertex 47.6276 35.1276 50
    endloop
  endfacet
  facet normal 0 0 1
    outer loop
      vertex 49.6036 31.903 50
      vertex 47.2672 31.2273 50
      vertex 47.7536 30.053 50
    endloop
  endfacet
  facet normal 0 0 1
    outer loop
      vertex 45.7776 33.2776 50
      vertex 47.6276 35.1276 50
      vertex 46.6611 35.953 50
    endloop
  endfacet
  facet normal 0 0 1
    outer loop
      vertex 49.1172 33.0773 50
      vertex 46.603 32.3111 50
      vertex 47.2672 31.2273 50
    endloop
  endfacet
  facet normal 0 0 1
    outer loop
      vertex 48.453 34.1611 50
      vertex 45.7776 33.2776 50
      vertex 46.603 32.3111 50
    endloop
  endfacet
  facet normal 0 0 1
    outer loop
      vertex 44.8111 34.103 50
      vertex 46.6611 35.953 50
      vertex 45.5773 36.6172 50
    endloop
  endfacet
  facet normal 0 0 1
    outer loop
      vertex 46.6611 35.953 50
      vertex 44.8111 34.103 50
      vertex 45.7776 33.2776 50
    endloop
  endfacet
  facet normal 0 0 1
    outer loop
      vertex 43.7273 34.7672 50
      vertex 45.5773 36.6172 50
      vertex 44.403 37.1036 50
    endloop
  endfacet
  facet normal 0 0 1
    outer loop
      vertex 45.5773 36.6172 50
      vertex 43.7273 34.7672 50
      vertex 44.8111 34.103 50
    endloop
  endfacet
  facet normal 0 0 1
    outer loop
      vertex 42.553 35.2536 50
      vertex 44.403 37.1036 50
      vertex 43.1671 37.4003 50
    endloop
  endfacet
  facet normal 0 0 1
    outer loop
      vertex 44.403 37.1036 50
      vertex 42.553 35.2536 50
      vertex 43.7273 34.7672 50
    endloop
  endfacet
  facet normal 0 0 1
    outer loop
      vertex 41.9 37.5 50
      vertex 42.553 35.2536 50
      vertex 43.1671 37.4003 50
    endloop
  endfacet
  facet normal 0 0 1
    outer loop
      vertex 41.9 37.5 50
      vertex 41.3171 35.5503 50
      vertex 42.553 35.2536 50
    endloop
  endfacet
  facet normal 0 0 1
    outer loop
      vertex 41.9 37.5 50
      vertex 40.05 35.65 50
      vertex 41.3171 35.5503 50
    endloop
  endfacet
  facet normal 0 0 1
    outer loop
      vertex 41.9 37.5 50
      vertex -40.05 35.65 50
      vertex 40.05 35.65 50
    endloop
  endfacet
  facet normal -0 0 1
    outer loop
      vertex -41.9 37.5 50
      vertex -40.05 35.65 50
      vertex 41.9 37.5 50
    endloop
  endfacet
  facet normal 0 0 1
    outer loop
      vertex -41.9 37.5 50
      vertex -41.3171 35.5503 50
      vertex -40.05 35.65 50
    endloop
  endfacet
  facet normal 0 0 1
    outer loop
      vertex -41.9 37.5 50
      vertex -42.553 35.2536 50
      vertex -41.3171 35.5503 50
    endloop
  endfacet
  facet normal -0 0 1
    outer loop
      vertex -43.1671 37.4003 50
      vertex -42.553 35.2536 50
      vertex -41.9 37.5 50
    endloop
  endfacet
  facet normal -0 0 1
    outer loop
      vertex -44.403 37.1036 50
      vertex -42.553 35.2536 50
      vertex -43.1671 37.4003 50
    endloop
  endfacet
  facet normal 0 0 1
    outer loop
      vertex -42.553 35.2536 50
      vertex -44.403 37.1036 50
      vertex -43.7273 34.7672 50
    endloop
  endfacet
  facet normal -0 0 1
    outer loop
      vertex -45.5773 36.6172 50
      vertex -43.7273 34.7672 50
      vertex -44.403 37.1036 50
    endloop
  endfacet
  facet normal 0 0 1
    outer loop
      vertex -43.7273 34.7672 50
      vertex -45.5773 36.6172 50
      vertex -44.8111 34.103 50
    endloop
  endfacet
  facet normal -0 0 1
    outer loop
      vertex -46.6611 35.953 50
      vertex -44.8111 34.103 50
      vertex -45.5773 36.6172 50
    endloop
  endfacet
  facet normal 0 0 1
    outer loop
      vertex -44.8111 34.103 50
      vertex -46.6611 35.953 50
      vertex -45.7776 33.2776 50
    endloop
  endfacet
  facet normal -0 0 1
    outer loop
      vertex -47.6276 35.1276 50
      vertex -45.7776 33.2776 50
      vertex -46.6611 35.953 50
    endloop
  endfacet
  facet normal -0 0 1
    outer loop
      vertex -48.453 34.1611 50
      vertex -45.7776 33.2776 50
      vertex -47.6276 35.1276 50
    endloop
  endfacet
  facet normal 0 0 1
    outer loop
      vertex -45.7776 33.2776 50
      vertex -48.453 34.1611 50
      vertex -46.603 32.3111 50
    endloop
  endfacet
  facet normal -0 0 1
    outer loop
      vertex -49.1172 33.0773 50
      vertex -46.603 32.3111 50
      vertex -48.453 34.1611 50
    endloop
  endfacet
  facet normal 0 0 1
    outer loop
      vertex -46.603 32.3111 50
      vertex -49.1172 33.0773 50
      vertex -47.2672 31.2273 50
    endloop
  endfacet
  facet normal -0 0 1
    outer loop
      vertex -49.6036 31.903 50
      vertex -47.2672 31.2273 50
      vertex -49.1172 33.0773 50
    endloop
  endfacet
  facet normal -0 0 1
    outer loop
      vertex -49.9003 30.6671 50
      vertex -47.7536 30.053 50
      vertex -49.6036 31.903 50
    endloop
  endfacet
  facet normal 0 0 1
    outer loop
      vertex -47.2672 31.2273 50
      vertex -49.6036 31.903 50
      vertex -47.7536 30.053 50
    endloop
  endfacet
  facet normal 0 0 1
    outer loop
      vertex 49.9003 -30.6671 50
      vertex 47.7536 -30.053 50
      vertex 49.6036 -31.903 50
    endloop
  endfacet
  facet normal -0 0 1
    outer loop
      vertex 47.2672 -31.2273 50
      vertex 49.6036 -31.903 50
      vertex 47.7536 -30.053 50
    endloop
  endfacet
  facet normal 0 0 1
    outer loop
      vertex 49.6036 -31.903 50
      vertex 47.2672 -31.2273 50
      vertex 49.1172 -33.0773 50
    endloop
  endfacet
  facet normal -0 0 1
    outer loop
      vertex 46.603 -32.3111 50
      vertex 49.1172 -33.0773 50
      vertex 47.2672 -31.2273 50
    endloop
  endfacet
  facet normal 0 0 1
    outer loop
      vertex 49.1172 -33.0773 50
      vertex 46.603 -32.3111 50
      vertex 48.453 -34.1611 50
    endloop
  endfacet
  facet normal -0 0 1
    outer loop
      vertex 45.7776 -33.2776 50
      vertex 48.453 -34.1611 50
      vertex 46.603 -32.3111 50
    endloop
  endfacet
  facet normal 0 0 1
    outer loop
      vertex 48.453 -34.1611 50
      vertex 45.7776 -33.2776 50
      vertex 47.6276 -35.1276 50
    endloop
  endfacet
  facet normal 0 0 1
    outer loop
      vertex 47.6276 -35.1276 50
      vertex 45.7776 -33.2776 50
      vertex 46.6611 -35.953 50
    endloop
  endfacet
  facet normal -0 0 1
    outer loop
      vertex 44.8111 -34.103 50
      vertex 46.6611 -35.953 50
      vertex 45.7776 -33.2776 50
    endloop
  endfacet
  facet normal 0 0 1
    outer loop
      vertex 46.6611 -35.953 50
      vertex 44.8111 -34.103 50
      vertex 45.5773 -36.6172 50
    endloop
  endfacet
  facet normal -0 0 1
    outer loop
      vertex 43.7273 -34.7672 50
      vertex 45.5773 -36.6172 50
      vertex 44.8111 -34.103 50
    endloop
  endfacet
  facet normal 0 0 1
    outer loop
      vertex 45.5773 -36.6172 50
      vertex 43.7273 -34.7672 50
      vertex 44.403 -37.1036 50
    endloop
  endfacet
  facet normal -0 0 1
    outer loop
      vertex 42.553 -35.2536 50
      vertex 44.403 -37.1036 50
      vertex 43.7273 -34.7672 50
    endloop
  endfacet
  facet normal 0 0 1
    outer loop
      vertex 44.403 -37.1036 50
      vertex 42.553 -35.2536 50
      vertex 43.1671 -37.4003 50
    endloop
  endfacet
  facet normal 0 0 1
    outer loop
      vertex 42.553 -35.2536 50
      vertex 41.9 -37.5 50
      vertex 43.1671 -37.4003 50
    endloop
  endfacet
  facet normal -0 0 1
    outer loop
      vertex 41.3171 -35.5503 50
      vertex 41.9 -37.5 50
      vertex 42.553 -35.2536 50
    endloop
  endfacet
  facet normal -0 0 1
    outer loop
      vertex 40.05 -35.65 50
      vertex 41.9 -37.5 50
      vertex 41.3171 -35.5503 50
    endloop
  endfacet
  facet normal -0 0 1
    outer loop
      vertex -40.05 -35.65 50
      vertex 41.9 -37.5 50
      vertex 40.05 -35.65 50
    endloop
  endfacet
  facet normal 0 0 1
    outer loop
      vertex -40.05 -35.65 50
      vertex -41.9 -37.5 50
      vertex 41.9 -37.5 50
    endloop
  endfacet
  facet normal 0 0 1
    outer loop
      vertex -41.3171 -35.5503 50
      vertex -41.9 -37.5 50
      vertex -40.05 -35.65 50
    endloop
  endfacet
  facet normal 0 0 1
    outer loop
      vertex -42.553 -35.2536 50
      vertex -41.9 -37.5 50
      vertex -41.3171 -35.5503 50
    endloop
  endfacet
  facet normal 0 0 1
    outer loop
      vertex -42.553 -35.2536 50
      vertex -43.1671 -37.4003 50
      vertex -41.9 -37.5 50
    endloop
  endfacet
  facet normal 0 0 1
    outer loop
      vertex -44.403 -37.1036 50
      vertex -42.553 -35.2536 50
      vertex -43.7273 -34.7672 50
    endloop
  endfacet
  facet normal 0 0 1
    outer loop
      vertex -42.553 -35.2536 50
      vertex -44.403 -37.1036 50
      vertex -43.1671 -37.4003 50
    endloop
  endfacet
  facet normal 0 0 1
    outer loop
      vertex -45.5773 -36.6172 50
      vertex -43.7273 -34.7672 50
      vertex -44.8111 -34.103 50
    endloop
  endfacet
  facet normal 0 0 1
    outer loop
      vertex -43.7273 -34.7672 50
      vertex -45.5773 -36.6172 50
      vertex -44.403 -37.1036 50
    endloop
  endfacet
  facet normal 0 0 1
    outer loop
      vertex -46.6611 -35.953 50
      vertex -44.8111 -34.103 50
      vertex -45.7776 -33.2776 50
    endloop
  endfacet
  facet normal 0 0 1
    outer loop
      vertex -48.453 -34.1611 50
      vertex -45.7776 -33.2776 50
      vertex -46.603 -32.3111 50
    endloop
  endfacet
  facet normal 0 0 1
    outer loop
      vertex -44.8111 -34.103 50
      vertex -46.6611 -35.953 50
      vertex -45.5773 -36.6172 50
    endloop
  endfacet
  facet normal 0 0 1
    outer loop
      vertex -49.1172 -33.0773 50
      vertex -46.603 -32.3111 50
      vertex -47.2672 -31.2273 50
    endloop
  endfacet
  facet normal 0 0 1
    outer loop
      vertex -45.7776 -33.2776 50
      vertex -47.6276 -35.1276 50
      vertex -46.6611 -35.953 50
    endloop
  endfacet
  facet normal 0 0 1
    outer loop
      vertex -49.6036 -31.903 50
      vertex -47.2672 -31.2273 50
      vertex -47.7536 -30.053 50
    endloop
  endfacet
  facet normal -0 0 1
    outer loop
      vertex -50 -29.4 50
      vertex -47.7536 -30.053 50
      vertex -48.0503 -28.8171 50
    endloop
  endfacet
  facet normal 0 0 1
    outer loop
      vertex -50 -29.4 50
      vertex -48.0503 -28.8171 50
      vertex -48.15 -27.55 50
    endloop
  endfacet
  facet normal 0 0 1
    outer loop
      vertex -45.7776 -33.2776 50
      vertex -48.453 -34.1611 50
      vertex -47.6276 -35.1276 50
    endloop
  endfacet
  facet normal 0 0 1
    outer loop
      vertex -48.15 27.55 50
      vertex -50 29.4 50
      vertex -48.15 -27.55 50
    endloop
  endfacet
  facet normal 0 0 1
    outer loop
      vertex -50 29.4 50
      vertex -47.7536 30.053 50
      vertex -49.9003 30.6671 50
    endloop
  endfacet
  facet normal 0 0 1
    outer loop
      vertex -50 -29.4 50
      vertex -48.15 -27.55 50
      vertex -50 29.4 50
    endloop
  endfacet
  facet normal 0 0 1
    outer loop
      vertex -47.7536 30.053 50
      vertex -50 29.4 50
      vertex -48.0503 28.8171 50
    endloop
  endfacet
  facet normal 0 0 1
    outer loop
      vertex -47.7536 -30.053 50
      vertex -50 -29.4 50
      vertex -49.9003 -30.6671 50
    endloop
  endfacet
  facet normal 0 0 1
    outer loop
      vertex -48.0503 28.8171 50
      vertex -50 29.4 50
      vertex -48.15 27.55 50
    endloop
  endfacet
  facet normal 0 0 1
    outer loop
      vertex -46.603 -32.3111 50
      vertex -49.1172 -33.0773 50
      vertex -48.453 -34.1611 50
    endloop
  endfacet
  facet normal 0 0 1
    outer loop
      vertex -47.2672 -31.2273 50
      vertex -49.6036 -31.903 50
      vertex -49.1172 -33.0773 50
    endloop
  endfacet
  facet normal 0 0 1
    outer loop
      vertex -47.7536 -30.053 50
      vertex -49.9003 -30.6671 50
      vertex -49.6036 -31.903 50
    endloop
  endfacet
  facet normal 0 -1 0
    outer loop
      vertex -41.9 -37.5 50
      vertex 0 -37.5 30
      vertex 41.9 -37.5 50
    endloop
  endfacet
  facet normal 0 -1 0
    outer loop
      vertex -41.9 -37.5 50
      vertex -0.782172 -37.5 29.9384
      vertex 0 -37.5 30
    endloop
  endfacet
  facet normal 0 -1 0
    outer loop
      vertex -41.9 -37.5 50
      vertex -1.54508 -37.5 29.7553
      vertex -0.782172 -37.5 29.9384
    endloop
  endfacet
  facet normal 0 -1 0
    outer loop
      vertex -41.9 -37.5 50
      vertex -2.26995 -37.5 29.455
      vertex -1.54508 -37.5 29.7553
    endloop
  endfacet
  facet normal 0 -1 0
    outer loop
      vertex -41.9 -37.5 50
      vertex -2.93893 -37.5 29.0451
      vertex -2.26995 -37.5 29.455
    endloop
  endfacet
  facet normal 0 -1 0
    outer loop
      vertex -41.9 -37.5 50
      vertex -3.53553 -37.5 28.5355
      vertex -2.93893 -37.5 29.0451
    endloop
  endfacet
  facet normal 0 -1 0
    outer loop
      vertex -41.9 -37.5 50
      vertex -4.04508 -37.5 27.9389
      vertex -3.53553 -37.5 28.5355
    endloop
  endfacet
  facet normal 0 -1 0
    outer loop
      vertex -41.9 -37.5 50
      vertex -4.45503 -37.5 27.27
      vertex -4.04508 -37.5 27.9389
    endloop
  endfacet
  facet normal 0 -1 0
    outer loop
      vertex -41.9 -37.5 50
      vertex -4.75528 -37.5 26.5451
      vertex -4.45503 -37.5 27.27
    endloop
  endfacet
  facet normal 0 -1 0
    outer loop
      vertex -41.9 -37.5 50
      vertex -4.93844 -37.5 25.7822
      vertex -4.75528 -37.5 26.5451
    endloop
  endfacet
  facet normal 0 -1 0
    outer loop
      vertex -41.9 -37.5 50
      vertex -5 -37.5 25
      vertex -4.93844 -37.5 25.7822
    endloop
  endfacet
  facet normal 0 -1 0
    outer loop
      vertex -41.9 -37.5 0
      vertex -5 -37.5 25
      vertex -41.9 -37.5 50
    endloop
  endfacet
  facet normal 0 -1 -0
    outer loop
      vertex -5 -37.5 25
      vertex -41.9 -37.5 0
      vertex -5 -37.5 5
    endloop
  endfacet
  facet normal 0 -1 -0
    outer loop
      vertex -5 -37.5 5
      vertex -41.9 -37.5 0
      vertex -4.93844 -37.5 4.21783
    endloop
  endfacet
  facet normal 0 -1 -0
    outer loop
      vertex -4.93844 -37.5 4.21783
      vertex -41.9 -37.5 0
      vertex -4.75528 -37.5 3.45492
    endloop
  endfacet
  facet normal 0 -1 -0
    outer loop
      vertex -4.75528 -37.5 3.45492
      vertex -41.9 -37.5 0
      vertex -4.45503 -37.5 2.73005
    endloop
  endfacet
  facet normal 0 -1 -0
    outer loop
      vertex -4.45503 -37.5 2.73005
      vertex -41.9 -37.5 0
      vertex -4.04508 -37.5 2.06107
    endloop
  endfacet
  facet normal 0 -1 0
    outer loop
      vertex -41.9 -37.5 0
      vertex -3.53553 -37.5 1.46447
      vertex -4.04508 -37.5 2.06107
    endloop
  endfacet
  facet normal 0 -1 0
    outer loop
      vertex -41.9 -37.5 0
      vertex -2.93893 -37.5 0.954915
      vertex -3.53553 -37.5 1.46447
    endloop
  endfacet
  facet normal 0 -1 0
    outer loop
      vertex -41.9 -37.5 0
      vertex -2.26995 -37.5 0.544968
      vertex -2.93893 -37.5 0.954915
    endloop
  endfacet
  facet normal 0 -1 0
    outer loop
      vertex -41.9 -37.5 0
      vertex -1.54508 -37.5 0.244718
      vertex -2.26995 -37.5 0.544968
    endloop
  endfacet
  facet normal 0 -1 0
    outer loop
      vertex -41.9 -37.5 0
      vertex -0.782172 -37.5 0.0615587
      vertex -1.54508 -37.5 0.244718
    endloop
  endfacet
  facet normal 0 -1 -0
    outer loop
      vertex -0.782172 -37.5 0.0615587
      vertex -41.9 -37.5 0
      vertex 0 -37.5 0
    endloop
  endfacet
  facet normal 0 -1 0
    outer loop
      vertex 0.782172 -37.5 29.9384
      vertex 41.9 -37.5 50
      vertex 0 -37.5 30
    endloop
  endfacet
  facet normal 0 -1 0
    outer loop
      vertex 1.54508 -37.5 29.7553
      vertex 41.9 -37.5 50
      vertex 0.782172 -37.5 29.9384
    endloop
  endfacet
  facet normal 0 -1 0
    outer loop
      vertex 2.26995 -37.5 29.455
      vertex 41.9 -37.5 50
      vertex 1.54508 -37.5 29.7553
    endloop
  endfacet
  facet normal 0 -1 0
    outer loop
      vertex 2.93893 -37.5 29.0451
      vertex 41.9 -37.5 50
      vertex 2.26995 -37.5 29.455
    endloop
  endfacet
  facet normal 0 -1 0
    outer loop
      vertex 3.53553 -37.5 28.5355
      vertex 41.9 -37.5 50
      vertex 2.93893 -37.5 29.0451
    endloop
  endfacet
  facet normal 0 -1 0
    outer loop
      vertex 4.04508 -37.5 27.9389
      vertex 41.9 -37.5 50
      vertex 3.53553 -37.5 28.5355
    endloop
  endfacet
  facet normal 0 -1 0
    outer loop
      vertex 4.45503 -37.5 27.27
      vertex 41.9 -37.5 50
      vertex 4.04508 -37.5 27.9389
    endloop
  endfacet
  facet normal 0 -1 0
    outer loop
      vertex 4.75528 -37.5 26.5451
      vertex 41.9 -37.5 50
      vertex 4.45503 -37.5 27.27
    endloop
  endfacet
  facet normal 0 -1 0
    outer loop
      vertex 4.93844 -37.5 25.7822
      vertex 41.9 -37.5 50
      vertex 4.75528 -37.5 26.5451
    endloop
  endfacet
  facet normal 0 -1 0
    outer loop
      vertex 5 -37.5 25
      vertex 41.9 -37.5 50
      vertex 4.93844 -37.5 25.7822
    endloop
  endfacet
  facet normal 0 -1 0
    outer loop
      vertex 41.9 -37.5 0
      vertex 5 -37.5 25
      vertex 5 -37.5 5
    endloop
  endfacet
  facet normal 0 -1 0
    outer loop
      vertex 41.9 -37.5 0
      vertex 5 -37.5 5
      vertex 4.93844 -37.5 4.21783
    endloop
  endfacet
  facet normal 0 -1 0
    outer loop
      vertex 41.9 -37.5 0
      vertex 4.93844 -37.5 4.21783
      vertex 4.75528 -37.5 3.45492
    endloop
  endfacet
  facet normal 0 -1 0
    outer loop
      vertex 41.9 -37.5 0
      vertex 4.75528 -37.5 3.45492
      vertex 4.45503 -37.5 2.73005
    endloop
  endfacet
  facet normal 0 -1 0
    outer loop
      vertex 41.9 -37.5 0
      vertex 4.45503 -37.5 2.73005
      vertex 4.04508 -37.5 2.06107
    endloop
  endfacet
  facet normal 0 -1 0
    outer loop
      vertex 5 -37.5 25
      vertex 41.9 -37.5 0
      vertex 41.9 -37.5 50
    endloop
  endfacet
  facet normal 0 -1 0
    outer loop
      vertex 3.53553 -37.5 1.46447
      vertex 41.9 -37.5 0
      vertex 4.04508 -37.5 2.06107
    endloop
  endfacet
  facet normal 0 -1 0
    outer loop
      vertex 2.93893 -37.5 0.954915
      vertex 41.9 -37.5 0
      vertex 3.53553 -37.5 1.46447
    endloop
  endfacet
  facet normal 0 -1 0
    outer loop
      vertex 2.26995 -37.5 0.544968
      vertex 41.9 -37.5 0
      vertex 2.93893 -37.5 0.954915
    endloop
  endfacet
  facet normal 0 -1 0
    outer loop
      vertex 1.54508 -37.5 0.244718
      vertex 41.9 -37.5 0
      vertex 2.26995 -37.5 0.544968
    endloop
  endfacet
  facet normal 0 -1 0
    outer loop
      vertex 0.782172 -37.5 0.0615587
      vertex 41.9 -37.5 0
      vertex 1.54508 -37.5 0.244718
    endloop
  endfacet
  facet normal 0 -1 0
    outer loop
      vertex 41.9 -37.5 0
      vertex 0.782172 -37.5 0.0615587
      vertex 0 -37.5 0
    endloop
  endfacet
  facet normal 1 0 0
    outer loop
      vertex 50 29.4 50
      vertex 50 5 25
      vertex 50 29.4 0
    endloop
  endfacet
  facet normal 1 0 0
    outer loop
      vertex 50 29.4 50
      vertex 50 4.93844 25.7822
      vertex 50 5 25
    endloop
  endfacet
  facet normal 1 0 0
    outer loop
      vertex 50 29.4 50
      vertex 50 4.75528 26.5451
      vertex 50 4.93844 25.7822
    endloop
  endfacet
  facet normal 1 0 0
    outer loop
      vertex 50 29.4 50
      vertex 50 4.45503 27.27
      vertex 50 4.75528 26.5451
    endloop
  endfacet
  facet normal 1 0 0
    outer loop
      vertex 50 29.4 50
      vertex 50 4.04508 27.9389
      vertex 50 4.45503 27.27
    endloop
  endfacet
  facet normal 1 0 0
    outer loop
      vertex 50 29.4 50
      vertex 50 3.53553 28.5355
      vertex 50 4.04508 27.9389
    endloop
  endfacet
  facet normal 1 0 0
    outer loop
      vertex 50 29.4 50
      vertex 50 2.93893 29.0451
      vertex 50 3.53553 28.5355
    endloop
  endfacet
  facet normal 1 0 0
    outer loop
      vertex 50 29.4 50
      vertex 50 2.26995 29.455
      vertex 50 2.93893 29.0451
    endloop
  endfacet
  facet normal 1 0 0
    outer loop
      vertex 50 29.4 50
      vertex 50 1.54508 29.7553
      vertex 50 2.26995 29.455
    endloop
  endfacet
  facet normal 1 0 0
    outer loop
      vertex 50 29.4 50
      vertex 50 0.782172 29.9384
      vertex 50 1.54508 29.7553
    endloop
  endfacet
  facet normal 1 0 0
    outer loop
      vertex 50 29.4 50
      vertex 50 0 30
      vertex 50 0.782172 29.9384
    endloop
  endfacet
  facet normal 1 -0 0
    outer loop
      vertex 50 -29.4 50
      vertex 50 0 30
      vertex 50 29.4 50
    endloop
  endfacet
  facet normal 1 0 0
    outer loop
      vertex 50 0 30
      vertex 50 -29.4 50
      vertex 50 -0.782172 29.9384
    endloop
  endfacet
  facet normal 1 0 0
    outer loop
      vertex 50 -0.782172 29.9384
      vertex 50 -29.4 50
      vertex 50 -1.54508 29.7553
    endloop
  endfacet
  facet normal 1 0 0
    outer loop
      vertex 50 -1.54508 29.7553
      vertex 50 -29.4 50
      vertex 50 -2.26995 29.455
    endloop
  endfacet
  facet normal 1 0 0
    outer loop
      vertex 50 -29.4 0
      vertex 50 -5 25
      vertex 50 -29.4 50
    endloop
  endfacet
  facet normal 1 0 0
    outer loop
      vertex 50 -4.93844 25.7822
      vertex 50 -29.4 50
      vertex 50 -5 25
    endloop
  endfacet
  facet normal 1 0 0
    outer loop
      vertex 50 -4.75528 26.5451
      vertex 50 -29.4 50
      vertex 50 -4.93844 25.7822
    endloop
  endfacet
  facet normal 1 0 0
    outer loop
      vertex 50 -4.45503 27.27
      vertex 50 -29.4 50
      vertex 50 -4.75528 26.5451
    endloop
  endfacet
  facet normal 1 0 0
    outer loop
      vertex 50 -4.04508 27.9389
      vertex 50 -29.4 50
      vertex 50 -4.45503 27.27
    endloop
  endfacet
  facet normal 1 0 0
    outer loop
      vertex 50 -3.53553 28.5355
      vertex 50 -29.4 50
      vertex 50 -4.04508 27.9389
    endloop
  endfacet
  facet normal 1 0 0
    outer loop
      vertex 50 -2.93893 29.0451
      vertex 50 -29.4 50
      vertex 50 -3.53553 28.5355
    endloop
  endfacet
  facet normal 1 0 0
    outer loop
      vertex 50 -2.26995 29.455
      vertex 50 -29.4 50
      vertex 50 -2.93893 29.0451
    endloop
  endfacet
  facet normal 1 -0 0
    outer loop
      vertex 50 5 5
      vertex 50 29.4 0
      vertex 50 5 25
    endloop
  endfacet
  facet normal 1 -0 0
    outer loop
      vertex 50 4.93844 4.21783
      vertex 50 29.4 0
      vertex 50 5 5
    endloop
  endfacet
  facet normal 1 -0 0
    outer loop
      vertex 50 4.75528 3.45492
      vertex 50 29.4 0
      vertex 50 4.93844 4.21783
    endloop
  endfacet
  facet normal 1 -0 0
    outer loop
      vertex 50 4.45503 2.73005
      vertex 50 29.4 0
      vertex 50 4.75528 3.45492
    endloop
  endfacet
  facet normal 1 -0 0
    outer loop
      vertex 50 4.04508 2.06107
      vertex 50 29.4 0
      vertex 50 4.45503 2.73005
    endloop
  endfacet
  facet normal 1 -0 0
    outer loop
      vertex 50 3.53553 1.46447
      vertex 50 29.4 0
      vertex 50 4.04508 2.06107
    endloop
  endfacet
  facet normal 1 -0 0
    outer loop
      vertex 50 2.93893 0.954915
      vertex 50 29.4 0
      vertex 50 3.53553 1.46447
    endloop
  endfacet
  facet normal 1 -0 0
    outer loop
      vertex 50 2.26995 0.544968
      vertex 50 29.4 0
      vertex 50 2.93893 0.954915
    endloop
  endfacet
  facet normal 1 -0 0
    outer loop
      vertex 50 1.54508 0.244718
      vertex 50 29.4 0
      vertex 50 2.26995 0.544968
    endloop
  endfacet
  facet normal 1 -0 0
    outer loop
      vertex 50 0.782172 0.0615587
      vertex 50 29.4 0
      vertex 50 1.54508 0.244718
    endloop
  endfacet
  facet normal 1 0 0
    outer loop
      vertex 50 29.4 0
      vertex 50 0.782172 0.0615587
      vertex 50 0 0
    endloop
  endfacet
  facet normal 1 0 0
    outer loop
      vertex 50 -5 25
      vertex 50 -29.4 0
      vertex 50 -5 5
    endloop
  endfacet
  facet normal 1 0 0
    outer loop
      vertex 50 -5 5
      vertex 50 -29.4 0
      vertex 50 -4.93844 4.21783
    endloop
  endfacet
  facet normal 1 0 0
    outer loop
      vertex 50 -4.93844 4.21783
      vertex 50 -29.4 0
      vertex 50 -4.75528 3.45492
    endloop
  endfacet
  facet normal 1 0 0
    outer loop
      vertex 50 -0.782172 0.0615587
      vertex 50 -29.4 0
      vertex 50 0 0
    endloop
  endfacet
  facet normal 1 0 0
    outer loop
      vertex 50 -1.54508 0.244718
      vertex 50 -29.4 0
      vertex 50 -0.782172 0.0615587
    endloop
  endfacet
  facet normal 1 0 0
    outer loop
      vertex 50 -2.26995 0.544968
      vertex 50 -29.4 0
      vertex 50 -1.54508 0.244718
    endloop
  endfacet
  facet normal 1 0 0
    outer loop
      vertex 50 -2.93893 0.954915
      vertex 50 -29.4 0
      vertex 50 -2.26995 0.544968
    endloop
  endfacet
  facet normal 1 0 0
    outer loop
      vertex 50 -3.53553 1.46447
      vertex 50 -29.4 0
      vertex 50 -2.93893 0.954915
    endloop
  endfacet
  facet normal 1 0 0
    outer loop
      vertex 50 -4.04508 2.06107
      vertex 50 -29.4 0
      vertex 50 -3.53553 1.46447
    endloop
  endfacet
  facet normal 1 0 0
    outer loop
      vertex 50 -4.45503 2.73005
      vertex 50 -29.4 0
      vertex 50 -4.04508 2.06107
    endloop
  endfacet
  facet normal 1 0 0
    outer loop
      vertex 50 -4.75528 3.45492
      vertex 50 -29.4 0
      vertex 50 -4.45503 2.73005
    endloop
  endfacet
  facet normal -0.233435 -0.972372 0
    outer loop
      vertex -44.403 -37.1036 0
      vertex -43.1671 -37.4003 50
      vertex -44.403 -37.1036 50
    endloop
  endfacet
  facet normal -0.233435 -0.972372 -0
    outer loop
      vertex -43.1671 -37.4003 50
      vertex -44.403 -37.1036 0
      vertex -43.1671 -37.4003 0
    endloop
  endfacet
  facet normal -0.760433 -0.649417 0
    outer loop
      vertex -47.6276 -35.1276 0
      vertex -48.453 -34.1611 50
      vertex -48.453 -34.1611 0
    endloop
  endfacet
  facet normal -0.760433 -0.649417 0
    outer loop
      vertex -48.453 -34.1611 50
      vertex -47.6276 -35.1276 0
      vertex -47.6276 -35.1276 50
    endloop
  endfacet
  facet normal -1 -0 0
    outer loop
      vertex -50 -5 5
      vertex -50 -29.4 0
      vertex -50 -5 25
    endloop
  endfacet
  facet normal -1 -0 0
    outer loop
      vertex -50 -4.93844 4.21783
      vertex -50 -29.4 0
      vertex -50 -5 5
    endloop
  endfacet
  facet normal -1 -0 0
    outer loop
      vertex -50 -4.75528 3.45492
      vertex -50 -29.4 0
      vertex -50 -4.93844 4.21783
    endloop
  endfacet
  facet normal -1 -0 0
    outer loop
      vertex -50 -4.45503 2.73005
      vertex -50 -29.4 0
      vertex -50 -4.75528 3.45492
    endloop
  endfacet
  facet normal -1 -0 0
    outer loop
      vertex -50 -4.04508 2.06107
      vertex -50 -29.4 0
      vertex -50 -4.45503 2.73005
    endloop
  endfacet
  facet normal -1 -0 0
    outer loop
      vertex -50 -3.53553 1.46447
      vertex -50 -29.4 0
      vertex -50 -4.04508 2.06107
    endloop
  endfacet
  facet normal -1 -0 0
    outer loop
      vertex -50 -2.93893 0.954915
      vertex -50 -29.4 0
      vertex -50 -3.53553 1.46447
    endloop
  endfacet
  facet normal -1 -0 0
    outer loop
      vertex -50 -2.26995 0.544968
      vertex -50 -29.4 0
      vertex -50 -2.93893 0.954915
    endloop
  endfacet
  facet normal -1 -0 0
    outer loop
      vertex -50 -1.54508 0.244718
      vertex -50 -29.4 0
      vertex -50 -2.26995 0.544968
    endloop
  endfacet
  facet normal -1 -0 0
    outer loop
      vertex -50 -0.782172 0.0615587
      vertex -50 -29.4 0
      vertex -50 -1.54508 0.244718
    endloop
  endfacet
  facet normal -1 0 0
    outer loop
      vertex -50 -29.4 0
      vertex -50 -0.782172 0.0615587
      vertex -50 0 0
    endloop
  endfacet
  facet normal -1 0 0
    outer loop
      vertex -50 5 25
      vertex -50 29.4 0
      vertex -50 5 5
    endloop
  endfacet
  facet normal -1 0 0
    outer loop
      vertex -50 29.4 0
      vertex -50 4.93844 4.21783
      vertex -50 5 5
    endloop
  endfacet
  facet normal -1 0 0
    outer loop
      vertex -50 29.4 0
      vertex -50 4.75528 3.45492
      vertex -50 4.93844 4.21783
    endloop
  endfacet
  facet normal -1 0 0
    outer loop
      vertex -50 29.4 0
      vertex -50 4.45503 2.73005
      vertex -50 4.75528 3.45492
    endloop
  endfacet
  facet normal -1 0 0
    outer loop
      vertex -50 29.4 0
      vertex -50 4.04508 2.06107
      vertex -50 4.45503 2.73005
    endloop
  endfacet
  facet normal -1 0 0
    outer loop
      vertex -50 29.4 0
      vertex -50 3.53553 1.46447
      vertex -50 4.04508 2.06107
    endloop
  endfacet
  facet normal -1 0 0
    outer loop
      vertex -50 29.4 0
      vertex -50 2.93893 0.954915
      vertex -50 3.53553 1.46447
    endloop
  endfacet
  facet normal -1 0 0
    outer loop
      vertex -50 29.4 0
      vertex -50 2.26995 0.544968
      vertex -50 2.93893 0.954915
    endloop
  endfacet
  facet normal -1 0 0
    outer loop
      vertex -50 29.4 0
      vertex -50 1.54508 0.244718
      vertex -50 2.26995 0.544968
    endloop
  endfacet
  facet normal -1 0 0
    outer loop
      vertex -50 29.4 0
      vertex -50 0.782172 0.0615587
      vertex -50 1.54508 0.244718
    endloop
  endfacet
  facet normal -1 0 -0
    outer loop
      vertex -50 0.782172 0.0615587
      vertex -50 29.4 0
      vertex -50 0 0
    endloop
  endfacet
  facet normal -1 0 0
    outer loop
      vertex -50 29.4 0
      vertex -50 5 25
      vertex -50 29.4 50
    endloop
  endfacet
  facet normal -1 0 0
    outer loop
      vertex -50 4.93844 25.7822
      vertex -50 29.4 50
      vertex -50 5 25
    endloop
  endfacet
  facet normal -1 0 0
    outer loop
      vertex -50 4.75528 26.5451
      vertex -50 29.4 50
      vertex -50 4.93844 25.7822
    endloop
  endfacet
  facet normal -1 0 0
    outer loop
      vertex -50 4.45503 27.27
      vertex -50 29.4 50
      vertex -50 4.75528 26.5451
    endloop
  endfacet
  facet normal -1 0 0
    outer loop
      vertex -50 4.04508 27.9389
      vertex -50 29.4 50
      vertex -50 4.45503 27.27
    endloop
  endfacet
  facet normal -1 0 0
    outer loop
      vertex -50 3.53553 28.5355
      vertex -50 29.4 50
      vertex -50 4.04508 27.9389
    endloop
  endfacet
  facet normal -1 0 0
    outer loop
      vertex -50 2.93893 29.0451
      vertex -50 29.4 50
      vertex -50 3.53553 28.5355
    endloop
  endfacet
  facet normal -1 0 0
    outer loop
      vertex -50 2.26995 29.455
      vertex -50 29.4 50
      vertex -50 2.93893 29.0451
    endloop
  endfacet
  facet normal -1 0 0
    outer loop
      vertex -50 1.54508 29.7553
      vertex -50 29.4 50
      vertex -50 2.26995 29.455
    endloop
  endfacet
  facet normal -1 0 0
    outer loop
      vertex -50 0.782172 29.9384
      vertex -50 29.4 50
      vertex -50 1.54508 29.7553
    endloop
  endfacet
  facet normal -1 0 0
    outer loop
      vertex -50 0 30
      vertex -50 29.4 50
      vertex -50 0.782172 29.9384
    endloop
  endfacet
  facet normal -1 0 0
    outer loop
      vertex -50 -29.4 50
      vertex -50 0 30
      vertex -50 -0.782172 29.9384
    endloop
  endfacet
  facet normal -1 0 0
    outer loop
      vertex -50 -29.4 50
      vertex -50 -0.782172 29.9384
      vertex -50 -1.54508 29.7553
    endloop
  endfacet
  facet normal -1 0 0
    outer loop
      vertex -50 -29.4 50
      vertex -50 -1.54508 29.7553
      vertex -50 -2.26995 29.455
    endloop
  endfacet
  facet normal -1 0 0
    outer loop
      vertex -50 -29.4 50
      vertex -50 -2.26995 29.455
      vertex -50 -2.93893 29.0451
    endloop
  endfacet
  facet normal -1 0 0
    outer loop
      vertex -50 -29.4 50
      vertex -50 -5 25
      vertex -50 -29.4 0
    endloop
  endfacet
  facet normal -1 0 0
    outer loop
      vertex -50 -5 25
      vertex -50 -29.4 50
      vertex -50 -4.93844 25.7822
    endloop
  endfacet
  facet normal -1 0 0
    outer loop
      vertex -50 -4.93844 25.7822
      vertex -50 -29.4 50
      vertex -50 -4.75528 26.5451
    endloop
  endfacet
  facet normal -1 0 0
    outer loop
      vertex -50 -4.75528 26.5451
      vertex -50 -29.4 50
      vertex -50 -4.45503 27.27
    endloop
  endfacet
  facet normal -1 0 0
    outer loop
      vertex -50 -4.45503 27.27
      vertex -50 -29.4 50
      vertex -50 -4.04508 27.9389
    endloop
  endfacet
  facet normal -1 0 0
    outer loop
      vertex -50 0 30
      vertex -50 -29.4 50
      vertex -50 29.4 50
    endloop
  endfacet
  facet normal -1 0 0
    outer loop
      vertex -50 -3.53553 28.5355
      vertex -50 -29.4 50
      vertex -50 -2.93893 29.0451
    endloop
  endfacet
  facet normal -1 0 0
    outer loop
      vertex -50 -4.04508 27.9389
      vertex -50 -29.4 50
      vertex -50 -3.53553 28.5355
    endloop
  endfacet
  facet normal 0.996919 0.0784412 0
    outer loop
      vertex 50 29.4 50
      vertex 49.9003 30.6671 0
      vertex 49.9003 30.6671 50
    endloop
  endfacet
  facet normal 0.996919 0.0784412 0
    outer loop
      vertex 49.9003 30.6671 0
      vertex 50 29.4 50
      vertex 50 29.4 0
    endloop
  endfacet
  facet normal 0.522525 -0.852624 0
    outer loop
      vertex 45.5773 -36.6172 0
      vertex 46.6611 -35.953 50
      vertex 45.5773 -36.6172 50
    endloop
  endfacet
  facet normal 0.522525 -0.852624 0
    outer loop
      vertex 46.6611 -35.953 50
      vertex 45.5773 -36.6172 0
      vertex 46.6611 -35.953 0
    endloop
  endfacet
  facet normal -0.649417 -0.760433 0
    outer loop
      vertex -47.6276 -35.1276 0
      vertex -46.6611 -35.953 50
      vertex -47.6276 -35.1276 50
    endloop
  endfacet
  facet normal -0.649417 -0.760433 -0
    outer loop
      vertex -46.6611 -35.953 50
      vertex -47.6276 -35.1276 0
      vertex -46.6611 -35.953 0
    endloop
  endfacet
  facet normal -0.996919 -0.0784412 0
    outer loop
      vertex -49.9003 -30.6671 0
      vertex -50 -29.4 50
      vertex -50 -29.4 0
    endloop
  endfacet
  facet normal -0.996919 -0.0784412 0
    outer loop
      vertex -50 -29.4 50
      vertex -49.9003 -30.6671 0
      vertex -49.9003 -30.6671 50
    endloop
  endfacet
  facet normal -0.852624 0.522525 0
    outer loop
      vertex -49.1172 33.0773 0
      vertex -48.453 34.1611 50
      vertex -48.453 34.1611 0
    endloop
  endfacet
  facet normal -0.852624 0.522525 0
    outer loop
      vertex -48.453 34.1611 50
      vertex -49.1172 33.0773 0
      vertex -49.1172 33.0773 50
    endloop
  endfacet
  facet normal -0.0784412 0.996919 0
    outer loop
      vertex -41.9 37.5 0
      vertex -43.1671 37.4003 50
      vertex -41.9 37.5 50
    endloop
  endfacet
  facet normal -0.0784412 0.996919 0
    outer loop
      vertex -43.1671 37.4003 50
      vertex -41.9 37.5 0
      vertex -43.1671 37.4003 0
    endloop
  endfacet
  facet normal 0 1 0
    outer loop
      vertex 41.9 37.5 50
      vertex 0 37.5 30
      vertex -41.9 37.5 50
    endloop
  endfacet
  facet normal 0 1 0
    outer loop
      vertex 41.9 37.5 50
      vertex 0.782172 37.5 29.9384
      vertex 0 37.5 30
    endloop
  endfacet
  facet normal 0 1 0
    outer loop
      vertex 41.9 37.5 50
      vertex 1.54508 37.5 29.7553
      vertex 0.782172 37.5 29.9384
    endloop
  endfacet
  facet normal 0 1 0
    outer loop
      vertex 41.9 37.5 50
      vertex 2.26995 37.5 29.455
      vertex 1.54508 37.5 29.7553
    endloop
  endfacet
  facet normal 0 1 0
    outer loop
      vertex 41.9 37.5 50
      vertex 2.93893 37.5 29.0451
      vertex 2.26995 37.5 29.455
    endloop
  endfacet
  facet normal 0 1 0
    outer loop
      vertex 41.9 37.5 50
      vertex 3.53553 37.5 28.5355
      vertex 2.93893 37.5 29.0451
    endloop
  endfacet
  facet normal 0 1 0
    outer loop
      vertex 41.9 37.5 50
      vertex 4.04508 37.5 27.9389
      vertex 3.53553 37.5 28.5355
    endloop
  endfacet
  facet normal 0 1 0
    outer loop
      vertex 41.9 37.5 50
      vertex 4.45503 37.5 27.27
      vertex 4.04508 37.5 27.9389
    endloop
  endfacet
  facet normal 0 1 0
    outer loop
      vertex 41.9 37.5 50
      vertex 4.75528 37.5 26.5451
      vertex 4.45503 37.5 27.27
    endloop
  endfacet
  facet normal 0 1 0
    outer loop
      vertex 41.9 37.5 50
      vertex 4.93844 37.5 25.7822
      vertex 4.75528 37.5 26.5451
    endloop
  endfacet
  facet normal 0 1 0
    outer loop
      vertex 41.9 37.5 50
      vertex 5 37.5 25
      vertex 4.93844 37.5 25.7822
    endloop
  endfacet
  facet normal 0 1 -0
    outer loop
      vertex 41.9 37.5 0
      vertex 5 37.5 25
      vertex 41.9 37.5 50
    endloop
  endfacet
  facet normal 0 1 0
    outer loop
      vertex 5 37.5 25
      vertex 41.9 37.5 0
      vertex 5 37.5 5
    endloop
  endfacet
  facet normal 0 1 0
    outer loop
      vertex 5 37.5 5
      vertex 41.9 37.5 0
      vertex 4.93844 37.5 4.21783
    endloop
  endfacet
  facet normal 0 1 0
    outer loop
      vertex 4.93844 37.5 4.21783
      vertex 41.9 37.5 0
      vertex 4.75528 37.5 3.45492
    endloop
  endfacet
  facet normal 0 1 0
    outer loop
      vertex 4.75528 37.5 3.45492
      vertex 41.9 37.5 0
      vertex 4.45503 37.5 2.73005
    endloop
  endfacet
  facet normal 0 1 0
    outer loop
      vertex 4.45503 37.5 2.73005
      vertex 41.9 37.5 0
      vertex 4.04508 37.5 2.06107
    endloop
  endfacet
  facet normal 0 1 0
    outer loop
      vertex 41.9 37.5 0
      vertex 3.53553 37.5 1.46447
      vertex 4.04508 37.5 2.06107
    endloop
  endfacet
  facet normal 0 1 0
    outer loop
      vertex 41.9 37.5 0
      vertex 2.93893 37.5 0.954915
      vertex 3.53553 37.5 1.46447
    endloop
  endfacet
  facet normal 0 1 0
    outer loop
      vertex 41.9 37.5 0
      vertex 2.26995 37.5 0.544968
      vertex 2.93893 37.5 0.954915
    endloop
  endfacet
  facet normal 0 1 0
    outer loop
      vertex 41.9 37.5 0
      vertex 1.54508 37.5 0.244718
      vertex 2.26995 37.5 0.544968
    endloop
  endfacet
  facet normal 0 1 0
    outer loop
      vertex 41.9 37.5 0
      vertex 0.782172 37.5 0.0615587
      vertex 1.54508 37.5 0.244718
    endloop
  endfacet
  facet normal 0 1 0
    outer loop
      vertex 0.782172 37.5 0.0615587
      vertex 41.9 37.5 0
      vertex 0 37.5 0
    endloop
  endfacet
  facet normal 0 1 -0
    outer loop
      vertex -0.782172 37.5 29.9384
      vertex -41.9 37.5 50
      vertex 0 37.5 30
    endloop
  endfacet
  facet normal 0 1 -0
    outer loop
      vertex -1.54508 37.5 29.7553
      vertex -41.9 37.5 50
      vertex -0.782172 37.5 29.9384
    endloop
  endfacet
  facet normal 0 1 -0
    outer loop
      vertex -2.26995 37.5 29.455
      vertex -41.9 37.5 50
      vertex -1.54508 37.5 29.7553
    endloop
  endfacet
  facet normal 0 1 -0
    outer loop
      vertex -2.93893 37.5 29.0451
      vertex -41.9 37.5 50
      vertex -2.26995 37.5 29.455
    endloop
  endfacet
  facet normal 0 1 -0
    outer loop
      vertex -3.53553 37.5 28.5355
      vertex -41.9 37.5 50
      vertex -2.93893 37.5 29.0451
    endloop
  endfacet
  facet normal 0 1 -0
    outer loop
      vertex -4.04508 37.5 27.9389
      vertex -41.9 37.5 50
      vertex -3.53553 37.5 28.5355
    endloop
  endfacet
  facet normal 0 1 -0
    outer loop
      vertex -4.45503 37.5 27.27
      vertex -41.9 37.5 50
      vertex -4.04508 37.5 27.9389
    endloop
  endfacet
  facet normal 0 1 -0
    outer loop
      vertex -4.75528 37.5 26.5451
      vertex -41.9 37.5 50
      vertex -4.45503 37.5 27.27
    endloop
  endfacet
  facet normal 0 1 -0
    outer loop
      vertex -4.93844 37.5 25.7822
      vertex -41.9 37.5 50
      vertex -4.75528 37.5 26.5451
    endloop
  endfacet
  facet normal 0 1 -0
    outer loop
      vertex -5 37.5 25
      vertex -41.9 37.5 50
      vertex -4.93844 37.5 25.7822
    endloop
  endfacet
  facet normal 0 1 0
    outer loop
      vertex -41.9 37.5 0
      vertex -5 37.5 25
      vertex -5 37.5 5
    endloop
  endfacet
  facet normal 0 1 0
    outer loop
      vertex -41.9 37.5 0
      vertex -5 37.5 5
      vertex -4.93844 37.5 4.21783
    endloop
  endfacet
  facet normal 0 1 0
    outer loop
      vertex -41.9 37.5 0
      vertex -4.93844 37.5 4.21783
      vertex -4.75528 37.5 3.45492
    endloop
  endfacet
  facet normal 0 1 0
    outer loop
      vertex -41.9 37.5 0
      vertex -4.75528 37.5 3.45492
      vertex -4.45503 37.5 2.73005
    endloop
  endfacet
  facet normal 0 1 0
    outer loop
      vertex -41.9 37.5 0
      vertex -4.45503 37.5 2.73005
      vertex -4.04508 37.5 2.06107
    endloop
  endfacet
  facet normal 0 1 0
    outer loop
      vertex -5 37.5 25
      vertex -41.9 37.5 0
      vertex -41.9 37.5 50
    endloop
  endfacet
  facet normal 0 1 0
    outer loop
      vertex -3.53553 37.5 1.46447
      vertex -41.9 37.5 0
      vertex -4.04508 37.5 2.06107
    endloop
  endfacet
  facet normal 0 1 0
    outer loop
      vertex -2.93893 37.5 0.954915
      vertex -41.9 37.5 0
      vertex -3.53553 37.5 1.46447
    endloop
  endfacet
  facet normal 0 1 0
    outer loop
      vertex -2.26995 37.5 0.544968
      vertex -41.9 37.5 0
      vertex -2.93893 37.5 0.954915
    endloop
  endfacet
  facet normal 0 1 0
    outer loop
      vertex -1.54508 37.5 0.244718
      vertex -41.9 37.5 0
      vertex -2.26995 37.5 0.544968
    endloop
  endfacet
  facet normal 0 1 0
    outer loop
      vertex -0.782172 37.5 0.0615587
      vertex -41.9 37.5 0
      vertex -1.54508 37.5 0.244718
    endloop
  endfacet
  facet normal 0 1 0
    outer loop
      vertex -41.9 37.5 0
      vertex -0.782172 37.5 0.0615587
      vertex 0 37.5 0
    endloop
  endfacet
  facet normal 0.923883 -0.382676 0
    outer loop
      vertex 49.1172 -33.0773 50
      vertex 49.6036 -31.903 0
      vertex 49.6036 -31.903 50
    endloop
  endfacet
  facet normal 0.923883 -0.382676 0
    outer loop
      vertex 49.6036 -31.903 0
      vertex 49.1172 -33.0773 50
      vertex 49.1172 -33.0773 0
    endloop
  endfacet
  facet normal 0.233435 -0.972372 0
    outer loop
      vertex 43.1671 -37.4003 0
      vertex 44.403 -37.1036 50
      vertex 43.1671 -37.4003 50
    endloop
  endfacet
  facet normal 0.233435 -0.972372 0
    outer loop
      vertex 44.403 -37.1036 50
      vertex 43.1671 -37.4003 0
      vertex 44.403 -37.1036 0
    endloop
  endfacet
  facet normal 0.0784412 -0.996919 0
    outer loop
      vertex 41.9 -37.5 0
      vertex 43.1671 -37.4003 50
      vertex 41.9 -37.5 50
    endloop
  endfacet
  facet normal 0.0784412 -0.996919 0
    outer loop
      vertex 43.1671 -37.4003 50
      vertex 41.9 -37.5 0
      vertex 43.1671 -37.4003 0
    endloop
  endfacet
  facet normal 0.382676 -0.923883 0
    outer loop
      vertex 44.403 -37.1036 0
      vertex 45.5773 -36.6172 50
      vertex 44.403 -37.1036 50
    endloop
  endfacet
  facet normal 0.382676 -0.923883 0
    outer loop
      vertex 45.5773 -36.6172 50
      vertex 44.403 -37.1036 0
      vertex 45.5773 -36.6172 0
    endloop
  endfacet
  facet normal -0.0784412 -0.996919 0
    outer loop
      vertex -43.1671 -37.4003 0
      vertex -41.9 -37.5 50
      vertex -43.1671 -37.4003 50
    endloop
  endfacet
  facet normal -0.0784412 -0.996919 -0
    outer loop
      vertex -41.9 -37.5 50
      vertex -43.1671 -37.4003 0
      vertex -41.9 -37.5 0
    endloop
  endfacet
  facet normal -0.522525 -0.852624 0
    outer loop
      vertex -46.6611 -35.953 0
      vertex -45.5773 -36.6172 50
      vertex -46.6611 -35.953 50
    endloop
  endfacet
  facet normal -0.522525 -0.852624 -0
    outer loop
      vertex -45.5773 -36.6172 50
      vertex -46.6611 -35.953 0
      vertex -45.5773 -36.6172 0
    endloop
  endfacet
  facet normal -0.923883 -0.382676 0
    outer loop
      vertex -49.1172 -33.0773 0
      vertex -49.6036 -31.903 50
      vertex -49.6036 -31.903 0
    endloop
  endfacet
  facet normal -0.923883 -0.382676 0
    outer loop
      vertex -49.6036 -31.903 50
      vertex -49.1172 -33.0773 0
      vertex -49.1172 -33.0773 50
    endloop
  endfacet
  facet normal -0.852624 -0.522525 0
    outer loop
      vertex -48.453 -34.1611 0
      vertex -49.1172 -33.0773 50
      vertex -49.1172 -33.0773 0
    endloop
  endfacet
  facet normal -0.852624 -0.522525 0
    outer loop
      vertex -49.1172 -33.0773 50
      vertex -48.453 -34.1611 0
      vertex -48.453 -34.1611 50
    endloop
  endfacet
  facet normal 0 0 -1
    outer loop
      vertex 5.03419 -2.56505 0
      vertex 50 0 0
      vertex 50 -29.4 0
    endloop
  endfacet
  facet normal 0 0 -1
    outer loop
      vertex 41.9 -37.5 0
      vertex 50 -29.4 0
      vertex 49.9003 -30.6671 0
    endloop
  endfacet
  facet normal 0 0 -1
    outer loop
      vertex 5.58044 0.883854 0
      vertex 50 0 0
      vertex 5.65 0 0
    endloop
  endfacet
  facet normal 0 0 -1
    outer loop
      vertex 41.9 -37.5 0
      vertex 49.9003 -30.6671 0
      vertex 49.6036 -31.903 0
    endloop
  endfacet
  facet normal 0 0 -1
    outer loop
      vertex 5.37347 1.74595 0
      vertex 50 0 0
      vertex 5.58044 0.883854 0
    endloop
  endfacet
  facet normal 0 0 -1
    outer loop
      vertex 41.9 -37.5 0
      vertex 49.6036 -31.903 0
      vertex 49.1172 -33.0773 0
    endloop
  endfacet
  facet normal 0 0 -1
    outer loop
      vertex 5.03419 2.56505 0
      vertex 50 0 0
      vertex 5.37347 1.74595 0
    endloop
  endfacet
  facet normal 0 0 -1
    outer loop
      vertex 41.9 -37.5 0
      vertex 49.1172 -33.0773 0
      vertex 48.453 -34.1611 0
    endloop
  endfacet
  facet normal 0 0 -1
    outer loop
      vertex 50 0 0
      vertex 5.03419 2.56505 0
      vertex 50 29.4 0
    endloop
  endfacet
  facet normal 0 0 -1
    outer loop
      vertex 41.9 -37.5 0
      vertex 48.453 -34.1611 0
      vertex 47.6276 -35.1276 0
    endloop
  endfacet
  facet normal 0 -0 -1
    outer loop
      vertex 41.9 37.5 0
      vertex 50 29.4 0
      vertex 5.03419 2.56505 0
    endloop
  endfacet
  facet normal 0 0 -1
    outer loop
      vertex 41.9 -37.5 0
      vertex 47.6276 -35.1276 0
      vertex 46.6611 -35.953 0
    endloop
  endfacet
  facet normal 0 0 -1
    outer loop
      vertex 50 29.4 0
      vertex 41.9 37.5 0
      vertex 49.9003 30.6671 0
    endloop
  endfacet
  facet normal 0 0 -1
    outer loop
      vertex 41.9 -37.5 0
      vertex 46.6611 -35.953 0
      vertex 45.5773 -36.6172 0
    endloop
  endfacet
  facet normal 0 0 -1
    outer loop
      vertex 49.6036 31.903 0
      vertex 41.9 37.5 0
      vertex 49.1172 33.0773 0
    endloop
  endfacet
  facet normal 0 0 -1
    outer loop
      vertex 41.9 -37.5 0
      vertex 45.5773 -36.6172 0
      vertex 44.403 -37.1036 0
    endloop
  endfacet
  facet normal 0 0 -1
    outer loop
      vertex 49.1172 33.0773 0
      vertex 41.9 37.5 0
      vertex 48.453 34.1611 0
    endloop
  endfacet
  facet normal 0 0 -1
    outer loop
      vertex 41.9 -37.5 0
      vertex 44.403 -37.1036 0
      vertex 43.1671 -37.4003 0
    endloop
  endfacet
  facet normal 0 0 -1
    outer loop
      vertex 47.6276 35.1276 0
      vertex 41.9 37.5 0
      vertex 46.6611 35.953 0
    endloop
  endfacet
  facet normal -0 0 -1
    outer loop
      vertex 50 -29.4 0
      vertex 41.9 -37.5 0
      vertex 5.03419 -2.56505 0
    endloop
  endfacet
  facet normal 0 0 -1
    outer loop
      vertex 46.6611 35.953 0
      vertex 41.9 37.5 0
      vertex 45.5773 36.6172 0
    endloop
  endfacet
  facet normal 0 0 -1
    outer loop
      vertex 44.403 37.1036 0
      vertex 41.9 37.5 0
      vertex 43.1671 37.4003 0
    endloop
  endfacet
  facet normal -0 0 -1
    outer loop
      vertex 50 0 0
      vertex 5.58044 -0.883854 0
      vertex 5.65 0 0
    endloop
  endfacet
  facet normal 0 0 -1
    outer loop
      vertex 50 0 0
      vertex 5.37347 -1.74595 0
      vertex 5.58044 -0.883854 0
    endloop
  endfacet
  facet normal 0 0 -1
    outer loop
      vertex 50 0 0
      vertex 5.03419 -2.56505 0
      vertex 5.37347 -1.74595 0
    endloop
  endfacet
  facet normal 0 0 -1
    outer loop
      vertex 41.9 -37.5 0
      vertex 4.57095 -3.32099 0
      vertex 5.03419 -2.56505 0
    endloop
  endfacet
  facet normal 0 0 -1
    outer loop
      vertex 41.9 -37.5 0
      vertex 3.99515 -3.99515 0
      vertex 4.57095 -3.32099 0
    endloop
  endfacet
  facet normal 0 0 -1
    outer loop
      vertex 0 -37.5 0
      vertex 3.99515 -3.99515 0
      vertex 41.9 -37.5 0
    endloop
  endfacet
  facet normal 0 0 -1
    outer loop
      vertex 3.99515 -3.99515 0
      vertex 0 -37.5 0
      vertex 3.32099 -4.57095 0
    endloop
  endfacet
  facet normal 0 0 -1
    outer loop
      vertex 3.32099 -4.57095 0
      vertex 0 -37.5 0
      vertex 2.56505 -5.03419 0
    endloop
  endfacet
  facet normal 0 0 -1
    outer loop
      vertex 2.56505 -5.03419 0
      vertex 0 -37.5 0
      vertex 1.74595 -5.37347 0
    endloop
  endfacet
  facet normal 0 0 -1
    outer loop
      vertex 1.74595 -5.37347 0
      vertex 0 -37.5 0
      vertex 0.883854 -5.58044 0
    endloop
  endfacet
  facet normal 0 0 -1
    outer loop
      vertex 0 -37.5 0
      vertex 0 -5.65 0
      vertex 0.883854 -5.58044 0
    endloop
  endfacet
  facet normal 0 0 -1
    outer loop
      vertex 0 -37.5 0
      vertex -0.883854 -5.58044 0
      vertex 0 -5.65 0
    endloop
  endfacet
  facet normal 0 0 -1
    outer loop
      vertex 0 -37.5 0
      vertex -1.74595 -5.37347 0
      vertex -0.883854 -5.58044 0
    endloop
  endfacet
  facet normal 0 0 -1
    outer loop
      vertex 0 -37.5 0
      vertex -2.56505 -5.03419 0
      vertex -1.74595 -5.37347 0
    endloop
  endfacet
  facet normal 0 0 -1
    outer loop
      vertex 0 -37.5 0
      vertex -3.32099 -4.57095 0
      vertex -2.56505 -5.03419 0
    endloop
  endfacet
  facet normal 0 0 -1
    outer loop
      vertex 0 -37.5 0
      vertex -3.99515 -3.99515 0
      vertex -3.32099 -4.57095 0
    endloop
  endfacet
  facet normal 0 0 -1
    outer loop
      vertex -41.9 -37.5 0
      vertex -3.99515 -3.99515 0
      vertex 0 -37.5 0
    endloop
  endfacet
  facet normal -0 0 -1
    outer loop
      vertex -3.99515 -3.99515 0
      vertex -41.9 -37.5 0
      vertex -4.57095 -3.32099 0
    endloop
  endfacet
  facet normal -0 0 -1
    outer loop
      vertex -4.57095 -3.32099 0
      vertex -41.9 -37.5 0
      vertex -5.03419 -2.56505 0
    endloop
  endfacet
  facet normal 0 0 -1
    outer loop
      vertex -50 -29.4 0
      vertex -5.03419 -2.56505 0
      vertex -41.9 -37.5 0
    endloop
  endfacet
  facet normal 0 0 -1
    outer loop
      vertex -5.03419 -2.56505 0
      vertex -50 0 0
      vertex -5.37347 -1.74595 0
    endloop
  endfacet
  facet normal 0 0 -1
    outer loop
      vertex -50 0 0
      vertex -5.03419 -2.56505 0
      vertex -50 -29.4 0
    endloop
  endfacet
  facet normal 0 0 -1
    outer loop
      vertex 45.5773 36.6172 0
      vertex 41.9 37.5 0
      vertex 44.403 37.1036 0
    endloop
  endfacet
  facet normal 0 0 -1
    outer loop
      vertex 48.453 34.1611 0
      vertex 41.9 37.5 0
      vertex 47.6276 35.1276 0
    endloop
  endfacet
  facet normal 0 0 -1
    outer loop
      vertex 49.9003 30.6671 0
      vertex 41.9 37.5 0
      vertex 49.6036 31.903 0
    endloop
  endfacet
  facet normal 0 0 -1
    outer loop
      vertex 4.57095 3.32099 0
      vertex 41.9 37.5 0
      vertex 5.03419 2.56505 0
    endloop
  endfacet
  facet normal 0 0 -1
    outer loop
      vertex 3.99515 3.99515 0
      vertex 41.9 37.5 0
      vertex 4.57095 3.32099 0
    endloop
  endfacet
  facet normal 0 0 -1
    outer loop
      vertex 0 37.5 0
      vertex 3.99515 3.99515 0
      vertex 3.32099 4.57095 0
    endloop
  endfacet
  facet normal 0 0 -1
    outer loop
      vertex 0 37.5 0
      vertex 3.32099 4.57095 0
      vertex 2.56505 5.03419 0
    endloop
  endfacet
  facet normal 0 0 -1
    outer loop
      vertex 0 37.5 0
      vertex 2.56505 5.03419 0
      vertex 1.74595 5.37347 0
    endloop
  endfacet
  facet normal 0 0 -1
    outer loop
      vertex 0 37.5 0
      vertex 1.74595 5.37347 0
      vertex 0.883854 5.58044 0
    endloop
  endfacet
  facet normal 0 0 -1
    outer loop
      vertex 0 37.5 0
      vertex 0.883854 5.58044 0
      vertex 0 5.65 0
    endloop
  endfacet
  facet normal 0 0 -1
    outer loop
      vertex 3.99515 3.99515 0
      vertex 0 37.5 0
      vertex 41.9 37.5 0
    endloop
  endfacet
  facet normal 0 0 -1
    outer loop
      vertex -0.883854 5.58044 0
      vertex 0 37.5 0
      vertex 0 5.65 0
    endloop
  endfacet
  facet normal 0 0 -1
    outer loop
      vertex -1.74595 5.37347 0
      vertex 0 37.5 0
      vertex -0.883854 5.58044 0
    endloop
  endfacet
  facet normal 0 0 -1
    outer loop
      vertex -2.56505 5.03419 0
      vertex 0 37.5 0
      vertex -1.74595 5.37347 0
    endloop
  endfacet
  facet normal 0 0 -1
    outer loop
      vertex -3.32099 4.57095 0
      vertex 0 37.5 0
      vertex -2.56505 5.03419 0
    endloop
  endfacet
  facet normal 0 0 -1
    outer loop
      vertex -3.99515 3.99515 0
      vertex 0 37.5 0
      vertex -3.32099 4.57095 0
    endloop
  endfacet
  facet normal 0 0 -1
    outer loop
      vertex -41.9 37.5 0
      vertex -3.99515 3.99515 0
      vertex -4.57095 3.32099 0
    endloop
  endfacet
  facet normal 0 0 -1
    outer loop
      vertex -41.9 37.5 0
      vertex -4.57095 3.32099 0
      vertex -5.03419 2.56505 0
    endloop
  endfacet
  facet normal 0 0 -1
    outer loop
      vertex -50 0 0
      vertex -5.03419 2.56505 0
      vertex -5.37347 1.74595 0
    endloop
  endfacet
  facet normal 0 0 -1
    outer loop
      vertex -50 0 0
      vertex -5.37347 1.74595 0
      vertex -5.58044 0.883854 0
    endloop
  endfacet
  facet normal 0 0 -1
    outer loop
      vertex -5.37347 -1.74595 0
      vertex -50 0 0
      vertex -5.58044 -0.883854 0
    endloop
  endfacet
  facet normal 0 0 -1
    outer loop
      vertex -5.65 0 0
      vertex -50 0 0
      vertex -5.58044 0.883854 0
    endloop
  endfacet
  facet normal -0 0 -1
    outer loop
      vertex -5.03419 2.56505 0
      vertex -50 0 0
      vertex -50 29.4 0
    endloop
  endfacet
  facet normal 0 0 -1
    outer loop
      vertex -50 -29.4 0
      vertex -41.9 -37.5 0
      vertex -43.1671 -37.4003 0
    endloop
  endfacet
  facet normal 0 0 -1
    outer loop
      vertex -3.99515 3.99515 0
      vertex -41.9 37.5 0
      vertex 0 37.5 0
    endloop
  endfacet
  facet normal 0 0 -1
    outer loop
      vertex -50 -29.4 0
      vertex -43.1671 -37.4003 0
      vertex -44.403 -37.1036 0
    endloop
  endfacet
  facet normal 0 0 -1
    outer loop
      vertex -5.03419 2.56505 0
      vertex -50 29.4 0
      vertex -41.9 37.5 0
    endloop
  endfacet
  facet normal 0 0 -1
    outer loop
      vertex -50 -29.4 0
      vertex -44.403 -37.1036 0
      vertex -45.5773 -36.6172 0
    endloop
  endfacet
  facet normal 0 0 -1
    outer loop
      vertex -41.9 37.5 0
      vertex -50 29.4 0
      vertex -43.1671 37.4003 0
    endloop
  endfacet
  facet normal 0 0 -1
    outer loop
      vertex -50 -29.4 0
      vertex -45.5773 -36.6172 0
      vertex -46.6611 -35.953 0
    endloop
  endfacet
  facet normal 0 0 -1
    outer loop
      vertex -43.1671 37.4003 0
      vertex -50 29.4 0
      vertex -44.403 37.1036 0
    endloop
  endfacet
  facet normal 0 0 -1
    outer loop
      vertex -50 -29.4 0
      vertex -46.6611 -35.953 0
      vertex -47.6276 -35.1276 0
    endloop
  endfacet
  facet normal 0 0 -1
    outer loop
      vertex -44.403 37.1036 0
      vertex -50 29.4 0
      vertex -45.5773 36.6172 0
    endloop
  endfacet
  facet normal 0 0 -1
    outer loop
      vertex -50 -29.4 0
      vertex -47.6276 -35.1276 0
      vertex -48.453 -34.1611 0
    endloop
  endfacet
  facet normal 0 0 -1
    outer loop
      vertex -45.5773 36.6172 0
      vertex -50 29.4 0
      vertex -46.6611 35.953 0
    endloop
  endfacet
  facet normal 0 0 -1
    outer loop
      vertex -50 -29.4 0
      vertex -48.453 -34.1611 0
      vertex -49.1172 -33.0773 0
    endloop
  endfacet
  facet normal 0 0 -1
    outer loop
      vertex -46.6611 35.953 0
      vertex -50 29.4 0
      vertex -47.6276 35.1276 0
    endloop
  endfacet
  facet normal 0 0 -1
    outer loop
      vertex -50 -29.4 0
      vertex -49.1172 -33.0773 0
      vertex -49.6036 -31.903 0
    endloop
  endfacet
  facet normal 0 0 -1
    outer loop
      vertex -47.6276 35.1276 0
      vertex -50 29.4 0
      vertex -48.453 34.1611 0
    endloop
  endfacet
  facet normal 0 0 -1
    outer loop
      vertex -50 -29.4 0
      vertex -49.6036 -31.903 0
      vertex -49.9003 -30.6671 0
    endloop
  endfacet
  facet normal 0 0 -1
    outer loop
      vertex -48.453 34.1611 0
      vertex -50 29.4 0
      vertex -49.1172 33.0773 0
    endloop
  endfacet
  facet normal 0 0 -1
    outer loop
      vertex -5.58044 -0.883854 0
      vertex -50 0 0
      vertex -5.65 0 0
    endloop
  endfacet
  facet normal 0 0 -1
    outer loop
      vertex -49.1172 33.0773 0
      vertex -50 29.4 0
      vertex -49.6036 31.903 0
    endloop
  endfacet
  facet normal 0 0 -1
    outer loop
      vertex -49.6036 31.903 0
      vertex -50 29.4 0
      vertex -49.9003 30.6671 0
    endloop
  endfacet
  facet normal -0.972372 -0.233435 0
    outer loop
      vertex -49.6036 -31.903 0
      vertex -49.9003 -30.6671 50
      vertex -49.9003 -30.6671 0
    endloop
  endfacet
  facet normal -0.972372 -0.233435 0
    outer loop
      vertex -49.9003 -30.6671 50
      vertex -49.6036 -31.903 0
      vertex -49.6036 -31.903 50
    endloop
  endfacet
  facet normal -0.522525 0.852624 0
    outer loop
      vertex -45.5773 36.6172 0
      vertex -46.6611 35.953 50
      vertex -45.5773 36.6172 50
    endloop
  endfacet
  facet normal -0.522525 0.852624 0
    outer loop
      vertex -46.6611 35.953 50
      vertex -45.5773 36.6172 0
      vertex -46.6611 35.953 0
    endloop
  endfacet
  facet normal -0.760433 0.649417 0
    outer loop
      vertex -48.453 34.1611 0
      vertex -47.6276 35.1276 50
      vertex -47.6276 35.1276 0
    endloop
  endfacet
  facet normal -0.760433 0.649417 0
    outer loop
      vertex -47.6276 35.1276 50
      vertex -48.453 34.1611 0
      vertex -48.453 34.1611 50
    endloop
  endfacet
  facet normal -0.649417 0.760433 0
    outer loop
      vertex -46.6611 35.953 0
      vertex -47.6276 35.1276 50
      vertex -46.6611 35.953 50
    endloop
  endfacet
  facet normal -0.649417 0.760433 0
    outer loop
      vertex -47.6276 35.1276 50
      vertex -46.6611 35.953 0
      vertex -47.6276 35.1276 0
    endloop
  endfacet
  facet normal -0.382676 0.923883 0
    outer loop
      vertex -44.403 37.1036 0
      vertex -45.5773 36.6172 50
      vertex -44.403 37.1036 50
    endloop
  endfacet
  facet normal -0.382676 0.923883 0
    outer loop
      vertex -45.5773 36.6172 50
      vertex -44.403 37.1036 0
      vertex -45.5773 36.6172 0
    endloop
  endfacet
  facet normal -0.233435 0.972372 0
    outer loop
      vertex -43.1671 37.4003 0
      vertex -44.403 37.1036 50
      vertex -43.1671 37.4003 50
    endloop
  endfacet
  facet normal -0.233435 0.972372 0
    outer loop
      vertex -44.403 37.1036 50
      vertex -43.1671 37.4003 0
      vertex -44.403 37.1036 0
    endloop
  endfacet
  facet normal 0.233435 0.972372 -0
    outer loop
      vertex 44.403 37.1036 0
      vertex 43.1671 37.4003 50
      vertex 44.403 37.1036 50
    endloop
  endfacet
  facet normal 0.233435 0.972372 0
    outer loop
      vertex 43.1671 37.4003 50
      vertex 44.403 37.1036 0
      vertex 43.1671 37.4003 0
    endloop
  endfacet
  facet normal 0.382676 0.923883 -0
    outer loop
      vertex 45.5773 36.6172 0
      vertex 44.403 37.1036 50
      vertex 45.5773 36.6172 50
    endloop
  endfacet
  facet normal 0.382676 0.923883 0
    outer loop
      vertex 44.403 37.1036 50
      vertex 45.5773 36.6172 0
      vertex 44.403 37.1036 0
    endloop
  endfacet
  facet normal 0.923883 0.382676 0
    outer loop
      vertex 49.6036 31.903 50
      vertex 49.1172 33.0773 0
      vertex 49.1172 33.0773 50
    endloop
  endfacet
  facet normal 0.923883 0.382676 0
    outer loop
      vertex 49.1172 33.0773 0
      vertex 49.6036 31.903 50
      vertex 49.6036 31.903 0
    endloop
  endfacet
  facet normal 0.972372 -0.233435 0
    outer loop
      vertex 49.6036 -31.903 50
      vertex 49.9003 -30.6671 0
      vertex 49.9003 -30.6671 50
    endloop
  endfacet
  facet normal 0.972372 -0.233435 0
    outer loop
      vertex 49.9003 -30.6671 0
      vertex 49.6036 -31.903 50
      vertex 49.6036 -31.903 0
    endloop
  endfacet
  facet normal 0.996919 -0.0784412 0
    outer loop
      vertex 49.9003 -30.6671 50
      vertex 50 -29.4 0
      vertex 50 -29.4 50
    endloop
  endfacet
  facet normal 0.996919 -0.0784412 0
    outer loop
      vertex 50 -29.4 0
      vertex 49.9003 -30.6671 50
      vertex 49.9003 -30.6671 0
    endloop
  endfacet
  facet normal 0.852624 -0.522525 0
    outer loop
      vertex 48.453 -34.1611 50
      vertex 49.1172 -33.0773 0
      vertex 49.1172 -33.0773 50
    endloop
  endfacet
  facet normal 0.852624 -0.522525 0
    outer loop
      vertex 49.1172 -33.0773 0
      vertex 48.453 -34.1611 50
      vertex 48.453 -34.1611 0
    endloop
  endfacet
  facet normal 0.649417 -0.760433 0
    outer loop
      vertex 46.6611 -35.953 0
      vertex 47.6276 -35.1276 50
      vertex 46.6611 -35.953 50
    endloop
  endfacet
  facet normal 0.649417 -0.760433 0
    outer loop
      vertex 47.6276 -35.1276 50
      vertex 46.6611 -35.953 0
      vertex 47.6276 -35.1276 0
    endloop
  endfacet
  facet normal -0.382676 -0.923883 0
    outer loop
      vertex -45.5773 -36.6172 0
      vertex -44.403 -37.1036 50
      vertex -45.5773 -36.6172 50
    endloop
  endfacet
  facet normal -0.382676 -0.923883 -0
    outer loop
      vertex -44.403 -37.1036 50
      vertex -45.5773 -36.6172 0
      vertex -44.403 -37.1036 0
    endloop
  endfacet
  facet normal -0.923883 0.382676 0
    outer loop
      vertex -49.6036 31.903 0
      vertex -49.1172 33.0773 50
      vertex -49.1172 33.0773 0
    endloop
  endfacet
  facet normal -0.923883 0.382676 0
    outer loop
      vertex -49.1172 33.0773 50
      vertex -49.6036 31.903 0
      vertex -49.6036 31.903 50
    endloop
  endfacet
  facet normal -0.996919 0.0784412 0
    outer loop
      vertex -50 29.4 0
      vertex -49.9003 30.6671 50
      vertex -49.9003 30.6671 0
    endloop
  endfacet
  facet normal -0.996919 0.0784412 0
    outer loop
      vertex -49.9003 30.6671 50
      vertex -50 29.4 0
      vertex -50 29.4 50
    endloop
  endfacet
  facet normal -0.972372 0.233435 0
    outer loop
      vertex -49.9003 30.6671 0
      vertex -49.6036 31.903 50
      vertex -49.6036 31.903 0
    endloop
  endfacet
  facet normal -0.972372 0.233435 0
    outer loop
      vertex -49.6036 31.903 50
      vertex -49.9003 30.6671 0
      vertex -49.9003 30.6671 50
    endloop
  endfacet
  facet normal 0.0784412 0.996919 -0
    outer loop
      vertex 43.1671 37.4003 0
      vertex 41.9 37.5 50
      vertex 43.1671 37.4003 50
    endloop
  endfacet
  facet normal 0.0784412 0.996919 0
    outer loop
      vertex 41.9 37.5 50
      vertex 43.1671 37.4003 0
      vertex 41.9 37.5 0
    endloop
  endfacet
  facet normal 0.649417 0.760433 -0
    outer loop
      vertex 47.6276 35.1276 0
      vertex 46.6611 35.953 50
      vertex 47.6276 35.1276 50
    endloop
  endfacet
  facet normal 0.649417 0.760433 0
    outer loop
      vertex 46.6611 35.953 50
      vertex 47.6276 35.1276 0
      vertex 46.6611 35.953 0
    endloop
  endfacet
  facet normal 0.852624 0.522525 0
    outer loop
      vertex 49.1172 33.0773 50
      vertex 48.453 34.1611 0
      vertex 48.453 34.1611 50
    endloop
  endfacet
  facet normal 0.852624 0.522525 0
    outer loop
      vertex 48.453 34.1611 0
      vertex 49.1172 33.0773 50
      vertex 49.1172 33.0773 0
    endloop
  endfacet
  facet normal 0.760433 -0.649417 0
    outer loop
      vertex 47.6276 -35.1276 50
      vertex 48.453 -34.1611 0
      vertex 48.453 -34.1611 50
    endloop
  endfacet
  facet normal 0.760433 -0.649417 0
    outer loop
      vertex 48.453 -34.1611 0
      vertex 47.6276 -35.1276 50
      vertex 47.6276 -35.1276 0
    endloop
  endfacet
  facet normal 0.522525 0.852624 -0
    outer loop
      vertex 46.6611 35.953 0
      vertex 45.5773 36.6172 50
      vertex 46.6611 35.953 50
    endloop
  endfacet
  facet normal 0.522525 0.852624 0
    outer loop
      vertex 45.5773 36.6172 50
      vertex 46.6611 35.953 0
      vertex 45.5773 36.6172 0
    endloop
  endfacet
  facet normal 0.972372 0.233435 0
    outer loop
      vertex 49.9003 30.6671 50
      vertex 49.6036 31.903 0
      vertex 49.6036 31.903 50
    endloop
  endfacet
  facet normal 0.972372 0.233435 0
    outer loop
      vertex 49.6036 31.903 0
      vertex 49.9003 30.6671 50
      vertex 49.9003 30.6671 0
    endloop
  endfacet
  facet normal 0.760433 0.649417 0
    outer loop
      vertex 48.453 34.1611 50
      vertex 47.6276 35.1276 0
      vertex 47.6276 35.1276 50
    endloop
  endfacet
  facet normal 0.760433 0.649417 0
    outer loop
      vertex 47.6276 35.1276 0
      vertex 48.453 34.1611 50
      vertex 48.453 34.1611 0
    endloop
  endfacet
  facet normal 1 0 0
    outer loop
      vertex -48.15 27.55 50
      vertex -48.15 5 25
      vertex -48.15 27.55 1.85
    endloop
  endfacet
  facet normal 1 0 0
    outer loop
      vertex -48.15 27.55 50
      vertex -48.15 4.93844 25.7822
      vertex -48.15 5 25
    endloop
  endfacet
  facet normal 1 0 0
    outer loop
      vertex -48.15 27.55 50
      vertex -48.15 4.75528 26.5451
      vertex -48.15 4.93844 25.7822
    endloop
  endfacet
  facet normal 1 0 0
    outer loop
      vertex -48.15 27.55 50
      vertex -48.15 4.45503 27.27
      vertex -48.15 4.75528 26.5451
    endloop
  endfacet
  facet normal 1 0 0
    outer loop
      vertex -48.15 27.55 50
      vertex -48.15 4.04508 27.9389
      vertex -48.15 4.45503 27.27
    endloop
  endfacet
  facet normal 1 0 0
    outer loop
      vertex -48.15 27.55 50
      vertex -48.15 3.53553 28.5355
      vertex -48.15 4.04508 27.9389
    endloop
  endfacet
  facet normal 1 0 0
    outer loop
      vertex -48.15 27.55 50
      vertex -48.15 2.93893 29.0451
      vertex -48.15 3.53553 28.5355
    endloop
  endfacet
  facet normal 1 0 0
    outer loop
      vertex -48.15 27.55 50
      vertex -48.15 2.26995 29.455
      vertex -48.15 2.93893 29.0451
    endloop
  endfacet
  facet normal 1 0 0
    outer loop
      vertex -48.15 27.55 50
      vertex -48.15 1.54508 29.7553
      vertex -48.15 2.26995 29.455
    endloop
  endfacet
  facet normal 1 0 0
    outer loop
      vertex -48.15 27.55 50
      vertex -48.15 0.782172 29.9384
      vertex -48.15 1.54508 29.7553
    endloop
  endfacet
  facet normal 1 0 0
    outer loop
      vertex -48.15 27.55 50
      vertex -48.15 0 30
      vertex -48.15 0.782172 29.9384
    endloop
  endfacet
  facet normal 1 -0 0
    outer loop
      vertex -48.15 -27.55 50
      vertex -48.15 0 30
      vertex -48.15 27.55 50
    endloop
  endfacet
  facet normal 1 0 0
    outer loop
      vertex -48.15 0 30
      vertex -48.15 -27.55 50
      vertex -48.15 -0.782172 29.9384
    endloop
  endfacet
  facet normal 1 0 0
    outer loop
      vertex -48.15 -0.782172 29.9384
      vertex -48.15 -27.55 50
      vertex -48.15 -1.54508 29.7553
    endloop
  endfacet
  facet normal 1 0 0
    outer loop
      vertex -48.15 -1.54508 29.7553
      vertex -48.15 -27.55 50
      vertex -48.15 -2.26995 29.455
    endloop
  endfacet
  facet normal 1 0 0
    outer loop
      vertex -48.15 -27.55 1.85
      vertex -48.15 -5 25
      vertex -48.15 -27.55 50
    endloop
  endfacet
  facet normal 1 0 0
    outer loop
      vertex -48.15 -4.93844 25.7822
      vertex -48.15 -27.55 50
      vertex -48.15 -5 25
    endloop
  endfacet
  facet normal 1 0 0
    outer loop
      vertex -48.15 -4.75528 26.5451
      vertex -48.15 -27.55 50
      vertex -48.15 -4.93844 25.7822
    endloop
  endfacet
  facet normal 1 0 0
    outer loop
      vertex -48.15 -4.45503 27.27
      vertex -48.15 -27.55 50
      vertex -48.15 -4.75528 26.5451
    endloop
  endfacet
  facet normal 1 0 0
    outer loop
      vertex -48.15 -4.04508 27.9389
      vertex -48.15 -27.55 50
      vertex -48.15 -4.45503 27.27
    endloop
  endfacet
  facet normal 1 0 0
    outer loop
      vertex -48.15 -3.53553 28.5355
      vertex -48.15 -27.55 50
      vertex -48.15 -4.04508 27.9389
    endloop
  endfacet
  facet normal 1 0 0
    outer loop
      vertex -48.15 -2.93893 29.0451
      vertex -48.15 -27.55 50
      vertex -48.15 -3.53553 28.5355
    endloop
  endfacet
  facet normal 1 0 0
    outer loop
      vertex -48.15 -2.26995 29.455
      vertex -48.15 -27.55 50
      vertex -48.15 -2.93893 29.0451
    endloop
  endfacet
  facet normal 1 -0 0
    outer loop
      vertex -48.15 5 5
      vertex -48.15 27.55 1.85
      vertex -48.15 5 25
    endloop
  endfacet
  facet normal 1 -0 0
    outer loop
      vertex -48.15 4.93844 4.21783
      vertex -48.15 27.55 1.85
      vertex -48.15 5 5
    endloop
  endfacet
  facet normal 1 -0 0
    outer loop
      vertex -48.15 4.75528 3.45492
      vertex -48.15 27.55 1.85
      vertex -48.15 4.93844 4.21783
    endloop
  endfacet
  facet normal 1 -0 0
    outer loop
      vertex -48.15 4.45503 2.73005
      vertex -48.15 27.55 1.85
      vertex -48.15 4.75528 3.45492
    endloop
  endfacet
  facet normal 1 -0 0
    outer loop
      vertex -48.15 4.04508 2.06107
      vertex -48.15 27.55 1.85
      vertex -48.15 4.45503 2.73005
    endloop
  endfacet
  facet normal 1 0 0
    outer loop
      vertex -48.15 27.55 1.85
      vertex -48.15 4.04508 2.06107
      vertex -48.15 3.86481 1.85
    endloop
  endfacet
  facet normal 1 0 0
    outer loop
      vertex -48.15 -5 25
      vertex -48.15 -27.55 1.85
      vertex -48.15 -5 5
    endloop
  endfacet
  facet normal 1 0 0
    outer loop
      vertex -48.15 -5 5
      vertex -48.15 -27.55 1.85
      vertex -48.15 -4.93844 4.21783
    endloop
  endfacet
  facet normal 1 0 0
    outer loop
      vertex -48.15 -4.93844 4.21783
      vertex -48.15 -27.55 1.85
      vertex -48.15 -4.75528 3.45492
    endloop
  endfacet
  facet normal 1 0 0
    outer loop
      vertex -48.15 -4.04508 2.06107
      vertex -48.15 -27.55 1.85
      vertex -48.15 -3.86481 1.85
    endloop
  endfacet
  facet normal 1 0 0
    outer loop
      vertex -48.15 -4.45503 2.73005
      vertex -48.15 -27.55 1.85
      vertex -48.15 -4.04508 2.06107
    endloop
  endfacet
  facet normal 1 0 0
    outer loop
      vertex -48.15 -4.75528 3.45492
      vertex -48.15 -27.55 1.85
      vertex -48.15 -4.45503 2.73005
    endloop
  endfacet
  facet normal 0.649417 -0.760433 0
    outer loop
      vertex -45.7776 33.2776 1.85
      vertex -44.8111 34.103 50
      vertex -45.7776 33.2776 50
    endloop
  endfacet
  facet normal 0.649417 -0.760433 0
    outer loop
      vertex -44.8111 34.103 50
      vertex -45.7776 33.2776 1.85
      vertex -44.8111 34.103 1.85
    endloop
  endfacet
  facet normal -0.996919 -0.0784412 0
    outer loop
      vertex 48.15 27.55 1.85
      vertex 48.0503 28.8171 50
      vertex 48.0503 28.8171 1.85
    endloop
  endfacet
  facet normal -0.996919 -0.0784412 0
    outer loop
      vertex 48.0503 28.8171 50
      vertex 48.15 27.55 1.85
      vertex 48.15 27.55 50
    endloop
  endfacet
  facet normal 0 1 -0
    outer loop
      vertex -0.782172 -35.65 29.9384
      vertex -40.05 -35.65 50
      vertex 0 -35.65 30
    endloop
  endfacet
  facet normal 0 1 0
    outer loop
      vertex 40.05 -35.65 50
      vertex 0.782172 -35.65 29.9384
      vertex 0 -35.65 30
    endloop
  endfacet
  facet normal 0 1 0
    outer loop
      vertex 40.05 -35.65 50
      vertex 1.54508 -35.65 29.7553
      vertex 0.782172 -35.65 29.9384
    endloop
  endfacet
  facet normal 0 1 0
    outer loop
      vertex 40.05 -35.65 50
      vertex 2.26995 -35.65 29.455
      vertex 1.54508 -35.65 29.7553
    endloop
  endfacet
  facet normal 0 1 0
    outer loop
      vertex 40.05 -35.65 50
      vertex 2.93893 -35.65 29.0451
      vertex 2.26995 -35.65 29.455
    endloop
  endfacet
  facet normal 0 1 0
    outer loop
      vertex 38.55 -35.65 36.85
      vertex 3.53553 -35.65 28.5355
      vertex 2.93893 -35.65 29.0451
    endloop
  endfacet
  facet normal 0 1 0
    outer loop
      vertex 38.55 -35.65 36.85
      vertex 4.04508 -35.65 27.9389
      vertex 3.53553 -35.65 28.5355
    endloop
  endfacet
  facet normal 0 1 0
    outer loop
      vertex 38.55 -35.65 36.85
      vertex 4.45503 -35.65 27.27
      vertex 4.04508 -35.65 27.9389
    endloop
  endfacet
  facet normal 0 1 0
    outer loop
      vertex 38.55 -35.65 36.85
      vertex 4.75528 -35.65 26.5451
      vertex 4.45503 -35.65 27.27
    endloop
  endfacet
  facet normal 0 1 0
    outer loop
      vertex 38.55 -35.65 36.85
      vertex 4.93844 -35.65 25.7822
      vertex 4.75528 -35.65 26.5451
    endloop
  endfacet
  facet normal 0 1 0
    outer loop
      vertex 38.55 -35.65 36.85
      vertex 5 -35.65 25
      vertex 4.93844 -35.65 25.7822
    endloop
  endfacet
  facet normal 0 1 -0
    outer loop
      vertex 38.55 -35.65 1.85
      vertex 5 -35.65 25
      vertex 38.55 -35.65 36.85
    endloop
  endfacet
  facet normal 0 1 0
    outer loop
      vertex 5 -35.65 25
      vertex 38.55 -35.65 1.85
      vertex 5 -35.65 5
    endloop
  endfacet
  facet normal 0 1 0
    outer loop
      vertex 5 -35.65 5
      vertex 38.55 -35.65 1.85
      vertex 4.93844 -35.65 4.21783
    endloop
  endfacet
  facet normal 0 1 0
    outer loop
      vertex 4.93844 -35.65 4.21783
      vertex 38.55 -35.65 1.85
      vertex 4.75528 -35.65 3.45492
    endloop
  endfacet
  facet normal 0 1 0
    outer loop
      vertex 4.75528 -35.65 3.45492
      vertex 38.55 -35.65 1.85
      vertex 4.45503 -35.65 2.73005
    endloop
  endfacet
  facet normal 0 1 0
    outer loop
      vertex 4.45503 -35.65 2.73005
      vertex 38.55 -35.65 1.85
      vertex 4.04508 -35.65 2.06107
    endloop
  endfacet
  facet normal 0 1 0
    outer loop
      vertex 4.04508 -35.65 2.06107
      vertex 38.55 -35.65 1.85
      vertex 3.86481 -35.65 1.85
    endloop
  endfacet
  facet normal 0 1 0
    outer loop
      vertex 38.55 -35.65 36.85
      vertex 40.05 -35.65 50
      vertex 40.05 -35.65 36.85
    endloop
  endfacet
  facet normal 0 1 0
    outer loop
      vertex 2.93893 -35.65 29.0451
      vertex 40.05 -35.65 50
      vertex 38.55 -35.65 36.85
    endloop
  endfacet
  facet normal 0 1 0
    outer loop
      vertex 40.05 -35.65 50
      vertex 0 -35.65 30
      vertex -40.05 -35.65 50
    endloop
  endfacet
  facet normal 0 1 0
    outer loop
      vertex -40.05 -35.65 50
      vertex -38.55 -35.65 36.85
      vertex -40.05 -35.65 36.85
    endloop
  endfacet
  facet normal 0 1 -0
    outer loop
      vertex -1.54508 -35.65 29.7553
      vertex -40.05 -35.65 50
      vertex -0.782172 -35.65 29.9384
    endloop
  endfacet
  facet normal 0 1 -0
    outer loop
      vertex -2.26995 -35.65 29.455
      vertex -40.05 -35.65 50
      vertex -1.54508 -35.65 29.7553
    endloop
  endfacet
  facet normal 0 1 -0
    outer loop
      vertex -2.93893 -35.65 29.0451
      vertex -40.05 -35.65 50
      vertex -2.26995 -35.65 29.455
    endloop
  endfacet
  facet normal 0 1 0
    outer loop
      vertex -40.05 -35.65 50
      vertex -2.93893 -35.65 29.0451
      vertex -38.55 -35.65 36.85
    endloop
  endfacet
  facet normal 0 1 -0
    outer loop
      vertex -3.53553 -35.65 28.5355
      vertex -38.55 -35.65 36.85
      vertex -2.93893 -35.65 29.0451
    endloop
  endfacet
  facet normal 0 1 -0
    outer loop
      vertex -4.04508 -35.65 27.9389
      vertex -38.55 -35.65 36.85
      vertex -3.53553 -35.65 28.5355
    endloop
  endfacet
  facet normal 0 1 -0
    outer loop
      vertex -4.45503 -35.65 27.27
      vertex -38.55 -35.65 36.85
      vertex -4.04508 -35.65 27.9389
    endloop
  endfacet
  facet normal 0 1 -0
    outer loop
      vertex -4.75528 -35.65 26.5451
      vertex -38.55 -35.65 36.85
      vertex -4.45503 -35.65 27.27
    endloop
  endfacet
  facet normal 0 1 -0
    outer loop
      vertex -4.93844 -35.65 25.7822
      vertex -38.55 -35.65 36.85
      vertex -4.75528 -35.65 26.5451
    endloop
  endfacet
  facet normal 0 1 -0
    outer loop
      vertex -5 -35.65 25
      vertex -38.55 -35.65 36.85
      vertex -4.93844 -35.65 25.7822
    endloop
  endfacet
  facet normal 0 1 0
    outer loop
      vertex -38.55 -35.65 1.85
      vertex -5 -35.65 25
      vertex -5 -35.65 5
    endloop
  endfacet
  facet normal 0 1 0
    outer loop
      vertex -38.55 -35.65 1.85
      vertex -5 -35.65 5
      vertex -4.93844 -35.65 4.21783
    endloop
  endfacet
  facet normal 0 1 0
    outer loop
      vertex -38.55 -35.65 1.85
      vertex -4.93844 -35.65 4.21783
      vertex -4.75528 -35.65 3.45492
    endloop
  endfacet
  facet normal 0 1 0
    outer loop
      vertex -38.55 -35.65 1.85
      vertex -4.75528 -35.65 3.45492
      vertex -4.45503 -35.65 2.73005
    endloop
  endfacet
  facet normal 0 1 0
    outer loop
      vertex -38.55 -35.65 1.85
      vertex -4.45503 -35.65 2.73005
      vertex -4.04508 -35.65 2.06107
    endloop
  endfacet
  facet normal 0 1 0
    outer loop
      vertex -38.55 -35.65 1.85
      vertex -4.04508 -35.65 2.06107
      vertex -3.86481 -35.65 1.85
    endloop
  endfacet
  facet normal 0 1 0
    outer loop
      vertex -5 -35.65 25
      vertex -38.55 -35.65 1.85
      vertex -38.55 -35.65 36.85
    endloop
  endfacet
  facet normal -0.852624 0.522525 0
    outer loop
      vertex 46.603 -32.3111 1.85
      vertex 47.2672 -31.2273 50
      vertex 47.2672 -31.2273 1.85
    endloop
  endfacet
  facet normal -0.852624 0.522525 0
    outer loop
      vertex 47.2672 -31.2273 50
      vertex 46.603 -32.3111 1.85
      vertex 46.603 -32.3111 50
    endloop
  endfacet
  facet normal 0 -1 0
    outer loop
      vertex 0.782172 35.65 29.9384
      vertex 40.05 35.65 50
      vertex 0 35.65 30
    endloop
  endfacet
  facet normal 0 -1 0
    outer loop
      vertex -40.05 35.65 50
      vertex -0.782172 35.65 29.9384
      vertex 0 35.65 30
    endloop
  endfacet
  facet normal 0 -1 0
    outer loop
      vertex -40.05 35.65 50
      vertex -1.54508 35.65 29.7553
      vertex -0.782172 35.65 29.9384
    endloop
  endfacet
  facet normal 0 -1 0
    outer loop
      vertex -40.05 35.65 50
      vertex -2.26995 35.65 29.455
      vertex -1.54508 35.65 29.7553
    endloop
  endfacet
  facet normal 0 -1 0
    outer loop
      vertex -40.05 35.65 50
      vertex -2.93893 35.65 29.0451
      vertex -2.26995 35.65 29.455
    endloop
  endfacet
  facet normal 0 -1 0
    outer loop
      vertex -38.55 35.65 36.85
      vertex -3.53553 35.65 28.5355
      vertex -2.93893 35.65 29.0451
    endloop
  endfacet
  facet normal 0 -1 0
    outer loop
      vertex -38.55 35.65 36.85
      vertex -4.04508 35.65 27.9389
      vertex -3.53553 35.65 28.5355
    endloop
  endfacet
  facet normal 0 -1 0
    outer loop
      vertex -38.55 35.65 36.85
      vertex -4.45503 35.65 27.27
      vertex -4.04508 35.65 27.9389
    endloop
  endfacet
  facet normal 0 -1 0
    outer loop
      vertex -38.55 35.65 36.85
      vertex -4.75528 35.65 26.5451
      vertex -4.45503 35.65 27.27
    endloop
  endfacet
  facet normal 0 -1 0
    outer loop
      vertex -38.55 35.65 36.85
      vertex -4.93844 35.65 25.7822
      vertex -4.75528 35.65 26.5451
    endloop
  endfacet
  facet normal 0 -1 0
    outer loop
      vertex -38.55 35.65 36.85
      vertex -5 35.65 25
      vertex -4.93844 35.65 25.7822
    endloop
  endfacet
  facet normal 0 -1 0
    outer loop
      vertex -38.55 35.65 1.85
      vertex -5 35.65 25
      vertex -38.55 35.65 36.85
    endloop
  endfacet
  facet normal 0 -1 -0
    outer loop
      vertex -5 35.65 25
      vertex -38.55 35.65 1.85
      vertex -5 35.65 5
    endloop
  endfacet
  facet normal 0 -1 -0
    outer loop
      vertex -5 35.65 5
      vertex -38.55 35.65 1.85
      vertex -4.93844 35.65 4.21783
    endloop
  endfacet
  facet normal 0 -1 -0
    outer loop
      vertex -4.93844 35.65 4.21783
      vertex -38.55 35.65 1.85
      vertex -4.75528 35.65 3.45492
    endloop
  endfacet
  facet normal 0 -1 -0
    outer loop
      vertex -4.75528 35.65 3.45492
      vertex -38.55 35.65 1.85
      vertex -4.45503 35.65 2.73005
    endloop
  endfacet
  facet normal 0 -1 -0
    outer loop
      vertex -4.45503 35.65 2.73005
      vertex -38.55 35.65 1.85
      vertex -4.04508 35.65 2.06107
    endloop
  endfacet
  facet normal 0 -1 -0
    outer loop
      vertex -4.04508 35.65 2.06107
      vertex -38.55 35.65 1.85
      vertex -3.86481 35.65 1.85
    endloop
  endfacet
  facet normal 0 -1 0
    outer loop
      vertex -38.55 35.65 36.85
      vertex -40.05 35.65 50
      vertex -40.05 35.65 36.85
    endloop
  endfacet
  facet normal 0 -1 0
    outer loop
      vertex -2.93893 35.65 29.0451
      vertex -40.05 35.65 50
      vertex -38.55 35.65 36.85
    endloop
  endfacet
  facet normal 0 -1 0
    outer loop
      vertex -40.05 35.65 50
      vertex 0 35.65 30
      vertex 40.05 35.65 50
    endloop
  endfacet
  facet normal 0 -1 -0
    outer loop
      vertex 40.05 35.65 50
      vertex 38.55 35.65 36.85
      vertex 40.05 35.65 36.85
    endloop
  endfacet
  facet normal 0 -1 0
    outer loop
      vertex 1.54508 35.65 29.7553
      vertex 40.05 35.65 50
      vertex 0.782172 35.65 29.9384
    endloop
  endfacet
  facet normal 0 -1 0
    outer loop
      vertex 2.26995 35.65 29.455
      vertex 40.05 35.65 50
      vertex 1.54508 35.65 29.7553
    endloop
  endfacet
  facet normal 0 -1 0
    outer loop
      vertex 2.93893 35.65 29.0451
      vertex 40.05 35.65 50
      vertex 2.26995 35.65 29.455
    endloop
  endfacet
  facet normal 0 -1 0
    outer loop
      vertex 40.05 35.65 50
      vertex 2.93893 35.65 29.0451
      vertex 38.55 35.65 36.85
    endloop
  endfacet
  facet normal 0 -1 0
    outer loop
      vertex 3.53553 35.65 28.5355
      vertex 38.55 35.65 36.85
      vertex 2.93893 35.65 29.0451
    endloop
  endfacet
  facet normal 0 -1 0
    outer loop
      vertex 4.04508 35.65 27.9389
      vertex 38.55 35.65 36.85
      vertex 3.53553 35.65 28.5355
    endloop
  endfacet
  facet normal 0 -1 0
    outer loop
      vertex 4.45503 35.65 27.27
      vertex 38.55 35.65 36.85
      vertex 4.04508 35.65 27.9389
    endloop
  endfacet
  facet normal 0 -1 0
    outer loop
      vertex 4.75528 35.65 26.5451
      vertex 38.55 35.65 36.85
      vertex 4.45503 35.65 27.27
    endloop
  endfacet
  facet normal 0 -1 0
    outer loop
      vertex 4.93844 35.65 25.7822
      vertex 38.55 35.65 36.85
      vertex 4.75528 35.65 26.5451
    endloop
  endfacet
  facet normal 0 -1 0
    outer loop
      vertex 5 35.65 25
      vertex 38.55 35.65 36.85
      vertex 4.93844 35.65 25.7822
    endloop
  endfacet
  facet normal 0 -1 0
    outer loop
      vertex 38.55 35.65 1.85
      vertex 5 35.65 25
      vertex 5 35.65 5
    endloop
  endfacet
  facet normal 0 -1 0
    outer loop
      vertex 38.55 35.65 1.85
      vertex 5 35.65 5
      vertex 4.93844 35.65 4.21783
    endloop
  endfacet
  facet normal 0 -1 0
    outer loop
      vertex 38.55 35.65 1.85
      vertex 4.93844 35.65 4.21783
      vertex 4.75528 35.65 3.45492
    endloop
  endfacet
  facet normal 0 -1 0
    outer loop
      vertex 38.55 35.65 1.85
      vertex 4.75528 35.65 3.45492
      vertex 4.45503 35.65 2.73005
    endloop
  endfacet
  facet normal 0 -1 0
    outer loop
      vertex 38.55 35.65 1.85
      vertex 4.45503 35.65 2.73005
      vertex 4.04508 35.65 2.06107
    endloop
  endfacet
  facet normal 0 -1 0
    outer loop
      vertex 38.55 35.65 1.85
      vertex 4.04508 35.65 2.06107
      vertex 3.86481 35.65 1.85
    endloop
  endfacet
  facet normal 0 -1 0
    outer loop
      vertex 5 35.65 25
      vertex 38.55 35.65 1.85
      vertex 38.55 35.65 36.85
    endloop
  endfacet
  facet normal 0.923883 -0.382676 0
    outer loop
      vertex -47.7536 30.053 50
      vertex -47.2672 31.2273 1.85
      vertex -47.2672 31.2273 50
    endloop
  endfacet
  facet normal 0.923883 -0.382676 0
    outer loop
      vertex -47.2672 31.2273 1.85
      vertex -47.7536 30.053 50
      vertex -47.7536 30.053 1.85
    endloop
  endfacet
  facet normal -1 -0 0
    outer loop
      vertex 48.15 -5 5
      vertex 48.15 -27.55 1.85
      vertex 48.15 -5 25
    endloop
  endfacet
  facet normal -1 -0 0
    outer loop
      vertex 48.15 -4.93844 4.21783
      vertex 48.15 -27.55 1.85
      vertex 48.15 -5 5
    endloop
  endfacet
  facet normal -1 -0 0
    outer loop
      vertex 48.15 -4.75528 3.45492
      vertex 48.15 -27.55 1.85
      vertex 48.15 -4.93844 4.21783
    endloop
  endfacet
  facet normal -1 -0 0
    outer loop
      vertex 48.15 -4.45503 2.73005
      vertex 48.15 -27.55 1.85
      vertex 48.15 -4.75528 3.45492
    endloop
  endfacet
  facet normal -1 -0 0
    outer loop
      vertex 48.15 -4.04508 2.06107
      vertex 48.15 -27.55 1.85
      vertex 48.15 -4.45503 2.73005
    endloop
  endfacet
  facet normal -1 0 0
    outer loop
      vertex 48.15 -27.55 1.85
      vertex 48.15 -4.04508 2.06107
      vertex 48.15 -3.86481 1.85
    endloop
  endfacet
  facet normal -1 0 0
    outer loop
      vertex 48.15 5 25
      vertex 48.15 27.55 1.85
      vertex 48.15 5 5
    endloop
  endfacet
  facet normal -1 0 0
    outer loop
      vertex 48.15 27.55 1.85
      vertex 48.15 4.93844 4.21783
      vertex 48.15 5 5
    endloop
  endfacet
  facet normal -1 0 0
    outer loop
      vertex 48.15 27.55 1.85
      vertex 48.15 4.75528 3.45492
      vertex 48.15 4.93844 4.21783
    endloop
  endfacet
  facet normal -1 0 0
    outer loop
      vertex 48.15 27.55 1.85
      vertex 48.15 4.45503 2.73005
      vertex 48.15 4.75528 3.45492
    endloop
  endfacet
  facet normal -1 0 0
    outer loop
      vertex 48.15 27.55 1.85
      vertex 48.15 4.04508 2.06107
      vertex 48.15 4.45503 2.73005
    endloop
  endfacet
  facet normal -1 0 -0
    outer loop
      vertex 48.15 4.04508 2.06107
      vertex 48.15 27.55 1.85
      vertex 48.15 3.86481 1.85
    endloop
  endfacet
  facet normal -1 0 0
    outer loop
      vertex 48.15 27.55 1.85
      vertex 48.15 5 25
      vertex 48.15 27.55 50
    endloop
  endfacet
  facet normal -1 0 0
    outer loop
      vertex 48.15 4.93844 25.7822
      vertex 48.15 27.55 50
      vertex 48.15 5 25
    endloop
  endfacet
  facet normal -1 0 0
    outer loop
      vertex 48.15 4.75528 26.5451
      vertex 48.15 27.55 50
      vertex 48.15 4.93844 25.7822
    endloop
  endfacet
  facet normal -1 0 0
    outer loop
      vertex 48.15 4.45503 27.27
      vertex 48.15 27.55 50
      vertex 48.15 4.75528 26.5451
    endloop
  endfacet
  facet normal -1 0 0
    outer loop
      vertex 48.15 4.04508 27.9389
      vertex 48.15 27.55 50
      vertex 48.15 4.45503 27.27
    endloop
  endfacet
  facet normal -1 0 0
    outer loop
      vertex 48.15 3.53553 28.5355
      vertex 48.15 27.55 50
      vertex 48.15 4.04508 27.9389
    endloop
  endfacet
  facet normal -1 0 0
    outer loop
      vertex 48.15 2.93893 29.0451
      vertex 48.15 27.55 50
      vertex 48.15 3.53553 28.5355
    endloop
  endfacet
  facet normal -1 0 0
    outer loop
      vertex 48.15 2.26995 29.455
      vertex 48.15 27.55 50
      vertex 48.15 2.93893 29.0451
    endloop
  endfacet
  facet normal -1 0 0
    outer loop
      vertex 48.15 1.54508 29.7553
      vertex 48.15 27.55 50
      vertex 48.15 2.26995 29.455
    endloop
  endfacet
  facet normal -1 0 0
    outer loop
      vertex 48.15 0.782172 29.9384
      vertex 48.15 27.55 50
      vertex 48.15 1.54508 29.7553
    endloop
  endfacet
  facet normal -1 0 0
    outer loop
      vertex 48.15 0 30
      vertex 48.15 27.55 50
      vertex 48.15 0.782172 29.9384
    endloop
  endfacet
  facet normal -1 0 0
    outer loop
      vertex 48.15 -27.55 50
      vertex 48.15 0 30
      vertex 48.15 -0.782172 29.9384
    endloop
  endfacet
  facet normal -1 0 0
    outer loop
      vertex 48.15 -27.55 50
      vertex 48.15 -0.782172 29.9384
      vertex 48.15 -1.54508 29.7553
    endloop
  endfacet
  facet normal -1 0 0
    outer loop
      vertex 48.15 -27.55 50
      vertex 48.15 -1.54508 29.7553
      vertex 48.15 -2.26995 29.455
    endloop
  endfacet
  facet normal -1 0 0
    outer loop
      vertex 48.15 -27.55 50
      vertex 48.15 -2.26995 29.455
      vertex 48.15 -2.93893 29.0451
    endloop
  endfacet
  facet normal -1 0 0
    outer loop
      vertex 48.15 -27.55 50
      vertex 48.15 -5 25
      vertex 48.15 -27.55 1.85
    endloop
  endfacet
  facet normal -1 0 0
    outer loop
      vertex 48.15 -5 25
      vertex 48.15 -27.55 50
      vertex 48.15 -4.93844 25.7822
    endloop
  endfacet
  facet normal -1 0 0
    outer loop
      vertex 48.15 -4.93844 25.7822
      vertex 48.15 -27.55 50
      vertex 48.15 -4.75528 26.5451
    endloop
  endfacet
  facet normal -1 0 0
    outer loop
      vertex 48.15 -4.75528 26.5451
      vertex 48.15 -27.55 50
      vertex 48.15 -4.45503 27.27
    endloop
  endfacet
  facet normal -1 0 0
    outer loop
      vertex 48.15 -4.45503 27.27
      vertex 48.15 -27.55 50
      vertex 48.15 -4.04508 27.9389
    endloop
  endfacet
  facet normal -1 0 0
    outer loop
      vertex 48.15 0 30
      vertex 48.15 -27.55 50
      vertex 48.15 27.55 50
    endloop
  endfacet
  facet normal -1 0 0
    outer loop
      vertex 48.15 -3.53553 28.5355
      vertex 48.15 -27.55 50
      vertex 48.15 -2.93893 29.0451
    endloop
  endfacet
  facet normal -1 0 0
    outer loop
      vertex 48.15 -4.04508 27.9389
      vertex 48.15 -27.55 50
      vertex 48.15 -3.53553 28.5355
    endloop
  endfacet
  facet normal -0.522525 0.852624 0
    outer loop
      vertex 44.8111 -34.103 1.85
      vertex 43.7273 -34.7672 50
      vertex 44.8111 -34.103 50
    endloop
  endfacet
  facet normal -0.522525 0.852624 0
    outer loop
      vertex 43.7273 -34.7672 50
      vertex 44.8111 -34.103 1.85
      vertex 43.7273 -34.7672 1.85
    endloop
  endfacet
  facet normal 0.0784412 -0.996919 0
    outer loop
      vertex -41.3171 35.5503 50
      vertex -40.05 35.65 36.85
      vertex -40.05 35.65 50
    endloop
  endfacet
  facet normal 0.0784412 -0.996919 0
    outer loop
      vertex -41.3171 35.5503 1.85
      vertex -40.05 35.65 36.85
      vertex -41.3171 35.5503 50
    endloop
  endfacet
  facet normal 0.0784412 -0.996919 0
    outer loop
      vertex -40.05 35.65 36.85
      vertex -41.3171 35.5503 1.85
      vertex -40.05 35.65 1.85
    endloop
  endfacet
  facet normal 0.996919 -0.0784412 0
    outer loop
      vertex -48.15 27.55 50
      vertex -48.0503 28.8171 1.85
      vertex -48.0503 28.8171 50
    endloop
  endfacet
  facet normal 0.996919 -0.0784412 0
    outer loop
      vertex -48.0503 28.8171 1.85
      vertex -48.15 27.55 50
      vertex -48.15 27.55 1.85
    endloop
  endfacet
  facet normal 0.852624 -0.522525 0
    outer loop
      vertex -47.2672 31.2273 50
      vertex -46.603 32.3111 1.85
      vertex -46.603 32.3111 50
    endloop
  endfacet
  facet normal 0.852624 -0.522525 0
    outer loop
      vertex -46.603 32.3111 1.85
      vertex -47.2672 31.2273 50
      vertex -47.2672 31.2273 1.85
    endloop
  endfacet
  facet normal 0.760433 -0.649417 0
    outer loop
      vertex -46.603 32.3111 50
      vertex -45.7776 33.2776 1.85
      vertex -45.7776 33.2776 50
    endloop
  endfacet
  facet normal 0.760433 -0.649417 0
    outer loop
      vertex -45.7776 33.2776 1.85
      vertex -46.603 32.3111 50
      vertex -46.603 32.3111 1.85
    endloop
  endfacet
  facet normal 0.522525 -0.852624 0
    outer loop
      vertex -44.8111 34.103 1.85
      vertex -43.7273 34.7672 50
      vertex -44.8111 34.103 50
    endloop
  endfacet
  facet normal 0.522525 -0.852624 0
    outer loop
      vertex -43.7273 34.7672 50
      vertex -44.8111 34.103 1.85
      vertex -43.7273 34.7672 1.85
    endloop
  endfacet
  facet normal -0.0784412 -0.996919 0
    outer loop
      vertex 40.05 35.65 36.85
      vertex 41.3171 35.5503 50
      vertex 40.05 35.65 50
    endloop
  endfacet
  facet normal -0.0784412 -0.996919 0
    outer loop
      vertex 41.3171 35.5503 1.85
      vertex 40.05 35.65 36.85
      vertex 40.05 35.65 1.85
    endloop
  endfacet
  facet normal -0.0784412 -0.996919 0
    outer loop
      vertex 40.05 35.65 36.85
      vertex 41.3171 35.5503 1.85
      vertex 41.3171 35.5503 50
    endloop
  endfacet
  facet normal -0.382676 0.923883 0
    outer loop
      vertex 43.7273 -34.7672 1.85
      vertex 42.553 -35.2536 50
      vertex 43.7273 -34.7672 50
    endloop
  endfacet
  facet normal -0.382676 0.923883 0
    outer loop
      vertex 42.553 -35.2536 50
      vertex 43.7273 -34.7672 1.85
      vertex 42.553 -35.2536 1.85
    endloop
  endfacet
  facet normal -0.0784412 0.996919 0
    outer loop
      vertex 41.3171 -35.5503 50
      vertex 40.05 -35.65 36.85
      vertex 40.05 -35.65 50
    endloop
  endfacet
  facet normal -0.0784412 0.996919 0
    outer loop
      vertex 41.3171 -35.5503 1.85
      vertex 40.05 -35.65 36.85
      vertex 41.3171 -35.5503 50
    endloop
  endfacet
  facet normal -0.0784412 0.996919 0
    outer loop
      vertex 40.05 -35.65 36.85
      vertex 41.3171 -35.5503 1.85
      vertex 40.05 -35.65 1.85
    endloop
  endfacet
  facet normal -0.923883 0.382676 0
    outer loop
      vertex 47.2672 -31.2273 1.85
      vertex 47.7536 -30.053 50
      vertex 47.7536 -30.053 1.85
    endloop
  endfacet
  facet normal -0.923883 0.382676 0
    outer loop
      vertex 47.7536 -30.053 50
      vertex 47.2672 -31.2273 1.85
      vertex 47.2672 -31.2273 50
    endloop
  endfacet
  facet normal 0.760433 0.649417 0
    outer loop
      vertex -45.7776 -33.2776 50
      vertex -46.603 -32.3111 1.85
      vertex -46.603 -32.3111 50
    endloop
  endfacet
  facet normal 0.760433 0.649417 0
    outer loop
      vertex -46.603 -32.3111 1.85
      vertex -45.7776 -33.2776 50
      vertex -45.7776 -33.2776 1.85
    endloop
  endfacet
  facet normal 0.382676 -0.923883 0
    outer loop
      vertex -43.7273 34.7672 1.85
      vertex -42.553 35.2536 50
      vertex -43.7273 34.7672 50
    endloop
  endfacet
  facet normal 0.382676 -0.923883 0
    outer loop
      vertex -42.553 35.2536 50
      vertex -43.7273 34.7672 1.85
      vertex -42.553 35.2536 1.85
    endloop
  endfacet
  facet normal 0.233435 -0.972372 0
    outer loop
      vertex -42.553 35.2536 1.85
      vertex -41.3171 35.5503 50
      vertex -42.553 35.2536 50
    endloop
  endfacet
  facet normal 0.233435 -0.972372 0
    outer loop
      vertex -41.3171 35.5503 50
      vertex -42.553 35.2536 1.85
      vertex -41.3171 35.5503 1.85
    endloop
  endfacet
  facet normal 0.972372 -0.233435 0
    outer loop
      vertex -48.0503 28.8171 50
      vertex -47.7536 30.053 1.85
      vertex -47.7536 30.053 50
    endloop
  endfacet
  facet normal 0.972372 -0.233435 0
    outer loop
      vertex -47.7536 30.053 1.85
      vertex -48.0503 28.8171 50
      vertex -48.0503 28.8171 1.85
    endloop
  endfacet
  facet normal -0.382676 -0.923883 0
    outer loop
      vertex 42.553 35.2536 1.85
      vertex 43.7273 34.7672 50
      vertex 42.553 35.2536 50
    endloop
  endfacet
  facet normal -0.382676 -0.923883 -0
    outer loop
      vertex 43.7273 34.7672 50
      vertex 42.553 35.2536 1.85
      vertex 43.7273 34.7672 1.85
    endloop
  endfacet
  facet normal -0.522525 -0.852624 0
    outer loop
      vertex 43.7273 34.7672 1.85
      vertex 44.8111 34.103 50
      vertex 43.7273 34.7672 50
    endloop
  endfacet
  facet normal -0.522525 -0.852624 -0
    outer loop
      vertex 44.8111 34.103 50
      vertex 43.7273 34.7672 1.85
      vertex 44.8111 34.103 1.85
    endloop
  endfacet
  facet normal -0.233435 -0.972372 0
    outer loop
      vertex 41.3171 35.5503 1.85
      vertex 42.553 35.2536 50
      vertex 41.3171 35.5503 50
    endloop
  endfacet
  facet normal -0.233435 -0.972372 -0
    outer loop
      vertex 42.553 35.2536 50
      vertex 41.3171 35.5503 1.85
      vertex 42.553 35.2536 1.85
    endloop
  endfacet
  facet normal -0.233435 0.972372 0
    outer loop
      vertex 42.553 -35.2536 1.85
      vertex 41.3171 -35.5503 50
      vertex 42.553 -35.2536 50
    endloop
  endfacet
  facet normal -0.233435 0.972372 0
    outer loop
      vertex 41.3171 -35.5503 50
      vertex 42.553 -35.2536 1.85
      vertex 41.3171 -35.5503 1.85
    endloop
  endfacet
  facet normal -0.649417 0.760433 0
    outer loop
      vertex 45.7776 -33.2776 1.85
      vertex 44.8111 -34.103 50
      vertex 45.7776 -33.2776 50
    endloop
  endfacet
  facet normal -0.649417 0.760433 0
    outer loop
      vertex 44.8111 -34.103 50
      vertex 45.7776 -33.2776 1.85
      vertex 44.8111 -34.103 1.85
    endloop
  endfacet
  facet normal -0.972372 0.233435 0
    outer loop
      vertex 47.7536 -30.053 1.85
      vertex 48.0503 -28.8171 50
      vertex 48.0503 -28.8171 1.85
    endloop
  endfacet
  facet normal -0.972372 0.233435 0
    outer loop
      vertex 48.0503 -28.8171 50
      vertex 47.7536 -30.053 1.85
      vertex 47.7536 -30.053 50
    endloop
  endfacet
  facet normal -0.996919 0.0784412 0
    outer loop
      vertex 48.0503 -28.8171 1.85
      vertex 48.15 -27.55 50
      vertex 48.15 -27.55 1.85
    endloop
  endfacet
  facet normal -0.996919 0.0784412 0
    outer loop
      vertex 48.15 -27.55 50
      vertex 48.0503 -28.8171 1.85
      vertex 48.0503 -28.8171 50
    endloop
  endfacet
  facet normal 0.852624 0.522525 0
    outer loop
      vertex -46.603 -32.3111 50
      vertex -47.2672 -31.2273 1.85
      vertex -47.2672 -31.2273 50
    endloop
  endfacet
  facet normal 0.852624 0.522525 0
    outer loop
      vertex -47.2672 -31.2273 1.85
      vertex -46.603 -32.3111 50
      vertex -46.603 -32.3111 1.85
    endloop
  endfacet
  facet normal 0.522525 0.852624 -0
    outer loop
      vertex -43.7273 -34.7672 1.85
      vertex -44.8111 -34.103 50
      vertex -43.7273 -34.7672 50
    endloop
  endfacet
  facet normal 0.522525 0.852624 0
    outer loop
      vertex -44.8111 -34.103 50
      vertex -43.7273 -34.7672 1.85
      vertex -44.8111 -34.103 1.85
    endloop
  endfacet
  facet normal -0.649417 -0.760433 0
    outer loop
      vertex 44.8111 34.103 1.85
      vertex 45.7776 33.2776 50
      vertex 44.8111 34.103 50
    endloop
  endfacet
  facet normal -0.649417 -0.760433 -0
    outer loop
      vertex 45.7776 33.2776 50
      vertex 44.8111 34.103 1.85
      vertex 45.7776 33.2776 1.85
    endloop
  endfacet
  facet normal -0.760433 -0.649417 0
    outer loop
      vertex 46.603 32.3111 1.85
      vertex 45.7776 33.2776 50
      vertex 45.7776 33.2776 1.85
    endloop
  endfacet
  facet normal -0.760433 -0.649417 0
    outer loop
      vertex 45.7776 33.2776 50
      vertex 46.603 32.3111 1.85
      vertex 46.603 32.3111 50
    endloop
  endfacet
  facet normal -0.852624 -0.522525 0
    outer loop
      vertex 47.2672 31.2273 1.85
      vertex 46.603 32.3111 50
      vertex 46.603 32.3111 1.85
    endloop
  endfacet
  facet normal -0.852624 -0.522525 0
    outer loop
      vertex 46.603 32.3111 50
      vertex 47.2672 31.2273 1.85
      vertex 47.2672 31.2273 50
    endloop
  endfacet
  facet normal -0.972372 -0.233435 0
    outer loop
      vertex 48.0503 28.8171 1.85
      vertex 47.7536 30.053 50
      vertex 47.7536 30.053 1.85
    endloop
  endfacet
  facet normal -0.972372 -0.233435 0
    outer loop
      vertex 47.7536 30.053 50
      vertex 48.0503 28.8171 1.85
      vertex 48.0503 28.8171 50
    endloop
  endfacet
  facet normal -0.923883 -0.382676 0
    outer loop
      vertex 47.7536 30.053 1.85
      vertex 47.2672 31.2273 50
      vertex 47.2672 31.2273 1.85
    endloop
  endfacet
  facet normal -0.923883 -0.382676 0
    outer loop
      vertex 47.2672 31.2273 50
      vertex 47.7536 30.053 1.85
      vertex 47.7536 30.053 50
    endloop
  endfacet
  facet normal -0.760433 0.649417 0
    outer loop
      vertex 45.7776 -33.2776 1.85
      vertex 46.603 -32.3111 50
      vertex 46.603 -32.3111 1.85
    endloop
  endfacet
  facet normal -0.760433 0.649417 0
    outer loop
      vertex 46.603 -32.3111 50
      vertex 45.7776 -33.2776 1.85
      vertex 45.7776 -33.2776 50
    endloop
  endfacet
  facet normal 0.972372 0.233435 0
    outer loop
      vertex -47.7536 -30.053 50
      vertex -48.0503 -28.8171 1.85
      vertex -48.0503 -28.8171 50
    endloop
  endfacet
  facet normal 0.972372 0.233435 0
    outer loop
      vertex -48.0503 -28.8171 1.85
      vertex -47.7536 -30.053 50
      vertex -47.7536 -30.053 1.85
    endloop
  endfacet
  facet normal -0 0 1
    outer loop
      vertex 40.05 20.65 1.85
      vertex 48.15 3.86481 1.85
      vertex 48.15 27.55 1.85
    endloop
  endfacet
  facet normal 0 0 1
    outer loop
      vertex 48.15 3.86481 1.85
      vertex 40.05 20.65 1.85
      vertex 48.11 3.86481 1.85
    endloop
  endfacet
  facet normal 0 0 1
    outer loop
      vertex 40.05 20.65 1.85
      vertex 48.15 27.55 1.85
      vertex 48.0503 28.8171 1.85
    endloop
  endfacet
  facet normal 0 0 1
    outer loop
      vertex 40.05 -20.65 1.85
      vertex 48.15 -3.86481 1.85
      vertex 48.11 -3.86481 1.85
    endloop
  endfacet
  facet normal -0 0 1
    outer loop
      vertex 38.55 20.65 1.85
      vertex 48.11 3.86481 1.85
      vertex 40.05 20.65 1.85
    endloop
  endfacet
  facet normal 0 0 1
    outer loop
      vertex 7.40766 1.17326 1.85
      vertex 48.11 3.86481 1.85
      vertex 38.55 20.65 1.85
    endloop
  endfacet
  facet normal 0 0 1
    outer loop
      vertex 40.05 20.65 1.85
      vertex 48.0503 28.8171 1.85
      vertex 47.7536 30.053 1.85
    endloop
  endfacet
  facet normal 0 0 1
    outer loop
      vertex 48.15 -3.86481 1.85
      vertex 40.05 -20.65 1.85
      vertex 48.15 -27.55 1.85
    endloop
  endfacet
  facet normal 0 0 1
    outer loop
      vertex 40.05 20.65 1.85
      vertex 47.7536 30.053 1.85
      vertex 47.2672 31.2273 1.85
    endloop
  endfacet
  facet normal 0 0 1
    outer loop
      vertex 48.15 -27.55 1.85
      vertex 40.05 -20.65 1.85
      vertex 48.0503 -28.8171 1.85
    endloop
  endfacet
  facet normal 0 0 1
    outer loop
      vertex 40.05 20.65 1.85
      vertex 47.2672 31.2273 1.85
      vertex 46.603 32.3111 1.85
    endloop
  endfacet
  facet normal 0 0 1
    outer loop
      vertex 48.0503 -28.8171 1.85
      vertex 40.05 -20.65 1.85
      vertex 47.7536 -30.053 1.85
    endloop
  endfacet
  facet normal 0 0 1
    outer loop
      vertex 40.05 20.65 1.85
      vertex 46.603 32.3111 1.85
      vertex 45.7776 33.2776 1.85
    endloop
  endfacet
  facet normal 0 0 1
    outer loop
      vertex 47.7536 -30.053 1.85
      vertex 40.05 -20.65 1.85
      vertex 47.2672 -31.2273 1.85
    endloop
  endfacet
  facet normal 0 0 1
    outer loop
      vertex 40.05 20.65 1.85
      vertex 45.7776 33.2776 1.85
      vertex 44.8111 34.103 1.85
    endloop
  endfacet
  facet normal 0 0 1
    outer loop
      vertex 47.2672 -31.2273 1.85
      vertex 40.05 -20.65 1.85
      vertex 46.603 -32.3111 1.85
    endloop
  endfacet
  facet normal 0 0 1
    outer loop
      vertex 40.05 20.65 1.85
      vertex 44.8111 34.103 1.85
      vertex 43.7273 34.7672 1.85
    endloop
  endfacet
  facet normal 0 0 1
    outer loop
      vertex 46.603 -32.3111 1.85
      vertex 40.05 -20.65 1.85
      vertex 45.7776 -33.2776 1.85
    endloop
  endfacet
  facet normal 0 0 1
    outer loop
      vertex 40.05 20.65 1.85
      vertex 43.7273 34.7672 1.85
      vertex 42.553 35.2536 1.85
    endloop
  endfacet
  facet normal 0 0 1
    outer loop
      vertex 45.7776 -33.2776 1.85
      vertex 40.05 -20.65 1.85
      vertex 44.8111 -34.103 1.85
    endloop
  endfacet
  facet normal 0 0 1
    outer loop
      vertex 40.05 20.65 1.85
      vertex 42.553 35.2536 1.85
      vertex 41.3171 35.5503 1.85
    endloop
  endfacet
  facet normal 0 0 1
    outer loop
      vertex 44.8111 -34.103 1.85
      vertex 40.05 -20.65 1.85
      vertex 43.7273 -34.7672 1.85
    endloop
  endfacet
  facet normal 0 0 1
    outer loop
      vertex 40.05 20.65 1.85
      vertex 41.3171 35.5503 1.85
      vertex 40.05 35.65 1.85
    endloop
  endfacet
  facet normal 0 0 1
    outer loop
      vertex 43.7273 -34.7672 1.85
      vertex 40.05 -20.65 1.85
      vertex 42.553 -35.2536 1.85
    endloop
  endfacet
  facet normal 0 0 1
    outer loop
      vertex 42.553 -35.2536 1.85
      vertex 40.05 -20.65 1.85
      vertex 41.3171 -35.5503 1.85
    endloop
  endfacet
  facet normal 0 0 1
    outer loop
      vertex 41.3171 -35.5503 1.85
      vertex 40.05 -20.65 1.85
      vertex 40.05 -35.65 1.85
    endloop
  endfacet
  facet normal -0 0 1
    outer loop
      vertex -41.3171 35.5503 1.85
      vertex -40.05 20.65 1.85
      vertex -40.05 35.65 1.85
    endloop
  endfacet
  facet normal 0 0 1
    outer loop
      vertex -40.05 20.65 1.85
      vertex -48.11 3.86481 1.85
      vertex -40.05 -20.65 1.85
    endloop
  endfacet
  facet normal -0 0 1
    outer loop
      vertex -42.553 35.2536 1.85
      vertex -40.05 20.65 1.85
      vertex -41.3171 35.5503 1.85
    endloop
  endfacet
  facet normal -0 0 1
    outer loop
      vertex -48.11 -3.86481 1.85
      vertex -40.05 -20.65 1.85
      vertex -48.11 3.86481 1.85
    endloop
  endfacet
  facet normal -0 0 1
    outer loop
      vertex -43.7273 34.7672 1.85
      vertex -40.05 20.65 1.85
      vertex -42.553 35.2536 1.85
    endloop
  endfacet
  facet normal -0 0 1
    outer loop
      vertex -48.15 -3.86481 1.85
      vertex -40.05 -20.65 1.85
      vertex -48.11 -3.86481 1.85
    endloop
  endfacet
  facet normal -0 0 1
    outer loop
      vertex -44.8111 34.103 1.85
      vertex -40.05 20.65 1.85
      vertex -43.7273 34.7672 1.85
    endloop
  endfacet
  facet normal 0 -0 1
    outer loop
      vertex -48.0503 -28.8171 1.85
      vertex -40.05 -20.65 1.85
      vertex -48.15 -27.55 1.85
    endloop
  endfacet
  facet normal -0 0 1
    outer loop
      vertex -45.7776 33.2776 1.85
      vertex -40.05 20.65 1.85
      vertex -44.8111 34.103 1.85
    endloop
  endfacet
  facet normal 0 0 1
    outer loop
      vertex -40.05 -20.65 1.85
      vertex -41.3171 -35.5503 1.85
      vertex -40.05 -35.65 1.85
    endloop
  endfacet
  facet normal -0 0 1
    outer loop
      vertex -46.603 32.3111 1.85
      vertex -40.05 20.65 1.85
      vertex -45.7776 33.2776 1.85
    endloop
  endfacet
  facet normal 0 0 1
    outer loop
      vertex -40.05 -20.65 1.85
      vertex -42.553 -35.2536 1.85
      vertex -41.3171 -35.5503 1.85
    endloop
  endfacet
  facet normal -0 0 1
    outer loop
      vertex -47.2672 31.2273 1.85
      vertex -40.05 20.65 1.85
      vertex -46.603 32.3111 1.85
    endloop
  endfacet
  facet normal 0 0 1
    outer loop
      vertex -40.05 -20.65 1.85
      vertex -43.7273 -34.7672 1.85
      vertex -42.553 -35.2536 1.85
    endloop
  endfacet
  facet normal -0 0 1
    outer loop
      vertex -47.7536 30.053 1.85
      vertex -40.05 20.65 1.85
      vertex -47.2672 31.2273 1.85
    endloop
  endfacet
  facet normal 0 0 1
    outer loop
      vertex -40.05 -20.65 1.85
      vertex -44.8111 -34.103 1.85
      vertex -43.7273 -34.7672 1.85
    endloop
  endfacet
  facet normal -0 0 1
    outer loop
      vertex -48.0503 28.8171 1.85
      vertex -40.05 20.65 1.85
      vertex -47.7536 30.053 1.85
    endloop
  endfacet
  facet normal 0 0 1
    outer loop
      vertex -40.05 -20.65 1.85
      vertex -45.7776 -33.2776 1.85
      vertex -44.8111 -34.103 1.85
    endloop
  endfacet
  facet normal 0 0 1
    outer loop
      vertex -40.05 20.65 1.85
      vertex -48.0503 28.8171 1.85
      vertex -48.15 27.55 1.85
    endloop
  endfacet
  facet normal 0 0 1
    outer loop
      vertex -40.05 -20.65 1.85
      vertex -46.603 -32.3111 1.85
      vertex -45.7776 -33.2776 1.85
    endloop
  endfacet
  facet normal 0 0 1
    outer loop
      vertex -40.05 -20.65 1.85
      vertex -47.2672 -31.2273 1.85
      vertex -46.603 -32.3111 1.85
    endloop
  endfacet
  facet normal 0 0 1
    outer loop
      vertex -48.15 3.86481 1.85
      vertex -40.05 20.65 1.85
      vertex -48.15 27.55 1.85
    endloop
  endfacet
  facet normal 0 0 1
    outer loop
      vertex -40.05 20.65 1.85
      vertex -48.15 3.86481 1.85
      vertex -48.11 3.86481 1.85
    endloop
  endfacet
  facet normal -0 0 1
    outer loop
      vertex -40.05 20.65 1.85
      vertex -38.55 -20.65 1.85
      vertex -38.55 20.65 1.85
    endloop
  endfacet
  facet normal 0 0 1
    outer loop
      vertex -38.55 -20.65 1.85
      vertex -40.05 20.65 1.85
      vertex -40.05 -20.65 1.85
    endloop
  endfacet
  facet normal 0 0 1
    outer loop
      vertex -40.05 -20.65 1.85
      vertex -47.7536 -30.053 1.85
      vertex -47.2672 -31.2273 1.85
    endloop
  endfacet
  facet normal 0 0 1
    outer loop
      vertex -40.05 -20.65 1.85
      vertex -48.15 -3.86481 1.85
      vertex -48.15 -27.55 1.85
    endloop
  endfacet
  facet normal 0 0 1
    outer loop
      vertex -40.05 -20.65 1.85
      vertex -48.0503 -28.8171 1.85
      vertex -47.7536 -30.053 1.85
    endloop
  endfacet
  facet normal -0 0 1
    outer loop
      vertex -38.55 35.65 1.85
      vertex -3.86481 35.61 1.85
      vertex -3.86481 35.65 1.85
    endloop
  endfacet
  facet normal 0 0 1
    outer loop
      vertex -3.86481 35.61 1.85
      vertex -5.3033 5.3033 1.85
      vertex -4.40839 6.06763 1.85
    endloop
  endfacet
  facet normal 0 0 1
    outer loop
      vertex -3.86481 35.61 1.85
      vertex -38.55 20.65 1.85
      vertex -5.3033 5.3033 1.85
    endloop
  endfacet
  facet normal 0 0 1
    outer loop
      vertex -5.3033 5.3033 1.85
      vertex -38.55 20.65 1.85
      vertex -6.06763 4.40839 1.85
    endloop
  endfacet
  facet normal 0 0 1
    outer loop
      vertex -6.06763 4.40839 1.85
      vertex -38.55 20.65 1.85
      vertex -6.68255 3.40493 1.85
    endloop
  endfacet
  facet normal 0 0 1
    outer loop
      vertex -6.68255 3.40493 1.85
      vertex -38.55 20.65 1.85
      vertex -7.13292 2.31763 1.85
    endloop
  endfacet
  facet normal 0 0 1
    outer loop
      vertex -7.13292 2.31763 1.85
      vertex -38.55 20.65 1.85
      vertex -7.40766 1.17326 1.85
    endloop
  endfacet
  facet normal 0 0 1
    outer loop
      vertex -3.86481 35.61 1.85
      vertex -38.55 35.65 1.85
      vertex -38.55 20.65 1.85
    endloop
  endfacet
  facet normal -0 0 1
    outer loop
      vertex 3.40493 -6.68255 1.85
      vertex 3.86481 -35.61 1.85
      vertex 4.40839 -6.06763 1.85
    endloop
  endfacet
  facet normal -0 0 1
    outer loop
      vertex 2.31763 -7.13292 1.85
      vertex 3.86481 -35.61 1.85
      vertex 3.40493 -6.68255 1.85
    endloop
  endfacet
  facet normal -0 0 1
    outer loop
      vertex 1.17326 -7.40766 1.85
      vertex 3.86481 -35.61 1.85
      vertex 2.31763 -7.13292 1.85
    endloop
  endfacet
  facet normal -0 0 1
    outer loop
      vertex 0 -7.5 1.85
      vertex 3.86481 -35.61 1.85
      vertex 1.17326 -7.40766 1.85
    endloop
  endfacet
  facet normal 0 0 1
    outer loop
      vertex -3.86481 -35.61 1.85
      vertex 0 -7.5 1.85
      vertex -1.17326 -7.40766 1.85
    endloop
  endfacet
  facet normal 0 0 1
    outer loop
      vertex -3.86481 -35.61 1.85
      vertex -1.17326 -7.40766 1.85
      vertex -2.31763 -7.13292 1.85
    endloop
  endfacet
  facet normal 0 0 1
    outer loop
      vertex -3.86481 -35.61 1.85
      vertex -2.31763 -7.13292 1.85
      vertex -3.40493 -6.68255 1.85
    endloop
  endfacet
  facet normal 0 0 1
    outer loop
      vertex 0 -7.5 1.85
      vertex -3.86481 -35.61 1.85
      vertex 3.86481 -35.61 1.85
    endloop
  endfacet
  facet normal 0 0 1
    outer loop
      vertex -4.40839 -6.06763 1.85
      vertex -3.86481 -35.61 1.85
      vertex -3.40493 -6.68255 1.85
    endloop
  endfacet
  facet normal 0 0 1
    outer loop
      vertex -5.3033 -5.3033 1.85
      vertex -3.86481 -35.61 1.85
      vertex -4.40839 -6.06763 1.85
    endloop
  endfacet
  facet normal -0 0 1
    outer loop
      vertex -38.55 -20.65 1.85
      vertex -3.86481 -35.61 1.85
      vertex -5.3033 -5.3033 1.85
    endloop
  endfacet
  facet normal 0 0 1
    outer loop
      vertex -38.55 -20.65 1.85
      vertex -5.3033 -5.3033 1.85
      vertex -6.06763 -4.40839 1.85
    endloop
  endfacet
  facet normal 0 0 1
    outer loop
      vertex -38.55 -20.65 1.85
      vertex -6.06763 -4.40839 1.85
      vertex -6.68255 -3.40493 1.85
    endloop
  endfacet
  facet normal 0 0 1
    outer loop
      vertex -38.55 -20.65 1.85
      vertex -6.68255 -3.40493 1.85
      vertex -7.13292 -2.31763 1.85
    endloop
  endfacet
  facet normal 0 0 1
    outer loop
      vertex -38.55 -20.65 1.85
      vertex -7.13292 -2.31763 1.85
      vertex -7.40766 -1.17326 1.85
    endloop
  endfacet
  facet normal 0 0 1
    outer loop
      vertex -7.40766 1.17326 1.85
      vertex -38.55 20.65 1.85
      vertex -7.5 0 1.85
    endloop
  endfacet
  facet normal 0 0 1
    outer loop
      vertex -38.55 -20.65 1.85
      vertex -7.5 0 1.85
      vertex -38.55 20.65 1.85
    endloop
  endfacet
  facet normal 0 0 1
    outer loop
      vertex -7.5 0 1.85
      vertex -38.55 -20.65 1.85
      vertex -7.40766 -1.17326 1.85
    endloop
  endfacet
  facet normal 0 0 1
    outer loop
      vertex -38.55 -35.65 1.85
      vertex -3.86481 -35.61 1.85
      vertex -38.55 -20.65 1.85
    endloop
  endfacet
  facet normal 0 0 1
    outer loop
      vertex -3.86481 -35.61 1.85
      vertex -38.55 -35.65 1.85
      vertex -3.86481 -35.65 1.85
    endloop
  endfacet
  facet normal -0 0 1
    outer loop
      vertex 3.86481 35.61 1.85
      vertex 38.55 20.65 1.85
      vertex 38.55 35.65 1.85
    endloop
  endfacet
  facet normal 0 0 1
    outer loop
      vertex 48.11 3.86481 1.85
      vertex 7.5 0 1.85
      vertex 48.11 -3.86481 1.85
    endloop
  endfacet
  facet normal 0 0 1
    outer loop
      vertex 48.11 -3.86481 1.85
      vertex 7.40766 -1.17326 1.85
      vertex 38.55 -20.65 1.85
    endloop
  endfacet
  facet normal -0 0 1
    outer loop
      vertex 7.40766 -1.17326 1.85
      vertex 48.11 -3.86481 1.85
      vertex 7.5 0 1.85
    endloop
  endfacet
  facet normal 0 0 1
    outer loop
      vertex 38.55 20.65 1.85
      vertex 7.13292 2.31763 1.85
      vertex 7.40766 1.17326 1.85
    endloop
  endfacet
  facet normal 0 0 1
    outer loop
      vertex 38.55 20.65 1.85
      vertex 6.68255 3.40493 1.85
      vertex 7.13292 2.31763 1.85
    endloop
  endfacet
  facet normal 0 0 1
    outer loop
      vertex 38.55 20.65 1.85
      vertex 6.06763 4.40839 1.85
      vertex 6.68255 3.40493 1.85
    endloop
  endfacet
  facet normal 0 0 1
    outer loop
      vertex 38.55 20.65 1.85
      vertex 5.3033 5.3033 1.85
      vertex 6.06763 4.40839 1.85
    endloop
  endfacet
  facet normal 0 0 1
    outer loop
      vertex 38.55 20.65 1.85
      vertex 3.86481 35.61 1.85
      vertex 5.3033 5.3033 1.85
    endloop
  endfacet
  facet normal 0 0 1
    outer loop
      vertex 3.86481 35.61 1.85
      vertex 38.55 35.65 1.85
      vertex 3.86481 35.65 1.85
    endloop
  endfacet
  facet normal 0 0 1
    outer loop
      vertex 5.3033 5.3033 1.85
      vertex 3.86481 35.61 1.85
      vertex 4.40839 6.06763 1.85
    endloop
  endfacet
  facet normal 0 0 1
    outer loop
      vertex 3.86481 35.61 1.85
      vertex 3.40493 6.68255 1.85
      vertex 4.40839 6.06763 1.85
    endloop
  endfacet
  facet normal 0 0 1
    outer loop
      vertex 3.86481 35.61 1.85
      vertex 2.31763 7.13292 1.85
      vertex 3.40493 6.68255 1.85
    endloop
  endfacet
  facet normal 0 0 1
    outer loop
      vertex 3.86481 35.61 1.85
      vertex 1.17326 7.40766 1.85
      vertex 2.31763 7.13292 1.85
    endloop
  endfacet
  facet normal 0 0 1
    outer loop
      vertex 3.86481 35.61 1.85
      vertex 0 7.5 1.85
      vertex 1.17326 7.40766 1.85
    endloop
  endfacet
  facet normal -0 0 1
    outer loop
      vertex -3.86481 35.61 1.85
      vertex 0 7.5 1.85
      vertex 3.86481 35.61 1.85
    endloop
  endfacet
  facet normal 0 0 1
    outer loop
      vertex 0 7.5 1.85
      vertex -3.86481 35.61 1.85
      vertex -1.17326 7.40766 1.85
    endloop
  endfacet
  facet normal 0 0 1
    outer loop
      vertex -1.17326 7.40766 1.85
      vertex -3.86481 35.61 1.85
      vertex -2.31763 7.13292 1.85
    endloop
  endfacet
  facet normal 0 0 1
    outer loop
      vertex -2.31763 7.13292 1.85
      vertex -3.86481 35.61 1.85
      vertex -3.40493 6.68255 1.85
    endloop
  endfacet
  facet normal 0 0 1
    outer loop
      vertex -3.40493 6.68255 1.85
      vertex -3.86481 35.61 1.85
      vertex -4.40839 6.06763 1.85
    endloop
  endfacet
  facet normal 0 -0 1
    outer loop
      vertex 7.5 0 1.85
      vertex 48.11 3.86481 1.85
      vertex 7.40766 1.17326 1.85
    endloop
  endfacet
  facet normal 0 0 1
    outer loop
      vertex 48.11 -3.86481 1.85
      vertex 38.55 -20.65 1.85
      vertex 40.05 -20.65 1.85
    endloop
  endfacet
  facet normal -0 0 1
    outer loop
      vertex 7.13292 -2.31763 1.85
      vertex 38.55 -20.65 1.85
      vertex 7.40766 -1.17326 1.85
    endloop
  endfacet
  facet normal -0 0 1
    outer loop
      vertex 6.68255 -3.40493 1.85
      vertex 38.55 -20.65 1.85
      vertex 7.13292 -2.31763 1.85
    endloop
  endfacet
  facet normal -0 0 1
    outer loop
      vertex 6.06763 -4.40839 1.85
      vertex 38.55 -20.65 1.85
      vertex 6.68255 -3.40493 1.85
    endloop
  endfacet
  facet normal -0 0 1
    outer loop
      vertex 5.3033 -5.3033 1.85
      vertex 38.55 -20.65 1.85
      vertex 6.06763 -4.40839 1.85
    endloop
  endfacet
  facet normal 0 0 1
    outer loop
      vertex 3.86481 -35.61 1.85
      vertex 38.55 -20.65 1.85
      vertex 5.3033 -5.3033 1.85
    endloop
  endfacet
  facet normal 0 0 1
    outer loop
      vertex 3.86481 -35.61 1.85
      vertex 5.3033 -5.3033 1.85
      vertex 4.40839 -6.06763 1.85
    endloop
  endfacet
  facet normal 0 0 1
    outer loop
      vertex 38.55 -20.65 1.85
      vertex 3.86481 -35.61 1.85
      vertex 38.55 -35.65 1.85
    endloop
  endfacet
  facet normal 0 0 1
    outer loop
      vertex 38.55 -35.65 1.85
      vertex 3.86481 -35.61 1.85
      vertex 3.86481 -35.65 1.85
    endloop
  endfacet
  facet normal 0.233435 0.972372 -0
    outer loop
      vertex -41.3171 -35.5503 1.85
      vertex -42.553 -35.2536 50
      vertex -41.3171 -35.5503 50
    endloop
  endfacet
  facet normal 0.233435 0.972372 0
    outer loop
      vertex -42.553 -35.2536 50
      vertex -41.3171 -35.5503 1.85
      vertex -42.553 -35.2536 1.85
    endloop
  endfacet
  facet normal 0.382676 0.923883 -0
    outer loop
      vertex -42.553 -35.2536 1.85
      vertex -43.7273 -34.7672 50
      vertex -42.553 -35.2536 50
    endloop
  endfacet
  facet normal 0.382676 0.923883 0
    outer loop
      vertex -43.7273 -34.7672 50
      vertex -42.553 -35.2536 1.85
      vertex -43.7273 -34.7672 1.85
    endloop
  endfacet
  facet normal 0.0784412 0.996919 -0
    outer loop
      vertex -40.05 -35.65 36.85
      vertex -41.3171 -35.5503 50
      vertex -40.05 -35.65 50
    endloop
  endfacet
  facet normal 0.0784412 0.996919 0
    outer loop
      vertex -41.3171 -35.5503 1.85
      vertex -40.05 -35.65 36.85
      vertex -40.05 -35.65 1.85
    endloop
  endfacet
  facet normal 0.0784412 0.996919 0
    outer loop
      vertex -40.05 -35.65 36.85
      vertex -41.3171 -35.5503 1.85
      vertex -41.3171 -35.5503 50
    endloop
  endfacet
  facet normal 0.923883 0.382676 0
    outer loop
      vertex -47.2672 -31.2273 50
      vertex -47.7536 -30.053 1.85
      vertex -47.7536 -30.053 50
    endloop
  endfacet
  facet normal 0.923883 0.382676 0
    outer loop
      vertex -47.7536 -30.053 1.85
      vertex -47.2672 -31.2273 50
      vertex -47.2672 -31.2273 1.85
    endloop
  endfacet
  facet normal 0.996919 0.0784412 0
    outer loop
      vertex -48.0503 -28.8171 50
      vertex -48.15 -27.55 1.85
      vertex -48.15 -27.55 50
    endloop
  endfacet
  facet normal 0.996919 0.0784412 0
    outer loop
      vertex -48.15 -27.55 1.85
      vertex -48.0503 -28.8171 50
      vertex -48.0503 -28.8171 1.85
    endloop
  endfacet
  facet normal 0.649417 0.760433 -0
    outer loop
      vertex -44.8111 -34.103 1.85
      vertex -45.7776 -33.2776 50
      vertex -44.8111 -34.103 50
    endloop
  endfacet
  facet normal 0.649417 0.760433 0
    outer loop
      vertex -45.7776 -33.2776 50
      vertex -44.8111 -34.103 1.85
      vertex -45.7776 -33.2776 1.85
    endloop
  endfacet
  facet normal 0 -0.919145 0.393919
    outer loop
      vertex -40.05 20.65 1.85
      vertex -38.55 35.65 36.85
      vertex -40.05 35.65 36.85
    endloop
  endfacet
  facet normal 0 -0.919145 0.393919
    outer loop
      vertex -38.55 35.65 36.85
      vertex -40.05 20.65 1.85
      vertex -38.55 20.65 1.85
    endloop
  endfacet
  facet normal -1 0 0
    outer loop
      vertex -40.05 35.65 1.85
      vertex -40.05 20.65 1.85
      vertex -40.05 35.65 36.85
    endloop
  endfacet
  facet normal 1 0 0
    outer loop
      vertex -38.55 35.65 36.85
      vertex -38.55 20.65 1.85
      vertex -38.55 35.65 1.85
    endloop
  endfacet
  facet normal 1 0 0
    outer loop
      vertex -38.55 -35.65 36.85
      vertex -38.55 -35.65 1.85
      vertex -38.55 -20.65 1.85
    endloop
  endfacet
  facet normal -1 0 0
    outer loop
      vertex -40.05 -20.65 1.85
      vertex -40.05 -35.65 1.85
      vertex -40.05 -35.65 36.85
    endloop
  endfacet
  facet normal 0 0.919145 0.393919
    outer loop
      vertex -38.55 -20.65 1.85
      vertex -40.05 -35.65 36.85
      vertex -38.55 -35.65 36.85
    endloop
  endfacet
  facet normal 0 0.919145 0.393919
    outer loop
      vertex -40.05 -35.65 36.85
      vertex -38.55 -20.65 1.85
      vertex -40.05 -20.65 1.85
    endloop
  endfacet
  facet normal 0 -0.919145 0.393919
    outer loop
      vertex 38.55 20.65 1.85
      vertex 40.05 35.65 36.85
      vertex 38.55 35.65 36.85
    endloop
  endfacet
  facet normal 0 -0.919145 0.393919
    outer loop
      vertex 40.05 35.65 36.85
      vertex 38.55 20.65 1.85
      vertex 40.05 20.65 1.85
    endloop
  endfacet
  facet normal -1 0 0
    outer loop
      vertex 38.55 35.65 1.85
      vertex 38.55 20.65 1.85
      vertex 38.55 35.65 36.85
    endloop
  endfacet
  facet normal 1 0 0
    outer loop
      vertex 40.05 35.65 36.85
      vertex 40.05 20.65 1.85
      vertex 40.05 35.65 1.85
    endloop
  endfacet
  facet normal 1 0 0
    outer loop
      vertex 40.05 -35.65 36.85
      vertex 40.05 -35.65 1.85
      vertex 40.05 -20.65 1.85
    endloop
  endfacet
  facet normal -1 0 0
    outer loop
      vertex 38.55 -20.65 1.85
      vertex 38.55 -35.65 1.85
      vertex 38.55 -35.65 36.85
    endloop
  endfacet
  facet normal 0 0.919145 0.393919
    outer loop
      vertex 40.05 -20.65 1.85
      vertex 38.55 -35.65 36.85
      vertex 40.05 -35.65 36.85
    endloop
  endfacet
  facet normal 0 0.919145 0.393919
    outer loop
      vertex 38.55 -35.65 36.85
      vertex 40.05 -20.65 1.85
      vertex 38.55 -20.65 1.85
    endloop
  endfacet
  facet normal 0.996917 0.0784612 0
    outer loop
      vertex 7.5 0 50
      vertex 7.40766 1.17326 1.85
      vertex 7.40766 1.17326 50
    endloop
  endfacet
  facet normal 0.996917 0.0784612 0
    outer loop
      vertex 7.40766 1.17326 1.85
      vertex 7.5 0 50
      vertex 7.5 0 1.85
    endloop
  endfacet
  facet normal -0.996917 0.0784612 0
    outer loop
      vertex -7.5 0 1.85
      vertex -7.40766 1.17326 50
      vertex -7.40766 1.17326 1.85
    endloop
  endfacet
  facet normal -0.996917 0.0784612 0
    outer loop
      vertex -7.40766 1.17326 50
      vertex -7.5 0 1.85
      vertex -7.5 0 50
    endloop
  endfacet
  facet normal 0.0784612 0.996917 -0
    outer loop
      vertex 1.17326 7.40766 1.85
      vertex 0 7.5 50
      vertex 1.17326 7.40766 50
    endloop
  endfacet
  facet normal 0.0784612 0.996917 0
    outer loop
      vertex 0 7.5 50
      vertex 1.17326 7.40766 1.85
      vertex 0 7.5 1.85
    endloop
  endfacet
  facet normal 0.760404 0.64945 0
    outer loop
      vertex 6.06763 4.40839 50
      vertex 5.3033 5.3033 1.85
      vertex 5.3033 5.3033 50
    endloop
  endfacet
  facet normal 0.760404 0.64945 0
    outer loop
      vertex 5.3033 5.3033 1.85
      vertex 6.06763 4.40839 50
      vertex 6.06763 4.40839 1.85
    endloop
  endfacet
  facet normal -0.64945 0.760404 0
    outer loop
      vertex -4.40839 6.06763 1.85
      vertex -5.3033 5.3033 50
      vertex -4.40839 6.06763 50
    endloop
  endfacet
  facet normal -0.64945 0.760404 0
    outer loop
      vertex -5.3033 5.3033 50
      vertex -4.40839 6.06763 1.85
      vertex -5.3033 5.3033 1.85
    endloop
  endfacet
  facet normal -0.38268 0.923881 0
    outer loop
      vertex -2.31763 7.13292 1.85
      vertex -3.40493 6.68255 50
      vertex -2.31763 7.13292 50
    endloop
  endfacet
  facet normal -0.38268 0.923881 0
    outer loop
      vertex -3.40493 6.68255 50
      vertex -2.31763 7.13292 1.85
      vertex -3.40493 6.68255 1.85
    endloop
  endfacet
  facet normal 0.852641 -0.522498 0
    outer loop
      vertex 6.06763 -4.40839 50
      vertex 6.68255 -3.40493 1.85
      vertex 6.68255 -3.40493 50
    endloop
  endfacet
  facet normal 0.852641 -0.522498 0
    outer loop
      vertex 6.68255 -3.40493 1.85
      vertex 6.06763 -4.40839 50
      vertex 6.06763 -4.40839 1.85
    endloop
  endfacet
  facet normal -0.760404 -0.64945 0
    outer loop
      vertex -5.3033 -5.3033 1.85
      vertex -6.06763 -4.40839 50
      vertex -6.06763 -4.40839 1.85
    endloop
  endfacet
  facet normal -0.760404 -0.64945 0
    outer loop
      vertex -6.06763 -4.40839 50
      vertex -5.3033 -5.3033 1.85
      vertex -5.3033 -5.3033 50
    endloop
  endfacet
  facet normal 0.923881 0.38268 0
    outer loop
      vertex 7.13292 2.31763 50
      vertex 6.68255 3.40493 1.85
      vertex 6.68255 3.40493 50
    endloop
  endfacet
  facet normal 0.923881 0.38268 0
    outer loop
      vertex 6.68255 3.40493 1.85
      vertex 7.13292 2.31763 50
      vertex 7.13292 2.31763 1.85
    endloop
  endfacet
  facet normal 0.97237 0.233446 0
    outer loop
      vertex 7.40766 1.17326 50
      vertex 7.13292 2.31763 1.85
      vertex 7.13292 2.31763 50
    endloop
  endfacet
  facet normal 0.97237 0.233446 0
    outer loop
      vertex 7.13292 2.31763 1.85
      vertex 7.40766 1.17326 50
      vertex 7.40766 1.17326 1.85
    endloop
  endfacet
  facet normal 0.852641 0.522498 0
    outer loop
      vertex 6.68255 3.40493 50
      vertex 6.06763 4.40839 1.85
      vertex 6.06763 4.40839 50
    endloop
  endfacet
  facet normal 0.852641 0.522498 0
    outer loop
      vertex 6.06763 4.40839 1.85
      vertex 6.68255 3.40493 50
      vertex 6.68255 3.40493 1.85
    endloop
  endfacet
  facet normal 0.522498 0.852641 -0
    outer loop
      vertex 4.40839 6.06763 1.85
      vertex 3.40493 6.68255 50
      vertex 4.40839 6.06763 50
    endloop
  endfacet
  facet normal 0.522498 0.852641 0
    outer loop
      vertex 3.40493 6.68255 50
      vertex 4.40839 6.06763 1.85
      vertex 3.40493 6.68255 1.85
    endloop
  endfacet
  facet normal 0.233446 0.97237 -0
    outer loop
      vertex 2.31763 7.13292 1.85
      vertex 1.17326 7.40766 50
      vertex 2.31763 7.13292 50
    endloop
  endfacet
  facet normal 0.233446 0.97237 0
    outer loop
      vertex 1.17326 7.40766 50
      vertex 2.31763 7.13292 1.85
      vertex 1.17326 7.40766 1.85
    endloop
  endfacet
  facet normal 0.64945 0.760404 -0
    outer loop
      vertex 5.3033 5.3033 1.85
      vertex 4.40839 6.06763 50
      vertex 5.3033 5.3033 50
    endloop
  endfacet
  facet normal 0.64945 0.760404 0
    outer loop
      vertex 4.40839 6.06763 50
      vertex 5.3033 5.3033 1.85
      vertex 4.40839 6.06763 1.85
    endloop
  endfacet
  facet normal -0.852641 0.522498 0
    outer loop
      vertex -6.68255 3.40493 1.85
      vertex -6.06763 4.40839 50
      vertex -6.06763 4.40839 1.85
    endloop
  endfacet
  facet normal -0.852641 0.522498 0
    outer loop
      vertex -6.06763 4.40839 50
      vertex -6.68255 3.40493 1.85
      vertex -6.68255 3.40493 50
    endloop
  endfacet
  facet normal -0.760404 0.64945 0
    outer loop
      vertex -6.06763 4.40839 1.85
      vertex -5.3033 5.3033 50
      vertex -5.3033 5.3033 1.85
    endloop
  endfacet
  facet normal -0.760404 0.64945 0
    outer loop
      vertex -5.3033 5.3033 50
      vertex -6.06763 4.40839 1.85
      vertex -6.06763 4.40839 50
    endloop
  endfacet
  facet normal -0.97237 0.233446 0
    outer loop
      vertex -7.40766 1.17326 1.85
      vertex -7.13292 2.31763 50
      vertex -7.13292 2.31763 1.85
    endloop
  endfacet
  facet normal -0.97237 0.233446 0
    outer loop
      vertex -7.13292 2.31763 50
      vertex -7.40766 1.17326 1.85
      vertex -7.40766 1.17326 50
    endloop
  endfacet
  facet normal -0.522498 0.852641 0
    outer loop
      vertex -3.40493 6.68255 1.85
      vertex -4.40839 6.06763 50
      vertex -3.40493 6.68255 50
    endloop
  endfacet
  facet normal -0.522498 0.852641 0
    outer loop
      vertex -4.40839 6.06763 50
      vertex -3.40493 6.68255 1.85
      vertex -4.40839 6.06763 1.85
    endloop
  endfacet
  facet normal -0.0784612 0.996917 0
    outer loop
      vertex 0 7.5 1.85
      vertex -1.17326 7.40766 50
      vertex 0 7.5 50
    endloop
  endfacet
  facet normal -0.0784612 0.996917 0
    outer loop
      vertex -1.17326 7.40766 50
      vertex 0 7.5 1.85
      vertex -1.17326 7.40766 1.85
    endloop
  endfacet
  facet normal 0.233446 -0.97237 0
    outer loop
      vertex 1.17326 -7.40766 1.85
      vertex 2.31763 -7.13292 50
      vertex 1.17326 -7.40766 50
    endloop
  endfacet
  facet normal 0.233446 -0.97237 0
    outer loop
      vertex 2.31763 -7.13292 50
      vertex 1.17326 -7.40766 1.85
      vertex 2.31763 -7.13292 1.85
    endloop
  endfacet
  facet normal 0.0784612 -0.996917 0
    outer loop
      vertex 0 -7.5 1.85
      vertex 1.17326 -7.40766 50
      vertex 0 -7.5 50
    endloop
  endfacet
  facet normal 0.0784612 -0.996917 0
    outer loop
      vertex 1.17326 -7.40766 50
      vertex 0 -7.5 1.85
      vertex 1.17326 -7.40766 1.85
    endloop
  endfacet
  facet normal 0.522498 -0.852641 0
    outer loop
      vertex 3.40493 -6.68255 1.85
      vertex 4.40839 -6.06763 50
      vertex 3.40493 -6.68255 50
    endloop
  endfacet
  facet normal 0.522498 -0.852641 0
    outer loop
      vertex 4.40839 -6.06763 50
      vertex 3.40493 -6.68255 1.85
      vertex 4.40839 -6.06763 1.85
    endloop
  endfacet
  facet normal -0.64945 -0.760404 0
    outer loop
      vertex -5.3033 -5.3033 1.85
      vertex -4.40839 -6.06763 50
      vertex -5.3033 -5.3033 50
    endloop
  endfacet
  facet normal -0.64945 -0.760404 -0
    outer loop
      vertex -4.40839 -6.06763 50
      vertex -5.3033 -5.3033 1.85
      vertex -4.40839 -6.06763 1.85
    endloop
  endfacet
  facet normal -0.38268 -0.923881 0
    outer loop
      vertex -3.40493 -6.68255 1.85
      vertex -2.31763 -7.13292 50
      vertex -3.40493 -6.68255 50
    endloop
  endfacet
  facet normal -0.38268 -0.923881 -0
    outer loop
      vertex -2.31763 -7.13292 50
      vertex -3.40493 -6.68255 1.85
      vertex -2.31763 -7.13292 1.85
    endloop
  endfacet
  facet normal -0.996917 -0.0784612 0
    outer loop
      vertex -7.40766 -1.17326 1.85
      vertex -7.5 0 50
      vertex -7.5 0 1.85
    endloop
  endfacet
  facet normal -0.996917 -0.0784612 0
    outer loop
      vertex -7.5 0 50
      vertex -7.40766 -1.17326 1.85
      vertex -7.40766 -1.17326 50
    endloop
  endfacet
  facet normal -0.852641 -0.522498 0
    outer loop
      vertex -6.06763 -4.40839 1.85
      vertex -6.68255 -3.40493 50
      vertex -6.68255 -3.40493 1.85
    endloop
  endfacet
  facet normal -0.852641 -0.522498 0
    outer loop
      vertex -6.68255 -3.40493 50
      vertex -6.06763 -4.40839 1.85
      vertex -6.06763 -4.40839 50
    endloop
  endfacet
  facet normal 0 0 1
    outer loop
      vertex 5.65 0 50
      vertex 7.5 0 50
      vertex 7.40766 1.17326 50
    endloop
  endfacet
  facet normal 0 0 1
    outer loop
      vertex 5.58044 0.883854 50
      vertex 7.40766 1.17326 50
      vertex 7.13292 2.31763 50
    endloop
  endfacet
  facet normal 0 0 1
    outer loop
      vertex 7.5 0 50
      vertex 5.65 0 50
      vertex 7.40766 -1.17326 50
    endloop
  endfacet
  facet normal 0 0 1
    outer loop
      vertex 5.37347 1.74595 50
      vertex 7.13292 2.31763 50
      vertex 6.68255 3.40493 50
    endloop
  endfacet
  facet normal -0 0 1
    outer loop
      vertex 5.58044 -0.883854 50
      vertex 7.40766 -1.17326 50
      vertex 5.65 0 50
    endloop
  endfacet
  facet normal 0 0 1
    outer loop
      vertex 5.03419 2.56505 50
      vertex 6.68255 3.40493 50
      vertex 6.06763 4.40839 50
    endloop
  endfacet
  facet normal 0 0 1
    outer loop
      vertex 7.40766 -1.17326 50
      vertex 5.58044 -0.883854 50
      vertex 7.13292 -2.31763 50
    endloop
  endfacet
  facet normal -0 0 1
    outer loop
      vertex 5.37347 -1.74595 50
      vertex 7.13292 -2.31763 50
      vertex 5.58044 -0.883854 50
    endloop
  endfacet
  facet normal 0 0 1
    outer loop
      vertex 7.40766 1.17326 50
      vertex 5.58044 0.883854 50
      vertex 5.65 0 50
    endloop
  endfacet
  facet normal 0 0 1
    outer loop
      vertex 7.13292 2.31763 50
      vertex 5.37347 1.74595 50
      vertex 5.58044 0.883854 50
    endloop
  endfacet
  facet normal 0 0 1
    outer loop
      vertex 4.57095 3.32099 50
      vertex 6.06763 4.40839 50
      vertex 5.3033 5.3033 50
    endloop
  endfacet
  facet normal 0 0 1
    outer loop
      vertex 6.68255 3.40493 50
      vertex 5.03419 2.56505 50
      vertex 5.37347 1.74595 50
    endloop
  endfacet
  facet normal 0 0 1
    outer loop
      vertex 6.06763 4.40839 50
      vertex 4.57095 3.32099 50
      vertex 5.03419 2.56505 50
    endloop
  endfacet
  facet normal 0 0 1
    outer loop
      vertex 3.99515 3.99515 50
      vertex 5.3033 5.3033 50
      vertex 4.40839 6.06763 50
    endloop
  endfacet
  facet normal 0 0 1
    outer loop
      vertex 5.3033 5.3033 50
      vertex 3.99515 3.99515 50
      vertex 4.57095 3.32099 50
    endloop
  endfacet
  facet normal 0 0 1
    outer loop
      vertex 3.32099 4.57095 50
      vertex 4.40839 6.06763 50
      vertex 3.40493 6.68255 50
    endloop
  endfacet
  facet normal 0 0 1
    outer loop
      vertex 4.40839 6.06763 50
      vertex 3.32099 4.57095 50
      vertex 3.99515 3.99515 50
    endloop
  endfacet
  facet normal 0 0 1
    outer loop
      vertex 3.40493 6.68255 50
      vertex 2.56505 5.03419 50
      vertex 3.32099 4.57095 50
    endloop
  endfacet
  facet normal 0 0 1
    outer loop
      vertex 2.31763 7.13292 50
      vertex 2.56505 5.03419 50
      vertex 3.40493 6.68255 50
    endloop
  endfacet
  facet normal 0 0 1
    outer loop
      vertex 2.31763 7.13292 50
      vertex 1.74595 5.37347 50
      vertex 2.56505 5.03419 50
    endloop
  endfacet
  facet normal 0 0 1
    outer loop
      vertex 1.17326 7.40766 50
      vertex 1.74595 5.37347 50
      vertex 2.31763 7.13292 50
    endloop
  endfacet
  facet normal 0 0 1
    outer loop
      vertex 1.17326 7.40766 50
      vertex 0.883854 5.58044 50
      vertex 1.74595 5.37347 50
    endloop
  endfacet
  facet normal 0 0 1
    outer loop
      vertex 0 7.5 50
      vertex 0.883854 5.58044 50
      vertex 1.17326 7.40766 50
    endloop
  endfacet
  facet normal 0 0 1
    outer loop
      vertex 0 7.5 50
      vertex 0 5.65 50
      vertex 0.883854 5.58044 50
    endloop
  endfacet
  facet normal 0 0 1
    outer loop
      vertex 0 7.5 50
      vertex -0.883854 5.58044 50
      vertex 0 5.65 50
    endloop
  endfacet
  facet normal -0 0 1
    outer loop
      vertex -1.17326 7.40766 50
      vertex -0.883854 5.58044 50
      vertex 0 7.5 50
    endloop
  endfacet
  facet normal 0 0 1
    outer loop
      vertex -1.17326 7.40766 50
      vertex -1.74595 5.37347 50
      vertex -0.883854 5.58044 50
    endloop
  endfacet
  facet normal -0 0 1
    outer loop
      vertex -2.31763 7.13292 50
      vertex -1.74595 5.37347 50
      vertex -1.17326 7.40766 50
    endloop
  endfacet
  facet normal 0 0 1
    outer loop
      vertex -2.31763 7.13292 50
      vertex -2.56505 5.03419 50
      vertex -1.74595 5.37347 50
    endloop
  endfacet
  facet normal -0 0 1
    outer loop
      vertex -3.40493 6.68255 50
      vertex -2.56505 5.03419 50
      vertex -2.31763 7.13292 50
    endloop
  endfacet
  facet normal 0 0 1
    outer loop
      vertex -2.56505 5.03419 50
      vertex -3.40493 6.68255 50
      vertex -3.32099 4.57095 50
    endloop
  endfacet
  facet normal -0 0 1
    outer loop
      vertex -4.40839 6.06763 50
      vertex -3.32099 4.57095 50
      vertex -3.40493 6.68255 50
    endloop
  endfacet
  facet normal 0 0 1
    outer loop
      vertex -3.32099 4.57095 50
      vertex -4.40839 6.06763 50
      vertex -3.99515 3.99515 50
    endloop
  endfacet
  facet normal -0 0 1
    outer loop
      vertex -5.3033 5.3033 50
      vertex -3.99515 3.99515 50
      vertex -4.40839 6.06763 50
    endloop
  endfacet
  facet normal 0 0 1
    outer loop
      vertex -3.99515 3.99515 50
      vertex -5.3033 5.3033 50
      vertex -4.57095 3.32099 50
    endloop
  endfacet
  facet normal -0 0 1
    outer loop
      vertex -6.06763 4.40839 50
      vertex -4.57095 3.32099 50
      vertex -5.3033 5.3033 50
    endloop
  endfacet
  facet normal 0 0 1
    outer loop
      vertex -4.57095 3.32099 50
      vertex -6.06763 4.40839 50
      vertex -5.03419 2.56505 50
    endloop
  endfacet
  facet normal -0 0 1
    outer loop
      vertex -6.68255 3.40493 50
      vertex -5.03419 2.56505 50
      vertex -6.06763 4.40839 50
    endloop
  endfacet
  facet normal 0 0 1
    outer loop
      vertex -5.03419 2.56505 50
      vertex -6.68255 3.40493 50
      vertex -5.37347 1.74595 50
    endloop
  endfacet
  facet normal -0 0 1
    outer loop
      vertex -7.13292 2.31763 50
      vertex -5.37347 1.74595 50
      vertex -6.68255 3.40493 50
    endloop
  endfacet
  facet normal 0 0 1
    outer loop
      vertex 7.13292 -2.31763 50
      vertex 5.37347 -1.74595 50
      vertex 6.68255 -3.40493 50
    endloop
  endfacet
  facet normal -0 0 1
    outer loop
      vertex 5.03419 -2.56505 50
      vertex 6.68255 -3.40493 50
      vertex 5.37347 -1.74595 50
    endloop
  endfacet
  facet normal 0 0 1
    outer loop
      vertex 6.68255 -3.40493 50
      vertex 5.03419 -2.56505 50
      vertex 6.06763 -4.40839 50
    endloop
  endfacet
  facet normal -0 0 1
    outer loop
      vertex 4.57095 -3.32099 50
      vertex 6.06763 -4.40839 50
      vertex 5.03419 -2.56505 50
    endloop
  endfacet
  facet normal 0 0 1
    outer loop
      vertex 6.06763 -4.40839 50
      vertex 4.57095 -3.32099 50
      vertex 5.3033 -5.3033 50
    endloop
  endfacet
  facet normal -0 0 1
    outer loop
      vertex 3.99515 -3.99515 50
      vertex 5.3033 -5.3033 50
      vertex 4.57095 -3.32099 50
    endloop
  endfacet
  facet normal 0 0 1
    outer loop
      vertex 5.3033 -5.3033 50
      vertex 3.99515 -3.99515 50
      vertex 4.40839 -6.06763 50
    endloop
  endfacet
  facet normal -0 0 1
    outer loop
      vertex 3.32099 -4.57095 50
      vertex 4.40839 -6.06763 50
      vertex 3.99515 -3.99515 50
    endloop
  endfacet
  facet normal 0 0 1
    outer loop
      vertex 4.40839 -6.06763 50
      vertex 3.32099 -4.57095 50
      vertex 3.40493 -6.68255 50
    endloop
  endfacet
  facet normal -0 0 1
    outer loop
      vertex 2.56505 -5.03419 50
      vertex 3.40493 -6.68255 50
      vertex 3.32099 -4.57095 50
    endloop
  endfacet
  facet normal 0 0 1
    outer loop
      vertex 2.56505 -5.03419 50
      vertex 2.31763 -7.13292 50
      vertex 3.40493 -6.68255 50
    endloop
  endfacet
  facet normal -0 0 1
    outer loop
      vertex 1.74595 -5.37347 50
      vertex 2.31763 -7.13292 50
      vertex 2.56505 -5.03419 50
    endloop
  endfacet
  facet normal 0 0 1
    outer loop
      vertex 1.74595 -5.37347 50
      vertex 1.17326 -7.40766 50
      vertex 2.31763 -7.13292 50
    endloop
  endfacet
  facet normal -0 0 1
    outer loop
      vertex 0.883854 -5.58044 50
      vertex 1.17326 -7.40766 50
      vertex 1.74595 -5.37347 50
    endloop
  endfacet
  facet normal -0 0 1
    outer loop
      vertex 0 -5.65 50
      vertex 1.17326 -7.40766 50
      vertex 0.883854 -5.58044 50
    endloop
  endfacet
  facet normal 0 0 1
    outer loop
      vertex 0 -5.65 50
      vertex 0 -7.5 50
      vertex 1.17326 -7.40766 50
    endloop
  endfacet
  facet normal 0 0 1
    outer loop
      vertex -0.883854 -5.58044 50
      vertex 0 -7.5 50
      vertex 0 -5.65 50
    endloop
  endfacet
  facet normal 0 0 1
    outer loop
      vertex -0.883854 -5.58044 50
      vertex -1.17326 -7.40766 50
      vertex 0 -7.5 50
    endloop
  endfacet
  facet normal 0 0 1
    outer loop
      vertex -1.74595 -5.37347 50
      vertex -1.17326 -7.40766 50
      vertex -0.883854 -5.58044 50
    endloop
  endfacet
  facet normal 0 0 1
    outer loop
      vertex -1.74595 -5.37347 50
      vertex -2.31763 -7.13292 50
      vertex -1.17326 -7.40766 50
    endloop
  endfacet
  facet normal 0 0 1
    outer loop
      vertex -2.56505 -5.03419 50
      vertex -2.31763 -7.13292 50
      vertex -1.74595 -5.37347 50
    endloop
  endfacet
  facet normal 0 0 1
    outer loop
      vertex -3.40493 -6.68255 50
      vertex -2.56505 -5.03419 50
      vertex -3.32099 -4.57095 50
    endloop
  endfacet
  facet normal 0 0 1
    outer loop
      vertex -2.56505 -5.03419 50
      vertex -3.40493 -6.68255 50
      vertex -2.31763 -7.13292 50
    endloop
  endfacet
  facet normal 0 0 1
    outer loop
      vertex -4.40839 -6.06763 50
      vertex -3.32099 -4.57095 50
      vertex -3.99515 -3.99515 50
    endloop
  endfacet
  facet normal 0 0 1
    outer loop
      vertex -3.32099 -4.57095 50
      vertex -4.40839 -6.06763 50
      vertex -3.40493 -6.68255 50
    endloop
  endfacet
  facet normal 0 0 1
    outer loop
      vertex -5.3033 -5.3033 50
      vertex -3.99515 -3.99515 50
      vertex -4.57095 -3.32099 50
    endloop
  endfacet
  facet normal 0 0 1
    outer loop
      vertex -6.06763 -4.40839 50
      vertex -4.57095 -3.32099 50
      vertex -5.03419 -2.56505 50
    endloop
  endfacet
  facet normal 0 0 1
    outer loop
      vertex -3.99515 -3.99515 50
      vertex -5.3033 -5.3033 50
      vertex -4.40839 -6.06763 50
    endloop
  endfacet
  facet normal 0 0 1
    outer loop
      vertex -6.68255 -3.40493 50
      vertex -5.03419 -2.56505 50
      vertex -5.37347 -1.74595 50
    endloop
  endfacet
  facet normal 0 0 1
    outer loop
      vertex -7.13292 -2.31763 50
      vertex -5.37347 -1.74595 50
      vertex -5.58044 -0.883854 50
    endloop
  endfacet
  facet normal 0 0 1
    outer loop
      vertex -7.40766 -1.17326 50
      vertex -5.58044 -0.883854 50
      vertex -5.65 0 50
    endloop
  endfacet
  facet normal 0 0 1
    outer loop
      vertex -5.37347 1.74595 50
      vertex -7.13292 2.31763 50
      vertex -5.58044 0.883854 50
    endloop
  endfacet
  facet normal 0 0 1
    outer loop
      vertex -4.57095 -3.32099 50
      vertex -6.06763 -4.40839 50
      vertex -5.3033 -5.3033 50
    endloop
  endfacet
  facet normal -0 0 1
    outer loop
      vertex -7.40766 1.17326 50
      vertex -5.58044 0.883854 50
      vertex -7.13292 2.31763 50
    endloop
  endfacet
  facet normal 0 0 1
    outer loop
      vertex -5.03419 -2.56505 50
      vertex -6.68255 -3.40493 50
      vertex -6.06763 -4.40839 50
    endloop
  endfacet
  facet normal 0 0 1
    outer loop
      vertex -5.58044 0.883854 50
      vertex -7.40766 1.17326 50
      vertex -5.65 0 50
    endloop
  endfacet
  facet normal 0 0 1
    outer loop
      vertex -5.37347 -1.74595 50
      vertex -7.13292 -2.31763 50
      vertex -6.68255 -3.40493 50
    endloop
  endfacet
  facet normal 0 0 1
    outer loop
      vertex -7.5 0 50
      vertex -5.65 0 50
      vertex -7.40766 1.17326 50
    endloop
  endfacet
  facet normal 0 0 1
    outer loop
      vertex -5.58044 -0.883854 50
      vertex -7.40766 -1.17326 50
      vertex -7.13292 -2.31763 50
    endloop
  endfacet
  facet normal 0 0 1
    outer loop
      vertex -5.65 0 50
      vertex -7.5 0 50
      vertex -7.40766 -1.17326 50
    endloop
  endfacet
  facet normal 0.996917 -0.0784612 0
    outer loop
      vertex 7.40766 -1.17326 50
      vertex 7.5 0 1.85
      vertex 7.5 0 50
    endloop
  endfacet
  facet normal 0.996917 -0.0784612 0
    outer loop
      vertex 7.5 0 1.85
      vertex 7.40766 -1.17326 50
      vertex 7.40766 -1.17326 1.85
    endloop
  endfacet
  facet normal 0.97237 -0.233446 0
    outer loop
      vertex 7.13292 -2.31763 50
      vertex 7.40766 -1.17326 1.85
      vertex 7.40766 -1.17326 50
    endloop
  endfacet
  facet normal 0.97237 -0.233446 0
    outer loop
      vertex 7.40766 -1.17326 1.85
      vertex 7.13292 -2.31763 50
      vertex 7.13292 -2.31763 1.85
    endloop
  endfacet
  facet normal 0.64945 -0.760404 0
    outer loop
      vertex 4.40839 -6.06763 1.85
      vertex 5.3033 -5.3033 50
      vertex 4.40839 -6.06763 50
    endloop
  endfacet
  facet normal 0.64945 -0.760404 0
    outer loop
      vertex 5.3033 -5.3033 50
      vertex 4.40839 -6.06763 1.85
      vertex 5.3033 -5.3033 1.85
    endloop
  endfacet
  facet normal 0.760404 -0.64945 0
    outer loop
      vertex 5.3033 -5.3033 50
      vertex 6.06763 -4.40839 1.85
      vertex 6.06763 -4.40839 50
    endloop
  endfacet
  facet normal 0.760404 -0.64945 0
    outer loop
      vertex 6.06763 -4.40839 1.85
      vertex 5.3033 -5.3033 50
      vertex 5.3033 -5.3033 1.85
    endloop
  endfacet
  facet normal -0.522498 -0.852641 0
    outer loop
      vertex -4.40839 -6.06763 1.85
      vertex -3.40493 -6.68255 50
      vertex -4.40839 -6.06763 50
    endloop
  endfacet
  facet normal -0.522498 -0.852641 -0
    outer loop
      vertex -3.40493 -6.68255 50
      vertex -4.40839 -6.06763 1.85
      vertex -3.40493 -6.68255 1.85
    endloop
  endfacet
  facet normal -0.0784612 -0.996917 0
    outer loop
      vertex -1.17326 -7.40766 1.85
      vertex 0 -7.5 50
      vertex -1.17326 -7.40766 50
    endloop
  endfacet
  facet normal -0.0784612 -0.996917 -0
    outer loop
      vertex 0 -7.5 50
      vertex -1.17326 -7.40766 1.85
      vertex 0 -7.5 1.85
    endloop
  endfacet
  facet normal -0.97237 -0.233446 0
    outer loop
      vertex -7.13292 -2.31763 1.85
      vertex -7.40766 -1.17326 50
      vertex -7.40766 -1.17326 1.85
    endloop
  endfacet
  facet normal -0.97237 -0.233446 0
    outer loop
      vertex -7.40766 -1.17326 50
      vertex -7.13292 -2.31763 1.85
      vertex -7.13292 -2.31763 50
    endloop
  endfacet
  facet normal -0.923881 -0.38268 0
    outer loop
      vertex -6.68255 -3.40493 1.85
      vertex -7.13292 -2.31763 50
      vertex -7.13292 -2.31763 1.85
    endloop
  endfacet
  facet normal -0.923881 -0.38268 0
    outer loop
      vertex -7.13292 -2.31763 50
      vertex -6.68255 -3.40493 1.85
      vertex -6.68255 -3.40493 50
    endloop
  endfacet
  facet normal 0.38268 0.923881 -0
    outer loop
      vertex 3.40493 6.68255 1.85
      vertex 2.31763 7.13292 50
      vertex 3.40493 6.68255 50
    endloop
  endfacet
  facet normal 0.38268 0.923881 0
    outer loop
      vertex 2.31763 7.13292 50
      vertex 3.40493 6.68255 1.85
      vertex 2.31763 7.13292 1.85
    endloop
  endfacet
  facet normal -0.923881 0.38268 0
    outer loop
      vertex -7.13292 2.31763 1.85
      vertex -6.68255 3.40493 50
      vertex -6.68255 3.40493 1.85
    endloop
  endfacet
  facet normal -0.923881 0.38268 0
    outer loop
      vertex -6.68255 3.40493 50
      vertex -7.13292 2.31763 1.85
      vertex -7.13292 2.31763 50
    endloop
  endfacet
  facet normal -0.233446 0.97237 0
    outer loop
      vertex -1.17326 7.40766 1.85
      vertex -2.31763 7.13292 50
      vertex -1.17326 7.40766 50
    endloop
  endfacet
  facet normal -0.233446 0.97237 0
    outer loop
      vertex -2.31763 7.13292 50
      vertex -1.17326 7.40766 1.85
      vertex -2.31763 7.13292 1.85
    endloop
  endfacet
  facet normal 0.923881 -0.38268 0
    outer loop
      vertex 6.68255 -3.40493 50
      vertex 7.13292 -2.31763 1.85
      vertex 7.13292 -2.31763 50
    endloop
  endfacet
  facet normal 0.923881 -0.38268 0
    outer loop
      vertex 7.13292 -2.31763 1.85
      vertex 6.68255 -3.40493 50
      vertex 6.68255 -3.40493 1.85
    endloop
  endfacet
  facet normal 0.38268 -0.923881 0
    outer loop
      vertex 2.31763 -7.13292 1.85
      vertex 3.40493 -6.68255 50
      vertex 2.31763 -7.13292 50
    endloop
  endfacet
  facet normal 0.38268 -0.923881 0
    outer loop
      vertex 3.40493 -6.68255 50
      vertex 2.31763 -7.13292 1.85
      vertex 3.40493 -6.68255 1.85
    endloop
  endfacet
  facet normal -0.233446 -0.97237 0
    outer loop
      vertex -2.31763 -7.13292 1.85
      vertex -1.17326 -7.40766 50
      vertex -2.31763 -7.13292 50
    endloop
  endfacet
  facet normal -0.233446 -0.97237 -0
    outer loop
      vertex -1.17326 -7.40766 50
      vertex -2.31763 -7.13292 1.85
      vertex -1.17326 -7.40766 1.85
    endloop
  endfacet
  facet normal -0.996917 -0.0784582 0
    outer loop
      vertex 5.65 0 0
      vertex 5.58044 0.883854 50
      vertex 5.58044 0.883854 0
    endloop
  endfacet
  facet normal -0.996917 -0.0784582 0
    outer loop
      vertex 5.58044 0.883854 50
      vertex 5.65 0 0
      vertex 5.65 0 50
    endloop
  endfacet
  facet normal 0.996917 -0.0784582 0
    outer loop
      vertex -5.65 0 50
      vertex -5.58044 0.883854 0
      vertex -5.58044 0.883854 50
    endloop
  endfacet
  facet normal 0.996917 -0.0784582 0
    outer loop
      vertex -5.58044 0.883854 0
      vertex -5.65 0 50
      vertex -5.65 0 0
    endloop
  endfacet
  facet normal -0.0784582 -0.996917 0
    outer loop
      vertex 0 5.65 0
      vertex 0.883854 5.58044 50
      vertex 0 5.65 50
    endloop
  endfacet
  facet normal -0.0784582 -0.996917 -0
    outer loop
      vertex 0.883854 5.58044 50
      vertex 0 5.65 0
      vertex 0.883854 5.58044 0
    endloop
  endfacet
  facet normal -0.649457 -0.760399 0
    outer loop
      vertex 3.32099 4.57095 0
      vertex 3.99515 3.99515 50
      vertex 3.32099 4.57095 50
    endloop
  endfacet
  facet normal -0.649457 -0.760399 -0
    outer loop
      vertex 3.99515 3.99515 50
      vertex 3.32099 4.57095 0
      vertex 3.99515 3.99515 0
    endloop
  endfacet
  facet normal 0.649457 -0.760399 0
    outer loop
      vertex -3.99515 3.99515 0
      vertex -3.32099 4.57095 50
      vertex -3.99515 3.99515 50
    endloop
  endfacet
  facet normal 0.649457 -0.760399 0
    outer loop
      vertex -3.32099 4.57095 50
      vertex -3.99515 3.99515 0
      vertex -3.32099 4.57095 0
    endloop
  endfacet
  facet normal 0.382681 -0.92388 0
    outer loop
      vertex -2.56505 5.03419 0
      vertex -1.74595 5.37347 50
      vertex -2.56505 5.03419 50
    endloop
  endfacet
  facet normal 0.382681 -0.92388 0
    outer loop
      vertex -1.74595 5.37347 50
      vertex -2.56505 5.03419 0
      vertex -1.74595 5.37347 0
    endloop
  endfacet
  facet normal 0.760399 0.649457 0
    outer loop
      vertex -3.99515 -3.99515 50
      vertex -4.57095 -3.32099 0
      vertex -4.57095 -3.32099 50
    endloop
  endfacet
  facet normal 0.760399 0.649457 0
    outer loop
      vertex -4.57095 -3.32099 0
      vertex -3.99515 -3.99515 50
      vertex -3.99515 -3.99515 0
    endloop
  endfacet
  facet normal -0.92388 -0.382681 0
    outer loop
      vertex 5.37347 1.74595 0
      vertex 5.03419 2.56505 50
      vertex 5.03419 2.56505 0
    endloop
  endfacet
  facet normal -0.92388 -0.382681 0
    outer loop
      vertex 5.03419 2.56505 50
      vertex 5.37347 1.74595 0
      vertex 5.37347 1.74595 50
    endloop
  endfacet
  facet normal -0.97237 -0.233444 0
    outer loop
      vertex 5.58044 0.883854 0
      vertex 5.37347 1.74595 50
      vertex 5.37347 1.74595 0
    endloop
  endfacet
  facet normal -0.97237 -0.233444 0
    outer loop
      vertex 5.37347 1.74595 50
      vertex 5.58044 0.883854 0
      vertex 5.58044 0.883854 50
    endloop
  endfacet
  facet normal -0.85264 -0.522498 0
    outer loop
      vertex 5.03419 2.56505 0
      vertex 4.57095 3.32099 50
      vertex 4.57095 3.32099 0
    endloop
  endfacet
  facet normal -0.85264 -0.522498 0
    outer loop
      vertex 4.57095 3.32099 50
      vertex 5.03419 2.56505 0
      vertex 5.03419 2.56505 50
    endloop
  endfacet
  facet normal -0.382681 -0.92388 0
    outer loop
      vertex 1.74595 5.37347 0
      vertex 2.56505 5.03419 50
      vertex 1.74595 5.37347 50
    endloop
  endfacet
  facet normal -0.382681 -0.92388 -0
    outer loop
      vertex 2.56505 5.03419 50
      vertex 1.74595 5.37347 0
      vertex 2.56505 5.03419 0
    endloop
  endfacet
  facet normal -0.233444 -0.97237 0
    outer loop
      vertex 0.883854 5.58044 0
      vertex 1.74595 5.37347 50
      vertex 0.883854 5.58044 50
    endloop
  endfacet
  facet normal -0.233444 -0.97237 -0
    outer loop
      vertex 1.74595 5.37347 50
      vertex 0.883854 5.58044 0
      vertex 1.74595 5.37347 0
    endloop
  endfacet
  facet normal -0.522498 -0.85264 0
    outer loop
      vertex 2.56505 5.03419 0
      vertex 3.32099 4.57095 50
      vertex 2.56505 5.03419 50
    endloop
  endfacet
  facet normal -0.522498 -0.85264 -0
    outer loop
      vertex 3.32099 4.57095 50
      vertex 2.56505 5.03419 0
      vertex 3.32099 4.57095 0
    endloop
  endfacet
  facet normal 0.85264 -0.522498 0
    outer loop
      vertex -5.03419 2.56505 50
      vertex -4.57095 3.32099 0
      vertex -4.57095 3.32099 50
    endloop
  endfacet
  facet normal 0.85264 -0.522498 0
    outer loop
      vertex -4.57095 3.32099 0
      vertex -5.03419 2.56505 50
      vertex -5.03419 2.56505 0
    endloop
  endfacet
  facet normal 0.760399 -0.649457 0
    outer loop
      vertex -4.57095 3.32099 50
      vertex -3.99515 3.99515 0
      vertex -3.99515 3.99515 50
    endloop
  endfacet
  facet normal 0.760399 -0.649457 0
    outer loop
      vertex -3.99515 3.99515 0
      vertex -4.57095 3.32099 50
      vertex -4.57095 3.32099 0
    endloop
  endfacet
  facet normal 0.97237 -0.233444 0
    outer loop
      vertex -5.58044 0.883854 50
      vertex -5.37347 1.74595 0
      vertex -5.37347 1.74595 50
    endloop
  endfacet
  facet normal 0.97237 -0.233444 0
    outer loop
      vertex -5.37347 1.74595 0
      vertex -5.58044 0.883854 50
      vertex -5.58044 0.883854 0
    endloop
  endfacet
  facet normal 0.522498 -0.85264 0
    outer loop
      vertex -3.32099 4.57095 0
      vertex -2.56505 5.03419 50
      vertex -3.32099 4.57095 50
    endloop
  endfacet
  facet normal 0.522498 -0.85264 0
    outer loop
      vertex -2.56505 5.03419 50
      vertex -3.32099 4.57095 0
      vertex -2.56505 5.03419 0
    endloop
  endfacet
  facet normal 0.0784582 -0.996917 0
    outer loop
      vertex -0.883854 5.58044 0
      vertex 0 5.65 50
      vertex -0.883854 5.58044 50
    endloop
  endfacet
  facet normal 0.0784582 -0.996917 0
    outer loop
      vertex 0 5.65 50
      vertex -0.883854 5.58044 0
      vertex 0 5.65 0
    endloop
  endfacet
  facet normal -0.996917 0.0784582 0
    outer loop
      vertex 5.58044 -0.883854 0
      vertex 5.65 0 50
      vertex 5.65 0 0
    endloop
  endfacet
  facet normal -0.996917 0.0784582 0
    outer loop
      vertex 5.65 0 50
      vertex 5.58044 -0.883854 0
      vertex 5.58044 -0.883854 50
    endloop
  endfacet
  facet normal -0.233444 0.97237 0
    outer loop
      vertex 1.74595 -5.37347 0
      vertex 0.883854 -5.58044 50
      vertex 1.74595 -5.37347 50
    endloop
  endfacet
  facet normal -0.233444 0.97237 0
    outer loop
      vertex 0.883854 -5.58044 50
      vertex 1.74595 -5.37347 0
      vertex 0.883854 -5.58044 0
    endloop
  endfacet
  facet normal -0.0784582 0.996917 0
    outer loop
      vertex 0.883854 -5.58044 0
      vertex 0 -5.65 50
      vertex 0.883854 -5.58044 50
    endloop
  endfacet
  facet normal -0.0784582 0.996917 0
    outer loop
      vertex 0 -5.65 50
      vertex 0.883854 -5.58044 0
      vertex 0 -5.65 0
    endloop
  endfacet
  facet normal -0.760399 0.649457 0
    outer loop
      vertex 3.99515 -3.99515 0
      vertex 4.57095 -3.32099 50
      vertex 4.57095 -3.32099 0
    endloop
  endfacet
  facet normal -0.760399 0.649457 0
    outer loop
      vertex 4.57095 -3.32099 50
      vertex 3.99515 -3.99515 0
      vertex 3.99515 -3.99515 50
    endloop
  endfacet
  facet normal -0.522498 0.85264 0
    outer loop
      vertex 3.32099 -4.57095 0
      vertex 2.56505 -5.03419 50
      vertex 3.32099 -4.57095 50
    endloop
  endfacet
  facet normal -0.522498 0.85264 0
    outer loop
      vertex 2.56505 -5.03419 50
      vertex 3.32099 -4.57095 0
      vertex 2.56505 -5.03419 0
    endloop
  endfacet
  facet normal 0.649457 0.760399 -0
    outer loop
      vertex -3.32099 -4.57095 0
      vertex -3.99515 -3.99515 50
      vertex -3.32099 -4.57095 50
    endloop
  endfacet
  facet normal 0.649457 0.760399 0
    outer loop
      vertex -3.99515 -3.99515 50
      vertex -3.32099 -4.57095 0
      vertex -3.99515 -3.99515 0
    endloop
  endfacet
  facet normal 0.382681 0.92388 -0
    outer loop
      vertex -1.74595 -5.37347 0
      vertex -2.56505 -5.03419 50
      vertex -1.74595 -5.37347 50
    endloop
  endfacet
  facet normal 0.382681 0.92388 0
    outer loop
      vertex -2.56505 -5.03419 50
      vertex -1.74595 -5.37347 0
      vertex -2.56505 -5.03419 0
    endloop
  endfacet
  facet normal 0.996917 0.0784582 0
    outer loop
      vertex -5.58044 -0.883854 50
      vertex -5.65 0 0
      vertex -5.65 0 50
    endloop
  endfacet
  facet normal 0.996917 0.0784582 0
    outer loop
      vertex -5.65 0 0
      vertex -5.58044 -0.883854 50
      vertex -5.58044 -0.883854 0
    endloop
  endfacet
  facet normal 0.85264 0.522498 0
    outer loop
      vertex -4.57095 -3.32099 50
      vertex -5.03419 -2.56505 0
      vertex -5.03419 -2.56505 50
    endloop
  endfacet
  facet normal 0.85264 0.522498 0
    outer loop
      vertex -5.03419 -2.56505 0
      vertex -4.57095 -3.32099 50
      vertex -4.57095 -3.32099 0
    endloop
  endfacet
  facet normal -0.649457 0.760399 0
    outer loop
      vertex 3.99515 -3.99515 0
      vertex 3.32099 -4.57095 50
      vertex 3.99515 -3.99515 50
    endloop
  endfacet
  facet normal -0.649457 0.760399 0
    outer loop
      vertex 3.32099 -4.57095 50
      vertex 3.99515 -3.99515 0
      vertex 3.32099 -4.57095 0
    endloop
  endfacet
  facet normal -0.85264 0.522498 0
    outer loop
      vertex 4.57095 -3.32099 0
      vertex 5.03419 -2.56505 50
      vertex 5.03419 -2.56505 0
    endloop
  endfacet
  facet normal -0.85264 0.522498 0
    outer loop
      vertex 5.03419 -2.56505 50
      vertex 4.57095 -3.32099 0
      vertex 4.57095 -3.32099 50
    endloop
  endfacet
  facet normal -0.97237 0.233444 0
    outer loop
      vertex 5.37347 -1.74595 0
      vertex 5.58044 -0.883854 50
      vertex 5.58044 -0.883854 0
    endloop
  endfacet
  facet normal -0.97237 0.233444 0
    outer loop
      vertex 5.58044 -0.883854 50
      vertex 5.37347 -1.74595 0
      vertex 5.37347 -1.74595 50
    endloop
  endfacet
  facet normal 0.522498 0.85264 -0
    outer loop
      vertex -2.56505 -5.03419 0
      vertex -3.32099 -4.57095 50
      vertex -2.56505 -5.03419 50
    endloop
  endfacet
  facet normal 0.522498 0.85264 0
    outer loop
      vertex -3.32099 -4.57095 50
      vertex -2.56505 -5.03419 0
      vertex -3.32099 -4.57095 0
    endloop
  endfacet
  facet normal 0.0784582 0.996917 -0
    outer loop
      vertex 0 -5.65 0
      vertex -0.883854 -5.58044 50
      vertex 0 -5.65 50
    endloop
  endfacet
  facet normal 0.0784582 0.996917 0
    outer loop
      vertex -0.883854 -5.58044 50
      vertex 0 -5.65 0
      vertex -0.883854 -5.58044 0
    endloop
  endfacet
  facet normal 0.97237 0.233444 0
    outer loop
      vertex -5.37347 -1.74595 50
      vertex -5.58044 -0.883854 0
      vertex -5.58044 -0.883854 50
    endloop
  endfacet
  facet normal 0.97237 0.233444 0
    outer loop
      vertex -5.58044 -0.883854 0
      vertex -5.37347 -1.74595 50
      vertex -5.37347 -1.74595 0
    endloop
  endfacet
  facet normal 0.92388 0.382681 0
    outer loop
      vertex -5.03419 -2.56505 50
      vertex -5.37347 -1.74595 0
      vertex -5.37347 -1.74595 50
    endloop
  endfacet
  facet normal 0.92388 0.382681 0
    outer loop
      vertex -5.37347 -1.74595 0
      vertex -5.03419 -2.56505 50
      vertex -5.03419 -2.56505 0
    endloop
  endfacet
  facet normal -0.760399 -0.649457 0
    outer loop
      vertex 4.57095 3.32099 0
      vertex 3.99515 3.99515 50
      vertex 3.99515 3.99515 0
    endloop
  endfacet
  facet normal -0.760399 -0.649457 0
    outer loop
      vertex 3.99515 3.99515 50
      vertex 4.57095 3.32099 0
      vertex 4.57095 3.32099 50
    endloop
  endfacet
  facet normal 0.92388 -0.382681 0
    outer loop
      vertex -5.37347 1.74595 50
      vertex -5.03419 2.56505 0
      vertex -5.03419 2.56505 50
    endloop
  endfacet
  facet normal 0.92388 -0.382681 0
    outer loop
      vertex -5.03419 2.56505 0
      vertex -5.37347 1.74595 50
      vertex -5.37347 1.74595 0
    endloop
  endfacet
  facet normal 0.233444 -0.97237 0
    outer loop
      vertex -1.74595 5.37347 0
      vertex -0.883854 5.58044 50
      vertex -1.74595 5.37347 50
    endloop
  endfacet
  facet normal 0.233444 -0.97237 0
    outer loop
      vertex -0.883854 5.58044 50
      vertex -1.74595 5.37347 0
      vertex -0.883854 5.58044 0
    endloop
  endfacet
  facet normal -0.382681 0.92388 0
    outer loop
      vertex 2.56505 -5.03419 0
      vertex 1.74595 -5.37347 50
      vertex 2.56505 -5.03419 50
    endloop
  endfacet
  facet normal -0.382681 0.92388 0
    outer loop
      vertex 1.74595 -5.37347 50
      vertex 2.56505 -5.03419 0
      vertex 1.74595 -5.37347 0
    endloop
  endfacet
  facet normal -0.92388 0.382681 0
    outer loop
      vertex 5.03419 -2.56505 0
      vertex 5.37347 -1.74595 50
      vertex 5.37347 -1.74595 0
    endloop
  endfacet
  facet normal -0.92388 0.382681 0
    outer loop
      vertex 5.37347 -1.74595 50
      vertex 5.03419 -2.56505 0
      vertex 5.03419 -2.56505 50
    endloop
  endfacet
  facet normal 0.233444 0.97237 -0
    outer loop
      vertex -0.883854 -5.58044 0
      vertex -1.74595 -5.37347 50
      vertex -0.883854 -5.58044 50
    endloop
  endfacet
  facet normal 0.233444 0.97237 0
    outer loop
      vertex -1.74595 -5.37347 50
      vertex -0.883854 -5.58044 0
      vertex -1.74595 -5.37347 0
    endloop
  endfacet
  facet normal -0.996917 0 0.0784615
    outer loop
      vertex 4.93844 35.65 4.21783
      vertex 5 37.5 5
      vertex 4.93844 37.5 4.21783
    endloop
  endfacet
  facet normal -0.996917 0 0.0784615
    outer loop
      vertex 5 37.5 5
      vertex 4.93844 35.65 4.21783
      vertex 5 35.65 5
    endloop
  endfacet
  facet normal -0.760403 0 -0.649452
    outer loop
      vertex 4.04508 35.65 27.9389
      vertex 3.53553 37.5 28.5355
      vertex 4.04508 37.5 27.9389
    endloop
  endfacet
  facet normal -0.760403 -0 -0.649452
    outer loop
      vertex 3.53553 37.5 28.5355
      vertex 4.04508 35.65 27.9389
      vertex 3.53553 35.65 28.5355
    endloop
  endfacet
  facet normal -1 0 0
    outer loop
      vertex 5 35.65 5
      vertex 5 37.5 25
      vertex 5 37.5 5
    endloop
  endfacet
  facet normal -1 -0 0
    outer loop
      vertex 5 37.5 25
      vertex 5 35.65 5
      vertex 5 35.65 25
    endloop
  endfacet
  facet normal 0.92388 -0 0.382682
    outer loop
      vertex -4.75528 35.65 3.45492
      vertex -4.45503 37.5 2.73005
      vertex -4.75528 37.5 3.45492
    endloop
  endfacet
  facet normal 0.92388 0 0.382682
    outer loop
      vertex -4.45503 37.5 2.73005
      vertex -4.75528 35.65 3.45492
      vertex -4.45503 35.65 2.73005
    endloop
  endfacet
  facet normal -0.233447 0 0.97237
    outer loop
      vertex 0.782172 37.5 0.0615587
      vertex 1.54508 35.61 0.244718
      vertex 1.54508 37.5 0.244718
    endloop
  endfacet
  facet normal -0.233447 0 0.97237
    outer loop
      vertex 1.54508 35.61 0.244718
      vertex 0.782172 37.5 0.0615587
      vertex 0.782172 35.61 0.0615587
    endloop
  endfacet
  facet normal 0 1 0
    outer loop
      vertex 2.93893 35.61 0.954915
      vertex 3.86481 35.61 1.85
      vertex 3.53553 35.61 1.46447
    endloop
  endfacet
  facet normal 0 1 0
    outer loop
      vertex 3.86481 35.61 1.85
      vertex 2.93893 35.61 0.954915
      vertex -3.86481 35.61 1.85
    endloop
  endfacet
  facet normal 0 1 -0
    outer loop
      vertex -2.93893 35.61 0.954915
      vertex -3.86481 35.61 1.85
      vertex 2.93893 35.61 0.954915
    endloop
  endfacet
  facet normal 0 1 0
    outer loop
      vertex -3.86481 35.61 1.85
      vertex -2.93893 35.61 0.954915
      vertex -3.53553 35.61 1.46447
    endloop
  endfacet
  facet normal 0 1 -0
    outer loop
      vertex 2.26995 35.61 0.544968
      vertex -2.93893 35.61 0.954915
      vertex 2.93893 35.61 0.954915
    endloop
  endfacet
  facet normal 0 1 0
    outer loop
      vertex 2.26995 35.61 0.544968
      vertex -2.26995 35.61 0.544968
      vertex -2.93893 35.61 0.954915
    endloop
  endfacet
  facet normal 0 1 -0
    outer loop
      vertex 1.54508 35.61 0.244718
      vertex -2.26995 35.61 0.544968
      vertex 2.26995 35.61 0.544968
    endloop
  endfacet
  facet normal 0 1 0
    outer loop
      vertex 1.54508 35.61 0.244718
      vertex -1.54508 35.61 0.244718
      vertex -2.26995 35.61 0.544968
    endloop
  endfacet
  facet normal 0 1 -0
    outer loop
      vertex 0.782172 35.61 0.0615587
      vertex -1.54508 35.61 0.244718
      vertex 1.54508 35.61 0.244718
    endloop
  endfacet
  facet normal 0 1 0
    outer loop
      vertex 0.782172 35.61 0.0615587
      vertex -0.782172 35.61 0.0615587
      vertex -1.54508 35.61 0.244718
    endloop
  endfacet
  facet normal -0 1 0
    outer loop
      vertex -0.782172 35.61 0.0615587
      vertex 0.782172 35.61 0.0615587
      vertex 0 35.61 0
    endloop
  endfacet
  facet normal 1 -0 0
    outer loop
      vertex -5 35.65 25
      vertex -5 37.5 5
      vertex -5 37.5 25
    endloop
  endfacet
  facet normal 1 0 0
    outer loop
      vertex -5 37.5 5
      vertex -5 35.65 25
      vertex -5 35.65 5
    endloop
  endfacet
  facet normal 0.996917 0 -0.0784585
    outer loop
      vertex -4.93844 35.65 25.7822
      vertex -5 37.5 25
      vertex -4.93844 37.5 25.7822
    endloop
  endfacet
  facet normal 0.996917 0 -0.0784585
    outer loop
      vertex -5 37.5 25
      vertex -4.93844 35.65 25.7822
      vertex -5 35.65 25
    endloop
  endfacet
  facet normal 0.996917 -0 0.0784615
    outer loop
      vertex -5 35.65 5
      vertex -4.93844 37.5 4.21783
      vertex -5 37.5 5
    endloop
  endfacet
  facet normal 0.996917 0 0.0784615
    outer loop
      vertex -4.93844 37.5 4.21783
      vertex -5 35.65 5
      vertex -4.93844 35.65 4.21783
    endloop
  endfacet
  facet normal 0.522494 0 0.852643
    outer loop
      vertex -2.93893 37.5 0.954915
      vertex -2.26995 35.61 0.544968
      vertex -2.26995 37.5 0.544968
    endloop
  endfacet
  facet normal 0.522494 0 0.852643
    outer loop
      vertex -2.26995 35.61 0.544968
      vertex -2.93893 37.5 0.954915
      vertex -2.93893 35.61 0.954915
    endloop
  endfacet
  facet normal -0.92388 0 0.382682
    outer loop
      vertex 4.45503 35.65 2.73005
      vertex 4.75528 37.5 3.45492
      vertex 4.45503 37.5 2.73005
    endloop
  endfacet
  facet normal -0.92388 0 0.382682
    outer loop
      vertex 4.75528 37.5 3.45492
      vertex 4.45503 35.65 2.73005
      vertex 4.75528 35.65 3.45492
    endloop
  endfacet
  facet normal -0.972369 0 -0.23345
    outer loop
      vertex 4.93844 35.65 25.7822
      vertex 4.75528 37.5 26.5451
      vertex 4.93844 37.5 25.7822
    endloop
  endfacet
  facet normal -0.972369 -0 -0.23345
    outer loop
      vertex 4.75528 37.5 26.5451
      vertex 4.93844 35.65 25.7822
      vertex 4.75528 35.65 26.5451
    endloop
  endfacet
  facet normal 0.078512 0 -0.996913
    outer loop
      vertex -0.782172 35.65 29.9384
      vertex 0 37.5 30
      vertex 0 35.65 30
    endloop
  endfacet
  facet normal 0.078512 0 -0.996913
    outer loop
      vertex 0 37.5 30
      vertex -0.782172 35.65 29.9384
      vertex -0.782172 37.5 29.9384
    endloop
  endfacet
  facet normal 0.760403 0 -0.649452
    outer loop
      vertex -3.53553 35.65 28.5355
      vertex -4.04508 37.5 27.9389
      vertex -3.53553 37.5 28.5355
    endloop
  endfacet
  facet normal 0.760403 0 -0.649452
    outer loop
      vertex -4.04508 37.5 27.9389
      vertex -3.53553 35.65 28.5355
      vertex -4.04508 35.65 27.9389
    endloop
  endfacet
  facet normal 0.972369 0 -0.23345
    outer loop
      vertex -4.75528 35.65 26.5451
      vertex -4.93844 37.5 25.7822
      vertex -4.75528 37.5 26.5451
    endloop
  endfacet
  facet normal 0.972369 0 -0.23345
    outer loop
      vertex -4.93844 37.5 25.7822
      vertex -4.75528 35.65 26.5451
      vertex -4.93844 35.65 25.7822
    endloop
  endfacet
  facet normal 0.382737 0 -0.923857
    outer loop
      vertex -2.26995 35.65 29.455
      vertex -1.54508 37.5 29.7553
      vertex -1.54508 35.65 29.7553
    endloop
  endfacet
  facet normal 0.382737 0 -0.923857
    outer loop
      vertex -1.54508 37.5 29.7553
      vertex -2.26995 35.65 29.455
      vertex -2.26995 37.5 29.455
    endloop
  endfacet
  facet normal 0.972369 -0 0.233447
    outer loop
      vertex -4.93844 35.65 4.21783
      vertex -4.75528 37.5 3.45492
      vertex -4.93844 37.5 4.21783
    endloop
  endfacet
  facet normal 0.972369 0 0.233447
    outer loop
      vertex -4.75528 37.5 3.45492
      vertex -4.93844 35.65 4.21783
      vertex -4.75528 35.65 3.45492
    endloop
  endfacet
  facet normal -0.382682 0 0.92388
    outer loop
      vertex 1.54508 37.5 0.244718
      vertex 2.26995 35.61 0.544968
      vertex 2.26995 37.5 0.544968
    endloop
  endfacet
  facet normal -0.382682 0 0.92388
    outer loop
      vertex 2.26995 35.61 0.544968
      vertex 1.54508 37.5 0.244718
      vertex 1.54508 35.61 0.244718
    endloop
  endfacet
  facet normal -0.760403 -1.12747e-06 0.649452
    outer loop
      vertex 3.53553 37.5 1.46447
      vertex 3.86481 35.65 1.85
      vertex 4.04508 37.5 2.06107
    endloop
  endfacet
  facet normal -0.7604 0 0.649455
    outer loop
      vertex 3.53553 35.61 1.46447
      vertex 3.86481 35.65 1.85
      vertex 3.53553 37.5 1.46447
    endloop
  endfacet
  facet normal -0.7604 0 0.649455
    outer loop
      vertex 3.86481 35.65 1.85
      vertex 3.53553 35.61 1.46447
      vertex 3.86481 35.61 1.85
    endloop
  endfacet
  facet normal -0.760407 0 0.649446
    outer loop
      vertex 4.04508 37.5 2.06107
      vertex 3.86481 35.65 1.85
      vertex 4.04508 35.65 2.06107
    endloop
  endfacet
  facet normal -0.923886 0 -0.382669
    outer loop
      vertex 4.75528 35.65 26.5451
      vertex 4.45503 37.5 27.27
      vertex 4.75528 37.5 26.5451
    endloop
  endfacet
  facet normal -0.923886 -0 -0.382669
    outer loop
      vertex 4.45503 37.5 27.27
      vertex 4.75528 35.65 26.5451
      vertex 4.45503 35.65 27.27
    endloop
  endfacet
  facet normal -0.852613 0 -0.522543
    outer loop
      vertex 4.45503 35.65 27.27
      vertex 4.04508 37.5 27.9389
      vertex 4.45503 37.5 27.27
    endloop
  endfacet
  facet normal -0.852613 -0 -0.522543
    outer loop
      vertex 4.04508 37.5 27.9389
      vertex 4.45503 35.65 27.27
      vertex 4.04508 35.65 27.9389
    endloop
  endfacet
  facet normal -0.996917 0 -0.0784585
    outer loop
      vertex 5 35.65 25
      vertex 4.93844 37.5 25.7822
      vertex 5 37.5 25
    endloop
  endfacet
  facet normal -0.996917 -0 -0.0784585
    outer loop
      vertex 4.93844 37.5 25.7822
      vertex 5 35.65 25
      vertex 4.93844 35.65 25.7822
    endloop
  endfacet
  facet normal 0.649489 0 -0.760371
    outer loop
      vertex -3.53553 35.65 28.5355
      vertex -2.93893 37.5 29.0451
      vertex -2.93893 35.65 29.0451
    endloop
  endfacet
  facet normal 0.649489 0 -0.760371
    outer loop
      vertex -2.93893 37.5 29.0451
      vertex -3.53553 35.65 28.5355
      vertex -3.53553 37.5 28.5355
    endloop
  endfacet
  facet normal 0.852641 -0 0.522497
    outer loop
      vertex -4.45503 35.65 2.73005
      vertex -4.04508 37.5 2.06107
      vertex -4.45503 37.5 2.73005
    endloop
  endfacet
  facet normal 0.852641 0 0.522497
    outer loop
      vertex -4.04508 37.5 2.06107
      vertex -4.45503 35.65 2.73005
      vertex -4.04508 35.65 2.06107
    endloop
  endfacet
  facet normal -0.522494 0 0.852643
    outer loop
      vertex 2.26995 37.5 0.544968
      vertex 2.93893 35.61 0.954915
      vertex 2.93893 37.5 0.954915
    endloop
  endfacet
  facet normal -0.522494 0 0.852643
    outer loop
      vertex 2.93893 35.61 0.954915
      vertex 2.26995 37.5 0.544968
      vertex 2.26995 35.61 0.544968
    endloop
  endfacet
  facet normal -0.649456 0 0.760399
    outer loop
      vertex 2.93893 37.5 0.954915
      vertex 3.53553 35.61 1.46447
      vertex 3.53553 37.5 1.46447
    endloop
  endfacet
  facet normal -0.649456 0 0.760399
    outer loop
      vertex 3.53553 35.61 1.46447
      vertex 2.93893 37.5 0.954915
      vertex 2.93893 35.61 0.954915
    endloop
  endfacet
  facet normal -0.852641 0 0.522497
    outer loop
      vertex 4.04508 35.65 2.06107
      vertex 4.45503 37.5 2.73005
      vertex 4.04508 37.5 2.06107
    endloop
  endfacet
  facet normal -0.852641 0 0.522497
    outer loop
      vertex 4.45503 37.5 2.73005
      vertex 4.04508 35.65 2.06107
      vertex 4.45503 35.65 2.73005
    endloop
  endfacet
  facet normal -0.078512 0 -0.996913
    outer loop
      vertex 0 35.65 30
      vertex 0.782172 37.5 29.9384
      vertex 0.782172 35.65 29.9384
    endloop
  endfacet
  facet normal -0.078512 0 -0.996913
    outer loop
      vertex 0.782172 37.5 29.9384
      vertex 0 35.65 30
      vertex 0 37.5 30
    endloop
  endfacet
  facet normal 0.923886 0 -0.382669
    outer loop
      vertex -4.45503 35.65 27.27
      vertex -4.75528 37.5 26.5451
      vertex -4.45503 37.5 27.27
    endloop
  endfacet
  facet normal 0.923886 0 -0.382669
    outer loop
      vertex -4.75528 37.5 26.5451
      vertex -4.45503 35.65 27.27
      vertex -4.75528 35.65 26.5451
    endloop
  endfacet
  facet normal 0.522451 0 -0.852669
    outer loop
      vertex -2.93893 35.65 29.0451
      vertex -2.26995 37.5 29.455
      vertex -2.26995 35.65 29.455
    endloop
  endfacet
  facet normal 0.522451 0 -0.852669
    outer loop
      vertex -2.26995 37.5 29.455
      vertex -2.93893 35.65 29.0451
      vertex -2.93893 37.5 29.0451
    endloop
  endfacet
  facet normal 0.233375 0 -0.972387
    outer loop
      vertex -1.54508 35.65 29.7553
      vertex -0.782172 37.5 29.9384
      vertex -0.782172 35.65 29.9384
    endloop
  endfacet
  facet normal 0.233375 0 -0.972387
    outer loop
      vertex -0.782172 37.5 29.9384
      vertex -1.54508 35.65 29.7553
      vertex -1.54508 37.5 29.7553
    endloop
  endfacet
  facet normal 0.760407 0 0.649446
    outer loop
      vertex -3.86481 35.65 1.85
      vertex -4.04508 37.5 2.06107
      vertex -4.04508 35.65 2.06107
    endloop
  endfacet
  facet normal 0.760403 -1.12747e-06 0.649452
    outer loop
      vertex -4.04508 37.5 2.06107
      vertex -3.86481 35.65 1.85
      vertex -3.53553 37.5 1.46447
    endloop
  endfacet
  facet normal 0.7604 0 0.649455
    outer loop
      vertex -3.53553 35.61 1.46447
      vertex -3.86481 35.65 1.85
      vertex -3.86481 35.61 1.85
    endloop
  endfacet
  facet normal 0.7604 0 0.649455
    outer loop
      vertex -3.86481 35.65 1.85
      vertex -3.53553 35.61 1.46447
      vertex -3.53553 37.5 1.46447
    endloop
  endfacet
  facet normal 0.382682 0 0.92388
    outer loop
      vertex -2.26995 37.5 0.544968
      vertex -1.54508 35.61 0.244718
      vertex -1.54508 37.5 0.244718
    endloop
  endfacet
  facet normal 0.382682 0 0.92388
    outer loop
      vertex -1.54508 35.61 0.244718
      vertex -2.26995 37.5 0.544968
      vertex -2.26995 35.61 0.544968
    endloop
  endfacet
  facet normal 0.233447 0 0.97237
    outer loop
      vertex -1.54508 37.5 0.244718
      vertex -0.782172 35.61 0.0615587
      vertex -0.782172 37.5 0.0615587
    endloop
  endfacet
  facet normal 0.233447 0 0.97237
    outer loop
      vertex -0.782172 35.61 0.0615587
      vertex -1.54508 37.5 0.244718
      vertex -1.54508 35.61 0.244718
    endloop
  endfacet
  facet normal 0.649456 0 0.760399
    outer loop
      vertex -3.53553 37.5 1.46447
      vertex -2.93893 35.61 0.954915
      vertex -2.93893 37.5 0.954915
    endloop
  endfacet
  facet normal 0.649456 0 0.760399
    outer loop
      vertex -2.93893 35.61 0.954915
      vertex -3.53553 37.5 1.46447
      vertex -3.53553 35.61 1.46447
    endloop
  endfacet
  facet normal 0.0784596 0 0.996917
    outer loop
      vertex -0.782172 37.5 0.0615587
      vertex 0 35.61 0
      vertex 0 37.5 0
    endloop
  endfacet
  facet normal 0.0784596 0 0.996917
    outer loop
      vertex 0 35.61 0
      vertex -0.782172 37.5 0.0615587
      vertex -0.782172 35.61 0.0615587
    endloop
  endfacet
  facet normal -0.972369 0 0.233447
    outer loop
      vertex 4.75528 35.65 3.45492
      vertex 4.93844 37.5 4.21783
      vertex 4.75528 37.5 3.45492
    endloop
  endfacet
  facet normal -0.972369 0 0.233447
    outer loop
      vertex 4.93844 37.5 4.21783
      vertex 4.75528 35.65 3.45492
      vertex 4.93844 35.65 4.21783
    endloop
  endfacet
  facet normal -0.649489 0 -0.760371
    outer loop
      vertex 2.93893 35.65 29.0451
      vertex 3.53553 37.5 28.5355
      vertex 3.53553 35.65 28.5355
    endloop
  endfacet
  facet normal -0.649489 0 -0.760371
    outer loop
      vertex 3.53553 37.5 28.5355
      vertex 2.93893 35.65 29.0451
      vertex 2.93893 37.5 29.0451
    endloop
  endfacet
  facet normal -0.382737 0 -0.923857
    outer loop
      vertex 1.54508 35.65 29.7553
      vertex 2.26995 37.5 29.455
      vertex 2.26995 35.65 29.455
    endloop
  endfacet
  facet normal -0.382737 0 -0.923857
    outer loop
      vertex 2.26995 37.5 29.455
      vertex 1.54508 35.65 29.7553
      vertex 1.54508 37.5 29.7553
    endloop
  endfacet
  facet normal 0.852613 0 -0.522543
    outer loop
      vertex -4.04508 35.65 27.9389
      vertex -4.45503 37.5 27.27
      vertex -4.04508 37.5 27.9389
    endloop
  endfacet
  facet normal 0.852613 0 -0.522543
    outer loop
      vertex -4.45503 37.5 27.27
      vertex -4.04508 35.65 27.9389
      vertex -4.45503 35.65 27.27
    endloop
  endfacet
  facet normal -0.0784596 0 0.996917
    outer loop
      vertex 0 37.5 0
      vertex 0.782172 35.61 0.0615587
      vertex 0.782172 37.5 0.0615587
    endloop
  endfacet
  facet normal -0.0784596 0 0.996917
    outer loop
      vertex 0.782172 35.61 0.0615587
      vertex 0 37.5 0
      vertex 0 35.61 0
    endloop
  endfacet
  facet normal -0.522451 0 -0.852669
    outer loop
      vertex 2.26995 35.65 29.455
      vertex 2.93893 37.5 29.0451
      vertex 2.93893 35.65 29.0451
    endloop
  endfacet
  facet normal -0.522451 0 -0.852669
    outer loop
      vertex 2.93893 37.5 29.0451
      vertex 2.26995 35.65 29.455
      vertex 2.26995 37.5 29.455
    endloop
  endfacet
  facet normal -0.233375 0 -0.972387
    outer loop
      vertex 0.782172 35.65 29.9384
      vertex 1.54508 37.5 29.7553
      vertex 1.54508 35.65 29.7553
    endloop
  endfacet
  facet normal -0.233375 0 -0.972387
    outer loop
      vertex 1.54508 37.5 29.7553
      vertex 0.782172 35.65 29.9384
      vertex 0.782172 37.5 29.9384
    endloop
  endfacet
  facet normal -0.996917 0 0.0784615
    outer loop
      vertex 4.93844 -37.5 4.21783
      vertex 5 -35.65 5
      vertex 4.93844 -35.65 4.21783
    endloop
  endfacet
  facet normal -0.996917 0 0.0784615
    outer loop
      vertex 5 -35.65 5
      vertex 4.93844 -37.5 4.21783
      vertex 5 -37.5 5
    endloop
  endfacet
  facet normal -0.760403 0 -0.649452
    outer loop
      vertex 4.04508 -37.5 27.9389
      vertex 3.53553 -35.65 28.5355
      vertex 4.04508 -35.65 27.9389
    endloop
  endfacet
  facet normal -0.760403 -0 -0.649452
    outer loop
      vertex 3.53553 -35.65 28.5355
      vertex 4.04508 -37.5 27.9389
      vertex 3.53553 -37.5 28.5355
    endloop
  endfacet
  facet normal -1 0 0
    outer loop
      vertex 5 -37.5 5
      vertex 5 -35.65 25
      vertex 5 -35.65 5
    endloop
  endfacet
  facet normal -1 -0 0
    outer loop
      vertex 5 -35.65 25
      vertex 5 -37.5 5
      vertex 5 -37.5 25
    endloop
  endfacet
  facet normal 0.92388 -0 0.382682
    outer loop
      vertex -4.75528 -37.5 3.45492
      vertex -4.45503 -35.65 2.73005
      vertex -4.75528 -35.65 3.45492
    endloop
  endfacet
  facet normal 0.92388 0 0.382682
    outer loop
      vertex -4.45503 -35.65 2.73005
      vertex -4.75528 -37.5 3.45492
      vertex -4.45503 -37.5 2.73005
    endloop
  endfacet
  facet normal -0.233447 0 0.97237
    outer loop
      vertex 0.782172 -35.61 0.0615587
      vertex 1.54508 -37.5 0.244718
      vertex 1.54508 -35.61 0.244718
    endloop
  endfacet
  facet normal -0.233447 0 0.97237
    outer loop
      vertex 1.54508 -37.5 0.244718
      vertex 0.782172 -35.61 0.0615587
      vertex 0.782172 -37.5 0.0615587
    endloop
  endfacet
  facet normal 0 -1 0
    outer loop
      vertex -2.93893 -35.61 0.954915
      vertex -3.86481 -35.61 1.85
      vertex -3.53553 -35.61 1.46447
    endloop
  endfacet
  facet normal 0 -1 0
    outer loop
      vertex -3.86481 -35.61 1.85
      vertex -2.93893 -35.61 0.954915
      vertex 3.86481 -35.61 1.85
    endloop
  endfacet
  facet normal 0 -1 0
    outer loop
      vertex 2.93893 -35.61 0.954915
      vertex 3.86481 -35.61 1.85
      vertex -2.93893 -35.61 0.954915
    endloop
  endfacet
  facet normal 0 -1 0
    outer loop
      vertex 3.86481 -35.61 1.85
      vertex 2.93893 -35.61 0.954915
      vertex 3.53553 -35.61 1.46447
    endloop
  endfacet
  facet normal 0 -1 0
    outer loop
      vertex -2.26995 -35.61 0.544968
      vertex 2.93893 -35.61 0.954915
      vertex -2.93893 -35.61 0.954915
    endloop
  endfacet
  facet normal 0 -1 0
    outer loop
      vertex -2.26995 -35.61 0.544968
      vertex 2.26995 -35.61 0.544968
      vertex 2.93893 -35.61 0.954915
    endloop
  endfacet
  facet normal 0 -1 0
    outer loop
      vertex -1.54508 -35.61 0.244718
      vertex 2.26995 -35.61 0.544968
      vertex -2.26995 -35.61 0.544968
    endloop
  endfacet
  facet normal 0 -1 0
    outer loop
      vertex -1.54508 -35.61 0.244718
      vertex 1.54508 -35.61 0.244718
      vertex 2.26995 -35.61 0.544968
    endloop
  endfacet
  facet normal 0 -1 0
    outer loop
      vertex -0.782172 -35.61 0.0615587
      vertex 1.54508 -35.61 0.244718
      vertex -1.54508 -35.61 0.244718
    endloop
  endfacet
  facet normal 0 -1 0
    outer loop
      vertex -0.782172 -35.61 0.0615587
      vertex 0.782172 -35.61 0.0615587
      vertex 1.54508 -35.61 0.244718
    endloop
  endfacet
  facet normal -0 -1 0
    outer loop
      vertex 0.782172 -35.61 0.0615587
      vertex -0.782172 -35.61 0.0615587
      vertex 0 -35.61 0
    endloop
  endfacet
  facet normal 1 -0 0
    outer loop
      vertex -5 -37.5 25
      vertex -5 -35.65 5
      vertex -5 -35.65 25
    endloop
  endfacet
  facet normal 1 0 0
    outer loop
      vertex -5 -35.65 5
      vertex -5 -37.5 25
      vertex -5 -37.5 5
    endloop
  endfacet
  facet normal 0.996917 0 -0.0784585
    outer loop
      vertex -4.93844 -37.5 25.7822
      vertex -5 -35.65 25
      vertex -4.93844 -35.65 25.7822
    endloop
  endfacet
  facet normal 0.996917 0 -0.0784585
    outer loop
      vertex -5 -35.65 25
      vertex -4.93844 -37.5 25.7822
      vertex -5 -37.5 25
    endloop
  endfacet
  facet normal 0.996917 -0 0.0784615
    outer loop
      vertex -5 -37.5 5
      vertex -4.93844 -35.65 4.21783
      vertex -5 -35.65 5
    endloop
  endfacet
  facet normal 0.996917 0 0.0784615
    outer loop
      vertex -4.93844 -35.65 4.21783
      vertex -5 -37.5 5
      vertex -4.93844 -37.5 4.21783
    endloop
  endfacet
  facet normal 0.522494 0 0.852643
    outer loop
      vertex -2.93893 -35.61 0.954915
      vertex -2.26995 -37.5 0.544968
      vertex -2.26995 -35.61 0.544968
    endloop
  endfacet
  facet normal 0.522494 0 0.852643
    outer loop
      vertex -2.26995 -37.5 0.544968
      vertex -2.93893 -35.61 0.954915
      vertex -2.93893 -37.5 0.954915
    endloop
  endfacet
  facet normal -0.92388 0 0.382682
    outer loop
      vertex 4.45503 -37.5 2.73005
      vertex 4.75528 -35.65 3.45492
      vertex 4.45503 -35.65 2.73005
    endloop
  endfacet
  facet normal -0.92388 0 0.382682
    outer loop
      vertex 4.75528 -35.65 3.45492
      vertex 4.45503 -37.5 2.73005
      vertex 4.75528 -37.5 3.45492
    endloop
  endfacet
  facet normal -0.972369 0 -0.23345
    outer loop
      vertex 4.93844 -37.5 25.7822
      vertex 4.75528 -35.65 26.5451
      vertex 4.93844 -35.65 25.7822
    endloop
  endfacet
  facet normal -0.972369 -0 -0.23345
    outer loop
      vertex 4.75528 -35.65 26.5451
      vertex 4.93844 -37.5 25.7822
      vertex 4.75528 -37.5 26.5451
    endloop
  endfacet
  facet normal 0.078512 0 -0.996913
    outer loop
      vertex -0.782172 -37.5 29.9384
      vertex 0 -35.65 30
      vertex 0 -37.5 30
    endloop
  endfacet
  facet normal 0.078512 0 -0.996913
    outer loop
      vertex 0 -35.65 30
      vertex -0.782172 -37.5 29.9384
      vertex -0.782172 -35.65 29.9384
    endloop
  endfacet
  facet normal 0.760403 0 -0.649452
    outer loop
      vertex -3.53553 -37.5 28.5355
      vertex -4.04508 -35.65 27.9389
      vertex -3.53553 -35.65 28.5355
    endloop
  endfacet
  facet normal 0.760403 0 -0.649452
    outer loop
      vertex -4.04508 -35.65 27.9389
      vertex -3.53553 -37.5 28.5355
      vertex -4.04508 -37.5 27.9389
    endloop
  endfacet
  facet normal 0.972369 0 -0.23345
    outer loop
      vertex -4.75528 -37.5 26.5451
      vertex -4.93844 -35.65 25.7822
      vertex -4.75528 -35.65 26.5451
    endloop
  endfacet
  facet normal 0.972369 0 -0.23345
    outer loop
      vertex -4.93844 -35.65 25.7822
      vertex -4.75528 -37.5 26.5451
      vertex -4.93844 -37.5 25.7822
    endloop
  endfacet
  facet normal 0.382737 0 -0.923857
    outer loop
      vertex -2.26995 -37.5 29.455
      vertex -1.54508 -35.65 29.7553
      vertex -1.54508 -37.5 29.7553
    endloop
  endfacet
  facet normal 0.382737 0 -0.923857
    outer loop
      vertex -1.54508 -35.65 29.7553
      vertex -2.26995 -37.5 29.455
      vertex -2.26995 -35.65 29.455
    endloop
  endfacet
  facet normal 0.972369 -0 0.233447
    outer loop
      vertex -4.93844 -37.5 4.21783
      vertex -4.75528 -35.65 3.45492
      vertex -4.93844 -35.65 4.21783
    endloop
  endfacet
  facet normal 0.972369 0 0.233447
    outer loop
      vertex -4.75528 -35.65 3.45492
      vertex -4.93844 -37.5 4.21783
      vertex -4.75528 -37.5 3.45492
    endloop
  endfacet
  facet normal -0.382682 0 0.92388
    outer loop
      vertex 1.54508 -35.61 0.244718
      vertex 2.26995 -37.5 0.544968
      vertex 2.26995 -35.61 0.544968
    endloop
  endfacet
  facet normal -0.382682 0 0.92388
    outer loop
      vertex 2.26995 -37.5 0.544968
      vertex 1.54508 -35.61 0.244718
      vertex 1.54508 -37.5 0.244718
    endloop
  endfacet
  facet normal -0.7604 0 0.649455
    outer loop
      vertex 3.53553 -35.61 1.46447
      vertex 3.86481 -35.65 1.85
      vertex 3.86481 -35.61 1.85
    endloop
  endfacet
  facet normal -0.7604 0 0.649455
    outer loop
      vertex 3.53553 -37.5 1.46447
      vertex 3.86481 -35.65 1.85
      vertex 3.53553 -35.61 1.46447
    endloop
  endfacet
  facet normal -0.760403 1.12747e-06 0.649452
    outer loop
      vertex 4.04508 -37.5 2.06107
      vertex 3.86481 -35.65 1.85
      vertex 3.53553 -37.5 1.46447
    endloop
  endfacet
  facet normal -0.760407 0 0.649446
    outer loop
      vertex 3.86481 -35.65 1.85
      vertex 4.04508 -37.5 2.06107
      vertex 4.04508 -35.65 2.06107
    endloop
  endfacet
  facet normal -0.923886 0 -0.382669
    outer loop
      vertex 4.75528 -37.5 26.5451
      vertex 4.45503 -35.65 27.27
      vertex 4.75528 -35.65 26.5451
    endloop
  endfacet
  facet normal -0.923886 -0 -0.382669
    outer loop
      vertex 4.45503 -35.65 27.27
      vertex 4.75528 -37.5 26.5451
      vertex 4.45503 -37.5 27.27
    endloop
  endfacet
  facet normal -0.852613 0 -0.522543
    outer loop
      vertex 4.45503 -37.5 27.27
      vertex 4.04508 -35.65 27.9389
      vertex 4.45503 -35.65 27.27
    endloop
  endfacet
  facet normal -0.852613 -0 -0.522543
    outer loop
      vertex 4.04508 -35.65 27.9389
      vertex 4.45503 -37.5 27.27
      vertex 4.04508 -37.5 27.9389
    endloop
  endfacet
  facet normal -0.996917 0 -0.0784585
    outer loop
      vertex 5 -37.5 25
      vertex 4.93844 -35.65 25.7822
      vertex 5 -35.65 25
    endloop
  endfacet
  facet normal -0.996917 -0 -0.0784585
    outer loop
      vertex 4.93844 -35.65 25.7822
      vertex 5 -37.5 25
      vertex 4.93844 -37.5 25.7822
    endloop
  endfacet
  facet normal 0.649489 0 -0.760371
    outer loop
      vertex -3.53553 -37.5 28.5355
      vertex -2.93893 -35.65 29.0451
      vertex -2.93893 -37.5 29.0451
    endloop
  endfacet
  facet normal 0.649489 0 -0.760371
    outer loop
      vertex -2.93893 -35.65 29.0451
      vertex -3.53553 -37.5 28.5355
      vertex -3.53553 -35.65 28.5355
    endloop
  endfacet
  facet normal 0.852641 -0 0.522497
    outer loop
      vertex -4.45503 -37.5 2.73005
      vertex -4.04508 -35.65 2.06107
      vertex -4.45503 -35.65 2.73005
    endloop
  endfacet
  facet normal 0.852641 0 0.522497
    outer loop
      vertex -4.04508 -35.65 2.06107
      vertex -4.45503 -37.5 2.73005
      vertex -4.04508 -37.5 2.06107
    endloop
  endfacet
  facet normal -0.649456 0 0.760399
    outer loop
      vertex 2.93893 -35.61 0.954915
      vertex 3.53553 -37.5 1.46447
      vertex 3.53553 -35.61 1.46447
    endloop
  endfacet
  facet normal -0.649456 0 0.760399
    outer loop
      vertex 3.53553 -37.5 1.46447
      vertex 2.93893 -35.61 0.954915
      vertex 2.93893 -37.5 0.954915
    endloop
  endfacet
  facet normal -0.852641 0 0.522497
    outer loop
      vertex 4.04508 -37.5 2.06107
      vertex 4.45503 -35.65 2.73005
      vertex 4.04508 -35.65 2.06107
    endloop
  endfacet
  facet normal -0.852641 0 0.522497
    outer loop
      vertex 4.45503 -35.65 2.73005
      vertex 4.04508 -37.5 2.06107
      vertex 4.45503 -37.5 2.73005
    endloop
  endfacet
  facet normal -0.078512 0 -0.996913
    outer loop
      vertex 0 -37.5 30
      vertex 0.782172 -35.65 29.9384
      vertex 0.782172 -37.5 29.9384
    endloop
  endfacet
  facet normal -0.078512 0 -0.996913
    outer loop
      vertex 0.782172 -35.65 29.9384
      vertex 0 -37.5 30
      vertex 0 -35.65 30
    endloop
  endfacet
  facet normal 0.923886 0 -0.382669
    outer loop
      vertex -4.45503 -37.5 27.27
      vertex -4.75528 -35.65 26.5451
      vertex -4.45503 -35.65 27.27
    endloop
  endfacet
  facet normal 0.923886 0 -0.382669
    outer loop
      vertex -4.75528 -35.65 26.5451
      vertex -4.45503 -37.5 27.27
      vertex -4.75528 -37.5 26.5451
    endloop
  endfacet
  facet normal 0.522451 0 -0.852669
    outer loop
      vertex -2.93893 -37.5 29.0451
      vertex -2.26995 -35.65 29.455
      vertex -2.26995 -37.5 29.455
    endloop
  endfacet
  facet normal 0.522451 0 -0.852669
    outer loop
      vertex -2.26995 -35.65 29.455
      vertex -2.93893 -37.5 29.0451
      vertex -2.93893 -35.65 29.0451
    endloop
  endfacet
  facet normal 0.233375 0 -0.972387
    outer loop
      vertex -1.54508 -37.5 29.7553
      vertex -0.782172 -35.65 29.9384
      vertex -0.782172 -37.5 29.9384
    endloop
  endfacet
  facet normal 0.233375 0 -0.972387
    outer loop
      vertex -0.782172 -35.65 29.9384
      vertex -1.54508 -37.5 29.7553
      vertex -1.54508 -35.65 29.7553
    endloop
  endfacet
  facet normal 0.760407 0 0.649446
    outer loop
      vertex -4.04508 -35.65 2.06107
      vertex -4.04508 -37.5 2.06107
      vertex -3.86481 -35.65 1.85
    endloop
  endfacet
  facet normal 0.7604 -0 0.649455
    outer loop
      vertex -3.86481 -35.65 1.85
      vertex -3.53553 -35.61 1.46447
      vertex -3.86481 -35.61 1.85
    endloop
  endfacet
  facet normal 0.760403 1.12747e-06 0.649452
    outer loop
      vertex -3.53553 -37.5 1.46447
      vertex -3.86481 -35.65 1.85
      vertex -4.04508 -37.5 2.06107
    endloop
  endfacet
  facet normal 0.7604 0 0.649455
    outer loop
      vertex -3.86481 -35.65 1.85
      vertex -3.53553 -37.5 1.46447
      vertex -3.53553 -35.61 1.46447
    endloop
  endfacet
  facet normal 0.382682 0 0.92388
    outer loop
      vertex -2.26995 -35.61 0.544968
      vertex -1.54508 -37.5 0.244718
      vertex -1.54508 -35.61 0.244718
    endloop
  endfacet
  facet normal 0.382682 0 0.92388
    outer loop
      vertex -1.54508 -37.5 0.244718
      vertex -2.26995 -35.61 0.544968
      vertex -2.26995 -37.5 0.544968
    endloop
  endfacet
  facet normal 0.233447 0 0.97237
    outer loop
      vertex -1.54508 -35.61 0.244718
      vertex -0.782172 -37.5 0.0615587
      vertex -0.782172 -35.61 0.0615587
    endloop
  endfacet
  facet normal 0.233447 0 0.97237
    outer loop
      vertex -0.782172 -37.5 0.0615587
      vertex -1.54508 -35.61 0.244718
      vertex -1.54508 -37.5 0.244718
    endloop
  endfacet
  facet normal 0.649456 0 0.760399
    outer loop
      vertex -3.53553 -35.61 1.46447
      vertex -2.93893 -37.5 0.954915
      vertex -2.93893 -35.61 0.954915
    endloop
  endfacet
  facet normal 0.649456 0 0.760399
    outer loop
      vertex -2.93893 -37.5 0.954915
      vertex -3.53553 -35.61 1.46447
      vertex -3.53553 -37.5 1.46447
    endloop
  endfacet
  facet normal 0.0784596 0 0.996917
    outer loop
      vertex -0.782172 -35.61 0.0615587
      vertex 0 -37.5 0
      vertex 0 -35.61 0
    endloop
  endfacet
  facet normal 0.0784596 0 0.996917
    outer loop
      vertex 0 -37.5 0
      vertex -0.782172 -35.61 0.0615587
      vertex -0.782172 -37.5 0.0615587
    endloop
  endfacet
  facet normal -0.522494 0 0.852643
    outer loop
      vertex 2.26995 -35.61 0.544968
      vertex 2.93893 -37.5 0.954915
      vertex 2.93893 -35.61 0.954915
    endloop
  endfacet
  facet normal -0.522494 0 0.852643
    outer loop
      vertex 2.93893 -37.5 0.954915
      vertex 2.26995 -35.61 0.544968
      vertex 2.26995 -37.5 0.544968
    endloop
  endfacet
  facet normal -0.972369 0 0.233447
    outer loop
      vertex 4.75528 -37.5 3.45492
      vertex 4.93844 -35.65 4.21783
      vertex 4.75528 -35.65 3.45492
    endloop
  endfacet
  facet normal -0.972369 0 0.233447
    outer loop
      vertex 4.93844 -35.65 4.21783
      vertex 4.75528 -37.5 3.45492
      vertex 4.93844 -37.5 4.21783
    endloop
  endfacet
  facet normal -0.649489 0 -0.760371
    outer loop
      vertex 2.93893 -37.5 29.0451
      vertex 3.53553 -35.65 28.5355
      vertex 3.53553 -37.5 28.5355
    endloop
  endfacet
  facet normal -0.649489 0 -0.760371
    outer loop
      vertex 3.53553 -35.65 28.5355
      vertex 2.93893 -37.5 29.0451
      vertex 2.93893 -35.65 29.0451
    endloop
  endfacet
  facet normal -0.382737 0 -0.923857
    outer loop
      vertex 1.54508 -37.5 29.7553
      vertex 2.26995 -35.65 29.455
      vertex 2.26995 -37.5 29.455
    endloop
  endfacet
  facet normal -0.382737 0 -0.923857
    outer loop
      vertex 2.26995 -35.65 29.455
      vertex 1.54508 -37.5 29.7553
      vertex 1.54508 -35.65 29.7553
    endloop
  endfacet
  facet normal 0.852613 0 -0.522543
    outer loop
      vertex -4.04508 -37.5 27.9389
      vertex -4.45503 -35.65 27.27
      vertex -4.04508 -35.65 27.9389
    endloop
  endfacet
  facet normal 0.852613 0 -0.522543
    outer loop
      vertex -4.45503 -35.65 27.27
      vertex -4.04508 -37.5 27.9389
      vertex -4.45503 -37.5 27.27
    endloop
  endfacet
  facet normal -0.0784596 0 0.996917
    outer loop
      vertex 0 -35.61 0
      vertex 0.782172 -37.5 0.0615587
      vertex 0.782172 -35.61 0.0615587
    endloop
  endfacet
  facet normal -0.0784596 0 0.996917
    outer loop
      vertex 0.782172 -37.5 0.0615587
      vertex 0 -35.61 0
      vertex 0 -37.5 0
    endloop
  endfacet
  facet normal -0.522451 0 -0.852669
    outer loop
      vertex 2.26995 -37.5 29.455
      vertex 2.93893 -35.65 29.0451
      vertex 2.93893 -37.5 29.0451
    endloop
  endfacet
  facet normal -0.522451 0 -0.852669
    outer loop
      vertex 2.93893 -35.65 29.0451
      vertex 2.26995 -37.5 29.455
      vertex 2.26995 -35.65 29.455
    endloop
  endfacet
  facet normal -0.233375 0 -0.972387
    outer loop
      vertex 0.782172 -37.5 29.9384
      vertex 1.54508 -35.65 29.7553
      vertex 1.54508 -37.5 29.7553
    endloop
  endfacet
  facet normal -0.233375 0 -0.972387
    outer loop
      vertex 1.54508 -35.65 29.7553
      vertex 0.782172 -37.5 29.9384
      vertex 0.782172 -35.65 29.9384
    endloop
  endfacet
  facet normal 0 -0.923886 -0.382669
    outer loop
      vertex 48.15 4.75528 26.5451
      vertex 50 4.45503 27.27
      vertex 48.15 4.45503 27.27
    endloop
  endfacet
  facet normal 0 -0.923886 -0.382669
    outer loop
      vertex 50 4.45503 27.27
      vertex 48.15 4.75528 26.5451
      vertex 50 4.75528 26.5451
    endloop
  endfacet
  facet normal 1 0 0
    outer loop
      vertex 48.11 3.86481 1.85
      vertex 48.11 2.93893 0.954915
      vertex 48.11 3.53553 1.46447
    endloop
  endfacet
  facet normal 1 0 0
    outer loop
      vertex 48.11 3.86481 1.85
      vertex 48.11 2.26995 0.544968
      vertex 48.11 2.93893 0.954915
    endloop
  endfacet
  facet normal 1 0 0
    outer loop
      vertex 48.11 3.86481 1.85
      vertex 48.11 1.54508 0.244718
      vertex 48.11 2.26995 0.544968
    endloop
  endfacet
  facet normal 1 0 0
    outer loop
      vertex 48.11 3.86481 1.85
      vertex 48.11 0.782172 0.0615587
      vertex 48.11 1.54508 0.244718
    endloop
  endfacet
  facet normal 1 0 0
    outer loop
      vertex 48.11 3.86481 1.85
      vertex 48.11 0 0
      vertex 48.11 0.782172 0.0615587
    endloop
  endfacet
  facet normal 1 0 0
    outer loop
      vertex 48.11 3.86481 1.85
      vertex 48.11 -0.782172 0.0615587
      vertex 48.11 0 0
    endloop
  endfacet
  facet normal 1 0 0
    outer loop
      vertex 48.11 3.86481 1.85
      vertex 48.11 -1.54508 0.244718
      vertex 48.11 -0.782172 0.0615587
    endloop
  endfacet
  facet normal 1 0 0
    outer loop
      vertex 48.11 3.86481 1.85
      vertex 48.11 -2.26995 0.544968
      vertex 48.11 -1.54508 0.244718
    endloop
  endfacet
  facet normal 1 0 0
    outer loop
      vertex 48.11 3.86481 1.85
      vertex 48.11 -2.93893 0.954915
      vertex 48.11 -2.26995 0.544968
    endloop
  endfacet
  facet normal 1 -0 0
    outer loop
      vertex 48.11 -3.86481 1.85
      vertex 48.11 -2.93893 0.954915
      vertex 48.11 3.86481 1.85
    endloop
  endfacet
  facet normal 1 0 0
    outer loop
      vertex 48.11 -2.93893 0.954915
      vertex 48.11 -3.86481 1.85
      vertex 48.11 -3.53553 1.46447
    endloop
  endfacet
  facet normal 0 1 -0
    outer loop
      vertex 50 -5 5
      vertex 48.15 -5 25
      vertex 50 -5 25
    endloop
  endfacet
  facet normal 0 1 0
    outer loop
      vertex 48.15 -5 25
      vertex 50 -5 5
      vertex 48.15 -5 5
    endloop
  endfacet
  facet normal 0 0.923886 -0.382669
    outer loop
      vertex 50 -4.75528 26.5451
      vertex 48.15 -4.45503 27.27
      vertex 50 -4.45503 27.27
    endloop
  endfacet
  facet normal 0 0.923886 -0.382669
    outer loop
      vertex 48.15 -4.45503 27.27
      vertex 50 -4.75528 26.5451
      vertex 48.15 -4.75528 26.5451
    endloop
  endfacet
  facet normal 0 -0.760403 -0.649452
    outer loop
      vertex 48.15 4.04508 27.9389
      vertex 50 3.53553 28.5355
      vertex 48.15 3.53553 28.5355
    endloop
  endfacet
  facet normal 0 -0.760403 -0.649452
    outer loop
      vertex 50 3.53553 28.5355
      vertex 48.15 4.04508 27.9389
      vertex 50 4.04508 27.9389
    endloop
  endfacet
  facet normal 0 -1 0
    outer loop
      vertex 48.15 5 5
      vertex 50 5 25
      vertex 48.15 5 25
    endloop
  endfacet
  facet normal 0 -1 -0
    outer loop
      vertex 50 5 25
      vertex 48.15 5 5
      vertex 50 5 5
    endloop
  endfacet
  facet normal 0 -0.996917 -0.0784585
    outer loop
      vertex 48.15 5 25
      vertex 50 4.93844 25.7822
      vertex 48.15 4.93844 25.7822
    endloop
  endfacet
  facet normal 0 -0.996917 -0.0784585
    outer loop
      vertex 50 4.93844 25.7822
      vertex 48.15 5 25
      vertex 50 5 25
    endloop
  endfacet
  facet normal 0 -0.972369 -0.23345
    outer loop
      vertex 48.15 4.93844 25.7822
      vertex 50 4.75528 26.5451
      vertex 48.15 4.75528 26.5451
    endloop
  endfacet
  facet normal 0 -0.972369 -0.23345
    outer loop
      vertex 50 4.75528 26.5451
      vertex 48.15 4.93844 25.7822
      vertex 50 4.93844 25.7822
    endloop
  endfacet
  facet normal 0 0.996917 -0.0784585
    outer loop
      vertex 50 -5 25
      vertex 48.15 -4.93844 25.7822
      vertex 50 -4.93844 25.7822
    endloop
  endfacet
  facet normal 0 0.996917 -0.0784585
    outer loop
      vertex 48.15 -4.93844 25.7822
      vertex 50 -5 25
      vertex 48.15 -5 25
    endloop
  endfacet
  facet normal 0 -0.078512 -0.996913
    outer loop
      vertex 48.15 0 30
      vertex 50 0.782172 29.9384
      vertex 50 0 30
    endloop
  endfacet
  facet normal -0 -0.078512 -0.996913
    outer loop
      vertex 50 0.782172 29.9384
      vertex 48.15 0 30
      vertex 48.15 0.782172 29.9384
    endloop
  endfacet
  facet normal 0 -0.996917 0.0784615
    outer loop
      vertex 48.15 4.93844 4.21783
      vertex 50 5 5
      vertex 48.15 5 5
    endloop
  endfacet
  facet normal 0 -0.996917 0.0784615
    outer loop
      vertex 50 5 5
      vertex 48.15 4.93844 4.21783
      vertex 50 4.93844 4.21783
    endloop
  endfacet
  facet normal 0 0.92388 0.382682
    outer loop
      vertex 50 -4.45503 2.73005
      vertex 48.15 -4.75528 3.45492
      vertex 50 -4.75528 3.45492
    endloop
  endfacet
  facet normal 0 0.92388 0.382682
    outer loop
      vertex 48.15 -4.75528 3.45492
      vertex 50 -4.45503 2.73005
      vertex 48.15 -4.45503 2.73005
    endloop
  endfacet
  facet normal 0 0.972369 -0.23345
    outer loop
      vertex 50 -4.93844 25.7822
      vertex 48.15 -4.75528 26.5451
      vertex 50 -4.75528 26.5451
    endloop
  endfacet
  facet normal 0 0.972369 -0.23345
    outer loop
      vertex 48.15 -4.75528 26.5451
      vertex 50 -4.93844 25.7822
      vertex 48.15 -4.93844 25.7822
    endloop
  endfacet
  facet normal 0 -0.852613 -0.522543
    outer loop
      vertex 48.15 4.45503 27.27
      vertex 50 4.04508 27.9389
      vertex 48.15 4.04508 27.9389
    endloop
  endfacet
  facet normal 0 -0.852613 -0.522543
    outer loop
      vertex 50 4.04508 27.9389
      vertex 48.15 4.45503 27.27
      vertex 50 4.45503 27.27
    endloop
  endfacet
  facet normal 0 -0.852641 0.522497
    outer loop
      vertex 48.15 4.04508 2.06107
      vertex 50 4.45503 2.73005
      vertex 48.15 4.45503 2.73005
    endloop
  endfacet
  facet normal 0 -0.852641 0.522497
    outer loop
      vertex 50 4.45503 2.73005
      vertex 48.15 4.04508 2.06107
      vertex 50 4.04508 2.06107
    endloop
  endfacet
  facet normal 0 -0.972369 0.233447
    outer loop
      vertex 48.15 4.75528 3.45492
      vertex 50 4.93844 4.21783
      vertex 48.15 4.93844 4.21783
    endloop
  endfacet
  facet normal 0 -0.972369 0.233447
    outer loop
      vertex 50 4.93844 4.21783
      vertex 48.15 4.75528 3.45492
      vertex 50 4.75528 3.45492
    endloop
  endfacet
  facet normal 0 0.996917 0.0784615
    outer loop
      vertex 50 -4.93844 4.21783
      vertex 48.15 -5 5
      vertex 50 -5 5
    endloop
  endfacet
  facet normal 0 0.996917 0.0784615
    outer loop
      vertex 48.15 -5 5
      vertex 50 -4.93844 4.21783
      vertex 48.15 -4.93844 4.21783
    endloop
  endfacet
  facet normal 0 0.852613 -0.522543
    outer loop
      vertex 50 -4.45503 27.27
      vertex 48.15 -4.04508 27.9389
      vertex 50 -4.04508 27.9389
    endloop
  endfacet
  facet normal 0 0.852613 -0.522543
    outer loop
      vertex 48.15 -4.04508 27.9389
      vertex 50 -4.45503 27.27
      vertex 48.15 -4.45503 27.27
    endloop
  endfacet
  facet normal 0 0.760403 -0.649452
    outer loop
      vertex 50 -4.04508 27.9389
      vertex 48.15 -3.53553 28.5355
      vertex 50 -3.53553 28.5355
    endloop
  endfacet
  facet normal 0 0.760403 -0.649452
    outer loop
      vertex 48.15 -3.53553 28.5355
      vertex 50 -4.04508 27.9389
      vertex 48.15 -4.04508 27.9389
    endloop
  endfacet
  facet normal 0 0.078512 -0.996913
    outer loop
      vertex 48.15 -0.782172 29.9384
      vertex 50 0 30
      vertex 50 -0.782172 29.9384
    endloop
  endfacet
  facet normal 0 0.078512 -0.996913
    outer loop
      vertex 50 0 30
      vertex 48.15 -0.782172 29.9384
      vertex 48.15 0 30
    endloop
  endfacet
  facet normal 0 0.382737 -0.923857
    outer loop
      vertex 48.15 -2.26995 29.455
      vertex 50 -1.54508 29.7553
      vertex 50 -2.26995 29.455
    endloop
  endfacet
  facet normal 0 0.382737 -0.923857
    outer loop
      vertex 50 -1.54508 29.7553
      vertex 48.15 -2.26995 29.455
      vertex 48.15 -1.54508 29.7553
    endloop
  endfacet
  facet normal 0 -0.233375 -0.972387
    outer loop
      vertex 48.15 0.782172 29.9384
      vertex 50 1.54508 29.7553
      vertex 50 0.782172 29.9384
    endloop
  endfacet
  facet normal -0 -0.233375 -0.972387
    outer loop
      vertex 50 1.54508 29.7553
      vertex 48.15 0.782172 29.9384
      vertex 48.15 1.54508 29.7553
    endloop
  endfacet
  facet normal 0 -0.649489 -0.760371
    outer loop
      vertex 48.15 2.93893 29.0451
      vertex 50 3.53553 28.5355
      vertex 50 2.93893 29.0451
    endloop
  endfacet
  facet normal -0 -0.649489 -0.760371
    outer loop
      vertex 50 3.53553 28.5355
      vertex 48.15 2.93893 29.0451
      vertex 48.15 3.53553 28.5355
    endloop
  endfacet
  facet normal 0 -0.522451 -0.852669
    outer loop
      vertex 48.15 2.26995 29.455
      vertex 50 2.93893 29.0451
      vertex 50 2.26995 29.455
    endloop
  endfacet
  facet normal -0 -0.522451 -0.852669
    outer loop
      vertex 50 2.93893 29.0451
      vertex 48.15 2.26995 29.455
      vertex 48.15 2.93893 29.0451
    endloop
  endfacet
  facet normal -0 0.522494 0.852643
    outer loop
      vertex 48.11 -2.26995 0.544968
      vertex 50 -2.93893 0.954915
      vertex 50 -2.26995 0.544968
    endloop
  endfacet
  facet normal 0 0.522494 0.852643
    outer loop
      vertex 50 -2.93893 0.954915
      vertex 48.11 -2.26995 0.544968
      vertex 48.11 -2.93893 0.954915
    endloop
  endfacet
  facet normal 0 0.972369 0.233447
    outer loop
      vertex 50 -4.75528 3.45492
      vertex 48.15 -4.93844 4.21783
      vertex 50 -4.93844 4.21783
    endloop
  endfacet
  facet normal 0 0.972369 0.233447
    outer loop
      vertex 48.15 -4.93844 4.21783
      vertex 50 -4.75528 3.45492
      vertex 48.15 -4.75528 3.45492
    endloop
  endfacet
  facet normal 0 0.649489 -0.760371
    outer loop
      vertex 48.15 -3.53553 28.5355
      vertex 50 -2.93893 29.0451
      vertex 50 -3.53553 28.5355
    endloop
  endfacet
  facet normal 0 0.649489 -0.760371
    outer loop
      vertex 50 -2.93893 29.0451
      vertex 48.15 -3.53553 28.5355
      vertex 48.15 -2.93893 29.0451
    endloop
  endfacet
  facet normal 0 0.233375 -0.972387
    outer loop
      vertex 48.15 -1.54508 29.7553
      vertex 50 -0.782172 29.9384
      vertex 50 -1.54508 29.7553
    endloop
  endfacet
  facet normal 0 0.233375 -0.972387
    outer loop
      vertex 50 -0.782172 29.9384
      vertex 48.15 -1.54508 29.7553
      vertex 48.15 -0.782172 29.9384
    endloop
  endfacet
  facet normal 0 0.522451 -0.852669
    outer loop
      vertex 48.15 -2.93893 29.0451
      vertex 50 -2.26995 29.455
      vertex 50 -2.93893 29.0451
    endloop
  endfacet
  facet normal 0 0.522451 -0.852669
    outer loop
      vertex 50 -2.26995 29.455
      vertex 48.15 -2.93893 29.0451
      vertex 48.15 -2.26995 29.455
    endloop
  endfacet
  facet normal 0 -0.382737 -0.923857
    outer loop
      vertex 48.15 1.54508 29.7553
      vertex 50 2.26995 29.455
      vertex 50 1.54508 29.7553
    endloop
  endfacet
  facet normal -0 -0.382737 -0.923857
    outer loop
      vertex 50 2.26995 29.455
      vertex 48.15 1.54508 29.7553
      vertex 48.15 2.26995 29.455
    endloop
  endfacet
  facet normal 0 0.852641 0.522497
    outer loop
      vertex 50 -4.04508 2.06107
      vertex 48.15 -4.45503 2.73005
      vertex 50 -4.45503 2.73005
    endloop
  endfacet
  facet normal 0 0.852641 0.522497
    outer loop
      vertex 48.15 -4.45503 2.73005
      vertex 50 -4.04508 2.06107
      vertex 48.15 -4.04508 2.06107
    endloop
  endfacet
  facet normal -0 0.233447 0.97237
    outer loop
      vertex 48.11 -0.782172 0.0615587
      vertex 50 -1.54508 0.244718
      vertex 50 -0.782172 0.0615587
    endloop
  endfacet
  facet normal 0 0.233447 0.97237
    outer loop
      vertex 50 -1.54508 0.244718
      vertex 48.11 -0.782172 0.0615587
      vertex 48.11 -1.54508 0.244718
    endloop
  endfacet
  facet normal 0 0.760407 0.649446
    outer loop
      vertex 50 -4.04508 2.06107
      vertex 48.15 -3.86481 1.85
      vertex 48.15 -4.04508 2.06107
    endloop
  endfacet
  facet normal -1.12747e-06 0.760403 0.649452
    outer loop
      vertex 50 -3.53553 1.46447
      vertex 48.15 -3.86481 1.85
      vertex 50 -4.04508 2.06107
    endloop
  endfacet
  facet normal -0 0.7604 0.649455
    outer loop
      vertex 48.11 -3.53553 1.46447
      vertex 48.15 -3.86481 1.85
      vertex 50 -3.53553 1.46447
    endloop
  endfacet
  facet normal 0 0.7604 0.649455
    outer loop
      vertex 48.15 -3.86481 1.85
      vertex 48.11 -3.53553 1.46447
      vertex 48.11 -3.86481 1.85
    endloop
  endfacet
  facet normal -0 0.649456 0.760399
    outer loop
      vertex 48.11 -2.93893 0.954915
      vertex 50 -3.53553 1.46447
      vertex 50 -2.93893 0.954915
    endloop
  endfacet
  facet normal 0 0.649456 0.760399
    outer loop
      vertex 50 -3.53553 1.46447
      vertex 48.11 -2.93893 0.954915
      vertex 48.11 -3.53553 1.46447
    endloop
  endfacet
  facet normal -0 0.0784596 0.996917
    outer loop
      vertex 48.11 0 0
      vertex 50 -0.782172 0.0615587
      vertex 50 0 0
    endloop
  endfacet
  facet normal 0 0.0784596 0.996917
    outer loop
      vertex 50 -0.782172 0.0615587
      vertex 48.11 0 0
      vertex 48.11 -0.782172 0.0615587
    endloop
  endfacet
  facet normal -0 0.382682 0.92388
    outer loop
      vertex 48.11 -1.54508 0.244718
      vertex 50 -2.26995 0.544968
      vertex 50 -1.54508 0.244718
    endloop
  endfacet
  facet normal 0 0.382682 0.92388
    outer loop
      vertex 50 -2.26995 0.544968
      vertex 48.11 -1.54508 0.244718
      vertex 48.11 -2.26995 0.544968
    endloop
  endfacet
  facet normal 0 -0.0784596 0.996917
    outer loop
      vertex 48.11 0.782172 0.0615587
      vertex 50 0 0
      vertex 50 0.782172 0.0615587
    endloop
  endfacet
  facet normal 0 -0.0784596 0.996917
    outer loop
      vertex 50 0 0
      vertex 48.11 0.782172 0.0615587
      vertex 48.11 0 0
    endloop
  endfacet
  facet normal 0 -0.92388 0.382682
    outer loop
      vertex 48.15 4.45503 2.73005
      vertex 50 4.75528 3.45492
      vertex 48.15 4.75528 3.45492
    endloop
  endfacet
  facet normal 0 -0.92388 0.382682
    outer loop
      vertex 50 4.75528 3.45492
      vertex 48.15 4.45503 2.73005
      vertex 50 4.45503 2.73005
    endloop
  endfacet
  facet normal 0 -0.649456 0.760399
    outer loop
      vertex 48.11 3.53553 1.46447
      vertex 50 2.93893 0.954915
      vertex 50 3.53553 1.46447
    endloop
  endfacet
  facet normal 0 -0.649456 0.760399
    outer loop
      vertex 50 2.93893 0.954915
      vertex 48.11 3.53553 1.46447
      vertex 48.11 2.93893 0.954915
    endloop
  endfacet
  facet normal 0 -0.233447 0.97237
    outer loop
      vertex 48.11 1.54508 0.244718
      vertex 50 0.782172 0.0615587
      vertex 50 1.54508 0.244718
    endloop
  endfacet
  facet normal 0 -0.233447 0.97237
    outer loop
      vertex 50 0.782172 0.0615587
      vertex 48.11 1.54508 0.244718
      vertex 48.11 0.782172 0.0615587
    endloop
  endfacet
  facet normal 0 -0.382682 0.92388
    outer loop
      vertex 48.11 2.26995 0.544968
      vertex 50 1.54508 0.244718
      vertex 50 2.26995 0.544968
    endloop
  endfacet
  facet normal 0 -0.382682 0.92388
    outer loop
      vertex 50 1.54508 0.244718
      vertex 48.11 2.26995 0.544968
      vertex 48.11 1.54508 0.244718
    endloop
  endfacet
  facet normal 0 -0.7604 0.649455
    outer loop
      vertex 48.11 3.86481 1.85
      vertex 48.11 3.53553 1.46447
      vertex 48.15 3.86481 1.85
    endloop
  endfacet
  facet normal 0 -0.760407 0.649446
    outer loop
      vertex 48.15 3.86481 1.85
      vertex 50 4.04508 2.06107
      vertex 48.15 4.04508 2.06107
    endloop
  endfacet
  facet normal 0 -0.7604 0.649455
    outer loop
      vertex 50 3.53553 1.46447
      vertex 48.15 3.86481 1.85
      vertex 48.11 3.53553 1.46447
    endloop
  endfacet
  facet normal -1.12747e-06 -0.760403 0.649452
    outer loop
      vertex 48.15 3.86481 1.85
      vertex 50 3.53553 1.46447
      vertex 50 4.04508 2.06107
    endloop
  endfacet
  facet normal 0 -0.522494 0.852643
    outer loop
      vertex 48.11 2.93893 0.954915
      vertex 50 2.26995 0.544968
      vertex 50 2.93893 0.954915
    endloop
  endfacet
  facet normal 0 -0.522494 0.852643
    outer loop
      vertex 50 2.26995 0.544968
      vertex 48.11 2.93893 0.954915
      vertex 48.11 2.26995 0.544968
    endloop
  endfacet
  facet normal 0 -0.923886 -0.382669
    outer loop
      vertex -50 4.75528 26.5451
      vertex -48.15 4.45503 27.27
      vertex -50 4.45503 27.27
    endloop
  endfacet
  facet normal 0 -0.923886 -0.382669
    outer loop
      vertex -48.15 4.45503 27.27
      vertex -50 4.75528 26.5451
      vertex -48.15 4.75528 26.5451
    endloop
  endfacet
  facet normal 0 1 -0
    outer loop
      vertex -48.15 -5 5
      vertex -50 -5 25
      vertex -48.15 -5 25
    endloop
  endfacet
  facet normal 0 1 0
    outer loop
      vertex -50 -5 25
      vertex -48.15 -5 5
      vertex -50 -5 5
    endloop
  endfacet
  facet normal 0 0.923886 -0.382669
    outer loop
      vertex -48.15 -4.75528 26.5451
      vertex -50 -4.45503 27.27
      vertex -48.15 -4.45503 27.27
    endloop
  endfacet
  facet normal 0 0.923886 -0.382669
    outer loop
      vertex -50 -4.45503 27.27
      vertex -48.15 -4.75528 26.5451
      vertex -50 -4.75528 26.5451
    endloop
  endfacet
  facet normal 0 -1 0
    outer loop
      vertex -50 5 5
      vertex -48.15 5 25
      vertex -50 5 25
    endloop
  endfacet
  facet normal 0 -1 -0
    outer loop
      vertex -48.15 5 25
      vertex -50 5 5
      vertex -48.15 5 5
    endloop
  endfacet
  facet normal 0 -0.996917 -0.0784585
    outer loop
      vertex -50 5 25
      vertex -48.15 4.93844 25.7822
      vertex -50 4.93844 25.7822
    endloop
  endfacet
  facet normal 0 -0.996917 -0.0784585
    outer loop
      vertex -48.15 4.93844 25.7822
      vertex -50 5 25
      vertex -48.15 5 25
    endloop
  endfacet
  facet normal 0 -0.972369 -0.23345
    outer loop
      vertex -50 4.93844 25.7822
      vertex -48.15 4.75528 26.5451
      vertex -50 4.75528 26.5451
    endloop
  endfacet
  facet normal 0 -0.972369 -0.23345
    outer loop
      vertex -48.15 4.75528 26.5451
      vertex -50 4.93844 25.7822
      vertex -48.15 4.93844 25.7822
    endloop
  endfacet
  facet normal 0 0.996917 -0.0784585
    outer loop
      vertex -48.15 -5 25
      vertex -50 -4.93844 25.7822
      vertex -48.15 -4.93844 25.7822
    endloop
  endfacet
  facet normal 0 0.996917 -0.0784585
    outer loop
      vertex -50 -4.93844 25.7822
      vertex -48.15 -5 25
      vertex -50 -5 25
    endloop
  endfacet
  facet normal 0 -0.078512 -0.996913
    outer loop
      vertex -50 0 30
      vertex -48.15 0.782172 29.9384
      vertex -48.15 0 30
    endloop
  endfacet
  facet normal -0 -0.078512 -0.996913
    outer loop
      vertex -48.15 0.782172 29.9384
      vertex -50 0 30
      vertex -50 0.782172 29.9384
    endloop
  endfacet
  facet normal 0 -0.382737 -0.923857
    outer loop
      vertex -50 1.54508 29.7553
      vertex -48.15 2.26995 29.455
      vertex -48.15 1.54508 29.7553
    endloop
  endfacet
  facet normal -0 -0.382737 -0.923857
    outer loop
      vertex -48.15 2.26995 29.455
      vertex -50 1.54508 29.7553
      vertex -50 2.26995 29.455
    endloop
  endfacet
  facet normal 0 -0.996917 0.0784615
    outer loop
      vertex -50 4.93844 4.21783
      vertex -48.15 5 5
      vertex -50 5 5
    endloop
  endfacet
  facet normal 0 -0.996917 0.0784615
    outer loop
      vertex -48.15 5 5
      vertex -50 4.93844 4.21783
      vertex -48.15 4.93844 4.21783
    endloop
  endfacet
  facet normal -1 0 0
    outer loop
      vertex -48.11 2.93893 0.954915
      vertex -48.11 3.86481 1.85
      vertex -48.11 3.53553 1.46447
    endloop
  endfacet
  facet normal -1 0 0
    outer loop
      vertex -48.11 2.26995 0.544968
      vertex -48.11 3.86481 1.85
      vertex -48.11 2.93893 0.954915
    endloop
  endfacet
  facet normal -1 0 0
    outer loop
      vertex -48.11 1.54508 0.244718
      vertex -48.11 3.86481 1.85
      vertex -48.11 2.26995 0.544968
    endloop
  endfacet
  facet normal -1 0 0
    outer loop
      vertex -48.11 0.782172 0.0615587
      vertex -48.11 3.86481 1.85
      vertex -48.11 1.54508 0.244718
    endloop
  endfacet
  facet normal -1 0 0
    outer loop
      vertex -48.11 0 0
      vertex -48.11 3.86481 1.85
      vertex -48.11 0.782172 0.0615587
    endloop
  endfacet
  facet normal -1 0 0
    outer loop
      vertex -48.11 -0.782172 0.0615587
      vertex -48.11 3.86481 1.85
      vertex -48.11 0 0
    endloop
  endfacet
  facet normal -1 0 0
    outer loop
      vertex -48.11 -1.54508 0.244718
      vertex -48.11 3.86481 1.85
      vertex -48.11 -0.782172 0.0615587
    endloop
  endfacet
  facet normal -1 0 0
    outer loop
      vertex -48.11 -2.26995 0.544968
      vertex -48.11 3.86481 1.85
      vertex -48.11 -1.54508 0.244718
    endloop
  endfacet
  facet normal -1 0 0
    outer loop
      vertex -48.11 -2.93893 0.954915
      vertex -48.11 3.86481 1.85
      vertex -48.11 -2.26995 0.544968
    endloop
  endfacet
  facet normal -1 0 0
    outer loop
      vertex -48.11 -3.86481 1.85
      vertex -48.11 -2.93893 0.954915
      vertex -48.11 -3.53553 1.46447
    endloop
  endfacet
  facet normal -1 0 0
    outer loop
      vertex -48.11 -2.93893 0.954915
      vertex -48.11 -3.86481 1.85
      vertex -48.11 3.86481 1.85
    endloop
  endfacet
  facet normal 0 0.92388 0.382682
    outer loop
      vertex -48.15 -4.45503 2.73005
      vertex -50 -4.75528 3.45492
      vertex -48.15 -4.75528 3.45492
    endloop
  endfacet
  facet normal 0 0.92388 0.382682
    outer loop
      vertex -50 -4.75528 3.45492
      vertex -48.15 -4.45503 2.73005
      vertex -50 -4.45503 2.73005
    endloop
  endfacet
  facet normal 0 0.972369 -0.23345
    outer loop
      vertex -48.15 -4.93844 25.7822
      vertex -50 -4.75528 26.5451
      vertex -48.15 -4.75528 26.5451
    endloop
  endfacet
  facet normal 0 0.972369 -0.23345
    outer loop
      vertex -50 -4.75528 26.5451
      vertex -48.15 -4.93844 25.7822
      vertex -50 -4.93844 25.7822
    endloop
  endfacet
  facet normal 0 -0.852613 -0.522543
    outer loop
      vertex -50 4.45503 27.27
      vertex -48.15 4.04508 27.9389
      vertex -50 4.04508 27.9389
    endloop
  endfacet
  facet normal 0 -0.852613 -0.522543
    outer loop
      vertex -48.15 4.04508 27.9389
      vertex -50 4.45503 27.27
      vertex -48.15 4.45503 27.27
    endloop
  endfacet
  facet normal 0 -0.0784596 0.996917
    outer loop
      vertex -50 0.782172 0.0615587
      vertex -48.11 0 0
      vertex -48.11 0.782172 0.0615587
    endloop
  endfacet
  facet normal 0 -0.0784596 0.996917
    outer loop
      vertex -48.11 0 0
      vertex -50 0.782172 0.0615587
      vertex -50 0 0
    endloop
  endfacet
  facet normal 0 -0.972369 0.233447
    outer loop
      vertex -50 4.75528 3.45492
      vertex -48.15 4.93844 4.21783
      vertex -50 4.93844 4.21783
    endloop
  endfacet
  facet normal 0 -0.972369 0.233447
    outer loop
      vertex -48.15 4.93844 4.21783
      vertex -50 4.75528 3.45492
      vertex -48.15 4.75528 3.45492
    endloop
  endfacet
  facet normal 0 0.852613 -0.522543
    outer loop
      vertex -48.15 -4.45503 27.27
      vertex -50 -4.04508 27.9389
      vertex -48.15 -4.04508 27.9389
    endloop
  endfacet
  facet normal 0 0.852613 -0.522543
    outer loop
      vertex -50 -4.04508 27.9389
      vertex -48.15 -4.45503 27.27
      vertex -50 -4.45503 27.27
    endloop
  endfacet
  facet normal 0 0.760403 -0.649452
    outer loop
      vertex -48.15 -4.04508 27.9389
      vertex -50 -3.53553 28.5355
      vertex -48.15 -3.53553 28.5355
    endloop
  endfacet
  facet normal 0 0.760403 -0.649452
    outer loop
      vertex -50 -3.53553 28.5355
      vertex -48.15 -4.04508 27.9389
      vertex -50 -4.04508 27.9389
    endloop
  endfacet
  facet normal 0 0.522451 -0.852669
    outer loop
      vertex -50 -2.93893 29.0451
      vertex -48.15 -2.26995 29.455
      vertex -48.15 -2.93893 29.0451
    endloop
  endfacet
  facet normal 0 0.522451 -0.852669
    outer loop
      vertex -48.15 -2.26995 29.455
      vertex -50 -2.93893 29.0451
      vertex -50 -2.26995 29.455
    endloop
  endfacet
  facet normal 0 -0.233375 -0.972387
    outer loop
      vertex -50 0.782172 29.9384
      vertex -48.15 1.54508 29.7553
      vertex -48.15 0.782172 29.9384
    endloop
  endfacet
  facet normal -0 -0.233375 -0.972387
    outer loop
      vertex -48.15 1.54508 29.7553
      vertex -50 0.782172 29.9384
      vertex -50 1.54508 29.7553
    endloop
  endfacet
  facet normal 0 -0.649489 -0.760371
    outer loop
      vertex -50 2.93893 29.0451
      vertex -48.15 3.53553 28.5355
      vertex -48.15 2.93893 29.0451
    endloop
  endfacet
  facet normal -0 -0.649489 -0.760371
    outer loop
      vertex -48.15 3.53553 28.5355
      vertex -50 2.93893 29.0451
      vertex -50 3.53553 28.5355
    endloop
  endfacet
  facet normal 0 -0.760403 -0.649452
    outer loop
      vertex -50 4.04508 27.9389
      vertex -48.15 3.53553 28.5355
      vertex -50 3.53553 28.5355
    endloop
  endfacet
  facet normal 0 -0.760403 -0.649452
    outer loop
      vertex -48.15 3.53553 28.5355
      vertex -50 4.04508 27.9389
      vertex -48.15 4.04508 27.9389
    endloop
  endfacet
  facet normal -0 0.0784596 0.996917
    outer loop
      vertex -50 0 0
      vertex -48.11 -0.782172 0.0615587
      vertex -48.11 0 0
    endloop
  endfacet
  facet normal 0 0.0784596 0.996917
    outer loop
      vertex -48.11 -0.782172 0.0615587
      vertex -50 0 0
      vertex -50 -0.782172 0.0615587
    endloop
  endfacet
  facet normal -0 0.522494 0.852643
    outer loop
      vertex -50 -2.26995 0.544968
      vertex -48.11 -2.93893 0.954915
      vertex -48.11 -2.26995 0.544968
    endloop
  endfacet
  facet normal 0 0.522494 0.852643
    outer loop
      vertex -48.11 -2.93893 0.954915
      vertex -50 -2.26995 0.544968
      vertex -50 -2.93893 0.954915
    endloop
  endfacet
  facet normal 0 0.972369 0.233447
    outer loop
      vertex -48.15 -4.75528 3.45492
      vertex -50 -4.93844 4.21783
      vertex -48.15 -4.93844 4.21783
    endloop
  endfacet
  facet normal 0 0.972369 0.233447
    outer loop
      vertex -50 -4.93844 4.21783
      vertex -48.15 -4.75528 3.45492
      vertex -50 -4.75528 3.45492
    endloop
  endfacet
  facet normal 0 0.996917 0.0784615
    outer loop
      vertex -48.15 -4.93844 4.21783
      vertex -50 -5 5
      vertex -48.15 -5 5
    endloop
  endfacet
  facet normal 0 0.996917 0.0784615
    outer loop
      vertex -50 -5 5
      vertex -48.15 -4.93844 4.21783
      vertex -50 -4.93844 4.21783
    endloop
  endfacet
  facet normal 0 0.649489 -0.760371
    outer loop
      vertex -50 -3.53553 28.5355
      vertex -48.15 -2.93893 29.0451
      vertex -48.15 -3.53553 28.5355
    endloop
  endfacet
  facet normal 0 0.649489 -0.760371
    outer loop
      vertex -48.15 -2.93893 29.0451
      vertex -50 -3.53553 28.5355
      vertex -50 -2.93893 29.0451
    endloop
  endfacet
  facet normal 0 0.233375 -0.972387
    outer loop
      vertex -50 -1.54508 29.7553
      vertex -48.15 -0.782172 29.9384
      vertex -48.15 -1.54508 29.7553
    endloop
  endfacet
  facet normal 0 0.233375 -0.972387
    outer loop
      vertex -48.15 -0.782172 29.9384
      vertex -50 -1.54508 29.7553
      vertex -50 -0.782172 29.9384
    endloop
  endfacet
  facet normal 0 0.078512 -0.996913
    outer loop
      vertex -50 -0.782172 29.9384
      vertex -48.15 0 30
      vertex -48.15 -0.782172 29.9384
    endloop
  endfacet
  facet normal 0 0.078512 -0.996913
    outer loop
      vertex -48.15 0 30
      vertex -50 -0.782172 29.9384
      vertex -50 0 30
    endloop
  endfacet
  facet normal 0 0.382737 -0.923857
    outer loop
      vertex -50 -2.26995 29.455
      vertex -48.15 -1.54508 29.7553
      vertex -48.15 -2.26995 29.455
    endloop
  endfacet
  facet normal 0 0.382737 -0.923857
    outer loop
      vertex -48.15 -1.54508 29.7553
      vertex -50 -2.26995 29.455
      vertex -50 -1.54508 29.7553
    endloop
  endfacet
  facet normal 0 -0.522451 -0.852669
    outer loop
      vertex -50 2.26995 29.455
      vertex -48.15 2.93893 29.0451
      vertex -48.15 2.26995 29.455
    endloop
  endfacet
  facet normal -0 -0.522451 -0.852669
    outer loop
      vertex -48.15 2.93893 29.0451
      vertex -50 2.26995 29.455
      vertex -50 2.93893 29.0451
    endloop
  endfacet
  facet normal 0 0.852641 0.522497
    outer loop
      vertex -48.15 -4.04508 2.06107
      vertex -50 -4.45503 2.73005
      vertex -48.15 -4.45503 2.73005
    endloop
  endfacet
  facet normal 0 0.852641 0.522497
    outer loop
      vertex -50 -4.45503 2.73005
      vertex -48.15 -4.04508 2.06107
      vertex -50 -4.04508 2.06107
    endloop
  endfacet
  facet normal -0 0.233447 0.97237
    outer loop
      vertex -50 -0.782172 0.0615587
      vertex -48.11 -1.54508 0.244718
      vertex -48.11 -0.782172 0.0615587
    endloop
  endfacet
  facet normal 0 0.233447 0.97237
    outer loop
      vertex -48.11 -1.54508 0.244718
      vertex -50 -0.782172 0.0615587
      vertex -50 -1.54508 0.244718
    endloop
  endfacet
  facet normal 0 -0.852641 0.522497
    outer loop
      vertex -50 4.04508 2.06107
      vertex -48.15 4.45503 2.73005
      vertex -50 4.45503 2.73005
    endloop
  endfacet
  facet normal 0 -0.852641 0.522497
    outer loop
      vertex -48.15 4.45503 2.73005
      vertex -50 4.04508 2.06107
      vertex -48.15 4.04508 2.06107
    endloop
  endfacet
  facet normal -0 0.649456 0.760399
    outer loop
      vertex -50 -2.93893 0.954915
      vertex -48.11 -3.53553 1.46447
      vertex -48.11 -2.93893 0.954915
    endloop
  endfacet
  facet normal 0 0.649456 0.760399
    outer loop
      vertex -48.11 -3.53553 1.46447
      vertex -50 -2.93893 0.954915
      vertex -50 -3.53553 1.46447
    endloop
  endfacet
  facet normal -0 0.382682 0.92388
    outer loop
      vertex -50 -1.54508 0.244718
      vertex -48.11 -2.26995 0.544968
      vertex -48.11 -1.54508 0.244718
    endloop
  endfacet
  facet normal 0 0.382682 0.92388
    outer loop
      vertex -48.11 -2.26995 0.544968
      vertex -50 -1.54508 0.244718
      vertex -50 -2.26995 0.544968
    endloop
  endfacet
  facet normal 0 -0.92388 0.382682
    outer loop
      vertex -50 4.45503 2.73005
      vertex -48.15 4.75528 3.45492
      vertex -50 4.75528 3.45492
    endloop
  endfacet
  facet normal 0 -0.92388 0.382682
    outer loop
      vertex -48.15 4.75528 3.45492
      vertex -50 4.45503 2.73005
      vertex -48.15 4.45503 2.73005
    endloop
  endfacet
  facet normal 0 -0.382682 0.92388
    outer loop
      vertex -50 2.26995 0.544968
      vertex -48.11 1.54508 0.244718
      vertex -48.11 2.26995 0.544968
    endloop
  endfacet
  facet normal 0 -0.382682 0.92388
    outer loop
      vertex -48.11 1.54508 0.244718
      vertex -50 2.26995 0.544968
      vertex -50 1.54508 0.244718
    endloop
  endfacet
  facet normal 0 -0.649456 0.760399
    outer loop
      vertex -50 3.53553 1.46447
      vertex -48.11 2.93893 0.954915
      vertex -48.11 3.53553 1.46447
    endloop
  endfacet
  facet normal 0 -0.649456 0.760399
    outer loop
      vertex -48.11 2.93893 0.954915
      vertex -50 3.53553 1.46447
      vertex -50 2.93893 0.954915
    endloop
  endfacet
  facet normal 0 0.7604 0.649455
    outer loop
      vertex -48.11 -3.86481 1.85
      vertex -48.11 -3.53553 1.46447
      vertex -48.15 -3.86481 1.85
    endloop
  endfacet
  facet normal 0 0.760407 0.649446
    outer loop
      vertex -48.15 -3.86481 1.85
      vertex -50 -4.04508 2.06107
      vertex -48.15 -4.04508 2.06107
    endloop
  endfacet
  facet normal -0 0.7604 0.649455
    outer loop
      vertex -50 -3.53553 1.46447
      vertex -48.15 -3.86481 1.85
      vertex -48.11 -3.53553 1.46447
    endloop
  endfacet
  facet normal 1.12747e-06 0.760403 0.649452
    outer loop
      vertex -48.15 -3.86481 1.85
      vertex -50 -3.53553 1.46447
      vertex -50 -4.04508 2.06107
    endloop
  endfacet
  facet normal 0 -0.233447 0.97237
    outer loop
      vertex -50 1.54508 0.244718
      vertex -48.11 0.782172 0.0615587
      vertex -48.11 1.54508 0.244718
    endloop
  endfacet
  facet normal 0 -0.233447 0.97237
    outer loop
      vertex -48.11 0.782172 0.0615587
      vertex -50 1.54508 0.244718
      vertex -50 0.782172 0.0615587
    endloop
  endfacet
  facet normal 0 -0.522494 0.852643
    outer loop
      vertex -50 2.93893 0.954915
      vertex -48.11 2.26995 0.544968
      vertex -48.11 2.93893 0.954915
    endloop
  endfacet
  facet normal 0 -0.522494 0.852643
    outer loop
      vertex -48.11 2.26995 0.544968
      vertex -50 2.93893 0.954915
      vertex -50 2.26995 0.544968
    endloop
  endfacet
  facet normal 0 -0.760407 0.649446
    outer loop
      vertex -50 4.04508 2.06107
      vertex -48.15 3.86481 1.85
      vertex -48.15 4.04508 2.06107
    endloop
  endfacet
  facet normal 1.12747e-06 -0.760403 0.649452
    outer loop
      vertex -50 3.53553 1.46447
      vertex -48.15 3.86481 1.85
      vertex -50 4.04508 2.06107
    endloop
  endfacet
  facet normal 0 -0.7604 0.649455
    outer loop
      vertex -48.11 3.53553 1.46447
      vertex -48.15 3.86481 1.85
      vertex -50 3.53553 1.46447
    endloop
  endfacet
  facet normal 0 -0.7604 0.649455
    outer loop
      vertex -48.15 3.86481 1.85
      vertex -48.11 3.53553 1.46447
      vertex -48.11 3.86481 1.85
    endloop
  endfacet
endsolid OpenSCAD_Model
