solid OpenSCAD_Model
  facet normal -0.760588 -0.649235 0
    outer loop
      vertex -112.628 -62.6276 0
      vertex -113.453 -61.6611 75
      vertex -113.453 -61.6611 0
    endloop
  endfacet
  facet normal -0.760588 -0.649235 0
    outer loop
      vertex -113.453 -61.6611 75
      vertex -112.628 -62.6276 0
      vertex -112.628 -62.6276 75
    endloop
  endfacet
  facet normal -0.9969 0.0786819 0
    outer loop
      vertex -115 56.9001 0
      vertex -114.9 58.1671 75
      vertex -114.9 58.1671 0
    endloop
  endfacet
  facet normal -0.9969 0.0786819 0
    outer loop
      vertex -114.9 58.1671 75
      vertex -115 56.9001 0
      vertex -115 56.9001 75
    endloop
  endfacet
  facet normal 0.382827 0.92382 -0
    outer loop
      vertex 110.577 64.1171 0
      vertex 109.403 64.6036 75
      vertex 110.577 64.1171 75
    endloop
  endfacet
  facet normal 0.382827 0.92382 0
    outer loop
      vertex 109.403 64.6036 75
      vertex 110.577 64.1171 0
      vertex 109.403 64.6036 0
    endloop
  endfacet
  facet normal -0.522398 -0.852702 0
    outer loop
      vertex -111.661 -63.453 0
      vertex -110.577 -64.1171 75
      vertex -111.661 -63.453 75
    endloop
  endfacet
  facet normal -0.522398 -0.852702 -0
    outer loop
      vertex -110.577 -64.1171 75
      vertex -111.661 -63.453 0
      vertex -110.577 -64.1171 0
    endloop
  endfacet
  facet normal -0 0 1
    outer loop
      vertex 112.754 57.553 75
      vertex 115 56.9001 75
      vertex 114.9 58.1671 75
    endloop
  endfacet
  facet normal 0 0 1
    outer loop
      vertex 115 56.9001 75
      vertex 113.15 55.0501 75
      vertex 115 -56.9001 75
    endloop
  endfacet
  facet normal 0 0 1
    outer loop
      vertex 112.754 57.553 75
      vertex 114.9 58.1671 75
      vertex 114.604 59.403 75
    endloop
  endfacet
  facet normal -0 0 1
    outer loop
      vertex 113.15 -55.0501 75
      vertex 115 -56.9001 75
      vertex 113.15 55.0501 75
    endloop
  endfacet
  facet normal 0 0 1
    outer loop
      vertex 112.267 58.7273 75
      vertex 114.604 59.403 75
      vertex 114.117 60.5773 75
    endloop
  endfacet
  facet normal -0 0 1
    outer loop
      vertex 113.05 -56.3171 75
      vertex 115 -56.9001 75
      vertex 113.15 -55.0501 75
    endloop
  endfacet
  facet normal 0 0 1
    outer loop
      vertex 111.603 59.8111 75
      vertex 114.117 60.5773 75
      vertex 113.453 61.6611 75
    endloop
  endfacet
  facet normal 0 0 1
    outer loop
      vertex 112.754 -57.553 75
      vertex 115 -56.9001 75
      vertex 113.05 -56.3171 75
    endloop
  endfacet
  facet normal 0 0 1
    outer loop
      vertex 115 -56.9001 75
      vertex 112.754 -57.553 75
      vertex 114.9 -58.1671 75
    endloop
  endfacet
  facet normal 0 0 1
    outer loop
      vertex 115 56.9001 75
      vertex 113.05 56.3171 75
      vertex 113.15 55.0501 75
    endloop
  endfacet
  facet normal 0 0 1
    outer loop
      vertex 115 56.9001 75
      vertex 112.754 57.553 75
      vertex 113.05 56.3171 75
    endloop
  endfacet
  facet normal 0 0 1
    outer loop
      vertex 110.778 60.7776 75
      vertex 113.453 61.6611 75
      vertex 112.628 62.6276 75
    endloop
  endfacet
  facet normal 0 0 1
    outer loop
      vertex 114.604 59.403 75
      vertex 112.267 58.7273 75
      vertex 112.754 57.553 75
    endloop
  endfacet
  facet normal 0 0 1
    outer loop
      vertex 110.778 60.7776 75
      vertex 112.628 62.6276 75
      vertex 111.661 63.453 75
    endloop
  endfacet
  facet normal 0 0 1
    outer loop
      vertex 114.117 60.5773 75
      vertex 111.603 59.8111 75
      vertex 112.267 58.7273 75
    endloop
  endfacet
  facet normal 0 0 1
    outer loop
      vertex 113.453 61.6611 75
      vertex 110.778 60.7776 75
      vertex 111.603 59.8111 75
    endloop
  endfacet
  facet normal 0 0 1
    outer loop
      vertex 109.811 61.603 75
      vertex 111.661 63.453 75
      vertex 110.577 64.1171 75
    endloop
  endfacet
  facet normal 0 0 1
    outer loop
      vertex 111.661 63.453 75
      vertex 109.811 61.603 75
      vertex 110.778 60.7776 75
    endloop
  endfacet
  facet normal 0 0 1
    outer loop
      vertex 108.727 62.2672 75
      vertex 110.577 64.1171 75
      vertex 109.403 64.6036 75
    endloop
  endfacet
  facet normal 0 0 1
    outer loop
      vertex 110.577 64.1171 75
      vertex 108.727 62.2672 75
      vertex 109.811 61.603 75
    endloop
  endfacet
  facet normal 0 0 1
    outer loop
      vertex 107.553 62.7536 75
      vertex 109.403 64.6036 75
      vertex 108.167 64.9003 75
    endloop
  endfacet
  facet normal 0 0 1
    outer loop
      vertex 109.403 64.6036 75
      vertex 107.553 62.7536 75
      vertex 108.727 62.2672 75
    endloop
  endfacet
  facet normal 0 0 1
    outer loop
      vertex 106.9 65 75
      vertex 107.553 62.7536 75
      vertex 108.167 64.9003 75
    endloop
  endfacet
  facet normal 0 0 1
    outer loop
      vertex 106.9 65 75
      vertex 106.317 63.0503 75
      vertex 107.553 62.7536 75
    endloop
  endfacet
  facet normal 0 0 1
    outer loop
      vertex 106.9 65 75
      vertex 105.05 63.15 75
      vertex 106.317 63.0503 75
    endloop
  endfacet
  facet normal 0 0 1
    outer loop
      vertex 106.9 65 75
      vertex -105.05 63.15 75
      vertex 105.05 63.15 75
    endloop
  endfacet
  facet normal -0 0 1
    outer loop
      vertex -106.9 65 75
      vertex -105.05 63.15 75
      vertex 106.9 65 75
    endloop
  endfacet
  facet normal 0 0 1
    outer loop
      vertex -106.9 65 75
      vertex -106.317 63.0503 75
      vertex -105.05 63.15 75
    endloop
  endfacet
  facet normal 0 0 1
    outer loop
      vertex -106.9 65 75
      vertex -107.553 62.7536 75
      vertex -106.317 63.0503 75
    endloop
  endfacet
  facet normal -0 0 1
    outer loop
      vertex -108.167 64.9003 75
      vertex -107.553 62.7536 75
      vertex -106.9 65 75
    endloop
  endfacet
  facet normal -0 0 1
    outer loop
      vertex -109.403 64.6036 75
      vertex -107.553 62.7536 75
      vertex -108.167 64.9003 75
    endloop
  endfacet
  facet normal 0 0 1
    outer loop
      vertex -107.553 62.7536 75
      vertex -109.403 64.6036 75
      vertex -108.727 62.2672 75
    endloop
  endfacet
  facet normal -0 0 1
    outer loop
      vertex -110.577 64.1171 75
      vertex -108.727 62.2672 75
      vertex -109.403 64.6036 75
    endloop
  endfacet
  facet normal 0 0 1
    outer loop
      vertex -108.727 62.2672 75
      vertex -110.577 64.1171 75
      vertex -109.811 61.603 75
    endloop
  endfacet
  facet normal -0 0 1
    outer loop
      vertex -111.661 63.453 75
      vertex -109.811 61.603 75
      vertex -110.577 64.1171 75
    endloop
  endfacet
  facet normal 0 0 1
    outer loop
      vertex -109.811 61.603 75
      vertex -111.661 63.453 75
      vertex -110.778 60.7776 75
    endloop
  endfacet
  facet normal -0 0 1
    outer loop
      vertex -112.628 62.6276 75
      vertex -110.778 60.7776 75
      vertex -111.661 63.453 75
    endloop
  endfacet
  facet normal -0 0 1
    outer loop
      vertex -113.453 61.6611 75
      vertex -110.778 60.7776 75
      vertex -112.628 62.6276 75
    endloop
  endfacet
  facet normal 0 0 1
    outer loop
      vertex -110.778 60.7776 75
      vertex -113.453 61.6611 75
      vertex -111.603 59.8111 75
    endloop
  endfacet
  facet normal -0 0 1
    outer loop
      vertex -114.117 60.5773 75
      vertex -111.603 59.8111 75
      vertex -113.453 61.6611 75
    endloop
  endfacet
  facet normal 0 0 1
    outer loop
      vertex -111.603 59.8111 75
      vertex -114.117 60.5773 75
      vertex -112.267 58.7273 75
    endloop
  endfacet
  facet normal -0 0 1
    outer loop
      vertex -114.604 59.403 75
      vertex -112.267 58.7273 75
      vertex -114.117 60.5773 75
    endloop
  endfacet
  facet normal -0 0 1
    outer loop
      vertex -114.9 58.1671 75
      vertex -112.754 57.553 75
      vertex -114.604 59.403 75
    endloop
  endfacet
  facet normal 0 0 1
    outer loop
      vertex -112.267 58.7273 75
      vertex -114.604 59.403 75
      vertex -112.754 57.553 75
    endloop
  endfacet
  facet normal 0 0 1
    outer loop
      vertex 114.9 -58.1671 75
      vertex 112.754 -57.553 75
      vertex 114.604 -59.403 75
    endloop
  endfacet
  facet normal -0 0 1
    outer loop
      vertex 112.267 -58.7273 75
      vertex 114.604 -59.403 75
      vertex 112.754 -57.553 75
    endloop
  endfacet
  facet normal 0 0 1
    outer loop
      vertex 114.604 -59.403 75
      vertex 112.267 -58.7273 75
      vertex 114.117 -60.5773 75
    endloop
  endfacet
  facet normal -0 0 1
    outer loop
      vertex 111.603 -59.8111 75
      vertex 114.117 -60.5773 75
      vertex 112.267 -58.7273 75
    endloop
  endfacet
  facet normal 0 0 1
    outer loop
      vertex 114.117 -60.5773 75
      vertex 111.603 -59.8111 75
      vertex 113.453 -61.6611 75
    endloop
  endfacet
  facet normal -0 0 1
    outer loop
      vertex 110.778 -60.7776 75
      vertex 113.453 -61.6611 75
      vertex 111.603 -59.8111 75
    endloop
  endfacet
  facet normal 0 0 1
    outer loop
      vertex 113.453 -61.6611 75
      vertex 110.778 -60.7776 75
      vertex 112.628 -62.6276 75
    endloop
  endfacet
  facet normal 0 0 1
    outer loop
      vertex 112.628 -62.6276 75
      vertex 110.778 -60.7776 75
      vertex 111.661 -63.453 75
    endloop
  endfacet
  facet normal -0 0 1
    outer loop
      vertex 109.811 -61.603 75
      vertex 111.661 -63.453 75
      vertex 110.778 -60.7776 75
    endloop
  endfacet
  facet normal 0 0 1
    outer loop
      vertex 111.661 -63.453 75
      vertex 109.811 -61.603 75
      vertex 110.577 -64.1171 75
    endloop
  endfacet
  facet normal -0 0 1
    outer loop
      vertex 108.727 -62.2672 75
      vertex 110.577 -64.1171 75
      vertex 109.811 -61.603 75
    endloop
  endfacet
  facet normal 0 0 1
    outer loop
      vertex 110.577 -64.1171 75
      vertex 108.727 -62.2672 75
      vertex 109.403 -64.6036 75
    endloop
  endfacet
  facet normal -0 0 1
    outer loop
      vertex 107.553 -62.7536 75
      vertex 109.403 -64.6036 75
      vertex 108.727 -62.2672 75
    endloop
  endfacet
  facet normal 0 0 1
    outer loop
      vertex 109.403 -64.6036 75
      vertex 107.553 -62.7536 75
      vertex 108.167 -64.9003 75
    endloop
  endfacet
  facet normal 0 0 1
    outer loop
      vertex 107.553 -62.7536 75
      vertex 106.9 -65 75
      vertex 108.167 -64.9003 75
    endloop
  endfacet
  facet normal -0 0 1
    outer loop
      vertex 106.317 -63.0503 75
      vertex 106.9 -65 75
      vertex 107.553 -62.7536 75
    endloop
  endfacet
  facet normal -0 0 1
    outer loop
      vertex 105.05 -63.15 75
      vertex 106.9 -65 75
      vertex 106.317 -63.0503 75
    endloop
  endfacet
  facet normal -0 0 1
    outer loop
      vertex -105.05 -63.15 75
      vertex 106.9 -65 75
      vertex 105.05 -63.15 75
    endloop
  endfacet
  facet normal 0 0 1
    outer loop
      vertex -105.05 -63.15 75
      vertex -106.9 -65 75
      vertex 106.9 -65 75
    endloop
  endfacet
  facet normal 0 0 1
    outer loop
      vertex -106.317 -63.0503 75
      vertex -106.9 -65 75
      vertex -105.05 -63.15 75
    endloop
  endfacet
  facet normal 0 0 1
    outer loop
      vertex -107.553 -62.7536 75
      vertex -106.9 -65 75
      vertex -106.317 -63.0503 75
    endloop
  endfacet
  facet normal 0 0 1
    outer loop
      vertex -107.553 -62.7536 75
      vertex -108.167 -64.9003 75
      vertex -106.9 -65 75
    endloop
  endfacet
  facet normal 0 0 1
    outer loop
      vertex -109.403 -64.6036 75
      vertex -107.553 -62.7536 75
      vertex -108.727 -62.2672 75
    endloop
  endfacet
  facet normal 0 0 1
    outer loop
      vertex -107.553 -62.7536 75
      vertex -109.403 -64.6036 75
      vertex -108.167 -64.9003 75
    endloop
  endfacet
  facet normal 0 0 1
    outer loop
      vertex -110.577 -64.1171 75
      vertex -108.727 -62.2672 75
      vertex -109.811 -61.603 75
    endloop
  endfacet
  facet normal 0 0 1
    outer loop
      vertex -108.727 -62.2672 75
      vertex -110.577 -64.1171 75
      vertex -109.403 -64.6036 75
    endloop
  endfacet
  facet normal 0 0 1
    outer loop
      vertex -111.661 -63.453 75
      vertex -109.811 -61.603 75
      vertex -110.778 -60.7776 75
    endloop
  endfacet
  facet normal 0 0 1
    outer loop
      vertex -113.453 -61.6611 75
      vertex -110.778 -60.7776 75
      vertex -111.603 -59.8111 75
    endloop
  endfacet
  facet normal 0 0 1
    outer loop
      vertex -109.811 -61.603 75
      vertex -111.661 -63.453 75
      vertex -110.577 -64.1171 75
    endloop
  endfacet
  facet normal 0 0 1
    outer loop
      vertex -114.117 -60.5773 75
      vertex -111.603 -59.8111 75
      vertex -112.267 -58.7273 75
    endloop
  endfacet
  facet normal 0 0 1
    outer loop
      vertex -110.778 -60.7776 75
      vertex -112.628 -62.6276 75
      vertex -111.661 -63.453 75
    endloop
  endfacet
  facet normal 0 0 1
    outer loop
      vertex -114.604 -59.403 75
      vertex -112.267 -58.7273 75
      vertex -112.754 -57.553 75
    endloop
  endfacet
  facet normal -0 0 1
    outer loop
      vertex -115 -56.9001 75
      vertex -112.754 -57.553 75
      vertex -113.05 -56.3171 75
    endloop
  endfacet
  facet normal 0 0 1
    outer loop
      vertex -115 -56.9001 75
      vertex -113.05 -56.3171 75
      vertex -113.15 -55.0501 75
    endloop
  endfacet
  facet normal 0 0 1
    outer loop
      vertex -110.778 -60.7776 75
      vertex -113.453 -61.6611 75
      vertex -112.628 -62.6276 75
    endloop
  endfacet
  facet normal 0 0 1
    outer loop
      vertex -113.15 55.0501 75
      vertex -115 56.9001 75
      vertex -113.15 -55.0501 75
    endloop
  endfacet
  facet normal 0 0 1
    outer loop
      vertex -115 56.9001 75
      vertex -112.754 57.553 75
      vertex -114.9 58.1671 75
    endloop
  endfacet
  facet normal 0 0 1
    outer loop
      vertex -115 -56.9001 75
      vertex -113.15 -55.0501 75
      vertex -115 56.9001 75
    endloop
  endfacet
  facet normal 0 0 1
    outer loop
      vertex -112.754 57.553 75
      vertex -115 56.9001 75
      vertex -113.05 56.3171 75
    endloop
  endfacet
  facet normal 0 0 1
    outer loop
      vertex -112.754 -57.553 75
      vertex -115 -56.9001 75
      vertex -114.9 -58.1671 75
    endloop
  endfacet
  facet normal 0 0 1
    outer loop
      vertex -113.05 56.3171 75
      vertex -115 56.9001 75
      vertex -113.15 55.0501 75
    endloop
  endfacet
  facet normal 0 0 1
    outer loop
      vertex -111.603 -59.8111 75
      vertex -114.117 -60.5773 75
      vertex -113.453 -61.6611 75
    endloop
  endfacet
  facet normal 0 0 1
    outer loop
      vertex -112.267 -58.7273 75
      vertex -114.604 -59.403 75
      vertex -114.117 -60.5773 75
    endloop
  endfacet
  facet normal 0 0 1
    outer loop
      vertex -112.754 -57.553 75
      vertex -114.9 -58.1671 75
      vertex -114.604 -59.403 75
    endloop
  endfacet
  facet normal -1 0 0
    outer loop
      vertex -115 11 38.96
      vertex -115 56.9001 0
      vertex -115 11 15.96
    endloop
  endfacet
  facet normal -1 0 0
    outer loop
      vertex -115 56.9001 0
      vertex -115 10.8646 14.2392
      vertex -115 11 15.96
    endloop
  endfacet
  facet normal -1 0 0
    outer loop
      vertex -115 56.9001 0
      vertex -115 10.4616 12.5608
      vertex -115 10.8646 14.2392
    endloop
  endfacet
  facet normal -1 0 0
    outer loop
      vertex -115 56.9001 0
      vertex -115 9.80107 10.9661
      vertex -115 10.4616 12.5608
    endloop
  endfacet
  facet normal -1 0 0
    outer loop
      vertex -115 56.9001 0
      vertex -115 8.89919 9.49436
      vertex -115 9.80107 10.9661
    endloop
  endfacet
  facet normal -1 0 0
    outer loop
      vertex -115 56.9001 0
      vertex -115 7.77817 8.18182
      vertex -115 8.89919 9.49436
    endloop
  endfacet
  facet normal -1 0 0
    outer loop
      vertex -115 56.9001 0
      vertex -115 6.46564 7.06081
      vertex -115 7.77817 8.18182
    endloop
  endfacet
  facet normal -1 0 0
    outer loop
      vertex -115 56.9001 0
      vertex -115 4.99389 6.15893
      vertex -115 6.46564 7.06081
    endloop
  endfacet
  facet normal -1 0 0
    outer loop
      vertex -115 56.9001 0
      vertex -115 3.39919 5.49838
      vertex -115 4.99389 6.15893
    endloop
  endfacet
  facet normal -1 0 0
    outer loop
      vertex -115 56.9001 0
      vertex -115 1.72078 5.09543
      vertex -115 3.39919 5.49838
    endloop
  endfacet
  facet normal -1 0 0
    outer loop
      vertex -115 56.9001 0
      vertex -115 0 4.96
      vertex -115 1.72078 5.09543
    endloop
  endfacet
  facet normal -1 0 0
    outer loop
      vertex -115 -56.9001 0
      vertex -115 0 4.96
      vertex -115 56.9001 0
    endloop
  endfacet
  facet normal -1 -0 0
    outer loop
      vertex -115 -11 15.96
      vertex -115 -56.9001 0
      vertex -115 -11 38.96
    endloop
  endfacet
  facet normal -1 -0 0
    outer loop
      vertex -115 -10.8646 14.2392
      vertex -115 -56.9001 0
      vertex -115 -11 15.96
    endloop
  endfacet
  facet normal -1 -0 0
    outer loop
      vertex -115 -10.4616 12.5608
      vertex -115 -56.9001 0
      vertex -115 -10.8646 14.2392
    endloop
  endfacet
  facet normal -1 -0 0
    outer loop
      vertex -115 -9.80107 10.9661
      vertex -115 -56.9001 0
      vertex -115 -10.4616 12.5608
    endloop
  endfacet
  facet normal -1 -0 0
    outer loop
      vertex -115 -8.89919 9.49436
      vertex -115 -56.9001 0
      vertex -115 -9.80107 10.9661
    endloop
  endfacet
  facet normal -1 -0 0
    outer loop
      vertex -115 -7.77817 8.18182
      vertex -115 -56.9001 0
      vertex -115 -8.89919 9.49436
    endloop
  endfacet
  facet normal -1 -0 0
    outer loop
      vertex -115 -6.46564 7.06081
      vertex -115 -56.9001 0
      vertex -115 -7.77817 8.18182
    endloop
  endfacet
  facet normal -1 -0 0
    outer loop
      vertex -115 -4.99389 6.15893
      vertex -115 -56.9001 0
      vertex -115 -6.46564 7.06081
    endloop
  endfacet
  facet normal -1 -0 0
    outer loop
      vertex -115 -3.39919 5.49838
      vertex -115 -56.9001 0
      vertex -115 -4.99389 6.15893
    endloop
  endfacet
  facet normal -1 -0 0
    outer loop
      vertex -115 -1.72078 5.09543
      vertex -115 -56.9001 0
      vertex -115 -3.39919 5.49838
    endloop
  endfacet
  facet normal -1 -0 0
    outer loop
      vertex -115 0 4.96
      vertex -115 -56.9001 0
      vertex -115 -1.72078 5.09543
    endloop
  endfacet
  facet normal -1 0 0
    outer loop
      vertex -115 56.9001 0
      vertex -115 11 38.96
      vertex -115 56.9001 75
    endloop
  endfacet
  facet normal -1 0 0
    outer loop
      vertex -115 10.8646 40.6808
      vertex -115 56.9001 75
      vertex -115 11 38.96
    endloop
  endfacet
  facet normal -1 0 0
    outer loop
      vertex -115 10.4616 42.3592
      vertex -115 56.9001 75
      vertex -115 10.8646 40.6808
    endloop
  endfacet
  facet normal -1 0 0
    outer loop
      vertex -115 9.80107 43.9539
      vertex -115 56.9001 75
      vertex -115 10.4616 42.3592
    endloop
  endfacet
  facet normal -1 0 0
    outer loop
      vertex -115 8.89919 45.4256
      vertex -115 56.9001 75
      vertex -115 9.80107 43.9539
    endloop
  endfacet
  facet normal -1 0 0
    outer loop
      vertex -115 7.77817 46.7382
      vertex -115 56.9001 75
      vertex -115 8.89919 45.4256
    endloop
  endfacet
  facet normal -1 0 0
    outer loop
      vertex -115 6.46564 47.8592
      vertex -115 56.9001 75
      vertex -115 7.77817 46.7382
    endloop
  endfacet
  facet normal -1 0 0
    outer loop
      vertex -115 4.99389 48.7611
      vertex -115 56.9001 75
      vertex -115 6.46564 47.8592
    endloop
  endfacet
  facet normal -1 0 0
    outer loop
      vertex -115 3.39919 49.4216
      vertex -115 56.9001 75
      vertex -115 4.99389 48.7611
    endloop
  endfacet
  facet normal -1 0 0
    outer loop
      vertex -115 1.72078 49.8246
      vertex -115 56.9001 75
      vertex -115 3.39919 49.4216
    endloop
  endfacet
  facet normal -1 0 0
    outer loop
      vertex -115 0 49.96
      vertex -115 56.9001 75
      vertex -115 1.72078 49.8246
    endloop
  endfacet
  facet normal -1 0 0
    outer loop
      vertex -115 -56.9001 75
      vertex -115 0 49.96
      vertex -115 -1.72078 49.8246
    endloop
  endfacet
  facet normal -1 0 0
    outer loop
      vertex -115 -56.9001 75
      vertex -115 -1.72078 49.8246
      vertex -115 -3.39919 49.4216
    endloop
  endfacet
  facet normal -1 0 0
    outer loop
      vertex -115 -56.9001 75
      vertex -115 -3.39919 49.4216
      vertex -115 -4.99389 48.7611
    endloop
  endfacet
  facet normal -1 0 0
    outer loop
      vertex -115 -56.9001 75
      vertex -115 -11 38.96
      vertex -115 -56.9001 0
    endloop
  endfacet
  facet normal -1 0 0
    outer loop
      vertex -115 -11 38.96
      vertex -115 -56.9001 75
      vertex -115 -10.8646 40.6808
    endloop
  endfacet
  facet normal -1 0 0
    outer loop
      vertex -115 -10.8646 40.6808
      vertex -115 -56.9001 75
      vertex -115 -10.4616 42.3592
    endloop
  endfacet
  facet normal -1 0 0
    outer loop
      vertex -115 -10.4616 42.3592
      vertex -115 -56.9001 75
      vertex -115 -9.80107 43.9539
    endloop
  endfacet
  facet normal -1 0 0
    outer loop
      vertex -115 -9.80107 43.9539
      vertex -115 -56.9001 75
      vertex -115 -8.89919 45.4256
    endloop
  endfacet
  facet normal -1 0 0
    outer loop
      vertex -115 0 49.96
      vertex -115 -56.9001 75
      vertex -115 56.9001 75
    endloop
  endfacet
  facet normal -1 0 0
    outer loop
      vertex -115 -6.46564 47.8592
      vertex -115 -56.9001 75
      vertex -115 -4.99389 48.7611
    endloop
  endfacet
  facet normal -1 0 0
    outer loop
      vertex -115 -7.77817 46.7382
      vertex -115 -56.9001 75
      vertex -115 -6.46564 47.8592
    endloop
  endfacet
  facet normal -1 0 0
    outer loop
      vertex -115 -8.89919 45.4256
      vertex -115 -56.9001 75
      vertex -115 -7.77817 46.7382
    endloop
  endfacet
  facet normal 0.760588 -0.649235 0
    outer loop
      vertex 112.628 -62.6276 75
      vertex 113.453 -61.6611 0
      vertex 113.453 -61.6611 75
    endloop
  endfacet
  facet normal 0.760588 -0.649235 0
    outer loop
      vertex 113.453 -61.6611 0
      vertex 112.628 -62.6276 75
      vertex 112.628 -62.6276 0
    endloop
  endfacet
  facet normal 1 0 0
    outer loop
      vertex 115 56.9001 75
      vertex 115 11 38.96
      vertex 115 56.9001 0
    endloop
  endfacet
  facet normal 1 0 0
    outer loop
      vertex 115 56.9001 75
      vertex 115 10.8646 40.6808
      vertex 115 11 38.96
    endloop
  endfacet
  facet normal 1 0 0
    outer loop
      vertex 115 56.9001 75
      vertex 115 10.4616 42.3592
      vertex 115 10.8646 40.6808
    endloop
  endfacet
  facet normal 1 0 0
    outer loop
      vertex 115 56.9001 75
      vertex 115 9.80107 43.9539
      vertex 115 10.4616 42.3592
    endloop
  endfacet
  facet normal 1 0 0
    outer loop
      vertex 115 56.9001 75
      vertex 115 8.89919 45.4256
      vertex 115 9.80107 43.9539
    endloop
  endfacet
  facet normal 1 0 0
    outer loop
      vertex 115 56.9001 75
      vertex 115 7.77817 46.7382
      vertex 115 8.89919 45.4256
    endloop
  endfacet
  facet normal 1 0 0
    outer loop
      vertex 115 56.9001 75
      vertex 115 6.46564 47.8592
      vertex 115 7.77817 46.7382
    endloop
  endfacet
  facet normal 1 0 0
    outer loop
      vertex 115 56.9001 75
      vertex 115 4.99389 48.7611
      vertex 115 6.46564 47.8592
    endloop
  endfacet
  facet normal 1 0 0
    outer loop
      vertex 115 56.9001 75
      vertex 115 3.39919 49.4216
      vertex 115 4.99389 48.7611
    endloop
  endfacet
  facet normal 1 0 0
    outer loop
      vertex 115 56.9001 75
      vertex 115 1.72078 49.8246
      vertex 115 3.39919 49.4216
    endloop
  endfacet
  facet normal 1 0 0
    outer loop
      vertex 115 56.9001 75
      vertex 115 0 49.96
      vertex 115 1.72078 49.8246
    endloop
  endfacet
  facet normal 1 -0 0
    outer loop
      vertex 115 -56.9001 75
      vertex 115 0 49.96
      vertex 115 56.9001 75
    endloop
  endfacet
  facet normal 1 0 0
    outer loop
      vertex 115 0 49.96
      vertex 115 -56.9001 75
      vertex 115 -1.72078 49.8246
    endloop
  endfacet
  facet normal 1 0 0
    outer loop
      vertex 115 -1.72078 49.8246
      vertex 115 -56.9001 75
      vertex 115 -3.39919 49.4216
    endloop
  endfacet
  facet normal 1 0 0
    outer loop
      vertex 115 -56.9001 0
      vertex 115 -11 38.96
      vertex 115 -56.9001 75
    endloop
  endfacet
  facet normal 1 0 0
    outer loop
      vertex 115 -10.8646 40.6808
      vertex 115 -56.9001 75
      vertex 115 -11 38.96
    endloop
  endfacet
  facet normal 1 0 0
    outer loop
      vertex 115 -10.4616 42.3592
      vertex 115 -56.9001 75
      vertex 115 -10.8646 40.6808
    endloop
  endfacet
  facet normal 1 0 0
    outer loop
      vertex 115 -9.80107 43.9539
      vertex 115 -56.9001 75
      vertex 115 -10.4616 42.3592
    endloop
  endfacet
  facet normal 1 0 0
    outer loop
      vertex 115 -8.89919 45.4256
      vertex 115 -56.9001 75
      vertex 115 -9.80107 43.9539
    endloop
  endfacet
  facet normal 1 0 0
    outer loop
      vertex 115 -7.77817 46.7382
      vertex 115 -56.9001 75
      vertex 115 -8.89919 45.4256
    endloop
  endfacet
  facet normal 1 0 0
    outer loop
      vertex 115 -6.46564 47.8592
      vertex 115 -56.9001 75
      vertex 115 -7.77817 46.7382
    endloop
  endfacet
  facet normal 1 0 0
    outer loop
      vertex 115 -4.99389 48.7611
      vertex 115 -56.9001 75
      vertex 115 -6.46564 47.8592
    endloop
  endfacet
  facet normal 1 0 0
    outer loop
      vertex 115 -3.39919 49.4216
      vertex 115 -56.9001 75
      vertex 115 -4.99389 48.7611
    endloop
  endfacet
  facet normal 1 -0 0
    outer loop
      vertex 115 11 15.96
      vertex 115 56.9001 0
      vertex 115 11 38.96
    endloop
  endfacet
  facet normal 1 -0 0
    outer loop
      vertex 115 10.8646 14.2392
      vertex 115 56.9001 0
      vertex 115 11 15.96
    endloop
  endfacet
  facet normal 1 -0 0
    outer loop
      vertex 115 10.4616 12.5608
      vertex 115 56.9001 0
      vertex 115 10.8646 14.2392
    endloop
  endfacet
  facet normal 1 -0 0
    outer loop
      vertex 115 9.80107 10.9661
      vertex 115 56.9001 0
      vertex 115 10.4616 12.5608
    endloop
  endfacet
  facet normal 1 -0 0
    outer loop
      vertex 115 8.89919 9.49436
      vertex 115 56.9001 0
      vertex 115 9.80107 10.9661
    endloop
  endfacet
  facet normal 1 -0 0
    outer loop
      vertex 115 7.77817 8.18182
      vertex 115 56.9001 0
      vertex 115 8.89919 9.49436
    endloop
  endfacet
  facet normal 1 -0 0
    outer loop
      vertex 115 6.46564 7.06081
      vertex 115 56.9001 0
      vertex 115 7.77817 8.18182
    endloop
  endfacet
  facet normal 1 -0 0
    outer loop
      vertex 115 4.99389 6.15893
      vertex 115 56.9001 0
      vertex 115 6.46564 7.06081
    endloop
  endfacet
  facet normal 1 -0 0
    outer loop
      vertex 115 3.39919 5.49838
      vertex 115 56.9001 0
      vertex 115 4.99389 6.15893
    endloop
  endfacet
  facet normal 1 -0 0
    outer loop
      vertex 115 1.72078 5.09543
      vertex 115 56.9001 0
      vertex 115 3.39919 5.49838
    endloop
  endfacet
  facet normal 1 -0 0
    outer loop
      vertex 115 0 4.96
      vertex 115 56.9001 0
      vertex 115 1.72078 5.09543
    endloop
  endfacet
  facet normal 1 0 0
    outer loop
      vertex 115 -56.9001 0
      vertex 115 0 4.96
      vertex 115 -1.72078 5.09543
    endloop
  endfacet
  facet normal 1 0 0
    outer loop
      vertex 115 -11 38.96
      vertex 115 -56.9001 0
      vertex 115 -11 15.96
    endloop
  endfacet
  facet normal 1 0 0
    outer loop
      vertex 115 -11 15.96
      vertex 115 -56.9001 0
      vertex 115 -10.8646 14.2392
    endloop
  endfacet
  facet normal 1 0 0
    outer loop
      vertex 115 -10.8646 14.2392
      vertex 115 -56.9001 0
      vertex 115 -10.4616 12.5608
    endloop
  endfacet
  facet normal 1 0 0
    outer loop
      vertex 115 -10.4616 12.5608
      vertex 115 -56.9001 0
      vertex 115 -9.80107 10.9661
    endloop
  endfacet
  facet normal 1 0 0
    outer loop
      vertex 115 0 4.96
      vertex 115 -56.9001 0
      vertex 115 56.9001 0
    endloop
  endfacet
  facet normal 1 0 0
    outer loop
      vertex 115 -3.39919 5.49838
      vertex 115 -56.9001 0
      vertex 115 -1.72078 5.09543
    endloop
  endfacet
  facet normal 1 0 0
    outer loop
      vertex 115 -4.99389 6.15893
      vertex 115 -56.9001 0
      vertex 115 -3.39919 5.49838
    endloop
  endfacet
  facet normal 1 0 0
    outer loop
      vertex 115 -6.46564 7.06081
      vertex 115 -56.9001 0
      vertex 115 -4.99389 6.15893
    endloop
  endfacet
  facet normal 1 0 0
    outer loop
      vertex 115 -7.77817 8.18182
      vertex 115 -56.9001 0
      vertex 115 -6.46564 7.06081
    endloop
  endfacet
  facet normal 1 0 0
    outer loop
      vertex 115 -8.89919 9.49436
      vertex 115 -56.9001 0
      vertex 115 -7.77817 8.18182
    endloop
  endfacet
  facet normal 1 0 0
    outer loop
      vertex 115 -9.80107 10.9661
      vertex 115 -56.9001 0
      vertex 115 -8.89919 9.49436
    endloop
  endfacet
  facet normal -0.649222 -0.760599 0
    outer loop
      vertex -112.628 -62.6276 0
      vertex -111.661 -63.453 75
      vertex -112.628 -62.6276 75
    endloop
  endfacet
  facet normal -0.649222 -0.760599 -0
    outer loop
      vertex -111.661 -63.453 75
      vertex -112.628 -62.6276 0
      vertex -111.661 -63.453 0
    endloop
  endfacet
  facet normal 0.522398 0.852702 -0
    outer loop
      vertex 111.661 63.453 0
      vertex 110.577 64.1171 75
      vertex 111.661 63.453 75
    endloop
  endfacet
  facet normal 0.522398 0.852702 0
    outer loop
      vertex 110.577 64.1171 75
      vertex 111.661 63.453 0
      vertex 110.577 64.1171 0
    endloop
  endfacet
  facet normal 0.0784473 0.996918 -0
    outer loop
      vertex 108.167 64.9003 0
      vertex 106.9 65 75
      vertex 108.167 64.9003 75
    endloop
  endfacet
  facet normal 0.0784473 0.996918 0
    outer loop
      vertex 106.9 65 75
      vertex 108.167 64.9003 0
      vertex 106.9 65 0
    endloop
  endfacet
  facet normal -0.0784473 0.996918 0
    outer loop
      vertex -106.9 65 0
      vertex -108.167 64.9003 75
      vertex -106.9 65 75
    endloop
  endfacet
  facet normal -0.0784473 0.996918 0
    outer loop
      vertex -108.167 64.9003 75
      vertex -106.9 65 0
      vertex -108.167 64.9003 0
    endloop
  endfacet
  facet normal 0 1 0
    outer loop
      vertex 106.9 65 75
      vertex 0 65 49.96
      vertex -106.9 65 75
    endloop
  endfacet
  facet normal 0 1 0
    outer loop
      vertex 106.9 65 75
      vertex 1.72078 65 49.8246
      vertex 0 65 49.96
    endloop
  endfacet
  facet normal 0 1 0
    outer loop
      vertex 106.9 65 75
      vertex 3.39919 65 49.4216
      vertex 1.72078 65 49.8246
    endloop
  endfacet
  facet normal 0 1 0
    outer loop
      vertex 106.9 65 75
      vertex 4.99389 65 48.7611
      vertex 3.39919 65 49.4216
    endloop
  endfacet
  facet normal 0 1 0
    outer loop
      vertex 106.9 65 75
      vertex 6.46564 65 47.8592
      vertex 4.99389 65 48.7611
    endloop
  endfacet
  facet normal 0 1 0
    outer loop
      vertex 106.9 65 75
      vertex 7.77817 65 46.7382
      vertex 6.46564 65 47.8592
    endloop
  endfacet
  facet normal 0 1 0
    outer loop
      vertex 106.9 65 75
      vertex 8.89919 65 45.4256
      vertex 7.77817 65 46.7382
    endloop
  endfacet
  facet normal 0 1 0
    outer loop
      vertex 106.9 65 75
      vertex 9.80107 65 43.9539
      vertex 8.89919 65 45.4256
    endloop
  endfacet
  facet normal 0 1 0
    outer loop
      vertex 106.9 65 75
      vertex 10.4616 65 42.3592
      vertex 9.80107 65 43.9539
    endloop
  endfacet
  facet normal 0 1 0
    outer loop
      vertex 106.9 65 75
      vertex 10.8646 65 40.6808
      vertex 10.4616 65 42.3592
    endloop
  endfacet
  facet normal 0 1 0
    outer loop
      vertex 106.9 65 75
      vertex 11 65 38.96
      vertex 10.8646 65 40.6808
    endloop
  endfacet
  facet normal 0 1 -0
    outer loop
      vertex 106.9 65 0
      vertex 11 65 38.96
      vertex 106.9 65 75
    endloop
  endfacet
  facet normal 0 1 0
    outer loop
      vertex 11 65 38.96
      vertex 106.9 65 0
      vertex 11 65 15.96
    endloop
  endfacet
  facet normal 0 1 0
    outer loop
      vertex 11 65 15.96
      vertex 106.9 65 0
      vertex 10.8646 65 14.2392
    endloop
  endfacet
  facet normal 0 1 0
    outer loop
      vertex 10.8646 65 14.2392
      vertex 106.9 65 0
      vertex 10.4616 65 12.5608
    endloop
  endfacet
  facet normal 0 1 0
    outer loop
      vertex 10.4616 65 12.5608
      vertex 106.9 65 0
      vertex 9.80107 65 10.9661
    endloop
  endfacet
  facet normal 0 1 0
    outer loop
      vertex 9.80107 65 10.9661
      vertex 106.9 65 0
      vertex 8.89919 65 9.49436
    endloop
  endfacet
  facet normal 0 1 0
    outer loop
      vertex 8.89919 65 9.49436
      vertex 106.9 65 0
      vertex 7.77817 65 8.18182
    endloop
  endfacet
  facet normal 0 1 0
    outer loop
      vertex 1.72078 65 5.09543
      vertex 106.9 65 0
      vertex 0 65 4.96
    endloop
  endfacet
  facet normal 0 1 0
    outer loop
      vertex 3.39919 65 5.49838
      vertex 106.9 65 0
      vertex 1.72078 65 5.09543
    endloop
  endfacet
  facet normal 0 1 0
    outer loop
      vertex 4.99389 65 6.15893
      vertex 106.9 65 0
      vertex 3.39919 65 5.49838
    endloop
  endfacet
  facet normal 0 1 0
    outer loop
      vertex 6.46564 65 7.06081
      vertex 106.9 65 0
      vertex 4.99389 65 6.15893
    endloop
  endfacet
  facet normal 0 1 0
    outer loop
      vertex 7.77817 65 8.18182
      vertex 106.9 65 0
      vertex 6.46564 65 7.06081
    endloop
  endfacet
  facet normal 0 1 -0
    outer loop
      vertex -1.72078 65 49.8246
      vertex -106.9 65 75
      vertex 0 65 49.96
    endloop
  endfacet
  facet normal 0 1 -0
    outer loop
      vertex -3.39919 65 49.4216
      vertex -106.9 65 75
      vertex -1.72078 65 49.8246
    endloop
  endfacet
  facet normal 0 1 -0
    outer loop
      vertex -4.99389 65 48.7611
      vertex -106.9 65 75
      vertex -3.39919 65 49.4216
    endloop
  endfacet
  facet normal 0 1 -0
    outer loop
      vertex -6.46564 65 47.8592
      vertex -106.9 65 75
      vertex -4.99389 65 48.7611
    endloop
  endfacet
  facet normal 0 1 -0
    outer loop
      vertex -7.77817 65 46.7382
      vertex -106.9 65 75
      vertex -6.46564 65 47.8592
    endloop
  endfacet
  facet normal 0 1 -0
    outer loop
      vertex -8.89919 65 45.4256
      vertex -106.9 65 75
      vertex -7.77817 65 46.7382
    endloop
  endfacet
  facet normal 0 1 -0
    outer loop
      vertex -9.80107 65 43.9539
      vertex -106.9 65 75
      vertex -8.89919 65 45.4256
    endloop
  endfacet
  facet normal 0 1 -0
    outer loop
      vertex -10.4616 65 42.3592
      vertex -106.9 65 75
      vertex -9.80107 65 43.9539
    endloop
  endfacet
  facet normal 0 1 -0
    outer loop
      vertex -10.8646 65 40.6808
      vertex -106.9 65 75
      vertex -10.4616 65 42.3592
    endloop
  endfacet
  facet normal 0 1 -0
    outer loop
      vertex -11 65 38.96
      vertex -106.9 65 75
      vertex -10.8646 65 40.6808
    endloop
  endfacet
  facet normal 0 1 0
    outer loop
      vertex -106.9 65 0
      vertex -11 65 38.96
      vertex -11 65 15.96
    endloop
  endfacet
  facet normal 0 1 0
    outer loop
      vertex -106.9 65 0
      vertex -11 65 15.96
      vertex -10.8646 65 14.2392
    endloop
  endfacet
  facet normal 0 1 0
    outer loop
      vertex -106.9 65 0
      vertex -10.8646 65 14.2392
      vertex -10.4616 65 12.5608
    endloop
  endfacet
  facet normal 0 1 0
    outer loop
      vertex -106.9 65 0
      vertex -10.4616 65 12.5608
      vertex -9.80107 65 10.9661
    endloop
  endfacet
  facet normal 0 1 0
    outer loop
      vertex -106.9 65 0
      vertex -9.80107 65 10.9661
      vertex -8.89919 65 9.49436
    endloop
  endfacet
  facet normal 0 1 0
    outer loop
      vertex -106.9 65 0
      vertex -8.89919 65 9.49436
      vertex -7.77817 65 8.18182
    endloop
  endfacet
  facet normal 0 1 0
    outer loop
      vertex -106.9 65 0
      vertex -7.77817 65 8.18182
      vertex -6.46564 65 7.06081
    endloop
  endfacet
  facet normal 0 1 0
    outer loop
      vertex -11 65 38.96
      vertex -106.9 65 0
      vertex -106.9 65 75
    endloop
  endfacet
  facet normal 0 1 0
    outer loop
      vertex -4.99389 65 6.15893
      vertex -106.9 65 0
      vertex -6.46564 65 7.06081
    endloop
  endfacet
  facet normal 0 1 0
    outer loop
      vertex -3.39919 65 5.49838
      vertex -106.9 65 0
      vertex -4.99389 65 6.15893
    endloop
  endfacet
  facet normal 0 1 0
    outer loop
      vertex -1.72078 65 5.09543
      vertex -106.9 65 0
      vertex -3.39919 65 5.49838
    endloop
  endfacet
  facet normal 0 1 0
    outer loop
      vertex 0 65 4.96
      vertex -106.9 65 0
      vertex -1.72078 65 5.09543
    endloop
  endfacet
  facet normal 0 1 0
    outer loop
      vertex -106.9 65 0
      vertex 0 65 4.96
      vertex 106.9 65 0
    endloop
  endfacet
  facet normal 0 -1 0
    outer loop
      vertex -106.9 -65 75
      vertex 0 -65 49.96
      vertex 106.9 -65 75
    endloop
  endfacet
  facet normal 0 -1 0
    outer loop
      vertex -106.9 -65 75
      vertex -1.72078 -65 49.8246
      vertex 0 -65 49.96
    endloop
  endfacet
  facet normal 0 -1 0
    outer loop
      vertex -106.9 -65 75
      vertex -3.39919 -65 49.4216
      vertex -1.72078 -65 49.8246
    endloop
  endfacet
  facet normal 0 -1 0
    outer loop
      vertex -106.9 -65 75
      vertex -4.99389 -65 48.7611
      vertex -3.39919 -65 49.4216
    endloop
  endfacet
  facet normal 0 -1 0
    outer loop
      vertex -106.9 -65 75
      vertex -6.46564 -65 47.8592
      vertex -4.99389 -65 48.7611
    endloop
  endfacet
  facet normal 0 -1 0
    outer loop
      vertex -106.9 -65 75
      vertex -7.77817 -65 46.7382
      vertex -6.46564 -65 47.8592
    endloop
  endfacet
  facet normal 0 -1 0
    outer loop
      vertex -106.9 -65 75
      vertex -8.89919 -65 45.4256
      vertex -7.77817 -65 46.7382
    endloop
  endfacet
  facet normal 0 -1 0
    outer loop
      vertex -106.9 -65 75
      vertex -9.80107 -65 43.9539
      vertex -8.89919 -65 45.4256
    endloop
  endfacet
  facet normal 0 -1 0
    outer loop
      vertex -106.9 -65 75
      vertex -10.4616 -65 42.3592
      vertex -9.80107 -65 43.9539
    endloop
  endfacet
  facet normal 0 -1 0
    outer loop
      vertex -106.9 -65 75
      vertex -10.8646 -65 40.6808
      vertex -10.4616 -65 42.3592
    endloop
  endfacet
  facet normal 0 -1 0
    outer loop
      vertex -106.9 -65 75
      vertex -11 -65 38.96
      vertex -10.8646 -65 40.6808
    endloop
  endfacet
  facet normal 0 -1 0
    outer loop
      vertex -106.9 -65 0
      vertex -11 -65 38.96
      vertex -106.9 -65 75
    endloop
  endfacet
  facet normal 0 -1 -0
    outer loop
      vertex -11 -65 38.96
      vertex -106.9 -65 0
      vertex -11 -65 15.96
    endloop
  endfacet
  facet normal 0 -1 -0
    outer loop
      vertex -11 -65 15.96
      vertex -106.9 -65 0
      vertex -10.8646 -65 14.2392
    endloop
  endfacet
  facet normal 0 -1 -0
    outer loop
      vertex -10.8646 -65 14.2392
      vertex -106.9 -65 0
      vertex -10.4616 -65 12.5608
    endloop
  endfacet
  facet normal 0 -1 -0
    outer loop
      vertex -10.4616 -65 12.5608
      vertex -106.9 -65 0
      vertex -9.80107 -65 10.9661
    endloop
  endfacet
  facet normal 0 -1 -0
    outer loop
      vertex -9.80107 -65 10.9661
      vertex -106.9 -65 0
      vertex -8.89919 -65 9.49436
    endloop
  endfacet
  facet normal 0 -1 -0
    outer loop
      vertex -8.89919 -65 9.49436
      vertex -106.9 -65 0
      vertex -7.77817 -65 8.18182
    endloop
  endfacet
  facet normal 0 -1 -0
    outer loop
      vertex -1.72078 -65 5.09543
      vertex -106.9 -65 0
      vertex 0 -65 4.96
    endloop
  endfacet
  facet normal 0 -1 -0
    outer loop
      vertex -3.39919 -65 5.49838
      vertex -106.9 -65 0
      vertex -1.72078 -65 5.09543
    endloop
  endfacet
  facet normal 0 -1 -0
    outer loop
      vertex -4.99389 -65 6.15893
      vertex -106.9 -65 0
      vertex -3.39919 -65 5.49838
    endloop
  endfacet
  facet normal 0 -1 -0
    outer loop
      vertex -6.46564 -65 7.06081
      vertex -106.9 -65 0
      vertex -4.99389 -65 6.15893
    endloop
  endfacet
  facet normal 0 -1 -0
    outer loop
      vertex -7.77817 -65 8.18182
      vertex -106.9 -65 0
      vertex -6.46564 -65 7.06081
    endloop
  endfacet
  facet normal 0 -1 0
    outer loop
      vertex 1.72078 -65 49.8246
      vertex 106.9 -65 75
      vertex 0 -65 49.96
    endloop
  endfacet
  facet normal 0 -1 0
    outer loop
      vertex 3.39919 -65 49.4216
      vertex 106.9 -65 75
      vertex 1.72078 -65 49.8246
    endloop
  endfacet
  facet normal 0 -1 0
    outer loop
      vertex 4.99389 -65 48.7611
      vertex 106.9 -65 75
      vertex 3.39919 -65 49.4216
    endloop
  endfacet
  facet normal 0 -1 0
    outer loop
      vertex 6.46564 -65 47.8592
      vertex 106.9 -65 75
      vertex 4.99389 -65 48.7611
    endloop
  endfacet
  facet normal 0 -1 0
    outer loop
      vertex 7.77817 -65 46.7382
      vertex 106.9 -65 75
      vertex 6.46564 -65 47.8592
    endloop
  endfacet
  facet normal 0 -1 0
    outer loop
      vertex 8.89919 -65 45.4256
      vertex 106.9 -65 75
      vertex 7.77817 -65 46.7382
    endloop
  endfacet
  facet normal 0 -1 0
    outer loop
      vertex 9.80107 -65 43.9539
      vertex 106.9 -65 75
      vertex 8.89919 -65 45.4256
    endloop
  endfacet
  facet normal 0 -1 0
    outer loop
      vertex 10.4616 -65 42.3592
      vertex 106.9 -65 75
      vertex 9.80107 -65 43.9539
    endloop
  endfacet
  facet normal 0 -1 0
    outer loop
      vertex 10.8646 -65 40.6808
      vertex 106.9 -65 75
      vertex 10.4616 -65 42.3592
    endloop
  endfacet
  facet normal 0 -1 0
    outer loop
      vertex 11 -65 38.96
      vertex 106.9 -65 75
      vertex 10.8646 -65 40.6808
    endloop
  endfacet
  facet normal 0 -1 0
    outer loop
      vertex 106.9 -65 0
      vertex 11 -65 38.96
      vertex 11 -65 15.96
    endloop
  endfacet
  facet normal 0 -1 0
    outer loop
      vertex 106.9 -65 0
      vertex 11 -65 15.96
      vertex 10.8646 -65 14.2392
    endloop
  endfacet
  facet normal 0 -1 0
    outer loop
      vertex 106.9 -65 0
      vertex 10.8646 -65 14.2392
      vertex 10.4616 -65 12.5608
    endloop
  endfacet
  facet normal 0 -1 0
    outer loop
      vertex 106.9 -65 0
      vertex 10.4616 -65 12.5608
      vertex 9.80107 -65 10.9661
    endloop
  endfacet
  facet normal 0 -1 0
    outer loop
      vertex 106.9 -65 0
      vertex 9.80107 -65 10.9661
      vertex 8.89919 -65 9.49436
    endloop
  endfacet
  facet normal 0 -1 0
    outer loop
      vertex 106.9 -65 0
      vertex 8.89919 -65 9.49436
      vertex 7.77817 -65 8.18182
    endloop
  endfacet
  facet normal 0 -1 0
    outer loop
      vertex 106.9 -65 0
      vertex 7.77817 -65 8.18182
      vertex 6.46564 -65 7.06081
    endloop
  endfacet
  facet normal 0 -1 0
    outer loop
      vertex 11 -65 38.96
      vertex 106.9 -65 0
      vertex 106.9 -65 75
    endloop
  endfacet
  facet normal 0 -1 0
    outer loop
      vertex 4.99389 -65 6.15893
      vertex 106.9 -65 0
      vertex 6.46564 -65 7.06081
    endloop
  endfacet
  facet normal 0 -1 0
    outer loop
      vertex 3.39919 -65 5.49838
      vertex 106.9 -65 0
      vertex 4.99389 -65 6.15893
    endloop
  endfacet
  facet normal 0 -1 0
    outer loop
      vertex 1.72078 -65 5.09543
      vertex 106.9 -65 0
      vertex 3.39919 -65 5.49838
    endloop
  endfacet
  facet normal 0 -1 0
    outer loop
      vertex 0 -65 4.96
      vertex 106.9 -65 0
      vertex 1.72078 -65 5.09543
    endloop
  endfacet
  facet normal 0 -1 0
    outer loop
      vertex 106.9 -65 0
      vertex 0 -65 4.96
      vertex -106.9 -65 0
    endloop
  endfacet
  facet normal -0.233418 -0.972377 0
    outer loop
      vertex -109.403 -64.6036 0
      vertex -108.167 -64.9003 75
      vertex -109.403 -64.6036 75
    endloop
  endfacet
  facet normal -0.233418 -0.972377 -0
    outer loop
      vertex -108.167 -64.9003 75
      vertex -109.403 -64.6036 0
      vertex -108.167 -64.9003 0
    endloop
  endfacet
  facet normal -0.382827 -0.92382 0
    outer loop
      vertex -110.577 -64.1171 0
      vertex -109.403 -64.6036 75
      vertex -110.577 -64.1171 75
    endloop
  endfacet
  facet normal -0.382827 -0.92382 -0
    outer loop
      vertex -109.403 -64.6036 75
      vertex -110.577 -64.1171 0
      vertex -109.403 -64.6036 0
    endloop
  endfacet
  facet normal -0.0784473 -0.996918 0
    outer loop
      vertex -108.167 -64.9003 0
      vertex -106.9 -65 75
      vertex -108.167 -64.9003 75
    endloop
  endfacet
  facet normal -0.0784473 -0.996918 -0
    outer loop
      vertex -106.9 -65 75
      vertex -108.167 -64.9003 0
      vertex -106.9 -65 0
    endloop
  endfacet
  facet normal -0.852694 -0.522411 0
    outer loop
      vertex -113.453 -61.6611 0
      vertex -114.117 -60.5773 75
      vertex -114.117 -60.5773 0
    endloop
  endfacet
  facet normal -0.852694 -0.522411 0
    outer loop
      vertex -114.117 -60.5773 75
      vertex -113.453 -61.6611 0
      vertex -113.453 -61.6611 75
    endloop
  endfacet
  facet normal -0.923716 -0.383079 0
    outer loop
      vertex -114.117 -60.5773 0
      vertex -114.604 -59.403 75
      vertex -114.604 -59.403 0
    endloop
  endfacet
  facet normal -0.923716 -0.383079 0
    outer loop
      vertex -114.604 -59.403 75
      vertex -114.117 -60.5773 0
      vertex -114.117 -60.5773 75
    endloop
  endfacet
  facet normal -0.9969 -0.0786819 0
    outer loop
      vertex -114.9 -58.1671 0
      vertex -115 -56.9001 75
      vertex -115 -56.9001 0
    endloop
  endfacet
  facet normal -0.9969 -0.0786819 0
    outer loop
      vertex -115 -56.9001 75
      vertex -114.9 -58.1671 0
      vertex -114.9 -58.1671 75
    endloop
  endfacet
  facet normal -0.972497 -0.232915 0
    outer loop
      vertex -114.604 -59.403 0
      vertex -114.9 -58.1671 75
      vertex -114.9 -58.1671 0
    endloop
  endfacet
  facet normal -0.972497 -0.232915 0
    outer loop
      vertex -114.9 -58.1671 75
      vertex -114.604 -59.403 0
      vertex -114.604 -59.403 75
    endloop
  endfacet
  facet normal -0.522398 0.852702 0
    outer loop
      vertex -110.577 64.1171 0
      vertex -111.661 63.453 75
      vertex -110.577 64.1171 75
    endloop
  endfacet
  facet normal -0.522398 0.852702 0
    outer loop
      vertex -111.661 63.453 75
      vertex -110.577 64.1171 0
      vertex -111.661 63.453 0
    endloop
  endfacet
  facet normal -0.972497 0.232915 0
    outer loop
      vertex -114.9 58.1671 0
      vertex -114.604 59.403 75
      vertex -114.604 59.403 0
    endloop
  endfacet
  facet normal -0.972497 0.232915 0
    outer loop
      vertex -114.604 59.403 75
      vertex -114.9 58.1671 0
      vertex -114.9 58.1671 75
    endloop
  endfacet
  facet normal -0.923716 0.383079 0
    outer loop
      vertex -114.604 59.403 0
      vertex -114.117 60.5773 75
      vertex -114.117 60.5773 0
    endloop
  endfacet
  facet normal -0.923716 0.383079 0
    outer loop
      vertex -114.117 60.5773 75
      vertex -114.604 59.403 0
      vertex -114.604 59.403 75
    endloop
  endfacet
  facet normal 0.233418 0.972377 -0
    outer loop
      vertex 109.403 64.6036 0
      vertex 108.167 64.9003 75
      vertex 109.403 64.6036 75
    endloop
  endfacet
  facet normal 0.233418 0.972377 0
    outer loop
      vertex 108.167 64.9003 75
      vertex 109.403 64.6036 0
      vertex 108.167 64.9003 0
    endloop
  endfacet
  facet normal -0.382827 0.92382 0
    outer loop
      vertex -109.403 64.6036 0
      vertex -110.577 64.1171 75
      vertex -109.403 64.6036 75
    endloop
  endfacet
  facet normal -0.382827 0.92382 0
    outer loop
      vertex -110.577 64.1171 75
      vertex -109.403 64.6036 0
      vertex -110.577 64.1171 0
    endloop
  endfacet
  facet normal 0.522398 -0.852702 0
    outer loop
      vertex 110.577 -64.1171 0
      vertex 111.661 -63.453 75
      vertex 110.577 -64.1171 75
    endloop
  endfacet
  facet normal 0.522398 -0.852702 0
    outer loop
      vertex 111.661 -63.453 75
      vertex 110.577 -64.1171 0
      vertex 111.661 -63.453 0
    endloop
  endfacet
  facet normal 0.972497 -0.232915 0
    outer loop
      vertex 114.604 -59.403 75
      vertex 114.9 -58.1671 0
      vertex 114.9 -58.1671 75
    endloop
  endfacet
  facet normal 0.972497 -0.232915 0
    outer loop
      vertex 114.9 -58.1671 0
      vertex 114.604 -59.403 75
      vertex 114.604 -59.403 0
    endloop
  endfacet
  facet normal 0.382827 -0.92382 0
    outer loop
      vertex 109.403 -64.6036 0
      vertex 110.577 -64.1171 75
      vertex 109.403 -64.6036 75
    endloop
  endfacet
  facet normal 0.382827 -0.92382 0
    outer loop
      vertex 110.577 -64.1171 75
      vertex 109.403 -64.6036 0
      vertex 110.577 -64.1171 0
    endloop
  endfacet
  facet normal 0 0 -1
    outer loop
      vertex 106.9 -65 0
      vertex 115 -56.9001 0
      vertex 114.9 -58.1671 0
    endloop
  endfacet
  facet normal 0 0 -1
    outer loop
      vertex 115 -56.9001 0
      vertex 5.65 0 0
      vertex 115 56.9001 0
    endloop
  endfacet
  facet normal 0 0 -1
    outer loop
      vertex 106.9 -65 0
      vertex 114.9 -58.1671 0
      vertex 114.604 -59.403 0
    endloop
  endfacet
  facet normal 0 0 -1
    outer loop
      vertex 5.58044 0.883854 0
      vertex 115 56.9001 0
      vertex 5.65 0 0
    endloop
  endfacet
  facet normal 0 0 -1
    outer loop
      vertex 106.9 -65 0
      vertex 114.604 -59.403 0
      vertex 114.117 -60.5773 0
    endloop
  endfacet
  facet normal 0 -0 -1
    outer loop
      vertex 106.9 65 0
      vertex 115 56.9001 0
      vertex 5.58044 0.883854 0
    endloop
  endfacet
  facet normal 0 0 -1
    outer loop
      vertex 106.9 -65 0
      vertex 114.117 -60.5773 0
      vertex 113.453 -61.6611 0
    endloop
  endfacet
  facet normal -0 0 -1
    outer loop
      vertex 115 -56.9001 0
      vertex 106.9 -65 0
      vertex 5.58044 -0.883854 0
    endloop
  endfacet
  facet normal 0 0 -1
    outer loop
      vertex 106.9 -65 0
      vertex 113.453 -61.6611 0
      vertex 112.628 -62.6276 0
    endloop
  endfacet
  facet normal 0 0 -1
    outer loop
      vertex 115 56.9001 0
      vertex 106.9 65 0
      vertex 114.9 58.1671 0
    endloop
  endfacet
  facet normal 0 0 -1
    outer loop
      vertex 106.9 -65 0
      vertex 112.628 -62.6276 0
      vertex 111.661 -63.453 0
    endloop
  endfacet
  facet normal 0 0 -1
    outer loop
      vertex 114.117 60.5773 0
      vertex 106.9 65 0
      vertex 113.453 61.6611 0
    endloop
  endfacet
  facet normal 0 0 -1
    outer loop
      vertex 106.9 -65 0
      vertex 111.661 -63.453 0
      vertex 110.577 -64.1171 0
    endloop
  endfacet
  facet normal 0 0 -1
    outer loop
      vertex 113.453 61.6611 0
      vertex 106.9 65 0
      vertex 112.628 62.6276 0
    endloop
  endfacet
  facet normal 0 0 -1
    outer loop
      vertex 106.9 -65 0
      vertex 110.577 -64.1171 0
      vertex 109.403 -64.6036 0
    endloop
  endfacet
  facet normal 0 0 -1
    outer loop
      vertex 112.628 62.6276 0
      vertex 106.9 65 0
      vertex 111.661 63.453 0
    endloop
  endfacet
  facet normal 0 0 -1
    outer loop
      vertex 106.9 -65 0
      vertex 109.403 -64.6036 0
      vertex 108.167 -64.9003 0
    endloop
  endfacet
  facet normal 0 0 -1
    outer loop
      vertex 111.661 63.453 0
      vertex 106.9 65 0
      vertex 110.577 64.1171 0
    endloop
  endfacet
  facet normal 0 0 -1
    outer loop
      vertex 110.577 64.1171 0
      vertex 106.9 65 0
      vertex 109.403 64.6036 0
    endloop
  endfacet
  facet normal 0 0 -1
    outer loop
      vertex 109.403 64.6036 0
      vertex 106.9 65 0
      vertex 108.167 64.9003 0
    endloop
  endfacet
  facet normal 0 0 -1
    outer loop
      vertex 114.604 59.403 0
      vertex 106.9 65 0
      vertex 114.117 60.5773 0
    endloop
  endfacet
  facet normal 0 0 -1
    outer loop
      vertex 115 -56.9001 0
      vertex 5.58044 -0.883854 0
      vertex 5.65 0 0
    endloop
  endfacet
  facet normal 0 0 -1
    outer loop
      vertex 106.9 -65 0
      vertex 5.37347 -1.74595 0
      vertex 5.58044 -0.883854 0
    endloop
  endfacet
  facet normal 0 0 -1
    outer loop
      vertex 106.9 -65 0
      vertex 5.03419 -2.56505 0
      vertex 5.37347 -1.74595 0
    endloop
  endfacet
  facet normal 0 0 -1
    outer loop
      vertex 106.9 -65 0
      vertex 4.57095 -3.32099 0
      vertex 5.03419 -2.56505 0
    endloop
  endfacet
  facet normal 0 0 -1
    outer loop
      vertex 106.9 -65 0
      vertex 3.99515 -3.99515 0
      vertex 4.57095 -3.32099 0
    endloop
  endfacet
  facet normal 0 0 -1
    outer loop
      vertex 106.9 -65 0
      vertex 3.32099 -4.57095 0
      vertex 3.99515 -3.99515 0
    endloop
  endfacet
  facet normal 0 0 -1
    outer loop
      vertex 106.9 -65 0
      vertex 2.56505 -5.03419 0
      vertex 3.32099 -4.57095 0
    endloop
  endfacet
  facet normal 0 0 -1
    outer loop
      vertex 106.9 -65 0
      vertex 1.74595 -5.37347 0
      vertex 2.56505 -5.03419 0
    endloop
  endfacet
  facet normal 0 0 -1
    outer loop
      vertex 106.9 -65 0
      vertex 0.883854 -5.58044 0
      vertex 1.74595 -5.37347 0
    endloop
  endfacet
  facet normal 0 0 -1
    outer loop
      vertex 106.9 -65 0
      vertex 0 -5.65 0
      vertex 0.883854 -5.58044 0
    endloop
  endfacet
  facet normal 0 0 -1
    outer loop
      vertex -106.9 -65 0
      vertex 0 -5.65 0
      vertex 106.9 -65 0
    endloop
  endfacet
  facet normal -0 0 -1
    outer loop
      vertex 0 -5.65 0
      vertex -106.9 -65 0
      vertex -0.883854 -5.58044 0
    endloop
  endfacet
  facet normal -0 0 -1
    outer loop
      vertex -0.883854 -5.58044 0
      vertex -106.9 -65 0
      vertex -1.74595 -5.37347 0
    endloop
  endfacet
  facet normal 0 0 -1
    outer loop
      vertex -115 -56.9001 0
      vertex -5.58044 -0.883854 0
      vertex -106.9 -65 0
    endloop
  endfacet
  facet normal -0 0 -1
    outer loop
      vertex -5.37347 -1.74595 0
      vertex -106.9 -65 0
      vertex -5.58044 -0.883854 0
    endloop
  endfacet
  facet normal -0 0 -1
    outer loop
      vertex -5.03419 -2.56505 0
      vertex -106.9 -65 0
      vertex -5.37347 -1.74595 0
    endloop
  endfacet
  facet normal -0 0 -1
    outer loop
      vertex -4.57095 -3.32099 0
      vertex -106.9 -65 0
      vertex -5.03419 -2.56505 0
    endloop
  endfacet
  facet normal -0 0 -1
    outer loop
      vertex -3.99515 -3.99515 0
      vertex -106.9 -65 0
      vertex -4.57095 -3.32099 0
    endloop
  endfacet
  facet normal -0 0 -1
    outer loop
      vertex -3.32099 -4.57095 0
      vertex -106.9 -65 0
      vertex -3.99515 -3.99515 0
    endloop
  endfacet
  facet normal -0 0 -1
    outer loop
      vertex -2.56505 -5.03419 0
      vertex -106.9 -65 0
      vertex -3.32099 -4.57095 0
    endloop
  endfacet
  facet normal -0 0 -1
    outer loop
      vertex -1.74595 -5.37347 0
      vertex -106.9 -65 0
      vertex -2.56505 -5.03419 0
    endloop
  endfacet
  facet normal 0 0 -1
    outer loop
      vertex 114.9 58.1671 0
      vertex 106.9 65 0
      vertex 114.604 59.403 0
    endloop
  endfacet
  facet normal 0 0 -1
    outer loop
      vertex 5.37347 1.74595 0
      vertex 106.9 65 0
      vertex 5.58044 0.883854 0
    endloop
  endfacet
  facet normal 0 0 -1
    outer loop
      vertex 5.03419 2.56505 0
      vertex 106.9 65 0
      vertex 5.37347 1.74595 0
    endloop
  endfacet
  facet normal 0 0 -1
    outer loop
      vertex 4.57095 3.32099 0
      vertex 106.9 65 0
      vertex 5.03419 2.56505 0
    endloop
  endfacet
  facet normal 0 0 -1
    outer loop
      vertex 3.99515 3.99515 0
      vertex 106.9 65 0
      vertex 4.57095 3.32099 0
    endloop
  endfacet
  facet normal 0 0 -1
    outer loop
      vertex 3.32099 4.57095 0
      vertex 106.9 65 0
      vertex 3.99515 3.99515 0
    endloop
  endfacet
  facet normal 0 0 -1
    outer loop
      vertex 2.56505 5.03419 0
      vertex 106.9 65 0
      vertex 3.32099 4.57095 0
    endloop
  endfacet
  facet normal 0 0 -1
    outer loop
      vertex 1.74595 5.37347 0
      vertex 106.9 65 0
      vertex 2.56505 5.03419 0
    endloop
  endfacet
  facet normal 0 0 -1
    outer loop
      vertex 0.883854 5.58044 0
      vertex 106.9 65 0
      vertex 1.74595 5.37347 0
    endloop
  endfacet
  facet normal 0 0 -1
    outer loop
      vertex 0 5.65 0
      vertex 106.9 65 0
      vertex 0.883854 5.58044 0
    endloop
  endfacet
  facet normal 0 0 -1
    outer loop
      vertex -106.9 65 0
      vertex 0 5.65 0
      vertex -0.883854 5.58044 0
    endloop
  endfacet
  facet normal 0 0 -1
    outer loop
      vertex -106.9 65 0
      vertex -0.883854 5.58044 0
      vertex -1.74595 5.37347 0
    endloop
  endfacet
  facet normal 0 0 -1
    outer loop
      vertex -106.9 65 0
      vertex -1.74595 5.37347 0
      vertex -2.56505 5.03419 0
    endloop
  endfacet
  facet normal -0 0 -1
    outer loop
      vertex -5.58044 -0.883854 0
      vertex -115 -56.9001 0
      vertex -5.65 0 0
    endloop
  endfacet
  facet normal 0 0 -1
    outer loop
      vertex -115 56.9001 0
      vertex -5.65 0 0
      vertex -115 -56.9001 0
    endloop
  endfacet
  facet normal 0 0 -1
    outer loop
      vertex -5.65 0 0
      vertex -115 56.9001 0
      vertex -5.58044 0.883854 0
    endloop
  endfacet
  facet normal 0 0 -1
    outer loop
      vertex -5.58044 0.883854 0
      vertex -115 56.9001 0
      vertex -5.37347 1.74595 0
    endloop
  endfacet
  facet normal 0 -0 -1
    outer loop
      vertex -106.9 65 0
      vertex -5.37347 1.74595 0
      vertex -115 56.9001 0
    endloop
  endfacet
  facet normal 0 0 -1
    outer loop
      vertex -5.37347 1.74595 0
      vertex -106.9 65 0
      vertex -5.03419 2.56505 0
    endloop
  endfacet
  facet normal 0 0 -1
    outer loop
      vertex 0 5.65 0
      vertex -106.9 65 0
      vertex 106.9 65 0
    endloop
  endfacet
  facet normal 0 0 -1
    outer loop
      vertex -3.32099 4.57095 0
      vertex -106.9 65 0
      vertex -2.56505 5.03419 0
    endloop
  endfacet
  facet normal 0 0 -1
    outer loop
      vertex -5.03419 2.56505 0
      vertex -106.9 65 0
      vertex -4.57095 3.32099 0
    endloop
  endfacet
  facet normal 0 0 -1
    outer loop
      vertex -115 -56.9001 0
      vertex -106.9 -65 0
      vertex -108.167 -64.9003 0
    endloop
  endfacet
  facet normal 0 0 -1
    outer loop
      vertex -4.57095 3.32099 0
      vertex -106.9 65 0
      vertex -3.99515 3.99515 0
    endloop
  endfacet
  facet normal 0 0 -1
    outer loop
      vertex -115 -56.9001 0
      vertex -108.167 -64.9003 0
      vertex -109.403 -64.6036 0
    endloop
  endfacet
  facet normal 0 0 -1
    outer loop
      vertex -3.99515 3.99515 0
      vertex -106.9 65 0
      vertex -3.32099 4.57095 0
    endloop
  endfacet
  facet normal 0 0 -1
    outer loop
      vertex -115 -56.9001 0
      vertex -109.403 -64.6036 0
      vertex -110.577 -64.1171 0
    endloop
  endfacet
  facet normal 0 0 -1
    outer loop
      vertex -106.9 65 0
      vertex -115 56.9001 0
      vertex -108.167 64.9003 0
    endloop
  endfacet
  facet normal 0 0 -1
    outer loop
      vertex -115 -56.9001 0
      vertex -110.577 -64.1171 0
      vertex -111.661 -63.453 0
    endloop
  endfacet
  facet normal 0 0 -1
    outer loop
      vertex -108.167 64.9003 0
      vertex -115 56.9001 0
      vertex -109.403 64.6036 0
    endloop
  endfacet
  facet normal 0 0 -1
    outer loop
      vertex -115 -56.9001 0
      vertex -111.661 -63.453 0
      vertex -112.628 -62.6276 0
    endloop
  endfacet
  facet normal 0 0 -1
    outer loop
      vertex -109.403 64.6036 0
      vertex -115 56.9001 0
      vertex -110.577 64.1171 0
    endloop
  endfacet
  facet normal 0 0 -1
    outer loop
      vertex -115 -56.9001 0
      vertex -112.628 -62.6276 0
      vertex -113.453 -61.6611 0
    endloop
  endfacet
  facet normal 0 0 -1
    outer loop
      vertex -110.577 64.1171 0
      vertex -115 56.9001 0
      vertex -111.661 63.453 0
    endloop
  endfacet
  facet normal 0 0 -1
    outer loop
      vertex -115 -56.9001 0
      vertex -113.453 -61.6611 0
      vertex -114.117 -60.5773 0
    endloop
  endfacet
  facet normal 0 0 -1
    outer loop
      vertex -111.661 63.453 0
      vertex -115 56.9001 0
      vertex -112.628 62.6276 0
    endloop
  endfacet
  facet normal 0 0 -1
    outer loop
      vertex -115 -56.9001 0
      vertex -114.117 -60.5773 0
      vertex -114.604 -59.403 0
    endloop
  endfacet
  facet normal 0 0 -1
    outer loop
      vertex -112.628 62.6276 0
      vertex -115 56.9001 0
      vertex -113.453 61.6611 0
    endloop
  endfacet
  facet normal 0 0 -1
    outer loop
      vertex -115 -56.9001 0
      vertex -114.604 -59.403 0
      vertex -114.9 -58.1671 0
    endloop
  endfacet
  facet normal 0 0 -1
    outer loop
      vertex -113.453 61.6611 0
      vertex -115 56.9001 0
      vertex -114.117 60.5773 0
    endloop
  endfacet
  facet normal 0 0 -1
    outer loop
      vertex -114.117 60.5773 0
      vertex -115 56.9001 0
      vertex -114.604 59.403 0
    endloop
  endfacet
  facet normal 0 0 -1
    outer loop
      vertex -114.604 59.403 0
      vertex -115 56.9001 0
      vertex -114.9 58.1671 0
    endloop
  endfacet
  facet normal -0.760588 0.649235 0
    outer loop
      vertex -113.453 61.6611 0
      vertex -112.628 62.6276 75
      vertex -112.628 62.6276 0
    endloop
  endfacet
  facet normal -0.760588 0.649235 0
    outer loop
      vertex -112.628 62.6276 75
      vertex -113.453 61.6611 0
      vertex -113.453 61.6611 75
    endloop
  endfacet
  facet normal -0.649222 0.760599 0
    outer loop
      vertex -111.661 63.453 0
      vertex -112.628 62.6276 75
      vertex -111.661 63.453 75
    endloop
  endfacet
  facet normal -0.649222 0.760599 0
    outer loop
      vertex -112.628 62.6276 75
      vertex -111.661 63.453 0
      vertex -112.628 62.6276 0
    endloop
  endfacet
  facet normal -0.852694 0.522411 0
    outer loop
      vertex -114.117 60.5773 0
      vertex -113.453 61.6611 75
      vertex -113.453 61.6611 0
    endloop
  endfacet
  facet normal -0.852694 0.522411 0
    outer loop
      vertex -113.453 61.6611 75
      vertex -114.117 60.5773 0
      vertex -114.117 60.5773 75
    endloop
  endfacet
  facet normal -0.233418 0.972377 0
    outer loop
      vertex -108.167 64.9003 0
      vertex -109.403 64.6036 75
      vertex -108.167 64.9003 75
    endloop
  endfacet
  facet normal -0.233418 0.972377 0
    outer loop
      vertex -109.403 64.6036 75
      vertex -108.167 64.9003 0
      vertex -109.403 64.6036 0
    endloop
  endfacet
  facet normal 0.649222 -0.760599 0
    outer loop
      vertex 111.661 -63.453 0
      vertex 112.628 -62.6276 75
      vertex 111.661 -63.453 75
    endloop
  endfacet
  facet normal 0.649222 -0.760599 0
    outer loop
      vertex 112.628 -62.6276 75
      vertex 111.661 -63.453 0
      vertex 112.628 -62.6276 0
    endloop
  endfacet
  facet normal 0.923716 -0.383079 0
    outer loop
      vertex 114.117 -60.5773 75
      vertex 114.604 -59.403 0
      vertex 114.604 -59.403 75
    endloop
  endfacet
  facet normal 0.923716 -0.383079 0
    outer loop
      vertex 114.604 -59.403 0
      vertex 114.117 -60.5773 75
      vertex 114.117 -60.5773 0
    endloop
  endfacet
  facet normal 0.852694 -0.522411 0
    outer loop
      vertex 113.453 -61.6611 75
      vertex 114.117 -60.5773 0
      vertex 114.117 -60.5773 75
    endloop
  endfacet
  facet normal 0.852694 -0.522411 0
    outer loop
      vertex 114.117 -60.5773 0
      vertex 113.453 -61.6611 75
      vertex 113.453 -61.6611 0
    endloop
  endfacet
  facet normal 0.9969 -0.0786819 0
    outer loop
      vertex 114.9 -58.1671 75
      vertex 115 -56.9001 0
      vertex 115 -56.9001 75
    endloop
  endfacet
  facet normal 0.9969 -0.0786819 0
    outer loop
      vertex 115 -56.9001 0
      vertex 114.9 -58.1671 75
      vertex 114.9 -58.1671 0
    endloop
  endfacet
  facet normal 0.649222 0.760599 -0
    outer loop
      vertex 112.628 62.6276 0
      vertex 111.661 63.453 75
      vertex 112.628 62.6276 75
    endloop
  endfacet
  facet normal 0.649222 0.760599 0
    outer loop
      vertex 111.661 63.453 75
      vertex 112.628 62.6276 0
      vertex 111.661 63.453 0
    endloop
  endfacet
  facet normal 0.923716 0.383079 0
    outer loop
      vertex 114.604 59.403 75
      vertex 114.117 60.5773 0
      vertex 114.117 60.5773 75
    endloop
  endfacet
  facet normal 0.923716 0.383079 0
    outer loop
      vertex 114.117 60.5773 0
      vertex 114.604 59.403 75
      vertex 114.604 59.403 0
    endloop
  endfacet
  facet normal 0.233418 -0.972377 0
    outer loop
      vertex 108.167 -64.9003 0
      vertex 109.403 -64.6036 75
      vertex 108.167 -64.9003 75
    endloop
  endfacet
  facet normal 0.233418 -0.972377 0
    outer loop
      vertex 109.403 -64.6036 75
      vertex 108.167 -64.9003 0
      vertex 109.403 -64.6036 0
    endloop
  endfacet
  facet normal 0.0784473 -0.996918 0
    outer loop
      vertex 106.9 -65 0
      vertex 108.167 -64.9003 75
      vertex 106.9 -65 75
    endloop
  endfacet
  facet normal 0.0784473 -0.996918 0
    outer loop
      vertex 108.167 -64.9003 75
      vertex 106.9 -65 0
      vertex 108.167 -64.9003 0
    endloop
  endfacet
  facet normal 0.760588 0.649235 0
    outer loop
      vertex 113.453 61.6611 75
      vertex 112.628 62.6276 0
      vertex 112.628 62.6276 75
    endloop
  endfacet
  facet normal 0.760588 0.649235 0
    outer loop
      vertex 112.628 62.6276 0
      vertex 113.453 61.6611 75
      vertex 113.453 61.6611 0
    endloop
  endfacet
  facet normal 0.852694 0.522411 0
    outer loop
      vertex 114.117 60.5773 75
      vertex 113.453 61.6611 0
      vertex 113.453 61.6611 75
    endloop
  endfacet
  facet normal 0.852694 0.522411 0
    outer loop
      vertex 113.453 61.6611 0
      vertex 114.117 60.5773 75
      vertex 114.117 60.5773 0
    endloop
  endfacet
  facet normal 0.972497 0.232915 0
    outer loop
      vertex 114.9 58.1671 75
      vertex 114.604 59.403 0
      vertex 114.604 59.403 75
    endloop
  endfacet
  facet normal 0.972497 0.232915 0
    outer loop
      vertex 114.604 59.403 0
      vertex 114.9 58.1671 75
      vertex 114.9 58.1671 0
    endloop
  endfacet
  facet normal 0.9969 0.0786819 0
    outer loop
      vertex 115 56.9001 75
      vertex 114.9 58.1671 0
      vertex 114.9 58.1671 75
    endloop
  endfacet
  facet normal 0.9969 0.0786819 0
    outer loop
      vertex 114.9 58.1671 0
      vertex 115 56.9001 75
      vertex 115 56.9001 0
    endloop
  endfacet
  facet normal 0.649222 0.760599 -0
    outer loop
      vertex -109.811 -61.603 1.85
      vertex -110.778 -60.7776 75
      vertex -109.811 -61.603 75
    endloop
  endfacet
  facet normal 0.649222 0.760599 0
    outer loop
      vertex -110.778 -60.7776 75
      vertex -109.811 -61.603 1.85
      vertex -110.778 -60.7776 1.85
    endloop
  endfacet
  facet normal 0.760588 0.649235 0
    outer loop
      vertex -110.778 -60.7776 75
      vertex -111.603 -59.8111 1.85
      vertex -111.603 -59.8111 75
    endloop
  endfacet
  facet normal 0.760588 0.649235 0
    outer loop
      vertex -111.603 -59.8111 1.85
      vertex -110.778 -60.7776 75
      vertex -110.778 -60.7776 1.85
    endloop
  endfacet
  facet normal -0.9969 0.0786819 0
    outer loop
      vertex 113.05 -56.3171 1.85
      vertex 113.15 -55.0501 75
      vertex 113.15 -55.0501 1.85
    endloop
  endfacet
  facet normal -0.9969 0.0786819 0
    outer loop
      vertex 113.15 -55.0501 75
      vertex 113.05 -56.3171 1.85
      vertex 113.05 -56.3171 75
    endloop
  endfacet
  facet normal 0.522455 0.852667 -0
    outer loop
      vertex -108.727 -62.2672 1.85
      vertex -109.811 -61.603 75
      vertex -108.727 -62.2672 75
    endloop
  endfacet
  facet normal 0.522455 0.852667 0
    outer loop
      vertex -109.811 -61.603 75
      vertex -108.727 -62.2672 1.85
      vertex -109.811 -61.603 1.85
    endloop
  endfacet
  facet normal 1 0 0
    outer loop
      vertex -113.15 55.0501 75
      vertex -113.15 55.05 36.85
      vertex -113.15 55.0501 1.85
    endloop
  endfacet
  facet normal 1 0 0
    outer loop
      vertex -113.15 55.0501 75
      vertex -113.15 53.55 36.85
      vertex -113.15 55.05 36.85
    endloop
  endfacet
  facet normal 1 0 0
    outer loop
      vertex -113.15 11 15.96
      vertex -113.15 53.55 36.85
      vertex -113.15 11 38.96
    endloop
  endfacet
  facet normal 1 -0 0
    outer loop
      vertex -113.15 9.80107 43.9539
      vertex -113.15 53.55 36.85
      vertex -113.15 55.0501 75
    endloop
  endfacet
  facet normal 1 0 0
    outer loop
      vertex -113.15 53.55 36.85
      vertex -113.15 10.8646 40.6808
      vertex -113.15 11 38.96
    endloop
  endfacet
  facet normal 1 0 0
    outer loop
      vertex -113.15 53.55 36.85
      vertex -113.15 10.4616 42.3592
      vertex -113.15 10.8646 40.6808
    endloop
  endfacet
  facet normal 1 0 0
    outer loop
      vertex -113.15 53.55 36.85
      vertex -113.15 9.80107 43.9539
      vertex -113.15 10.4616 42.3592
    endloop
  endfacet
  facet normal 1 0 0
    outer loop
      vertex -113.15 55.0501 75
      vertex -113.15 8.89919 45.4256
      vertex -113.15 9.80107 43.9539
    endloop
  endfacet
  facet normal 1 0 0
    outer loop
      vertex -113.15 55.0501 75
      vertex -113.15 7.77817 46.7382
      vertex -113.15 8.89919 45.4256
    endloop
  endfacet
  facet normal 1 0 0
    outer loop
      vertex -113.15 55.0501 75
      vertex -113.15 6.46564 47.8592
      vertex -113.15 7.77817 46.7382
    endloop
  endfacet
  facet normal 1 0 0
    outer loop
      vertex -113.15 55.0501 75
      vertex -113.15 4.99389 48.7611
      vertex -113.15 6.46564 47.8592
    endloop
  endfacet
  facet normal 1 0 0
    outer loop
      vertex -113.15 55.0501 75
      vertex -113.15 3.39919 49.4216
      vertex -113.15 4.99389 48.7611
    endloop
  endfacet
  facet normal 1 0 0
    outer loop
      vertex -113.15 55.0501 75
      vertex -113.15 1.72078 49.8246
      vertex -113.15 3.39919 49.4216
    endloop
  endfacet
  facet normal 1 0 0
    outer loop
      vertex -113.15 55.0501 75
      vertex -113.15 0 49.96
      vertex -113.15 1.72078 49.8246
    endloop
  endfacet
  facet normal 1 -0 0
    outer loop
      vertex -113.15 -55.0501 75
      vertex -113.15 0 49.96
      vertex -113.15 55.0501 75
    endloop
  endfacet
  facet normal 1 0 0
    outer loop
      vertex -113.15 0 49.96
      vertex -113.15 -55.0501 75
      vertex -113.15 -1.72078 49.8246
    endloop
  endfacet
  facet normal 1 0 0
    outer loop
      vertex -113.15 -1.72078 49.8246
      vertex -113.15 -55.0501 75
      vertex -113.15 -3.39919 49.4216
    endloop
  endfacet
  facet normal 1 0 0
    outer loop
      vertex -113.15 -11 38.96
      vertex -113.15 -53.55 36.85
      vertex -113.15 -11 15.96
    endloop
  endfacet
  facet normal 1 0 0
    outer loop
      vertex -113.15 -10.8646 40.6808
      vertex -113.15 -53.55 36.85
      vertex -113.15 -11 38.96
    endloop
  endfacet
  facet normal 1 0 0
    outer loop
      vertex -113.15 -10.4616 42.3592
      vertex -113.15 -53.55 36.85
      vertex -113.15 -10.8646 40.6808
    endloop
  endfacet
  facet normal 1 0 0
    outer loop
      vertex -113.15 -9.80107 43.9539
      vertex -113.15 -53.55 36.85
      vertex -113.15 -10.4616 42.3592
    endloop
  endfacet
  facet normal 1 0 0
    outer loop
      vertex -113.15 -55.0501 75
      vertex -113.15 -9.80107 43.9539
      vertex -113.15 -8.89919 45.4256
    endloop
  endfacet
  facet normal 1 0 0
    outer loop
      vertex -113.15 -55.0501 75
      vertex -113.15 -8.89919 45.4256
      vertex -113.15 -7.77817 46.7382
    endloop
  endfacet
  facet normal 1 0 0
    outer loop
      vertex -113.15 -55.0501 75
      vertex -113.15 -7.77817 46.7382
      vertex -113.15 -6.46564 47.8592
    endloop
  endfacet
  facet normal 1 0 0
    outer loop
      vertex -113.15 -55.0501 75
      vertex -113.15 -6.46564 47.8592
      vertex -113.15 -4.99389 48.7611
    endloop
  endfacet
  facet normal 1 0 0
    outer loop
      vertex -113.15 -3.39919 49.4216
      vertex -113.15 -55.0501 75
      vertex -113.15 -4.99389 48.7611
    endloop
  endfacet
  facet normal 1 0 0
    outer loop
      vertex -113.15 -9.80107 43.9539
      vertex -113.15 -55.0501 75
      vertex -113.15 -53.55 36.85
    endloop
  endfacet
  facet normal 1 0 0
    outer loop
      vertex -113.15 -53.55 36.85
      vertex -113.15 -55.0501 75
      vertex -113.15 -55.05 36.85
    endloop
  endfacet
  facet normal 1 0 0
    outer loop
      vertex -113.15 -55.0501 1.85
      vertex -113.15 -55.05 36.85
      vertex -113.15 -55.0501 75
    endloop
  endfacet
  facet normal 1 0 0
    outer loop
      vertex -113.15 -55.05 36.85
      vertex -113.15 -55.0501 1.85
      vertex -113.15 -55.05 1.85
    endloop
  endfacet
  facet normal 1 0 0
    outer loop
      vertex -113.15 55.0501 1.85
      vertex -113.15 55.05 36.85
      vertex -113.15 55.05 1.85
    endloop
  endfacet
  facet normal 1 0 0
    outer loop
      vertex -113.15 53.55 36.85
      vertex -113.15 11 15.96
      vertex -113.15 53.55 1.85
    endloop
  endfacet
  facet normal 1 -0 0
    outer loop
      vertex -113.15 10.8646 14.2392
      vertex -113.15 53.55 1.85
      vertex -113.15 11 15.96
    endloop
  endfacet
  facet normal 1 -0 0
    outer loop
      vertex -113.15 10.4616 12.5608
      vertex -113.15 53.55 1.85
      vertex -113.15 10.8646 14.2392
    endloop
  endfacet
  facet normal 1 -0 0
    outer loop
      vertex -113.15 9.80107 10.9661
      vertex -113.15 53.55 1.85
      vertex -113.15 10.4616 12.5608
    endloop
  endfacet
  facet normal 1 -0 0
    outer loop
      vertex -113.15 8.89919 9.49436
      vertex -113.15 53.55 1.85
      vertex -113.15 9.80107 10.9661
    endloop
  endfacet
  facet normal 1 -0 0
    outer loop
      vertex -113.15 7.77817 8.18182
      vertex -113.15 53.55 1.85
      vertex -113.15 8.89919 9.49436
    endloop
  endfacet
  facet normal 1 -0 0
    outer loop
      vertex -113.15 6.46564 7.06081
      vertex -113.15 53.55 1.85
      vertex -113.15 7.77817 8.18182
    endloop
  endfacet
  facet normal 1 -0 0
    outer loop
      vertex -113.15 4.99389 6.15893
      vertex -113.15 53.55 1.85
      vertex -113.15 6.46564 7.06081
    endloop
  endfacet
  facet normal 1 -0 0
    outer loop
      vertex -113.15 3.39919 5.49838
      vertex -113.15 53.55 1.85
      vertex -113.15 4.99389 6.15893
    endloop
  endfacet
  facet normal 1 -0 0
    outer loop
      vertex -113.15 1.72078 5.09543
      vertex -113.15 53.55 1.85
      vertex -113.15 3.39919 5.49838
    endloop
  endfacet
  facet normal 1 -0 0
    outer loop
      vertex -113.15 0 4.96
      vertex -113.15 53.55 1.85
      vertex -113.15 1.72078 5.09543
    endloop
  endfacet
  facet normal 1 0 0
    outer loop
      vertex -113.15 -53.55 1.85
      vertex -113.15 -11 15.96
      vertex -113.15 -53.55 36.85
    endloop
  endfacet
  facet normal 1 0 0
    outer loop
      vertex -113.15 -11 15.96
      vertex -113.15 -53.55 1.85
      vertex -113.15 -10.8646 14.2392
    endloop
  endfacet
  facet normal 1 0 0
    outer loop
      vertex -113.15 -10.8646 14.2392
      vertex -113.15 -53.55 1.85
      vertex -113.15 -10.4616 12.5608
    endloop
  endfacet
  facet normal 1 0 0
    outer loop
      vertex -113.15 -10.4616 12.5608
      vertex -113.15 -53.55 1.85
      vertex -113.15 -9.80107 10.9661
    endloop
  endfacet
  facet normal 1 0 0
    outer loop
      vertex -113.15 -9.80107 10.9661
      vertex -113.15 -53.55 1.85
      vertex -113.15 -8.89919 9.49436
    endloop
  endfacet
  facet normal 1 0 0
    outer loop
      vertex -113.15 -8.89919 9.49436
      vertex -113.15 -53.55 1.85
      vertex -113.15 -7.77817 8.18182
    endloop
  endfacet
  facet normal 1 0 0
    outer loop
      vertex -113.15 0 4.96
      vertex -113.15 -53.55 1.85
      vertex -113.15 53.55 1.85
    endloop
  endfacet
  facet normal 1 0 0
    outer loop
      vertex -113.15 -1.72078 5.09543
      vertex -113.15 -53.55 1.85
      vertex -113.15 0 4.96
    endloop
  endfacet
  facet normal 1 0 0
    outer loop
      vertex -113.15 -3.39919 5.49838
      vertex -113.15 -53.55 1.85
      vertex -113.15 -1.72078 5.09543
    endloop
  endfacet
  facet normal 1 0 0
    outer loop
      vertex -113.15 -4.99389 6.15893
      vertex -113.15 -53.55 1.85
      vertex -113.15 -3.39919 5.49838
    endloop
  endfacet
  facet normal 1 0 0
    outer loop
      vertex -113.15 -6.46564 7.06081
      vertex -113.15 -53.55 1.85
      vertex -113.15 -4.99389 6.15893
    endloop
  endfacet
  facet normal 1 0 0
    outer loop
      vertex -113.15 -7.77817 8.18182
      vertex -113.15 -53.55 1.85
      vertex -113.15 -6.46564 7.06081
    endloop
  endfacet
  facet normal 0.9969 -0.0786819 0
    outer loop
      vertex -113.15 55.0501 75
      vertex -113.05 56.3171 1.85
      vertex -113.05 56.3171 75
    endloop
  endfacet
  facet normal 0.9969 -0.0786819 0
    outer loop
      vertex -113.05 56.3171 1.85
      vertex -113.15 55.0501 75
      vertex -113.15 55.0501 1.85
    endloop
  endfacet
  facet normal -1 0 0
    outer loop
      vertex 113.15 -55.05 1.85
      vertex 113.15 -55.0501 1.85
      vertex 113.15 -55.05 36.85
    endloop
  endfacet
  facet normal -1 0 0
    outer loop
      vertex 113.15 53.55 1.85
      vertex 113.15 11 15.96
      vertex 113.15 53.55 36.85
    endloop
  endfacet
  facet normal -1 0 0
    outer loop
      vertex 113.15 53.55 1.85
      vertex 113.15 10.8646 14.2392
      vertex 113.15 11 15.96
    endloop
  endfacet
  facet normal -1 0 0
    outer loop
      vertex 113.15 53.55 1.85
      vertex 113.15 10.4616 12.5608
      vertex 113.15 10.8646 14.2392
    endloop
  endfacet
  facet normal -1 0 0
    outer loop
      vertex 113.15 53.55 1.85
      vertex 113.15 9.80107 10.9661
      vertex 113.15 10.4616 12.5608
    endloop
  endfacet
  facet normal -1 0 0
    outer loop
      vertex 113.15 53.55 1.85
      vertex 113.15 8.89919 9.49436
      vertex 113.15 9.80107 10.9661
    endloop
  endfacet
  facet normal -1 0 0
    outer loop
      vertex 113.15 53.55 1.85
      vertex 113.15 7.77817 8.18182
      vertex 113.15 8.89919 9.49436
    endloop
  endfacet
  facet normal -1 0 0
    outer loop
      vertex 113.15 53.55 1.85
      vertex 113.15 6.46564 7.06081
      vertex 113.15 7.77817 8.18182
    endloop
  endfacet
  facet normal -1 0 0
    outer loop
      vertex 113.15 53.55 1.85
      vertex 113.15 4.99389 6.15893
      vertex 113.15 6.46564 7.06081
    endloop
  endfacet
  facet normal -1 0 0
    outer loop
      vertex 113.15 53.55 1.85
      vertex 113.15 3.39919 5.49838
      vertex 113.15 4.99389 6.15893
    endloop
  endfacet
  facet normal -1 0 0
    outer loop
      vertex 113.15 53.55 1.85
      vertex 113.15 1.72078 5.09543
      vertex 113.15 3.39919 5.49838
    endloop
  endfacet
  facet normal -1 0 0
    outer loop
      vertex 113.15 53.55 1.85
      vertex 113.15 0 4.96
      vertex 113.15 1.72078 5.09543
    endloop
  endfacet
  facet normal -1 0 0
    outer loop
      vertex 113.15 -53.55 36.85
      vertex 113.15 -11 15.96
      vertex 113.15 -53.55 1.85
    endloop
  endfacet
  facet normal -1 -0 0
    outer loop
      vertex 113.15 -10.8646 14.2392
      vertex 113.15 -53.55 1.85
      vertex 113.15 -11 15.96
    endloop
  endfacet
  facet normal -1 -0 0
    outer loop
      vertex 113.15 -10.4616 12.5608
      vertex 113.15 -53.55 1.85
      vertex 113.15 -10.8646 14.2392
    endloop
  endfacet
  facet normal -1 -0 0
    outer loop
      vertex 113.15 -9.80107 10.9661
      vertex 113.15 -53.55 1.85
      vertex 113.15 -10.4616 12.5608
    endloop
  endfacet
  facet normal -1 -0 0
    outer loop
      vertex 113.15 -8.89919 9.49436
      vertex 113.15 -53.55 1.85
      vertex 113.15 -9.80107 10.9661
    endloop
  endfacet
  facet normal -1 -0 0
    outer loop
      vertex 113.15 -7.77817 8.18182
      vertex 113.15 -53.55 1.85
      vertex 113.15 -8.89919 9.49436
    endloop
  endfacet
  facet normal -1 -0 0
    outer loop
      vertex 113.15 -6.46564 7.06081
      vertex 113.15 -53.55 1.85
      vertex 113.15 -7.77817 8.18182
    endloop
  endfacet
  facet normal -1 -0 0
    outer loop
      vertex 113.15 -4.99389 6.15893
      vertex 113.15 -53.55 1.85
      vertex 113.15 -6.46564 7.06081
    endloop
  endfacet
  facet normal -1 -0 0
    outer loop
      vertex 113.15 -3.39919 5.49838
      vertex 113.15 -53.55 1.85
      vertex 113.15 -4.99389 6.15893
    endloop
  endfacet
  facet normal -1 -0 0
    outer loop
      vertex 113.15 -1.72078 5.09543
      vertex 113.15 -53.55 1.85
      vertex 113.15 -3.39919 5.49838
    endloop
  endfacet
  facet normal -1 -0 0
    outer loop
      vertex 113.15 0 4.96
      vertex 113.15 -53.55 1.85
      vertex 113.15 -1.72078 5.09543
    endloop
  endfacet
  facet normal -1 0 0
    outer loop
      vertex 113.15 -53.55 1.85
      vertex 113.15 0 4.96
      vertex 113.15 53.55 1.85
    endloop
  endfacet
  facet normal -1 0 0
    outer loop
      vertex 113.15 55.05 36.85
      vertex 113.15 55.0501 1.85
      vertex 113.15 55.05 1.85
    endloop
  endfacet
  facet normal -1 0 0
    outer loop
      vertex 113.15 55.0501 1.85
      vertex 113.15 55.05 36.85
      vertex 113.15 55.0501 75
    endloop
  endfacet
  facet normal -1 0 0
    outer loop
      vertex 113.15 53.55 36.85
      vertex 113.15 55.0501 75
      vertex 113.15 55.05 36.85
    endloop
  endfacet
  facet normal -1 0 0
    outer loop
      vertex 113.15 11 38.96
      vertex 113.15 53.55 36.85
      vertex 113.15 11 15.96
    endloop
  endfacet
  facet normal -1 0 0
    outer loop
      vertex 113.15 10.8646 40.6808
      vertex 113.15 53.55 36.85
      vertex 113.15 11 38.96
    endloop
  endfacet
  facet normal -1 0 0
    outer loop
      vertex 113.15 10.4616 42.3592
      vertex 113.15 53.55 36.85
      vertex 113.15 10.8646 40.6808
    endloop
  endfacet
  facet normal -1 0 0
    outer loop
      vertex 113.15 9.80107 43.9539
      vertex 113.15 53.55 36.85
      vertex 113.15 10.4616 42.3592
    endloop
  endfacet
  facet normal -1 0 0
    outer loop
      vertex 113.15 53.55 36.85
      vertex 113.15 9.80107 43.9539
      vertex 113.15 55.0501 75
    endloop
  endfacet
  facet normal -1 0 0
    outer loop
      vertex 113.15 8.89919 45.4256
      vertex 113.15 55.0501 75
      vertex 113.15 9.80107 43.9539
    endloop
  endfacet
  facet normal -1 0 0
    outer loop
      vertex 113.15 7.77817 46.7382
      vertex 113.15 55.0501 75
      vertex 113.15 8.89919 45.4256
    endloop
  endfacet
  facet normal -1 0 0
    outer loop
      vertex 113.15 6.46564 47.8592
      vertex 113.15 55.0501 75
      vertex 113.15 7.77817 46.7382
    endloop
  endfacet
  facet normal -1 0 0
    outer loop
      vertex 113.15 4.99389 48.7611
      vertex 113.15 55.0501 75
      vertex 113.15 6.46564 47.8592
    endloop
  endfacet
  facet normal -1 0 0
    outer loop
      vertex 113.15 3.39919 49.4216
      vertex 113.15 55.0501 75
      vertex 113.15 4.99389 48.7611
    endloop
  endfacet
  facet normal -1 0 0
    outer loop
      vertex 113.15 1.72078 49.8246
      vertex 113.15 55.0501 75
      vertex 113.15 3.39919 49.4216
    endloop
  endfacet
  facet normal -1 0 0
    outer loop
      vertex 113.15 0 49.96
      vertex 113.15 55.0501 75
      vertex 113.15 1.72078 49.8246
    endloop
  endfacet
  facet normal -1 0 0
    outer loop
      vertex 113.15 -55.0501 75
      vertex 113.15 0 49.96
      vertex 113.15 -1.72078 49.8246
    endloop
  endfacet
  facet normal -1 0 0
    outer loop
      vertex 113.15 -55.0501 75
      vertex 113.15 -1.72078 49.8246
      vertex 113.15 -3.39919 49.4216
    endloop
  endfacet
  facet normal -1 0 0
    outer loop
      vertex 113.15 -55.0501 75
      vertex 113.15 -3.39919 49.4216
      vertex 113.15 -4.99389 48.7611
    endloop
  endfacet
  facet normal -1 0 0
    outer loop
      vertex 113.15 -11 15.96
      vertex 113.15 -53.55 36.85
      vertex 113.15 -11 38.96
    endloop
  endfacet
  facet normal -1 -0 0
    outer loop
      vertex 113.15 -11 38.96
      vertex 113.15 -53.55 36.85
      vertex 113.15 -10.8646 40.6808
    endloop
  endfacet
  facet normal -1 -0 0
    outer loop
      vertex 113.15 -10.8646 40.6808
      vertex 113.15 -53.55 36.85
      vertex 113.15 -10.4616 42.3592
    endloop
  endfacet
  facet normal -1 -0 0
    outer loop
      vertex 113.15 -10.4616 42.3592
      vertex 113.15 -53.55 36.85
      vertex 113.15 -9.80107 43.9539
    endloop
  endfacet
  facet normal -1 0 0
    outer loop
      vertex 113.15 -55.0501 75
      vertex 113.15 -9.80107 43.9539
      vertex 113.15 -53.55 36.85
    endloop
  endfacet
  facet normal -1 0 0
    outer loop
      vertex 113.15 -9.80107 43.9539
      vertex 113.15 -55.0501 75
      vertex 113.15 -8.89919 45.4256
    endloop
  endfacet
  facet normal -1 0 0
    outer loop
      vertex 113.15 -8.89919 45.4256
      vertex 113.15 -55.0501 75
      vertex 113.15 -7.77817 46.7382
    endloop
  endfacet
  facet normal -1 0 0
    outer loop
      vertex 113.15 -7.77817 46.7382
      vertex 113.15 -55.0501 75
      vertex 113.15 -6.46564 47.8592
    endloop
  endfacet
  facet normal -1 0 0
    outer loop
      vertex 113.15 -6.46564 47.8592
      vertex 113.15 -55.0501 75
      vertex 113.15 -4.99389 48.7611
    endloop
  endfacet
  facet normal -1 0 0
    outer loop
      vertex 113.15 -55.0501 75
      vertex 113.15 -53.55 36.85
      vertex 113.15 -55.05 36.85
    endloop
  endfacet
  facet normal -1 0 0
    outer loop
      vertex 113.15 0 49.96
      vertex 113.15 -55.0501 75
      vertex 113.15 55.0501 75
    endloop
  endfacet
  facet normal -1 0 0
    outer loop
      vertex 113.15 -55.0501 75
      vertex 113.15 -55.05 36.85
      vertex 113.15 -55.0501 1.85
    endloop
  endfacet
  facet normal 0 0 1
    outer loop
      vertex -105.05 -55.05 1.85
      vertex -106.317 -63.0503 1.85
      vertex -105.05 -63.15 1.85
    endloop
  endfacet
  facet normal 0 0 1
    outer loop
      vertex -105.05 -55.05 1.85
      vertex -107.553 -62.7536 1.85
      vertex -106.317 -63.0503 1.85
    endloop
  endfacet
  facet normal 0 0 1
    outer loop
      vertex -105.05 -55.05 1.85
      vertex -108.727 -62.2672 1.85
      vertex -107.553 -62.7536 1.85
    endloop
  endfacet
  facet normal 0 0 1
    outer loop
      vertex -105.05 -55.05 1.85
      vertex -109.811 -61.603 1.85
      vertex -108.727 -62.2672 1.85
    endloop
  endfacet
  facet normal 0 0 1
    outer loop
      vertex -105.05 -55.05 1.85
      vertex -110.778 -60.7776 1.85
      vertex -109.811 -61.603 1.85
    endloop
  endfacet
  facet normal 0 0 1
    outer loop
      vertex -105.05 -55.05 1.85
      vertex -111.603 -59.8111 1.85
      vertex -110.778 -60.7776 1.85
    endloop
  endfacet
  facet normal 0 0 1
    outer loop
      vertex -105.05 -55.05 1.85
      vertex -112.267 -58.7273 1.85
      vertex -111.603 -59.8111 1.85
    endloop
  endfacet
  facet normal 0 0 1
    outer loop
      vertex -105.05 -55.05 1.85
      vertex -112.754 -57.553 1.85
      vertex -112.267 -58.7273 1.85
    endloop
  endfacet
  facet normal 0 0 1
    outer loop
      vertex -105.05 -55.05 1.85
      vertex -113.05 -56.3171 1.85
      vertex -112.754 -57.553 1.85
    endloop
  endfacet
  facet normal 0 0 1
    outer loop
      vertex -113.15 -55.0501 1.85
      vertex -105.05 -55.05 1.85
      vertex -113.15 -55.05 1.85
    endloop
  endfacet
  facet normal 0 0 1
    outer loop
      vertex -105.05 -55.05 1.85
      vertex -113.15 -55.0501 1.85
      vertex -113.05 -56.3171 1.85
    endloop
  endfacet
  facet normal -0 0 1
    outer loop
      vertex -106.317 63.0503 1.85
      vertex -105.05 55.05 1.85
      vertex -105.05 63.15 1.85
    endloop
  endfacet
  facet normal -0 0 1
    outer loop
      vertex -107.553 62.7536 1.85
      vertex -105.05 55.05 1.85
      vertex -106.317 63.0503 1.85
    endloop
  endfacet
  facet normal -0 0 1
    outer loop
      vertex -108.727 62.2672 1.85
      vertex -105.05 55.05 1.85
      vertex -107.553 62.7536 1.85
    endloop
  endfacet
  facet normal -0 0 1
    outer loop
      vertex -109.811 61.603 1.85
      vertex -105.05 55.05 1.85
      vertex -108.727 62.2672 1.85
    endloop
  endfacet
  facet normal -0 0 1
    outer loop
      vertex -110.778 60.7776 1.85
      vertex -105.05 55.05 1.85
      vertex -109.811 61.603 1.85
    endloop
  endfacet
  facet normal -0 0 1
    outer loop
      vertex -111.603 59.8111 1.85
      vertex -105.05 55.05 1.85
      vertex -110.778 60.7776 1.85
    endloop
  endfacet
  facet normal -0 0 1
    outer loop
      vertex -112.267 58.7273 1.85
      vertex -105.05 55.05 1.85
      vertex -111.603 59.8111 1.85
    endloop
  endfacet
  facet normal -0 0 1
    outer loop
      vertex -112.754 57.553 1.85
      vertex -105.05 55.05 1.85
      vertex -112.267 58.7273 1.85
    endloop
  endfacet
  facet normal -0 0 1
    outer loop
      vertex -113.05 56.3171 1.85
      vertex -105.05 55.05 1.85
      vertex -112.754 57.553 1.85
    endloop
  endfacet
  facet normal -0 0 1
    outer loop
      vertex -113.15 55.0501 1.85
      vertex -105.05 55.05 1.85
      vertex -113.05 56.3171 1.85
    endloop
  endfacet
  facet normal 0 0 1
    outer loop
      vertex -105.05 55.05 1.85
      vertex -113.15 55.0501 1.85
      vertex -113.15 55.05 1.85
    endloop
  endfacet
  facet normal -0 0 1
    outer loop
      vertex 105.05 -55.05 1.85
      vertex 113.15 -55.0501 1.85
      vertex 113.15 -55.05 1.85
    endloop
  endfacet
  facet normal 0 0 1
    outer loop
      vertex 113.15 -55.0501 1.85
      vertex 105.05 -55.05 1.85
      vertex 113.05 -56.3171 1.85
    endloop
  endfacet
  facet normal 0 0 1
    outer loop
      vertex 113.05 -56.3171 1.85
      vertex 105.05 -55.05 1.85
      vertex 112.754 -57.553 1.85
    endloop
  endfacet
  facet normal 0 0 1
    outer loop
      vertex 112.754 -57.553 1.85
      vertex 105.05 -55.05 1.85
      vertex 112.267 -58.7273 1.85
    endloop
  endfacet
  facet normal 0 0 1
    outer loop
      vertex 112.267 -58.7273 1.85
      vertex 105.05 -55.05 1.85
      vertex 111.603 -59.8111 1.85
    endloop
  endfacet
  facet normal 0 0 1
    outer loop
      vertex 111.603 -59.8111 1.85
      vertex 105.05 -55.05 1.85
      vertex 110.778 -60.7776 1.85
    endloop
  endfacet
  facet normal 0 0 1
    outer loop
      vertex 110.778 -60.7776 1.85
      vertex 105.05 -55.05 1.85
      vertex 109.811 -61.603 1.85
    endloop
  endfacet
  facet normal 0 0 1
    outer loop
      vertex 109.811 -61.603 1.85
      vertex 105.05 -55.05 1.85
      vertex 108.727 -62.2672 1.85
    endloop
  endfacet
  facet normal 0 0 1
    outer loop
      vertex 108.727 -62.2672 1.85
      vertex 105.05 -55.05 1.85
      vertex 107.553 -62.7536 1.85
    endloop
  endfacet
  facet normal 0 0 1
    outer loop
      vertex 107.553 -62.7536 1.85
      vertex 105.05 -55.05 1.85
      vertex 106.317 -63.0503 1.85
    endloop
  endfacet
  facet normal 0 0 1
    outer loop
      vertex 106.317 -63.0503 1.85
      vertex 105.05 -55.05 1.85
      vertex 105.05 -63.15 1.85
    endloop
  endfacet
  facet normal 0 0 1
    outer loop
      vertex 105.05 55.05 1.85
      vertex 113.15 55.0501 1.85
      vertex 113.05 56.3171 1.85
    endloop
  endfacet
  facet normal 0 0 1
    outer loop
      vertex 105.05 55.05 1.85
      vertex 113.05 56.3171 1.85
      vertex 112.754 57.553 1.85
    endloop
  endfacet
  facet normal 0 0 1
    outer loop
      vertex 105.05 55.05 1.85
      vertex 112.754 57.553 1.85
      vertex 112.267 58.7273 1.85
    endloop
  endfacet
  facet normal 0 0 1
    outer loop
      vertex 105.05 55.05 1.85
      vertex 112.267 58.7273 1.85
      vertex 111.603 59.8111 1.85
    endloop
  endfacet
  facet normal 0 0 1
    outer loop
      vertex 105.05 55.05 1.85
      vertex 111.603 59.8111 1.85
      vertex 110.778 60.7776 1.85
    endloop
  endfacet
  facet normal 0 0 1
    outer loop
      vertex 105.05 55.05 1.85
      vertex 110.778 60.7776 1.85
      vertex 109.811 61.603 1.85
    endloop
  endfacet
  facet normal 0 0 1
    outer loop
      vertex 105.05 55.05 1.85
      vertex 109.811 61.603 1.85
      vertex 108.727 62.2672 1.85
    endloop
  endfacet
  facet normal 0 0 1
    outer loop
      vertex 105.05 55.05 1.85
      vertex 108.727 62.2672 1.85
      vertex 107.553 62.7536 1.85
    endloop
  endfacet
  facet normal 0 0 1
    outer loop
      vertex 105.05 55.05 1.85
      vertex 107.553 62.7536 1.85
      vertex 106.317 63.0503 1.85
    endloop
  endfacet
  facet normal 0 0 1
    outer loop
      vertex 105.05 55.05 1.85
      vertex 106.317 63.0503 1.85
      vertex 105.05 63.15 1.85
    endloop
  endfacet
  facet normal 0 0 1
    outer loop
      vertex 113.15 55.0501 1.85
      vertex 105.05 55.05 1.85
      vertex 113.15 55.05 1.85
    endloop
  endfacet
  facet normal 0 0 1
    outer loop
      vertex 103.55 63.15 1.85
      vertex 98.15 55.05 1.85
      vertex 103.55 55.05 1.85
    endloop
  endfacet
  facet normal 0 0 1
    outer loop
      vertex 35.5167 48.15 1.85
      vertex 98.15 53.55 1.85
      vertex 98.15 55.05 1.85
    endloop
  endfacet
  facet normal 0 0 1
    outer loop
      vertex 98.15 53.55 1.85
      vertex 35.5167 48.15 1.85
      vertex 98.15 -53.55 1.85
    endloop
  endfacet
  facet normal 0 0 1
    outer loop
      vertex 35.5167 48.15 1.85
      vertex 98.15 55.05 1.85
      vertex 35.5167 63.15 1.85
    endloop
  endfacet
  facet normal -0 0 1
    outer loop
      vertex 35.5167 63.15 1.85
      vertex 98.15 55.05 1.85
      vertex 103.55 63.15 1.85
    endloop
  endfacet
  facet normal -0 0 1
    outer loop
      vertex 98.15 53.55 1.85
      vertex 103.55 48.15 1.85
      vertex 103.55 53.55 1.85
    endloop
  endfacet
  facet normal 0 0 1
    outer loop
      vertex 103.55 48.15 1.85
      vertex 98.15 53.55 1.85
      vertex 103.55 -48.15 1.85
    endloop
  endfacet
  facet normal 0 0 1
    outer loop
      vertex 98.15 -53.55 1.85
      vertex 103.55 -48.15 1.85
      vertex 98.15 53.55 1.85
    endloop
  endfacet
  facet normal 0 0 1
    outer loop
      vertex 103.55 -48.15 1.85
      vertex 98.15 -53.55 1.85
      vertex 103.55 -53.55 1.85
    endloop
  endfacet
  facet normal -0 0 1
    outer loop
      vertex 103.55 48.15 1.85
      vertex 105.05 -48.15 1.85
      vertex 105.05 48.15 1.85
    endloop
  endfacet
  facet normal 0 0 1
    outer loop
      vertex 105.05 -48.15 1.85
      vertex 103.55 48.15 1.85
      vertex 103.55 -48.15 1.85
    endloop
  endfacet
  facet normal 0 0 1
    outer loop
      vertex 105.05 48.15 1.85
      vertex 113.15 53.55 1.85
      vertex 105.05 53.55 1.85
    endloop
  endfacet
  facet normal 0 0 1
    outer loop
      vertex 113.15 53.55 1.85
      vertex 105.05 48.15 1.85
      vertex 113.15 -53.55 1.85
    endloop
  endfacet
  facet normal -0 0 1
    outer loop
      vertex 105.05 -48.15 1.85
      vertex 113.15 -53.55 1.85
      vertex 105.05 48.15 1.85
    endloop
  endfacet
  facet normal 0 0 1
    outer loop
      vertex 113.15 -53.55 1.85
      vertex 105.05 -48.15 1.85
      vertex 105.05 -53.55 1.85
    endloop
  endfacet
  facet normal -0 0 1
    outer loop
      vertex 98.15 -55.05 1.85
      vertex 103.55 -63.15 1.85
      vertex 103.55 -55.05 1.85
    endloop
  endfacet
  facet normal -0 0 1
    outer loop
      vertex 35.5167 -48.15 1.85
      vertex 98.15 -53.55 1.85
      vertex 35.5167 48.15 1.85
    endloop
  endfacet
  facet normal 0 0 1
    outer loop
      vertex 98.15 -53.55 1.85
      vertex 35.5167 -48.15 1.85
      vertex 98.15 -55.05 1.85
    endloop
  endfacet
  facet normal 0 0 1
    outer loop
      vertex 35.5167 -63.15 1.85
      vertex 98.15 -55.05 1.85
      vertex 35.5167 -48.15 1.85
    endloop
  endfacet
  facet normal 0 0 1
    outer loop
      vertex 98.15 -55.05 1.85
      vertex 35.5167 -63.15 1.85
      vertex 103.55 -63.15 1.85
    endloop
  endfacet
  facet normal -0 0 1
    outer loop
      vertex -113.15 53.55 1.85
      vertex -105.05 48.15 1.85
      vertex -105.05 53.55 1.85
    endloop
  endfacet
  facet normal 0 0 1
    outer loop
      vertex -105.05 48.15 1.85
      vertex -113.15 53.55 1.85
      vertex -105.05 -48.15 1.85
    endloop
  endfacet
  facet normal 0 0 1
    outer loop
      vertex -113.15 -53.55 1.85
      vertex -105.05 -48.15 1.85
      vertex -113.15 53.55 1.85
    endloop
  endfacet
  facet normal 0 0 1
    outer loop
      vertex -105.05 -48.15 1.85
      vertex -113.15 -53.55 1.85
      vertex -105.05 -53.55 1.85
    endloop
  endfacet
  facet normal -0 0 1
    outer loop
      vertex -105.05 48.15 1.85
      vertex -103.55 -48.15 1.85
      vertex -103.55 48.15 1.85
    endloop
  endfacet
  facet normal 0 0 1
    outer loop
      vertex -103.55 -48.15 1.85
      vertex -105.05 48.15 1.85
      vertex -105.05 -48.15 1.85
    endloop
  endfacet
  facet normal 0 0 1
    outer loop
      vertex -103.55 48.15 1.85
      vertex -98.15 53.55 1.85
      vertex -103.55 53.55 1.85
    endloop
  endfacet
  facet normal 0 0 1
    outer loop
      vertex -98.15 53.55 1.85
      vertex -103.55 48.15 1.85
      vertex -98.15 -53.55 1.85
    endloop
  endfacet
  facet normal -0 0 1
    outer loop
      vertex -103.55 -48.15 1.85
      vertex -98.15 -53.55 1.85
      vertex -103.55 48.15 1.85
    endloop
  endfacet
  facet normal 0 0 1
    outer loop
      vertex -98.15 -53.55 1.85
      vertex -103.55 -48.15 1.85
      vertex -103.55 -53.55 1.85
    endloop
  endfacet
  facet normal -0 0 1
    outer loop
      vertex -98.15 55.05 1.85
      vertex -35.5167 48.15 1.85
      vertex -35.5167 63.15 1.85
    endloop
  endfacet
  facet normal 0 0 1
    outer loop
      vertex -35.5167 48.15 1.85
      vertex -98.15 53.55 1.85
      vertex -35.5167 -48.15 1.85
    endloop
  endfacet
  facet normal 0 0 1
    outer loop
      vertex -35.5167 48.15 1.85
      vertex -98.15 55.05 1.85
      vertex -98.15 53.55 1.85
    endloop
  endfacet
  facet normal -0 0 1
    outer loop
      vertex -103.55 63.15 1.85
      vertex -98.15 55.05 1.85
      vertex -35.5167 63.15 1.85
    endloop
  endfacet
  facet normal 0 0 1
    outer loop
      vertex -98.15 55.05 1.85
      vertex -103.55 63.15 1.85
      vertex -103.55 55.05 1.85
    endloop
  endfacet
  facet normal 0 0 1
    outer loop
      vertex -35.5167 -48.15 1.85
      vertex -7.5 0 1.85
      vertex -35.5167 48.15 1.85
    endloop
  endfacet
  facet normal 0 0 1
    outer loop
      vertex -7.5 0 1.85
      vertex -35.5167 -48.15 1.85
      vertex -34.0167 -48.15 1.85
    endloop
  endfacet
  facet normal 0 0 1
    outer loop
      vertex -98.15 -53.55 1.85
      vertex -35.5167 -48.15 1.85
      vertex -98.15 53.55 1.85
    endloop
  endfacet
  facet normal 0 0 1
    outer loop
      vertex -98.15 -55.05 1.85
      vertex -35.5167 -48.15 1.85
      vertex -98.15 -53.55 1.85
    endloop
  endfacet
  facet normal 0 0 1
    outer loop
      vertex -35.5167 -48.15 1.85
      vertex -98.15 -55.05 1.85
      vertex -35.5167 -63.15 1.85
    endloop
  endfacet
  facet normal 0 0 1
    outer loop
      vertex -103.55 -63.15 1.85
      vertex -98.15 -55.05 1.85
      vertex -103.55 -55.05 1.85
    endloop
  endfacet
  facet normal 0 0 1
    outer loop
      vertex -98.15 -55.05 1.85
      vertex -103.55 -63.15 1.85
      vertex -35.5167 -63.15 1.85
    endloop
  endfacet
  facet normal 0 0 1
    outer loop
      vertex -34.0167 48.15 1.85
      vertex 34.0167 48.15 1.85
      vertex 34.0167 63.15 1.85
    endloop
  endfacet
  facet normal 0 -0 1
    outer loop
      vertex 7.5 0 1.85
      vertex 34.0167 48.15 1.85
      vertex 7.40766 1.17326 1.85
    endloop
  endfacet
  facet normal -0 0 1
    outer loop
      vertex 7.40766 -1.17326 1.85
      vertex 34.0167 -48.15 1.85
      vertex 7.5 0 1.85
    endloop
  endfacet
  facet normal 0 0 1
    outer loop
      vertex 34.0167 48.15 1.85
      vertex 7.5 0 1.85
      vertex 34.0167 -48.15 1.85
    endloop
  endfacet
  facet normal 0 0 1
    outer loop
      vertex 34.0167 48.15 1.85
      vertex 7.13292 2.31763 1.85
      vertex 7.40766 1.17326 1.85
    endloop
  endfacet
  facet normal 0 0 1
    outer loop
      vertex 34.0167 48.15 1.85
      vertex 6.68255 3.40493 1.85
      vertex 7.13292 2.31763 1.85
    endloop
  endfacet
  facet normal 0 0 1
    outer loop
      vertex 34.0167 48.15 1.85
      vertex 6.06763 4.40839 1.85
      vertex 6.68255 3.40493 1.85
    endloop
  endfacet
  facet normal 0 0 1
    outer loop
      vertex 34.0167 48.15 1.85
      vertex 5.3033 5.3033 1.85
      vertex 6.06763 4.40839 1.85
    endloop
  endfacet
  facet normal 0 0 1
    outer loop
      vertex 34.0167 48.15 1.85
      vertex 4.40839 6.06763 1.85
      vertex 5.3033 5.3033 1.85
    endloop
  endfacet
  facet normal 0 0 1
    outer loop
      vertex 34.0167 48.15 1.85
      vertex 3.40493 6.68255 1.85
      vertex 4.40839 6.06763 1.85
    endloop
  endfacet
  facet normal 0 0 1
    outer loop
      vertex 34.0167 48.15 1.85
      vertex 2.31763 7.13292 1.85
      vertex 3.40493 6.68255 1.85
    endloop
  endfacet
  facet normal 0 0 1
    outer loop
      vertex 34.0167 48.15 1.85
      vertex 1.17326 7.40766 1.85
      vertex 2.31763 7.13292 1.85
    endloop
  endfacet
  facet normal 0 0 1
    outer loop
      vertex 34.0167 48.15 1.85
      vertex 0 7.5 1.85
      vertex 1.17326 7.40766 1.85
    endloop
  endfacet
  facet normal 0 0 1
    outer loop
      vertex 34.0167 48.15 1.85
      vertex -34.0167 48.15 1.85
      vertex 0 7.5 1.85
    endloop
  endfacet
  facet normal 0 0 1
    outer loop
      vertex 0 7.5 1.85
      vertex -34.0167 48.15 1.85
      vertex -1.17326 7.40766 1.85
    endloop
  endfacet
  facet normal 0 0 1
    outer loop
      vertex -1.17326 7.40766 1.85
      vertex -34.0167 48.15 1.85
      vertex -2.31763 7.13292 1.85
    endloop
  endfacet
  facet normal 0 0 1
    outer loop
      vertex -2.31763 7.13292 1.85
      vertex -34.0167 48.15 1.85
      vertex -3.40493 6.68255 1.85
    endloop
  endfacet
  facet normal 0 0 1
    outer loop
      vertex -3.40493 6.68255 1.85
      vertex -34.0167 48.15 1.85
      vertex -4.40839 6.06763 1.85
    endloop
  endfacet
  facet normal 0 0 1
    outer loop
      vertex -4.40839 6.06763 1.85
      vertex -34.0167 48.15 1.85
      vertex -5.3033 5.3033 1.85
    endloop
  endfacet
  facet normal 0 0 1
    outer loop
      vertex -6.68255 3.40493 1.85
      vertex -35.5167 48.15 1.85
      vertex -7.13292 2.31763 1.85
    endloop
  endfacet
  facet normal -0 0 1
    outer loop
      vertex -35.5167 48.15 1.85
      vertex -6.68255 3.40493 1.85
      vertex -34.0167 48.15 1.85
    endloop
  endfacet
  facet normal 0 0 1
    outer loop
      vertex -6.06763 4.40839 1.85
      vertex -34.0167 48.15 1.85
      vertex -6.68255 3.40493 1.85
    endloop
  endfacet
  facet normal 0 0 1
    outer loop
      vertex -5.3033 5.3033 1.85
      vertex -34.0167 48.15 1.85
      vertex -6.06763 4.40839 1.85
    endloop
  endfacet
  facet normal 0 0 1
    outer loop
      vertex -34.0167 48.15 1.85
      vertex 34.0167 63.15 1.85
      vertex -34.0167 63.15 1.85
    endloop
  endfacet
  facet normal -0 0 1
    outer loop
      vertex 34.0167 48.15 1.85
      vertex 35.5167 -48.15 1.85
      vertex 35.5167 48.15 1.85
    endloop
  endfacet
  facet normal 0 0 1
    outer loop
      vertex 35.5167 -48.15 1.85
      vertex 34.0167 48.15 1.85
      vertex 34.0167 -48.15 1.85
    endloop
  endfacet
  facet normal -0 0 1
    outer loop
      vertex 7.13292 -2.31763 1.85
      vertex 34.0167 -48.15 1.85
      vertex 7.40766 -1.17326 1.85
    endloop
  endfacet
  facet normal -0 0 1
    outer loop
      vertex 6.68255 -3.40493 1.85
      vertex 34.0167 -48.15 1.85
      vertex 7.13292 -2.31763 1.85
    endloop
  endfacet
  facet normal -0 0 1
    outer loop
      vertex 6.06763 -4.40839 1.85
      vertex 34.0167 -48.15 1.85
      vertex 6.68255 -3.40493 1.85
    endloop
  endfacet
  facet normal -0 0 1
    outer loop
      vertex 5.3033 -5.3033 1.85
      vertex 34.0167 -48.15 1.85
      vertex 6.06763 -4.40839 1.85
    endloop
  endfacet
  facet normal -0 0 1
    outer loop
      vertex 4.40839 -6.06763 1.85
      vertex 34.0167 -48.15 1.85
      vertex 5.3033 -5.3033 1.85
    endloop
  endfacet
  facet normal -0 0 1
    outer loop
      vertex 3.40493 -6.68255 1.85
      vertex 34.0167 -48.15 1.85
      vertex 4.40839 -6.06763 1.85
    endloop
  endfacet
  facet normal -0 0 1
    outer loop
      vertex 2.31763 -7.13292 1.85
      vertex 34.0167 -48.15 1.85
      vertex 3.40493 -6.68255 1.85
    endloop
  endfacet
  facet normal -0 0 1
    outer loop
      vertex 1.17326 -7.40766 1.85
      vertex 34.0167 -48.15 1.85
      vertex 2.31763 -7.13292 1.85
    endloop
  endfacet
  facet normal -0 0 1
    outer loop
      vertex 0 -7.5 1.85
      vertex 34.0167 -48.15 1.85
      vertex 1.17326 -7.40766 1.85
    endloop
  endfacet
  facet normal 0 0 1
    outer loop
      vertex -34.0167 -48.15 1.85
      vertex 34.0167 -48.15 1.85
      vertex 0 -7.5 1.85
    endloop
  endfacet
  facet normal 0 0 1
    outer loop
      vertex -34.0167 -48.15 1.85
      vertex 0 -7.5 1.85
      vertex -1.17326 -7.40766 1.85
    endloop
  endfacet
  facet normal 0 0 1
    outer loop
      vertex -34.0167 -48.15 1.85
      vertex -1.17326 -7.40766 1.85
      vertex -2.31763 -7.13292 1.85
    endloop
  endfacet
  facet normal 0 0 1
    outer loop
      vertex -34.0167 -48.15 1.85
      vertex -2.31763 -7.13292 1.85
      vertex -3.40493 -6.68255 1.85
    endloop
  endfacet
  facet normal 0 0 1
    outer loop
      vertex -34.0167 -48.15 1.85
      vertex -3.40493 -6.68255 1.85
      vertex -4.40839 -6.06763 1.85
    endloop
  endfacet
  facet normal 0 0 1
    outer loop
      vertex -34.0167 -48.15 1.85
      vertex -4.40839 -6.06763 1.85
      vertex -5.3033 -5.3033 1.85
    endloop
  endfacet
  facet normal 0 0 1
    outer loop
      vertex -34.0167 -48.15 1.85
      vertex -5.3033 -5.3033 1.85
      vertex -6.06763 -4.40839 1.85
    endloop
  endfacet
  facet normal 0 0 1
    outer loop
      vertex -7.13292 2.31763 1.85
      vertex -35.5167 48.15 1.85
      vertex -7.40766 1.17326 1.85
    endloop
  endfacet
  facet normal 0 0 1
    outer loop
      vertex -7.40766 1.17326 1.85
      vertex -35.5167 48.15 1.85
      vertex -7.5 0 1.85
    endloop
  endfacet
  facet normal 0 0 1
    outer loop
      vertex -7.5 0 1.85
      vertex -34.0167 -48.15 1.85
      vertex -7.40766 -1.17326 1.85
    endloop
  endfacet
  facet normal 0 0 1
    outer loop
      vertex -7.40766 -1.17326 1.85
      vertex -34.0167 -48.15 1.85
      vertex -7.13292 -2.31763 1.85
    endloop
  endfacet
  facet normal 0 0 1
    outer loop
      vertex -7.13292 -2.31763 1.85
      vertex -34.0167 -48.15 1.85
      vertex -6.68255 -3.40493 1.85
    endloop
  endfacet
  facet normal 0 0 1
    outer loop
      vertex -34.0167 -48.15 1.85
      vertex -6.06763 -4.40839 1.85
      vertex -6.68255 -3.40493 1.85
    endloop
  endfacet
  facet normal 0 0 1
    outer loop
      vertex 34.0167 -48.15 1.85
      vertex -34.0167 -48.15 1.85
      vertex 34.0167 -63.15 1.85
    endloop
  endfacet
  facet normal 0 0 1
    outer loop
      vertex 34.0167 -63.15 1.85
      vertex -34.0167 -48.15 1.85
      vertex -34.0167 -63.15 1.85
    endloop
  endfacet
  facet normal 0.760588 -0.649235 0
    outer loop
      vertex -111.603 59.8111 75
      vertex -110.778 60.7776 1.85
      vertex -110.778 60.7776 75
    endloop
  endfacet
  facet normal 0.760588 -0.649235 0
    outer loop
      vertex -110.778 60.7776 1.85
      vertex -111.603 59.8111 75
      vertex -111.603 59.8111 1.85
    endloop
  endfacet
  facet normal -0.522455 -0.852667 0
    outer loop
      vertex 108.727 62.2672 1.85
      vertex 109.811 61.603 75
      vertex 108.727 62.2672 75
    endloop
  endfacet
  facet normal -0.522455 -0.852667 -0
    outer loop
      vertex 109.811 61.603 75
      vertex 108.727 62.2672 1.85
      vertex 109.811 61.603 1.85
    endloop
  endfacet
  facet normal -0.0784473 -0.996918 0
    outer loop
      vertex 105.05 63.15 1.85
      vertex 106.317 63.0503 75
      vertex 105.05 63.15 75
    endloop
  endfacet
  facet normal -0.0784473 -0.996918 -0
    outer loop
      vertex 106.317 63.0503 75
      vertex 105.05 63.15 1.85
      vertex 106.317 63.0503 1.85
    endloop
  endfacet
  facet normal 0 -1 0
    outer loop
      vertex 35.5167 63.15 1.85
      vertex 103.55 63.15 36.85
      vertex 35.5167 63.15 36.85
    endloop
  endfacet
  facet normal 0 -1 -0
    outer loop
      vertex 103.55 63.15 36.85
      vertex 35.5167 63.15 1.85
      vertex 103.55 63.15 1.85
    endloop
  endfacet
  facet normal 0 -1 0
    outer loop
      vertex 11 63.15 15.96
      vertex 34.0167 63.15 36.85
      vertex 11 63.15 38.96
    endloop
  endfacet
  facet normal 0 -1 0
    outer loop
      vertex 34.0167 63.15 1.85
      vertex 11 63.15 15.96
      vertex 10.8646 63.15 14.2392
    endloop
  endfacet
  facet normal 0 -1 0
    outer loop
      vertex 34.0167 63.15 1.85
      vertex 10.8646 63.15 14.2392
      vertex 10.4616 63.15 12.5608
    endloop
  endfacet
  facet normal 0 -1 0
    outer loop
      vertex 34.0167 63.15 1.85
      vertex 10.4616 63.15 12.5608
      vertex 9.80107 63.15 10.9661
    endloop
  endfacet
  facet normal 0 -1 0
    outer loop
      vertex 34.0167 63.15 1.85
      vertex 9.80107 63.15 10.9661
      vertex 8.89919 63.15 9.49436
    endloop
  endfacet
  facet normal 0 -1 0
    outer loop
      vertex 34.0167 63.15 1.85
      vertex 8.89919 63.15 9.49436
      vertex 7.77817 63.15 8.18182
    endloop
  endfacet
  facet normal 0 -1 0
    outer loop
      vertex 34.0167 63.15 1.85
      vertex 0 63.15 4.96
      vertex -34.0167 63.15 1.85
    endloop
  endfacet
  facet normal 0 -1 0
    outer loop
      vertex 11 63.15 15.96
      vertex 34.0167 63.15 1.85
      vertex 34.0167 63.15 36.85
    endloop
  endfacet
  facet normal 0 -1 0
    outer loop
      vertex 6.46564 63.15 7.06081
      vertex 34.0167 63.15 1.85
      vertex 7.77817 63.15 8.18182
    endloop
  endfacet
  facet normal 0 -1 0
    outer loop
      vertex 4.99389 63.15 6.15893
      vertex 34.0167 63.15 1.85
      vertex 6.46564 63.15 7.06081
    endloop
  endfacet
  facet normal 0 -1 0
    outer loop
      vertex 3.39919 63.15 5.49838
      vertex 34.0167 63.15 1.85
      vertex 4.99389 63.15 6.15893
    endloop
  endfacet
  facet normal 0 -1 0
    outer loop
      vertex 1.72078 63.15 5.09543
      vertex 34.0167 63.15 1.85
      vertex 3.39919 63.15 5.49838
    endloop
  endfacet
  facet normal 0 -1 0
    outer loop
      vertex 0 63.15 4.96
      vertex 34.0167 63.15 1.85
      vertex 1.72078 63.15 5.09543
    endloop
  endfacet
  facet normal 0 -1 0
    outer loop
      vertex -103.55 63.15 1.85
      vertex -35.5167 63.15 36.85
      vertex -103.55 63.15 36.85
    endloop
  endfacet
  facet normal 0 -1 -0
    outer loop
      vertex -35.5167 63.15 36.85
      vertex -103.55 63.15 1.85
      vertex -35.5167 63.15 1.85
    endloop
  endfacet
  facet normal 0 -1 0
    outer loop
      vertex -105.05 63.15 75
      vertex 0 63.15 49.96
      vertex 105.05 63.15 75
    endloop
  endfacet
  facet normal 0 -1 0
    outer loop
      vertex -105.05 63.15 75
      vertex -1.72078 63.15 49.8246
      vertex 0 63.15 49.96
    endloop
  endfacet
  facet normal 0 -1 0
    outer loop
      vertex -105.05 63.15 75
      vertex -3.39919 63.15 49.4216
      vertex -1.72078 63.15 49.8246
    endloop
  endfacet
  facet normal 0 -1 0
    outer loop
      vertex -105.05 63.15 75
      vertex -4.99389 63.15 48.7611
      vertex -3.39919 63.15 49.4216
    endloop
  endfacet
  facet normal 0 -1 0
    outer loop
      vertex -105.05 63.15 75
      vertex -6.46564 63.15 47.8592
      vertex -4.99389 63.15 48.7611
    endloop
  endfacet
  facet normal 0 -1 0
    outer loop
      vertex -35.5167 63.15 36.85
      vertex -6.46564 63.15 47.8592
      vertex -105.05 63.15 75
    endloop
  endfacet
  facet normal 0 -1 0
    outer loop
      vertex -6.46564 63.15 47.8592
      vertex -35.5167 63.15 36.85
      vertex -7.77817 63.15 46.7382
    endloop
  endfacet
  facet normal 0 -1 0
    outer loop
      vertex -34.0167 63.15 36.85
      vertex -7.77817 63.15 46.7382
      vertex -35.5167 63.15 36.85
    endloop
  endfacet
  facet normal 0 -1 0
    outer loop
      vertex -7.77817 63.15 46.7382
      vertex -34.0167 63.15 36.85
      vertex -8.89919 63.15 45.4256
    endloop
  endfacet
  facet normal 0 -1 0
    outer loop
      vertex -8.89919 63.15 45.4256
      vertex -34.0167 63.15 36.85
      vertex -9.80107 63.15 43.9539
    endloop
  endfacet
  facet normal 0 -1 0
    outer loop
      vertex -9.80107 63.15 43.9539
      vertex -34.0167 63.15 36.85
      vertex -10.4616 63.15 42.3592
    endloop
  endfacet
  facet normal 0 -1 0
    outer loop
      vertex -103.55 63.15 36.85
      vertex -105.05 63.15 75
      vertex -105.05 63.15 36.85
    endloop
  endfacet
  facet normal 0 0 0
    outer loop
      vertex -105.05 63.15 1.85
      vertex -105.05 63.15 36.85
      vertex -105.05 63.15 75
    endloop
  endfacet
  facet normal 0 -1 0
    outer loop
      vertex 1.72078 63.15 49.8246
      vertex 105.05 63.15 75
      vertex 0 63.15 49.96
    endloop
  endfacet
  facet normal 0 -1 0
    outer loop
      vertex 3.39919 63.15 49.4216
      vertex 105.05 63.15 75
      vertex 1.72078 63.15 49.8246
    endloop
  endfacet
  facet normal 0 -1 0
    outer loop
      vertex 4.99389 63.15 48.7611
      vertex 105.05 63.15 75
      vertex 3.39919 63.15 49.4216
    endloop
  endfacet
  facet normal 0 -1 0
    outer loop
      vertex 6.46564 63.15 47.8592
      vertex 105.05 63.15 75
      vertex 4.99389 63.15 48.7611
    endloop
  endfacet
  facet normal 0 -1 0
    outer loop
      vertex 35.5167 63.15 36.85
      vertex 6.46564 63.15 47.8592
      vertex 7.77817 63.15 46.7382
    endloop
  endfacet
  facet normal 0 -1 0
    outer loop
      vertex 34.0167 63.15 36.85
      vertex 7.77817 63.15 46.7382
      vertex 8.89919 63.15 45.4256
    endloop
  endfacet
  facet normal 0 -1 0
    outer loop
      vertex 34.0167 63.15 36.85
      vertex 8.89919 63.15 45.4256
      vertex 9.80107 63.15 43.9539
    endloop
  endfacet
  facet normal 0 -1 0
    outer loop
      vertex 34.0167 63.15 36.85
      vertex 9.80107 63.15 43.9539
      vertex 10.4616 63.15 42.3592
    endloop
  endfacet
  facet normal 0 -1 0
    outer loop
      vertex 34.0167 63.15 36.85
      vertex 10.4616 63.15 42.3592
      vertex 10.8646 63.15 40.6808
    endloop
  endfacet
  facet normal 0 -1 0
    outer loop
      vertex 34.0167 63.15 36.85
      vertex 10.8646 63.15 40.6808
      vertex 11 63.15 38.96
    endloop
  endfacet
  facet normal 0 -1 0
    outer loop
      vertex 7.77817 63.15 46.7382
      vertex 34.0167 63.15 36.85
      vertex 35.5167 63.15 36.85
    endloop
  endfacet
  facet normal 0 -1 0
    outer loop
      vertex 6.46564 63.15 47.8592
      vertex 35.5167 63.15 36.85
      vertex 105.05 63.15 75
    endloop
  endfacet
  facet normal 0 -1 0
    outer loop
      vertex 103.55 63.15 36.85
      vertex 105.05 63.15 75
      vertex 35.5167 63.15 36.85
    endloop
  endfacet
  facet normal 0 -1 0
    outer loop
      vertex 105.05 63.15 36.85
      vertex 105.05 63.15 75
      vertex 103.55 63.15 36.85
    endloop
  endfacet
  facet normal 0 -0 0
    outer loop
      vertex 105.05 63.15 36.85
      vertex 105.05 63.15 1.85
      vertex 105.05 63.15 75
    endloop
  endfacet
  facet normal 0 -1 0
    outer loop
      vertex -35.5167 63.15 36.85
      vertex -105.05 63.15 75
      vertex -103.55 63.15 36.85
    endloop
  endfacet
  facet normal 0 -1 0
    outer loop
      vertex -10.4616 63.15 42.3592
      vertex -34.0167 63.15 36.85
      vertex -10.8646 63.15 40.6808
    endloop
  endfacet
  facet normal 0 -1 0
    outer loop
      vertex -10.8646 63.15 40.6808
      vertex -34.0167 63.15 36.85
      vertex -11 63.15 38.96
    endloop
  endfacet
  facet normal 0 -1 0
    outer loop
      vertex -34.0167 63.15 36.85
      vertex -11 63.15 15.96
      vertex -11 63.15 38.96
    endloop
  endfacet
  facet normal 0 -1 0
    outer loop
      vertex -34.0167 63.15 1.85
      vertex -11 63.15 15.96
      vertex -34.0167 63.15 36.85
    endloop
  endfacet
  facet normal 0 -1 -0
    outer loop
      vertex -11 63.15 15.96
      vertex -34.0167 63.15 1.85
      vertex -10.8646 63.15 14.2392
    endloop
  endfacet
  facet normal 0 -1 -0
    outer loop
      vertex -10.8646 63.15 14.2392
      vertex -34.0167 63.15 1.85
      vertex -10.4616 63.15 12.5608
    endloop
  endfacet
  facet normal 0 -1 -0
    outer loop
      vertex -10.4616 63.15 12.5608
      vertex -34.0167 63.15 1.85
      vertex -9.80107 63.15 10.9661
    endloop
  endfacet
  facet normal 0 -1 -0
    outer loop
      vertex -9.80107 63.15 10.9661
      vertex -34.0167 63.15 1.85
      vertex -8.89919 63.15 9.49436
    endloop
  endfacet
  facet normal 0 -1 -0
    outer loop
      vertex -1.72078 63.15 5.09543
      vertex -34.0167 63.15 1.85
      vertex 0 63.15 4.96
    endloop
  endfacet
  facet normal 0 -1 -0
    outer loop
      vertex -3.39919 63.15 5.49838
      vertex -34.0167 63.15 1.85
      vertex -1.72078 63.15 5.09543
    endloop
  endfacet
  facet normal 0 -1 -0
    outer loop
      vertex -4.99389 63.15 6.15893
      vertex -34.0167 63.15 1.85
      vertex -3.39919 63.15 5.49838
    endloop
  endfacet
  facet normal 0 -1 -0
    outer loop
      vertex -6.46564 63.15 7.06081
      vertex -34.0167 63.15 1.85
      vertex -4.99389 63.15 6.15893
    endloop
  endfacet
  facet normal 0 -1 -0
    outer loop
      vertex -7.77817 63.15 8.18182
      vertex -34.0167 63.15 1.85
      vertex -6.46564 63.15 7.06081
    endloop
  endfacet
  facet normal 0 -1 -0
    outer loop
      vertex -8.89919 63.15 9.49436
      vertex -34.0167 63.15 1.85
      vertex -7.77817 63.15 8.18182
    endloop
  endfacet
  facet normal 0.38276 -0.923848 0
    outer loop
      vertex -108.727 62.2672 1.85
      vertex -107.553 62.7536 75
      vertex -108.727 62.2672 75
    endloop
  endfacet
  facet normal 0.38276 -0.923848 0
    outer loop
      vertex -107.553 62.7536 75
      vertex -108.727 62.2672 1.85
      vertex -107.553 62.7536 1.85
    endloop
  endfacet
  facet normal 0 1 -0
    outer loop
      vertex -35.5167 -63.15 1.85
      vertex -103.55 -63.15 36.85
      vertex -35.5167 -63.15 36.85
    endloop
  endfacet
  facet normal 0 1 0
    outer loop
      vertex -103.55 -63.15 36.85
      vertex -35.5167 -63.15 1.85
      vertex -103.55 -63.15 1.85
    endloop
  endfacet
  facet normal 0 1 -0
    outer loop
      vertex -11 -63.15 15.96
      vertex -34.0167 -63.15 36.85
      vertex -11 -63.15 38.96
    endloop
  endfacet
  facet normal 0 1 0
    outer loop
      vertex -34.0167 -63.15 1.85
      vertex -11 -63.15 15.96
      vertex -10.8646 -63.15 14.2392
    endloop
  endfacet
  facet normal 0 1 0
    outer loop
      vertex -34.0167 -63.15 1.85
      vertex -10.8646 -63.15 14.2392
      vertex -10.4616 -63.15 12.5608
    endloop
  endfacet
  facet normal 0 1 0
    outer loop
      vertex -34.0167 -63.15 1.85
      vertex -10.4616 -63.15 12.5608
      vertex -9.80107 -63.15 10.9661
    endloop
  endfacet
  facet normal 0 1 0
    outer loop
      vertex -34.0167 -63.15 1.85
      vertex -9.80107 -63.15 10.9661
      vertex -8.89919 -63.15 9.49436
    endloop
  endfacet
  facet normal 0 1 0
    outer loop
      vertex -34.0167 -63.15 1.85
      vertex -8.89919 -63.15 9.49436
      vertex -7.77817 -63.15 8.18182
    endloop
  endfacet
  facet normal 0 1 0
    outer loop
      vertex -34.0167 -63.15 1.85
      vertex 0 -63.15 4.96
      vertex 34.0167 -63.15 1.85
    endloop
  endfacet
  facet normal 0 1 0
    outer loop
      vertex -11 -63.15 15.96
      vertex -34.0167 -63.15 1.85
      vertex -34.0167 -63.15 36.85
    endloop
  endfacet
  facet normal 0 1 0
    outer loop
      vertex -6.46564 -63.15 7.06081
      vertex -34.0167 -63.15 1.85
      vertex -7.77817 -63.15 8.18182
    endloop
  endfacet
  facet normal 0 1 0
    outer loop
      vertex -4.99389 -63.15 6.15893
      vertex -34.0167 -63.15 1.85
      vertex -6.46564 -63.15 7.06081
    endloop
  endfacet
  facet normal 0 1 0
    outer loop
      vertex -3.39919 -63.15 5.49838
      vertex -34.0167 -63.15 1.85
      vertex -4.99389 -63.15 6.15893
    endloop
  endfacet
  facet normal 0 1 0
    outer loop
      vertex -1.72078 -63.15 5.09543
      vertex -34.0167 -63.15 1.85
      vertex -3.39919 -63.15 5.49838
    endloop
  endfacet
  facet normal 0 1 0
    outer loop
      vertex 0 -63.15 4.96
      vertex -34.0167 -63.15 1.85
      vertex -1.72078 -63.15 5.09543
    endloop
  endfacet
  facet normal 0 1 -0
    outer loop
      vertex 103.55 -63.15 1.85
      vertex 35.5167 -63.15 36.85
      vertex 103.55 -63.15 36.85
    endloop
  endfacet
  facet normal 0 1 0
    outer loop
      vertex 35.5167 -63.15 36.85
      vertex 103.55 -63.15 1.85
      vertex 35.5167 -63.15 1.85
    endloop
  endfacet
  facet normal 0 1 0
    outer loop
      vertex 105.05 -63.15 75
      vertex 0 -63.15 49.96
      vertex -105.05 -63.15 75
    endloop
  endfacet
  facet normal 0 1 0
    outer loop
      vertex 105.05 -63.15 75
      vertex 1.72078 -63.15 49.8246
      vertex 0 -63.15 49.96
    endloop
  endfacet
  facet normal 0 1 0
    outer loop
      vertex 105.05 -63.15 75
      vertex 3.39919 -63.15 49.4216
      vertex 1.72078 -63.15 49.8246
    endloop
  endfacet
  facet normal 0 1 0
    outer loop
      vertex 105.05 -63.15 75
      vertex 4.99389 -63.15 48.7611
      vertex 3.39919 -63.15 49.4216
    endloop
  endfacet
  facet normal 0 1 0
    outer loop
      vertex 105.05 -63.15 75
      vertex 6.46564 -63.15 47.8592
      vertex 4.99389 -63.15 48.7611
    endloop
  endfacet
  facet normal 0 1 -0
    outer loop
      vertex 35.5167 -63.15 36.85
      vertex 6.46564 -63.15 47.8592
      vertex 105.05 -63.15 75
    endloop
  endfacet
  facet normal 0 1 0
    outer loop
      vertex 6.46564 -63.15 47.8592
      vertex 35.5167 -63.15 36.85
      vertex 7.77817 -63.15 46.7382
    endloop
  endfacet
  facet normal 0 1 -0
    outer loop
      vertex 34.0167 -63.15 36.85
      vertex 7.77817 -63.15 46.7382
      vertex 35.5167 -63.15 36.85
    endloop
  endfacet
  facet normal 0 1 0
    outer loop
      vertex 7.77817 -63.15 46.7382
      vertex 34.0167 -63.15 36.85
      vertex 8.89919 -63.15 45.4256
    endloop
  endfacet
  facet normal 0 1 0
    outer loop
      vertex 8.89919 -63.15 45.4256
      vertex 34.0167 -63.15 36.85
      vertex 9.80107 -63.15 43.9539
    endloop
  endfacet
  facet normal 0 1 0
    outer loop
      vertex 9.80107 -63.15 43.9539
      vertex 34.0167 -63.15 36.85
      vertex 10.4616 -63.15 42.3592
    endloop
  endfacet
  facet normal 0 1 0
    outer loop
      vertex 103.55 -63.15 36.85
      vertex 105.05 -63.15 75
      vertex 105.05 -63.15 36.85
    endloop
  endfacet
  facet normal 0 0 0
    outer loop
      vertex 105.05 -63.15 1.85
      vertex 105.05 -63.15 36.85
      vertex 105.05 -63.15 75
    endloop
  endfacet
  facet normal 0 1 -0
    outer loop
      vertex -1.72078 -63.15 49.8246
      vertex -105.05 -63.15 75
      vertex 0 -63.15 49.96
    endloop
  endfacet
  facet normal 0 1 -0
    outer loop
      vertex -3.39919 -63.15 49.4216
      vertex -105.05 -63.15 75
      vertex -1.72078 -63.15 49.8246
    endloop
  endfacet
  facet normal 0 1 -0
    outer loop
      vertex -4.99389 -63.15 48.7611
      vertex -105.05 -63.15 75
      vertex -3.39919 -63.15 49.4216
    endloop
  endfacet
  facet normal 0 1 -0
    outer loop
      vertex -6.46564 -63.15 47.8592
      vertex -105.05 -63.15 75
      vertex -4.99389 -63.15 48.7611
    endloop
  endfacet
  facet normal 0 1 0
    outer loop
      vertex -35.5167 -63.15 36.85
      vertex -6.46564 -63.15 47.8592
      vertex -7.77817 -63.15 46.7382
    endloop
  endfacet
  facet normal 0 1 0
    outer loop
      vertex -34.0167 -63.15 36.85
      vertex -7.77817 -63.15 46.7382
      vertex -8.89919 -63.15 45.4256
    endloop
  endfacet
  facet normal 0 1 0
    outer loop
      vertex -34.0167 -63.15 36.85
      vertex -8.89919 -63.15 45.4256
      vertex -9.80107 -63.15 43.9539
    endloop
  endfacet
  facet normal 0 1 0
    outer loop
      vertex -34.0167 -63.15 36.85
      vertex -9.80107 -63.15 43.9539
      vertex -10.4616 -63.15 42.3592
    endloop
  endfacet
  facet normal 0 1 0
    outer loop
      vertex -34.0167 -63.15 36.85
      vertex -10.4616 -63.15 42.3592
      vertex -10.8646 -63.15 40.6808
    endloop
  endfacet
  facet normal 0 1 0
    outer loop
      vertex -34.0167 -63.15 36.85
      vertex -10.8646 -63.15 40.6808
      vertex -11 -63.15 38.96
    endloop
  endfacet
  facet normal 0 1 0
    outer loop
      vertex -7.77817 -63.15 46.7382
      vertex -34.0167 -63.15 36.85
      vertex -35.5167 -63.15 36.85
    endloop
  endfacet
  facet normal 0 1 0
    outer loop
      vertex -6.46564 -63.15 47.8592
      vertex -35.5167 -63.15 36.85
      vertex -105.05 -63.15 75
    endloop
  endfacet
  facet normal 0 1 -0
    outer loop
      vertex -103.55 -63.15 36.85
      vertex -105.05 -63.15 75
      vertex -35.5167 -63.15 36.85
    endloop
  endfacet
  facet normal 0 1 0
    outer loop
      vertex -105.05 -63.15 36.85
      vertex -105.05 -63.15 75
      vertex -103.55 -63.15 36.85
    endloop
  endfacet
  facet normal 0 -0 0
    outer loop
      vertex -105.05 -63.15 36.85
      vertex -105.05 -63.15 1.85
      vertex -105.05 -63.15 75
    endloop
  endfacet
  facet normal 0 1 0
    outer loop
      vertex 35.5167 -63.15 36.85
      vertex 105.05 -63.15 75
      vertex 103.55 -63.15 36.85
    endloop
  endfacet
  facet normal 0 1 0
    outer loop
      vertex 10.4616 -63.15 42.3592
      vertex 34.0167 -63.15 36.85
      vertex 10.8646 -63.15 40.6808
    endloop
  endfacet
  facet normal 0 1 0
    outer loop
      vertex 10.8646 -63.15 40.6808
      vertex 34.0167 -63.15 36.85
      vertex 11 -63.15 38.96
    endloop
  endfacet
  facet normal 0 1 0
    outer loop
      vertex 34.0167 -63.15 36.85
      vertex 11 -63.15 15.96
      vertex 11 -63.15 38.96
    endloop
  endfacet
  facet normal 0 1 -0
    outer loop
      vertex 34.0167 -63.15 1.85
      vertex 11 -63.15 15.96
      vertex 34.0167 -63.15 36.85
    endloop
  endfacet
  facet normal 0 1 0
    outer loop
      vertex 11 -63.15 15.96
      vertex 34.0167 -63.15 1.85
      vertex 10.8646 -63.15 14.2392
    endloop
  endfacet
  facet normal 0 1 0
    outer loop
      vertex 10.8646 -63.15 14.2392
      vertex 34.0167 -63.15 1.85
      vertex 10.4616 -63.15 12.5608
    endloop
  endfacet
  facet normal 0 1 0
    outer loop
      vertex 10.4616 -63.15 12.5608
      vertex 34.0167 -63.15 1.85
      vertex 9.80107 -63.15 10.9661
    endloop
  endfacet
  facet normal 0 1 0
    outer loop
      vertex 9.80107 -63.15 10.9661
      vertex 34.0167 -63.15 1.85
      vertex 8.89919 -63.15 9.49436
    endloop
  endfacet
  facet normal 0 1 0
    outer loop
      vertex 1.72078 -63.15 5.09543
      vertex 34.0167 -63.15 1.85
      vertex 0 -63.15 4.96
    endloop
  endfacet
  facet normal 0 1 0
    outer loop
      vertex 3.39919 -63.15 5.49838
      vertex 34.0167 -63.15 1.85
      vertex 1.72078 -63.15 5.09543
    endloop
  endfacet
  facet normal 0 1 0
    outer loop
      vertex 4.99389 -63.15 6.15893
      vertex 34.0167 -63.15 1.85
      vertex 3.39919 -63.15 5.49838
    endloop
  endfacet
  facet normal 0 1 0
    outer loop
      vertex 6.46564 -63.15 7.06081
      vertex 34.0167 -63.15 1.85
      vertex 4.99389 -63.15 6.15893
    endloop
  endfacet
  facet normal 0 1 0
    outer loop
      vertex 7.77817 -63.15 8.18182
      vertex 34.0167 -63.15 1.85
      vertex 6.46564 -63.15 7.06081
    endloop
  endfacet
  facet normal 0 1 0
    outer loop
      vertex 8.89919 -63.15 9.49436
      vertex 34.0167 -63.15 1.85
      vertex 7.77817 -63.15 8.18182
    endloop
  endfacet
  facet normal 0.233418 0.972377 -0
    outer loop
      vertex -106.317 -63.0503 1.85
      vertex -107.553 -62.7536 75
      vertex -106.317 -63.0503 75
    endloop
  endfacet
  facet normal 0.233418 0.972377 0
    outer loop
      vertex -107.553 -62.7536 75
      vertex -106.317 -63.0503 1.85
      vertex -107.553 -62.7536 1.85
    endloop
  endfacet
  facet normal 0.38276 0.923848 -0
    outer loop
      vertex -107.553 -62.7536 1.85
      vertex -108.727 -62.2672 75
      vertex -107.553 -62.7536 75
    endloop
  endfacet
  facet normal 0.38276 0.923848 0
    outer loop
      vertex -108.727 -62.2672 75
      vertex -107.553 -62.7536 1.85
      vertex -108.727 -62.2672 1.85
    endloop
  endfacet
  facet normal 0.0784473 0.996918 -0
    outer loop
      vertex -105.05 -63.15 1.85
      vertex -106.317 -63.0503 75
      vertex -105.05 -63.15 75
    endloop
  endfacet
  facet normal 0.0784473 0.996918 0
    outer loop
      vertex -106.317 -63.0503 75
      vertex -105.05 -63.15 1.85
      vertex -106.317 -63.0503 1.85
    endloop
  endfacet
  facet normal 0.852694 0.522411 0
    outer loop
      vertex -111.603 -59.8111 75
      vertex -112.267 -58.7273 1.85
      vertex -112.267 -58.7273 75
    endloop
  endfacet
  facet normal 0.852694 0.522411 0
    outer loop
      vertex -112.267 -58.7273 1.85
      vertex -111.603 -59.8111 75
      vertex -111.603 -59.8111 1.85
    endloop
  endfacet
  facet normal 0.923716 0.383079 0
    outer loop
      vertex -112.267 -58.7273 75
      vertex -112.754 -57.553 1.85
      vertex -112.754 -57.553 75
    endloop
  endfacet
  facet normal 0.923716 0.383079 0
    outer loop
      vertex -112.754 -57.553 1.85
      vertex -112.267 -58.7273 75
      vertex -112.267 -58.7273 1.85
    endloop
  endfacet
  facet normal 0.522455 -0.852667 0
    outer loop
      vertex -109.811 61.603 1.85
      vertex -108.727 62.2672 75
      vertex -109.811 61.603 75
    endloop
  endfacet
  facet normal 0.522455 -0.852667 0
    outer loop
      vertex -108.727 62.2672 75
      vertex -109.811 61.603 1.85
      vertex -108.727 62.2672 1.85
    endloop
  endfacet
  facet normal -0.38276 -0.923848 0
    outer loop
      vertex 107.553 62.7536 1.85
      vertex 108.727 62.2672 75
      vertex 107.553 62.7536 75
    endloop
  endfacet
  facet normal -0.38276 -0.923848 -0
    outer loop
      vertex 108.727 62.2672 75
      vertex 107.553 62.7536 1.85
      vertex 108.727 62.2672 1.85
    endloop
  endfacet
  facet normal -0.233418 -0.972377 0
    outer loop
      vertex 106.317 63.0503 1.85
      vertex 107.553 62.7536 75
      vertex 106.317 63.0503 75
    endloop
  endfacet
  facet normal -0.233418 -0.972377 -0
    outer loop
      vertex 107.553 62.7536 75
      vertex 106.317 63.0503 1.85
      vertex 107.553 62.7536 1.85
    endloop
  endfacet
  facet normal 0.972497 0.232915 0
    outer loop
      vertex -112.754 -57.553 75
      vertex -113.05 -56.3171 1.85
      vertex -113.05 -56.3171 75
    endloop
  endfacet
  facet normal 0.972497 0.232915 0
    outer loop
      vertex -113.05 -56.3171 1.85
      vertex -112.754 -57.553 75
      vertex -112.754 -57.553 1.85
    endloop
  endfacet
  facet normal 0.9969 0.0786819 0
    outer loop
      vertex -113.05 -56.3171 75
      vertex -113.15 -55.0501 1.85
      vertex -113.15 -55.0501 75
    endloop
  endfacet
  facet normal 0.9969 0.0786819 0
    outer loop
      vertex -113.15 -55.0501 1.85
      vertex -113.05 -56.3171 75
      vertex -113.05 -56.3171 1.85
    endloop
  endfacet
  facet normal 0.972497 -0.232915 0
    outer loop
      vertex -113.05 56.3171 75
      vertex -112.754 57.553 1.85
      vertex -112.754 57.553 75
    endloop
  endfacet
  facet normal 0.972497 -0.232915 0
    outer loop
      vertex -112.754 57.553 1.85
      vertex -113.05 56.3171 75
      vertex -113.05 56.3171 1.85
    endloop
  endfacet
  facet normal 0.923716 -0.383079 0
    outer loop
      vertex -112.754 57.553 75
      vertex -112.267 58.7273 1.85
      vertex -112.267 58.7273 75
    endloop
  endfacet
  facet normal 0.923716 -0.383079 0
    outer loop
      vertex -112.267 58.7273 1.85
      vertex -112.754 57.553 75
      vertex -112.754 57.553 1.85
    endloop
  endfacet
  facet normal 0.852694 -0.522411 0
    outer loop
      vertex -112.267 58.7273 75
      vertex -111.603 59.8111 1.85
      vertex -111.603 59.8111 75
    endloop
  endfacet
  facet normal 0.852694 -0.522411 0
    outer loop
      vertex -111.603 59.8111 1.85
      vertex -112.267 58.7273 75
      vertex -112.267 58.7273 1.85
    endloop
  endfacet
  facet normal 0.649222 -0.760599 0
    outer loop
      vertex -110.778 60.7776 1.85
      vertex -109.811 61.603 75
      vertex -110.778 60.7776 75
    endloop
  endfacet
  facet normal 0.649222 -0.760599 0
    outer loop
      vertex -109.811 61.603 75
      vertex -110.778 60.7776 1.85
      vertex -109.811 61.603 1.85
    endloop
  endfacet
  facet normal 0.233418 -0.972377 0
    outer loop
      vertex -107.553 62.7536 1.85
      vertex -106.317 63.0503 75
      vertex -107.553 62.7536 75
    endloop
  endfacet
  facet normal 0.233418 -0.972377 0
    outer loop
      vertex -106.317 63.0503 75
      vertex -107.553 62.7536 1.85
      vertex -106.317 63.0503 1.85
    endloop
  endfacet
  facet normal 0.0784473 -0.996918 0
    outer loop
      vertex -106.317 63.0503 1.85
      vertex -105.05 63.15 75
      vertex -106.317 63.0503 75
    endloop
  endfacet
  facet normal 0.0784473 -0.996918 0
    outer loop
      vertex -105.05 63.15 75
      vertex -106.317 63.0503 1.85
      vertex -105.05 63.15 1.85
    endloop
  endfacet
  facet normal -0.923716 -0.383079 0
    outer loop
      vertex 112.754 57.553 1.85
      vertex 112.267 58.7273 75
      vertex 112.267 58.7273 1.85
    endloop
  endfacet
  facet normal -0.923716 -0.383079 0
    outer loop
      vertex 112.267 58.7273 75
      vertex 112.754 57.553 1.85
      vertex 112.754 57.553 75
    endloop
  endfacet
  facet normal -0.649222 -0.760599 0
    outer loop
      vertex 109.811 61.603 1.85
      vertex 110.778 60.7776 75
      vertex 109.811 61.603 75
    endloop
  endfacet
  facet normal -0.649222 -0.760599 -0
    outer loop
      vertex 110.778 60.7776 75
      vertex 109.811 61.603 1.85
      vertex 110.778 60.7776 1.85
    endloop
  endfacet
  facet normal -0.522455 0.852667 0
    outer loop
      vertex 109.811 -61.603 1.85
      vertex 108.727 -62.2672 75
      vertex 109.811 -61.603 75
    endloop
  endfacet
  facet normal -0.522455 0.852667 0
    outer loop
      vertex 108.727 -62.2672 75
      vertex 109.811 -61.603 1.85
      vertex 108.727 -62.2672 1.85
    endloop
  endfacet
  facet normal -0.38276 0.923848 0
    outer loop
      vertex 108.727 -62.2672 1.85
      vertex 107.553 -62.7536 75
      vertex 108.727 -62.2672 75
    endloop
  endfacet
  facet normal -0.38276 0.923848 0
    outer loop
      vertex 107.553 -62.7536 75
      vertex 108.727 -62.2672 1.85
      vertex 107.553 -62.7536 1.85
    endloop
  endfacet
  facet normal -0.972497 -0.232915 0
    outer loop
      vertex 113.05 56.3171 1.85
      vertex 112.754 57.553 75
      vertex 112.754 57.553 1.85
    endloop
  endfacet
  facet normal -0.972497 -0.232915 0
    outer loop
      vertex 112.754 57.553 75
      vertex 113.05 56.3171 1.85
      vertex 113.05 56.3171 75
    endloop
  endfacet
  facet normal -0.9969 -0.0786819 0
    outer loop
      vertex 113.15 55.0501 1.85
      vertex 113.05 56.3171 75
      vertex 113.05 56.3171 1.85
    endloop
  endfacet
  facet normal -0.9969 -0.0786819 0
    outer loop
      vertex 113.05 56.3171 75
      vertex 113.15 55.0501 1.85
      vertex 113.15 55.0501 75
    endloop
  endfacet
  facet normal -0.649222 0.760599 0
    outer loop
      vertex 110.778 -60.7776 1.85
      vertex 109.811 -61.603 75
      vertex 110.778 -60.7776 75
    endloop
  endfacet
  facet normal -0.649222 0.760599 0
    outer loop
      vertex 109.811 -61.603 75
      vertex 110.778 -60.7776 1.85
      vertex 109.811 -61.603 1.85
    endloop
  endfacet
  facet normal -0.852694 0.522411 0
    outer loop
      vertex 111.603 -59.8111 1.85
      vertex 112.267 -58.7273 75
      vertex 112.267 -58.7273 1.85
    endloop
  endfacet
  facet normal -0.852694 0.522411 0
    outer loop
      vertex 112.267 -58.7273 75
      vertex 111.603 -59.8111 1.85
      vertex 111.603 -59.8111 75
    endloop
  endfacet
  facet normal -0.760588 0.649235 0
    outer loop
      vertex 110.778 -60.7776 1.85
      vertex 111.603 -59.8111 75
      vertex 111.603 -59.8111 1.85
    endloop
  endfacet
  facet normal -0.760588 0.649235 0
    outer loop
      vertex 111.603 -59.8111 75
      vertex 110.778 -60.7776 1.85
      vertex 110.778 -60.7776 75
    endloop
  endfacet
  facet normal -0.923716 0.383079 0
    outer loop
      vertex 112.267 -58.7273 1.85
      vertex 112.754 -57.553 75
      vertex 112.754 -57.553 1.85
    endloop
  endfacet
  facet normal -0.923716 0.383079 0
    outer loop
      vertex 112.754 -57.553 75
      vertex 112.267 -58.7273 1.85
      vertex 112.267 -58.7273 75
    endloop
  endfacet
  facet normal -0.972497 0.232915 0
    outer loop
      vertex 112.754 -57.553 1.85
      vertex 113.05 -56.3171 75
      vertex 113.05 -56.3171 1.85
    endloop
  endfacet
  facet normal -0.972497 0.232915 0
    outer loop
      vertex 113.05 -56.3171 75
      vertex 112.754 -57.553 1.85
      vertex 112.754 -57.553 75
    endloop
  endfacet
  facet normal -0.233418 0.972377 0
    outer loop
      vertex 107.553 -62.7536 1.85
      vertex 106.317 -63.0503 75
      vertex 107.553 -62.7536 75
    endloop
  endfacet
  facet normal -0.233418 0.972377 0
    outer loop
      vertex 106.317 -63.0503 75
      vertex 107.553 -62.7536 1.85
      vertex 106.317 -63.0503 1.85
    endloop
  endfacet
  facet normal -0.0784473 0.996918 0
    outer loop
      vertex 106.317 -63.0503 1.85
      vertex 105.05 -63.15 75
      vertex 106.317 -63.0503 75
    endloop
  endfacet
  facet normal -0.0784473 0.996918 0
    outer loop
      vertex 105.05 -63.15 75
      vertex 106.317 -63.0503 1.85
      vertex 105.05 -63.15 1.85
    endloop
  endfacet
  facet normal -0.760588 -0.649235 0
    outer loop
      vertex 111.603 59.8111 1.85
      vertex 110.778 60.7776 75
      vertex 110.778 60.7776 1.85
    endloop
  endfacet
  facet normal -0.760588 -0.649235 0
    outer loop
      vertex 110.778 60.7776 75
      vertex 111.603 59.8111 1.85
      vertex 111.603 59.8111 75
    endloop
  endfacet
  facet normal -0.852694 -0.522411 0
    outer loop
      vertex 112.267 58.7273 1.85
      vertex 111.603 59.8111 75
      vertex 111.603 59.8111 1.85
    endloop
  endfacet
  facet normal -0.852694 -0.522411 0
    outer loop
      vertex 111.603 59.8111 75
      vertex 112.267 58.7273 1.85
      vertex 112.267 58.7273 75
    endloop
  endfacet
  facet normal 0 -0.919145 0.393919
    outer loop
      vertex -105.05 55.05 17.95
      vertex -103.55 63.15 36.85
      vertex -105.05 63.15 36.85
    endloop
  endfacet
  facet normal 0 -0.919145 0.393919
    outer loop
      vertex -103.55 63.15 36.85
      vertex -105.05 55.05 17.95
      vertex -103.55 53.55 14.45
    endloop
  endfacet
  facet normal 0 -0.919145 0.393919
    outer loop
      vertex -105.05 48.15 1.85
      vertex -103.55 53.55 14.45
      vertex -105.05 53.55 14.45
    endloop
  endfacet
  facet normal 0 -0.919145 0.393919
    outer loop
      vertex -103.55 53.55 14.45
      vertex -105.05 48.15 1.85
      vertex -103.55 48.15 1.85
    endloop
  endfacet
  facet normal -1 0 0
    outer loop
      vertex -105.05 55.05 17.95
      vertex -105.05 63.15 1.85
      vertex -105.05 55.05 1.85
    endloop
  endfacet
  facet normal -1 0 0
    outer loop
      vertex -105.05 63.15 1.85
      vertex -105.05 55.05 17.95
      vertex -105.05 63.15 36.85
    endloop
  endfacet
  facet normal -1 0 0
    outer loop
      vertex -105.05 53.55 1.85
      vertex -105.05 48.15 1.85
      vertex -105.05 53.55 14.45
    endloop
  endfacet
  facet normal 1 0 0
    outer loop
      vertex -103.55 63.15 36.85
      vertex -103.55 55.05 14.45
      vertex -103.55 63.15 1.85
    endloop
  endfacet
  facet normal 1 0 -0
    outer loop
      vertex -103.55 55.05 14.45
      vertex -103.55 63.15 36.85
      vertex -103.55 53.55 14.45
    endloop
  endfacet
  facet normal 1 0 0
    outer loop
      vertex -103.55 63.15 1.85
      vertex -103.55 55.05 14.45
      vertex -103.55 55.05 1.85
    endloop
  endfacet
  facet normal 1 0 0
    outer loop
      vertex -103.55 53.55 14.45
      vertex -103.55 48.15 1.85
      vertex -103.55 53.55 1.85
    endloop
  endfacet
  facet normal 1 0 0
    outer loop
      vertex -103.55 -63.15 36.85
      vertex -103.55 -55.05 14.45
      vertex -103.55 -53.55 14.45
    endloop
  endfacet
  facet normal 1 0 0
    outer loop
      vertex -103.55 -63.15 1.85
      vertex -103.55 -55.05 14.45
      vertex -103.55 -63.15 36.85
    endloop
  endfacet
  facet normal 1 0 0
    outer loop
      vertex -103.55 -55.05 14.45
      vertex -103.55 -63.15 1.85
      vertex -103.55 -55.05 1.85
    endloop
  endfacet
  facet normal 1 0 0
    outer loop
      vertex -103.55 -53.55 14.45
      vertex -103.55 -53.55 1.85
      vertex -103.55 -48.15 1.85
    endloop
  endfacet
  facet normal -1 0 0
    outer loop
      vertex -105.05 -63.15 1.85
      vertex -105.05 -55.05 17.95
      vertex -105.05 -55.05 1.85
    endloop
  endfacet
  facet normal -1 -0 0
    outer loop
      vertex -105.05 -55.05 17.95
      vertex -105.05 -63.15 1.85
      vertex -105.05 -63.15 36.85
    endloop
  endfacet
  facet normal -1 0 0
    outer loop
      vertex -105.05 -48.15 1.85
      vertex -105.05 -53.55 1.85
      vertex -105.05 -53.55 14.45
    endloop
  endfacet
  facet normal 0 0.919145 0.393919
    outer loop
      vertex -103.55 -63.15 36.85
      vertex -105.05 -55.05 17.95
      vertex -105.05 -63.15 36.85
    endloop
  endfacet
  facet normal 9.71863e-17 0.919145 0.393919
    outer loop
      vertex -105.05 -55.05 17.95
      vertex -103.55 -63.15 36.85
      vertex -103.55 -53.55 14.45
    endloop
  endfacet
  facet normal 0 0.919145 0.393919
    outer loop
      vertex -103.55 -48.15 1.85
      vertex -105.05 -53.55 14.45
      vertex -103.55 -53.55 14.45
    endloop
  endfacet
  facet normal 0 0.919145 0.393919
    outer loop
      vertex -105.05 -53.55 14.45
      vertex -103.55 -48.15 1.85
      vertex -105.05 -48.15 1.85
    endloop
  endfacet
  facet normal 0 -0.919145 0.393919
    outer loop
      vertex -35.5167 48.15 1.85
      vertex -34.0167 63.15 36.85
      vertex -35.5167 63.15 36.85
    endloop
  endfacet
  facet normal 0 -0.919145 0.393919
    outer loop
      vertex -34.0167 63.15 36.85
      vertex -35.5167 48.15 1.85
      vertex -34.0167 48.15 1.85
    endloop
  endfacet
  facet normal -1 0 0
    outer loop
      vertex -35.5167 63.15 1.85
      vertex -35.5167 48.15 1.85
      vertex -35.5167 63.15 36.85
    endloop
  endfacet
  facet normal 1 0 0
    outer loop
      vertex -34.0167 63.15 36.85
      vertex -34.0167 48.15 1.85
      vertex -34.0167 63.15 1.85
    endloop
  endfacet
  facet normal 1 0 0
    outer loop
      vertex -34.0167 -63.15 36.85
      vertex -34.0167 -63.15 1.85
      vertex -34.0167 -48.15 1.85
    endloop
  endfacet
  facet normal -1 0 0
    outer loop
      vertex -35.5167 -48.15 1.85
      vertex -35.5167 -63.15 1.85
      vertex -35.5167 -63.15 36.85
    endloop
  endfacet
  facet normal 0 0.919145 0.393919
    outer loop
      vertex -34.0167 -48.15 1.85
      vertex -35.5167 -63.15 36.85
      vertex -34.0167 -63.15 36.85
    endloop
  endfacet
  facet normal 0 0.919145 0.393919
    outer loop
      vertex -35.5167 -63.15 36.85
      vertex -34.0167 -48.15 1.85
      vertex -35.5167 -48.15 1.85
    endloop
  endfacet
  facet normal 0 -0.919145 0.393919
    outer loop
      vertex 34.0167 48.15 1.85
      vertex 35.5167 63.15 36.85
      vertex 34.0167 63.15 36.85
    endloop
  endfacet
  facet normal 0 -0.919145 0.393919
    outer loop
      vertex 35.5167 63.15 36.85
      vertex 34.0167 48.15 1.85
      vertex 35.5167 48.15 1.85
    endloop
  endfacet
  facet normal -1 0 0
    outer loop
      vertex 34.0167 63.15 1.85
      vertex 34.0167 48.15 1.85
      vertex 34.0167 63.15 36.85
    endloop
  endfacet
  facet normal 1 0 0
    outer loop
      vertex 35.5167 63.15 36.85
      vertex 35.5167 48.15 1.85
      vertex 35.5167 63.15 1.85
    endloop
  endfacet
  facet normal 1 0 0
    outer loop
      vertex 35.5167 -63.15 36.85
      vertex 35.5167 -63.15 1.85
      vertex 35.5167 -48.15 1.85
    endloop
  endfacet
  facet normal -1 0 0
    outer loop
      vertex 34.0167 -48.15 1.85
      vertex 34.0167 -63.15 1.85
      vertex 34.0167 -63.15 36.85
    endloop
  endfacet
  facet normal 0 0.919145 0.393919
    outer loop
      vertex 35.5167 -48.15 1.85
      vertex 34.0167 -63.15 36.85
      vertex 35.5167 -63.15 36.85
    endloop
  endfacet
  facet normal 0 0.919145 0.393919
    outer loop
      vertex 34.0167 -63.15 36.85
      vertex 35.5167 -48.15 1.85
      vertex 34.0167 -48.15 1.85
    endloop
  endfacet
  facet normal 0 -0.919145 0.393919
    outer loop
      vertex 103.55 63.15 36.85
      vertex 105.05 55.05 17.95
      vertex 105.05 63.15 36.85
    endloop
  endfacet
  facet normal -9.71863e-17 -0.919145 0.393919
    outer loop
      vertex 105.05 55.05 17.95
      vertex 103.55 63.15 36.85
      vertex 103.55 53.55 14.45
    endloop
  endfacet
  facet normal 0 -0.919145 0.393919
    outer loop
      vertex 103.55 48.15 1.85
      vertex 105.05 53.55 14.45
      vertex 103.55 53.55 14.45
    endloop
  endfacet
  facet normal 0 -0.919145 0.393919
    outer loop
      vertex 105.05 53.55 14.45
      vertex 103.55 48.15 1.85
      vertex 105.05 48.15 1.85
    endloop
  endfacet
  facet normal -1 0 0
    outer loop
      vertex 103.55 55.05 14.45
      vertex 103.55 63.15 1.85
      vertex 103.55 55.05 1.85
    endloop
  endfacet
  facet normal -1 0 0
    outer loop
      vertex 103.55 63.15 1.85
      vertex 103.55 55.05 14.45
      vertex 103.55 63.15 36.85
    endloop
  endfacet
  facet normal -1 0 0
    outer loop
      vertex 103.55 63.15 36.85
      vertex 103.55 55.05 14.45
      vertex 103.55 53.55 14.45
    endloop
  endfacet
  facet normal -1 0 0
    outer loop
      vertex 103.55 53.55 1.85
      vertex 103.55 48.15 1.85
      vertex 103.55 53.55 14.45
    endloop
  endfacet
  facet normal 1 -0 0
    outer loop
      vertex 105.05 55.05 17.95
      vertex 105.05 63.15 1.85
      vertex 105.05 63.15 36.85
    endloop
  endfacet
  facet normal 1 0 0
    outer loop
      vertex 105.05 63.15 1.85
      vertex 105.05 55.05 17.95
      vertex 105.05 55.05 1.85
    endloop
  endfacet
  facet normal 1 0 0
    outer loop
      vertex 105.05 53.55 14.45
      vertex 105.05 48.15 1.85
      vertex 105.05 53.55 1.85
    endloop
  endfacet
  facet normal 1 0 0
    outer loop
      vertex 105.05 -63.15 1.85
      vertex 105.05 -55.05 17.95
      vertex 105.05 -63.15 36.85
    endloop
  endfacet
  facet normal 1 0 0
    outer loop
      vertex 105.05 -55.05 17.95
      vertex 105.05 -63.15 1.85
      vertex 105.05 -55.05 1.85
    endloop
  endfacet
  facet normal 1 0 0
    outer loop
      vertex 105.05 -53.55 14.45
      vertex 105.05 -53.55 1.85
      vertex 105.05 -48.15 1.85
    endloop
  endfacet
  facet normal -1 0 0
    outer loop
      vertex 103.55 -55.05 1.85
      vertex 103.55 -63.15 1.85
      vertex 103.55 -55.05 14.45
    endloop
  endfacet
  facet normal -1 0 0
    outer loop
      vertex 103.55 -55.05 14.45
      vertex 103.55 -63.15 36.85
      vertex 103.55 -53.55 14.45
    endloop
  endfacet
  facet normal -1 0 0
    outer loop
      vertex 103.55 -63.15 36.85
      vertex 103.55 -55.05 14.45
      vertex 103.55 -63.15 1.85
    endloop
  endfacet
  facet normal -1 0 0
    outer loop
      vertex 103.55 -48.15 1.85
      vertex 103.55 -53.55 1.85
      vertex 103.55 -53.55 14.45
    endloop
  endfacet
  facet normal 0 0.919145 0.393919
    outer loop
      vertex 105.05 -55.05 17.95
      vertex 103.55 -63.15 36.85
      vertex 105.05 -63.15 36.85
    endloop
  endfacet
  facet normal 0 0.919145 0.393919
    outer loop
      vertex 103.55 -63.15 36.85
      vertex 105.05 -55.05 17.95
      vertex 103.55 -53.55 14.45
    endloop
  endfacet
  facet normal 0 0.919145 0.393919
    outer loop
      vertex 105.05 -48.15 1.85
      vertex 103.55 -53.55 14.45
      vertex 105.05 -53.55 14.45
    endloop
  endfacet
  facet normal 0 0.919145 0.393919
    outer loop
      vertex 103.55 -53.55 14.45
      vertex 105.05 -48.15 1.85
      vertex 103.55 -48.15 1.85
    endloop
  endfacet
  facet normal 0.919145 0 0.393919
    outer loop
      vertex -105.05 -55.05 17.95
      vertex -113.15 -53.55 36.85
      vertex -113.15 -55.05 36.85
    endloop
  endfacet
  facet normal 0.919145 7.7749e-16 0.393919
    outer loop
      vertex -113.15 -53.55 36.85
      vertex -105.05 -55.05 17.95
      vertex -103.55 -53.55 14.45
    endloop
  endfacet
  facet normal 0.919145 -0 0.393919
    outer loop
      vertex -103.55 -55.05 14.45
      vertex -98.15 -53.55 1.85
      vertex -103.55 -53.55 14.45
    endloop
  endfacet
  facet normal 0.919145 0 0.393919
    outer loop
      vertex -98.15 -53.55 1.85
      vertex -103.55 -55.05 14.45
      vertex -98.15 -55.05 1.85
    endloop
  endfacet
  facet normal 0 -1 0
    outer loop
      vertex -113.15 -55.05 1.85
      vertex -105.05 -55.05 17.95
      vertex -113.15 -55.05 36.85
    endloop
  endfacet
  facet normal 0 -1 -0
    outer loop
      vertex -105.05 -55.05 17.95
      vertex -113.15 -55.05 1.85
      vertex -105.05 -55.05 1.85
    endloop
  endfacet
  facet normal 0 -1 0
    outer loop
      vertex -103.55 -55.05 14.45
      vertex -103.55 -55.05 1.85
      vertex -98.15 -55.05 1.85
    endloop
  endfacet
  facet normal 0 1 -0
    outer loop
      vertex -105.05 -53.55 14.45
      vertex -113.15 -53.55 36.85
      vertex -103.55 -53.55 14.45
    endloop
  endfacet
  facet normal 0 1 0
    outer loop
      vertex -113.15 -53.55 1.85
      vertex -105.05 -53.55 14.45
      vertex -105.05 -53.55 1.85
    endloop
  endfacet
  facet normal 0 1 0
    outer loop
      vertex -105.05 -53.55 14.45
      vertex -113.15 -53.55 1.85
      vertex -113.15 -53.55 36.85
    endloop
  endfacet
  facet normal 0 1 0
    outer loop
      vertex -98.15 -53.55 1.85
      vertex -103.55 -53.55 1.85
      vertex -103.55 -53.55 14.45
    endloop
  endfacet
  facet normal 0 1 -0
    outer loop
      vertex 113.15 -53.55 1.85
      vertex 105.05 -53.55 14.45
      vertex 113.15 -53.55 36.85
    endloop
  endfacet
  facet normal 0 1 0
    outer loop
      vertex 105.05 -53.55 14.45
      vertex 113.15 -53.55 1.85
      vertex 105.05 -53.55 1.85
    endloop
  endfacet
  facet normal 0 1 0
    outer loop
      vertex 113.15 -53.55 36.85
      vertex 105.05 -53.55 14.45
      vertex 103.55 -53.55 14.45
    endloop
  endfacet
  facet normal 0 1 -0
    outer loop
      vertex 103.55 -53.55 1.85
      vertex 98.15 -53.55 1.85
      vertex 103.55 -53.55 14.45
    endloop
  endfacet
  facet normal 0 -1 0
    outer loop
      vertex 113.15 -55.05 1.85
      vertex 105.05 -55.05 17.95
      vertex 105.05 -55.05 1.85
    endloop
  endfacet
  facet normal 0 -1 0
    outer loop
      vertex 105.05 -55.05 17.95
      vertex 113.15 -55.05 1.85
      vertex 113.15 -55.05 36.85
    endloop
  endfacet
  facet normal 0 -1 -0
    outer loop
      vertex 103.55 -55.05 14.45
      vertex 98.15 -55.05 1.85
      vertex 103.55 -55.05 1.85
    endloop
  endfacet
  facet normal -0.919145 7.7749e-16 0.393919
    outer loop
      vertex 105.05 -55.05 17.95
      vertex 113.15 -53.55 36.85
      vertex 103.55 -53.55 14.45
    endloop
  endfacet
  facet normal -0.919145 0 0.393919
    outer loop
      vertex 113.15 -53.55 36.85
      vertex 105.05 -55.05 17.95
      vertex 113.15 -55.05 36.85
    endloop
  endfacet
  facet normal -0.919145 0 0.393919
    outer loop
      vertex 98.15 -55.05 1.85
      vertex 103.55 -53.55 14.45
      vertex 98.15 -53.55 1.85
    endloop
  endfacet
  facet normal -0.919145 0 0.393919
    outer loop
      vertex 103.55 -53.55 14.45
      vertex 98.15 -55.05 1.85
      vertex 103.55 -55.05 14.45
    endloop
  endfacet
  facet normal 0 -1 0
    outer loop
      vertex -113.15 53.55 1.85
      vertex -105.05 53.55 14.45
      vertex -113.15 53.55 36.85
    endloop
  endfacet
  facet normal 0 -1 -0
    outer loop
      vertex -105.05 53.55 14.45
      vertex -113.15 53.55 1.85
      vertex -105.05 53.55 1.85
    endloop
  endfacet
  facet normal 0 -1 0
    outer loop
      vertex -113.15 53.55 36.85
      vertex -105.05 53.55 14.45
      vertex -103.55 53.55 14.45
    endloop
  endfacet
  facet normal 0 -1 0
    outer loop
      vertex -103.55 53.55 14.45
      vertex -103.55 53.55 1.85
      vertex -98.15 53.55 1.85
    endloop
  endfacet
  facet normal 0 1 0
    outer loop
      vertex -113.15 55.05 1.85
      vertex -105.05 55.05 17.95
      vertex -105.05 55.05 1.85
    endloop
  endfacet
  facet normal 0 1 0
    outer loop
      vertex -105.05 55.05 17.95
      vertex -113.15 55.05 1.85
      vertex -113.15 55.05 36.85
    endloop
  endfacet
  facet normal 0 1 0
    outer loop
      vertex -98.15 55.05 1.85
      vertex -103.55 55.05 1.85
      vertex -103.55 55.05 14.45
    endloop
  endfacet
  facet normal 0.919145 -0 0.393919
    outer loop
      vertex -113.15 53.55 36.85
      vertex -105.05 55.05 17.95
      vertex -113.15 55.05 36.85
    endloop
  endfacet
  facet normal 0.919145 -7.7749e-16 0.393919
    outer loop
      vertex -105.05 55.05 17.95
      vertex -113.15 53.55 36.85
      vertex -103.55 53.55 14.45
    endloop
  endfacet
  facet normal 0.919145 -0 0.393919
    outer loop
      vertex -103.55 53.55 14.45
      vertex -98.15 55.05 1.85
      vertex -103.55 55.05 14.45
    endloop
  endfacet
  facet normal 0.919145 0 0.393919
    outer loop
      vertex -98.15 55.05 1.85
      vertex -103.55 53.55 14.45
      vertex -98.15 53.55 1.85
    endloop
  endfacet
  facet normal -0.919145 -7.7749e-16 0.393919
    outer loop
      vertex 113.15 53.55 36.85
      vertex 105.05 55.05 17.95
      vertex 103.55 53.55 14.45
    endloop
  endfacet
  facet normal -0.919145 0 0.393919
    outer loop
      vertex 105.05 55.05 17.95
      vertex 113.15 53.55 36.85
      vertex 113.15 55.05 36.85
    endloop
  endfacet
  facet normal -0.919145 0 0.393919
    outer loop
      vertex 98.15 53.55 1.85
      vertex 103.55 55.05 14.45
      vertex 98.15 55.05 1.85
    endloop
  endfacet
  facet normal -0.919145 0 0.393919
    outer loop
      vertex 103.55 55.05 14.45
      vertex 98.15 53.55 1.85
      vertex 103.55 53.55 14.45
    endloop
  endfacet
  facet normal 0 1 -0
    outer loop
      vertex 113.15 55.05 1.85
      vertex 105.05 55.05 17.95
      vertex 113.15 55.05 36.85
    endloop
  endfacet
  facet normal 0 1 0
    outer loop
      vertex 105.05 55.05 17.95
      vertex 113.15 55.05 1.85
      vertex 105.05 55.05 1.85
    endloop
  endfacet
  facet normal 0 1 -0
    outer loop
      vertex 103.55 55.05 1.85
      vertex 98.15 55.05 1.85
      vertex 103.55 55.05 14.45
    endloop
  endfacet
  facet normal 0 -1 0
    outer loop
      vertex 105.05 53.55 14.45
      vertex 113.15 53.55 36.85
      vertex 103.55 53.55 14.45
    endloop
  endfacet
  facet normal 0 -1 0
    outer loop
      vertex 113.15 53.55 1.85
      vertex 105.05 53.55 14.45
      vertex 105.05 53.55 1.85
    endloop
  endfacet
  facet normal 0 -1 0
    outer loop
      vertex 105.05 53.55 14.45
      vertex 113.15 53.55 1.85
      vertex 113.15 53.55 36.85
    endloop
  endfacet
  facet normal 0 -1 -0
    outer loop
      vertex 103.55 53.55 14.45
      vertex 98.15 53.55 1.85
      vertex 103.55 53.55 1.85
    endloop
  endfacet
  facet normal 0.996917 0.0784612 0
    outer loop
      vertex 7.5 0 75
      vertex 7.40766 1.17326 1.85
      vertex 7.40766 1.17326 75
    endloop
  endfacet
  facet normal 0.996917 0.0784612 0
    outer loop
      vertex 7.40766 1.17326 1.85
      vertex 7.5 0 75
      vertex 7.5 0 1.85
    endloop
  endfacet
  facet normal -0.996917 0.0784612 0
    outer loop
      vertex -7.5 0 1.85
      vertex -7.40766 1.17326 75
      vertex -7.40766 1.17326 1.85
    endloop
  endfacet
  facet normal -0.996917 0.0784612 0
    outer loop
      vertex -7.40766 1.17326 75
      vertex -7.5 0 1.85
      vertex -7.5 0 75
    endloop
  endfacet
  facet normal 0.0784612 0.996917 -0
    outer loop
      vertex 1.17326 7.40766 1.85
      vertex 0 7.5 75
      vertex 1.17326 7.40766 75
    endloop
  endfacet
  facet normal 0.0784612 0.996917 0
    outer loop
      vertex 0 7.5 75
      vertex 1.17326 7.40766 1.85
      vertex 0 7.5 1.85
    endloop
  endfacet
  facet normal -0.0784612 -0.996917 0
    outer loop
      vertex -1.17326 -7.40766 1.85
      vertex 0 -7.5 75
      vertex -1.17326 -7.40766 75
    endloop
  endfacet
  facet normal -0.0784612 -0.996917 -0
    outer loop
      vertex 0 -7.5 75
      vertex -1.17326 -7.40766 1.85
      vertex 0 -7.5 1.85
    endloop
  endfacet
  facet normal 0.760404 0.64945 0
    outer loop
      vertex 6.06763 4.40839 75
      vertex 5.3033 5.3033 1.85
      vertex 5.3033 5.3033 75
    endloop
  endfacet
  facet normal 0.760404 0.64945 0
    outer loop
      vertex 5.3033 5.3033 1.85
      vertex 6.06763 4.40839 75
      vertex 6.06763 4.40839 1.85
    endloop
  endfacet
  facet normal -0.64945 0.760404 0
    outer loop
      vertex -4.40839 6.06763 1.85
      vertex -5.3033 5.3033 75
      vertex -4.40839 6.06763 75
    endloop
  endfacet
  facet normal -0.64945 0.760404 0
    outer loop
      vertex -5.3033 5.3033 75
      vertex -4.40839 6.06763 1.85
      vertex -5.3033 5.3033 1.85
    endloop
  endfacet
  facet normal -0.38268 0.923881 0
    outer loop
      vertex -2.31763 7.13292 1.85
      vertex -3.40493 6.68255 75
      vertex -2.31763 7.13292 75
    endloop
  endfacet
  facet normal -0.38268 0.923881 0
    outer loop
      vertex -3.40493 6.68255 75
      vertex -2.31763 7.13292 1.85
      vertex -3.40493 6.68255 1.85
    endloop
  endfacet
  facet normal 0.852641 -0.522498 0
    outer loop
      vertex 6.06763 -4.40839 75
      vertex 6.68255 -3.40493 1.85
      vertex 6.68255 -3.40493 75
    endloop
  endfacet
  facet normal 0.852641 -0.522498 0
    outer loop
      vertex 6.68255 -3.40493 1.85
      vertex 6.06763 -4.40839 75
      vertex 6.06763 -4.40839 1.85
    endloop
  endfacet
  facet normal -0.97237 -0.233446 0
    outer loop
      vertex -7.13292 -2.31763 1.85
      vertex -7.40766 -1.17326 75
      vertex -7.40766 -1.17326 1.85
    endloop
  endfacet
  facet normal -0.97237 -0.233446 0
    outer loop
      vertex -7.40766 -1.17326 75
      vertex -7.13292 -2.31763 1.85
      vertex -7.13292 -2.31763 75
    endloop
  endfacet
  facet normal 0.923881 0.38268 0
    outer loop
      vertex 7.13292 2.31763 75
      vertex 6.68255 3.40493 1.85
      vertex 6.68255 3.40493 75
    endloop
  endfacet
  facet normal 0.923881 0.38268 0
    outer loop
      vertex 6.68255 3.40493 1.85
      vertex 7.13292 2.31763 75
      vertex 7.13292 2.31763 1.85
    endloop
  endfacet
  facet normal 0.97237 0.233446 0
    outer loop
      vertex 7.40766 1.17326 75
      vertex 7.13292 2.31763 1.85
      vertex 7.13292 2.31763 75
    endloop
  endfacet
  facet normal 0.97237 0.233446 0
    outer loop
      vertex 7.13292 2.31763 1.85
      vertex 7.40766 1.17326 75
      vertex 7.40766 1.17326 1.85
    endloop
  endfacet
  facet normal 0.852641 0.522498 0
    outer loop
      vertex 6.68255 3.40493 75
      vertex 6.06763 4.40839 1.85
      vertex 6.06763 4.40839 75
    endloop
  endfacet
  facet normal 0.852641 0.522498 0
    outer loop
      vertex 6.06763 4.40839 1.85
      vertex 6.68255 3.40493 75
      vertex 6.68255 3.40493 1.85
    endloop
  endfacet
  facet normal 0.522498 0.852641 -0
    outer loop
      vertex 4.40839 6.06763 1.85
      vertex 3.40493 6.68255 75
      vertex 4.40839 6.06763 75
    endloop
  endfacet
  facet normal 0.522498 0.852641 0
    outer loop
      vertex 3.40493 6.68255 75
      vertex 4.40839 6.06763 1.85
      vertex 3.40493 6.68255 1.85
    endloop
  endfacet
  facet normal 0.64945 0.760404 -0
    outer loop
      vertex 5.3033 5.3033 1.85
      vertex 4.40839 6.06763 75
      vertex 5.3033 5.3033 75
    endloop
  endfacet
  facet normal 0.64945 0.760404 0
    outer loop
      vertex 4.40839 6.06763 75
      vertex 5.3033 5.3033 1.85
      vertex 4.40839 6.06763 1.85
    endloop
  endfacet
  facet normal -0.852641 0.522498 0
    outer loop
      vertex -6.68255 3.40493 1.85
      vertex -6.06763 4.40839 75
      vertex -6.06763 4.40839 1.85
    endloop
  endfacet
  facet normal -0.852641 0.522498 0
    outer loop
      vertex -6.06763 4.40839 75
      vertex -6.68255 3.40493 1.85
      vertex -6.68255 3.40493 75
    endloop
  endfacet
  facet normal -0.760404 0.64945 0
    outer loop
      vertex -6.06763 4.40839 1.85
      vertex -5.3033 5.3033 75
      vertex -5.3033 5.3033 1.85
    endloop
  endfacet
  facet normal -0.760404 0.64945 0
    outer loop
      vertex -5.3033 5.3033 75
      vertex -6.06763 4.40839 1.85
      vertex -6.06763 4.40839 75
    endloop
  endfacet
  facet normal 0 0 1
    outer loop
      vertex 5.65 0 75
      vertex 7.5 0 75
      vertex 7.40766 1.17326 75
    endloop
  endfacet
  facet normal 0 0 1
    outer loop
      vertex 5.58044 0.883854 75
      vertex 7.40766 1.17326 75
      vertex 7.13292 2.31763 75
    endloop
  endfacet
  facet normal 0 0 1
    outer loop
      vertex 7.5 0 75
      vertex 5.65 0 75
      vertex 7.40766 -1.17326 75
    endloop
  endfacet
  facet normal 0 0 1
    outer loop
      vertex 5.37347 1.74595 75
      vertex 7.13292 2.31763 75
      vertex 6.68255 3.40493 75
    endloop
  endfacet
  facet normal -0 0 1
    outer loop
      vertex 5.58044 -0.883854 75
      vertex 7.40766 -1.17326 75
      vertex 5.65 0 75
    endloop
  endfacet
  facet normal 0 0 1
    outer loop
      vertex 5.03419 2.56505 75
      vertex 6.68255 3.40493 75
      vertex 6.06763 4.40839 75
    endloop
  endfacet
  facet normal 0 0 1
    outer loop
      vertex 7.40766 -1.17326 75
      vertex 5.58044 -0.883854 75
      vertex 7.13292 -2.31763 75
    endloop
  endfacet
  facet normal -0 0 1
    outer loop
      vertex 5.37347 -1.74595 75
      vertex 7.13292 -2.31763 75
      vertex 5.58044 -0.883854 75
    endloop
  endfacet
  facet normal 0 0 1
    outer loop
      vertex 7.40766 1.17326 75
      vertex 5.58044 0.883854 75
      vertex 5.65 0 75
    endloop
  endfacet
  facet normal 0 0 1
    outer loop
      vertex 7.13292 2.31763 75
      vertex 5.37347 1.74595 75
      vertex 5.58044 0.883854 75
    endloop
  endfacet
  facet normal 0 0 1
    outer loop
      vertex 4.57095 3.32099 75
      vertex 6.06763 4.40839 75
      vertex 5.3033 5.3033 75
    endloop
  endfacet
  facet normal 0 0 1
    outer loop
      vertex 6.68255 3.40493 75
      vertex 5.03419 2.56505 75
      vertex 5.37347 1.74595 75
    endloop
  endfacet
  facet normal 0 0 1
    outer loop
      vertex 6.06763 4.40839 75
      vertex 4.57095 3.32099 75
      vertex 5.03419 2.56505 75
    endloop
  endfacet
  facet normal 0 0 1
    outer loop
      vertex 3.99515 3.99515 75
      vertex 5.3033 5.3033 75
      vertex 4.40839 6.06763 75
    endloop
  endfacet
  facet normal 0 0 1
    outer loop
      vertex 5.3033 5.3033 75
      vertex 3.99515 3.99515 75
      vertex 4.57095 3.32099 75
    endloop
  endfacet
  facet normal 0 0 1
    outer loop
      vertex 3.32099 4.57095 75
      vertex 4.40839 6.06763 75
      vertex 3.40493 6.68255 75
    endloop
  endfacet
  facet normal 0 0 1
    outer loop
      vertex 4.40839 6.06763 75
      vertex 3.32099 4.57095 75
      vertex 3.99515 3.99515 75
    endloop
  endfacet
  facet normal 0 0 1
    outer loop
      vertex 3.40493 6.68255 75
      vertex 2.56505 5.03419 75
      vertex 3.32099 4.57095 75
    endloop
  endfacet
  facet normal 0 0 1
    outer loop
      vertex 2.31763 7.13292 75
      vertex 2.56505 5.03419 75
      vertex 3.40493 6.68255 75
    endloop
  endfacet
  facet normal 0 0 1
    outer loop
      vertex 2.31763 7.13292 75
      vertex 1.74595 5.37347 75
      vertex 2.56505 5.03419 75
    endloop
  endfacet
  facet normal 0 0 1
    outer loop
      vertex 1.17326 7.40766 75
      vertex 1.74595 5.37347 75
      vertex 2.31763 7.13292 75
    endloop
  endfacet
  facet normal 0 0 1
    outer loop
      vertex 1.17326 7.40766 75
      vertex 0.883854 5.58044 75
      vertex 1.74595 5.37347 75
    endloop
  endfacet
  facet normal 0 0 1
    outer loop
      vertex 0 7.5 75
      vertex 0.883854 5.58044 75
      vertex 1.17326 7.40766 75
    endloop
  endfacet
  facet normal 0 0 1
    outer loop
      vertex 0 7.5 75
      vertex 0 5.65 75
      vertex 0.883854 5.58044 75
    endloop
  endfacet
  facet normal 0 0 1
    outer loop
      vertex 0 7.5 75
      vertex -0.883854 5.58044 75
      vertex 0 5.65 75
    endloop
  endfacet
  facet normal -0 0 1
    outer loop
      vertex -1.17326 7.40766 75
      vertex -0.883854 5.58044 75
      vertex 0 7.5 75
    endloop
  endfacet
  facet normal 0 0 1
    outer loop
      vertex -1.17326 7.40766 75
      vertex -1.74595 5.37347 75
      vertex -0.883854 5.58044 75
    endloop
  endfacet
  facet normal -0 0 1
    outer loop
      vertex -2.31763 7.13292 75
      vertex -1.74595 5.37347 75
      vertex -1.17326 7.40766 75
    endloop
  endfacet
  facet normal 0 0 1
    outer loop
      vertex -2.31763 7.13292 75
      vertex -2.56505 5.03419 75
      vertex -1.74595 5.37347 75
    endloop
  endfacet
  facet normal -0 0 1
    outer loop
      vertex -3.40493 6.68255 75
      vertex -2.56505 5.03419 75
      vertex -2.31763 7.13292 75
    endloop
  endfacet
  facet normal 0 0 1
    outer loop
      vertex -2.56505 5.03419 75
      vertex -3.40493 6.68255 75
      vertex -3.32099 4.57095 75
    endloop
  endfacet
  facet normal -0 0 1
    outer loop
      vertex -4.40839 6.06763 75
      vertex -3.32099 4.57095 75
      vertex -3.40493 6.68255 75
    endloop
  endfacet
  facet normal 0 0 1
    outer loop
      vertex -3.32099 4.57095 75
      vertex -4.40839 6.06763 75
      vertex -3.99515 3.99515 75
    endloop
  endfacet
  facet normal -0 0 1
    outer loop
      vertex -5.3033 5.3033 75
      vertex -3.99515 3.99515 75
      vertex -4.40839 6.06763 75
    endloop
  endfacet
  facet normal 0 0 1
    outer loop
      vertex -3.99515 3.99515 75
      vertex -5.3033 5.3033 75
      vertex -4.57095 3.32099 75
    endloop
  endfacet
  facet normal -0 0 1
    outer loop
      vertex -6.06763 4.40839 75
      vertex -4.57095 3.32099 75
      vertex -5.3033 5.3033 75
    endloop
  endfacet
  facet normal 0 0 1
    outer loop
      vertex -4.57095 3.32099 75
      vertex -6.06763 4.40839 75
      vertex -5.03419 2.56505 75
    endloop
  endfacet
  facet normal -0 0 1
    outer loop
      vertex -6.68255 3.40493 75
      vertex -5.03419 2.56505 75
      vertex -6.06763 4.40839 75
    endloop
  endfacet
  facet normal 0 0 1
    outer loop
      vertex -5.03419 2.56505 75
      vertex -6.68255 3.40493 75
      vertex -5.37347 1.74595 75
    endloop
  endfacet
  facet normal -0 0 1
    outer loop
      vertex -7.13292 2.31763 75
      vertex -5.37347 1.74595 75
      vertex -6.68255 3.40493 75
    endloop
  endfacet
  facet normal 0 0 1
    outer loop
      vertex 7.13292 -2.31763 75
      vertex 5.37347 -1.74595 75
      vertex 6.68255 -3.40493 75
    endloop
  endfacet
  facet normal -0 0 1
    outer loop
      vertex 5.03419 -2.56505 75
      vertex 6.68255 -3.40493 75
      vertex 5.37347 -1.74595 75
    endloop
  endfacet
  facet normal 0 0 1
    outer loop
      vertex 6.68255 -3.40493 75
      vertex 5.03419 -2.56505 75
      vertex 6.06763 -4.40839 75
    endloop
  endfacet
  facet normal -0 0 1
    outer loop
      vertex 4.57095 -3.32099 75
      vertex 6.06763 -4.40839 75
      vertex 5.03419 -2.56505 75
    endloop
  endfacet
  facet normal 0 0 1
    outer loop
      vertex 6.06763 -4.40839 75
      vertex 4.57095 -3.32099 75
      vertex 5.3033 -5.3033 75
    endloop
  endfacet
  facet normal -0 0 1
    outer loop
      vertex 3.99515 -3.99515 75
      vertex 5.3033 -5.3033 75
      vertex 4.57095 -3.32099 75
    endloop
  endfacet
  facet normal 0 0 1
    outer loop
      vertex 5.3033 -5.3033 75
      vertex 3.99515 -3.99515 75
      vertex 4.40839 -6.06763 75
    endloop
  endfacet
  facet normal -0 0 1
    outer loop
      vertex 3.32099 -4.57095 75
      vertex 4.40839 -6.06763 75
      vertex 3.99515 -3.99515 75
    endloop
  endfacet
  facet normal 0 0 1
    outer loop
      vertex 4.40839 -6.06763 75
      vertex 3.32099 -4.57095 75
      vertex 3.40493 -6.68255 75
    endloop
  endfacet
  facet normal -0 0 1
    outer loop
      vertex 2.56505 -5.03419 75
      vertex 3.40493 -6.68255 75
      vertex 3.32099 -4.57095 75
    endloop
  endfacet
  facet normal 0 0 1
    outer loop
      vertex 2.56505 -5.03419 75
      vertex 2.31763 -7.13292 75
      vertex 3.40493 -6.68255 75
    endloop
  endfacet
  facet normal -0 0 1
    outer loop
      vertex 1.74595 -5.37347 75
      vertex 2.31763 -7.13292 75
      vertex 2.56505 -5.03419 75
    endloop
  endfacet
  facet normal 0 0 1
    outer loop
      vertex 1.74595 -5.37347 75
      vertex 1.17326 -7.40766 75
      vertex 2.31763 -7.13292 75
    endloop
  endfacet
  facet normal -0 0 1
    outer loop
      vertex 0.883854 -5.58044 75
      vertex 1.17326 -7.40766 75
      vertex 1.74595 -5.37347 75
    endloop
  endfacet
  facet normal -0 0 1
    outer loop
      vertex 0 -5.65 75
      vertex 1.17326 -7.40766 75
      vertex 0.883854 -5.58044 75
    endloop
  endfacet
  facet normal 0 0 1
    outer loop
      vertex 0 -5.65 75
      vertex 0 -7.5 75
      vertex 1.17326 -7.40766 75
    endloop
  endfacet
  facet normal 0 0 1
    outer loop
      vertex -0.883854 -5.58044 75
      vertex 0 -7.5 75
      vertex 0 -5.65 75
    endloop
  endfacet
  facet normal 0 0 1
    outer loop
      vertex -0.883854 -5.58044 75
      vertex -1.17326 -7.40766 75
      vertex 0 -7.5 75
    endloop
  endfacet
  facet normal 0 0 1
    outer loop
      vertex -1.74595 -5.37347 75
      vertex -1.17326 -7.40766 75
      vertex -0.883854 -5.58044 75
    endloop
  endfacet
  facet normal 0 0 1
    outer loop
      vertex -1.74595 -5.37347 75
      vertex -2.31763 -7.13292 75
      vertex -1.17326 -7.40766 75
    endloop
  endfacet
  facet normal 0 0 1
    outer loop
      vertex -2.56505 -5.03419 75
      vertex -2.31763 -7.13292 75
      vertex -1.74595 -5.37347 75
    endloop
  endfacet
  facet normal 0 0 1
    outer loop
      vertex -3.40493 -6.68255 75
      vertex -2.56505 -5.03419 75
      vertex -3.32099 -4.57095 75
    endloop
  endfacet
  facet normal 0 0 1
    outer loop
      vertex -2.56505 -5.03419 75
      vertex -3.40493 -6.68255 75
      vertex -2.31763 -7.13292 75
    endloop
  endfacet
  facet normal 0 0 1
    outer loop
      vertex -4.40839 -6.06763 75
      vertex -3.32099 -4.57095 75
      vertex -3.99515 -3.99515 75
    endloop
  endfacet
  facet normal 0 0 1
    outer loop
      vertex -3.32099 -4.57095 75
      vertex -4.40839 -6.06763 75
      vertex -3.40493 -6.68255 75
    endloop
  endfacet
  facet normal 0 0 1
    outer loop
      vertex -5.3033 -5.3033 75
      vertex -3.99515 -3.99515 75
      vertex -4.57095 -3.32099 75
    endloop
  endfacet
  facet normal 0 0 1
    outer loop
      vertex -6.06763 -4.40839 75
      vertex -4.57095 -3.32099 75
      vertex -5.03419 -2.56505 75
    endloop
  endfacet
  facet normal 0 0 1
    outer loop
      vertex -3.99515 -3.99515 75
      vertex -5.3033 -5.3033 75
      vertex -4.40839 -6.06763 75
    endloop
  endfacet
  facet normal 0 0 1
    outer loop
      vertex -6.68255 -3.40493 75
      vertex -5.03419 -2.56505 75
      vertex -5.37347 -1.74595 75
    endloop
  endfacet
  facet normal 0 0 1
    outer loop
      vertex -7.13292 -2.31763 75
      vertex -5.37347 -1.74595 75
      vertex -5.58044 -0.883854 75
    endloop
  endfacet
  facet normal 0 0 1
    outer loop
      vertex -7.40766 -1.17326 75
      vertex -5.58044 -0.883854 75
      vertex -5.65 0 75
    endloop
  endfacet
  facet normal 0 0 1
    outer loop
      vertex -5.37347 1.74595 75
      vertex -7.13292 2.31763 75
      vertex -5.58044 0.883854 75
    endloop
  endfacet
  facet normal 0 0 1
    outer loop
      vertex -4.57095 -3.32099 75
      vertex -6.06763 -4.40839 75
      vertex -5.3033 -5.3033 75
    endloop
  endfacet
  facet normal -0 0 1
    outer loop
      vertex -7.40766 1.17326 75
      vertex -5.58044 0.883854 75
      vertex -7.13292 2.31763 75
    endloop
  endfacet
  facet normal 0 0 1
    outer loop
      vertex -5.03419 -2.56505 75
      vertex -6.68255 -3.40493 75
      vertex -6.06763 -4.40839 75
    endloop
  endfacet
  facet normal 0 0 1
    outer loop
      vertex -5.58044 0.883854 75
      vertex -7.40766 1.17326 75
      vertex -5.65 0 75
    endloop
  endfacet
  facet normal 0 0 1
    outer loop
      vertex -5.37347 -1.74595 75
      vertex -7.13292 -2.31763 75
      vertex -6.68255 -3.40493 75
    endloop
  endfacet
  facet normal 0 0 1
    outer loop
      vertex -7.5 0 75
      vertex -5.65 0 75
      vertex -7.40766 1.17326 75
    endloop
  endfacet
  facet normal 0 0 1
    outer loop
      vertex -5.58044 -0.883854 75
      vertex -7.40766 -1.17326 75
      vertex -7.13292 -2.31763 75
    endloop
  endfacet
  facet normal 0 0 1
    outer loop
      vertex -5.65 0 75
      vertex -7.5 0 75
      vertex -7.40766 -1.17326 75
    endloop
  endfacet
  facet normal -0.522498 0.852641 0
    outer loop
      vertex -3.40493 6.68255 1.85
      vertex -4.40839 6.06763 75
      vertex -3.40493 6.68255 75
    endloop
  endfacet
  facet normal -0.522498 0.852641 0
    outer loop
      vertex -4.40839 6.06763 75
      vertex -3.40493 6.68255 1.85
      vertex -4.40839 6.06763 1.85
    endloop
  endfacet
  facet normal -0.0784612 0.996917 0
    outer loop
      vertex 0 7.5 1.85
      vertex -1.17326 7.40766 75
      vertex 0 7.5 75
    endloop
  endfacet
  facet normal -0.0784612 0.996917 0
    outer loop
      vertex -1.17326 7.40766 75
      vertex 0 7.5 1.85
      vertex -1.17326 7.40766 1.85
    endloop
  endfacet
  facet normal 0.233446 -0.97237 0
    outer loop
      vertex 1.17326 -7.40766 1.85
      vertex 2.31763 -7.13292 75
      vertex 1.17326 -7.40766 75
    endloop
  endfacet
  facet normal 0.233446 -0.97237 0
    outer loop
      vertex 2.31763 -7.13292 75
      vertex 1.17326 -7.40766 1.85
      vertex 2.31763 -7.13292 1.85
    endloop
  endfacet
  facet normal 0.0784612 -0.996917 0
    outer loop
      vertex 0 -7.5 1.85
      vertex 1.17326 -7.40766 75
      vertex 0 -7.5 75
    endloop
  endfacet
  facet normal 0.0784612 -0.996917 0
    outer loop
      vertex 1.17326 -7.40766 75
      vertex 0 -7.5 1.85
      vertex 1.17326 -7.40766 1.85
    endloop
  endfacet
  facet normal 0.522498 -0.852641 0
    outer loop
      vertex 3.40493 -6.68255 1.85
      vertex 4.40839 -6.06763 75
      vertex 3.40493 -6.68255 75
    endloop
  endfacet
  facet normal 0.522498 -0.852641 0
    outer loop
      vertex 4.40839 -6.06763 75
      vertex 3.40493 -6.68255 1.85
      vertex 4.40839 -6.06763 1.85
    endloop
  endfacet
  facet normal -0.64945 -0.760404 0
    outer loop
      vertex -5.3033 -5.3033 1.85
      vertex -4.40839 -6.06763 75
      vertex -5.3033 -5.3033 75
    endloop
  endfacet
  facet normal -0.64945 -0.760404 -0
    outer loop
      vertex -4.40839 -6.06763 75
      vertex -5.3033 -5.3033 1.85
      vertex -4.40839 -6.06763 1.85
    endloop
  endfacet
  facet normal -0.38268 -0.923881 0
    outer loop
      vertex -3.40493 -6.68255 1.85
      vertex -2.31763 -7.13292 75
      vertex -3.40493 -6.68255 75
    endloop
  endfacet
  facet normal -0.38268 -0.923881 -0
    outer loop
      vertex -2.31763 -7.13292 75
      vertex -3.40493 -6.68255 1.85
      vertex -2.31763 -7.13292 1.85
    endloop
  endfacet
  facet normal -0.852641 -0.522498 0
    outer loop
      vertex -6.06763 -4.40839 1.85
      vertex -6.68255 -3.40493 75
      vertex -6.68255 -3.40493 1.85
    endloop
  endfacet
  facet normal -0.852641 -0.522498 0
    outer loop
      vertex -6.68255 -3.40493 75
      vertex -6.06763 -4.40839 1.85
      vertex -6.06763 -4.40839 75
    endloop
  endfacet
  facet normal -0.760404 -0.64945 0
    outer loop
      vertex -5.3033 -5.3033 1.85
      vertex -6.06763 -4.40839 75
      vertex -6.06763 -4.40839 1.85
    endloop
  endfacet
  facet normal -0.760404 -0.64945 0
    outer loop
      vertex -6.06763 -4.40839 75
      vertex -5.3033 -5.3033 1.85
      vertex -5.3033 -5.3033 75
    endloop
  endfacet
  facet normal -0.996917 -0.0784612 0
    outer loop
      vertex -7.40766 -1.17326 1.85
      vertex -7.5 0 75
      vertex -7.5 0 1.85
    endloop
  endfacet
  facet normal -0.996917 -0.0784612 0
    outer loop
      vertex -7.5 0 75
      vertex -7.40766 -1.17326 1.85
      vertex -7.40766 -1.17326 75
    endloop
  endfacet
  facet normal 0.38268 0.923881 -0
    outer loop
      vertex 3.40493 6.68255 1.85
      vertex 2.31763 7.13292 75
      vertex 3.40493 6.68255 75
    endloop
  endfacet
  facet normal 0.38268 0.923881 0
    outer loop
      vertex 2.31763 7.13292 75
      vertex 3.40493 6.68255 1.85
      vertex 2.31763 7.13292 1.85
    endloop
  endfacet
  facet normal 0.233446 0.97237 -0
    outer loop
      vertex 2.31763 7.13292 1.85
      vertex 1.17326 7.40766 75
      vertex 2.31763 7.13292 75
    endloop
  endfacet
  facet normal 0.233446 0.97237 0
    outer loop
      vertex 1.17326 7.40766 75
      vertex 2.31763 7.13292 1.85
      vertex 1.17326 7.40766 1.85
    endloop
  endfacet
  facet normal -0.97237 0.233446 0
    outer loop
      vertex -7.40766 1.17326 1.85
      vertex -7.13292 2.31763 75
      vertex -7.13292 2.31763 1.85
    endloop
  endfacet
  facet normal -0.97237 0.233446 0
    outer loop
      vertex -7.13292 2.31763 75
      vertex -7.40766 1.17326 1.85
      vertex -7.40766 1.17326 75
    endloop
  endfacet
  facet normal -0.233446 0.97237 0
    outer loop
      vertex -1.17326 7.40766 1.85
      vertex -2.31763 7.13292 75
      vertex -1.17326 7.40766 75
    endloop
  endfacet
  facet normal -0.233446 0.97237 0
    outer loop
      vertex -2.31763 7.13292 75
      vertex -1.17326 7.40766 1.85
      vertex -2.31763 7.13292 1.85
    endloop
  endfacet
  facet normal 0.996917 -0.0784612 0
    outer loop
      vertex 7.40766 -1.17326 75
      vertex 7.5 0 1.85
      vertex 7.5 0 75
    endloop
  endfacet
  facet normal 0.996917 -0.0784612 0
    outer loop
      vertex 7.5 0 1.85
      vertex 7.40766 -1.17326 75
      vertex 7.40766 -1.17326 1.85
    endloop
  endfacet
  facet normal 0.64945 -0.760404 0
    outer loop
      vertex 4.40839 -6.06763 1.85
      vertex 5.3033 -5.3033 75
      vertex 4.40839 -6.06763 75
    endloop
  endfacet
  facet normal 0.64945 -0.760404 0
    outer loop
      vertex 5.3033 -5.3033 75
      vertex 4.40839 -6.06763 1.85
      vertex 5.3033 -5.3033 1.85
    endloop
  endfacet
  facet normal 0.760404 -0.64945 0
    outer loop
      vertex 5.3033 -5.3033 75
      vertex 6.06763 -4.40839 1.85
      vertex 6.06763 -4.40839 75
    endloop
  endfacet
  facet normal 0.760404 -0.64945 0
    outer loop
      vertex 6.06763 -4.40839 1.85
      vertex 5.3033 -5.3033 75
      vertex 5.3033 -5.3033 1.85
    endloop
  endfacet
  facet normal -0.522498 -0.852641 0
    outer loop
      vertex -4.40839 -6.06763 1.85
      vertex -3.40493 -6.68255 75
      vertex -4.40839 -6.06763 75
    endloop
  endfacet
  facet normal -0.522498 -0.852641 -0
    outer loop
      vertex -3.40493 -6.68255 75
      vertex -4.40839 -6.06763 1.85
      vertex -3.40493 -6.68255 1.85
    endloop
  endfacet
  facet normal -0.923881 0.38268 0
    outer loop
      vertex -7.13292 2.31763 1.85
      vertex -6.68255 3.40493 75
      vertex -6.68255 3.40493 1.85
    endloop
  endfacet
  facet normal -0.923881 0.38268 0
    outer loop
      vertex -6.68255 3.40493 75
      vertex -7.13292 2.31763 1.85
      vertex -7.13292 2.31763 75
    endloop
  endfacet
  facet normal 0.923881 -0.38268 0
    outer loop
      vertex 6.68255 -3.40493 75
      vertex 7.13292 -2.31763 1.85
      vertex 7.13292 -2.31763 75
    endloop
  endfacet
  facet normal 0.923881 -0.38268 0
    outer loop
      vertex 7.13292 -2.31763 1.85
      vertex 6.68255 -3.40493 75
      vertex 6.68255 -3.40493 1.85
    endloop
  endfacet
  facet normal 0.38268 -0.923881 0
    outer loop
      vertex 2.31763 -7.13292 1.85
      vertex 3.40493 -6.68255 75
      vertex 2.31763 -7.13292 75
    endloop
  endfacet
  facet normal 0.38268 -0.923881 0
    outer loop
      vertex 3.40493 -6.68255 75
      vertex 2.31763 -7.13292 1.85
      vertex 3.40493 -6.68255 1.85
    endloop
  endfacet
  facet normal -0.233446 -0.97237 0
    outer loop
      vertex -2.31763 -7.13292 1.85
      vertex -1.17326 -7.40766 75
      vertex -2.31763 -7.13292 75
    endloop
  endfacet
  facet normal -0.233446 -0.97237 -0
    outer loop
      vertex -1.17326 -7.40766 75
      vertex -2.31763 -7.13292 1.85
      vertex -1.17326 -7.40766 1.85
    endloop
  endfacet
  facet normal -0.923881 -0.38268 0
    outer loop
      vertex -6.68255 -3.40493 1.85
      vertex -7.13292 -2.31763 75
      vertex -7.13292 -2.31763 1.85
    endloop
  endfacet
  facet normal -0.923881 -0.38268 0
    outer loop
      vertex -7.13292 -2.31763 75
      vertex -6.68255 -3.40493 1.85
      vertex -6.68255 -3.40493 75
    endloop
  endfacet
  facet normal 0.97237 -0.233446 0
    outer loop
      vertex 7.13292 -2.31763 75
      vertex 7.40766 -1.17326 1.85
      vertex 7.40766 -1.17326 75
    endloop
  endfacet
  facet normal 0.97237 -0.233446 0
    outer loop
      vertex 7.40766 -1.17326 1.85
      vertex 7.13292 -2.31763 75
      vertex 7.13292 -2.31763 1.85
    endloop
  endfacet
  facet normal -0.522498 -0.85264 0
    outer loop
      vertex 2.56505 5.03419 0
      vertex 3.32099 4.57095 75
      vertex 2.56505 5.03419 75
    endloop
  endfacet
  facet normal -0.522498 -0.85264 -0
    outer loop
      vertex 3.32099 4.57095 75
      vertex 2.56505 5.03419 0
      vertex 3.32099 4.57095 0
    endloop
  endfacet
  facet normal -0.996917 0.0784582 0
    outer loop
      vertex 5.58044 -0.883854 0
      vertex 5.65 0 75
      vertex 5.65 0 0
    endloop
  endfacet
  facet normal -0.996917 0.0784582 0
    outer loop
      vertex 5.65 0 75
      vertex 5.58044 -0.883854 0
      vertex 5.58044 -0.883854 75
    endloop
  endfacet
  facet normal 0.382681 -0.92388 0
    outer loop
      vertex -2.56505 5.03419 0
      vertex -1.74595 5.37347 75
      vertex -2.56505 5.03419 75
    endloop
  endfacet
  facet normal 0.382681 -0.92388 0
    outer loop
      vertex -1.74595 5.37347 75
      vertex -2.56505 5.03419 0
      vertex -1.74595 5.37347 0
    endloop
  endfacet
  facet normal 0.85264 -0.522498 0
    outer loop
      vertex -5.03419 2.56505 75
      vertex -4.57095 3.32099 0
      vertex -4.57095 3.32099 75
    endloop
  endfacet
  facet normal 0.85264 -0.522498 0
    outer loop
      vertex -4.57095 3.32099 0
      vertex -5.03419 2.56505 75
      vertex -5.03419 2.56505 0
    endloop
  endfacet
  facet normal 0.92388 0.382681 0
    outer loop
      vertex -5.03419 -2.56505 75
      vertex -5.37347 -1.74595 0
      vertex -5.37347 -1.74595 75
    endloop
  endfacet
  facet normal 0.92388 0.382681 0
    outer loop
      vertex -5.37347 -1.74595 0
      vertex -5.03419 -2.56505 75
      vertex -5.03419 -2.56505 0
    endloop
  endfacet
  facet normal -0.92388 -0.382681 0
    outer loop
      vertex 5.37347 1.74595 0
      vertex 5.03419 2.56505 75
      vertex 5.03419 2.56505 0
    endloop
  endfacet
  facet normal -0.92388 -0.382681 0
    outer loop
      vertex 5.03419 2.56505 75
      vertex 5.37347 1.74595 0
      vertex 5.37347 1.74595 75
    endloop
  endfacet
  facet normal -0.85264 -0.522498 0
    outer loop
      vertex 5.03419 2.56505 0
      vertex 4.57095 3.32099 75
      vertex 4.57095 3.32099 0
    endloop
  endfacet
  facet normal -0.85264 -0.522498 0
    outer loop
      vertex 4.57095 3.32099 75
      vertex 5.03419 2.56505 0
      vertex 5.03419 2.56505 75
    endloop
  endfacet
  facet normal -0.382681 -0.92388 0
    outer loop
      vertex 1.74595 5.37347 0
      vertex 2.56505 5.03419 75
      vertex 1.74595 5.37347 75
    endloop
  endfacet
  facet normal -0.382681 -0.92388 -0
    outer loop
      vertex 2.56505 5.03419 75
      vertex 1.74595 5.37347 0
      vertex 2.56505 5.03419 0
    endloop
  endfacet
  facet normal -0.0784582 -0.996917 0
    outer loop
      vertex 0 5.65 0
      vertex 0.883854 5.58044 75
      vertex 0 5.65 75
    endloop
  endfacet
  facet normal -0.0784582 -0.996917 -0
    outer loop
      vertex 0.883854 5.58044 75
      vertex 0 5.65 0
      vertex 0.883854 5.58044 0
    endloop
  endfacet
  facet normal -0.233444 -0.97237 0
    outer loop
      vertex 0.883854 5.58044 0
      vertex 1.74595 5.37347 75
      vertex 0.883854 5.58044 75
    endloop
  endfacet
  facet normal -0.233444 -0.97237 -0
    outer loop
      vertex 1.74595 5.37347 75
      vertex 0.883854 5.58044 0
      vertex 1.74595 5.37347 0
    endloop
  endfacet
  facet normal 0.996917 -0.0784582 0
    outer loop
      vertex -5.65 0 75
      vertex -5.58044 0.883854 0
      vertex -5.58044 0.883854 75
    endloop
  endfacet
  facet normal 0.996917 -0.0784582 0
    outer loop
      vertex -5.58044 0.883854 0
      vertex -5.65 0 75
      vertex -5.65 0 0
    endloop
  endfacet
  facet normal 0.760399 -0.649457 0
    outer loop
      vertex -4.57095 3.32099 75
      vertex -3.99515 3.99515 0
      vertex -3.99515 3.99515 75
    endloop
  endfacet
  facet normal 0.760399 -0.649457 0
    outer loop
      vertex -3.99515 3.99515 0
      vertex -4.57095 3.32099 75
      vertex -4.57095 3.32099 0
    endloop
  endfacet
  facet normal 0.522498 -0.85264 0
    outer loop
      vertex -3.32099 4.57095 0
      vertex -2.56505 5.03419 75
      vertex -3.32099 4.57095 75
    endloop
  endfacet
  facet normal 0.522498 -0.85264 0
    outer loop
      vertex -2.56505 5.03419 75
      vertex -3.32099 4.57095 0
      vertex -2.56505 5.03419 0
    endloop
  endfacet
  facet normal 0.0784582 -0.996917 0
    outer loop
      vertex -0.883854 5.58044 0
      vertex 0 5.65 75
      vertex -0.883854 5.58044 75
    endloop
  endfacet
  facet normal 0.0784582 -0.996917 0
    outer loop
      vertex 0 5.65 75
      vertex -0.883854 5.58044 0
      vertex 0 5.65 0
    endloop
  endfacet
  facet normal 0.649457 -0.760399 0
    outer loop
      vertex -3.99515 3.99515 0
      vertex -3.32099 4.57095 75
      vertex -3.99515 3.99515 75
    endloop
  endfacet
  facet normal 0.649457 -0.760399 0
    outer loop
      vertex -3.32099 4.57095 75
      vertex -3.99515 3.99515 0
      vertex -3.32099 4.57095 0
    endloop
  endfacet
  facet normal -0.996917 -0.0784582 0
    outer loop
      vertex 5.65 0 0
      vertex 5.58044 0.883854 75
      vertex 5.58044 0.883854 0
    endloop
  endfacet
  facet normal -0.996917 -0.0784582 0
    outer loop
      vertex 5.58044 0.883854 75
      vertex 5.65 0 0
      vertex 5.65 0 75
    endloop
  endfacet
  facet normal -0.0784582 0.996917 0
    outer loop
      vertex 0.883854 -5.58044 0
      vertex 0 -5.65 75
      vertex 0.883854 -5.58044 75
    endloop
  endfacet
  facet normal -0.0784582 0.996917 0
    outer loop
      vertex 0 -5.65 75
      vertex 0.883854 -5.58044 0
      vertex 0 -5.65 0
    endloop
  endfacet
  facet normal -0.97237 0.233444 0
    outer loop
      vertex 5.37347 -1.74595 0
      vertex 5.58044 -0.883854 75
      vertex 5.58044 -0.883854 0
    endloop
  endfacet
  facet normal -0.97237 0.233444 0
    outer loop
      vertex 5.58044 -0.883854 75
      vertex 5.37347 -1.74595 0
      vertex 5.37347 -1.74595 75
    endloop
  endfacet
  facet normal -0.522498 0.85264 0
    outer loop
      vertex 3.32099 -4.57095 0
      vertex 2.56505 -5.03419 75
      vertex 3.32099 -4.57095 75
    endloop
  endfacet
  facet normal -0.522498 0.85264 0
    outer loop
      vertex 2.56505 -5.03419 75
      vertex 3.32099 -4.57095 0
      vertex 2.56505 -5.03419 0
    endloop
  endfacet
  facet normal 0.0784582 0.996917 -0
    outer loop
      vertex 0 -5.65 0
      vertex -0.883854 -5.58044 75
      vertex 0 -5.65 75
    endloop
  endfacet
  facet normal 0.0784582 0.996917 0
    outer loop
      vertex -0.883854 -5.58044 75
      vertex 0 -5.65 0
      vertex -0.883854 -5.58044 0
    endloop
  endfacet
  facet normal 0.649457 0.760399 -0
    outer loop
      vertex -3.32099 -4.57095 0
      vertex -3.99515 -3.99515 75
      vertex -3.32099 -4.57095 75
    endloop
  endfacet
  facet normal 0.649457 0.760399 0
    outer loop
      vertex -3.99515 -3.99515 75
      vertex -3.32099 -4.57095 0
      vertex -3.99515 -3.99515 0
    endloop
  endfacet
  facet normal 0.85264 0.522498 0
    outer loop
      vertex -4.57095 -3.32099 75
      vertex -5.03419 -2.56505 0
      vertex -5.03419 -2.56505 75
    endloop
  endfacet
  facet normal 0.85264 0.522498 0
    outer loop
      vertex -5.03419 -2.56505 0
      vertex -4.57095 -3.32099 75
      vertex -4.57095 -3.32099 0
    endloop
  endfacet
  facet normal 0.996917 0.0784582 0
    outer loop
      vertex -5.58044 -0.883854 75
      vertex -5.65 0 0
      vertex -5.65 0 75
    endloop
  endfacet
  facet normal 0.996917 0.0784582 0
    outer loop
      vertex -5.65 0 0
      vertex -5.58044 -0.883854 75
      vertex -5.58044 -0.883854 0
    endloop
  endfacet
  facet normal 0.760399 0.649457 0
    outer loop
      vertex -3.99515 -3.99515 75
      vertex -4.57095 -3.32099 0
      vertex -4.57095 -3.32099 75
    endloop
  endfacet
  facet normal 0.760399 0.649457 0
    outer loop
      vertex -4.57095 -3.32099 0
      vertex -3.99515 -3.99515 75
      vertex -3.99515 -3.99515 0
    endloop
  endfacet
  facet normal -0.97237 -0.233444 0
    outer loop
      vertex 5.58044 0.883854 0
      vertex 5.37347 1.74595 75
      vertex 5.37347 1.74595 0
    endloop
  endfacet
  facet normal -0.97237 -0.233444 0
    outer loop
      vertex 5.37347 1.74595 75
      vertex 5.58044 0.883854 0
      vertex 5.58044 0.883854 75
    endloop
  endfacet
  facet normal -0.760399 -0.649457 0
    outer loop
      vertex 4.57095 3.32099 0
      vertex 3.99515 3.99515 75
      vertex 3.99515 3.99515 0
    endloop
  endfacet
  facet normal -0.760399 -0.649457 0
    outer loop
      vertex 3.99515 3.99515 75
      vertex 4.57095 3.32099 0
      vertex 4.57095 3.32099 75
    endloop
  endfacet
  facet normal -0.649457 -0.760399 0
    outer loop
      vertex 3.32099 4.57095 0
      vertex 3.99515 3.99515 75
      vertex 3.32099 4.57095 75
    endloop
  endfacet
  facet normal -0.649457 -0.760399 -0
    outer loop
      vertex 3.99515 3.99515 75
      vertex 3.32099 4.57095 0
      vertex 3.99515 3.99515 0
    endloop
  endfacet
  facet normal 0.92388 -0.382681 0
    outer loop
      vertex -5.37347 1.74595 75
      vertex -5.03419 2.56505 0
      vertex -5.03419 2.56505 75
    endloop
  endfacet
  facet normal 0.92388 -0.382681 0
    outer loop
      vertex -5.03419 2.56505 0
      vertex -5.37347 1.74595 75
      vertex -5.37347 1.74595 0
    endloop
  endfacet
  facet normal 0.97237 -0.233444 0
    outer loop
      vertex -5.58044 0.883854 75
      vertex -5.37347 1.74595 0
      vertex -5.37347 1.74595 75
    endloop
  endfacet
  facet normal 0.97237 -0.233444 0
    outer loop
      vertex -5.37347 1.74595 0
      vertex -5.58044 0.883854 75
      vertex -5.58044 0.883854 0
    endloop
  endfacet
  facet normal 0.233444 -0.97237 0
    outer loop
      vertex -1.74595 5.37347 0
      vertex -0.883854 5.58044 75
      vertex -1.74595 5.37347 75
    endloop
  endfacet
  facet normal 0.233444 -0.97237 0
    outer loop
      vertex -0.883854 5.58044 75
      vertex -1.74595 5.37347 0
      vertex -0.883854 5.58044 0
    endloop
  endfacet
  facet normal -0.85264 0.522498 0
    outer loop
      vertex 4.57095 -3.32099 0
      vertex 5.03419 -2.56505 75
      vertex 5.03419 -2.56505 0
    endloop
  endfacet
  facet normal -0.85264 0.522498 0
    outer loop
      vertex 5.03419 -2.56505 75
      vertex 4.57095 -3.32099 0
      vertex 4.57095 -3.32099 75
    endloop
  endfacet
  facet normal -0.92388 0.382681 0
    outer loop
      vertex 5.03419 -2.56505 0
      vertex 5.37347 -1.74595 75
      vertex 5.37347 -1.74595 0
    endloop
  endfacet
  facet normal -0.92388 0.382681 0
    outer loop
      vertex 5.37347 -1.74595 75
      vertex 5.03419 -2.56505 0
      vertex 5.03419 -2.56505 75
    endloop
  endfacet
  facet normal -0.233444 0.97237 0
    outer loop
      vertex 1.74595 -5.37347 0
      vertex 0.883854 -5.58044 75
      vertex 1.74595 -5.37347 75
    endloop
  endfacet
  facet normal -0.233444 0.97237 0
    outer loop
      vertex 0.883854 -5.58044 75
      vertex 1.74595 -5.37347 0
      vertex 0.883854 -5.58044 0
    endloop
  endfacet
  facet normal -0.760399 0.649457 0
    outer loop
      vertex 3.99515 -3.99515 0
      vertex 4.57095 -3.32099 75
      vertex 4.57095 -3.32099 0
    endloop
  endfacet
  facet normal -0.760399 0.649457 0
    outer loop
      vertex 4.57095 -3.32099 75
      vertex 3.99515 -3.99515 0
      vertex 3.99515 -3.99515 75
    endloop
  endfacet
  facet normal -0.649457 0.760399 0
    outer loop
      vertex 3.99515 -3.99515 0
      vertex 3.32099 -4.57095 75
      vertex 3.99515 -3.99515 75
    endloop
  endfacet
  facet normal -0.649457 0.760399 0
    outer loop
      vertex 3.32099 -4.57095 75
      vertex 3.99515 -3.99515 0
      vertex 3.32099 -4.57095 0
    endloop
  endfacet
  facet normal 0.382681 0.92388 -0
    outer loop
      vertex -1.74595 -5.37347 0
      vertex -2.56505 -5.03419 75
      vertex -1.74595 -5.37347 75
    endloop
  endfacet
  facet normal 0.382681 0.92388 0
    outer loop
      vertex -2.56505 -5.03419 75
      vertex -1.74595 -5.37347 0
      vertex -2.56505 -5.03419 0
    endloop
  endfacet
  facet normal 0.522498 0.85264 -0
    outer loop
      vertex -2.56505 -5.03419 0
      vertex -3.32099 -4.57095 75
      vertex -2.56505 -5.03419 75
    endloop
  endfacet
  facet normal 0.522498 0.85264 0
    outer loop
      vertex -3.32099 -4.57095 75
      vertex -2.56505 -5.03419 0
      vertex -3.32099 -4.57095 0
    endloop
  endfacet
  facet normal 0.97237 0.233444 0
    outer loop
      vertex -5.37347 -1.74595 75
      vertex -5.58044 -0.883854 0
      vertex -5.58044 -0.883854 75
    endloop
  endfacet
  facet normal 0.97237 0.233444 0
    outer loop
      vertex -5.58044 -0.883854 0
      vertex -5.37347 -1.74595 75
      vertex -5.37347 -1.74595 0
    endloop
  endfacet
  facet normal -0.382681 0.92388 0
    outer loop
      vertex 2.56505 -5.03419 0
      vertex 1.74595 -5.37347 75
      vertex 2.56505 -5.03419 75
    endloop
  endfacet
  facet normal -0.382681 0.92388 0
    outer loop
      vertex 1.74595 -5.37347 75
      vertex 2.56505 -5.03419 0
      vertex 1.74595 -5.37347 0
    endloop
  endfacet
  facet normal 0.233444 0.97237 -0
    outer loop
      vertex -0.883854 -5.58044 0
      vertex -1.74595 -5.37347 75
      vertex -0.883854 -5.58044 75
    endloop
  endfacet
  facet normal 0.233444 0.97237 0
    outer loop
      vertex -1.74595 -5.37347 75
      vertex -0.883854 -5.58044 0
      vertex -1.74595 -5.37347 0
    endloop
  endfacet
  facet normal -0.996919 0 -0.0784419
    outer loop
      vertex 11 63.15 38.96
      vertex 10.8646 65 40.6808
      vertex 11 65 38.96
    endloop
  endfacet
  facet normal -0.996919 -0 -0.0784419
    outer loop
      vertex 10.8646 65 40.6808
      vertex 11 63.15 38.96
      vertex 10.8646 63.15 40.6808
    endloop
  endfacet
  facet normal 0.923883 0 -0.382675
    outer loop
      vertex -9.80107 63.15 43.9539
      vertex -10.4616 65 42.3592
      vertex -9.80107 65 43.9539
    endloop
  endfacet
  facet normal 0.923883 0 -0.382675
    outer loop
      vertex -10.4616 65 42.3592
      vertex -9.80107 63.15 43.9539
      vertex -10.4616 63.15 42.3592
    endloop
  endfacet
  facet normal -0.0784601 0 0.996917
    outer loop
      vertex 0 65 4.96
      vertex 1.72078 63.15 5.09543
      vertex 1.72078 65 5.09543
    endloop
  endfacet
  facet normal -0.0784601 0 0.996917
    outer loop
      vertex 1.72078 63.15 5.09543
      vertex 0 65 4.96
      vertex 0 63.15 4.96
    endloop
  endfacet
  facet normal -0.996919 0 0.0784419
    outer loop
      vertex 10.8646 63.15 14.2392
      vertex 11 65 15.96
      vertex 10.8646 65 14.2392
    endloop
  endfacet
  facet normal -0.996919 0 0.0784419
    outer loop
      vertex 11 65 15.96
      vertex 10.8646 63.15 14.2392
      vertex 11 63.15 15.96
    endloop
  endfacet
  facet normal -1 0 0
    outer loop
      vertex 11 63.15 15.96
      vertex 11 65 38.96
      vertex 11 65 15.96
    endloop
  endfacet
  facet normal -1 -0 0
    outer loop
      vertex 11 65 38.96
      vertex 11 63.15 15.96
      vertex 11 63.15 38.96
    endloop
  endfacet
  facet normal -0.972363 0 -0.233474
    outer loop
      vertex 10.8646 63.15 40.6808
      vertex 10.4616 65 42.3592
      vertex 10.8646 65 40.6808
    endloop
  endfacet
  facet normal -0.972363 -0 -0.233474
    outer loop
      vertex 10.4616 65 42.3592
      vertex 10.8646 63.15 40.6808
      vertex 10.4616 63.15 42.3592
    endloop
  endfacet
  facet normal 0.972363 -0 0.233474
    outer loop
      vertex -10.8646 63.15 14.2392
      vertex -10.4616 65 12.5608
      vertex -10.8646 65 14.2392
    endloop
  endfacet
  facet normal 0.972363 0 0.233474
    outer loop
      vertex -10.4616 65 12.5608
      vertex -10.8646 63.15 14.2392
      vertex -10.4616 63.15 12.5608
    endloop
  endfacet
  facet normal 0.923883 -0 0.382675
    outer loop
      vertex -10.4616 63.15 12.5608
      vertex -9.80107 65 10.9661
      vertex -10.4616 65 12.5608
    endloop
  endfacet
  facet normal 0.923883 0 0.382675
    outer loop
      vertex -9.80107 65 10.9661
      vertex -10.4616 63.15 12.5608
      vertex -9.80107 63.15 10.9661
    endloop
  endfacet
  facet normal -0.760419 0 -0.649433
    outer loop
      vertex 8.89919 63.15 45.4256
      vertex 7.77817 65 46.7382
      vertex 8.89919 65 45.4256
    endloop
  endfacet
  facet normal -0.760419 -0 -0.649433
    outer loop
      vertex 7.77817 65 46.7382
      vertex 8.89919 63.15 45.4256
      vertex 7.77817 63.15 46.7382
    endloop
  endfacet
  facet normal -0.972363 0 0.233474
    outer loop
      vertex 10.4616 63.15 12.5608
      vertex 10.8646 65 14.2392
      vertex 10.4616 65 12.5608
    endloop
  endfacet
  facet normal -0.972363 0 0.233474
    outer loop
      vertex 10.8646 65 14.2392
      vertex 10.4616 63.15 12.5608
      vertex 10.8646 63.15 14.2392
    endloop
  endfacet
  facet normal -0.760405 0 0.64945
    outer loop
      vertex 7.77817 63.15 8.18182
      vertex 8.89919 65 9.49436
      vertex 7.77817 65 8.18182
    endloop
  endfacet
  facet normal -0.760405 0 0.64945
    outer loop
      vertex 8.89919 65 9.49436
      vertex 7.77817 63.15 8.18182
      vertex 8.89919 63.15 9.49436
    endloop
  endfacet
  facet normal 1 -0 0
    outer loop
      vertex -11 63.15 38.96
      vertex -11 65 15.96
      vertex -11 65 38.96
    endloop
  endfacet
  facet normal 1 0 0
    outer loop
      vertex -11 65 15.96
      vertex -11 63.15 38.96
      vertex -11 63.15 15.96
    endloop
  endfacet
  facet normal 0.996919 -0 0.0784419
    outer loop
      vertex -11 63.15 15.96
      vertex -10.8646 65 14.2392
      vertex -11 65 15.96
    endloop
  endfacet
  facet normal 0.996919 0 0.0784419
    outer loop
      vertex -10.8646 65 14.2392
      vertex -11 63.15 15.96
      vertex -10.8646 63.15 14.2392
    endloop
  endfacet
  facet normal -0.649446 0 -0.760408
    outer loop
      vertex 6.46564 63.15 47.8592
      vertex 7.77817 65 46.7382
      vertex 7.77817 63.15 46.7382
    endloop
  endfacet
  facet normal -0.649446 0 -0.760408
    outer loop
      vertex 7.77817 65 46.7382
      vertex 6.46564 63.15 47.8592
      vertex 6.46564 65 47.8592
    endloop
  endfacet
  facet normal 0.0784428 0 -0.996919
    outer loop
      vertex -1.72078 63.15 49.8246
      vertex 0 65 49.96
      vertex 0 63.15 49.96
    endloop
  endfacet
  facet normal 0.0784428 0 -0.996919
    outer loop
      vertex 0 65 49.96
      vertex -1.72078 63.15 49.8246
      vertex -1.72078 65 49.8246
    endloop
  endfacet
  facet normal 0.233472 0 -0.972363
    outer loop
      vertex -3.39919 63.15 49.4216
      vertex -1.72078 65 49.8246
      vertex -1.72078 63.15 49.8246
    endloop
  endfacet
  facet normal 0.233472 0 -0.972363
    outer loop
      vertex -1.72078 65 49.8246
      vertex -3.39919 63.15 49.4216
      vertex -3.39919 65 49.4216
    endloop
  endfacet
  facet normal 0.649449 0 0.760405
    outer loop
      vertex -7.77817 65 8.18182
      vertex -6.46564 63.15 7.06081
      vertex -6.46564 65 7.06081
    endloop
  endfacet
  facet normal 0.649449 0 0.760405
    outer loop
      vertex -6.46564 63.15 7.06081
      vertex -7.77817 65 8.18182
      vertex -7.77817 63.15 8.18182
    endloop
  endfacet
  facet normal -0.852635 0 -0.522507
    outer loop
      vertex 9.80107 63.15 43.9539
      vertex 8.89919 65 45.4256
      vertex 9.80107 65 43.9539
    endloop
  endfacet
  facet normal -0.852635 -0 -0.522507
    outer loop
      vertex 8.89919 65 45.4256
      vertex 9.80107 63.15 43.9539
      vertex 8.89919 63.15 45.4256
    endloop
  endfacet
  facet normal -0.923883 0 -0.382675
    outer loop
      vertex 10.4616 63.15 42.3592
      vertex 9.80107 65 43.9539
      vertex 10.4616 65 42.3592
    endloop
  endfacet
  facet normal -0.923883 -0 -0.382675
    outer loop
      vertex 9.80107 65 43.9539
      vertex 10.4616 63.15 42.3592
      vertex 9.80107 63.15 43.9539
    endloop
  endfacet
  facet normal 0.852635 0 -0.522507
    outer loop
      vertex -8.89919 63.15 45.4256
      vertex -9.80107 65 43.9539
      vertex -8.89919 65 45.4256
    endloop
  endfacet
  facet normal 0.852635 0 -0.522507
    outer loop
      vertex -9.80107 65 43.9539
      vertex -8.89919 63.15 45.4256
      vertex -9.80107 63.15 43.9539
    endloop
  endfacet
  facet normal 0.760419 0 -0.649433
    outer loop
      vertex -7.77817 63.15 46.7382
      vertex -8.89919 65 45.4256
      vertex -7.77817 65 46.7382
    endloop
  endfacet
  facet normal 0.760419 0 -0.649433
    outer loop
      vertex -8.89919 65 45.4256
      vertex -7.77817 63.15 46.7382
      vertex -8.89919 63.15 45.4256
    endloop
  endfacet
  facet normal 0.649446 0 -0.760408
    outer loop
      vertex -7.77817 63.15 46.7382
      vertex -6.46564 65 47.8592
      vertex -6.46564 63.15 47.8592
    endloop
  endfacet
  facet normal 0.649446 0 -0.760408
    outer loop
      vertex -6.46564 65 47.8592
      vertex -7.77817 63.15 46.7382
      vertex -7.77817 65 46.7382
    endloop
  endfacet
  facet normal 0.382661 0 -0.923889
    outer loop
      vertex -4.99389 63.15 48.7611
      vertex -3.39919 65 49.4216
      vertex -3.39919 63.15 49.4216
    endloop
  endfacet
  facet normal 0.382661 0 -0.923889
    outer loop
      vertex -3.39919 65 49.4216
      vertex -4.99389 63.15 48.7611
      vertex -4.99389 65 48.7611
    endloop
  endfacet
  facet normal 0.972363 0 -0.233474
    outer loop
      vertex -10.4616 63.15 42.3592
      vertex -10.8646 65 40.6808
      vertex -10.4616 65 42.3592
    endloop
  endfacet
  facet normal 0.972363 0 -0.233474
    outer loop
      vertex -10.8646 65 40.6808
      vertex -10.4616 63.15 42.3592
      vertex -10.8646 63.15 40.6808
    endloop
  endfacet
  facet normal 0.996919 0 -0.0784419
    outer loop
      vertex -10.8646 63.15 40.6808
      vertex -11 65 38.96
      vertex -10.8646 65 40.6808
    endloop
  endfacet
  facet normal 0.996919 0 -0.0784419
    outer loop
      vertex -11 65 38.96
      vertex -10.8646 63.15 40.6808
      vertex -11 63.15 38.96
    endloop
  endfacet
  facet normal -0.233445 0 0.97237
    outer loop
      vertex 1.72078 65 5.09543
      vertex 3.39919 63.15 5.49838
      vertex 3.39919 65 5.49838
    endloop
  endfacet
  facet normal -0.233445 0 0.97237
    outer loop
      vertex 3.39919 63.15 5.49838
      vertex 1.72078 65 5.09543
      vertex 1.72078 63.15 5.09543
    endloop
  endfacet
  facet normal -0.649449 0 0.760405
    outer loop
      vertex 6.46564 65 7.06081
      vertex 7.77817 63.15 8.18182
      vertex 7.77817 65 8.18182
    endloop
  endfacet
  facet normal -0.649449 0 0.760405
    outer loop
      vertex 7.77817 63.15 8.18182
      vertex 6.46564 65 7.06081
      vertex 6.46564 63.15 7.06081
    endloop
  endfacet
  facet normal -0.852641 0 0.522497
    outer loop
      vertex 8.89919 63.15 9.49436
      vertex 9.80107 65 10.9661
      vertex 8.89919 65 9.49436
    endloop
  endfacet
  facet normal -0.852641 0 0.522497
    outer loop
      vertex 9.80107 65 10.9661
      vertex 8.89919 63.15 9.49436
      vertex 9.80107 63.15 10.9661
    endloop
  endfacet
  facet normal -0.923883 0 0.382675
    outer loop
      vertex 9.80107 63.15 10.9661
      vertex 10.4616 65 12.5608
      vertex 9.80107 65 10.9661
    endloop
  endfacet
  facet normal -0.923883 0 0.382675
    outer loop
      vertex 10.4616 65 12.5608
      vertex 9.80107 63.15 10.9661
      vertex 10.4616 63.15 12.5608
    endloop
  endfacet
  facet normal 0.852641 -0 0.522497
    outer loop
      vertex -9.80107 63.15 10.9661
      vertex -8.89919 65 9.49436
      vertex -9.80107 65 10.9661
    endloop
  endfacet
  facet normal 0.852641 0 0.522497
    outer loop
      vertex -8.89919 65 9.49436
      vertex -9.80107 63.15 10.9661
      vertex -8.89919 63.15 9.49436
    endloop
  endfacet
  facet normal 0.760405 -0 0.64945
    outer loop
      vertex -8.89919 63.15 9.49436
      vertex -7.77817 65 8.18182
      vertex -8.89919 65 9.49436
    endloop
  endfacet
  facet normal 0.760405 0 0.64945
    outer loop
      vertex -7.77817 65 8.18182
      vertex -8.89919 63.15 9.49436
      vertex -7.77817 63.15 8.18182
    endloop
  endfacet
  facet normal 0.522495 0 0.852643
    outer loop
      vertex -6.46564 65 7.06081
      vertex -4.99389 63.15 6.15893
      vertex -4.99389 65 6.15893
    endloop
  endfacet
  facet normal 0.522495 0 0.852643
    outer loop
      vertex -4.99389 63.15 6.15893
      vertex -6.46564 65 7.06081
      vertex -6.46564 63.15 7.06081
    endloop
  endfacet
  facet normal -0.382661 0 -0.923889
    outer loop
      vertex 3.39919 63.15 49.4216
      vertex 4.99389 65 48.7611
      vertex 4.99389 63.15 48.7611
    endloop
  endfacet
  facet normal -0.382661 0 -0.923889
    outer loop
      vertex 4.99389 65 48.7611
      vertex 3.39919 63.15 49.4216
      vertex 3.39919 65 49.4216
    endloop
  endfacet
  facet normal -0.233472 0 -0.972363
    outer loop
      vertex 1.72078 63.15 49.8246
      vertex 3.39919 65 49.4216
      vertex 3.39919 63.15 49.4216
    endloop
  endfacet
  facet normal -0.233472 0 -0.972363
    outer loop
      vertex 3.39919 65 49.4216
      vertex 1.72078 63.15 49.8246
      vertex 1.72078 65 49.8246
    endloop
  endfacet
  facet normal -0.0784428 0 -0.996919
    outer loop
      vertex 0 63.15 49.96
      vertex 1.72078 65 49.8246
      vertex 1.72078 63.15 49.8246
    endloop
  endfacet
  facet normal -0.0784428 0 -0.996919
    outer loop
      vertex 1.72078 65 49.8246
      vertex 0 63.15 49.96
      vertex 0 65 49.96
    endloop
  endfacet
  facet normal 0.522503 0 -0.852637
    outer loop
      vertex -6.46564 63.15 47.8592
      vertex -4.99389 65 48.7611
      vertex -4.99389 63.15 48.7611
    endloop
  endfacet
  facet normal 0.522503 0 -0.852637
    outer loop
      vertex -4.99389 65 48.7611
      vertex -6.46564 63.15 47.8592
      vertex -6.46564 65 47.8592
    endloop
  endfacet
  facet normal 0.382685 0 0.923879
    outer loop
      vertex -4.99389 65 6.15893
      vertex -3.39919 63.15 5.49838
      vertex -3.39919 65 5.49838
    endloop
  endfacet
  facet normal 0.382685 0 0.923879
    outer loop
      vertex -3.39919 63.15 5.49838
      vertex -4.99389 65 6.15893
      vertex -4.99389 63.15 6.15893
    endloop
  endfacet
  facet normal 0.233445 0 0.97237
    outer loop
      vertex -3.39919 65 5.49838
      vertex -1.72078 63.15 5.09543
      vertex -1.72078 65 5.09543
    endloop
  endfacet
  facet normal 0.233445 0 0.97237
    outer loop
      vertex -1.72078 63.15 5.09543
      vertex -3.39919 65 5.49838
      vertex -3.39919 63.15 5.49838
    endloop
  endfacet
  facet normal 0.0784601 0 0.996917
    outer loop
      vertex -1.72078 65 5.09543
      vertex 0 63.15 4.96
      vertex 0 65 4.96
    endloop
  endfacet
  facet normal 0.0784601 0 0.996917
    outer loop
      vertex 0 63.15 4.96
      vertex -1.72078 65 5.09543
      vertex -1.72078 63.15 5.09543
    endloop
  endfacet
  facet normal -0.522503 0 -0.852637
    outer loop
      vertex 4.99389 63.15 48.7611
      vertex 6.46564 65 47.8592
      vertex 6.46564 63.15 47.8592
    endloop
  endfacet
  facet normal -0.522503 0 -0.852637
    outer loop
      vertex 6.46564 65 47.8592
      vertex 4.99389 63.15 48.7611
      vertex 4.99389 65 48.7611
    endloop
  endfacet
  facet normal -0.382685 0 0.923879
    outer loop
      vertex 3.39919 65 5.49838
      vertex 4.99389 63.15 6.15893
      vertex 4.99389 65 6.15893
    endloop
  endfacet
  facet normal -0.382685 0 0.923879
    outer loop
      vertex 4.99389 63.15 6.15893
      vertex 3.39919 65 5.49838
      vertex 3.39919 63.15 5.49838
    endloop
  endfacet
  facet normal -0.522495 0 0.852643
    outer loop
      vertex 4.99389 65 6.15893
      vertex 6.46564 63.15 7.06081
      vertex 6.46564 65 7.06081
    endloop
  endfacet
  facet normal -0.522495 0 0.852643
    outer loop
      vertex 6.46564 63.15 7.06081
      vertex 4.99389 65 6.15893
      vertex 4.99389 63.15 6.15893
    endloop
  endfacet
  facet normal -0.996919 0 -0.0784419
    outer loop
      vertex 11 -65 38.96
      vertex 10.8646 -63.15 40.6808
      vertex 11 -63.15 38.96
    endloop
  endfacet
  facet normal -0.996919 -0 -0.0784419
    outer loop
      vertex 10.8646 -63.15 40.6808
      vertex 11 -65 38.96
      vertex 10.8646 -65 40.6808
    endloop
  endfacet
  facet normal -0.0784428 0 -0.996919
    outer loop
      vertex 0 -65 49.96
      vertex 1.72078 -63.15 49.8246
      vertex 1.72078 -65 49.8246
    endloop
  endfacet
  facet normal -0.0784428 0 -0.996919
    outer loop
      vertex 1.72078 -63.15 49.8246
      vertex 0 -65 49.96
      vertex 0 -63.15 49.96
    endloop
  endfacet
  facet normal 0.923883 0 -0.382675
    outer loop
      vertex -9.80107 -65 43.9539
      vertex -10.4616 -63.15 42.3592
      vertex -9.80107 -63.15 43.9539
    endloop
  endfacet
  facet normal 0.923883 0 -0.382675
    outer loop
      vertex -10.4616 -63.15 42.3592
      vertex -9.80107 -65 43.9539
      vertex -10.4616 -65 42.3592
    endloop
  endfacet
  facet normal -0.0784601 0 0.996917
    outer loop
      vertex 0 -63.15 4.96
      vertex 1.72078 -65 5.09543
      vertex 1.72078 -63.15 5.09543
    endloop
  endfacet
  facet normal -0.0784601 0 0.996917
    outer loop
      vertex 1.72078 -65 5.09543
      vertex 0 -63.15 4.96
      vertex 0 -65 4.96
    endloop
  endfacet
  facet normal -0.996919 0 0.0784419
    outer loop
      vertex 10.8646 -65 14.2392
      vertex 11 -63.15 15.96
      vertex 10.8646 -63.15 14.2392
    endloop
  endfacet
  facet normal -0.996919 0 0.0784419
    outer loop
      vertex 11 -63.15 15.96
      vertex 10.8646 -65 14.2392
      vertex 11 -65 15.96
    endloop
  endfacet
  facet normal -1 0 0
    outer loop
      vertex 11 -65 15.96
      vertex 11 -63.15 38.96
      vertex 11 -63.15 15.96
    endloop
  endfacet
  facet normal -1 -0 0
    outer loop
      vertex 11 -63.15 38.96
      vertex 11 -65 15.96
      vertex 11 -65 38.96
    endloop
  endfacet
  facet normal -0.972363 0 -0.233474
    outer loop
      vertex 10.8646 -65 40.6808
      vertex 10.4616 -63.15 42.3592
      vertex 10.8646 -63.15 40.6808
    endloop
  endfacet
  facet normal -0.972363 -0 -0.233474
    outer loop
      vertex 10.4616 -63.15 42.3592
      vertex 10.8646 -65 40.6808
      vertex 10.4616 -65 42.3592
    endloop
  endfacet
  facet normal 0.972363 -0 0.233474
    outer loop
      vertex -10.8646 -65 14.2392
      vertex -10.4616 -63.15 12.5608
      vertex -10.8646 -63.15 14.2392
    endloop
  endfacet
  facet normal 0.972363 0 0.233474
    outer loop
      vertex -10.4616 -63.15 12.5608
      vertex -10.8646 -65 14.2392
      vertex -10.4616 -65 12.5608
    endloop
  endfacet
  facet normal 0.923883 -0 0.382675
    outer loop
      vertex -10.4616 -65 12.5608
      vertex -9.80107 -63.15 10.9661
      vertex -10.4616 -63.15 12.5608
    endloop
  endfacet
  facet normal 0.923883 0 0.382675
    outer loop
      vertex -9.80107 -63.15 10.9661
      vertex -10.4616 -65 12.5608
      vertex -9.80107 -65 10.9661
    endloop
  endfacet
  facet normal -0.760419 0 -0.649433
    outer loop
      vertex 8.89919 -65 45.4256
      vertex 7.77817 -63.15 46.7382
      vertex 8.89919 -63.15 45.4256
    endloop
  endfacet
  facet normal -0.760419 -0 -0.649433
    outer loop
      vertex 7.77817 -63.15 46.7382
      vertex 8.89919 -65 45.4256
      vertex 7.77817 -65 46.7382
    endloop
  endfacet
  facet normal -0.972363 0 0.233474
    outer loop
      vertex 10.4616 -65 12.5608
      vertex 10.8646 -63.15 14.2392
      vertex 10.4616 -63.15 12.5608
    endloop
  endfacet
  facet normal -0.972363 0 0.233474
    outer loop
      vertex 10.8646 -63.15 14.2392
      vertex 10.4616 -65 12.5608
      vertex 10.8646 -65 14.2392
    endloop
  endfacet
  facet normal 1 -0 0
    outer loop
      vertex -11 -65 38.96
      vertex -11 -63.15 15.96
      vertex -11 -63.15 38.96
    endloop
  endfacet
  facet normal 1 0 0
    outer loop
      vertex -11 -63.15 15.96
      vertex -11 -65 38.96
      vertex -11 -65 15.96
    endloop
  endfacet
  facet normal 0.996919 -0 0.0784419
    outer loop
      vertex -11 -65 15.96
      vertex -10.8646 -63.15 14.2392
      vertex -11 -63.15 15.96
    endloop
  endfacet
  facet normal 0.996919 0 0.0784419
    outer loop
      vertex -10.8646 -63.15 14.2392
      vertex -11 -65 15.96
      vertex -10.8646 -65 14.2392
    endloop
  endfacet
  facet normal -0.923883 0 -0.382675
    outer loop
      vertex 10.4616 -65 42.3592
      vertex 9.80107 -63.15 43.9539
      vertex 10.4616 -63.15 42.3592
    endloop
  endfacet
  facet normal -0.923883 -0 -0.382675
    outer loop
      vertex 9.80107 -63.15 43.9539
      vertex 10.4616 -65 42.3592
      vertex 9.80107 -65 43.9539
    endloop
  endfacet
  facet normal 0.233472 0 -0.972363
    outer loop
      vertex -3.39919 -65 49.4216
      vertex -1.72078 -63.15 49.8246
      vertex -1.72078 -65 49.8246
    endloop
  endfacet
  facet normal 0.233472 0 -0.972363
    outer loop
      vertex -1.72078 -63.15 49.8246
      vertex -3.39919 -65 49.4216
      vertex -3.39919 -63.15 49.4216
    endloop
  endfacet
  facet normal 0.760405 -0 0.64945
    outer loop
      vertex -8.89919 -65 9.49436
      vertex -7.77817 -63.15 8.18182
      vertex -8.89919 -63.15 9.49436
    endloop
  endfacet
  facet normal 0.760405 0 0.64945
    outer loop
      vertex -7.77817 -63.15 8.18182
      vertex -8.89919 -65 9.49436
      vertex -7.77817 -65 8.18182
    endloop
  endfacet
  facet normal -0.852635 0 -0.522507
    outer loop
      vertex 9.80107 -65 43.9539
      vertex 8.89919 -63.15 45.4256
      vertex 9.80107 -63.15 43.9539
    endloop
  endfacet
  facet normal -0.852635 -0 -0.522507
    outer loop
      vertex 8.89919 -63.15 45.4256
      vertex 9.80107 -65 43.9539
      vertex 8.89919 -65 45.4256
    endloop
  endfacet
  facet normal 0.382661 0 -0.923889
    outer loop
      vertex -4.99389 -65 48.7611
      vertex -3.39919 -63.15 49.4216
      vertex -3.39919 -65 49.4216
    endloop
  endfacet
  facet normal 0.382661 0 -0.923889
    outer loop
      vertex -3.39919 -63.15 49.4216
      vertex -4.99389 -65 48.7611
      vertex -4.99389 -63.15 48.7611
    endloop
  endfacet
  facet normal 0.649446 0 -0.760408
    outer loop
      vertex -7.77817 -65 46.7382
      vertex -6.46564 -63.15 47.8592
      vertex -6.46564 -65 47.8592
    endloop
  endfacet
  facet normal 0.649446 0 -0.760408
    outer loop
      vertex -6.46564 -63.15 47.8592
      vertex -7.77817 -65 46.7382
      vertex -7.77817 -63.15 46.7382
    endloop
  endfacet
  facet normal 0.522503 0 -0.852637
    outer loop
      vertex -6.46564 -65 47.8592
      vertex -4.99389 -63.15 48.7611
      vertex -4.99389 -65 48.7611
    endloop
  endfacet
  facet normal 0.522503 0 -0.852637
    outer loop
      vertex -4.99389 -63.15 48.7611
      vertex -6.46564 -65 47.8592
      vertex -6.46564 -63.15 47.8592
    endloop
  endfacet
  facet normal 0.0784428 0 -0.996919
    outer loop
      vertex -1.72078 -65 49.8246
      vertex 0 -63.15 49.96
      vertex 0 -65 49.96
    endloop
  endfacet
  facet normal 0.0784428 0 -0.996919
    outer loop
      vertex 0 -63.15 49.96
      vertex -1.72078 -65 49.8246
      vertex -1.72078 -63.15 49.8246
    endloop
  endfacet
  facet normal 0.972363 0 -0.233474
    outer loop
      vertex -10.4616 -65 42.3592
      vertex -10.8646 -63.15 40.6808
      vertex -10.4616 -63.15 42.3592
    endloop
  endfacet
  facet normal 0.972363 0 -0.233474
    outer loop
      vertex -10.8646 -63.15 40.6808
      vertex -10.4616 -65 42.3592
      vertex -10.8646 -65 40.6808
    endloop
  endfacet
  facet normal 0.996919 0 -0.0784419
    outer loop
      vertex -10.8646 -65 40.6808
      vertex -11 -63.15 38.96
      vertex -10.8646 -63.15 40.6808
    endloop
  endfacet
  facet normal 0.996919 0 -0.0784419
    outer loop
      vertex -11 -63.15 38.96
      vertex -10.8646 -65 40.6808
      vertex -11 -65 38.96
    endloop
  endfacet
  facet normal -0.233445 0 0.97237
    outer loop
      vertex 1.72078 -63.15 5.09543
      vertex 3.39919 -65 5.49838
      vertex 3.39919 -63.15 5.49838
    endloop
  endfacet
  facet normal -0.233445 0 0.97237
    outer loop
      vertex 3.39919 -65 5.49838
      vertex 1.72078 -63.15 5.09543
      vertex 1.72078 -65 5.09543
    endloop
  endfacet
  facet normal -0.649449 0 0.760405
    outer loop
      vertex 6.46564 -63.15 7.06081
      vertex 7.77817 -65 8.18182
      vertex 7.77817 -63.15 8.18182
    endloop
  endfacet
  facet normal -0.649449 0 0.760405
    outer loop
      vertex 7.77817 -65 8.18182
      vertex 6.46564 -63.15 7.06081
      vertex 6.46564 -65 7.06081
    endloop
  endfacet
  facet normal -0.760405 0 0.64945
    outer loop
      vertex 7.77817 -65 8.18182
      vertex 8.89919 -63.15 9.49436
      vertex 7.77817 -63.15 8.18182
    endloop
  endfacet
  facet normal -0.760405 0 0.64945
    outer loop
      vertex 8.89919 -63.15 9.49436
      vertex 7.77817 -65 8.18182
      vertex 8.89919 -65 9.49436
    endloop
  endfacet
  facet normal -0.852641 0 0.522497
    outer loop
      vertex 8.89919 -65 9.49436
      vertex 9.80107 -63.15 10.9661
      vertex 8.89919 -63.15 9.49436
    endloop
  endfacet
  facet normal -0.852641 0 0.522497
    outer loop
      vertex 9.80107 -63.15 10.9661
      vertex 8.89919 -65 9.49436
      vertex 9.80107 -65 10.9661
    endloop
  endfacet
  facet normal -0.923883 0 0.382675
    outer loop
      vertex 9.80107 -65 10.9661
      vertex 10.4616 -63.15 12.5608
      vertex 9.80107 -63.15 10.9661
    endloop
  endfacet
  facet normal -0.923883 0 0.382675
    outer loop
      vertex 10.4616 -63.15 12.5608
      vertex 9.80107 -65 10.9661
      vertex 10.4616 -65 12.5608
    endloop
  endfacet
  facet normal 0.852641 -0 0.522497
    outer loop
      vertex -9.80107 -65 10.9661
      vertex -8.89919 -63.15 9.49436
      vertex -9.80107 -63.15 10.9661
    endloop
  endfacet
  facet normal 0.852641 0 0.522497
    outer loop
      vertex -8.89919 -63.15 9.49436
      vertex -9.80107 -65 10.9661
      vertex -8.89919 -65 9.49436
    endloop
  endfacet
  facet normal 0.649449 0 0.760405
    outer loop
      vertex -7.77817 -63.15 8.18182
      vertex -6.46564 -65 7.06081
      vertex -6.46564 -63.15 7.06081
    endloop
  endfacet
  facet normal 0.649449 0 0.760405
    outer loop
      vertex -6.46564 -65 7.06081
      vertex -7.77817 -63.15 8.18182
      vertex -7.77817 -65 8.18182
    endloop
  endfacet
  facet normal -0.522503 0 -0.852637
    outer loop
      vertex 4.99389 -65 48.7611
      vertex 6.46564 -63.15 47.8592
      vertex 6.46564 -65 47.8592
    endloop
  endfacet
  facet normal -0.522503 0 -0.852637
    outer loop
      vertex 6.46564 -63.15 47.8592
      vertex 4.99389 -65 48.7611
      vertex 4.99389 -63.15 48.7611
    endloop
  endfacet
  facet normal -0.382661 0 -0.923889
    outer loop
      vertex 3.39919 -65 49.4216
      vertex 4.99389 -63.15 48.7611
      vertex 4.99389 -65 48.7611
    endloop
  endfacet
  facet normal -0.382661 0 -0.923889
    outer loop
      vertex 4.99389 -63.15 48.7611
      vertex 3.39919 -65 49.4216
      vertex 3.39919 -63.15 49.4216
    endloop
  endfacet
  facet normal -0.233472 0 -0.972363
    outer loop
      vertex 1.72078 -65 49.8246
      vertex 3.39919 -63.15 49.4216
      vertex 3.39919 -65 49.4216
    endloop
  endfacet
  facet normal -0.233472 0 -0.972363
    outer loop
      vertex 3.39919 -63.15 49.4216
      vertex 1.72078 -65 49.8246
      vertex 1.72078 -63.15 49.8246
    endloop
  endfacet
  facet normal 0.760419 0 -0.649433
    outer loop
      vertex -7.77817 -65 46.7382
      vertex -8.89919 -63.15 45.4256
      vertex -7.77817 -63.15 46.7382
    endloop
  endfacet
  facet normal 0.760419 0 -0.649433
    outer loop
      vertex -8.89919 -63.15 45.4256
      vertex -7.77817 -65 46.7382
      vertex -8.89919 -65 45.4256
    endloop
  endfacet
  facet normal 0.852635 0 -0.522507
    outer loop
      vertex -8.89919 -65 45.4256
      vertex -9.80107 -63.15 43.9539
      vertex -8.89919 -63.15 45.4256
    endloop
  endfacet
  facet normal 0.852635 0 -0.522507
    outer loop
      vertex -9.80107 -63.15 43.9539
      vertex -8.89919 -65 45.4256
      vertex -9.80107 -65 43.9539
    endloop
  endfacet
  facet normal -0.382685 0 0.923879
    outer loop
      vertex 3.39919 -63.15 5.49838
      vertex 4.99389 -65 6.15893
      vertex 4.99389 -63.15 6.15893
    endloop
  endfacet
  facet normal -0.382685 0 0.923879
    outer loop
      vertex 4.99389 -65 6.15893
      vertex 3.39919 -63.15 5.49838
      vertex 3.39919 -65 5.49838
    endloop
  endfacet
  facet normal 0.522495 0 0.852643
    outer loop
      vertex -6.46564 -63.15 7.06081
      vertex -4.99389 -65 6.15893
      vertex -4.99389 -63.15 6.15893
    endloop
  endfacet
  facet normal 0.522495 0 0.852643
    outer loop
      vertex -4.99389 -65 6.15893
      vertex -6.46564 -63.15 7.06081
      vertex -6.46564 -65 7.06081
    endloop
  endfacet
  facet normal 0.382685 0 0.923879
    outer loop
      vertex -4.99389 -63.15 6.15893
      vertex -3.39919 -65 5.49838
      vertex -3.39919 -63.15 5.49838
    endloop
  endfacet
  facet normal 0.382685 0 0.923879
    outer loop
      vertex -3.39919 -65 5.49838
      vertex -4.99389 -63.15 6.15893
      vertex -4.99389 -65 6.15893
    endloop
  endfacet
  facet normal 0.233445 0 0.97237
    outer loop
      vertex -3.39919 -63.15 5.49838
      vertex -1.72078 -65 5.09543
      vertex -1.72078 -63.15 5.09543
    endloop
  endfacet
  facet normal 0.233445 0 0.97237
    outer loop
      vertex -1.72078 -65 5.09543
      vertex -3.39919 -63.15 5.49838
      vertex -3.39919 -65 5.49838
    endloop
  endfacet
  facet normal 0.0784601 0 0.996917
    outer loop
      vertex -1.72078 -63.15 5.09543
      vertex 0 -65 4.96
      vertex 0 -63.15 4.96
    endloop
  endfacet
  facet normal 0.0784601 0 0.996917
    outer loop
      vertex 0 -65 4.96
      vertex -1.72078 -63.15 5.09543
      vertex -1.72078 -65 5.09543
    endloop
  endfacet
  facet normal -0.649446 0 -0.760408
    outer loop
      vertex 6.46564 -65 47.8592
      vertex 7.77817 -63.15 46.7382
      vertex 7.77817 -65 46.7382
    endloop
  endfacet
  facet normal -0.649446 0 -0.760408
    outer loop
      vertex 7.77817 -63.15 46.7382
      vertex 6.46564 -65 47.8592
      vertex 6.46564 -63.15 47.8592
    endloop
  endfacet
  facet normal -0.522495 0 0.852643
    outer loop
      vertex 4.99389 -63.15 6.15893
      vertex 6.46564 -65 7.06081
      vertex 6.46564 -63.15 7.06081
    endloop
  endfacet
  facet normal -0.522495 0 0.852643
    outer loop
      vertex 6.46564 -65 7.06081
      vertex 4.99389 -63.15 6.15893
      vertex 4.99389 -65 6.15893
    endloop
  endfacet
  facet normal -0 0.522495 0.852643
    outer loop
      vertex 113.15 -4.99389 6.15893
      vertex 115 -6.46564 7.06081
      vertex 115 -4.99389 6.15893
    endloop
  endfacet
  facet normal 0 0.522495 0.852643
    outer loop
      vertex 115 -6.46564 7.06081
      vertex 113.15 -4.99389 6.15893
      vertex 113.15 -6.46564 7.06081
    endloop
  endfacet
  facet normal 0 0.972363 0.233474
    outer loop
      vertex 115 -10.4616 12.5608
      vertex 113.15 -10.8646 14.2392
      vertex 115 -10.8646 14.2392
    endloop
  endfacet
  facet normal 0 0.972363 0.233474
    outer loop
      vertex 113.15 -10.8646 14.2392
      vertex 115 -10.4616 12.5608
      vertex 113.15 -10.4616 12.5608
    endloop
  endfacet
  facet normal 0 -0.996919 0.0784419
    outer loop
      vertex 113.15 10.8646 14.2392
      vertex 115 11 15.96
      vertex 113.15 11 15.96
    endloop
  endfacet
  facet normal 0 -0.996919 0.0784419
    outer loop
      vertex 115 11 15.96
      vertex 113.15 10.8646 14.2392
      vertex 115 10.8646 14.2392
    endloop
  endfacet
  facet normal 0 -0.522503 -0.852637
    outer loop
      vertex 113.15 4.99389 48.7611
      vertex 115 6.46564 47.8592
      vertex 115 4.99389 48.7611
    endloop
  endfacet
  facet normal -0 -0.522503 -0.852637
    outer loop
      vertex 115 6.46564 47.8592
      vertex 113.15 4.99389 48.7611
      vertex 113.15 6.46564 47.8592
    endloop
  endfacet
  facet normal 0 -0.0784428 -0.996919
    outer loop
      vertex 113.15 0 49.96
      vertex 115 1.72078 49.8246
      vertex 115 0 49.96
    endloop
  endfacet
  facet normal -0 -0.0784428 -0.996919
    outer loop
      vertex 115 1.72078 49.8246
      vertex 113.15 0 49.96
      vertex 113.15 1.72078 49.8246
    endloop
  endfacet
  facet normal 0 0.996919 -0.0784419
    outer loop
      vertex 115 -11 38.96
      vertex 113.15 -10.8646 40.6808
      vertex 115 -10.8646 40.6808
    endloop
  endfacet
  facet normal 0 0.996919 -0.0784419
    outer loop
      vertex 113.15 -10.8646 40.6808
      vertex 115 -11 38.96
      vertex 113.15 -11 38.96
    endloop
  endfacet
  facet normal 0 0.923883 -0.382675
    outer loop
      vertex 115 -10.4616 42.3592
      vertex 113.15 -9.80107 43.9539
      vertex 115 -9.80107 43.9539
    endloop
  endfacet
  facet normal 0 0.923883 -0.382675
    outer loop
      vertex 113.15 -9.80107 43.9539
      vertex 115 -10.4616 42.3592
      vertex 113.15 -10.4616 42.3592
    endloop
  endfacet
  facet normal 0 0.233472 -0.972363
    outer loop
      vertex 113.15 -3.39919 49.4216
      vertex 115 -1.72078 49.8246
      vertex 115 -3.39919 49.4216
    endloop
  endfacet
  facet normal 0 0.233472 -0.972363
    outer loop
      vertex 115 -1.72078 49.8246
      vertex 113.15 -3.39919 49.4216
      vertex 113.15 -1.72078 49.8246
    endloop
  endfacet
  facet normal 0 -0.649446 -0.760408
    outer loop
      vertex 113.15 6.46564 47.8592
      vertex 115 7.77817 46.7382
      vertex 115 6.46564 47.8592
    endloop
  endfacet
  facet normal -0 -0.649446 -0.760408
    outer loop
      vertex 115 7.77817 46.7382
      vertex 113.15 6.46564 47.8592
      vertex 113.15 7.77817 46.7382
    endloop
  endfacet
  facet normal 0 -0.760419 -0.649433
    outer loop
      vertex 113.15 8.89919 45.4256
      vertex 115 7.77817 46.7382
      vertex 113.15 7.77817 46.7382
    endloop
  endfacet
  facet normal 0 -0.760419 -0.649433
    outer loop
      vertex 115 7.77817 46.7382
      vertex 113.15 8.89919 45.4256
      vertex 115 8.89919 45.4256
    endloop
  endfacet
  facet normal 0 -0.972363 -0.233474
    outer loop
      vertex 113.15 10.8646 40.6808
      vertex 115 10.4616 42.3592
      vertex 113.15 10.4616 42.3592
    endloop
  endfacet
  facet normal 0 -0.972363 -0.233474
    outer loop
      vertex 115 10.4616 42.3592
      vertex 113.15 10.8646 40.6808
      vertex 115 10.8646 40.6808
    endloop
  endfacet
  facet normal 0 -0.996919 -0.0784419
    outer loop
      vertex 113.15 11 38.96
      vertex 115 10.8646 40.6808
      vertex 113.15 10.8646 40.6808
    endloop
  endfacet
  facet normal 0 -0.996919 -0.0784419
    outer loop
      vertex 115 10.8646 40.6808
      vertex 113.15 11 38.96
      vertex 115 11 38.96
    endloop
  endfacet
  facet normal 0 -1 0
    outer loop
      vertex 113.15 11 15.96
      vertex 115 11 38.96
      vertex 113.15 11 38.96
    endloop
  endfacet
  facet normal 0 -1 -0
    outer loop
      vertex 115 11 38.96
      vertex 113.15 11 15.96
      vertex 115 11 15.96
    endloop
  endfacet
  facet normal 0 0.996919 0.0784419
    outer loop
      vertex 115 -10.8646 14.2392
      vertex 113.15 -11 15.96
      vertex 115 -11 15.96
    endloop
  endfacet
  facet normal 0 0.996919 0.0784419
    outer loop
      vertex 113.15 -11 15.96
      vertex 115 -10.8646 14.2392
      vertex 113.15 -10.8646 14.2392
    endloop
  endfacet
  facet normal 0 0.972363 -0.233474
    outer loop
      vertex 115 -10.8646 40.6808
      vertex 113.15 -10.4616 42.3592
      vertex 115 -10.4616 42.3592
    endloop
  endfacet
  facet normal 0 0.972363 -0.233474
    outer loop
      vertex 113.15 -10.4616 42.3592
      vertex 115 -10.8646 40.6808
      vertex 113.15 -10.8646 40.6808
    endloop
  endfacet
  facet normal 0 0.760419 -0.649433
    outer loop
      vertex 115 -8.89919 45.4256
      vertex 113.15 -7.77817 46.7382
      vertex 115 -7.77817 46.7382
    endloop
  endfacet
  facet normal 0 0.760419 -0.649433
    outer loop
      vertex 113.15 -7.77817 46.7382
      vertex 115 -8.89919 45.4256
      vertex 113.15 -8.89919 45.4256
    endloop
  endfacet
  facet normal 0 0.852635 -0.522507
    outer loop
      vertex 115 -9.80107 43.9539
      vertex 113.15 -8.89919 45.4256
      vertex 115 -8.89919 45.4256
    endloop
  endfacet
  facet normal 0 0.852635 -0.522507
    outer loop
      vertex 113.15 -8.89919 45.4256
      vertex 115 -9.80107 43.9539
      vertex 113.15 -9.80107 43.9539
    endloop
  endfacet
  facet normal 0 0.649446 -0.760408
    outer loop
      vertex 113.15 -7.77817 46.7382
      vertex 115 -6.46564 47.8592
      vertex 115 -7.77817 46.7382
    endloop
  endfacet
  facet normal 0 0.649446 -0.760408
    outer loop
      vertex 115 -6.46564 47.8592
      vertex 113.15 -7.77817 46.7382
      vertex 113.15 -6.46564 47.8592
    endloop
  endfacet
  facet normal -0 0.233445 0.97237
    outer loop
      vertex 113.15 -1.72078 5.09543
      vertex 115 -3.39919 5.49838
      vertex 115 -1.72078 5.09543
    endloop
  endfacet
  facet normal 0 0.233445 0.97237
    outer loop
      vertex 115 -3.39919 5.49838
      vertex 113.15 -1.72078 5.09543
      vertex 113.15 -3.39919 5.49838
    endloop
  endfacet
  facet normal -0 0.0784601 0.996917
    outer loop
      vertex 113.15 0 4.96
      vertex 115 -1.72078 5.09543
      vertex 115 0 4.96
    endloop
  endfacet
  facet normal 0 0.0784601 0.996917
    outer loop
      vertex 115 -1.72078 5.09543
      vertex 113.15 0 4.96
      vertex 113.15 -1.72078 5.09543
    endloop
  endfacet
  facet normal 0 -0.233445 0.97237
    outer loop
      vertex 113.15 3.39919 5.49838
      vertex 115 1.72078 5.09543
      vertex 115 3.39919 5.49838
    endloop
  endfacet
  facet normal 0 -0.233445 0.97237
    outer loop
      vertex 115 1.72078 5.09543
      vertex 113.15 3.39919 5.49838
      vertex 113.15 1.72078 5.09543
    endloop
  endfacet
  facet normal 0 -0.0784601 0.996917
    outer loop
      vertex 113.15 1.72078 5.09543
      vertex 115 0 4.96
      vertex 115 1.72078 5.09543
    endloop
  endfacet
  facet normal 0 -0.0784601 0.996917
    outer loop
      vertex 115 0 4.96
      vertex 113.15 1.72078 5.09543
      vertex 113.15 0 4.96
    endloop
  endfacet
  facet normal 0 -0.760405 0.64945
    outer loop
      vertex 113.15 7.77817 8.18182
      vertex 115 8.89919 9.49436
      vertex 113.15 8.89919 9.49436
    endloop
  endfacet
  facet normal 0 -0.760405 0.64945
    outer loop
      vertex 115 8.89919 9.49436
      vertex 113.15 7.77817 8.18182
      vertex 115 7.77817 8.18182
    endloop
  endfacet
  facet normal 0 -0.382685 0.923879
    outer loop
      vertex 113.15 4.99389 6.15893
      vertex 115 3.39919 5.49838
      vertex 115 4.99389 6.15893
    endloop
  endfacet
  facet normal 0 -0.382685 0.923879
    outer loop
      vertex 115 3.39919 5.49838
      vertex 113.15 4.99389 6.15893
      vertex 113.15 3.39919 5.49838
    endloop
  endfacet
  facet normal 0 -0.972363 0.233474
    outer loop
      vertex 113.15 10.4616 12.5608
      vertex 115 10.8646 14.2392
      vertex 113.15 10.8646 14.2392
    endloop
  endfacet
  facet normal 0 -0.972363 0.233474
    outer loop
      vertex 115 10.8646 14.2392
      vertex 113.15 10.4616 12.5608
      vertex 115 10.4616 12.5608
    endloop
  endfacet
  facet normal 0 -0.923883 -0.382675
    outer loop
      vertex 113.15 10.4616 42.3592
      vertex 115 9.80107 43.9539
      vertex 113.15 9.80107 43.9539
    endloop
  endfacet
  facet normal 0 -0.923883 -0.382675
    outer loop
      vertex 115 9.80107 43.9539
      vertex 113.15 10.4616 42.3592
      vertex 115 10.4616 42.3592
    endloop
  endfacet
  facet normal 0 -0.852635 -0.522507
    outer loop
      vertex 113.15 9.80107 43.9539
      vertex 115 8.89919 45.4256
      vertex 113.15 8.89919 45.4256
    endloop
  endfacet
  facet normal 0 -0.852635 -0.522507
    outer loop
      vertex 115 8.89919 45.4256
      vertex 113.15 9.80107 43.9539
      vertex 115 9.80107 43.9539
    endloop
  endfacet
  facet normal 0 -0.233472 -0.972363
    outer loop
      vertex 113.15 1.72078 49.8246
      vertex 115 3.39919 49.4216
      vertex 115 1.72078 49.8246
    endloop
  endfacet
  facet normal -0 -0.233472 -0.972363
    outer loop
      vertex 115 3.39919 49.4216
      vertex 113.15 1.72078 49.8246
      vertex 113.15 3.39919 49.4216
    endloop
  endfacet
  facet normal 0 0.0784428 -0.996919
    outer loop
      vertex 113.15 -1.72078 49.8246
      vertex 115 0 49.96
      vertex 115 -1.72078 49.8246
    endloop
  endfacet
  facet normal 0 0.0784428 -0.996919
    outer loop
      vertex 115 0 49.96
      vertex 113.15 -1.72078 49.8246
      vertex 113.15 0 49.96
    endloop
  endfacet
  facet normal 0 0.852641 0.522497
    outer loop
      vertex 115 -8.89919 9.49436
      vertex 113.15 -9.80107 10.9661
      vertex 115 -9.80107 10.9661
    endloop
  endfacet
  facet normal 0 0.852641 0.522497
    outer loop
      vertex 113.15 -9.80107 10.9661
      vertex 115 -8.89919 9.49436
      vertex 113.15 -8.89919 9.49436
    endloop
  endfacet
  facet normal 0 0.923883 0.382675
    outer loop
      vertex 115 -9.80107 10.9661
      vertex 113.15 -10.4616 12.5608
      vertex 115 -10.4616 12.5608
    endloop
  endfacet
  facet normal 0 0.923883 0.382675
    outer loop
      vertex 113.15 -10.4616 12.5608
      vertex 115 -9.80107 10.9661
      vertex 113.15 -9.80107 10.9661
    endloop
  endfacet
  facet normal -0 0.649449 0.760405
    outer loop
      vertex 113.15 -6.46564 7.06081
      vertex 115 -7.77817 8.18182
      vertex 115 -6.46564 7.06081
    endloop
  endfacet
  facet normal 0 0.649449 0.760405
    outer loop
      vertex 115 -7.77817 8.18182
      vertex 113.15 -6.46564 7.06081
      vertex 113.15 -7.77817 8.18182
    endloop
  endfacet
  facet normal 0 1 -0
    outer loop
      vertex 115 -11 15.96
      vertex 113.15 -11 38.96
      vertex 115 -11 38.96
    endloop
  endfacet
  facet normal 0 1 0
    outer loop
      vertex 113.15 -11 38.96
      vertex 115 -11 15.96
      vertex 113.15 -11 15.96
    endloop
  endfacet
  facet normal 0 0.382661 -0.923889
    outer loop
      vertex 113.15 -4.99389 48.7611
      vertex 115 -3.39919 49.4216
      vertex 115 -4.99389 48.7611
    endloop
  endfacet
  facet normal 0 0.382661 -0.923889
    outer loop
      vertex 115 -3.39919 49.4216
      vertex 113.15 -4.99389 48.7611
      vertex 113.15 -3.39919 49.4216
    endloop
  endfacet
  facet normal -0 0.382685 0.923879
    outer loop
      vertex 113.15 -3.39919 5.49838
      vertex 115 -4.99389 6.15893
      vertex 115 -3.39919 5.49838
    endloop
  endfacet
  facet normal 0 0.382685 0.923879
    outer loop
      vertex 115 -4.99389 6.15893
      vertex 113.15 -3.39919 5.49838
      vertex 113.15 -4.99389 6.15893
    endloop
  endfacet
  facet normal 0 -0.852641 0.522497
    outer loop
      vertex 113.15 8.89919 9.49436
      vertex 115 9.80107 10.9661
      vertex 113.15 9.80107 10.9661
    endloop
  endfacet
  facet normal 0 -0.852641 0.522497
    outer loop
      vertex 115 9.80107 10.9661
      vertex 113.15 8.89919 9.49436
      vertex 115 8.89919 9.49436
    endloop
  endfacet
  facet normal 0 -0.522495 0.852643
    outer loop
      vertex 113.15 6.46564 7.06081
      vertex 115 4.99389 6.15893
      vertex 115 6.46564 7.06081
    endloop
  endfacet
  facet normal 0 -0.522495 0.852643
    outer loop
      vertex 115 4.99389 6.15893
      vertex 113.15 6.46564 7.06081
      vertex 113.15 4.99389 6.15893
    endloop
  endfacet
  facet normal 0 -0.923883 0.382675
    outer loop
      vertex 113.15 9.80107 10.9661
      vertex 115 10.4616 12.5608
      vertex 113.15 10.4616 12.5608
    endloop
  endfacet
  facet normal 0 -0.923883 0.382675
    outer loop
      vertex 115 10.4616 12.5608
      vertex 113.15 9.80107 10.9661
      vertex 115 9.80107 10.9661
    endloop
  endfacet
  facet normal 0 -0.382661 -0.923889
    outer loop
      vertex 113.15 3.39919 49.4216
      vertex 115 4.99389 48.7611
      vertex 115 3.39919 49.4216
    endloop
  endfacet
  facet normal -0 -0.382661 -0.923889
    outer loop
      vertex 115 4.99389 48.7611
      vertex 113.15 3.39919 49.4216
      vertex 113.15 4.99389 48.7611
    endloop
  endfacet
  facet normal 0 0.760405 0.64945
    outer loop
      vertex 115 -7.77817 8.18182
      vertex 113.15 -8.89919 9.49436
      vertex 115 -8.89919 9.49436
    endloop
  endfacet
  facet normal 0 0.760405 0.64945
    outer loop
      vertex 113.15 -8.89919 9.49436
      vertex 115 -7.77817 8.18182
      vertex 113.15 -7.77817 8.18182
    endloop
  endfacet
  facet normal 0 0.522503 -0.852637
    outer loop
      vertex 113.15 -6.46564 47.8592
      vertex 115 -4.99389 48.7611
      vertex 115 -6.46564 47.8592
    endloop
  endfacet
  facet normal 0 0.522503 -0.852637
    outer loop
      vertex 115 -4.99389 48.7611
      vertex 113.15 -6.46564 47.8592
      vertex 113.15 -4.99389 48.7611
    endloop
  endfacet
  facet normal 0 -0.649449 0.760405
    outer loop
      vertex 113.15 7.77817 8.18182
      vertex 115 6.46564 7.06081
      vertex 115 7.77817 8.18182
    endloop
  endfacet
  facet normal 0 -0.649449 0.760405
    outer loop
      vertex 115 6.46564 7.06081
      vertex 113.15 7.77817 8.18182
      vertex 113.15 6.46564 7.06081
    endloop
  endfacet
  facet normal -0 0.522495 0.852643
    outer loop
      vertex -115 -4.99389 6.15893
      vertex -113.15 -6.46564 7.06081
      vertex -113.15 -4.99389 6.15893
    endloop
  endfacet
  facet normal 0 0.522495 0.852643
    outer loop
      vertex -113.15 -6.46564 7.06081
      vertex -115 -4.99389 6.15893
      vertex -115 -6.46564 7.06081
    endloop
  endfacet
  facet normal 0 0.972363 0.233474
    outer loop
      vertex -113.15 -10.4616 12.5608
      vertex -115 -10.8646 14.2392
      vertex -113.15 -10.8646 14.2392
    endloop
  endfacet
  facet normal 0 0.972363 0.233474
    outer loop
      vertex -115 -10.8646 14.2392
      vertex -113.15 -10.4616 12.5608
      vertex -115 -10.4616 12.5608
    endloop
  endfacet
  facet normal 0 -0.996919 0.0784419
    outer loop
      vertex -115 10.8646 14.2392
      vertex -113.15 11 15.96
      vertex -115 11 15.96
    endloop
  endfacet
  facet normal 0 -0.996919 0.0784419
    outer loop
      vertex -113.15 11 15.96
      vertex -115 10.8646 14.2392
      vertex -113.15 10.8646 14.2392
    endloop
  endfacet
  facet normal 0 -0.522503 -0.852637
    outer loop
      vertex -115 4.99389 48.7611
      vertex -113.15 6.46564 47.8592
      vertex -113.15 4.99389 48.7611
    endloop
  endfacet
  facet normal -0 -0.522503 -0.852637
    outer loop
      vertex -113.15 6.46564 47.8592
      vertex -115 4.99389 48.7611
      vertex -115 6.46564 47.8592
    endloop
  endfacet
  facet normal 0 -0.0784428 -0.996919
    outer loop
      vertex -115 0 49.96
      vertex -113.15 1.72078 49.8246
      vertex -113.15 0 49.96
    endloop
  endfacet
  facet normal -0 -0.0784428 -0.996919
    outer loop
      vertex -113.15 1.72078 49.8246
      vertex -115 0 49.96
      vertex -115 1.72078 49.8246
    endloop
  endfacet
  facet normal 0 0.996919 -0.0784419
    outer loop
      vertex -113.15 -11 38.96
      vertex -115 -10.8646 40.6808
      vertex -113.15 -10.8646 40.6808
    endloop
  endfacet
  facet normal 0 0.996919 -0.0784419
    outer loop
      vertex -115 -10.8646 40.6808
      vertex -113.15 -11 38.96
      vertex -115 -11 38.96
    endloop
  endfacet
  facet normal 0 0.923883 -0.382675
    outer loop
      vertex -113.15 -10.4616 42.3592
      vertex -115 -9.80107 43.9539
      vertex -113.15 -9.80107 43.9539
    endloop
  endfacet
  facet normal 0 0.923883 -0.382675
    outer loop
      vertex -115 -9.80107 43.9539
      vertex -113.15 -10.4616 42.3592
      vertex -115 -10.4616 42.3592
    endloop
  endfacet
  facet normal 0 0.233472 -0.972363
    outer loop
      vertex -115 -3.39919 49.4216
      vertex -113.15 -1.72078 49.8246
      vertex -113.15 -3.39919 49.4216
    endloop
  endfacet
  facet normal 0 0.233472 -0.972363
    outer loop
      vertex -113.15 -1.72078 49.8246
      vertex -115 -3.39919 49.4216
      vertex -115 -1.72078 49.8246
    endloop
  endfacet
  facet normal 0 -0.649446 -0.760408
    outer loop
      vertex -115 6.46564 47.8592
      vertex -113.15 7.77817 46.7382
      vertex -113.15 6.46564 47.8592
    endloop
  endfacet
  facet normal -0 -0.649446 -0.760408
    outer loop
      vertex -113.15 7.77817 46.7382
      vertex -115 6.46564 47.8592
      vertex -115 7.77817 46.7382
    endloop
  endfacet
  facet normal 0 -0.760419 -0.649433
    outer loop
      vertex -115 8.89919 45.4256
      vertex -113.15 7.77817 46.7382
      vertex -115 7.77817 46.7382
    endloop
  endfacet
  facet normal 0 -0.760419 -0.649433
    outer loop
      vertex -113.15 7.77817 46.7382
      vertex -115 8.89919 45.4256
      vertex -113.15 8.89919 45.4256
    endloop
  endfacet
  facet normal 0 -0.972363 -0.233474
    outer loop
      vertex -115 10.8646 40.6808
      vertex -113.15 10.4616 42.3592
      vertex -115 10.4616 42.3592
    endloop
  endfacet
  facet normal 0 -0.972363 -0.233474
    outer loop
      vertex -113.15 10.4616 42.3592
      vertex -115 10.8646 40.6808
      vertex -113.15 10.8646 40.6808
    endloop
  endfacet
  facet normal 0 -0.996919 -0.0784419
    outer loop
      vertex -115 11 38.96
      vertex -113.15 10.8646 40.6808
      vertex -115 10.8646 40.6808
    endloop
  endfacet
  facet normal 0 -0.996919 -0.0784419
    outer loop
      vertex -113.15 10.8646 40.6808
      vertex -115 11 38.96
      vertex -113.15 11 38.96
    endloop
  endfacet
  facet normal 0 -1 0
    outer loop
      vertex -115 11 15.96
      vertex -113.15 11 38.96
      vertex -115 11 38.96
    endloop
  endfacet
  facet normal 0 -1 -0
    outer loop
      vertex -113.15 11 38.96
      vertex -115 11 15.96
      vertex -113.15 11 15.96
    endloop
  endfacet
  facet normal 0 0.996919 0.0784419
    outer loop
      vertex -113.15 -10.8646 14.2392
      vertex -115 -11 15.96
      vertex -113.15 -11 15.96
    endloop
  endfacet
  facet normal 0 0.996919 0.0784419
    outer loop
      vertex -115 -11 15.96
      vertex -113.15 -10.8646 14.2392
      vertex -115 -10.8646 14.2392
    endloop
  endfacet
  facet normal 0 0.972363 -0.233474
    outer loop
      vertex -113.15 -10.8646 40.6808
      vertex -115 -10.4616 42.3592
      vertex -113.15 -10.4616 42.3592
    endloop
  endfacet
  facet normal 0 0.972363 -0.233474
    outer loop
      vertex -115 -10.4616 42.3592
      vertex -113.15 -10.8646 40.6808
      vertex -115 -10.8646 40.6808
    endloop
  endfacet
  facet normal 0 0.760419 -0.649433
    outer loop
      vertex -113.15 -8.89919 45.4256
      vertex -115 -7.77817 46.7382
      vertex -113.15 -7.77817 46.7382
    endloop
  endfacet
  facet normal 0 0.760419 -0.649433
    outer loop
      vertex -115 -7.77817 46.7382
      vertex -113.15 -8.89919 45.4256
      vertex -115 -8.89919 45.4256
    endloop
  endfacet
  facet normal 0 0.852635 -0.522507
    outer loop
      vertex -113.15 -9.80107 43.9539
      vertex -115 -8.89919 45.4256
      vertex -113.15 -8.89919 45.4256
    endloop
  endfacet
  facet normal 0 0.852635 -0.522507
    outer loop
      vertex -115 -8.89919 45.4256
      vertex -113.15 -9.80107 43.9539
      vertex -115 -9.80107 43.9539
    endloop
  endfacet
  facet normal 0 0.649446 -0.760408
    outer loop
      vertex -115 -7.77817 46.7382
      vertex -113.15 -6.46564 47.8592
      vertex -113.15 -7.77817 46.7382
    endloop
  endfacet
  facet normal 0 0.649446 -0.760408
    outer loop
      vertex -113.15 -6.46564 47.8592
      vertex -115 -7.77817 46.7382
      vertex -115 -6.46564 47.8592
    endloop
  endfacet
  facet normal -0 0.233445 0.97237
    outer loop
      vertex -115 -1.72078 5.09543
      vertex -113.15 -3.39919 5.49838
      vertex -113.15 -1.72078 5.09543
    endloop
  endfacet
  facet normal 0 0.233445 0.97237
    outer loop
      vertex -113.15 -3.39919 5.49838
      vertex -115 -1.72078 5.09543
      vertex -115 -3.39919 5.49838
    endloop
  endfacet
  facet normal -0 0.0784601 0.996917
    outer loop
      vertex -115 0 4.96
      vertex -113.15 -1.72078 5.09543
      vertex -113.15 0 4.96
    endloop
  endfacet
  facet normal 0 0.0784601 0.996917
    outer loop
      vertex -113.15 -1.72078 5.09543
      vertex -115 0 4.96
      vertex -115 -1.72078 5.09543
    endloop
  endfacet
  facet normal 0 -0.0784601 0.996917
    outer loop
      vertex -115 1.72078 5.09543
      vertex -113.15 0 4.96
      vertex -113.15 1.72078 5.09543
    endloop
  endfacet
  facet normal 0 -0.0784601 0.996917
    outer loop
      vertex -113.15 0 4.96
      vertex -115 1.72078 5.09543
      vertex -115 0 4.96
    endloop
  endfacet
  facet normal 0 -0.760405 0.64945
    outer loop
      vertex -115 7.77817 8.18182
      vertex -113.15 8.89919 9.49436
      vertex -115 8.89919 9.49436
    endloop
  endfacet
  facet normal 0 -0.760405 0.64945
    outer loop
      vertex -113.15 8.89919 9.49436
      vertex -115 7.77817 8.18182
      vertex -113.15 7.77817 8.18182
    endloop
  endfacet
  facet normal 0 -0.382685 0.923879
    outer loop
      vertex -115 4.99389 6.15893
      vertex -113.15 3.39919 5.49838
      vertex -113.15 4.99389 6.15893
    endloop
  endfacet
  facet normal 0 -0.382685 0.923879
    outer loop
      vertex -113.15 3.39919 5.49838
      vertex -115 4.99389 6.15893
      vertex -115 3.39919 5.49838
    endloop
  endfacet
  facet normal 0 -0.972363 0.233474
    outer loop
      vertex -115 10.4616 12.5608
      vertex -113.15 10.8646 14.2392
      vertex -115 10.8646 14.2392
    endloop
  endfacet
  facet normal 0 -0.972363 0.233474
    outer loop
      vertex -113.15 10.8646 14.2392
      vertex -115 10.4616 12.5608
      vertex -113.15 10.4616 12.5608
    endloop
  endfacet
  facet normal 0 -0.923883 -0.382675
    outer loop
      vertex -115 10.4616 42.3592
      vertex -113.15 9.80107 43.9539
      vertex -115 9.80107 43.9539
    endloop
  endfacet
  facet normal 0 -0.923883 -0.382675
    outer loop
      vertex -113.15 9.80107 43.9539
      vertex -115 10.4616 42.3592
      vertex -113.15 10.4616 42.3592
    endloop
  endfacet
  facet normal 0 -0.852635 -0.522507
    outer loop
      vertex -115 9.80107 43.9539
      vertex -113.15 8.89919 45.4256
      vertex -115 8.89919 45.4256
    endloop
  endfacet
  facet normal 0 -0.852635 -0.522507
    outer loop
      vertex -113.15 8.89919 45.4256
      vertex -115 9.80107 43.9539
      vertex -113.15 9.80107 43.9539
    endloop
  endfacet
  facet normal 0 -0.233472 -0.972363
    outer loop
      vertex -115 1.72078 49.8246
      vertex -113.15 3.39919 49.4216
      vertex -113.15 1.72078 49.8246
    endloop
  endfacet
  facet normal -0 -0.233472 -0.972363
    outer loop
      vertex -113.15 3.39919 49.4216
      vertex -115 1.72078 49.8246
      vertex -115 3.39919 49.4216
    endloop
  endfacet
  facet normal 0 0.0784428 -0.996919
    outer loop
      vertex -115 -1.72078 49.8246
      vertex -113.15 0 49.96
      vertex -113.15 -1.72078 49.8246
    endloop
  endfacet
  facet normal 0 0.0784428 -0.996919
    outer loop
      vertex -113.15 0 49.96
      vertex -115 -1.72078 49.8246
      vertex -115 0 49.96
    endloop
  endfacet
  facet normal 0 0.852641 0.522497
    outer loop
      vertex -113.15 -8.89919 9.49436
      vertex -115 -9.80107 10.9661
      vertex -113.15 -9.80107 10.9661
    endloop
  endfacet
  facet normal 0 0.852641 0.522497
    outer loop
      vertex -115 -9.80107 10.9661
      vertex -113.15 -8.89919 9.49436
      vertex -115 -8.89919 9.49436
    endloop
  endfacet
  facet normal 0 0.923883 0.382675
    outer loop
      vertex -113.15 -9.80107 10.9661
      vertex -115 -10.4616 12.5608
      vertex -113.15 -10.4616 12.5608
    endloop
  endfacet
  facet normal 0 0.923883 0.382675
    outer loop
      vertex -115 -10.4616 12.5608
      vertex -113.15 -9.80107 10.9661
      vertex -115 -9.80107 10.9661
    endloop
  endfacet
  facet normal -0 0.649449 0.760405
    outer loop
      vertex -115 -6.46564 7.06081
      vertex -113.15 -7.77817 8.18182
      vertex -113.15 -6.46564 7.06081
    endloop
  endfacet
  facet normal 0 0.649449 0.760405
    outer loop
      vertex -113.15 -7.77817 8.18182
      vertex -115 -6.46564 7.06081
      vertex -115 -7.77817 8.18182
    endloop
  endfacet
  facet normal 0 1 -0
    outer loop
      vertex -113.15 -11 15.96
      vertex -115 -11 38.96
      vertex -113.15 -11 38.96
    endloop
  endfacet
  facet normal 0 1 0
    outer loop
      vertex -115 -11 38.96
      vertex -113.15 -11 15.96
      vertex -115 -11 15.96
    endloop
  endfacet
  facet normal 0 0.382661 -0.923889
    outer loop
      vertex -115 -4.99389 48.7611
      vertex -113.15 -3.39919 49.4216
      vertex -113.15 -4.99389 48.7611
    endloop
  endfacet
  facet normal 0 0.382661 -0.923889
    outer loop
      vertex -113.15 -3.39919 49.4216
      vertex -115 -4.99389 48.7611
      vertex -115 -3.39919 49.4216
    endloop
  endfacet
  facet normal -0 0.382685 0.923879
    outer loop
      vertex -115 -3.39919 5.49838
      vertex -113.15 -4.99389 6.15893
      vertex -113.15 -3.39919 5.49838
    endloop
  endfacet
  facet normal 0 0.382685 0.923879
    outer loop
      vertex -113.15 -4.99389 6.15893
      vertex -115 -3.39919 5.49838
      vertex -115 -4.99389 6.15893
    endloop
  endfacet
  facet normal 0 -0.852641 0.522497
    outer loop
      vertex -115 8.89919 9.49436
      vertex -113.15 9.80107 10.9661
      vertex -115 9.80107 10.9661
    endloop
  endfacet
  facet normal 0 -0.852641 0.522497
    outer loop
      vertex -113.15 9.80107 10.9661
      vertex -115 8.89919 9.49436
      vertex -113.15 8.89919 9.49436
    endloop
  endfacet
  facet normal 0 -0.233445 0.97237
    outer loop
      vertex -115 3.39919 5.49838
      vertex -113.15 1.72078 5.09543
      vertex -113.15 3.39919 5.49838
    endloop
  endfacet
  facet normal 0 -0.233445 0.97237
    outer loop
      vertex -113.15 1.72078 5.09543
      vertex -115 3.39919 5.49838
      vertex -115 1.72078 5.09543
    endloop
  endfacet
  facet normal 0 -0.522495 0.852643
    outer loop
      vertex -115 6.46564 7.06081
      vertex -113.15 4.99389 6.15893
      vertex -113.15 6.46564 7.06081
    endloop
  endfacet
  facet normal 0 -0.522495 0.852643
    outer loop
      vertex -113.15 4.99389 6.15893
      vertex -115 6.46564 7.06081
      vertex -115 4.99389 6.15893
    endloop
  endfacet
  facet normal 0 -0.923883 0.382675
    outer loop
      vertex -115 9.80107 10.9661
      vertex -113.15 10.4616 12.5608
      vertex -115 10.4616 12.5608
    endloop
  endfacet
  facet normal 0 -0.923883 0.382675
    outer loop
      vertex -113.15 10.4616 12.5608
      vertex -115 9.80107 10.9661
      vertex -113.15 9.80107 10.9661
    endloop
  endfacet
  facet normal 0 -0.382661 -0.923889
    outer loop
      vertex -115 3.39919 49.4216
      vertex -113.15 4.99389 48.7611
      vertex -113.15 3.39919 49.4216
    endloop
  endfacet
  facet normal -0 -0.382661 -0.923889
    outer loop
      vertex -113.15 4.99389 48.7611
      vertex -115 3.39919 49.4216
      vertex -115 4.99389 48.7611
    endloop
  endfacet
  facet normal 0 0.760405 0.64945
    outer loop
      vertex -113.15 -7.77817 8.18182
      vertex -115 -8.89919 9.49436
      vertex -113.15 -8.89919 9.49436
    endloop
  endfacet
  facet normal 0 0.760405 0.64945
    outer loop
      vertex -115 -8.89919 9.49436
      vertex -113.15 -7.77817 8.18182
      vertex -115 -7.77817 8.18182
    endloop
  endfacet
  facet normal 0 0.522503 -0.852637
    outer loop
      vertex -115 -6.46564 47.8592
      vertex -113.15 -4.99389 48.7611
      vertex -113.15 -6.46564 47.8592
    endloop
  endfacet
  facet normal 0 0.522503 -0.852637
    outer loop
      vertex -113.15 -4.99389 48.7611
      vertex -115 -6.46564 47.8592
      vertex -115 -4.99389 48.7611
    endloop
  endfacet
  facet normal 0 -0.649449 0.760405
    outer loop
      vertex -115 7.77817 8.18182
      vertex -113.15 6.46564 7.06081
      vertex -113.15 7.77817 8.18182
    endloop
  endfacet
  facet normal 0 -0.649449 0.760405
    outer loop
      vertex -113.15 6.46564 7.06081
      vertex -115 7.77817 8.18182
      vertex -115 6.46564 7.06081
    endloop
  endfacet
  facet normal -0.852694 -0.522411 0
    outer loop
      vertex 134.547 -63.6611 0
      vertex 133.883 -62.5773 11.1
      vertex 133.883 -62.5773 0
    endloop
  endfacet
  facet normal -0.852694 -0.522411 0
    outer loop
      vertex 133.883 -62.5773 11.1
      vertex 134.547 -63.6611 0
      vertex 134.547 -63.6611 11.1
    endloop
  endfacet
  facet normal -0.923716 -0.383079 0
    outer loop
      vertex 133.883 -62.5773 0
      vertex 133.396 -61.403 11.1
      vertex 133.396 -61.403 0
    endloop
  endfacet
  facet normal -0.923716 -0.383079 0
    outer loop
      vertex 133.396 -61.403 11.1
      vertex 133.883 -62.5773 0
      vertex 133.883 -62.5773 11.1
    endloop
  endfacet
  facet normal 0.382827 -0.92382 0
    outer loop
      vertex 361.403 -66.6036 0
      vertex 362.577 -66.1171 11.1
      vertex 361.403 -66.6036 11.1
    endloop
  endfacet
  facet normal 0.382827 -0.92382 0
    outer loop
      vertex 362.577 -66.1171 11.1
      vertex 361.403 -66.6036 0
      vertex 362.577 -66.1171 0
    endloop
  endfacet
  facet normal -0.760588 -0.649235 0
    outer loop
      vertex 135.372 -64.6276 0
      vertex 134.547 -63.6611 11.1
      vertex 134.547 -63.6611 0
    endloop
  endfacet
  facet normal -0.760588 -0.649235 0
    outer loop
      vertex 134.547 -63.6611 11.1
      vertex 135.372 -64.6276 0
      vertex 135.372 -64.6276 11.1
    endloop
  endfacet
  facet normal -0.0784473 -0.996918 0
    outer loop
      vertex 139.833 -66.9003 0
      vertex 141.1 -67 11.1
      vertex 139.833 -66.9003 11.1
    endloop
  endfacet
  facet normal -0.0784473 -0.996918 -0
    outer loop
      vertex 141.1 -67 11.1
      vertex 139.833 -66.9003 0
      vertex 141.1 -67 0
    endloop
  endfacet
  facet normal -0.522398 -0.852702 0
    outer loop
      vertex 136.339 -65.453 0
      vertex 137.423 -66.1171 11.1
      vertex 136.339 -65.453 11.1
    endloop
  endfacet
  facet normal -0.522398 -0.852702 -0
    outer loop
      vertex 137.423 -66.1171 11.1
      vertex 136.339 -65.453 0
      vertex 137.423 -66.1171 0
    endloop
  endfacet
  facet normal -0 0 1
    outer loop
      vertex 364.746 59.4494 11.1
      vertex 367 58.9001 11.1
      vertex 366.9 60.1671 11.1
    endloop
  endfacet
  facet normal 0 0 1
    outer loop
      vertex 367 58.9001 11.1
      vertex 365.15 56.9 11.1
      vertex 367 -58.9001 11.1
    endloop
  endfacet
  facet normal 0 0 1
    outer loop
      vertex 364.746 59.4494 11.1
      vertex 366.9 60.1671 11.1
      vertex 366.604 61.403 11.1
    endloop
  endfacet
  facet normal -0 0 1
    outer loop
      vertex 365.15 -56.9 11.1
      vertex 367 -58.9001 11.1
      vertex 365.15 56.9 11.1
    endloop
  endfacet
  facet normal 0 0 1
    outer loop
      vertex 364.251 60.6454 11.1
      vertex 366.604 61.403 11.1
      vertex 366.117 62.5773 11.1
    endloop
  endfacet
  facet normal -0 0 1
    outer loop
      vertex 365.048 -58.1906 11.1
      vertex 367 -58.9001 11.1
      vertex 365.15 -56.9 11.1
    endloop
  endfacet
  facet normal 0 0 1
    outer loop
      vertex 363.574 61.7492 11.1
      vertex 366.117 62.5773 11.1
      vertex 365.453 63.6611 11.1
    endloop
  endfacet
  facet normal 0 0 1
    outer loop
      vertex 364.746 -59.4494 11.1
      vertex 367 -58.9001 11.1
      vertex 365.048 -58.1906 11.1
    endloop
  endfacet
  facet normal 0 0 1
    outer loop
      vertex 367 -58.9001 11.1
      vertex 364.746 -59.4494 11.1
      vertex 366.9 -60.1671 11.1
    endloop
  endfacet
  facet normal 0 0 1
    outer loop
      vertex 367 58.9001 11.1
      vertex 365.048 58.1906 11.1
      vertex 365.15 56.9 11.1
    endloop
  endfacet
  facet normal 0 0 1
    outer loop
      vertex 367 58.9001 11.1
      vertex 364.746 59.4494 11.1
      vertex 365.048 58.1906 11.1
    endloop
  endfacet
  facet normal 0 0 1
    outer loop
      vertex 362.734 62.7336 11.1
      vertex 365.453 63.6611 11.1
      vertex 364.628 64.6276 11.1
    endloop
  endfacet
  facet normal 0 0 1
    outer loop
      vertex 366.604 61.403 11.1
      vertex 364.251 60.6454 11.1
      vertex 364.746 59.4494 11.1
    endloop
  endfacet
  facet normal 0 0 1
    outer loop
      vertex 362.734 62.7336 11.1
      vertex 364.628 64.6276 11.1
      vertex 363.661 65.453 11.1
    endloop
  endfacet
  facet normal 0 0 1
    outer loop
      vertex 366.117 62.5773 11.1
      vertex 363.574 61.7492 11.1
      vertex 364.251 60.6454 11.1
    endloop
  endfacet
  facet normal 0 0 1
    outer loop
      vertex 365.453 63.6611 11.1
      vertex 362.734 62.7336 11.1
      vertex 363.574 61.7492 11.1
    endloop
  endfacet
  facet normal 0 0 1
    outer loop
      vertex 361.749 63.5744 11.1
      vertex 363.661 65.453 11.1
      vertex 362.577 66.1171 11.1
    endloop
  endfacet
  facet normal 0 0 1
    outer loop
      vertex 363.661 65.453 11.1
      vertex 361.749 63.5744 11.1
      vertex 362.734 62.7336 11.1
    endloop
  endfacet
  facet normal 0 0 1
    outer loop
      vertex 360.645 64.2508 11.1
      vertex 362.577 66.1171 11.1
      vertex 361.403 66.6036 11.1
    endloop
  endfacet
  facet normal 0 0 1
    outer loop
      vertex 362.577 66.1171 11.1
      vertex 360.645 64.2508 11.1
      vertex 361.749 63.5744 11.1
    endloop
  endfacet
  facet normal 0 0 1
    outer loop
      vertex 360.167 66.9003 11.1
      vertex 360.645 64.2508 11.1
      vertex 361.403 66.6036 11.1
    endloop
  endfacet
  facet normal 0 0 1
    outer loop
      vertex 360.167 66.9003 11.1
      vertex 359.449 64.7462 11.1
      vertex 360.645 64.2508 11.1
    endloop
  endfacet
  facet normal 0 0 1
    outer loop
      vertex 358.9 67 11.1
      vertex 359.449 64.7462 11.1
      vertex 360.167 66.9003 11.1
    endloop
  endfacet
  facet normal 0 0 1
    outer loop
      vertex 358.9 67 11.1
      vertex 358.191 65.0484 11.1
      vertex 359.449 64.7462 11.1
    endloop
  endfacet
  facet normal 0 0 1
    outer loop
      vertex 358.9 67 11.1
      vertex 356.9 65.15 11.1
      vertex 358.191 65.0484 11.1
    endloop
  endfacet
  facet normal 0 0 1
    outer loop
      vertex 358.9 67 11.1
      vertex 143.1 65.15 11.1
      vertex 356.9 65.15 11.1
    endloop
  endfacet
  facet normal -0 0 1
    outer loop
      vertex 141.1 67 11.1
      vertex 143.1 65.15 11.1
      vertex 358.9 67 11.1
    endloop
  endfacet
  facet normal 0 0 1
    outer loop
      vertex 141.1 67 11.1
      vertex 141.809 65.0484 11.1
      vertex 143.1 65.15 11.1
    endloop
  endfacet
  facet normal 0 0 1
    outer loop
      vertex 141.1 67 11.1
      vertex 140.551 64.7462 11.1
      vertex 141.809 65.0484 11.1
    endloop
  endfacet
  facet normal -0 0 1
    outer loop
      vertex 139.833 66.9003 11.1
      vertex 140.551 64.7462 11.1
      vertex 141.1 67 11.1
    endloop
  endfacet
  facet normal 0 0 1
    outer loop
      vertex 139.833 66.9003 11.1
      vertex 139.355 64.2508 11.1
      vertex 140.551 64.7462 11.1
    endloop
  endfacet
  facet normal -0 0 1
    outer loop
      vertex 138.597 66.6036 11.1
      vertex 139.355 64.2508 11.1
      vertex 139.833 66.9003 11.1
    endloop
  endfacet
  facet normal -0 0 1
    outer loop
      vertex 137.423 66.1171 11.1
      vertex 139.355 64.2508 11.1
      vertex 138.597 66.6036 11.1
    endloop
  endfacet
  facet normal 0 0 1
    outer loop
      vertex 139.355 64.2508 11.1
      vertex 137.423 66.1171 11.1
      vertex 138.251 63.5744 11.1
    endloop
  endfacet
  facet normal -0 0 1
    outer loop
      vertex 136.339 65.453 11.1
      vertex 138.251 63.5744 11.1
      vertex 137.423 66.1171 11.1
    endloop
  endfacet
  facet normal 0 0 1
    outer loop
      vertex 138.251 63.5744 11.1
      vertex 136.339 65.453 11.1
      vertex 137.266 62.7336 11.1
    endloop
  endfacet
  facet normal -0 0 1
    outer loop
      vertex 135.372 64.6276 11.1
      vertex 137.266 62.7336 11.1
      vertex 136.339 65.453 11.1
    endloop
  endfacet
  facet normal -0 0 1
    outer loop
      vertex 134.547 63.6611 11.1
      vertex 137.266 62.7336 11.1
      vertex 135.372 64.6276 11.1
    endloop
  endfacet
  facet normal 0 0 1
    outer loop
      vertex 137.266 62.7336 11.1
      vertex 134.547 63.6611 11.1
      vertex 136.426 61.7492 11.1
    endloop
  endfacet
  facet normal -0 0 1
    outer loop
      vertex 133.883 62.5773 11.1
      vertex 136.426 61.7492 11.1
      vertex 134.547 63.6611 11.1
    endloop
  endfacet
  facet normal 0 0 1
    outer loop
      vertex 136.426 61.7492 11.1
      vertex 133.883 62.5773 11.1
      vertex 135.749 60.6454 11.1
    endloop
  endfacet
  facet normal -0 0 1
    outer loop
      vertex 133.396 61.403 11.1
      vertex 135.749 60.6454 11.1
      vertex 133.883 62.5773 11.1
    endloop
  endfacet
  facet normal -0 0 1
    outer loop
      vertex 133.1 60.1671 11.1
      vertex 135.254 59.4494 11.1
      vertex 133.396 61.403 11.1
    endloop
  endfacet
  facet normal 0 0 1
    outer loop
      vertex 135.749 60.6454 11.1
      vertex 133.396 61.403 11.1
      vertex 135.254 59.4494 11.1
    endloop
  endfacet
  facet normal 0 0 1
    outer loop
      vertex 366.9 -60.1671 11.1
      vertex 364.746 -59.4494 11.1
      vertex 366.604 -61.403 11.1
    endloop
  endfacet
  facet normal -0 0 1
    outer loop
      vertex 364.251 -60.6454 11.1
      vertex 366.604 -61.403 11.1
      vertex 364.746 -59.4494 11.1
    endloop
  endfacet
  facet normal 0 0 1
    outer loop
      vertex 366.604 -61.403 11.1
      vertex 364.251 -60.6454 11.1
      vertex 366.117 -62.5773 11.1
    endloop
  endfacet
  facet normal -0 0 1
    outer loop
      vertex 363.574 -61.7492 11.1
      vertex 366.117 -62.5773 11.1
      vertex 364.251 -60.6454 11.1
    endloop
  endfacet
  facet normal 0 0 1
    outer loop
      vertex 366.117 -62.5773 11.1
      vertex 363.574 -61.7492 11.1
      vertex 365.453 -63.6611 11.1
    endloop
  endfacet
  facet normal -0 0 1
    outer loop
      vertex 362.734 -62.7336 11.1
      vertex 365.453 -63.6611 11.1
      vertex 363.574 -61.7492 11.1
    endloop
  endfacet
  facet normal 0 0 1
    outer loop
      vertex 365.453 -63.6611 11.1
      vertex 362.734 -62.7336 11.1
      vertex 364.628 -64.6276 11.1
    endloop
  endfacet
  facet normal 0 0 1
    outer loop
      vertex 364.628 -64.6276 11.1
      vertex 362.734 -62.7336 11.1
      vertex 363.661 -65.453 11.1
    endloop
  endfacet
  facet normal -0 0 1
    outer loop
      vertex 361.749 -63.5744 11.1
      vertex 363.661 -65.453 11.1
      vertex 362.734 -62.7336 11.1
    endloop
  endfacet
  facet normal 0 0 1
    outer loop
      vertex 363.661 -65.453 11.1
      vertex 361.749 -63.5744 11.1
      vertex 362.577 -66.1171 11.1
    endloop
  endfacet
  facet normal -0 0 1
    outer loop
      vertex 360.645 -64.2508 11.1
      vertex 362.577 -66.1171 11.1
      vertex 361.749 -63.5744 11.1
    endloop
  endfacet
  facet normal 0 0 1
    outer loop
      vertex 362.577 -66.1171 11.1
      vertex 360.645 -64.2508 11.1
      vertex 361.403 -66.6036 11.1
    endloop
  endfacet
  facet normal 0 0 1
    outer loop
      vertex 360.645 -64.2508 11.1
      vertex 360.167 -66.9003 11.1
      vertex 361.403 -66.6036 11.1
    endloop
  endfacet
  facet normal -0 0 1
    outer loop
      vertex 359.449 -64.7462 11.1
      vertex 360.167 -66.9003 11.1
      vertex 360.645 -64.2508 11.1
    endloop
  endfacet
  facet normal 0 0 1
    outer loop
      vertex 359.449 -64.7462 11.1
      vertex 358.9 -67 11.1
      vertex 360.167 -66.9003 11.1
    endloop
  endfacet
  facet normal -0 0 1
    outer loop
      vertex 358.191 -65.0484 11.1
      vertex 358.9 -67 11.1
      vertex 359.449 -64.7462 11.1
    endloop
  endfacet
  facet normal -0 0 1
    outer loop
      vertex 356.9 -65.15 11.1
      vertex 358.9 -67 11.1
      vertex 358.191 -65.0484 11.1
    endloop
  endfacet
  facet normal -0 0 1
    outer loop
      vertex 143.1 -65.15 11.1
      vertex 358.9 -67 11.1
      vertex 356.9 -65.15 11.1
    endloop
  endfacet
  facet normal 0 0 1
    outer loop
      vertex 143.1 -65.15 11.1
      vertex 141.1 -67 11.1
      vertex 358.9 -67 11.1
    endloop
  endfacet
  facet normal 0 0 1
    outer loop
      vertex 141.809 -65.0484 11.1
      vertex 141.1 -67 11.1
      vertex 143.1 -65.15 11.1
    endloop
  endfacet
  facet normal 0 0 1
    outer loop
      vertex 140.551 -64.7462 11.1
      vertex 141.1 -67 11.1
      vertex 141.809 -65.0484 11.1
    endloop
  endfacet
  facet normal 0 0 1
    outer loop
      vertex 140.551 -64.7462 11.1
      vertex 139.833 -66.9003 11.1
      vertex 141.1 -67 11.1
    endloop
  endfacet
  facet normal 0 0 1
    outer loop
      vertex 139.355 -64.2508 11.1
      vertex 139.833 -66.9003 11.1
      vertex 140.551 -64.7462 11.1
    endloop
  endfacet
  facet normal 0 0 1
    outer loop
      vertex 139.355 -64.2508 11.1
      vertex 138.597 -66.6036 11.1
      vertex 139.833 -66.9003 11.1
    endloop
  endfacet
  facet normal 0 0 1
    outer loop
      vertex 137.423 -66.1171 11.1
      vertex 139.355 -64.2508 11.1
      vertex 138.251 -63.5744 11.1
    endloop
  endfacet
  facet normal 0 0 1
    outer loop
      vertex 139.355 -64.2508 11.1
      vertex 137.423 -66.1171 11.1
      vertex 138.597 -66.6036 11.1
    endloop
  endfacet
  facet normal 0 0 1
    outer loop
      vertex 136.339 -65.453 11.1
      vertex 138.251 -63.5744 11.1
      vertex 137.266 -62.7336 11.1
    endloop
  endfacet
  facet normal 0 0 1
    outer loop
      vertex 134.547 -63.6611 11.1
      vertex 137.266 -62.7336 11.1
      vertex 136.426 -61.7492 11.1
    endloop
  endfacet
  facet normal 0 0 1
    outer loop
      vertex 138.251 -63.5744 11.1
      vertex 136.339 -65.453 11.1
      vertex 137.423 -66.1171 11.1
    endloop
  endfacet
  facet normal 0 0 1
    outer loop
      vertex 133.883 -62.5773 11.1
      vertex 136.426 -61.7492 11.1
      vertex 135.749 -60.6454 11.1
    endloop
  endfacet
  facet normal 0 0 1
    outer loop
      vertex 137.266 -62.7336 11.1
      vertex 135.372 -64.6276 11.1
      vertex 136.339 -65.453 11.1
    endloop
  endfacet
  facet normal 0 0 1
    outer loop
      vertex 133.396 -61.403 11.1
      vertex 135.749 -60.6454 11.1
      vertex 135.254 -59.4494 11.1
    endloop
  endfacet
  facet normal -0 0 1
    outer loop
      vertex 133 -58.9001 11.1
      vertex 135.254 -59.4494 11.1
      vertex 134.952 -58.1906 11.1
    endloop
  endfacet
  facet normal 0 0 1
    outer loop
      vertex 133 -58.9001 11.1
      vertex 134.952 -58.1906 11.1
      vertex 134.85 -56.9 11.1
    endloop
  endfacet
  facet normal 0 0 1
    outer loop
      vertex 137.266 -62.7336 11.1
      vertex 134.547 -63.6611 11.1
      vertex 135.372 -64.6276 11.1
    endloop
  endfacet
  facet normal 0 0 1
    outer loop
      vertex 134.85 56.9 11.1
      vertex 133 58.9001 11.1
      vertex 134.85 -56.9 11.1
    endloop
  endfacet
  facet normal 0 0 1
    outer loop
      vertex 133 58.9001 11.1
      vertex 135.254 59.4494 11.1
      vertex 133.1 60.1671 11.1
    endloop
  endfacet
  facet normal 0 0 1
    outer loop
      vertex 133 -58.9001 11.1
      vertex 134.85 -56.9 11.1
      vertex 133 58.9001 11.1
    endloop
  endfacet
  facet normal 0 0 1
    outer loop
      vertex 135.254 59.4494 11.1
      vertex 133 58.9001 11.1
      vertex 134.952 58.1906 11.1
    endloop
  endfacet
  facet normal 0 0 1
    outer loop
      vertex 135.254 -59.4494 11.1
      vertex 133 -58.9001 11.1
      vertex 133.1 -60.1671 11.1
    endloop
  endfacet
  facet normal 0 0 1
    outer loop
      vertex 134.952 58.1906 11.1
      vertex 133 58.9001 11.1
      vertex 134.85 56.9 11.1
    endloop
  endfacet
  facet normal 0 0 1
    outer loop
      vertex 136.426 -61.7492 11.1
      vertex 133.883 -62.5773 11.1
      vertex 134.547 -63.6611 11.1
    endloop
  endfacet
  facet normal 0 0 1
    outer loop
      vertex 135.749 -60.6454 11.1
      vertex 133.396 -61.403 11.1
      vertex 133.883 -62.5773 11.1
    endloop
  endfacet
  facet normal 0 0 1
    outer loop
      vertex 135.254 -59.4494 11.1
      vertex 133.1 -60.1671 11.1
      vertex 133.396 -61.403 11.1
    endloop
  endfacet
  facet normal -0.382827 -0.92382 0
    outer loop
      vertex 137.423 -66.1171 0
      vertex 138.597 -66.6036 11.1
      vertex 137.423 -66.1171 11.1
    endloop
  endfacet
  facet normal -0.382827 -0.92382 -0
    outer loop
      vertex 138.597 -66.6036 11.1
      vertex 137.423 -66.1171 0
      vertex 138.597 -66.6036 0
    endloop
  endfacet
  facet normal -0.233418 -0.972377 0
    outer loop
      vertex 138.597 -66.6036 0
      vertex 139.833 -66.9003 11.1
      vertex 138.597 -66.6036 11.1
    endloop
  endfacet
  facet normal -0.233418 -0.972377 -0
    outer loop
      vertex 139.833 -66.9003 11.1
      vertex 138.597 -66.6036 0
      vertex 139.833 -66.9003 0
    endloop
  endfacet
  facet normal -0.649222 -0.760599 0
    outer loop
      vertex 135.372 -64.6276 0
      vertex 136.339 -65.453 11.1
      vertex 135.372 -64.6276 11.1
    endloop
  endfacet
  facet normal -0.649222 -0.760599 -0
    outer loop
      vertex 136.339 -65.453 11.1
      vertex 135.372 -64.6276 0
      vertex 136.339 -65.453 0
    endloop
  endfacet
  facet normal -0.9969 -0.0786819 0
    outer loop
      vertex 133.1 -60.1671 0
      vertex 133 -58.9001 11.1
      vertex 133 -58.9001 0
    endloop
  endfacet
  facet normal -0.9969 -0.0786819 0
    outer loop
      vertex 133 -58.9001 11.1
      vertex 133.1 -60.1671 0
      vertex 133.1 -60.1671 11.1
    endloop
  endfacet
  facet normal -1 0 0
    outer loop
      vertex 133 -58.9001 0
      vertex 133 58.9001 11.1
      vertex 133 58.9001 0
    endloop
  endfacet
  facet normal -1 -0 0
    outer loop
      vertex 133 58.9001 11.1
      vertex 133 -58.9001 0
      vertex 133 -58.9001 11.1
    endloop
  endfacet
  facet normal 0.0784473 0.996918 -0
    outer loop
      vertex 360.167 66.9003 0
      vertex 358.9 67 11.1
      vertex 360.167 66.9003 11.1
    endloop
  endfacet
  facet normal 0.0784473 0.996918 0
    outer loop
      vertex 358.9 67 11.1
      vertex 360.167 66.9003 0
      vertex 358.9 67 0
    endloop
  endfacet
  facet normal 0 1 -0
    outer loop
      vertex 358.9 67 0
      vertex 141.1 67 11.1
      vertex 358.9 67 11.1
    endloop
  endfacet
  facet normal 0 1 0
    outer loop
      vertex 141.1 67 11.1
      vertex 358.9 67 0
      vertex 141.1 67 0
    endloop
  endfacet
  facet normal 1 -0 0
    outer loop
      vertex 367 -58.9001 11.1
      vertex 367 58.9001 0
      vertex 367 58.9001 11.1
    endloop
  endfacet
  facet normal 1 0 0
    outer loop
      vertex 367 58.9001 0
      vertex 367 -58.9001 11.1
      vertex 367 -58.9001 0
    endloop
  endfacet
  facet normal 0.649222 0.760599 -0
    outer loop
      vertex 364.628 64.6276 0
      vertex 363.661 65.453 11.1
      vertex 364.628 64.6276 11.1
    endloop
  endfacet
  facet normal 0.649222 0.760599 0
    outer loop
      vertex 363.661 65.453 11.1
      vertex 364.628 64.6276 0
      vertex 363.661 65.453 0
    endloop
  endfacet
  facet normal 0 -1 0
    outer loop
      vertex 141.1 -67 0
      vertex 358.9 -67 11.1
      vertex 141.1 -67 11.1
    endloop
  endfacet
  facet normal 0 -1 -0
    outer loop
      vertex 358.9 -67 11.1
      vertex 141.1 -67 0
      vertex 358.9 -67 0
    endloop
  endfacet
  facet normal 0 0 -1
    outer loop
      vertex 358.9 -67 0
      vertex 367 -58.9001 0
      vertex 366.9 -60.1671 0
    endloop
  endfacet
  facet normal -0 0 -1
    outer loop
      vertex 367 -58.9001 0
      vertex 358.9 -67 0
      vertex 367 58.9001 0
    endloop
  endfacet
  facet normal 0 0 -1
    outer loop
      vertex 358.9 -67 0
      vertex 366.9 -60.1671 0
      vertex 366.604 -61.403 0
    endloop
  endfacet
  facet normal 0 0 -1
    outer loop
      vertex 358.9 67 0
      vertex 367 58.9001 0
      vertex 358.9 -67 0
    endloop
  endfacet
  facet normal 0 0 -1
    outer loop
      vertex 358.9 -67 0
      vertex 366.604 -61.403 0
      vertex 366.117 -62.5773 0
    endloop
  endfacet
  facet normal 0 0 -1
    outer loop
      vertex 367 58.9001 0
      vertex 358.9 67 0
      vertex 366.9 60.1671 0
    endloop
  endfacet
  facet normal 0 0 -1
    outer loop
      vertex 358.9 -67 0
      vertex 366.117 -62.5773 0
      vertex 365.453 -63.6611 0
    endloop
  endfacet
  facet normal 0 0 -1
    outer loop
      vertex 366.9 60.1671 0
      vertex 358.9 67 0
      vertex 366.604 61.403 0
    endloop
  endfacet
  facet normal 0 0 -1
    outer loop
      vertex 358.9 -67 0
      vertex 365.453 -63.6611 0
      vertex 364.628 -64.6276 0
    endloop
  endfacet
  facet normal 0 0 -1
    outer loop
      vertex 366.604 61.403 0
      vertex 358.9 67 0
      vertex 366.117 62.5773 0
    endloop
  endfacet
  facet normal 0 0 -1
    outer loop
      vertex 358.9 -67 0
      vertex 364.628 -64.6276 0
      vertex 363.661 -65.453 0
    endloop
  endfacet
  facet normal 0 0 -1
    outer loop
      vertex 366.117 62.5773 0
      vertex 358.9 67 0
      vertex 365.453 63.6611 0
    endloop
  endfacet
  facet normal 0 0 -1
    outer loop
      vertex 358.9 -67 0
      vertex 363.661 -65.453 0
      vertex 362.577 -66.1171 0
    endloop
  endfacet
  facet normal 0 0 -1
    outer loop
      vertex 365.453 63.6611 0
      vertex 358.9 67 0
      vertex 364.628 64.6276 0
    endloop
  endfacet
  facet normal 0 0 -1
    outer loop
      vertex 358.9 -67 0
      vertex 362.577 -66.1171 0
      vertex 361.403 -66.6036 0
    endloop
  endfacet
  facet normal 0 0 -1
    outer loop
      vertex 364.628 64.6276 0
      vertex 358.9 67 0
      vertex 363.661 65.453 0
    endloop
  endfacet
  facet normal 0 0 -1
    outer loop
      vertex 358.9 -67 0
      vertex 361.403 -66.6036 0
      vertex 360.167 -66.9003 0
    endloop
  endfacet
  facet normal 0 0 -1
    outer loop
      vertex 363.661 65.453 0
      vertex 358.9 67 0
      vertex 362.577 66.1171 0
    endloop
  endfacet
  facet normal 0 0 -1
    outer loop
      vertex 362.577 66.1171 0
      vertex 358.9 67 0
      vertex 361.403 66.6036 0
    endloop
  endfacet
  facet normal 0 0 -1
    outer loop
      vertex 361.403 66.6036 0
      vertex 358.9 67 0
      vertex 360.167 66.9003 0
    endloop
  endfacet
  facet normal 0 0 -1
    outer loop
      vertex 141.1 -67 0
      vertex 358.9 67 0
      vertex 358.9 -67 0
    endloop
  endfacet
  facet normal 0 0 -1
    outer loop
      vertex 141.1 -67 0
      vertex 141.1 67 0
      vertex 358.9 67 0
    endloop
  endfacet
  facet normal 0 0 -1
    outer loop
      vertex 133 -58.9001 0
      vertex 141.1 -67 0
      vertex 139.833 -66.9003 0
    endloop
  endfacet
  facet normal 0 0 -1
    outer loop
      vertex 141.1 -67 0
      vertex 133 -58.9001 0
      vertex 141.1 67 0
    endloop
  endfacet
  facet normal 0 0 -1
    outer loop
      vertex 133 -58.9001 0
      vertex 139.833 -66.9003 0
      vertex 138.597 -66.6036 0
    endloop
  endfacet
  facet normal 0 0 -1
    outer loop
      vertex 133 58.9001 0
      vertex 141.1 67 0
      vertex 133 -58.9001 0
    endloop
  endfacet
  facet normal 0 0 -1
    outer loop
      vertex 133 -58.9001 0
      vertex 138.597 -66.6036 0
      vertex 137.423 -66.1171 0
    endloop
  endfacet
  facet normal 0 0 -1
    outer loop
      vertex 141.1 67 0
      vertex 133 58.9001 0
      vertex 139.833 66.9003 0
    endloop
  endfacet
  facet normal 0 0 -1
    outer loop
      vertex 133 -58.9001 0
      vertex 137.423 -66.1171 0
      vertex 136.339 -65.453 0
    endloop
  endfacet
  facet normal 0 0 -1
    outer loop
      vertex 139.833 66.9003 0
      vertex 133 58.9001 0
      vertex 138.597 66.6036 0
    endloop
  endfacet
  facet normal 0 0 -1
    outer loop
      vertex 133 -58.9001 0
      vertex 136.339 -65.453 0
      vertex 135.372 -64.6276 0
    endloop
  endfacet
  facet normal 0 0 -1
    outer loop
      vertex 138.597 66.6036 0
      vertex 133 58.9001 0
      vertex 137.423 66.1171 0
    endloop
  endfacet
  facet normal 0 0 -1
    outer loop
      vertex 133 -58.9001 0
      vertex 135.372 -64.6276 0
      vertex 134.547 -63.6611 0
    endloop
  endfacet
  facet normal 0 0 -1
    outer loop
      vertex 137.423 66.1171 0
      vertex 133 58.9001 0
      vertex 136.339 65.453 0
    endloop
  endfacet
  facet normal 0 0 -1
    outer loop
      vertex 133 -58.9001 0
      vertex 134.547 -63.6611 0
      vertex 133.883 -62.5773 0
    endloop
  endfacet
  facet normal 0 0 -1
    outer loop
      vertex 136.339 65.453 0
      vertex 133 58.9001 0
      vertex 135.372 64.6276 0
    endloop
  endfacet
  facet normal 0 0 -1
    outer loop
      vertex 133 -58.9001 0
      vertex 133.883 -62.5773 0
      vertex 133.396 -61.403 0
    endloop
  endfacet
  facet normal 0 0 -1
    outer loop
      vertex 135.372 64.6276 0
      vertex 133 58.9001 0
      vertex 134.547 63.6611 0
    endloop
  endfacet
  facet normal 0 0 -1
    outer loop
      vertex 133 -58.9001 0
      vertex 133.396 -61.403 0
      vertex 133.1 -60.1671 0
    endloop
  endfacet
  facet normal 0 0 -1
    outer loop
      vertex 134.547 63.6611 0
      vertex 133 58.9001 0
      vertex 133.883 62.5773 0
    endloop
  endfacet
  facet normal 0 0 -1
    outer loop
      vertex 133.883 62.5773 0
      vertex 133 58.9001 0
      vertex 133.396 61.403 0
    endloop
  endfacet
  facet normal 0 0 -1
    outer loop
      vertex 133.396 61.403 0
      vertex 133 58.9001 0
      vertex 133.1 60.1671 0
    endloop
  endfacet
  facet normal -0.760588 0.649235 0
    outer loop
      vertex 134.547 63.6611 0
      vertex 135.372 64.6276 11.1
      vertex 135.372 64.6276 0
    endloop
  endfacet
  facet normal -0.760588 0.649235 0
    outer loop
      vertex 135.372 64.6276 11.1
      vertex 134.547 63.6611 0
      vertex 134.547 63.6611 11.1
    endloop
  endfacet
  facet normal -0.9969 0.0786819 0
    outer loop
      vertex 133 58.9001 0
      vertex 133.1 60.1671 11.1
      vertex 133.1 60.1671 0
    endloop
  endfacet
  facet normal -0.9969 0.0786819 0
    outer loop
      vertex 133.1 60.1671 11.1
      vertex 133 58.9001 0
      vertex 133 58.9001 11.1
    endloop
  endfacet
  facet normal 0.233418 0.972377 -0
    outer loop
      vertex 361.403 66.6036 0
      vertex 360.167 66.9003 11.1
      vertex 361.403 66.6036 11.1
    endloop
  endfacet
  facet normal 0.233418 0.972377 0
    outer loop
      vertex 360.167 66.9003 11.1
      vertex 361.403 66.6036 0
      vertex 360.167 66.9003 0
    endloop
  endfacet
  facet normal 0.382827 0.92382 -0
    outer loop
      vertex 362.577 66.1171 0
      vertex 361.403 66.6036 11.1
      vertex 362.577 66.1171 11.1
    endloop
  endfacet
  facet normal 0.382827 0.92382 0
    outer loop
      vertex 361.403 66.6036 11.1
      vertex 362.577 66.1171 0
      vertex 361.403 66.6036 0
    endloop
  endfacet
  facet normal 0.522398 0.852702 -0
    outer loop
      vertex 363.661 65.453 0
      vertex 362.577 66.1171 11.1
      vertex 363.661 65.453 11.1
    endloop
  endfacet
  facet normal 0.522398 0.852702 0
    outer loop
      vertex 362.577 66.1171 11.1
      vertex 363.661 65.453 0
      vertex 362.577 66.1171 0
    endloop
  endfacet
  facet normal -0.382827 0.92382 0
    outer loop
      vertex 138.597 66.6036 0
      vertex 137.423 66.1171 11.1
      vertex 138.597 66.6036 11.1
    endloop
  endfacet
  facet normal -0.382827 0.92382 0
    outer loop
      vertex 137.423 66.1171 11.1
      vertex 138.597 66.6036 0
      vertex 137.423 66.1171 0
    endloop
  endfacet
  facet normal 0.522398 -0.852702 0
    outer loop
      vertex 362.577 -66.1171 0
      vertex 363.661 -65.453 11.1
      vertex 362.577 -66.1171 11.1
    endloop
  endfacet
  facet normal 0.522398 -0.852702 0
    outer loop
      vertex 363.661 -65.453 11.1
      vertex 362.577 -66.1171 0
      vertex 363.661 -65.453 0
    endloop
  endfacet
  facet normal -0.972497 -0.232915 0
    outer loop
      vertex 133.396 -61.403 0
      vertex 133.1 -60.1671 11.1
      vertex 133.1 -60.1671 0
    endloop
  endfacet
  facet normal -0.972497 -0.232915 0
    outer loop
      vertex 133.1 -60.1671 11.1
      vertex 133.396 -61.403 0
      vertex 133.396 -61.403 11.1
    endloop
  endfacet
  facet normal -0.923716 0.383079 0
    outer loop
      vertex 133.396 61.403 0
      vertex 133.883 62.5773 11.1
      vertex 133.883 62.5773 0
    endloop
  endfacet
  facet normal -0.923716 0.383079 0
    outer loop
      vertex 133.883 62.5773 11.1
      vertex 133.396 61.403 0
      vertex 133.396 61.403 11.1
    endloop
  endfacet
  facet normal -0.852694 0.522411 0
    outer loop
      vertex 133.883 62.5773 0
      vertex 134.547 63.6611 11.1
      vertex 134.547 63.6611 0
    endloop
  endfacet
  facet normal -0.852694 0.522411 0
    outer loop
      vertex 134.547 63.6611 11.1
      vertex 133.883 62.5773 0
      vertex 133.883 62.5773 11.1
    endloop
  endfacet
  facet normal -0.972497 0.232915 0
    outer loop
      vertex 133.1 60.1671 0
      vertex 133.396 61.403 11.1
      vertex 133.396 61.403 0
    endloop
  endfacet
  facet normal -0.972497 0.232915 0
    outer loop
      vertex 133.396 61.403 11.1
      vertex 133.1 60.1671 0
      vertex 133.1 60.1671 11.1
    endloop
  endfacet
  facet normal 0.923716 0.383079 0
    outer loop
      vertex 366.604 61.403 11.1
      vertex 366.117 62.5773 0
      vertex 366.117 62.5773 11.1
    endloop
  endfacet
  facet normal 0.923716 0.383079 0
    outer loop
      vertex 366.117 62.5773 0
      vertex 366.604 61.403 11.1
      vertex 366.604 61.403 0
    endloop
  endfacet
  facet normal 0.923716 -0.383079 0
    outer loop
      vertex 366.117 -62.5773 11.1
      vertex 366.604 -61.403 0
      vertex 366.604 -61.403 11.1
    endloop
  endfacet
  facet normal 0.923716 -0.383079 0
    outer loop
      vertex 366.604 -61.403 0
      vertex 366.117 -62.5773 11.1
      vertex 366.117 -62.5773 0
    endloop
  endfacet
  facet normal 0.0784473 -0.996918 0
    outer loop
      vertex 358.9 -67 0
      vertex 360.167 -66.9003 11.1
      vertex 358.9 -67 11.1
    endloop
  endfacet
  facet normal 0.0784473 -0.996918 0
    outer loop
      vertex 360.167 -66.9003 11.1
      vertex 358.9 -67 0
      vertex 360.167 -66.9003 0
    endloop
  endfacet
  facet normal -0.649222 0.760599 0
    outer loop
      vertex 136.339 65.453 0
      vertex 135.372 64.6276 11.1
      vertex 136.339 65.453 11.1
    endloop
  endfacet
  facet normal -0.649222 0.760599 0
    outer loop
      vertex 135.372 64.6276 11.1
      vertex 136.339 65.453 0
      vertex 135.372 64.6276 0
    endloop
  endfacet
  facet normal -0.522398 0.852702 0
    outer loop
      vertex 137.423 66.1171 0
      vertex 136.339 65.453 11.1
      vertex 137.423 66.1171 11.1
    endloop
  endfacet
  facet normal -0.522398 0.852702 0
    outer loop
      vertex 136.339 65.453 11.1
      vertex 137.423 66.1171 0
      vertex 136.339 65.453 0
    endloop
  endfacet
  facet normal -0.233418 0.972377 0
    outer loop
      vertex 139.833 66.9003 0
      vertex 138.597 66.6036 11.1
      vertex 139.833 66.9003 11.1
    endloop
  endfacet
  facet normal -0.233418 0.972377 0
    outer loop
      vertex 138.597 66.6036 11.1
      vertex 139.833 66.9003 0
      vertex 138.597 66.6036 0
    endloop
  endfacet
  facet normal -0.0784473 0.996918 0
    outer loop
      vertex 141.1 67 0
      vertex 139.833 66.9003 11.1
      vertex 141.1 67 11.1
    endloop
  endfacet
  facet normal -0.0784473 0.996918 0
    outer loop
      vertex 139.833 66.9003 11.1
      vertex 141.1 67 0
      vertex 139.833 66.9003 0
    endloop
  endfacet
  facet normal 0.972497 0.232915 0
    outer loop
      vertex 366.9 60.1671 11.1
      vertex 366.604 61.403 0
      vertex 366.604 61.403 11.1
    endloop
  endfacet
  facet normal 0.972497 0.232915 0
    outer loop
      vertex 366.604 61.403 0
      vertex 366.9 60.1671 11.1
      vertex 366.9 60.1671 0
    endloop
  endfacet
  facet normal 0.9969 0.0786819 0
    outer loop
      vertex 367 58.9001 11.1
      vertex 366.9 60.1671 0
      vertex 366.9 60.1671 11.1
    endloop
  endfacet
  facet normal 0.9969 0.0786819 0
    outer loop
      vertex 366.9 60.1671 0
      vertex 367 58.9001 11.1
      vertex 367 58.9001 0
    endloop
  endfacet
  facet normal 0.852694 -0.522411 0
    outer loop
      vertex 365.453 -63.6611 11.1
      vertex 366.117 -62.5773 0
      vertex 366.117 -62.5773 11.1
    endloop
  endfacet
  facet normal 0.852694 -0.522411 0
    outer loop
      vertex 366.117 -62.5773 0
      vertex 365.453 -63.6611 11.1
      vertex 365.453 -63.6611 0
    endloop
  endfacet
  facet normal 0.760588 -0.649235 0
    outer loop
      vertex 364.628 -64.6276 11.1
      vertex 365.453 -63.6611 0
      vertex 365.453 -63.6611 11.1
    endloop
  endfacet
  facet normal 0.760588 -0.649235 0
    outer loop
      vertex 365.453 -63.6611 0
      vertex 364.628 -64.6276 11.1
      vertex 364.628 -64.6276 0
    endloop
  endfacet
  facet normal 0.972497 -0.232915 0
    outer loop
      vertex 366.604 -61.403 11.1
      vertex 366.9 -60.1671 0
      vertex 366.9 -60.1671 11.1
    endloop
  endfacet
  facet normal 0.972497 -0.232915 0
    outer loop
      vertex 366.9 -60.1671 0
      vertex 366.604 -61.403 11.1
      vertex 366.604 -61.403 0
    endloop
  endfacet
  facet normal 0.233418 -0.972377 0
    outer loop
      vertex 360.167 -66.9003 0
      vertex 361.403 -66.6036 11.1
      vertex 360.167 -66.9003 11.1
    endloop
  endfacet
  facet normal 0.233418 -0.972377 0
    outer loop
      vertex 361.403 -66.6036 11.1
      vertex 360.167 -66.9003 0
      vertex 361.403 -66.6036 0
    endloop
  endfacet
  facet normal 0.760588 0.649235 0
    outer loop
      vertex 365.453 63.6611 11.1
      vertex 364.628 64.6276 0
      vertex 364.628 64.6276 11.1
    endloop
  endfacet
  facet normal 0.760588 0.649235 0
    outer loop
      vertex 364.628 64.6276 0
      vertex 365.453 63.6611 11.1
      vertex 365.453 63.6611 0
    endloop
  endfacet
  facet normal 0.852694 0.522411 0
    outer loop
      vertex 366.117 62.5773 11.1
      vertex 365.453 63.6611 0
      vertex 365.453 63.6611 11.1
    endloop
  endfacet
  facet normal 0.852694 0.522411 0
    outer loop
      vertex 365.453 63.6611 0
      vertex 366.117 62.5773 11.1
      vertex 366.117 62.5773 0
    endloop
  endfacet
  facet normal 0.649222 -0.760599 0
    outer loop
      vertex 363.661 -65.453 0
      vertex 364.628 -64.6276 11.1
      vertex 363.661 -65.453 11.1
    endloop
  endfacet
  facet normal 0.649222 -0.760599 0
    outer loop
      vertex 364.628 -64.6276 11.1
      vertex 363.661 -65.453 0
      vertex 364.628 -64.6276 0
    endloop
  endfacet
  facet normal 0.9969 -0.0786819 0
    outer loop
      vertex 366.9 -60.1671 11.1
      vertex 367 -58.9001 0
      vertex 367 -58.9001 11.1
    endloop
  endfacet
  facet normal 0.9969 -0.0786819 0
    outer loop
      vertex 367 -58.9001 0
      vertex 366.9 -60.1671 11.1
      vertex 366.9 -60.1671 0
    endloop
  endfacet
  facet normal -0.760695 -0.64911 0
    outer loop
      vertex 363.574 61.7492 8.1
      vertex 362.734 62.7336 11.1
      vertex 362.734 62.7336 8.1
    endloop
  endfacet
  facet normal -0.760695 -0.64911 0
    outer loop
      vertex 362.734 62.7336 11.1
      vertex 363.574 61.7492 8.1
      vertex 363.574 61.7492 11.1
    endloop
  endfacet
  facet normal 0.233578 0.972338 -0
    outer loop
      vertex 141.809 -65.0484 8.1
      vertex 140.551 -64.7462 11.1
      vertex 141.809 -65.0484 11.1
    endloop
  endfacet
  facet normal 0.233578 0.972338 0
    outer loop
      vertex 140.551 -64.7462 11.1
      vertex 141.809 -65.0484 8.1
      vertex 140.551 -64.7462 8.1
    endloop
  endfacet
  facet normal 0.760695 0.64911 0
    outer loop
      vertex 137.266 -62.7336 11.1
      vertex 136.426 -61.7492 8.1
      vertex 136.426 -61.7492 11.1
    endloop
  endfacet
  facet normal 0.760695 0.64911 0
    outer loop
      vertex 136.426 -61.7492 8.1
      vertex 137.266 -62.7336 11.1
      vertex 137.266 -62.7336 8.1
    endloop
  endfacet
  facet normal 0.382684 -0.923879 0
    outer loop
      vertex 139.355 64.2508 8.1
      vertex 140.551 64.7462 11.1
      vertex 139.355 64.2508 11.1
    endloop
  endfacet
  facet normal 0.382684 -0.923879 0
    outer loop
      vertex 140.551 64.7462 11.1
      vertex 139.355 64.2508 8.1
      vertex 140.551 64.7462 8.1
    endloop
  endfacet
  facet normal -0.0784561 -0.996918 0
    outer loop
      vertex 356.9 65.15 8.1
      vertex 358.191 65.0484 11.1
      vertex 356.9 65.15 11.1
    endloop
  endfacet
  facet normal -0.0784561 -0.996918 -0
    outer loop
      vertex 358.191 65.0484 11.1
      vertex 356.9 65.15 8.1
      vertex 358.191 65.0484 8.1
    endloop
  endfacet
  facet normal 0.382684 0.923879 -0
    outer loop
      vertex 140.551 -64.7462 8.1
      vertex 139.355 -64.2508 11.1
      vertex 140.551 -64.7462 11.1
    endloop
  endfacet
  facet normal 0.382684 0.923879 0
    outer loop
      vertex 139.355 -64.2508 11.1
      vertex 140.551 -64.7462 8.1
      vertex 139.355 -64.2508 8.1
    endloop
  endfacet
  facet normal 0 -1 0
    outer loop
      vertex 143.1 65.15 8.1
      vertex 356.9 65.15 11.1
      vertex 143.1 65.15 11.1
    endloop
  endfacet
  facet normal 0 -1 -0
    outer loop
      vertex 356.9 65.15 11.1
      vertex 143.1 65.15 8.1
      vertex 356.9 65.15 8.1
    endloop
  endfacet
  facet normal -0.382684 -0.923879 0
    outer loop
      vertex 359.449 64.7462 8.1
      vertex 360.645 64.2508 11.1
      vertex 359.449 64.7462 11.1
    endloop
  endfacet
  facet normal -0.382684 -0.923879 -0
    outer loop
      vertex 360.645 64.2508 11.1
      vertex 359.449 64.7462 8.1
      vertex 360.645 64.2508 8.1
    endloop
  endfacet
  facet normal 0.996891 -0.0787873 0
    outer loop
      vertex 134.85 56.9 11.1
      vertex 134.952 58.1906 8.1
      vertex 134.952 58.1906 11.1
    endloop
  endfacet
  facet normal 0.996891 -0.0787873 0
    outer loop
      vertex 134.952 58.1906 8.1
      vertex 134.85 56.9 11.1
      vertex 134.85 56.9 8.1
    endloop
  endfacet
  facet normal 1 -0 0
    outer loop
      vertex 134.85 -56.9 11.1
      vertex 134.85 56.9 8.1
      vertex 134.85 56.9 11.1
    endloop
  endfacet
  facet normal 1 0 0
    outer loop
      vertex 134.85 56.9 8.1
      vertex 134.85 -56.9 11.1
      vertex 134.85 -56.9 8.1
    endloop
  endfacet
  facet normal 0.760695 -0.64911 0
    outer loop
      vertex 136.426 61.7492 11.1
      vertex 137.266 62.7336 8.1
      vertex 137.266 62.7336 11.1
    endloop
  endfacet
  facet normal 0.760695 -0.64911 0
    outer loop
      vertex 137.266 62.7336 8.1
      vertex 136.426 61.7492 11.1
      vertex 136.426 61.7492 8.1
    endloop
  endfacet
  facet normal -1 0 0
    outer loop
      vertex 365.15 -56.9 8.1
      vertex 365.15 56.9 11.1
      vertex 365.15 56.9 8.1
    endloop
  endfacet
  facet normal -1 -0 0
    outer loop
      vertex 365.15 56.9 11.1
      vertex 365.15 -56.9 8.1
      vertex 365.15 -56.9 11.1
    endloop
  endfacet
  facet normal -0.233578 -0.972338 0
    outer loop
      vertex 358.191 65.0484 8.1
      vertex 359.449 64.7462 11.1
      vertex 358.191 65.0484 11.1
    endloop
  endfacet
  facet normal -0.233578 -0.972338 -0
    outer loop
      vertex 359.449 64.7462 11.1
      vertex 358.191 65.0484 8.1
      vertex 359.449 64.7462 8.1
    endloop
  endfacet
  facet normal -0.649238 -0.760585 0
    outer loop
      vertex 361.749 63.5744 8.1
      vertex 362.734 62.7336 11.1
      vertex 361.749 63.5744 11.1
    endloop
  endfacet
  facet normal -0.649238 -0.760585 -0
    outer loop
      vertex 362.734 62.7336 11.1
      vertex 361.749 63.5744 8.1
      vertex 362.734 62.7336 8.1
    endloop
  endfacet
  facet normal 0.649238 -0.760585 0
    outer loop
      vertex 137.266 62.7336 8.1
      vertex 138.251 63.5744 11.1
      vertex 137.266 62.7336 11.1
    endloop
  endfacet
  facet normal 0.649238 -0.760585 0
    outer loop
      vertex 138.251 63.5744 11.1
      vertex 137.266 62.7336 8.1
      vertex 138.251 63.5744 8.1
    endloop
  endfacet
  facet normal 0 0 1
    outer loop
      vertex 356.9 65.15 8.1
      vertex 365.15 56.9 8.1
      vertex 365.048 58.1906 8.1
    endloop
  endfacet
  facet normal 0 0 1
    outer loop
      vertex 365.15 56.9 8.1
      vertex 258.575 0 8.1
      vertex 365.15 -56.9 8.1
    endloop
  endfacet
  facet normal 0 0 1
    outer loop
      vertex 356.9 65.15 8.1
      vertex 365.048 58.1906 8.1
      vertex 364.746 59.4494 8.1
    endloop
  endfacet
  facet normal -0 0 1
    outer loop
      vertex 258.469 -1.34142 8.1
      vertex 365.15 -56.9 8.1
      vertex 258.575 0 8.1
    endloop
  endfacet
  facet normal 0 0 1
    outer loop
      vertex 356.9 65.15 8.1
      vertex 364.746 59.4494 8.1
      vertex 364.251 60.6454 8.1
    endloop
  endfacet
  facet normal -0 0 1
    outer loop
      vertex 258.155 -2.64982 8.1
      vertex 365.15 -56.9 8.1
      vertex 258.469 -1.34142 8.1
    endloop
  endfacet
  facet normal 0 0 1
    outer loop
      vertex 356.9 65.15 8.1
      vertex 364.251 60.6454 8.1
      vertex 363.574 61.7492 8.1
    endloop
  endfacet
  facet normal 0 0 1
    outer loop
      vertex 365.15 -56.9 8.1
      vertex 356.9 -65.15 8.1
      vertex 365.048 -58.1906 8.1
    endloop
  endfacet
  facet normal 0 0 1
    outer loop
      vertex 356.9 65.15 8.1
      vertex 363.574 61.7492 8.1
      vertex 362.734 62.7336 8.1
    endloop
  endfacet
  facet normal 0 0 1
    outer loop
      vertex 258.155 2.64982 8.1
      vertex 365.15 56.9 8.1
      vertex 356.9 65.15 8.1
    endloop
  endfacet
  facet normal 0 0 1
    outer loop
      vertex 356.9 65.15 8.1
      vertex 362.734 62.7336 8.1
      vertex 361.749 63.5744 8.1
    endloop
  endfacet
  facet normal 0 0 1
    outer loop
      vertex 364.746 -59.4494 8.1
      vertex 356.9 -65.15 8.1
      vertex 364.251 -60.6454 8.1
    endloop
  endfacet
  facet normal 0 0 1
    outer loop
      vertex 356.9 65.15 8.1
      vertex 361.749 63.5744 8.1
      vertex 360.645 64.2508 8.1
    endloop
  endfacet
  facet normal 0 0 1
    outer loop
      vertex 363.574 -61.7492 8.1
      vertex 356.9 -65.15 8.1
      vertex 362.734 -62.7336 8.1
    endloop
  endfacet
  facet normal 0 0 1
    outer loop
      vertex 356.9 65.15 8.1
      vertex 360.645 64.2508 8.1
      vertex 359.449 64.7462 8.1
    endloop
  endfacet
  facet normal 0 0 1
    outer loop
      vertex 362.734 -62.7336 8.1
      vertex 356.9 -65.15 8.1
      vertex 361.749 -63.5744 8.1
    endloop
  endfacet
  facet normal 0 0 1
    outer loop
      vertex 356.9 65.15 8.1
      vertex 359.449 64.7462 8.1
      vertex 358.191 65.0484 8.1
    endloop
  endfacet
  facet normal 0 0 1
    outer loop
      vertex 361.749 -63.5744 8.1
      vertex 356.9 -65.15 8.1
      vertex 360.645 -64.2508 8.1
    endloop
  endfacet
  facet normal 0 0 1
    outer loop
      vertex 360.645 -64.2508 8.1
      vertex 356.9 -65.15 8.1
      vertex 359.449 -64.7462 8.1
    endloop
  endfacet
  facet normal 0 0 1
    outer loop
      vertex 359.449 -64.7462 8.1
      vertex 356.9 -65.15 8.1
      vertex 358.191 -65.0484 8.1
    endloop
  endfacet
  facet normal 0 0 1
    outer loop
      vertex 364.251 -60.6454 8.1
      vertex 356.9 -65.15 8.1
      vertex 363.574 -61.7492 8.1
    endloop
  endfacet
  facet normal 0 0 1
    outer loop
      vertex 365.15 56.9 8.1
      vertex 258.469 1.34142 8.1
      vertex 258.575 0 8.1
    endloop
  endfacet
  facet normal 0 0 1
    outer loop
      vertex 365.15 56.9 8.1
      vertex 258.155 2.64982 8.1
      vertex 258.469 1.34142 8.1
    endloop
  endfacet
  facet normal 0 0 1
    outer loop
      vertex 356.9 65.15 8.1
      vertex 257.64 3.89297 8.1
      vertex 258.155 2.64982 8.1
    endloop
  endfacet
  facet normal 0 0 1
    outer loop
      vertex 356.9 65.15 8.1
      vertex 256.937 5.04026 8.1
      vertex 257.64 3.89297 8.1
    endloop
  endfacet
  facet normal 0 0 1
    outer loop
      vertex 356.9 65.15 8.1
      vertex 256.063 6.06344 8.1
      vertex 256.937 5.04026 8.1
    endloop
  endfacet
  facet normal 0 0 1
    outer loop
      vertex 356.9 65.15 8.1
      vertex 255.04 6.93732 8.1
      vertex 256.063 6.06344 8.1
    endloop
  endfacet
  facet normal 0 0 1
    outer loop
      vertex 356.9 65.15 8.1
      vertex 253.893 7.64038 8.1
      vertex 255.04 6.93732 8.1
    endloop
  endfacet
  facet normal 0 0 1
    outer loop
      vertex 356.9 65.15 8.1
      vertex 252.65 8.15531 8.1
      vertex 253.893 7.64038 8.1
    endloop
  endfacet
  facet normal 0 0 1
    outer loop
      vertex 356.9 65.15 8.1
      vertex 251.341 8.46943 8.1
      vertex 252.65 8.15531 8.1
    endloop
  endfacet
  facet normal 0 0 1
    outer loop
      vertex 356.9 65.15 8.1
      vertex 250 8.575 8.1
      vertex 251.341 8.46943 8.1
    endloop
  endfacet
  facet normal -0 0 1
    outer loop
      vertex 143.1 65.15 8.1
      vertex 250 8.575 8.1
      vertex 356.9 65.15 8.1
    endloop
  endfacet
  facet normal 0 0 1
    outer loop
      vertex 250 8.575 8.1
      vertex 143.1 65.15 8.1
      vertex 248.659 8.46943 8.1
    endloop
  endfacet
  facet normal 0 0 1
    outer loop
      vertex 248.659 8.46943 8.1
      vertex 143.1 65.15 8.1
      vertex 247.35 8.15531 8.1
    endloop
  endfacet
  facet normal 0 0 1
    outer loop
      vertex 241.845 2.64982 8.1
      vertex 134.85 56.9 8.1
      vertex 241.531 1.34142 8.1
    endloop
  endfacet
  facet normal -0 0 1
    outer loop
      vertex 134.85 56.9 8.1
      vertex 241.845 2.64982 8.1
      vertex 143.1 65.15 8.1
    endloop
  endfacet
  facet normal 0 0 1
    outer loop
      vertex 242.36 3.89297 8.1
      vertex 143.1 65.15 8.1
      vertex 241.845 2.64982 8.1
    endloop
  endfacet
  facet normal 0 0 1
    outer loop
      vertex 243.063 5.04026 8.1
      vertex 143.1 65.15 8.1
      vertex 242.36 3.89297 8.1
    endloop
  endfacet
  facet normal 0 0 1
    outer loop
      vertex 243.937 6.06344 8.1
      vertex 143.1 65.15 8.1
      vertex 243.063 5.04026 8.1
    endloop
  endfacet
  facet normal 0 0 1
    outer loop
      vertex 244.96 6.93732 8.1
      vertex 143.1 65.15 8.1
      vertex 243.937 6.06344 8.1
    endloop
  endfacet
  facet normal 0 0 1
    outer loop
      vertex 246.107 7.64038 8.1
      vertex 143.1 65.15 8.1
      vertex 244.96 6.93732 8.1
    endloop
  endfacet
  facet normal 0 0 1
    outer loop
      vertex 247.35 8.15531 8.1
      vertex 143.1 65.15 8.1
      vertex 246.107 7.64038 8.1
    endloop
  endfacet
  facet normal 0 0 1
    outer loop
      vertex 365.048 -58.1906 8.1
      vertex 356.9 -65.15 8.1
      vertex 364.746 -59.4494 8.1
    endloop
  endfacet
  facet normal 0 0 1
    outer loop
      vertex 365.15 -56.9 8.1
      vertex 258.155 -2.64982 8.1
      vertex 356.9 -65.15 8.1
    endloop
  endfacet
  facet normal -0 0 1
    outer loop
      vertex 257.64 -3.89297 8.1
      vertex 356.9 -65.15 8.1
      vertex 258.155 -2.64982 8.1
    endloop
  endfacet
  facet normal -0 0 1
    outer loop
      vertex 256.937 -5.04026 8.1
      vertex 356.9 -65.15 8.1
      vertex 257.64 -3.89297 8.1
    endloop
  endfacet
  facet normal -0 0 1
    outer loop
      vertex 256.063 -6.06344 8.1
      vertex 356.9 -65.15 8.1
      vertex 256.937 -5.04026 8.1
    endloop
  endfacet
  facet normal -0 0 1
    outer loop
      vertex 255.04 -6.93732 8.1
      vertex 356.9 -65.15 8.1
      vertex 256.063 -6.06344 8.1
    endloop
  endfacet
  facet normal -0 0 1
    outer loop
      vertex 253.893 -7.64038 8.1
      vertex 356.9 -65.15 8.1
      vertex 255.04 -6.93732 8.1
    endloop
  endfacet
  facet normal -0 0 1
    outer loop
      vertex 252.65 -8.15531 8.1
      vertex 356.9 -65.15 8.1
      vertex 253.893 -7.64038 8.1
    endloop
  endfacet
  facet normal -0 0 1
    outer loop
      vertex 251.341 -8.46943 8.1
      vertex 356.9 -65.15 8.1
      vertex 252.65 -8.15531 8.1
    endloop
  endfacet
  facet normal -0 0 1
    outer loop
      vertex 250 -8.575 8.1
      vertex 356.9 -65.15 8.1
      vertex 251.341 -8.46943 8.1
    endloop
  endfacet
  facet normal 0 0 1
    outer loop
      vertex 143.1 -65.15 8.1
      vertex 250 -8.575 8.1
      vertex 248.659 -8.46943 8.1
    endloop
  endfacet
  facet normal 0 0 1
    outer loop
      vertex 143.1 -65.15 8.1
      vertex 248.659 -8.46943 8.1
      vertex 247.35 -8.15531 8.1
    endloop
  endfacet
  facet normal 0 0 1
    outer loop
      vertex 143.1 -65.15 8.1
      vertex 247.35 -8.15531 8.1
      vertex 246.107 -7.64038 8.1
    endloop
  endfacet
  facet normal 0 0 1
    outer loop
      vertex 241.531 1.34142 8.1
      vertex 134.85 56.9 8.1
      vertex 241.425 0 8.1
    endloop
  endfacet
  facet normal 0 0 1
    outer loop
      vertex 134.85 -56.9 8.1
      vertex 241.425 0 8.1
      vertex 134.85 56.9 8.1
    endloop
  endfacet
  facet normal 0 0 1
    outer loop
      vertex 241.425 0 8.1
      vertex 134.85 -56.9 8.1
      vertex 241.531 -1.34142 8.1
    endloop
  endfacet
  facet normal 0 0 1
    outer loop
      vertex 241.531 -1.34142 8.1
      vertex 134.85 -56.9 8.1
      vertex 241.845 -2.64982 8.1
    endloop
  endfacet
  facet normal 0 -0 1
    outer loop
      vertex 143.1 -65.15 8.1
      vertex 241.845 -2.64982 8.1
      vertex 134.85 -56.9 8.1
    endloop
  endfacet
  facet normal 0 0 1
    outer loop
      vertex 241.845 -2.64982 8.1
      vertex 143.1 -65.15 8.1
      vertex 242.36 -3.89297 8.1
    endloop
  endfacet
  facet normal 0 0 1
    outer loop
      vertex 250 -8.575 8.1
      vertex 143.1 -65.15 8.1
      vertex 356.9 -65.15 8.1
    endloop
  endfacet
  facet normal 0 0 1
    outer loop
      vertex 244.96 -6.93732 8.1
      vertex 143.1 -65.15 8.1
      vertex 246.107 -7.64038 8.1
    endloop
  endfacet
  facet normal 0 0 1
    outer loop
      vertex 242.36 -3.89297 8.1
      vertex 143.1 -65.15 8.1
      vertex 243.063 -5.04026 8.1
    endloop
  endfacet
  facet normal 0 0 1
    outer loop
      vertex 134.85 56.9 8.1
      vertex 143.1 65.15 8.1
      vertex 141.809 65.0484 8.1
    endloop
  endfacet
  facet normal 0 0 1
    outer loop
      vertex 243.063 -5.04026 8.1
      vertex 143.1 -65.15 8.1
      vertex 243.937 -6.06344 8.1
    endloop
  endfacet
  facet normal 0 0 1
    outer loop
      vertex 134.85 56.9 8.1
      vertex 141.809 65.0484 8.1
      vertex 140.551 64.7462 8.1
    endloop
  endfacet
  facet normal 0 0 1
    outer loop
      vertex 243.937 -6.06344 8.1
      vertex 143.1 -65.15 8.1
      vertex 244.96 -6.93732 8.1
    endloop
  endfacet
  facet normal 0 0 1
    outer loop
      vertex 134.85 56.9 8.1
      vertex 140.551 64.7462 8.1
      vertex 139.355 64.2508 8.1
    endloop
  endfacet
  facet normal 0 0 1
    outer loop
      vertex 143.1 -65.15 8.1
      vertex 134.85 -56.9 8.1
      vertex 141.809 -65.0484 8.1
    endloop
  endfacet
  facet normal 0 0 1
    outer loop
      vertex 134.85 56.9 8.1
      vertex 139.355 64.2508 8.1
      vertex 138.251 63.5744 8.1
    endloop
  endfacet
  facet normal 0 0 1
    outer loop
      vertex 141.809 -65.0484 8.1
      vertex 134.85 -56.9 8.1
      vertex 140.551 -64.7462 8.1
    endloop
  endfacet
  facet normal 0 0 1
    outer loop
      vertex 134.85 56.9 8.1
      vertex 138.251 63.5744 8.1
      vertex 137.266 62.7336 8.1
    endloop
  endfacet
  facet normal 0 0 1
    outer loop
      vertex 140.551 -64.7462 8.1
      vertex 134.85 -56.9 8.1
      vertex 139.355 -64.2508 8.1
    endloop
  endfacet
  facet normal 0 0 1
    outer loop
      vertex 134.85 56.9 8.1
      vertex 137.266 62.7336 8.1
      vertex 136.426 61.7492 8.1
    endloop
  endfacet
  facet normal 0 0 1
    outer loop
      vertex 139.355 -64.2508 8.1
      vertex 134.85 -56.9 8.1
      vertex 138.251 -63.5744 8.1
    endloop
  endfacet
  facet normal 0 0 1
    outer loop
      vertex 134.85 56.9 8.1
      vertex 136.426 61.7492 8.1
      vertex 135.749 60.6454 8.1
    endloop
  endfacet
  facet normal 0 0 1
    outer loop
      vertex 138.251 -63.5744 8.1
      vertex 134.85 -56.9 8.1
      vertex 137.266 -62.7336 8.1
    endloop
  endfacet
  facet normal 0 0 1
    outer loop
      vertex 134.85 56.9 8.1
      vertex 135.749 60.6454 8.1
      vertex 135.254 59.4494 8.1
    endloop
  endfacet
  facet normal 0 0 1
    outer loop
      vertex 137.266 -62.7336 8.1
      vertex 134.85 -56.9 8.1
      vertex 136.426 -61.7492 8.1
    endloop
  endfacet
  facet normal 0 0 1
    outer loop
      vertex 134.85 56.9 8.1
      vertex 135.254 59.4494 8.1
      vertex 134.952 58.1906 8.1
    endloop
  endfacet
  facet normal 0 0 1
    outer loop
      vertex 136.426 -61.7492 8.1
      vertex 134.85 -56.9 8.1
      vertex 135.749 -60.6454 8.1
    endloop
  endfacet
  facet normal 0 0 1
    outer loop
      vertex 135.749 -60.6454 8.1
      vertex 134.85 -56.9 8.1
      vertex 135.254 -59.4494 8.1
    endloop
  endfacet
  facet normal 0 0 1
    outer loop
      vertex 135.254 -59.4494 8.1
      vertex 134.85 -56.9 8.1
      vertex 134.952 -58.1906 8.1
    endloop
  endfacet
  facet normal 0 1 -0
    outer loop
      vertex 356.9 -65.15 8.1
      vertex 143.1 -65.15 11.1
      vertex 356.9 -65.15 11.1
    endloop
  endfacet
  facet normal 0 1 0
    outer loop
      vertex 143.1 -65.15 11.1
      vertex 356.9 -65.15 8.1
      vertex 143.1 -65.15 8.1
    endloop
  endfacet
  facet normal -0.382684 0.923879 0
    outer loop
      vertex 360.645 -64.2508 8.1
      vertex 359.449 -64.7462 11.1
      vertex 360.645 -64.2508 11.1
    endloop
  endfacet
  facet normal -0.382684 0.923879 0
    outer loop
      vertex 359.449 -64.7462 11.1
      vertex 360.645 -64.2508 8.1
      vertex 359.449 -64.7462 8.1
    endloop
  endfacet
  facet normal 0.649238 0.760585 -0
    outer loop
      vertex 138.251 -63.5744 8.1
      vertex 137.266 -62.7336 11.1
      vertex 138.251 -63.5744 11.1
    endloop
  endfacet
  facet normal 0.649238 0.760585 0
    outer loop
      vertex 137.266 -62.7336 11.1
      vertex 138.251 -63.5744 8.1
      vertex 137.266 -62.7336 8.1
    endloop
  endfacet
  facet normal 0.0784561 0.996918 -0
    outer loop
      vertex 143.1 -65.15 8.1
      vertex 141.809 -65.0484 11.1
      vertex 143.1 -65.15 11.1
    endloop
  endfacet
  facet normal 0.0784561 0.996918 0
    outer loop
      vertex 141.809 -65.0484 11.1
      vertex 143.1 -65.15 8.1
      vertex 141.809 -65.0484 8.1
    endloop
  endfacet
  facet normal 0.0784561 -0.996918 0
    outer loop
      vertex 141.809 65.0484 8.1
      vertex 143.1 65.15 11.1
      vertex 141.809 65.0484 11.1
    endloop
  endfacet
  facet normal 0.0784561 -0.996918 0
    outer loop
      vertex 143.1 65.15 11.1
      vertex 141.809 65.0484 8.1
      vertex 143.1 65.15 8.1
    endloop
  endfacet
  facet normal 0.233578 -0.972338 0
    outer loop
      vertex 140.551 64.7462 8.1
      vertex 141.809 65.0484 11.1
      vertex 140.551 64.7462 11.1
    endloop
  endfacet
  facet normal 0.233578 -0.972338 0
    outer loop
      vertex 141.809 65.0484 11.1
      vertex 140.551 64.7462 8.1
      vertex 141.809 65.0484 8.1
    endloop
  endfacet
  facet normal -0.522424 -0.852686 0
    outer loop
      vertex 360.645 64.2508 8.1
      vertex 361.749 63.5744 11.1
      vertex 360.645 64.2508 11.1
    endloop
  endfacet
  facet normal -0.522424 -0.852686 -0
    outer loop
      vertex 361.749 63.5744 11.1
      vertex 360.645 64.2508 8.1
      vertex 361.749 63.5744 8.1
    endloop
  endfacet
  facet normal 0.923989 -0.38242 0
    outer loop
      vertex 135.254 59.4494 11.1
      vertex 135.749 60.6454 8.1
      vertex 135.749 60.6454 11.1
    endloop
  endfacet
  facet normal 0.923989 -0.38242 0
    outer loop
      vertex 135.749 60.6454 8.1
      vertex 135.254 59.4494 11.1
      vertex 135.254 59.4494 8.1
    endloop
  endfacet
  facet normal 0.852437 -0.52283 0
    outer loop
      vertex 135.749 60.6454 11.1
      vertex 136.426 61.7492 8.1
      vertex 136.426 61.7492 11.1
    endloop
  endfacet
  facet normal 0.852437 -0.52283 0
    outer loop
      vertex 136.426 61.7492 8.1
      vertex 135.749 60.6454 11.1
      vertex 135.749 60.6454 8.1
    endloop
  endfacet
  facet normal 0.972407 -0.233291 0
    outer loop
      vertex 134.952 58.1906 11.1
      vertex 135.254 59.4494 8.1
      vertex 135.254 59.4494 11.1
    endloop
  endfacet
  facet normal 0.972407 -0.233291 0
    outer loop
      vertex 135.254 59.4494 8.1
      vertex 134.952 58.1906 11.1
      vertex 134.952 58.1906 8.1
    endloop
  endfacet
  facet normal 0.522424 -0.852686 0
    outer loop
      vertex 138.251 63.5744 8.1
      vertex 139.355 64.2508 11.1
      vertex 138.251 63.5744 11.1
    endloop
  endfacet
  facet normal 0.522424 -0.852686 0
    outer loop
      vertex 139.355 64.2508 11.1
      vertex 138.251 63.5744 8.1
      vertex 139.355 64.2508 8.1
    endloop
  endfacet
  facet normal 0.923989 0.38242 0
    outer loop
      vertex 135.749 -60.6454 11.1
      vertex 135.254 -59.4494 8.1
      vertex 135.254 -59.4494 11.1
    endloop
  endfacet
  facet normal 0.923989 0.38242 0
    outer loop
      vertex 135.254 -59.4494 8.1
      vertex 135.749 -60.6454 11.1
      vertex 135.749 -60.6454 8.1
    endloop
  endfacet
  facet normal 0.996891 0.0787873 0
    outer loop
      vertex 134.952 -58.1906 11.1
      vertex 134.85 -56.9 8.1
      vertex 134.85 -56.9 11.1
    endloop
  endfacet
  facet normal 0.996891 0.0787873 0
    outer loop
      vertex 134.85 -56.9 8.1
      vertex 134.952 -58.1906 11.1
      vertex 134.952 -58.1906 8.1
    endloop
  endfacet
  facet normal 0.852437 0.52283 0
    outer loop
      vertex 136.426 -61.7492 11.1
      vertex 135.749 -60.6454 8.1
      vertex 135.749 -60.6454 11.1
    endloop
  endfacet
  facet normal 0.852437 0.52283 0
    outer loop
      vertex 135.749 -60.6454 8.1
      vertex 136.426 -61.7492 11.1
      vertex 136.426 -61.7492 8.1
    endloop
  endfacet
  facet normal -0.972407 -0.233291 0
    outer loop
      vertex 365.048 58.1906 8.1
      vertex 364.746 59.4494 11.1
      vertex 364.746 59.4494 8.1
    endloop
  endfacet
  facet normal -0.972407 -0.233291 0
    outer loop
      vertex 364.746 59.4494 11.1
      vertex 365.048 58.1906 8.1
      vertex 365.048 58.1906 11.1
    endloop
  endfacet
  facet normal -0.0784561 0.996918 0
    outer loop
      vertex 358.191 -65.0484 8.1
      vertex 356.9 -65.15 11.1
      vertex 358.191 -65.0484 11.1
    endloop
  endfacet
  facet normal -0.0784561 0.996918 0
    outer loop
      vertex 356.9 -65.15 11.1
      vertex 358.191 -65.0484 8.1
      vertex 356.9 -65.15 8.1
    endloop
  endfacet
  facet normal -0.760695 0.64911 0
    outer loop
      vertex 362.734 -62.7336 8.1
      vertex 363.574 -61.7492 11.1
      vertex 363.574 -61.7492 8.1
    endloop
  endfacet
  facet normal -0.760695 0.64911 0
    outer loop
      vertex 363.574 -61.7492 11.1
      vertex 362.734 -62.7336 8.1
      vertex 362.734 -62.7336 11.1
    endloop
  endfacet
  facet normal -0.996891 0.0787873 0
    outer loop
      vertex 365.048 -58.1906 8.1
      vertex 365.15 -56.9 11.1
      vertex 365.15 -56.9 8.1
    endloop
  endfacet
  facet normal -0.996891 0.0787873 0
    outer loop
      vertex 365.15 -56.9 11.1
      vertex 365.048 -58.1906 8.1
      vertex 365.048 -58.1906 11.1
    endloop
  endfacet
  facet normal -0.972407 0.233291 0
    outer loop
      vertex 364.746 -59.4494 8.1
      vertex 365.048 -58.1906 11.1
      vertex 365.048 -58.1906 8.1
    endloop
  endfacet
  facet normal -0.972407 0.233291 0
    outer loop
      vertex 365.048 -58.1906 11.1
      vertex 364.746 -59.4494 8.1
      vertex 364.746 -59.4494 11.1
    endloop
  endfacet
  facet normal -0.852437 0.52283 0
    outer loop
      vertex 363.574 -61.7492 8.1
      vertex 364.251 -60.6454 11.1
      vertex 364.251 -60.6454 8.1
    endloop
  endfacet
  facet normal -0.852437 0.52283 0
    outer loop
      vertex 364.251 -60.6454 11.1
      vertex 363.574 -61.7492 8.1
      vertex 363.574 -61.7492 11.1
    endloop
  endfacet
  facet normal -0.996891 -0.0787873 0
    outer loop
      vertex 365.15 56.9 8.1
      vertex 365.048 58.1906 11.1
      vertex 365.048 58.1906 8.1
    endloop
  endfacet
  facet normal -0.996891 -0.0787873 0
    outer loop
      vertex 365.048 58.1906 11.1
      vertex 365.15 56.9 8.1
      vertex 365.15 56.9 11.1
    endloop
  endfacet
  facet normal 0.522424 0.852686 -0
    outer loop
      vertex 139.355 -64.2508 8.1
      vertex 138.251 -63.5744 11.1
      vertex 139.355 -64.2508 11.1
    endloop
  endfacet
  facet normal 0.522424 0.852686 0
    outer loop
      vertex 138.251 -63.5744 11.1
      vertex 139.355 -64.2508 8.1
      vertex 138.251 -63.5744 8.1
    endloop
  endfacet
  facet normal 0.972407 0.233291 0
    outer loop
      vertex 135.254 -59.4494 11.1
      vertex 134.952 -58.1906 8.1
      vertex 134.952 -58.1906 11.1
    endloop
  endfacet
  facet normal 0.972407 0.233291 0
    outer loop
      vertex 134.952 -58.1906 8.1
      vertex 135.254 -59.4494 11.1
      vertex 135.254 -59.4494 8.1
    endloop
  endfacet
  facet normal -0.522424 0.852686 0
    outer loop
      vertex 361.749 -63.5744 8.1
      vertex 360.645 -64.2508 11.1
      vertex 361.749 -63.5744 11.1
    endloop
  endfacet
  facet normal -0.522424 0.852686 0
    outer loop
      vertex 360.645 -64.2508 11.1
      vertex 361.749 -63.5744 8.1
      vertex 360.645 -64.2508 8.1
    endloop
  endfacet
  facet normal -0.923989 0.38242 0
    outer loop
      vertex 364.251 -60.6454 8.1
      vertex 364.746 -59.4494 11.1
      vertex 364.746 -59.4494 8.1
    endloop
  endfacet
  facet normal -0.923989 0.38242 0
    outer loop
      vertex 364.746 -59.4494 11.1
      vertex 364.251 -60.6454 8.1
      vertex 364.251 -60.6454 11.1
    endloop
  endfacet
  facet normal -0.923989 -0.38242 0
    outer loop
      vertex 364.746 59.4494 8.1
      vertex 364.251 60.6454 11.1
      vertex 364.251 60.6454 8.1
    endloop
  endfacet
  facet normal -0.923989 -0.38242 0
    outer loop
      vertex 364.251 60.6454 11.1
      vertex 364.746 59.4494 8.1
      vertex 364.746 59.4494 11.1
    endloop
  endfacet
  facet normal -0.852437 -0.52283 0
    outer loop
      vertex 364.251 60.6454 8.1
      vertex 363.574 61.7492 11.1
      vertex 363.574 61.7492 8.1
    endloop
  endfacet
  facet normal -0.852437 -0.52283 0
    outer loop
      vertex 363.574 61.7492 11.1
      vertex 364.251 60.6454 8.1
      vertex 364.251 60.6454 11.1
    endloop
  endfacet
  facet normal -0.233578 0.972338 0
    outer loop
      vertex 359.449 -64.7462 8.1
      vertex 358.191 -65.0484 11.1
      vertex 359.449 -64.7462 11.1
    endloop
  endfacet
  facet normal -0.233578 0.972338 0
    outer loop
      vertex 358.191 -65.0484 11.1
      vertex 359.449 -64.7462 8.1
      vertex 358.191 -65.0484 8.1
    endloop
  endfacet
  facet normal -0.649238 0.760585 0
    outer loop
      vertex 362.734 -62.7336 8.1
      vertex 361.749 -63.5744 11.1
      vertex 362.734 -62.7336 11.1
    endloop
  endfacet
  facet normal -0.649238 0.760585 0
    outer loop
      vertex 361.749 -63.5744 11.1
      vertex 362.734 -62.7336 8.1
      vertex 361.749 -63.5744 8.1
    endloop
  endfacet
  facet normal 0.923861 0.382728 0
    outer loop
      vertex 258.155 2.64982 11.1
      vertex 257.64 3.89297 8.1
      vertex 257.64 3.89297 11.1
    endloop
  endfacet
  facet normal 0.923861 0.382728 0
    outer loop
      vertex 257.64 3.89297 8.1
      vertex 258.155 2.64982 11.1
      vertex 258.155 2.64982 8.1
    endloop
  endfacet
  facet normal 0.996892 0.0787752 0
    outer loop
      vertex 258.575 0 11.1
      vertex 258.469 1.34142 8.1
      vertex 258.469 1.34142 11.1
    endloop
  endfacet
  facet normal 0.996892 0.0787752 0
    outer loop
      vertex 258.469 1.34142 8.1
      vertex 258.575 0 11.1
      vertex 258.575 0 8.1
    endloop
  endfacet
  facet normal -0.996892 0.0787752 0
    outer loop
      vertex 241.425 0 8.1
      vertex 241.531 1.34142 11.1
      vertex 241.531 1.34142 8.1
    endloop
  endfacet
  facet normal -0.996892 0.0787752 0
    outer loop
      vertex 241.531 1.34142 11.1
      vertex 241.425 0 8.1
      vertex 241.425 0 11.1
    endloop
  endfacet
  facet normal 0.078482 0.996916 -0
    outer loop
      vertex 251.341 8.46943 8.1
      vertex 250 8.575 11.1
      vertex 251.341 8.46943 11.1
    endloop
  endfacet
  facet normal 0.078482 0.996916 0
    outer loop
      vertex 250 8.575 11.1
      vertex 251.341 8.46943 8.1
      vertex 250 8.575 8.1
    endloop
  endfacet
  facet normal 0.649515 0.760349 -0
    outer loop
      vertex 256.063 6.06344 8.1
      vertex 255.04 6.93732 11.1
      vertex 256.063 6.06344 11.1
    endloop
  endfacet
  facet normal 0.649515 0.760349 0
    outer loop
      vertex 255.04 6.93732 11.1
      vertex 256.063 6.06344 8.1
      vertex 255.04 6.93732 8.1
    endloop
  endfacet
  facet normal -0.649515 0.760349 0
    outer loop
      vertex 244.96 6.93732 8.1
      vertex 243.937 6.06344 11.1
      vertex 244.96 6.93732 11.1
    endloop
  endfacet
  facet normal -0.649515 0.760349 0
    outer loop
      vertex 243.937 6.06344 11.1
      vertex 244.96 6.93732 8.1
      vertex 243.937 6.06344 8.1
    endloop
  endfacet
  facet normal -0.382723 0.923863 0
    outer loop
      vertex 247.35 8.15531 8.1
      vertex 246.107 7.64038 11.1
      vertex 247.35 8.15531 11.1
    endloop
  endfacet
  facet normal -0.382723 0.923863 0
    outer loop
      vertex 246.107 7.64038 11.1
      vertex 247.35 8.15531 8.1
      vertex 246.107 7.64038 8.1
    endloop
  endfacet
  facet normal -0.760361 -0.6495 0
    outer loop
      vertex 243.937 -6.06344 8.1
      vertex 243.063 -5.04026 11.1
      vertex 243.063 -5.04026 8.1
    endloop
  endfacet
  facet normal -0.760361 -0.6495 0
    outer loop
      vertex 243.063 -5.04026 11.1
      vertex 243.937 -6.06344 8.1
      vertex 243.937 -6.06344 11.1
    endloop
  endfacet
  facet normal 0.85266 0.522466 0
    outer loop
      vertex 257.64 3.89297 11.1
      vertex 256.937 5.04026 8.1
      vertex 256.937 5.04026 11.1
    endloop
  endfacet
  facet normal 0.85266 0.522466 0
    outer loop
      vertex 256.937 5.04026 8.1
      vertex 257.64 3.89297 11.1
      vertex 257.64 3.89297 8.1
    endloop
  endfacet
  facet normal 0.760361 0.6495 0
    outer loop
      vertex 256.937 5.04026 11.1
      vertex 256.063 6.06344 8.1
      vertex 256.063 6.06344 11.1
    endloop
  endfacet
  facet normal 0.760361 0.6495 0
    outer loop
      vertex 256.063 6.06344 8.1
      vertex 256.937 5.04026 11.1
      vertex 256.937 5.04026 8.1
    endloop
  endfacet
  facet normal 0.382723 0.923863 -0
    outer loop
      vertex 253.893 7.64038 8.1
      vertex 252.65 8.15531 11.1
      vertex 253.893 7.64038 11.1
    endloop
  endfacet
  facet normal 0.382723 0.923863 0
    outer loop
      vertex 252.65 8.15531 11.1
      vertex 253.893 7.64038 8.1
      vertex 252.65 8.15531 8.1
    endloop
  endfacet
  facet normal 0.233345 0.972394 -0
    outer loop
      vertex 252.65 8.15531 8.1
      vertex 251.341 8.46943 11.1
      vertex 252.65 8.15531 11.1
    endloop
  endfacet
  facet normal 0.233345 0.972394 0
    outer loop
      vertex 251.341 8.46943 11.1
      vertex 252.65 8.15531 8.1
      vertex 251.341 8.46943 8.1
    endloop
  endfacet
  facet normal 0.522594 0.852581 -0
    outer loop
      vertex 255.04 6.93732 8.1
      vertex 253.893 7.64038 11.1
      vertex 255.04 6.93732 11.1
    endloop
  endfacet
  facet normal 0.522594 0.852581 0
    outer loop
      vertex 253.893 7.64038 11.1
      vertex 255.04 6.93732 8.1
      vertex 253.893 7.64038 8.1
    endloop
  endfacet
  facet normal -0.85266 0.522466 0
    outer loop
      vertex 242.36 3.89297 8.1
      vertex 243.063 5.04026 11.1
      vertex 243.063 5.04026 8.1
    endloop
  endfacet
  facet normal -0.85266 0.522466 0
    outer loop
      vertex 243.063 5.04026 11.1
      vertex 242.36 3.89297 8.1
      vertex 242.36 3.89297 11.1
    endloop
  endfacet
  facet normal -0.760361 0.6495 0
    outer loop
      vertex 243.063 5.04026 8.1
      vertex 243.937 6.06344 11.1
      vertex 243.937 6.06344 8.1
    endloop
  endfacet
  facet normal -0.760361 0.6495 0
    outer loop
      vertex 243.937 6.06344 11.1
      vertex 243.063 5.04026 8.1
      vertex 243.063 5.04026 11.1
    endloop
  endfacet
  facet normal -0.97239 0.233362 0
    outer loop
      vertex 241.531 1.34142 8.1
      vertex 241.845 2.64982 11.1
      vertex 241.845 2.64982 8.1
    endloop
  endfacet
  facet normal -0.97239 0.233362 0
    outer loop
      vertex 241.845 2.64982 11.1
      vertex 241.531 1.34142 8.1
      vertex 241.531 1.34142 11.1
    endloop
  endfacet
  facet normal -0.522594 0.852581 0
    outer loop
      vertex 246.107 7.64038 8.1
      vertex 244.96 6.93732 11.1
      vertex 246.107 7.64038 11.1
    endloop
  endfacet
  facet normal -0.522594 0.852581 0
    outer loop
      vertex 244.96 6.93732 11.1
      vertex 246.107 7.64038 8.1
      vertex 244.96 6.93732 8.1
    endloop
  endfacet
  facet normal -0.078482 0.996916 0
    outer loop
      vertex 250 8.575 8.1
      vertex 248.659 8.46943 11.1
      vertex 250 8.575 11.1
    endloop
  endfacet
  facet normal -0.078482 0.996916 0
    outer loop
      vertex 248.659 8.46943 11.1
      vertex 250 8.575 8.1
      vertex 248.659 8.46943 8.1
    endloop
  endfacet
  facet normal 0.996892 -0.0787752 0
    outer loop
      vertex 258.469 -1.34142 11.1
      vertex 258.575 0 8.1
      vertex 258.575 0 11.1
    endloop
  endfacet
  facet normal 0.996892 -0.0787752 0
    outer loop
      vertex 258.575 0 8.1
      vertex 258.469 -1.34142 11.1
      vertex 258.469 -1.34142 8.1
    endloop
  endfacet
  facet normal 0.233345 -0.972394 0
    outer loop
      vertex 251.341 -8.46943 8.1
      vertex 252.65 -8.15531 11.1
      vertex 251.341 -8.46943 11.1
    endloop
  endfacet
  facet normal 0.233345 -0.972394 0
    outer loop
      vertex 252.65 -8.15531 11.1
      vertex 251.341 -8.46943 8.1
      vertex 252.65 -8.15531 8.1
    endloop
  endfacet
  facet normal 0.078482 -0.996916 0
    outer loop
      vertex 250 -8.575 8.1
      vertex 251.341 -8.46943 11.1
      vertex 250 -8.575 11.1
    endloop
  endfacet
  facet normal 0.078482 -0.996916 0
    outer loop
      vertex 251.341 -8.46943 11.1
      vertex 250 -8.575 8.1
      vertex 251.341 -8.46943 8.1
    endloop
  endfacet
  facet normal 0.760361 -0.6495 0
    outer loop
      vertex 256.063 -6.06344 11.1
      vertex 256.937 -5.04026 8.1
      vertex 256.937 -5.04026 11.1
    endloop
  endfacet
  facet normal 0.760361 -0.6495 0
    outer loop
      vertex 256.937 -5.04026 8.1
      vertex 256.063 -6.06344 11.1
      vertex 256.063 -6.06344 8.1
    endloop
  endfacet
  facet normal 0.522594 -0.852581 0
    outer loop
      vertex 253.893 -7.64038 8.1
      vertex 255.04 -6.93732 11.1
      vertex 253.893 -7.64038 11.1
    endloop
  endfacet
  facet normal 0.522594 -0.852581 0
    outer loop
      vertex 255.04 -6.93732 11.1
      vertex 253.893 -7.64038 8.1
      vertex 255.04 -6.93732 8.1
    endloop
  endfacet
  facet normal -0.649515 -0.760349 0
    outer loop
      vertex 243.937 -6.06344 8.1
      vertex 244.96 -6.93732 11.1
      vertex 243.937 -6.06344 11.1
    endloop
  endfacet
  facet normal -0.649515 -0.760349 -0
    outer loop
      vertex 244.96 -6.93732 11.1
      vertex 243.937 -6.06344 8.1
      vertex 244.96 -6.93732 8.1
    endloop
  endfacet
  facet normal -0.382723 -0.923863 0
    outer loop
      vertex 246.107 -7.64038 8.1
      vertex 247.35 -8.15531 11.1
      vertex 246.107 -7.64038 11.1
    endloop
  endfacet
  facet normal -0.382723 -0.923863 -0
    outer loop
      vertex 247.35 -8.15531 11.1
      vertex 246.107 -7.64038 8.1
      vertex 247.35 -8.15531 8.1
    endloop
  endfacet
  facet normal -0.996892 -0.0787752 0
    outer loop
      vertex 241.531 -1.34142 8.1
      vertex 241.425 0 11.1
      vertex 241.425 0 8.1
    endloop
  endfacet
  facet normal -0.996892 -0.0787752 0
    outer loop
      vertex 241.425 0 11.1
      vertex 241.531 -1.34142 8.1
      vertex 241.531 -1.34142 11.1
    endloop
  endfacet
  facet normal -0.85266 -0.522466 0
    outer loop
      vertex 243.063 -5.04026 8.1
      vertex 242.36 -3.89297 11.1
      vertex 242.36 -3.89297 8.1
    endloop
  endfacet
  facet normal -0.85266 -0.522466 0
    outer loop
      vertex 242.36 -3.89297 11.1
      vertex 243.063 -5.04026 8.1
      vertex 243.063 -5.04026 11.1
    endloop
  endfacet
  facet normal 0 0 1
    outer loop
      vertex 257.65 0 11.1
      vertex 258.575 0 11.1
      vertex 258.469 1.34142 11.1
    endloop
  endfacet
  facet normal 0 0 1
    outer loop
      vertex 257.556 1.19672 11.1
      vertex 258.469 1.34142 11.1
      vertex 258.155 2.64982 11.1
    endloop
  endfacet
  facet normal 0 0 1
    outer loop
      vertex 258.575 0 11.1
      vertex 257.65 0 11.1
      vertex 258.469 -1.34142 11.1
    endloop
  endfacet
  facet normal -0 0 1
    outer loop
      vertex 257.556 -1.19672 11.1
      vertex 258.469 -1.34142 11.1
      vertex 257.65 0 11.1
    endloop
  endfacet
  facet normal 0 0 1
    outer loop
      vertex 257.276 2.36398 11.1
      vertex 258.155 2.64982 11.1
      vertex 257.64 3.89297 11.1
    endloop
  endfacet
  facet normal 0 0 1
    outer loop
      vertex 258.469 1.34142 11.1
      vertex 257.556 1.19672 11.1
      vertex 257.65 0 11.1
    endloop
  endfacet
  facet normal 0 0 1
    outer loop
      vertex 258.155 2.64982 11.1
      vertex 257.276 2.36398 11.1
      vertex 257.556 1.19672 11.1
    endloop
  endfacet
  facet normal 0 0 1
    outer loop
      vertex 256.816 3.47303 11.1
      vertex 257.64 3.89297 11.1
      vertex 256.937 5.04026 11.1
    endloop
  endfacet
  facet normal 0 0 1
    outer loop
      vertex 257.64 3.89297 11.1
      vertex 256.816 3.47303 11.1
      vertex 257.276 2.36398 11.1
    endloop
  endfacet
  facet normal 0 0 1
    outer loop
      vertex 256.937 5.04026 11.1
      vertex 256.189 4.49656 11.1
      vertex 256.816 3.47303 11.1
    endloop
  endfacet
  facet normal 0 0 1
    outer loop
      vertex 256.063 6.06344 11.1
      vertex 256.189 4.49656 11.1
      vertex 256.937 5.04026 11.1
    endloop
  endfacet
  facet normal 0 0 1
    outer loop
      vertex 256.063 6.06344 11.1
      vertex 255.409 5.40937 11.1
      vertex 256.189 4.49656 11.1
    endloop
  endfacet
  facet normal 0 0 1
    outer loop
      vertex 255.04 6.93732 11.1
      vertex 255.409 5.40937 11.1
      vertex 256.063 6.06344 11.1
    endloop
  endfacet
  facet normal 0 0 1
    outer loop
      vertex 255.04 6.93732 11.1
      vertex 254.497 6.18898 11.1
      vertex 255.409 5.40937 11.1
    endloop
  endfacet
  facet normal 0 0 1
    outer loop
      vertex 253.893 7.64038 11.1
      vertex 254.497 6.18898 11.1
      vertex 255.04 6.93732 11.1
    endloop
  endfacet
  facet normal 0 0 1
    outer loop
      vertex 253.893 7.64038 11.1
      vertex 253.473 6.8162 11.1
      vertex 254.497 6.18898 11.1
    endloop
  endfacet
  facet normal 0 0 1
    outer loop
      vertex 252.65 8.15531 11.1
      vertex 253.473 6.8162 11.1
      vertex 253.893 7.64038 11.1
    endloop
  endfacet
  facet normal 0 0 1
    outer loop
      vertex 252.65 8.15531 11.1
      vertex 252.364 7.27558 11.1
      vertex 253.473 6.8162 11.1
    endloop
  endfacet
  facet normal 0 0 1
    outer loop
      vertex 251.341 8.46943 11.1
      vertex 252.364 7.27558 11.1
      vertex 252.65 8.15531 11.1
    endloop
  endfacet
  facet normal 0 0 1
    outer loop
      vertex 251.341 8.46943 11.1
      vertex 251.197 7.55582 11.1
      vertex 252.364 7.27558 11.1
    endloop
  endfacet
  facet normal 0 0 1
    outer loop
      vertex 250 8.575 11.1
      vertex 251.197 7.55582 11.1
      vertex 251.341 8.46943 11.1
    endloop
  endfacet
  facet normal 0 0 1
    outer loop
      vertex 250 8.575 11.1
      vertex 250 7.65 11.1
      vertex 251.197 7.55582 11.1
    endloop
  endfacet
  facet normal 0 0 1
    outer loop
      vertex 250 8.575 11.1
      vertex 248.803 7.55582 11.1
      vertex 250 7.65 11.1
    endloop
  endfacet
  facet normal -0 0 1
    outer loop
      vertex 248.659 8.46943 11.1
      vertex 248.803 7.55582 11.1
      vertex 250 8.575 11.1
    endloop
  endfacet
  facet normal 0 0 1
    outer loop
      vertex 248.659 8.46943 11.1
      vertex 247.636 7.27558 11.1
      vertex 248.803 7.55582 11.1
    endloop
  endfacet
  facet normal -0 0 1
    outer loop
      vertex 247.35 8.15531 11.1
      vertex 247.636 7.27558 11.1
      vertex 248.659 8.46943 11.1
    endloop
  endfacet
  facet normal 0 0 1
    outer loop
      vertex 247.35 8.15531 11.1
      vertex 246.527 6.8162 11.1
      vertex 247.636 7.27558 11.1
    endloop
  endfacet
  facet normal -0 0 1
    outer loop
      vertex 246.107 7.64038 11.1
      vertex 246.527 6.8162 11.1
      vertex 247.35 8.15531 11.1
    endloop
  endfacet
  facet normal 0 0 1
    outer loop
      vertex 246.107 7.64038 11.1
      vertex 245.503 6.18898 11.1
      vertex 246.527 6.8162 11.1
    endloop
  endfacet
  facet normal -0 0 1
    outer loop
      vertex 244.96 6.93732 11.1
      vertex 245.503 6.18898 11.1
      vertex 246.107 7.64038 11.1
    endloop
  endfacet
  facet normal 0 0 1
    outer loop
      vertex 244.96 6.93732 11.1
      vertex 244.591 5.40937 11.1
      vertex 245.503 6.18898 11.1
    endloop
  endfacet
  facet normal -0 0 1
    outer loop
      vertex 243.937 6.06344 11.1
      vertex 244.591 5.40937 11.1
      vertex 244.96 6.93732 11.1
    endloop
  endfacet
  facet normal 0 0 1
    outer loop
      vertex 243.937 6.06344 11.1
      vertex 243.811 4.49656 11.1
      vertex 244.591 5.40937 11.1
    endloop
  endfacet
  facet normal -0 0 1
    outer loop
      vertex 243.063 5.04026 11.1
      vertex 243.811 4.49656 11.1
      vertex 243.937 6.06344 11.1
    endloop
  endfacet
  facet normal 0 0 1
    outer loop
      vertex 243.811 4.49656 11.1
      vertex 243.063 5.04026 11.1
      vertex 243.184 3.47303 11.1
    endloop
  endfacet
  facet normal -0 0 1
    outer loop
      vertex 242.36 3.89297 11.1
      vertex 243.184 3.47303 11.1
      vertex 243.063 5.04026 11.1
    endloop
  endfacet
  facet normal 0 0 1
    outer loop
      vertex 243.184 3.47303 11.1
      vertex 242.36 3.89297 11.1
      vertex 242.724 2.36398 11.1
    endloop
  endfacet
  facet normal -0 0 1
    outer loop
      vertex 241.845 2.64982 11.1
      vertex 242.724 2.36398 11.1
      vertex 242.36 3.89297 11.1
    endloop
  endfacet
  facet normal 0 0 1
    outer loop
      vertex 242.724 2.36398 11.1
      vertex 241.845 2.64982 11.1
      vertex 242.444 1.19672 11.1
    endloop
  endfacet
  facet normal -0 0 1
    outer loop
      vertex 241.531 1.34142 11.1
      vertex 242.444 1.19672 11.1
      vertex 241.845 2.64982 11.1
    endloop
  endfacet
  facet normal 0 0 1
    outer loop
      vertex 258.469 -1.34142 11.1
      vertex 257.556 -1.19672 11.1
      vertex 258.155 -2.64982 11.1
    endloop
  endfacet
  facet normal -0 0 1
    outer loop
      vertex 257.276 -2.36398 11.1
      vertex 258.155 -2.64982 11.1
      vertex 257.556 -1.19672 11.1
    endloop
  endfacet
  facet normal 0 0 1
    outer loop
      vertex 258.155 -2.64982 11.1
      vertex 257.276 -2.36398 11.1
      vertex 257.64 -3.89297 11.1
    endloop
  endfacet
  facet normal -0 0 1
    outer loop
      vertex 256.816 -3.47303 11.1
      vertex 257.64 -3.89297 11.1
      vertex 257.276 -2.36398 11.1
    endloop
  endfacet
  facet normal 0 0 1
    outer loop
      vertex 257.64 -3.89297 11.1
      vertex 256.816 -3.47303 11.1
      vertex 256.937 -5.04026 11.1
    endloop
  endfacet
  facet normal -0 0 1
    outer loop
      vertex 256.189 -4.49656 11.1
      vertex 256.937 -5.04026 11.1
      vertex 256.816 -3.47303 11.1
    endloop
  endfacet
  facet normal 0 0 1
    outer loop
      vertex 256.189 -4.49656 11.1
      vertex 256.063 -6.06344 11.1
      vertex 256.937 -5.04026 11.1
    endloop
  endfacet
  facet normal -0 0 1
    outer loop
      vertex 255.409 -5.40937 11.1
      vertex 256.063 -6.06344 11.1
      vertex 256.189 -4.49656 11.1
    endloop
  endfacet
  facet normal 0 0 1
    outer loop
      vertex 255.409 -5.40937 11.1
      vertex 255.04 -6.93732 11.1
      vertex 256.063 -6.06344 11.1
    endloop
  endfacet
  facet normal -0 0 1
    outer loop
      vertex 254.497 -6.18898 11.1
      vertex 255.04 -6.93732 11.1
      vertex 255.409 -5.40937 11.1
    endloop
  endfacet
  facet normal 0 0 1
    outer loop
      vertex 254.497 -6.18898 11.1
      vertex 253.893 -7.64038 11.1
      vertex 255.04 -6.93732 11.1
    endloop
  endfacet
  facet normal -0 0 1
    outer loop
      vertex 253.473 -6.8162 11.1
      vertex 253.893 -7.64038 11.1
      vertex 254.497 -6.18898 11.1
    endloop
  endfacet
  facet normal 0 0 1
    outer loop
      vertex 253.473 -6.8162 11.1
      vertex 252.65 -8.15531 11.1
      vertex 253.893 -7.64038 11.1
    endloop
  endfacet
  facet normal -0 0 1
    outer loop
      vertex 252.364 -7.27558 11.1
      vertex 252.65 -8.15531 11.1
      vertex 253.473 -6.8162 11.1
    endloop
  endfacet
  facet normal 0 0 1
    outer loop
      vertex 252.364 -7.27558 11.1
      vertex 251.341 -8.46943 11.1
      vertex 252.65 -8.15531 11.1
    endloop
  endfacet
  facet normal -0 0 1
    outer loop
      vertex 251.197 -7.55582 11.1
      vertex 251.341 -8.46943 11.1
      vertex 252.364 -7.27558 11.1
    endloop
  endfacet
  facet normal -0 0 1
    outer loop
      vertex 250 -7.65 11.1
      vertex 251.341 -8.46943 11.1
      vertex 251.197 -7.55582 11.1
    endloop
  endfacet
  facet normal 0 0 1
    outer loop
      vertex 250 -7.65 11.1
      vertex 250 -8.575 11.1
      vertex 251.341 -8.46943 11.1
    endloop
  endfacet
  facet normal 0 0 1
    outer loop
      vertex 248.803 -7.55582 11.1
      vertex 250 -8.575 11.1
      vertex 250 -7.65 11.1
    endloop
  endfacet
  facet normal 0 0 1
    outer loop
      vertex 248.803 -7.55582 11.1
      vertex 248.659 -8.46943 11.1
      vertex 250 -8.575 11.1
    endloop
  endfacet
  facet normal 0 0 1
    outer loop
      vertex 247.636 -7.27558 11.1
      vertex 248.659 -8.46943 11.1
      vertex 248.803 -7.55582 11.1
    endloop
  endfacet
  facet normal 0 0 1
    outer loop
      vertex 247.636 -7.27558 11.1
      vertex 247.35 -8.15531 11.1
      vertex 248.659 -8.46943 11.1
    endloop
  endfacet
  facet normal 0 0 1
    outer loop
      vertex 246.527 -6.8162 11.1
      vertex 247.35 -8.15531 11.1
      vertex 247.636 -7.27558 11.1
    endloop
  endfacet
  facet normal 0 0 1
    outer loop
      vertex 246.527 -6.8162 11.1
      vertex 246.107 -7.64038 11.1
      vertex 247.35 -8.15531 11.1
    endloop
  endfacet
  facet normal 0 0 1
    outer loop
      vertex 245.503 -6.18898 11.1
      vertex 246.107 -7.64038 11.1
      vertex 246.527 -6.8162 11.1
    endloop
  endfacet
  facet normal 0 0 1
    outer loop
      vertex 245.503 -6.18898 11.1
      vertex 244.96 -6.93732 11.1
      vertex 246.107 -7.64038 11.1
    endloop
  endfacet
  facet normal 0 0 1
    outer loop
      vertex 244.591 -5.40937 11.1
      vertex 244.96 -6.93732 11.1
      vertex 245.503 -6.18898 11.1
    endloop
  endfacet
  facet normal 0 0 1
    outer loop
      vertex 244.591 -5.40937 11.1
      vertex 243.937 -6.06344 11.1
      vertex 244.96 -6.93732 11.1
    endloop
  endfacet
  facet normal 0 0 1
    outer loop
      vertex 243.811 -4.49656 11.1
      vertex 243.937 -6.06344 11.1
      vertex 244.591 -5.40937 11.1
    endloop
  endfacet
  facet normal 0 0 1
    outer loop
      vertex 243.063 -5.04026 11.1
      vertex 243.811 -4.49656 11.1
      vertex 243.184 -3.47303 11.1
    endloop
  endfacet
  facet normal 0 0 1
    outer loop
      vertex 243.811 -4.49656 11.1
      vertex 243.063 -5.04026 11.1
      vertex 243.937 -6.06344 11.1
    endloop
  endfacet
  facet normal 0 0 1
    outer loop
      vertex 242.36 -3.89297 11.1
      vertex 243.184 -3.47303 11.1
      vertex 242.724 -2.36398 11.1
    endloop
  endfacet
  facet normal 0 0 1
    outer loop
      vertex 241.845 -2.64982 11.1
      vertex 242.724 -2.36398 11.1
      vertex 242.444 -1.19672 11.1
    endloop
  endfacet
  facet normal 0 0 1
    outer loop
      vertex 243.184 -3.47303 11.1
      vertex 242.36 -3.89297 11.1
      vertex 243.063 -5.04026 11.1
    endloop
  endfacet
  facet normal 0 0 1
    outer loop
      vertex 241.531 -1.34142 11.1
      vertex 242.444 -1.19672 11.1
      vertex 242.35 0 11.1
    endloop
  endfacet
  facet normal 0 0 1
    outer loop
      vertex 242.444 1.19672 11.1
      vertex 241.531 1.34142 11.1
      vertex 242.35 0 11.1
    endloop
  endfacet
  facet normal 0 0 1
    outer loop
      vertex 242.724 -2.36398 11.1
      vertex 241.845 -2.64982 11.1
      vertex 242.36 -3.89297 11.1
    endloop
  endfacet
  facet normal 0 0 1
    outer loop
      vertex 241.425 0 11.1
      vertex 242.35 0 11.1
      vertex 241.531 1.34142 11.1
    endloop
  endfacet
  facet normal 0 0 1
    outer loop
      vertex 242.444 -1.19672 11.1
      vertex 241.531 -1.34142 11.1
      vertex 241.845 -2.64982 11.1
    endloop
  endfacet
  facet normal 0 0 1
    outer loop
      vertex 242.35 0 11.1
      vertex 241.425 0 11.1
      vertex 241.531 -1.34142 11.1
    endloop
  endfacet
  facet normal 0.649515 -0.760349 0
    outer loop
      vertex 255.04 -6.93732 8.1
      vertex 256.063 -6.06344 11.1
      vertex 255.04 -6.93732 11.1
    endloop
  endfacet
  facet normal 0.649515 -0.760349 0
    outer loop
      vertex 256.063 -6.06344 11.1
      vertex 255.04 -6.93732 8.1
      vertex 256.063 -6.06344 8.1
    endloop
  endfacet
  facet normal 0.85266 -0.522466 0
    outer loop
      vertex 256.937 -5.04026 11.1
      vertex 257.64 -3.89297 8.1
      vertex 257.64 -3.89297 11.1
    endloop
  endfacet
  facet normal 0.85266 -0.522466 0
    outer loop
      vertex 257.64 -3.89297 8.1
      vertex 256.937 -5.04026 11.1
      vertex 256.937 -5.04026 8.1
    endloop
  endfacet
  facet normal 0.97239 -0.233362 0
    outer loop
      vertex 258.155 -2.64982 11.1
      vertex 258.469 -1.34142 8.1
      vertex 258.469 -1.34142 11.1
    endloop
  endfacet
  facet normal 0.97239 -0.233362 0
    outer loop
      vertex 258.469 -1.34142 8.1
      vertex 258.155 -2.64982 11.1
      vertex 258.155 -2.64982 8.1
    endloop
  endfacet
  facet normal -0.522594 -0.852581 0
    outer loop
      vertex 244.96 -6.93732 8.1
      vertex 246.107 -7.64038 11.1
      vertex 244.96 -6.93732 11.1
    endloop
  endfacet
  facet normal -0.522594 -0.852581 -0
    outer loop
      vertex 246.107 -7.64038 11.1
      vertex 244.96 -6.93732 8.1
      vertex 246.107 -7.64038 8.1
    endloop
  endfacet
  facet normal -0.078482 -0.996916 0
    outer loop
      vertex 248.659 -8.46943 8.1
      vertex 250 -8.575 11.1
      vertex 248.659 -8.46943 11.1
    endloop
  endfacet
  facet normal -0.078482 -0.996916 -0
    outer loop
      vertex 250 -8.575 11.1
      vertex 248.659 -8.46943 8.1
      vertex 250 -8.575 8.1
    endloop
  endfacet
  facet normal -0.97239 -0.233362 0
    outer loop
      vertex 241.845 -2.64982 8.1
      vertex 241.531 -1.34142 11.1
      vertex 241.531 -1.34142 8.1
    endloop
  endfacet
  facet normal -0.97239 -0.233362 0
    outer loop
      vertex 241.531 -1.34142 11.1
      vertex 241.845 -2.64982 8.1
      vertex 241.845 -2.64982 11.1
    endloop
  endfacet
  facet normal -0.923861 -0.382728 0
    outer loop
      vertex 242.36 -3.89297 8.1
      vertex 241.845 -2.64982 11.1
      vertex 241.845 -2.64982 8.1
    endloop
  endfacet
  facet normal -0.923861 -0.382728 0
    outer loop
      vertex 241.845 -2.64982 11.1
      vertex 242.36 -3.89297 8.1
      vertex 242.36 -3.89297 11.1
    endloop
  endfacet
  facet normal 0.97239 0.233362 0
    outer loop
      vertex 258.469 1.34142 11.1
      vertex 258.155 2.64982 8.1
      vertex 258.155 2.64982 11.1
    endloop
  endfacet
  facet normal 0.97239 0.233362 0
    outer loop
      vertex 258.155 2.64982 8.1
      vertex 258.469 1.34142 11.1
      vertex 258.469 1.34142 8.1
    endloop
  endfacet
  facet normal -0.923861 0.382728 0
    outer loop
      vertex 241.845 2.64982 8.1
      vertex 242.36 3.89297 11.1
      vertex 242.36 3.89297 8.1
    endloop
  endfacet
  facet normal -0.923861 0.382728 0
    outer loop
      vertex 242.36 3.89297 11.1
      vertex 241.845 2.64982 8.1
      vertex 241.845 2.64982 11.1
    endloop
  endfacet
  facet normal -0.233345 0.972394 0
    outer loop
      vertex 248.659 8.46943 8.1
      vertex 247.35 8.15531 11.1
      vertex 248.659 8.46943 11.1
    endloop
  endfacet
  facet normal -0.233345 0.972394 0
    outer loop
      vertex 247.35 8.15531 11.1
      vertex 248.659 8.46943 8.1
      vertex 247.35 8.15531 8.1
    endloop
  endfacet
  facet normal 0.382723 -0.923863 0
    outer loop
      vertex 252.65 -8.15531 8.1
      vertex 253.893 -7.64038 11.1
      vertex 252.65 -8.15531 11.1
    endloop
  endfacet
  facet normal 0.382723 -0.923863 0
    outer loop
      vertex 253.893 -7.64038 11.1
      vertex 252.65 -8.15531 8.1
      vertex 253.893 -7.64038 8.1
    endloop
  endfacet
  facet normal 0.923861 -0.382728 0
    outer loop
      vertex 257.64 -3.89297 11.1
      vertex 258.155 -2.64982 8.1
      vertex 258.155 -2.64982 11.1
    endloop
  endfacet
  facet normal 0.923861 -0.382728 0
    outer loop
      vertex 258.155 -2.64982 8.1
      vertex 257.64 -3.89297 11.1
      vertex 257.64 -3.89297 8.1
    endloop
  endfacet
  facet normal -0.233345 -0.972394 0
    outer loop
      vertex 247.35 -8.15531 8.1
      vertex 248.659 -8.46943 11.1
      vertex 247.35 -8.15531 11.1
    endloop
  endfacet
  facet normal -0.233345 -0.972394 -0
    outer loop
      vertex 248.659 -8.46943 11.1
      vertex 247.35 -8.15531 8.1
      vertex 248.659 -8.46943 8.1
    endloop
  endfacet
  facet normal -0.996929 -0.0783068 0
    outer loop
      vertex 257.65 0 5.9
      vertex 257.556 1.19672 11.1
      vertex 257.556 1.19672 5.9
    endloop
  endfacet
  facet normal -0.996929 -0.0783068 0
    outer loop
      vertex 257.556 1.19672 11.1
      vertex 257.65 0 5.9
      vertex 257.65 0 11.1
    endloop
  endfacet
  facet normal 0.996929 -0.0783068 0
    outer loop
      vertex 242.35 0 11.1
      vertex 242.444 1.19672 5.9
      vertex 242.444 1.19672 11.1
    endloop
  endfacet
  facet normal 0.996929 -0.0783068 0
    outer loop
      vertex 242.444 1.19672 5.9
      vertex 242.35 0 11.1
      vertex 242.35 0 5.9
    endloop
  endfacet
  facet normal 0.0784376 -0.996919 0
    outer loop
      vertex 248.803 7.55582 5.9
      vertex 250 7.65 11.1
      vertex 248.803 7.55582 11.1
    endloop
  endfacet
  facet normal 0.0784376 -0.996919 0
    outer loop
      vertex 250 7.65 11.1
      vertex 248.803 7.55582 5.9
      vertex 250 7.65 5.9
    endloop
  endfacet
  facet normal -0.0784376 0.996919 0
    outer loop
      vertex 251.197 -7.55582 5.9
      vertex 250 -7.65 11.1
      vertex 251.197 -7.55582 11.1
    endloop
  endfacet
  facet normal -0.0784376 0.996919 0
    outer loop
      vertex 250 -7.65 11.1
      vertex 251.197 -7.55582 5.9
      vertex 250 -7.65 5.9
    endloop
  endfacet
  facet normal -0.64978 -0.760123 0
    outer loop
      vertex 254.497 6.18898 5.9
      vertex 255.409 5.40937 11.1
      vertex 254.497 6.18898 11.1
    endloop
  endfacet
  facet normal -0.64978 -0.760123 -0
    outer loop
      vertex 255.409 5.40937 11.1
      vertex 254.497 6.18898 5.9
      vertex 255.409 5.40937 5.9
    endloop
  endfacet
  facet normal 0.64978 -0.760123 0
    outer loop
      vertex 244.591 5.40937 5.9
      vertex 245.503 6.18898 11.1
      vertex 244.591 5.40937 11.1
    endloop
  endfacet
  facet normal 0.64978 -0.760123 0
    outer loop
      vertex 245.503 6.18898 11.1
      vertex 244.591 5.40937 5.9
      vertex 245.503 6.18898 5.9
    endloop
  endfacet
  facet normal 0.382696 -0.923874 0
    outer loop
      vertex 246.527 6.8162 5.9
      vertex 247.636 7.27558 11.1
      vertex 246.527 6.8162 11.1
    endloop
  endfacet
  facet normal 0.382696 -0.923874 0
    outer loop
      vertex 247.636 7.27558 11.1
      vertex 246.527 6.8162 5.9
      vertex 247.636 7.27558 5.9
    endloop
  endfacet
  facet normal -0.852722 0.522365 0
    outer loop
      vertex 256.189 -4.49656 5.9
      vertex 256.816 -3.47303 11.1
      vertex 256.816 -3.47303 5.9
    endloop
  endfacet
  facet normal -0.852722 0.522365 0
    outer loop
      vertex 256.816 -3.47303 11.1
      vertex 256.189 -4.49656 5.9
      vertex 256.189 -4.49656 11.1
    endloop
  endfacet
  facet normal -0.923698 -0.383122 0
    outer loop
      vertex 257.276 2.36398 5.9
      vertex 256.816 3.47303 11.1
      vertex 256.816 3.47303 5.9
    endloop
  endfacet
  facet normal -0.923698 -0.383122 0
    outer loop
      vertex 256.816 3.47303 11.1
      vertex 257.276 2.36398 5.9
      vertex 257.276 2.36398 11.1
    endloop
  endfacet
  facet normal -0.972414 -0.233261 0
    outer loop
      vertex 257.556 1.19672 5.9
      vertex 257.276 2.36398 11.1
      vertex 257.276 2.36398 5.9
    endloop
  endfacet
  facet normal -0.972414 -0.233261 0
    outer loop
      vertex 257.276 2.36398 11.1
      vertex 257.556 1.19672 5.9
      vertex 257.556 1.19672 11.1
    endloop
  endfacet
  facet normal -0.382696 -0.923874 0
    outer loop
      vertex 252.364 7.27558 5.9
      vertex 253.473 6.8162 11.1
      vertex 252.364 7.27558 11.1
    endloop
  endfacet
  facet normal -0.382696 -0.923874 -0
    outer loop
      vertex 253.473 6.8162 11.1
      vertex 252.364 7.27558 5.9
      vertex 253.473 6.8162 5.9
    endloop
  endfacet
  facet normal -0.233499 -0.972357 0
    outer loop
      vertex 251.197 7.55582 5.9
      vertex 252.364 7.27558 11.1
      vertex 251.197 7.55582 11.1
    endloop
  endfacet
  facet normal -0.233499 -0.972357 -0
    outer loop
      vertex 252.364 7.27558 11.1
      vertex 251.197 7.55582 5.9
      vertex 252.364 7.27558 5.9
    endloop
  endfacet
  facet normal -0.522324 -0.852747 0
    outer loop
      vertex 253.473 6.8162 5.9
      vertex 254.497 6.18898 11.1
      vertex 253.473 6.8162 11.1
    endloop
  endfacet
  facet normal -0.522324 -0.852747 -0
    outer loop
      vertex 254.497 6.18898 11.1
      vertex 253.473 6.8162 5.9
      vertex 254.497 6.18898 5.9
    endloop
  endfacet
  facet normal 0.923698 -0.383122 0
    outer loop
      vertex 242.724 2.36398 11.1
      vertex 243.184 3.47303 5.9
      vertex 243.184 3.47303 11.1
    endloop
  endfacet
  facet normal 0.923698 -0.383122 0
    outer loop
      vertex 243.184 3.47303 5.9
      vertex 242.724 2.36398 11.1
      vertex 242.724 2.36398 5.9
    endloop
  endfacet
  facet normal 0.852722 -0.522365 0
    outer loop
      vertex 243.184 3.47303 11.1
      vertex 243.811 4.49656 5.9
      vertex 243.811 4.49656 11.1
    endloop
  endfacet
  facet normal 0.852722 -0.522365 0
    outer loop
      vertex 243.811 4.49656 5.9
      vertex 243.184 3.47303 11.1
      vertex 243.184 3.47303 5.9
    endloop
  endfacet
  facet normal 0.972414 -0.233261 0
    outer loop
      vertex 242.444 1.19672 11.1
      vertex 242.724 2.36398 5.9
      vertex 242.724 2.36398 11.1
    endloop
  endfacet
  facet normal 0.972414 -0.233261 0
    outer loop
      vertex 242.724 2.36398 5.9
      vertex 242.444 1.19672 11.1
      vertex 242.444 1.19672 5.9
    endloop
  endfacet
  facet normal 0.522324 -0.852747 0
    outer loop
      vertex 245.503 6.18898 5.9
      vertex 246.527 6.8162 11.1
      vertex 245.503 6.18898 11.1
    endloop
  endfacet
  facet normal 0.522324 -0.852747 0
    outer loop
      vertex 246.527 6.8162 11.1
      vertex 245.503 6.18898 5.9
      vertex 246.527 6.8162 5.9
    endloop
  endfacet
  facet normal 0.233499 -0.972357 0
    outer loop
      vertex 247.636 7.27558 5.9
      vertex 248.803 7.55582 11.1
      vertex 247.636 7.27558 11.1
    endloop
  endfacet
  facet normal 0.233499 -0.972357 0
    outer loop
      vertex 248.803 7.55582 11.1
      vertex 247.636 7.27558 5.9
      vertex 248.803 7.55582 5.9
    endloop
  endfacet
  facet normal 0 0 1
    outer loop
      vertex 257.556 1.19672 5.9
      vertex 257.556 -1.19672 5.9
      vertex 257.65 0 5.9
    endloop
  endfacet
  facet normal 0 0 1
    outer loop
      vertex 257.276 2.36398 5.9
      vertex 257.556 -1.19672 5.9
      vertex 257.556 1.19672 5.9
    endloop
  endfacet
  facet normal 0 0 1
    outer loop
      vertex 257.276 2.36398 5.9
      vertex 257.276 -2.36398 5.9
      vertex 257.556 -1.19672 5.9
    endloop
  endfacet
  facet normal 0 0 1
    outer loop
      vertex 256.816 3.47303 5.9
      vertex 257.276 -2.36398 5.9
      vertex 257.276 2.36398 5.9
    endloop
  endfacet
  facet normal 0 0 1
    outer loop
      vertex 256.816 3.47303 5.9
      vertex 256.816 -3.47303 5.9
      vertex 257.276 -2.36398 5.9
    endloop
  endfacet
  facet normal 0 0 1
    outer loop
      vertex 256.189 4.49656 5.9
      vertex 256.816 -3.47303 5.9
      vertex 256.816 3.47303 5.9
    endloop
  endfacet
  facet normal 0 0 1
    outer loop
      vertex 256.189 4.49656 5.9
      vertex 256.189 -4.49656 5.9
      vertex 256.816 -3.47303 5.9
    endloop
  endfacet
  facet normal 0 0 1
    outer loop
      vertex 255.409 5.40937 5.9
      vertex 256.189 -4.49656 5.9
      vertex 256.189 4.49656 5.9
    endloop
  endfacet
  facet normal 0 0 1
    outer loop
      vertex 255.409 5.40937 5.9
      vertex 255.409 -5.40937 5.9
      vertex 256.189 -4.49656 5.9
    endloop
  endfacet
  facet normal 0 0 1
    outer loop
      vertex 254.497 6.18898 5.9
      vertex 255.409 -5.40937 5.9
      vertex 255.409 5.40937 5.9
    endloop
  endfacet
  facet normal 0 0 1
    outer loop
      vertex 254.497 6.18898 5.9
      vertex 254.497 -6.18898 5.9
      vertex 255.409 -5.40937 5.9
    endloop
  endfacet
  facet normal 0 0 1
    outer loop
      vertex 253.473 6.8162 5.9
      vertex 254.497 -6.18898 5.9
      vertex 254.497 6.18898 5.9
    endloop
  endfacet
  facet normal 0 0 1
    outer loop
      vertex 253.473 6.8162 5.9
      vertex 253.473 -6.8162 5.9
      vertex 254.497 -6.18898 5.9
    endloop
  endfacet
  facet normal 0 0 1
    outer loop
      vertex 252.364 7.27558 5.9
      vertex 253.473 -6.8162 5.9
      vertex 253.473 6.8162 5.9
    endloop
  endfacet
  facet normal 0 0 1
    outer loop
      vertex 252.364 7.27558 5.9
      vertex 252.364 -7.27558 5.9
      vertex 253.473 -6.8162 5.9
    endloop
  endfacet
  facet normal 0 0 1
    outer loop
      vertex 251.197 7.55582 5.9
      vertex 252.364 -7.27558 5.9
      vertex 252.364 7.27558 5.9
    endloop
  endfacet
  facet normal 0 0 1
    outer loop
      vertex 251.197 7.55582 5.9
      vertex 251.197 -7.55582 5.9
      vertex 252.364 -7.27558 5.9
    endloop
  endfacet
  facet normal 0 0 1
    outer loop
      vertex 250 7.65 5.9
      vertex 251.197 -7.55582 5.9
      vertex 251.197 7.55582 5.9
    endloop
  endfacet
  facet normal 0 0 1
    outer loop
      vertex 250 7.65 5.9
      vertex 250 -7.65 5.9
      vertex 251.197 -7.55582 5.9
    endloop
  endfacet
  facet normal -0 0 1
    outer loop
      vertex 248.803 7.55582 5.9
      vertex 250 -7.65 5.9
      vertex 250 7.65 5.9
    endloop
  endfacet
  facet normal 0 0 1
    outer loop
      vertex 248.803 7.55582 5.9
      vertex 248.803 -7.55582 5.9
      vertex 250 -7.65 5.9
    endloop
  endfacet
  facet normal -0 0 1
    outer loop
      vertex 247.636 7.27558 5.9
      vertex 248.803 -7.55582 5.9
      vertex 248.803 7.55582 5.9
    endloop
  endfacet
  facet normal 0 0 1
    outer loop
      vertex 247.636 7.27558 5.9
      vertex 247.636 -7.27558 5.9
      vertex 248.803 -7.55582 5.9
    endloop
  endfacet
  facet normal -0 0 1
    outer loop
      vertex 246.527 6.8162 5.9
      vertex 247.636 -7.27558 5.9
      vertex 247.636 7.27558 5.9
    endloop
  endfacet
  facet normal 0 0 1
    outer loop
      vertex 246.527 6.8162 5.9
      vertex 246.527 -6.8162 5.9
      vertex 247.636 -7.27558 5.9
    endloop
  endfacet
  facet normal -0 0 1
    outer loop
      vertex 245.503 6.18898 5.9
      vertex 246.527 -6.8162 5.9
      vertex 246.527 6.8162 5.9
    endloop
  endfacet
  facet normal 0 0 1
    outer loop
      vertex 245.503 6.18898 5.9
      vertex 245.503 -6.18898 5.9
      vertex 246.527 -6.8162 5.9
    endloop
  endfacet
  facet normal -0 0 1
    outer loop
      vertex 244.591 5.40937 5.9
      vertex 245.503 -6.18898 5.9
      vertex 245.503 6.18898 5.9
    endloop
  endfacet
  facet normal 0 0 1
    outer loop
      vertex 244.591 5.40937 5.9
      vertex 244.591 -5.40937 5.9
      vertex 245.503 -6.18898 5.9
    endloop
  endfacet
  facet normal -0 0 1
    outer loop
      vertex 243.811 4.49656 5.9
      vertex 244.591 -5.40937 5.9
      vertex 244.591 5.40937 5.9
    endloop
  endfacet
  facet normal 0 0 1
    outer loop
      vertex 243.811 4.49656 5.9
      vertex 243.811 -4.49656 5.9
      vertex 244.591 -5.40937 5.9
    endloop
  endfacet
  facet normal -0 0 1
    outer loop
      vertex 243.184 3.47303 5.9
      vertex 243.811 -4.49656 5.9
      vertex 243.811 4.49656 5.9
    endloop
  endfacet
  facet normal 0 0 1
    outer loop
      vertex 243.184 3.47303 5.9
      vertex 243.184 -3.47303 5.9
      vertex 243.811 -4.49656 5.9
    endloop
  endfacet
  facet normal -0 0 1
    outer loop
      vertex 242.724 2.36398 5.9
      vertex 243.184 -3.47303 5.9
      vertex 243.184 3.47303 5.9
    endloop
  endfacet
  facet normal 0 0 1
    outer loop
      vertex 242.724 2.36398 5.9
      vertex 242.724 -2.36398 5.9
      vertex 243.184 -3.47303 5.9
    endloop
  endfacet
  facet normal -0 0 1
    outer loop
      vertex 242.444 1.19672 5.9
      vertex 242.724 -2.36398 5.9
      vertex 242.724 2.36398 5.9
    endloop
  endfacet
  facet normal 0 0 1
    outer loop
      vertex 242.444 1.19672 5.9
      vertex 242.444 -1.19672 5.9
      vertex 242.724 -2.36398 5.9
    endloop
  endfacet
  facet normal 0 -0 1
    outer loop
      vertex 242.444 -1.19672 5.9
      vertex 242.444 1.19672 5.9
      vertex 242.35 0 5.9
    endloop
  endfacet
  facet normal -0.233499 0.972357 0
    outer loop
      vertex 252.364 -7.27558 5.9
      vertex 251.197 -7.55582 11.1
      vertex 252.364 -7.27558 11.1
    endloop
  endfacet
  facet normal -0.233499 0.972357 0
    outer loop
      vertex 251.197 -7.55582 11.1
      vertex 252.364 -7.27558 5.9
      vertex 251.197 -7.55582 5.9
    endloop
  endfacet
  facet normal -0.760247 -0.649634 0
    outer loop
      vertex 256.189 4.49656 5.9
      vertex 255.409 5.40937 11.1
      vertex 255.409 5.40937 5.9
    endloop
  endfacet
  facet normal -0.760247 -0.649634 0
    outer loop
      vertex 255.409 5.40937 11.1
      vertex 256.189 4.49656 5.9
      vertex 256.189 4.49656 11.1
    endloop
  endfacet
  facet normal -0.852722 -0.522365 0
    outer loop
      vertex 256.816 3.47303 5.9
      vertex 256.189 4.49656 11.1
      vertex 256.189 4.49656 5.9
    endloop
  endfacet
  facet normal -0.852722 -0.522365 0
    outer loop
      vertex 256.189 4.49656 11.1
      vertex 256.816 3.47303 5.9
      vertex 256.816 3.47303 11.1
    endloop
  endfacet
  facet normal -0.0784376 -0.996919 0
    outer loop
      vertex 250 7.65 5.9
      vertex 251.197 7.55582 11.1
      vertex 250 7.65 11.1
    endloop
  endfacet
  facet normal -0.0784376 -0.996919 -0
    outer loop
      vertex 251.197 7.55582 11.1
      vertex 250 7.65 5.9
      vertex 251.197 7.55582 5.9
    endloop
  endfacet
  facet normal -0.996929 0.0783068 0
    outer loop
      vertex 257.556 -1.19672 5.9
      vertex 257.65 0 11.1
      vertex 257.65 0 5.9
    endloop
  endfacet
  facet normal -0.996929 0.0783068 0
    outer loop
      vertex 257.65 0 11.1
      vertex 257.556 -1.19672 5.9
      vertex 257.556 -1.19672 11.1
    endloop
  endfacet
  facet normal -0.972414 0.233261 0
    outer loop
      vertex 257.276 -2.36398 5.9
      vertex 257.556 -1.19672 11.1
      vertex 257.556 -1.19672 5.9
    endloop
  endfacet
  facet normal -0.972414 0.233261 0
    outer loop
      vertex 257.556 -1.19672 11.1
      vertex 257.276 -2.36398 5.9
      vertex 257.276 -2.36398 11.1
    endloop
  endfacet
  facet normal -0.760247 0.649634 0
    outer loop
      vertex 255.409 -5.40937 5.9
      vertex 256.189 -4.49656 11.1
      vertex 256.189 -4.49656 5.9
    endloop
  endfacet
  facet normal -0.760247 0.649634 0
    outer loop
      vertex 256.189 -4.49656 11.1
      vertex 255.409 -5.40937 5.9
      vertex 255.409 -5.40937 11.1
    endloop
  endfacet
  facet normal -0.923698 0.383122 0
    outer loop
      vertex 256.816 -3.47303 5.9
      vertex 257.276 -2.36398 11.1
      vertex 257.276 -2.36398 5.9
    endloop
  endfacet
  facet normal -0.923698 0.383122 0
    outer loop
      vertex 257.276 -2.36398 11.1
      vertex 256.816 -3.47303 5.9
      vertex 256.816 -3.47303 11.1
    endloop
  endfacet
  facet normal 0.382696 0.923874 -0
    outer loop
      vertex 247.636 -7.27558 5.9
      vertex 246.527 -6.8162 11.1
      vertex 247.636 -7.27558 11.1
    endloop
  endfacet
  facet normal 0.382696 0.923874 0
    outer loop
      vertex 246.527 -6.8162 11.1
      vertex 247.636 -7.27558 5.9
      vertex 246.527 -6.8162 5.9
    endloop
  endfacet
  facet normal 0.923698 0.383122 0
    outer loop
      vertex 243.184 -3.47303 11.1
      vertex 242.724 -2.36398 5.9
      vertex 242.724 -2.36398 11.1
    endloop
  endfacet
  facet normal 0.923698 0.383122 0
    outer loop
      vertex 242.724 -2.36398 5.9
      vertex 243.184 -3.47303 11.1
      vertex 243.184 -3.47303 5.9
    endloop
  endfacet
  facet normal -0.382696 0.923874 0
    outer loop
      vertex 253.473 -6.8162 5.9
      vertex 252.364 -7.27558 11.1
      vertex 253.473 -6.8162 11.1
    endloop
  endfacet
  facet normal -0.382696 0.923874 0
    outer loop
      vertex 252.364 -7.27558 11.1
      vertex 253.473 -6.8162 5.9
      vertex 252.364 -7.27558 5.9
    endloop
  endfacet
  facet normal 0.760247 -0.649634 0
    outer loop
      vertex 243.811 4.49656 11.1
      vertex 244.591 5.40937 5.9
      vertex 244.591 5.40937 11.1
    endloop
  endfacet
  facet normal 0.760247 -0.649634 0
    outer loop
      vertex 244.591 5.40937 5.9
      vertex 243.811 4.49656 11.1
      vertex 243.811 4.49656 5.9
    endloop
  endfacet
  facet normal -0.522324 0.852747 0
    outer loop
      vertex 254.497 -6.18898 5.9
      vertex 253.473 -6.8162 11.1
      vertex 254.497 -6.18898 11.1
    endloop
  endfacet
  facet normal -0.522324 0.852747 0
    outer loop
      vertex 253.473 -6.8162 11.1
      vertex 254.497 -6.18898 5.9
      vertex 253.473 -6.8162 5.9
    endloop
  endfacet
  facet normal 0.233499 0.972357 -0
    outer loop
      vertex 248.803 -7.55582 5.9
      vertex 247.636 -7.27558 11.1
      vertex 248.803 -7.55582 11.1
    endloop
  endfacet
  facet normal 0.233499 0.972357 0
    outer loop
      vertex 247.636 -7.27558 11.1
      vertex 248.803 -7.55582 5.9
      vertex 247.636 -7.27558 5.9
    endloop
  endfacet
  facet normal 0.972414 0.233261 0
    outer loop
      vertex 242.724 -2.36398 11.1
      vertex 242.444 -1.19672 5.9
      vertex 242.444 -1.19672 11.1
    endloop
  endfacet
  facet normal 0.972414 0.233261 0
    outer loop
      vertex 242.444 -1.19672 5.9
      vertex 242.724 -2.36398 11.1
      vertex 242.724 -2.36398 5.9
    endloop
  endfacet
  facet normal 0.996929 0.0783068 0
    outer loop
      vertex 242.444 -1.19672 11.1
      vertex 242.35 0 5.9
      vertex 242.35 0 11.1
    endloop
  endfacet
  facet normal 0.996929 0.0783068 0
    outer loop
      vertex 242.35 0 5.9
      vertex 242.444 -1.19672 11.1
      vertex 242.444 -1.19672 5.9
    endloop
  endfacet
  facet normal -0.64978 0.760123 0
    outer loop
      vertex 255.409 -5.40937 5.9
      vertex 254.497 -6.18898 11.1
      vertex 255.409 -5.40937 11.1
    endloop
  endfacet
  facet normal -0.64978 0.760123 0
    outer loop
      vertex 254.497 -6.18898 11.1
      vertex 255.409 -5.40937 5.9
      vertex 254.497 -6.18898 5.9
    endloop
  endfacet
  facet normal 0.0784376 0.996919 -0
    outer loop
      vertex 250 -7.65 5.9
      vertex 248.803 -7.55582 11.1
      vertex 250 -7.65 11.1
    endloop
  endfacet
  facet normal 0.0784376 0.996919 0
    outer loop
      vertex 248.803 -7.55582 11.1
      vertex 250 -7.65 5.9
      vertex 248.803 -7.55582 5.9
    endloop
  endfacet
  facet normal 0.64978 0.760123 -0
    outer loop
      vertex 245.503 -6.18898 5.9
      vertex 244.591 -5.40937 11.1
      vertex 245.503 -6.18898 11.1
    endloop
  endfacet
  facet normal 0.64978 0.760123 0
    outer loop
      vertex 244.591 -5.40937 11.1
      vertex 245.503 -6.18898 5.9
      vertex 244.591 -5.40937 5.9
    endloop
  endfacet
  facet normal 0.760247 0.649634 0
    outer loop
      vertex 244.591 -5.40937 11.1
      vertex 243.811 -4.49656 5.9
      vertex 243.811 -4.49656 11.1
    endloop
  endfacet
  facet normal 0.760247 0.649634 0
    outer loop
      vertex 243.811 -4.49656 5.9
      vertex 244.591 -5.40937 11.1
      vertex 244.591 -5.40937 5.9
    endloop
  endfacet
  facet normal 0.852722 0.522365 0
    outer loop
      vertex 243.811 -4.49656 11.1
      vertex 243.184 -3.47303 5.9
      vertex 243.184 -3.47303 11.1
    endloop
  endfacet
  facet normal 0.852722 0.522365 0
    outer loop
      vertex 243.184 -3.47303 5.9
      vertex 243.811 -4.49656 11.1
      vertex 243.811 -4.49656 5.9
    endloop
  endfacet
  facet normal 0.522324 0.852747 -0
    outer loop
      vertex 246.527 -6.8162 5.9
      vertex 245.503 -6.18898 11.1
      vertex 246.527 -6.8162 11.1
    endloop
  endfacet
  facet normal 0.522324 0.852747 0
    outer loop
      vertex 245.503 -6.18898 11.1
      vertex 246.527 -6.8162 5.9
      vertex 245.503 -6.18898 5.9
    endloop
  endfacet
endsolid OpenSCAD_Model
