solid OpenSCAD_Model
  facet normal -0.649694 -0.760195 0
    outer loop
      vertex -128.171 -45.6715 8.1
      vertex -127.223 -46.4817 11.1
      vertex -128.171 -45.6715 11.1
    endloop
  endfacet
  facet normal -0.649694 -0.760195 -0
    outer loop
      vertex -127.223 -46.4817 11.1
      vertex -128.171 -45.6715 8.1
      vertex -127.223 -46.4817 8.1
    endloop
  endfacet
  facet normal -0 0 1
    outer loop
      vertex 128.65 40.0501 11.1
      vertex 130.5 40.05 11.1
      vertex 130.402 41.2937 11.1
    endloop
  endfacet
  facet normal 0 0 1
    outer loop
      vertex 130.5 40.05 11.1
      vertex 128.65 40.0501 11.1
      vertex 130.5 -40.05 11.1
    endloop
  endfacet
  facet normal 0 0 1
    outer loop
      vertex 128.575 41.0042 11.1
      vertex 130.402 41.2937 11.1
      vertex 130.111 42.5067 11.1
    endloop
  endfacet
  facet normal 0 0 1
    outer loop
      vertex 128.65 -40.0501 11.1
      vertex 130.5 -40.05 11.1
      vertex 128.65 40.0501 11.1
    endloop
  endfacet
  facet normal 0 0 1
    outer loop
      vertex 128.351 41.935 11.1
      vertex 130.111 42.5067 11.1
      vertex 129.633 43.6592 11.1
    endloop
  endfacet
  facet normal 0 0 1
    outer loop
      vertex 130.5 -40.05 11.1
      vertex 128.65 -40.0501 11.1
      vertex 130.402 -41.2937 11.1
    endloop
  endfacet
  facet normal 0 0 1
    outer loop
      vertex 127.985 42.8193 11.1
      vertex 129.633 43.6592 11.1
      vertex 128.982 44.7229 11.1
    endloop
  endfacet
  facet normal -0 0 1
    outer loop
      vertex 128.575 -41.0042 11.1
      vertex 130.402 -41.2937 11.1
      vertex 128.65 -40.0501 11.1
    endloop
  endfacet
  facet normal 0 0 1
    outer loop
      vertex 130.402 -41.2937 11.1
      vertex 128.575 -41.0042 11.1
      vertex 130.111 -42.5067 11.1
    endloop
  endfacet
  facet normal 0 0 1
    outer loop
      vertex 130.402 41.2937 11.1
      vertex 128.575 41.0042 11.1
      vertex 128.65 40.0501 11.1
    endloop
  endfacet
  facet normal 0 0 1
    outer loop
      vertex 130.111 42.5067 11.1
      vertex 128.351 41.935 11.1
      vertex 128.575 41.0042 11.1
    endloop
  endfacet
  facet normal 0 0 1
    outer loop
      vertex 127.485 43.6355 11.1
      vertex 128.982 44.7229 11.1
      vertex 128.171 45.6715 11.1
    endloop
  endfacet
  facet normal 0 0 1
    outer loop
      vertex 129.633 43.6592 11.1
      vertex 127.985 42.8193 11.1
      vertex 128.351 41.935 11.1
    endloop
  endfacet
  facet normal 0 0 1
    outer loop
      vertex 128.982 44.7229 11.1
      vertex 127.485 43.6355 11.1
      vertex 127.985 42.8193 11.1
    endloop
  endfacet
  facet normal 0 0 1
    outer loop
      vertex 126.863 44.3633 11.1
      vertex 128.171 45.6715 11.1
      vertex 127.223 46.4817 11.1
    endloop
  endfacet
  facet normal 0 0 1
    outer loop
      vertex 128.171 45.6715 11.1
      vertex 126.863 44.3633 11.1
      vertex 127.485 43.6355 11.1
    endloop
  endfacet
  facet normal 0 0 1
    outer loop
      vertex 126.135 44.985 11.1
      vertex 127.223 46.4817 11.1
      vertex 126.159 47.1335 11.1
    endloop
  endfacet
  facet normal 0 0 1
    outer loop
      vertex 127.223 46.4817 11.1
      vertex 126.135 44.985 11.1
      vertex 126.863 44.3633 11.1
    endloop
  endfacet
  facet normal 0 0 1
    outer loop
      vertex 126.159 47.1335 11.1
      vertex 125.319 45.4851 11.1
      vertex 126.135 44.985 11.1
    endloop
  endfacet
  facet normal 0 0 1
    outer loop
      vertex 125.007 47.6109 11.1
      vertex 125.319 45.4851 11.1
      vertex 126.159 47.1335 11.1
    endloop
  endfacet
  facet normal 0 0 1
    outer loop
      vertex 125.007 47.6109 11.1
      vertex 124.435 45.8514 11.1
      vertex 125.319 45.4851 11.1
    endloop
  endfacet
  facet normal 0 0 1
    outer loop
      vertex 123.794 47.9021 11.1
      vertex 124.435 45.8514 11.1
      vertex 125.007 47.6109 11.1
    endloop
  endfacet
  facet normal 0 0 1
    outer loop
      vertex 123.794 47.9021 11.1
      vertex 123.504 46.0749 11.1
      vertex 124.435 45.8514 11.1
    endloop
  endfacet
  facet normal 0 0 1
    outer loop
      vertex 123.794 47.9021 11.1
      vertex 122.55 46.15 11.1
      vertex 123.504 46.0749 11.1
    endloop
  endfacet
  facet normal 0 0 1
    outer loop
      vertex 122.55 48 11.1
      vertex 122.55 46.15 11.1
      vertex 123.794 47.9021 11.1
    endloop
  endfacet
  facet normal -0 0 1
    outer loop
      vertex -122.55 48 11.1
      vertex 122.55 46.15 11.1
      vertex 122.55 48 11.1
    endloop
  endfacet
  facet normal 0 0 1
    outer loop
      vertex -122.55 48 11.1
      vertex -122.55 46.15 11.1
      vertex 122.55 46.15 11.1
    endloop
  endfacet
  facet normal 0 0 1
    outer loop
      vertex -122.55 48 11.1
      vertex -123.504 46.0749 11.1
      vertex -122.55 46.15 11.1
    endloop
  endfacet
  facet normal -0 0 1
    outer loop
      vertex -123.794 47.9021 11.1
      vertex -123.504 46.0749 11.1
      vertex -122.55 48 11.1
    endloop
  endfacet
  facet normal 0 0 1
    outer loop
      vertex -123.794 47.9021 11.1
      vertex -124.435 45.8514 11.1
      vertex -123.504 46.0749 11.1
    endloop
  endfacet
  facet normal -0 0 1
    outer loop
      vertex -125.007 47.6109 11.1
      vertex -124.435 45.8514 11.1
      vertex -123.794 47.9021 11.1
    endloop
  endfacet
  facet normal 0 0 1
    outer loop
      vertex -125.007 47.6109 11.1
      vertex -125.319 45.4851 11.1
      vertex -124.435 45.8514 11.1
    endloop
  endfacet
  facet normal -0 0 1
    outer loop
      vertex -126.159 47.1335 11.1
      vertex -125.319 45.4851 11.1
      vertex -125.007 47.6109 11.1
    endloop
  endfacet
  facet normal 0 0 1
    outer loop
      vertex -125.319 45.4851 11.1
      vertex -126.159 47.1335 11.1
      vertex -126.135 44.985 11.1
    endloop
  endfacet
  facet normal -0 0 1
    outer loop
      vertex -127.223 46.4817 11.1
      vertex -126.135 44.985 11.1
      vertex -126.159 47.1335 11.1
    endloop
  endfacet
  facet normal 0 0 1
    outer loop
      vertex -126.135 44.985 11.1
      vertex -127.223 46.4817 11.1
      vertex -126.863 44.3633 11.1
    endloop
  endfacet
  facet normal -0 0 1
    outer loop
      vertex -128.171 45.6715 11.1
      vertex -126.863 44.3633 11.1
      vertex -127.223 46.4817 11.1
    endloop
  endfacet
  facet normal 0 0 1
    outer loop
      vertex -126.863 44.3633 11.1
      vertex -128.171 45.6715 11.1
      vertex -127.485 43.6355 11.1
    endloop
  endfacet
  facet normal -0 0 1
    outer loop
      vertex -128.982 44.7229 11.1
      vertex -127.485 43.6355 11.1
      vertex -128.171 45.6715 11.1
    endloop
  endfacet
  facet normal 0 0 1
    outer loop
      vertex -127.485 43.6355 11.1
      vertex -128.982 44.7229 11.1
      vertex -127.985 42.8193 11.1
    endloop
  endfacet
  facet normal -0 0 1
    outer loop
      vertex -129.633 43.6592 11.1
      vertex -127.985 42.8193 11.1
      vertex -128.982 44.7229 11.1
    endloop
  endfacet
  facet normal 0 0 1
    outer loop
      vertex -128.351 41.935 11.1
      vertex -130.111 42.5067 11.1
      vertex -128.575 41.0042 11.1
    endloop
  endfacet
  facet normal -0 0 1
    outer loop
      vertex -130.111 42.5067 11.1
      vertex -128.351 41.935 11.1
      vertex -129.633 43.6592 11.1
    endloop
  endfacet
  facet normal 0 0 1
    outer loop
      vertex -127.985 42.8193 11.1
      vertex -129.633 43.6592 11.1
      vertex -128.351 41.935 11.1
    endloop
  endfacet
  facet normal -0 0 1
    outer loop
      vertex 128.351 -41.935 11.1
      vertex 130.111 -42.5067 11.1
      vertex 128.575 -41.0042 11.1
    endloop
  endfacet
  facet normal 0 0 1
    outer loop
      vertex 130.111 -42.5067 11.1
      vertex 128.351 -41.935 11.1
      vertex 129.633 -43.6592 11.1
    endloop
  endfacet
  facet normal -0 0 1
    outer loop
      vertex 127.985 -42.8193 11.1
      vertex 129.633 -43.6592 11.1
      vertex 128.351 -41.935 11.1
    endloop
  endfacet
  facet normal 0 0 1
    outer loop
      vertex 129.633 -43.6592 11.1
      vertex 127.985 -42.8193 11.1
      vertex 128.982 -44.7229 11.1
    endloop
  endfacet
  facet normal -0 0 1
    outer loop
      vertex 127.485 -43.6355 11.1
      vertex 128.982 -44.7229 11.1
      vertex 127.985 -42.8193 11.1
    endloop
  endfacet
  facet normal 0 0 1
    outer loop
      vertex 128.982 -44.7229 11.1
      vertex 127.485 -43.6355 11.1
      vertex 128.171 -45.6715 11.1
    endloop
  endfacet
  facet normal -0 0 1
    outer loop
      vertex 126.863 -44.3633 11.1
      vertex 128.171 -45.6715 11.1
      vertex 127.485 -43.6355 11.1
    endloop
  endfacet
  facet normal 0 0 1
    outer loop
      vertex 128.171 -45.6715 11.1
      vertex 126.863 -44.3633 11.1
      vertex 127.223 -46.4817 11.1
    endloop
  endfacet
  facet normal -0 0 1
    outer loop
      vertex 126.135 -44.985 11.1
      vertex 127.223 -46.4817 11.1
      vertex 126.863 -44.3633 11.1
    endloop
  endfacet
  facet normal 0 0 1
    outer loop
      vertex 127.223 -46.4817 11.1
      vertex 126.135 -44.985 11.1
      vertex 126.159 -47.1335 11.1
    endloop
  endfacet
  facet normal -0 0 1
    outer loop
      vertex 125.319 -45.4851 11.1
      vertex 126.159 -47.1335 11.1
      vertex 126.135 -44.985 11.1
    endloop
  endfacet
  facet normal 0 0 1
    outer loop
      vertex 125.319 -45.4851 11.1
      vertex 125.007 -47.6109 11.1
      vertex 126.159 -47.1335 11.1
    endloop
  endfacet
  facet normal -0 0 1
    outer loop
      vertex 124.435 -45.8514 11.1
      vertex 125.007 -47.6109 11.1
      vertex 125.319 -45.4851 11.1
    endloop
  endfacet
  facet normal 0 0 1
    outer loop
      vertex 124.435 -45.8514 11.1
      vertex 123.794 -47.9021 11.1
      vertex 125.007 -47.6109 11.1
    endloop
  endfacet
  facet normal -0 0 1
    outer loop
      vertex 123.504 -46.0749 11.1
      vertex 123.794 -47.9021 11.1
      vertex 124.435 -45.8514 11.1
    endloop
  endfacet
  facet normal -0 0 1
    outer loop
      vertex 122.55 -46.15 11.1
      vertex 123.794 -47.9021 11.1
      vertex 123.504 -46.0749 11.1
    endloop
  endfacet
  facet normal 0 0 1
    outer loop
      vertex 122.55 -46.15 11.1
      vertex 122.55 -48 11.1
      vertex 123.794 -47.9021 11.1
    endloop
  endfacet
  facet normal 0 0 1
    outer loop
      vertex 122.55 -46.15 11.1
      vertex -122.55 -48 11.1
      vertex 122.55 -48 11.1
    endloop
  endfacet
  facet normal -0 0 1
    outer loop
      vertex -122.55 -46.15 11.1
      vertex -122.55 -48 11.1
      vertex 122.55 -46.15 11.1
    endloop
  endfacet
  facet normal 0 0 1
    outer loop
      vertex -123.504 -46.0749 11.1
      vertex -122.55 -48 11.1
      vertex -122.55 -46.15 11.1
    endloop
  endfacet
  facet normal 0 0 1
    outer loop
      vertex -123.504 -46.0749 11.1
      vertex -123.794 -47.9021 11.1
      vertex -122.55 -48 11.1
    endloop
  endfacet
  facet normal 0 0 1
    outer loop
      vertex -124.435 -45.8514 11.1
      vertex -123.794 -47.9021 11.1
      vertex -123.504 -46.0749 11.1
    endloop
  endfacet
  facet normal 0 0 1
    outer loop
      vertex -124.435 -45.8514 11.1
      vertex -125.007 -47.6109 11.1
      vertex -123.794 -47.9021 11.1
    endloop
  endfacet
  facet normal 0 0 1
    outer loop
      vertex -125.319 -45.4851 11.1
      vertex -125.007 -47.6109 11.1
      vertex -124.435 -45.8514 11.1
    endloop
  endfacet
  facet normal 0 0 1
    outer loop
      vertex -126.159 -47.1335 11.1
      vertex -125.319 -45.4851 11.1
      vertex -126.135 -44.985 11.1
    endloop
  endfacet
  facet normal 0 0 1
    outer loop
      vertex -125.319 -45.4851 11.1
      vertex -126.159 -47.1335 11.1
      vertex -125.007 -47.6109 11.1
    endloop
  endfacet
  facet normal 0 0 1
    outer loop
      vertex -127.223 -46.4817 11.1
      vertex -126.135 -44.985 11.1
      vertex -126.863 -44.3633 11.1
    endloop
  endfacet
  facet normal 0 0 1
    outer loop
      vertex -126.135 -44.985 11.1
      vertex -127.223 -46.4817 11.1
      vertex -126.159 -47.1335 11.1
    endloop
  endfacet
  facet normal 0 0 1
    outer loop
      vertex -128.171 -45.6715 11.1
      vertex -126.863 -44.3633 11.1
      vertex -127.485 -43.6355 11.1
    endloop
  endfacet
  facet normal 0 0 1
    outer loop
      vertex -128.982 -44.7229 11.1
      vertex -127.485 -43.6355 11.1
      vertex -127.985 -42.8193 11.1
    endloop
  endfacet
  facet normal 0 0 1
    outer loop
      vertex -126.863 -44.3633 11.1
      vertex -128.171 -45.6715 11.1
      vertex -127.223 -46.4817 11.1
    endloop
  endfacet
  facet normal 0 0 1
    outer loop
      vertex -129.633 -43.6592 11.1
      vertex -127.985 -42.8193 11.1
      vertex -128.351 -41.935 11.1
    endloop
  endfacet
  facet normal 0 0 1
    outer loop
      vertex -130.111 -42.5067 11.1
      vertex -128.351 -41.935 11.1
      vertex -128.575 -41.0042 11.1
    endloop
  endfacet
  facet normal 0 0 1
    outer loop
      vertex -127.485 -43.6355 11.1
      vertex -128.982 -44.7229 11.1
      vertex -128.171 -45.6715 11.1
    endloop
  endfacet
  facet normal 0 0 1
    outer loop
      vertex -130.402 -41.2937 11.1
      vertex -128.575 -41.0042 11.1
      vertex -128.65 -40.0501 11.1
    endloop
  endfacet
  facet normal 0 0 1
    outer loop
      vertex -128.65 40.0501 11.1
      vertex -130.5 40.05 11.1
      vertex -128.65 -40.0501 11.1
    endloop
  endfacet
  facet normal -0 0 1
    outer loop
      vertex -130.402 41.2937 11.1
      vertex -128.575 41.0042 11.1
      vertex -130.111 42.5067 11.1
    endloop
  endfacet
  facet normal -0 0 1
    outer loop
      vertex -130.5 -40.05 11.1
      vertex -128.65 -40.0501 11.1
      vertex -130.5 40.05 11.1
    endloop
  endfacet
  facet normal 0 0 1
    outer loop
      vertex -128.575 41.0042 11.1
      vertex -130.402 41.2937 11.1
      vertex -128.65 40.0501 11.1
    endloop
  endfacet
  facet normal 0 -0 1
    outer loop
      vertex -130.402 -41.2937 11.1
      vertex -128.65 -40.0501 11.1
      vertex -130.5 -40.05 11.1
    endloop
  endfacet
  facet normal 0 0 1
    outer loop
      vertex -128.65 40.0501 11.1
      vertex -130.402 41.2937 11.1
      vertex -130.5 40.05 11.1
    endloop
  endfacet
  facet normal 0 0 1
    outer loop
      vertex -127.985 -42.8193 11.1
      vertex -129.633 -43.6592 11.1
      vertex -128.982 -44.7229 11.1
    endloop
  endfacet
  facet normal 0 0 1
    outer loop
      vertex -128.351 -41.935 11.1
      vertex -130.111 -42.5067 11.1
      vertex -129.633 -43.6592 11.1
    endloop
  endfacet
  facet normal 0 0 1
    outer loop
      vertex -128.575 -41.0042 11.1
      vertex -130.402 -41.2937 11.1
      vertex -130.111 -42.5067 11.1
    endloop
  endfacet
  facet normal 0.52237 0.852719 -0
    outer loop
      vertex 127.223 46.4817 8.1
      vertex 126.159 47.1335 11.1
      vertex 127.223 46.4817 11.1
    endloop
  endfacet
  facet normal 0.52237 0.852719 0
    outer loop
      vertex 126.159 47.1335 11.1
      vertex 127.223 46.4817 8.1
      vertex 126.159 47.1335 8.1
    endloop
  endfacet
  facet normal -0.99691 -0.0785536 0
    outer loop
      vertex -130.402 -41.2937 8.1
      vertex -130.5 -40.05 11.1
      vertex -130.5 -40.05 8.1
    endloop
  endfacet
  facet normal -0.99691 -0.0785536 0
    outer loop
      vertex -130.5 -40.05 11.1
      vertex -130.402 -41.2937 8.1
      vertex -130.402 -41.2937 11.1
    endloop
  endfacet
  facet normal -0.99691 0.0785536 0
    outer loop
      vertex -130.5 40.05 8.1
      vertex -130.402 41.2937 11.1
      vertex -130.402 41.2937 8.1
    endloop
  endfacet
  facet normal -0.99691 0.0785536 0
    outer loop
      vertex -130.402 41.2937 11.1
      vertex -130.5 40.05 8.1
      vertex -130.5 40.05 11.1
    endloop
  endfacet
  facet normal -1 0 0
    outer loop
      vertex -130.5 -40.05 8.1
      vertex -130.5 40.05 11.1
      vertex -130.5 40.05 8.1
    endloop
  endfacet
  facet normal -1 -0 0
    outer loop
      vertex -130.5 40.05 11.1
      vertex -130.5 -40.05 8.1
      vertex -130.5 -40.05 11.1
    endloop
  endfacet
  facet normal -0.852939 -0.522011 0
    outer loop
      vertex -128.982 -44.7229 8.1
      vertex -129.633 -43.6592 11.1
      vertex -129.633 -43.6592 8.1
    endloop
  endfacet
  facet normal -0.852939 -0.522011 0
    outer loop
      vertex -129.633 -43.6592 11.1
      vertex -128.982 -44.7229 8.1
      vertex -128.982 -44.7229 11.1
    endloop
  endfacet
  facet normal -0.52237 -0.852719 0
    outer loop
      vertex -127.223 -46.4817 8.1
      vertex -126.159 -47.1335 11.1
      vertex -127.223 -46.4817 11.1
    endloop
  endfacet
  facet normal -0.52237 -0.852719 -0
    outer loop
      vertex -126.159 -47.1335 11.1
      vertex -127.223 -46.4817 8.1
      vertex -126.159 -47.1335 8.1
    endloop
  endfacet
  facet normal 0.649694 0.760195 -0
    outer loop
      vertex 128.171 45.6715 8.1
      vertex 127.223 46.4817 11.1
      vertex 128.171 45.6715 11.1
    endloop
  endfacet
  facet normal 0.649694 0.760195 0
    outer loop
      vertex 127.223 46.4817 11.1
      vertex 128.171 45.6715 8.1
      vertex 127.223 46.4817 8.1
    endloop
  endfacet
  facet normal 0.0784552 -0.996918 0
    outer loop
      vertex 122.55 -48 8.1
      vertex 123.794 -47.9021 11.1
      vertex 122.55 -48 11.1
    endloop
  endfacet
  facet normal 0.0784552 -0.996918 0
    outer loop
      vertex 123.794 -47.9021 11.1
      vertex 122.55 -48 8.1
      vertex 123.794 -47.9021 8.1
    endloop
  endfacet
  facet normal 0 1 -0
    outer loop
      vertex 122.55 48 8.1
      vertex -122.55 48 11.1
      vertex 122.55 48 11.1
    endloop
  endfacet
  facet normal 0 1 0
    outer loop
      vertex -122.55 48 11.1
      vertex 122.55 48 8.1
      vertex -122.55 48 8.1
    endloop
  endfacet
  facet normal 0.233434 0.972373 -0
    outer loop
      vertex 125.007 47.6109 8.1
      vertex 123.794 47.9021 11.1
      vertex 125.007 47.6109 11.1
    endloop
  endfacet
  facet normal 0.233434 0.972373 0
    outer loop
      vertex 123.794 47.9021 11.1
      vertex 125.007 47.6109 8.1
      vertex 123.794 47.9021 8.1
    endloop
  endfacet
  facet normal -0.760082 0.649827 0
    outer loop
      vertex -128.982 44.7229 8.1
      vertex -128.171 45.6715 11.1
      vertex -128.171 45.6715 8.1
    endloop
  endfacet
  facet normal -0.760082 0.649827 0
    outer loop
      vertex -128.171 45.6715 11.1
      vertex -128.982 44.7229 8.1
      vertex -128.982 44.7229 11.1
    endloop
  endfacet
  facet normal -0.760082 -0.649827 0
    outer loop
      vertex -128.171 -45.6715 8.1
      vertex -128.982 -44.7229 11.1
      vertex -128.982 -44.7229 8.1
    endloop
  endfacet
  facet normal -0.760082 -0.649827 0
    outer loop
      vertex -128.982 -44.7229 11.1
      vertex -128.171 -45.6715 8.1
      vertex -128.171 -45.6715 11.1
    endloop
  endfacet
  facet normal 0 -1 0
    outer loop
      vertex -122.55 -48 8.1
      vertex 122.55 -48 11.1
      vertex -122.55 -48 11.1
    endloop
  endfacet
  facet normal 0 -1 -0
    outer loop
      vertex 122.55 -48 11.1
      vertex -122.55 -48 8.1
      vertex 122.55 -48 8.1
    endloop
  endfacet
  facet normal -0.233434 -0.972373 0
    outer loop
      vertex -125.007 -47.6109 8.1
      vertex -123.794 -47.9021 11.1
      vertex -125.007 -47.6109 11.1
    endloop
  endfacet
  facet normal -0.233434 -0.972373 -0
    outer loop
      vertex -123.794 -47.9021 11.1
      vertex -125.007 -47.6109 8.1
      vertex -123.794 -47.9021 8.1
    endloop
  endfacet
  facet normal -0.382838 -0.923815 0
    outer loop
      vertex -126.159 -47.1335 8.1
      vertex -125.007 -47.6109 11.1
      vertex -126.159 -47.1335 11.1
    endloop
  endfacet
  facet normal -0.382838 -0.923815 -0
    outer loop
      vertex -125.007 -47.6109 11.1
      vertex -126.159 -47.1335 8.1
      vertex -125.007 -47.6109 8.1
    endloop
  endfacet
  facet normal 1 -0 0
    outer loop
      vertex 130.5 -40.05 11.1
      vertex 130.5 40.05 8.1
      vertex 130.5 40.05 11.1
    endloop
  endfacet
  facet normal 1 0 0
    outer loop
      vertex 130.5 40.05 8.1
      vertex 130.5 -40.05 11.1
      vertex 130.5 -40.05 8.1
    endloop
  endfacet
  facet normal 0.233434 -0.972373 0
    outer loop
      vertex 123.794 -47.9021 8.1
      vertex 125.007 -47.6109 11.1
      vertex 123.794 -47.9021 11.1
    endloop
  endfacet
  facet normal 0.233434 -0.972373 0
    outer loop
      vertex 125.007 -47.6109 11.1
      vertex 123.794 -47.9021 8.1
      vertex 125.007 -47.6109 8.1
    endloop
  endfacet
  facet normal -0.233434 0.972373 0
    outer loop
      vertex -123.794 47.9021 8.1
      vertex -125.007 47.6109 11.1
      vertex -123.794 47.9021 11.1
    endloop
  endfacet
  facet normal -0.233434 0.972373 0
    outer loop
      vertex -125.007 47.6109 11.1
      vertex -123.794 47.9021 8.1
      vertex -125.007 47.6109 8.1
    endloop
  endfacet
  facet normal -0.0784552 0.996918 0
    outer loop
      vertex -122.55 48 8.1
      vertex -123.794 47.9021 11.1
      vertex -122.55 48 11.1
    endloop
  endfacet
  facet normal -0.0784552 0.996918 0
    outer loop
      vertex -123.794 47.9021 11.1
      vertex -122.55 48 8.1
      vertex -123.794 47.9021 8.1
    endloop
  endfacet
  facet normal 0.382838 0.923815 -0
    outer loop
      vertex 126.159 47.1335 8.1
      vertex 125.007 47.6109 11.1
      vertex 126.159 47.1335 11.1
    endloop
  endfacet
  facet normal 0.382838 0.923815 0
    outer loop
      vertex 125.007 47.6109 11.1
      vertex 126.159 47.1335 8.1
      vertex 125.007 47.6109 8.1
    endloop
  endfacet
  facet normal -0.972409 0.233282 0
    outer loop
      vertex -130.402 41.2937 8.1
      vertex -130.111 42.5067 11.1
      vertex -130.111 42.5067 8.1
    endloop
  endfacet
  facet normal -0.972409 0.233282 0
    outer loop
      vertex -130.111 42.5067 11.1
      vertex -130.402 41.2937 8.1
      vertex -130.402 41.2937 11.1
    endloop
  endfacet
  facet normal -0.923704 0.383107 0
    outer loop
      vertex -130.111 42.5067 8.1
      vertex -129.633 43.6592 11.1
      vertex -129.633 43.6592 8.1
    endloop
  endfacet
  facet normal -0.923704 0.383107 0
    outer loop
      vertex -129.633 43.6592 11.1
      vertex -130.111 42.5067 8.1
      vertex -130.111 42.5067 11.1
    endloop
  endfacet
  facet normal -0.852939 0.522011 0
    outer loop
      vertex -129.633 43.6592 8.1
      vertex -128.982 44.7229 11.1
      vertex -128.982 44.7229 8.1
    endloop
  endfacet
  facet normal -0.852939 0.522011 0
    outer loop
      vertex -128.982 44.7229 11.1
      vertex -129.633 43.6592 8.1
      vertex -129.633 43.6592 11.1
    endloop
  endfacet
  facet normal -0.649694 0.760195 0
    outer loop
      vertex -127.223 46.4817 8.1
      vertex -128.171 45.6715 11.1
      vertex -127.223 46.4817 11.1
    endloop
  endfacet
  facet normal -0.649694 0.760195 0
    outer loop
      vertex -128.171 45.6715 11.1
      vertex -127.223 46.4817 8.1
      vertex -128.171 45.6715 8.1
    endloop
  endfacet
  facet normal -0.52237 0.852719 0
    outer loop
      vertex -126.159 47.1335 8.1
      vertex -127.223 46.4817 11.1
      vertex -126.159 47.1335 11.1
    endloop
  endfacet
  facet normal -0.52237 0.852719 0
    outer loop
      vertex -127.223 46.4817 11.1
      vertex -126.159 47.1335 8.1
      vertex -127.223 46.4817 8.1
    endloop
  endfacet
  facet normal -0.382838 0.923815 0
    outer loop
      vertex -125.007 47.6109 8.1
      vertex -126.159 47.1335 11.1
      vertex -125.007 47.6109 11.1
    endloop
  endfacet
  facet normal -0.382838 0.923815 0
    outer loop
      vertex -126.159 47.1335 11.1
      vertex -125.007 47.6109 8.1
      vertex -126.159 47.1335 8.1
    endloop
  endfacet
  facet normal -0.923704 -0.383107 0
    outer loop
      vertex -129.633 -43.6592 8.1
      vertex -130.111 -42.5067 11.1
      vertex -130.111 -42.5067 8.1
    endloop
  endfacet
  facet normal -0.923704 -0.383107 0
    outer loop
      vertex -130.111 -42.5067 11.1
      vertex -129.633 -43.6592 8.1
      vertex -129.633 -43.6592 11.1
    endloop
  endfacet
  facet normal 0.852939 -0.522011 0
    outer loop
      vertex 128.982 -44.7229 11.1
      vertex 129.633 -43.6592 8.1
      vertex 129.633 -43.6592 11.1
    endloop
  endfacet
  facet normal 0.852939 -0.522011 0
    outer loop
      vertex 129.633 -43.6592 8.1
      vertex 128.982 -44.7229 11.1
      vertex 128.982 -44.7229 8.1
    endloop
  endfacet
  facet normal 0.0784552 0.996918 -0
    outer loop
      vertex 123.794 47.9021 8.1
      vertex 122.55 48 11.1
      vertex 123.794 47.9021 11.1
    endloop
  endfacet
  facet normal 0.0784552 0.996918 0
    outer loop
      vertex 122.55 48 11.1
      vertex 123.794 47.9021 8.1
      vertex 122.55 48 8.1
    endloop
  endfacet
  facet normal -0.972409 -0.233282 0
    outer loop
      vertex -130.111 -42.5067 8.1
      vertex -130.402 -41.2937 11.1
      vertex -130.402 -41.2937 8.1
    endloop
  endfacet
  facet normal -0.972409 -0.233282 0
    outer loop
      vertex -130.402 -41.2937 11.1
      vertex -130.111 -42.5067 8.1
      vertex -130.111 -42.5067 11.1
    endloop
  endfacet
  facet normal -0.0784552 -0.996918 0
    outer loop
      vertex -123.794 -47.9021 8.1
      vertex -122.55 -48 11.1
      vertex -123.794 -47.9021 11.1
    endloop
  endfacet
  facet normal -0.0784552 -0.996918 -0
    outer loop
      vertex -122.55 -48 11.1
      vertex -123.794 -47.9021 8.1
      vertex -122.55 -48 8.1
    endloop
  endfacet
  facet normal 0.923704 -0.383107 0
    outer loop
      vertex 129.633 -43.6592 11.1
      vertex 130.111 -42.5067 8.1
      vertex 130.111 -42.5067 11.1
    endloop
  endfacet
  facet normal 0.923704 -0.383107 0
    outer loop
      vertex 130.111 -42.5067 8.1
      vertex 129.633 -43.6592 11.1
      vertex 129.633 -43.6592 8.1
    endloop
  endfacet
  facet normal 0.852939 0.522011 0
    outer loop
      vertex 129.633 43.6592 11.1
      vertex 128.982 44.7229 8.1
      vertex 128.982 44.7229 11.1
    endloop
  endfacet
  facet normal 0.852939 0.522011 0
    outer loop
      vertex 128.982 44.7229 8.1
      vertex 129.633 43.6592 11.1
      vertex 129.633 43.6592 8.1
    endloop
  endfacet
  facet normal 0.923704 0.383107 0
    outer loop
      vertex 130.111 42.5067 11.1
      vertex 129.633 43.6592 8.1
      vertex 129.633 43.6592 11.1
    endloop
  endfacet
  facet normal 0.923704 0.383107 0
    outer loop
      vertex 129.633 43.6592 8.1
      vertex 130.111 42.5067 11.1
      vertex 130.111 42.5067 8.1
    endloop
  endfacet
  facet normal 0.52237 -0.852719 0
    outer loop
      vertex 126.159 -47.1335 8.1
      vertex 127.223 -46.4817 11.1
      vertex 126.159 -47.1335 11.1
    endloop
  endfacet
  facet normal 0.52237 -0.852719 0
    outer loop
      vertex 127.223 -46.4817 11.1
      vertex 126.159 -47.1335 8.1
      vertex 127.223 -46.4817 8.1
    endloop
  endfacet
  facet normal 0.382838 -0.923815 0
    outer loop
      vertex 125.007 -47.6109 8.1
      vertex 126.159 -47.1335 11.1
      vertex 125.007 -47.6109 11.1
    endloop
  endfacet
  facet normal 0.382838 -0.923815 0
    outer loop
      vertex 126.159 -47.1335 11.1
      vertex 125.007 -47.6109 8.1
      vertex 126.159 -47.1335 8.1
    endloop
  endfacet
  facet normal 0.760082 -0.649827 0
    outer loop
      vertex 128.171 -45.6715 11.1
      vertex 128.982 -44.7229 8.1
      vertex 128.982 -44.7229 11.1
    endloop
  endfacet
  facet normal 0.760082 -0.649827 0
    outer loop
      vertex 128.982 -44.7229 8.1
      vertex 128.171 -45.6715 11.1
      vertex 128.171 -45.6715 8.1
    endloop
  endfacet
  facet normal 0.649694 -0.760195 0
    outer loop
      vertex 127.223 -46.4817 8.1
      vertex 128.171 -45.6715 11.1
      vertex 127.223 -46.4817 11.1
    endloop
  endfacet
  facet normal 0.649694 -0.760195 0
    outer loop
      vertex 128.171 -45.6715 11.1
      vertex 127.223 -46.4817 8.1
      vertex 128.171 -45.6715 8.1
    endloop
  endfacet
  facet normal 0.99691 -0.0785536 0
    outer loop
      vertex 130.402 -41.2937 11.1
      vertex 130.5 -40.05 8.1
      vertex 130.5 -40.05 11.1
    endloop
  endfacet
  facet normal 0.99691 -0.0785536 0
    outer loop
      vertex 130.5 -40.05 8.1
      vertex 130.402 -41.2937 11.1
      vertex 130.402 -41.2937 8.1
    endloop
  endfacet
  facet normal 0.972409 -0.233282 0
    outer loop
      vertex 130.111 -42.5067 11.1
      vertex 130.402 -41.2937 8.1
      vertex 130.402 -41.2937 11.1
    endloop
  endfacet
  facet normal 0.972409 -0.233282 0
    outer loop
      vertex 130.402 -41.2937 8.1
      vertex 130.111 -42.5067 11.1
      vertex 130.111 -42.5067 8.1
    endloop
  endfacet
  facet normal 0.760082 0.649827 0
    outer loop
      vertex 128.982 44.7229 11.1
      vertex 128.171 45.6715 8.1
      vertex 128.171 45.6715 11.1
    endloop
  endfacet
  facet normal 0.760082 0.649827 0
    outer loop
      vertex 128.171 45.6715 8.1
      vertex 128.982 44.7229 11.1
      vertex 128.982 44.7229 8.1
    endloop
  endfacet
  facet normal 0.972409 0.233282 0
    outer loop
      vertex 130.402 41.2937 11.1
      vertex 130.111 42.5067 8.1
      vertex 130.111 42.5067 11.1
    endloop
  endfacet
  facet normal 0.972409 0.233282 0
    outer loop
      vertex 130.111 42.5067 8.1
      vertex 130.402 41.2937 11.1
      vertex 130.402 41.2937 8.1
    endloop
  endfacet
  facet normal 0.99691 0.0785536 0
    outer loop
      vertex 130.5 40.05 11.1
      vertex 130.402 41.2937 8.1
      vertex 130.402 41.2937 11.1
    endloop
  endfacet
  facet normal 0.99691 0.0785536 0
    outer loop
      vertex 130.402 41.2937 8.1
      vertex 130.5 40.05 11.1
      vertex 130.5 40.05 8.1
    endloop
  endfacet
  facet normal 0.649405 0.760442 -0
    outer loop
      vertex -126.135 -44.985 8.1
      vertex -126.863 -44.3633 11.1
      vertex -126.135 -44.985 11.1
    endloop
  endfacet
  facet normal 0.649405 0.760442 0
    outer loop
      vertex -126.863 -44.3633 11.1
      vertex -126.135 -44.985 8.1
      vertex -126.863 -44.3633 8.1
    endloop
  endfacet
  facet normal 0.52254 -0.852615 0
    outer loop
      vertex -126.135 44.985 8.1
      vertex -125.319 45.4851 11.1
      vertex -126.135 44.985 11.1
    endloop
  endfacet
  facet normal 0.52254 -0.852615 0
    outer loop
      vertex -125.319 45.4851 11.1
      vertex -126.135 44.985 8.1
      vertex -125.319 45.4851 8.1
    endloop
  endfacet
  facet normal 0.852718 0.522371 0
    outer loop
      vertex -127.485 -43.6355 11.1
      vertex -127.985 -42.8193 8.1
      vertex -127.985 -42.8193 11.1
    endloop
  endfacet
  facet normal 0.852718 0.522371 0
    outer loop
      vertex -127.985 -42.8193 8.1
      vertex -127.485 -43.6355 11.1
      vertex -127.485 -43.6355 8.1
    endloop
  endfacet
  facet normal -0.0784784 0.996916 0
    outer loop
      vertex 123.504 -46.0749 8.1
      vertex 122.55 -46.15 11.1
      vertex 123.504 -46.0749 11.1
    endloop
  endfacet
  facet normal -0.0784784 0.996916 0
    outer loop
      vertex 122.55 -46.15 11.1
      vertex 123.504 -46.0749 8.1
      vertex 122.55 -46.15 8.1
    endloop
  endfacet
  facet normal 0 -1 0
    outer loop
      vertex -122.55 46.15 8.1
      vertex 122.55 46.15 11.1
      vertex -122.55 46.15 11.1
    endloop
  endfacet
  facet normal 0 -1 -0
    outer loop
      vertex 122.55 46.15 11.1
      vertex -122.55 46.15 8.1
      vertex 122.55 46.15 8.1
    endloop
  endfacet
  facet normal 1 -0 0
    outer loop
      vertex -128.65 -40.0501 11.1
      vertex -128.65 40.0501 8.1
      vertex -128.65 40.0501 11.1
    endloop
  endfacet
  facet normal 1 0 0
    outer loop
      vertex -128.65 40.0501 8.1
      vertex -128.65 -40.0501 11.1
      vertex -128.65 -40.0501 8.1
    endloop
  endfacet
  facet normal 0.52254 0.852615 -0
    outer loop
      vertex -125.319 -45.4851 8.1
      vertex -126.135 -44.985 11.1
      vertex -125.319 -45.4851 11.1
    endloop
  endfacet
  facet normal 0.52254 0.852615 0
    outer loop
      vertex -126.135 -44.985 11.1
      vertex -125.319 -45.4851 8.1
      vertex -126.135 -44.985 8.1
    endloop
  endfacet
  facet normal 0 1 -0
    outer loop
      vertex 122.55 -46.15 8.1
      vertex -122.55 -46.15 11.1
      vertex 122.55 -46.15 11.1
    endloop
  endfacet
  facet normal 0 1 0
    outer loop
      vertex -122.55 -46.15 11.1
      vertex 122.55 -46.15 8.1
      vertex -122.55 -46.15 8.1
    endloop
  endfacet
  facet normal -1 0 0
    outer loop
      vertex 128.65 -40.0501 8.1
      vertex 128.65 40.0501 11.1
      vertex 128.65 40.0501 8.1
    endloop
  endfacet
  facet normal -1 -0 0
    outer loop
      vertex 128.65 40.0501 11.1
      vertex 128.65 -40.0501 8.1
      vertex 128.65 -40.0501 11.1
    endloop
  endfacet
  facet normal -0.233432 0.972373 0
    outer loop
      vertex 124.435 -45.8514 8.1
      vertex 123.504 -46.0749 11.1
      vertex 124.435 -45.8514 11.1
    endloop
  endfacet
  facet normal -0.233432 0.972373 0
    outer loop
      vertex 123.504 -46.0749 11.1
      vertex 124.435 -45.8514 8.1
      vertex 123.504 -46.0749 8.1
    endloop
  endfacet
  facet normal 0.0784784 -0.996916 0
    outer loop
      vertex -123.504 46.0749 8.1
      vertex -122.55 46.15 11.1
      vertex -123.504 46.0749 11.1
    endloop
  endfacet
  facet normal 0.0784784 -0.996916 0
    outer loop
      vertex -122.55 46.15 11.1
      vertex -123.504 46.0749 8.1
      vertex -122.55 46.15 8.1
    endloop
  endfacet
  facet normal -0.382804 -0.92383 0
    outer loop
      vertex 124.435 45.8514 8.1
      vertex 125.319 45.4851 11.1
      vertex 124.435 45.8514 11.1
    endloop
  endfacet
  facet normal -0.382804 -0.92383 -0
    outer loop
      vertex 125.319 45.4851 11.1
      vertex 124.435 45.8514 8.1
      vertex 125.319 45.4851 8.1
    endloop
  endfacet
  facet normal 0.382804 -0.92383 0
    outer loop
      vertex -125.319 45.4851 8.1
      vertex -124.435 45.8514 11.1
      vertex -125.319 45.4851 11.1
    endloop
  endfacet
  facet normal 0.382804 -0.92383 0
    outer loop
      vertex -124.435 45.8514 11.1
      vertex -125.319 45.4851 8.1
      vertex -124.435 45.8514 8.1
    endloop
  endfacet
  facet normal 0.996925 -0.0783664 0
    outer loop
      vertex -128.65 40.0501 11.1
      vertex -128.575 41.0042 8.1
      vertex -128.575 41.0042 11.1
    endloop
  endfacet
  facet normal 0.996925 -0.0783664 0
    outer loop
      vertex -128.575 41.0042 8.1
      vertex -128.65 40.0501 11.1
      vertex -128.65 40.0501 8.1
    endloop
  endfacet
  facet normal 0.7602 -0.64969 0
    outer loop
      vertex -127.485 43.6355 11.1
      vertex -126.863 44.3633 8.1
      vertex -126.863 44.3633 11.1
    endloop
  endfacet
  facet normal 0.7602 -0.64969 0
    outer loop
      vertex -126.863 44.3633 8.1
      vertex -127.485 43.6355 11.1
      vertex -127.485 43.6355 8.1
    endloop
  endfacet
  facet normal 0.972243 -0.233973 0
    outer loop
      vertex -128.575 41.0042 11.1
      vertex -128.351 41.935 8.1
      vertex -128.351 41.935 11.1
    endloop
  endfacet
  facet normal 0.972243 -0.233973 0
    outer loop
      vertex -128.351 41.935 8.1
      vertex -128.575 41.0042 11.1
      vertex -128.575 41.0042 8.1
    endloop
  endfacet
  facet normal 0 0 1
    outer loop
      vertex 122.55 46.15 8.1
      vertex 128.65 40.0501 8.1
      vertex 128.575 41.0042 8.1
    endloop
  endfacet
  facet normal 0 0 1
    outer loop
      vertex 128.65 40.0501 8.1
      vertex 122.55 46.15 8.1
      vertex 128.65 -40.0501 8.1
    endloop
  endfacet
  facet normal 0 0 1
    outer loop
      vertex 122.55 46.15 8.1
      vertex 128.575 41.0042 8.1
      vertex 128.351 41.935 8.1
    endloop
  endfacet
  facet normal 0 0 1
    outer loop
      vertex 122.55 -46.15 8.1
      vertex 128.65 -40.0501 8.1
      vertex 122.55 46.15 8.1
    endloop
  endfacet
  facet normal 0 0 1
    outer loop
      vertex 122.55 46.15 8.1
      vertex 128.351 41.935 8.1
      vertex 127.985 42.8193 8.1
    endloop
  endfacet
  facet normal 0 0 1
    outer loop
      vertex 128.65 -40.0501 8.1
      vertex 122.55 -46.15 8.1
      vertex 128.575 -41.0042 8.1
    endloop
  endfacet
  facet normal 0 0 1
    outer loop
      vertex 122.55 46.15 8.1
      vertex 127.985 42.8193 8.1
      vertex 127.485 43.6355 8.1
    endloop
  endfacet
  facet normal 0 0 1
    outer loop
      vertex 128.575 -41.0042 8.1
      vertex 122.55 -46.15 8.1
      vertex 128.351 -41.935 8.1
    endloop
  endfacet
  facet normal 0 0 1
    outer loop
      vertex 122.55 46.15 8.1
      vertex 127.485 43.6355 8.1
      vertex 126.863 44.3633 8.1
    endloop
  endfacet
  facet normal 0 0 1
    outer loop
      vertex 128.351 -41.935 8.1
      vertex 122.55 -46.15 8.1
      vertex 127.985 -42.8193 8.1
    endloop
  endfacet
  facet normal 0 0 1
    outer loop
      vertex 122.55 46.15 8.1
      vertex 126.863 44.3633 8.1
      vertex 126.135 44.985 8.1
    endloop
  endfacet
  facet normal 0 0 1
    outer loop
      vertex 127.985 -42.8193 8.1
      vertex 122.55 -46.15 8.1
      vertex 127.485 -43.6355 8.1
    endloop
  endfacet
  facet normal 0 0 1
    outer loop
      vertex 122.55 46.15 8.1
      vertex 126.135 44.985 8.1
      vertex 125.319 45.4851 8.1
    endloop
  endfacet
  facet normal 0 0 1
    outer loop
      vertex 127.485 -43.6355 8.1
      vertex 122.55 -46.15 8.1
      vertex 126.863 -44.3633 8.1
    endloop
  endfacet
  facet normal 0 0 1
    outer loop
      vertex 122.55 46.15 8.1
      vertex 125.319 45.4851 8.1
      vertex 124.435 45.8514 8.1
    endloop
  endfacet
  facet normal 0 0 1
    outer loop
      vertex 126.863 -44.3633 8.1
      vertex 122.55 -46.15 8.1
      vertex 126.135 -44.985 8.1
    endloop
  endfacet
  facet normal 0 0 1
    outer loop
      vertex 122.55 46.15 8.1
      vertex 124.435 45.8514 8.1
      vertex 123.504 46.0749 8.1
    endloop
  endfacet
  facet normal 0 0 1
    outer loop
      vertex 126.135 -44.985 8.1
      vertex 122.55 -46.15 8.1
      vertex 125.319 -45.4851 8.1
    endloop
  endfacet
  facet normal 0 0 1
    outer loop
      vertex 125.319 -45.4851 8.1
      vertex 122.55 -46.15 8.1
      vertex 124.435 -45.8514 8.1
    endloop
  endfacet
  facet normal 0 0 1
    outer loop
      vertex 124.435 -45.8514 8.1
      vertex 122.55 -46.15 8.1
      vertex 123.504 -46.0749 8.1
    endloop
  endfacet
  facet normal 0 0 1
    outer loop
      vertex 122.55 46.15 8.1
      vertex 8.575 0 8.1
      vertex 122.55 -46.15 8.1
    endloop
  endfacet
  facet normal 0 0 1
    outer loop
      vertex 122.55 46.15 8.1
      vertex 8.46943 1.34142 8.1
      vertex 8.575 0 8.1
    endloop
  endfacet
  facet normal 0 0 1
    outer loop
      vertex 122.55 46.15 8.1
      vertex 8.15531 2.64982 8.1
      vertex 8.46943 1.34142 8.1
    endloop
  endfacet
  facet normal 0 0 1
    outer loop
      vertex 122.55 46.15 8.1
      vertex 7.64038 3.89297 8.1
      vertex 8.15531 2.64982 8.1
    endloop
  endfacet
  facet normal 0 0 1
    outer loop
      vertex 122.55 46.15 8.1
      vertex 6.93732 5.04026 8.1
      vertex 7.64038 3.89297 8.1
    endloop
  endfacet
  facet normal 0 0 1
    outer loop
      vertex 122.55 46.15 8.1
      vertex 6.06344 6.06344 8.1
      vertex 6.93732 5.04026 8.1
    endloop
  endfacet
  facet normal 0 0 1
    outer loop
      vertex 122.55 46.15 8.1
      vertex 5.04026 6.93732 8.1
      vertex 6.06344 6.06344 8.1
    endloop
  endfacet
  facet normal 0 0 1
    outer loop
      vertex 122.55 46.15 8.1
      vertex 3.89297 7.64038 8.1
      vertex 5.04026 6.93732 8.1
    endloop
  endfacet
  facet normal 0 0 1
    outer loop
      vertex 122.55 46.15 8.1
      vertex 2.64982 8.15531 8.1
      vertex 3.89297 7.64038 8.1
    endloop
  endfacet
  facet normal 0 0 1
    outer loop
      vertex 122.55 46.15 8.1
      vertex 1.34142 8.46943 8.1
      vertex 2.64982 8.15531 8.1
    endloop
  endfacet
  facet normal 0 0 1
    outer loop
      vertex 122.55 46.15 8.1
      vertex 0 8.575 8.1
      vertex 1.34142 8.46943 8.1
    endloop
  endfacet
  facet normal -0 0 1
    outer loop
      vertex -122.55 46.15 8.1
      vertex 0 8.575 8.1
      vertex 122.55 46.15 8.1
    endloop
  endfacet
  facet normal 0 0 1
    outer loop
      vertex 0 8.575 8.1
      vertex -122.55 46.15 8.1
      vertex -1.34142 8.46943 8.1
    endloop
  endfacet
  facet normal 0 0 1
    outer loop
      vertex -8.46943 1.34142 8.1
      vertex -122.55 46.15 8.1
      vertex -8.575 0 8.1
    endloop
  endfacet
  facet normal 0 0 1
    outer loop
      vertex -8.15531 2.64982 8.1
      vertex -122.55 46.15 8.1
      vertex -8.46943 1.34142 8.1
    endloop
  endfacet
  facet normal 0 0 1
    outer loop
      vertex -7.64038 3.89297 8.1
      vertex -122.55 46.15 8.1
      vertex -8.15531 2.64982 8.1
    endloop
  endfacet
  facet normal 0 0 1
    outer loop
      vertex -6.93732 5.04026 8.1
      vertex -122.55 46.15 8.1
      vertex -7.64038 3.89297 8.1
    endloop
  endfacet
  facet normal 0 0 1
    outer loop
      vertex -6.06344 6.06344 8.1
      vertex -122.55 46.15 8.1
      vertex -6.93732 5.04026 8.1
    endloop
  endfacet
  facet normal 0 0 1
    outer loop
      vertex -5.04026 6.93732 8.1
      vertex -122.55 46.15 8.1
      vertex -6.06344 6.06344 8.1
    endloop
  endfacet
  facet normal 0 0 1
    outer loop
      vertex -3.89297 7.64038 8.1
      vertex -122.55 46.15 8.1
      vertex -5.04026 6.93732 8.1
    endloop
  endfacet
  facet normal 0 0 1
    outer loop
      vertex -2.64982 8.15531 8.1
      vertex -122.55 46.15 8.1
      vertex -3.89297 7.64038 8.1
    endloop
  endfacet
  facet normal 0 0 1
    outer loop
      vertex -1.34142 8.46943 8.1
      vertex -122.55 46.15 8.1
      vertex -2.64982 8.15531 8.1
    endloop
  endfacet
  facet normal -0 0 1
    outer loop
      vertex 8.46943 -1.34142 8.1
      vertex 122.55 -46.15 8.1
      vertex 8.575 0 8.1
    endloop
  endfacet
  facet normal -0 0 1
    outer loop
      vertex 8.15531 -2.64982 8.1
      vertex 122.55 -46.15 8.1
      vertex 8.46943 -1.34142 8.1
    endloop
  endfacet
  facet normal -0 0 1
    outer loop
      vertex 7.64038 -3.89297 8.1
      vertex 122.55 -46.15 8.1
      vertex 8.15531 -2.64982 8.1
    endloop
  endfacet
  facet normal -0 0 1
    outer loop
      vertex 6.93732 -5.04026 8.1
      vertex 122.55 -46.15 8.1
      vertex 7.64038 -3.89297 8.1
    endloop
  endfacet
  facet normal -0 0 1
    outer loop
      vertex 6.06344 -6.06344 8.1
      vertex 122.55 -46.15 8.1
      vertex 6.93732 -5.04026 8.1
    endloop
  endfacet
  facet normal -0 0 1
    outer loop
      vertex 5.04026 -6.93732 8.1
      vertex 122.55 -46.15 8.1
      vertex 6.06344 -6.06344 8.1
    endloop
  endfacet
  facet normal -0 0 1
    outer loop
      vertex 3.89297 -7.64038 8.1
      vertex 122.55 -46.15 8.1
      vertex 5.04026 -6.93732 8.1
    endloop
  endfacet
  facet normal -0 0 1
    outer loop
      vertex 2.64982 -8.15531 8.1
      vertex 122.55 -46.15 8.1
      vertex 3.89297 -7.64038 8.1
    endloop
  endfacet
  facet normal -0 0 1
    outer loop
      vertex 1.34142 -8.46943 8.1
      vertex 122.55 -46.15 8.1
      vertex 2.64982 -8.15531 8.1
    endloop
  endfacet
  facet normal -0 0 1
    outer loop
      vertex 0 -8.575 8.1
      vertex 122.55 -46.15 8.1
      vertex 1.34142 -8.46943 8.1
    endloop
  endfacet
  facet normal 0 0 1
    outer loop
      vertex -122.55 -46.15 8.1
      vertex 0 -8.575 8.1
      vertex -1.34142 -8.46943 8.1
    endloop
  endfacet
  facet normal 0 0 1
    outer loop
      vertex -122.55 -46.15 8.1
      vertex -1.34142 -8.46943 8.1
      vertex -2.64982 -8.15531 8.1
    endloop
  endfacet
  facet normal 0 0 1
    outer loop
      vertex -122.55 -46.15 8.1
      vertex -8.575 0 8.1
      vertex -122.55 46.15 8.1
    endloop
  endfacet
  facet normal 0 0 1
    outer loop
      vertex -8.575 0 8.1
      vertex -122.55 -46.15 8.1
      vertex -8.46943 -1.34142 8.1
    endloop
  endfacet
  facet normal 0 0 1
    outer loop
      vertex -8.46943 -1.34142 8.1
      vertex -122.55 -46.15 8.1
      vertex -8.15531 -2.64982 8.1
    endloop
  endfacet
  facet normal 0 0 1
    outer loop
      vertex -8.15531 -2.64982 8.1
      vertex -122.55 -46.15 8.1
      vertex -7.64038 -3.89297 8.1
    endloop
  endfacet
  facet normal 0 0 1
    outer loop
      vertex -7.64038 -3.89297 8.1
      vertex -122.55 -46.15 8.1
      vertex -6.93732 -5.04026 8.1
    endloop
  endfacet
  facet normal 0 0 1
    outer loop
      vertex -6.93732 -5.04026 8.1
      vertex -122.55 -46.15 8.1
      vertex -6.06344 -6.06344 8.1
    endloop
  endfacet
  facet normal 0 0 1
    outer loop
      vertex -6.06344 -6.06344 8.1
      vertex -122.55 -46.15 8.1
      vertex -5.04026 -6.93732 8.1
    endloop
  endfacet
  facet normal 0 0 1
    outer loop
      vertex 0 -8.575 8.1
      vertex -122.55 -46.15 8.1
      vertex 122.55 -46.15 8.1
    endloop
  endfacet
  facet normal 0 0 1
    outer loop
      vertex -3.89297 -7.64038 8.1
      vertex -122.55 -46.15 8.1
      vertex -2.64982 -8.15531 8.1
    endloop
  endfacet
  facet normal 0 0 1
    outer loop
      vertex -5.04026 -6.93732 8.1
      vertex -122.55 -46.15 8.1
      vertex -3.89297 -7.64038 8.1
    endloop
  endfacet
  facet normal 0 0 1
    outer loop
      vertex -128.65 40.0501 8.1
      vertex -122.55 46.15 8.1
      vertex -123.504 46.0749 8.1
    endloop
  endfacet
  facet normal 0 0 1
    outer loop
      vertex -122.55 46.15 8.1
      vertex -128.65 40.0501 8.1
      vertex -122.55 -46.15 8.1
    endloop
  endfacet
  facet normal 0 0 1
    outer loop
      vertex -128.65 40.0501 8.1
      vertex -123.504 46.0749 8.1
      vertex -124.435 45.8514 8.1
    endloop
  endfacet
  facet normal -0 0 1
    outer loop
      vertex -128.65 -40.0501 8.1
      vertex -122.55 -46.15 8.1
      vertex -128.65 40.0501 8.1
    endloop
  endfacet
  facet normal 0 0 1
    outer loop
      vertex -128.65 40.0501 8.1
      vertex -124.435 45.8514 8.1
      vertex -125.319 45.4851 8.1
    endloop
  endfacet
  facet normal 0 0 1
    outer loop
      vertex -122.55 -46.15 8.1
      vertex -128.65 -40.0501 8.1
      vertex -123.504 -46.0749 8.1
    endloop
  endfacet
  facet normal 0 0 1
    outer loop
      vertex -128.65 40.0501 8.1
      vertex -125.319 45.4851 8.1
      vertex -126.135 44.985 8.1
    endloop
  endfacet
  facet normal 0 0 1
    outer loop
      vertex -123.504 -46.0749 8.1
      vertex -128.65 -40.0501 8.1
      vertex -124.435 -45.8514 8.1
    endloop
  endfacet
  facet normal 0 0 1
    outer loop
      vertex -128.65 40.0501 8.1
      vertex -126.135 44.985 8.1
      vertex -126.863 44.3633 8.1
    endloop
  endfacet
  facet normal 0 0 1
    outer loop
      vertex -124.435 -45.8514 8.1
      vertex -128.65 -40.0501 8.1
      vertex -125.319 -45.4851 8.1
    endloop
  endfacet
  facet normal 0 0 1
    outer loop
      vertex -128.65 40.0501 8.1
      vertex -126.863 44.3633 8.1
      vertex -127.485 43.6355 8.1
    endloop
  endfacet
  facet normal 0 0 1
    outer loop
      vertex -125.319 -45.4851 8.1
      vertex -128.65 -40.0501 8.1
      vertex -126.135 -44.985 8.1
    endloop
  endfacet
  facet normal 0 0 1
    outer loop
      vertex -128.65 40.0501 8.1
      vertex -127.485 43.6355 8.1
      vertex -127.985 42.8193 8.1
    endloop
  endfacet
  facet normal 0 0 1
    outer loop
      vertex -126.135 -44.985 8.1
      vertex -128.65 -40.0501 8.1
      vertex -126.863 -44.3633 8.1
    endloop
  endfacet
  facet normal 0 0 1
    outer loop
      vertex -128.65 40.0501 8.1
      vertex -127.985 42.8193 8.1
      vertex -128.351 41.935 8.1
    endloop
  endfacet
  facet normal 0 0 1
    outer loop
      vertex -126.863 -44.3633 8.1
      vertex -128.65 -40.0501 8.1
      vertex -127.485 -43.6355 8.1
    endloop
  endfacet
  facet normal 0 0 1
    outer loop
      vertex -128.65 40.0501 8.1
      vertex -128.351 41.935 8.1
      vertex -128.575 41.0042 8.1
    endloop
  endfacet
  facet normal 0 0 1
    outer loop
      vertex -127.485 -43.6355 8.1
      vertex -128.65 -40.0501 8.1
      vertex -127.985 -42.8193 8.1
    endloop
  endfacet
  facet normal 0 0 1
    outer loop
      vertex -127.985 -42.8193 8.1
      vertex -128.65 -40.0501 8.1
      vertex -128.351 -41.935 8.1
    endloop
  endfacet
  facet normal 0 0 1
    outer loop
      vertex -128.351 -41.935 8.1
      vertex -128.65 -40.0501 8.1
      vertex -128.575 -41.0042 8.1
    endloop
  endfacet
  facet normal 0.382804 0.92383 -0
    outer loop
      vertex -124.435 -45.8514 8.1
      vertex -125.319 -45.4851 11.1
      vertex -124.435 -45.8514 11.1
    endloop
  endfacet
  facet normal 0.382804 0.92383 0
    outer loop
      vertex -125.319 -45.4851 11.1
      vertex -124.435 -45.8514 8.1
      vertex -125.319 -45.4851 8.1
    endloop
  endfacet
  facet normal -0.649405 -0.760442 0
    outer loop
      vertex 126.135 44.985 8.1
      vertex 126.863 44.3633 11.1
      vertex 126.135 44.985 11.1
    endloop
  endfacet
  facet normal -0.649405 -0.760442 -0
    outer loop
      vertex 126.863 44.3633 11.1
      vertex 126.135 44.985 8.1
      vertex 126.863 44.3633 8.1
    endloop
  endfacet
  facet normal -0.52254 -0.852615 0
    outer loop
      vertex 125.319 45.4851 8.1
      vertex 126.135 44.985 11.1
      vertex 125.319 45.4851 11.1
    endloop
  endfacet
  facet normal -0.52254 -0.852615 -0
    outer loop
      vertex 126.135 44.985 11.1
      vertex 125.319 45.4851 8.1
      vertex 126.135 44.985 8.1
    endloop
  endfacet
  facet normal 0.233432 -0.972373 0
    outer loop
      vertex -124.435 45.8514 8.1
      vertex -123.504 46.0749 11.1
      vertex -124.435 45.8514 11.1
    endloop
  endfacet
  facet normal 0.233432 -0.972373 0
    outer loop
      vertex -123.504 46.0749 11.1
      vertex -124.435 45.8514 8.1
      vertex -123.504 46.0749 8.1
    endloop
  endfacet
  facet normal -0.0784784 -0.996916 0
    outer loop
      vertex 122.55 46.15 8.1
      vertex 123.504 46.0749 11.1
      vertex 122.55 46.15 11.1
    endloop
  endfacet
  facet normal -0.0784784 -0.996916 -0
    outer loop
      vertex 123.504 46.0749 11.1
      vertex 122.55 46.15 8.1
      vertex 123.504 46.0749 8.1
    endloop
  endfacet
  facet normal 0.923986 -0.382426 0
    outer loop
      vertex -128.351 41.935 11.1
      vertex -127.985 42.8193 8.1
      vertex -127.985 42.8193 11.1
    endloop
  endfacet
  facet normal 0.923986 -0.382426 0
    outer loop
      vertex -127.985 42.8193 8.1
      vertex -128.351 41.935 11.1
      vertex -128.351 41.935 8.1
    endloop
  endfacet
  facet normal 0.852718 -0.522371 0
    outer loop
      vertex -127.985 42.8193 11.1
      vertex -127.485 43.6355 8.1
      vertex -127.485 43.6355 11.1
    endloop
  endfacet
  facet normal 0.852718 -0.522371 0
    outer loop
      vertex -127.485 43.6355 8.1
      vertex -127.985 42.8193 11.1
      vertex -127.985 42.8193 8.1
    endloop
  endfacet
  facet normal 0.649405 -0.760442 0
    outer loop
      vertex -126.863 44.3633 8.1
      vertex -126.135 44.985 11.1
      vertex -126.863 44.3633 11.1
    endloop
  endfacet
  facet normal 0.649405 -0.760442 0
    outer loop
      vertex -126.135 44.985 11.1
      vertex -126.863 44.3633 8.1
      vertex -126.135 44.985 8.1
    endloop
  endfacet
  facet normal 0.7602 0.64969 0
    outer loop
      vertex -126.863 -44.3633 11.1
      vertex -127.485 -43.6355 8.1
      vertex -127.485 -43.6355 11.1
    endloop
  endfacet
  facet normal 0.7602 0.64969 0
    outer loop
      vertex -127.485 -43.6355 8.1
      vertex -126.863 -44.3633 11.1
      vertex -126.863 -44.3633 8.1
    endloop
  endfacet
  facet normal 0.923986 0.382426 0
    outer loop
      vertex -127.985 -42.8193 11.1
      vertex -128.351 -41.935 8.1
      vertex -128.351 -41.935 11.1
    endloop
  endfacet
  facet normal 0.923986 0.382426 0
    outer loop
      vertex -128.351 -41.935 8.1
      vertex -127.985 -42.8193 11.1
      vertex -127.985 -42.8193 8.1
    endloop
  endfacet
  facet normal 0.233432 0.972373 -0
    outer loop
      vertex -123.504 -46.0749 8.1
      vertex -124.435 -45.8514 11.1
      vertex -123.504 -46.0749 11.1
    endloop
  endfacet
  facet normal 0.233432 0.972373 0
    outer loop
      vertex -124.435 -45.8514 11.1
      vertex -123.504 -46.0749 8.1
      vertex -124.435 -45.8514 8.1
    endloop
  endfacet
  facet normal -0.233432 -0.972373 0
    outer loop
      vertex 123.504 46.0749 8.1
      vertex 124.435 45.8514 11.1
      vertex 123.504 46.0749 11.1
    endloop
  endfacet
  facet normal -0.233432 -0.972373 -0
    outer loop
      vertex 124.435 45.8514 11.1
      vertex 123.504 46.0749 8.1
      vertex 124.435 45.8514 8.1
    endloop
  endfacet
  facet normal 0.972243 0.233973 0
    outer loop
      vertex -128.351 -41.935 11.1
      vertex -128.575 -41.0042 8.1
      vertex -128.575 -41.0042 11.1
    endloop
  endfacet
  facet normal 0.972243 0.233973 0
    outer loop
      vertex -128.575 -41.0042 8.1
      vertex -128.351 -41.935 11.1
      vertex -128.351 -41.935 8.1
    endloop
  endfacet
  facet normal 0.996925 0.0783664 0
    outer loop
      vertex -128.575 -41.0042 11.1
      vertex -128.65 -40.0501 8.1
      vertex -128.65 -40.0501 11.1
    endloop
  endfacet
  facet normal 0.996925 0.0783664 0
    outer loop
      vertex -128.65 -40.0501 8.1
      vertex -128.575 -41.0042 11.1
      vertex -128.575 -41.0042 8.1
    endloop
  endfacet
  facet normal 0.0784784 0.996916 -0
    outer loop
      vertex -122.55 -46.15 8.1
      vertex -123.504 -46.0749 11.1
      vertex -122.55 -46.15 11.1
    endloop
  endfacet
  facet normal 0.0784784 0.996916 0
    outer loop
      vertex -123.504 -46.0749 11.1
      vertex -122.55 -46.15 8.1
      vertex -123.504 -46.0749 8.1
    endloop
  endfacet
  facet normal -0.7602 -0.64969 0
    outer loop
      vertex 127.485 43.6355 8.1
      vertex 126.863 44.3633 11.1
      vertex 126.863 44.3633 8.1
    endloop
  endfacet
  facet normal -0.7602 -0.64969 0
    outer loop
      vertex 126.863 44.3633 11.1
      vertex 127.485 43.6355 8.1
      vertex 127.485 43.6355 11.1
    endloop
  endfacet
  facet normal -0.852718 -0.522371 0
    outer loop
      vertex 127.985 42.8193 8.1
      vertex 127.485 43.6355 11.1
      vertex 127.485 43.6355 8.1
    endloop
  endfacet
  facet normal -0.852718 -0.522371 0
    outer loop
      vertex 127.485 43.6355 11.1
      vertex 127.985 42.8193 8.1
      vertex 127.985 42.8193 11.1
    endloop
  endfacet
  facet normal -0.649405 0.760442 0
    outer loop
      vertex 126.863 -44.3633 8.1
      vertex 126.135 -44.985 11.1
      vertex 126.863 -44.3633 11.1
    endloop
  endfacet
  facet normal -0.649405 0.760442 0
    outer loop
      vertex 126.135 -44.985 11.1
      vertex 126.863 -44.3633 8.1
      vertex 126.135 -44.985 8.1
    endloop
  endfacet
  facet normal -0.7602 0.64969 0
    outer loop
      vertex 126.863 -44.3633 8.1
      vertex 127.485 -43.6355 11.1
      vertex 127.485 -43.6355 8.1
    endloop
  endfacet
  facet normal -0.7602 0.64969 0
    outer loop
      vertex 127.485 -43.6355 11.1
      vertex 126.863 -44.3633 8.1
      vertex 126.863 -44.3633 11.1
    endloop
  endfacet
  facet normal -0.996925 0.0783664 0
    outer loop
      vertex 128.575 -41.0042 8.1
      vertex 128.65 -40.0501 11.1
      vertex 128.65 -40.0501 8.1
    endloop
  endfacet
  facet normal -0.996925 0.0783664 0
    outer loop
      vertex 128.65 -40.0501 11.1
      vertex 128.575 -41.0042 8.1
      vertex 128.575 -41.0042 11.1
    endloop
  endfacet
  facet normal -0.972243 0.233973 0
    outer loop
      vertex 128.351 -41.935 8.1
      vertex 128.575 -41.0042 11.1
      vertex 128.575 -41.0042 8.1
    endloop
  endfacet
  facet normal -0.972243 0.233973 0
    outer loop
      vertex 128.575 -41.0042 11.1
      vertex 128.351 -41.935 8.1
      vertex 128.351 -41.935 11.1
    endloop
  endfacet
  facet normal -0.852718 0.522371 0
    outer loop
      vertex 127.485 -43.6355 8.1
      vertex 127.985 -42.8193 11.1
      vertex 127.985 -42.8193 8.1
    endloop
  endfacet
  facet normal -0.852718 0.522371 0
    outer loop
      vertex 127.985 -42.8193 11.1
      vertex 127.485 -43.6355 8.1
      vertex 127.485 -43.6355 11.1
    endloop
  endfacet
  facet normal -0.52254 0.852615 0
    outer loop
      vertex 126.135 -44.985 8.1
      vertex 125.319 -45.4851 11.1
      vertex 126.135 -44.985 11.1
    endloop
  endfacet
  facet normal -0.52254 0.852615 0
    outer loop
      vertex 125.319 -45.4851 11.1
      vertex 126.135 -44.985 8.1
      vertex 125.319 -45.4851 8.1
    endloop
  endfacet
  facet normal -0.382804 0.92383 0
    outer loop
      vertex 125.319 -45.4851 8.1
      vertex 124.435 -45.8514 11.1
      vertex 125.319 -45.4851 11.1
    endloop
  endfacet
  facet normal -0.382804 0.92383 0
    outer loop
      vertex 124.435 -45.8514 11.1
      vertex 125.319 -45.4851 8.1
      vertex 124.435 -45.8514 8.1
    endloop
  endfacet
  facet normal -0.923986 -0.382426 0
    outer loop
      vertex 128.351 41.935 8.1
      vertex 127.985 42.8193 11.1
      vertex 127.985 42.8193 8.1
    endloop
  endfacet
  facet normal -0.923986 -0.382426 0
    outer loop
      vertex 127.985 42.8193 11.1
      vertex 128.351 41.935 8.1
      vertex 128.351 41.935 11.1
    endloop
  endfacet
  facet normal -0.972243 -0.233973 0
    outer loop
      vertex 128.575 41.0042 8.1
      vertex 128.351 41.935 11.1
      vertex 128.351 41.935 8.1
    endloop
  endfacet
  facet normal -0.972243 -0.233973 0
    outer loop
      vertex 128.351 41.935 11.1
      vertex 128.575 41.0042 8.1
      vertex 128.575 41.0042 11.1
    endloop
  endfacet
  facet normal -0.996925 -0.0783664 0
    outer loop
      vertex 128.65 40.0501 8.1
      vertex 128.575 41.0042 11.1
      vertex 128.575 41.0042 8.1
    endloop
  endfacet
  facet normal -0.996925 -0.0783664 0
    outer loop
      vertex 128.575 41.0042 11.1
      vertex 128.65 40.0501 8.1
      vertex 128.65 40.0501 11.1
    endloop
  endfacet
  facet normal -0.923986 0.382426 0
    outer loop
      vertex 127.985 -42.8193 8.1
      vertex 128.351 -41.935 11.1
      vertex 128.351 -41.935 8.1
    endloop
  endfacet
  facet normal -0.923986 0.382426 0
    outer loop
      vertex 128.351 -41.935 11.1
      vertex 127.985 -42.8193 8.1
      vertex 127.985 -42.8193 11.1
    endloop
  endfacet
  facet normal -0.852694 -0.522411 0
    outer loop
      vertex -132.953 -48.6611 0
      vertex -133.617 -47.5773 8.1
      vertex -133.617 -47.5773 0
    endloop
  endfacet
  facet normal -0.852694 -0.522411 0
    outer loop
      vertex -133.617 -47.5773 8.1
      vertex -132.953 -48.6611 0
      vertex -132.953 -48.6611 8.1
    endloop
  endfacet
  facet normal -0.522455 -0.852667 0
    outer loop
      vertex -131.161 -50.453 0
      vertex -130.077 -51.1172 8.1
      vertex -131.161 -50.453 8.1
    endloop
  endfacet
  facet normal -0.522455 -0.852667 -0
    outer loop
      vertex -130.077 -51.1172 8.1
      vertex -131.161 -50.453 0
      vertex -130.077 -51.1172 0
    endloop
  endfacet
  facet normal -0.649222 -0.760599 0
    outer loop
      vertex -132.128 -49.6276 0
      vertex -131.161 -50.453 8.1
      vertex -132.128 -49.6276 8.1
    endloop
  endfacet
  facet normal -0.649222 -0.760599 -0
    outer loop
      vertex -131.161 -50.453 8.1
      vertex -132.128 -49.6276 0
      vertex -131.161 -50.453 0
    endloop
  endfacet
  facet normal 0.649222 0.760599 -0
    outer loop
      vertex 132.128 49.6276 0
      vertex 131.161 50.453 8.1
      vertex 132.128 49.6276 8.1
    endloop
  endfacet
  facet normal 0.649222 0.760599 0
    outer loop
      vertex 131.161 50.453 8.1
      vertex 132.128 49.6276 0
      vertex 131.161 50.453 0
    endloop
  endfacet
  facet normal 0.38276 -0.923848 0
    outer loop
      vertex 128.903 -51.6036 0
      vertex 130.077 -51.1172 8.1
      vertex 128.903 -51.6036 8.1
    endloop
  endfacet
  facet normal 0.38276 -0.923848 0
    outer loop
      vertex 130.077 -51.1172 8.1
      vertex 128.903 -51.6036 0
      vertex 130.077 -51.1172 0
    endloop
  endfacet
  facet normal -0.0784473 -0.996918 0
    outer loop
      vertex -127.667 -51.9003 0
      vertex -126.4 -52 8.1
      vertex -127.667 -51.9003 8.1
    endloop
  endfacet
  facet normal -0.0784473 -0.996918 -0
    outer loop
      vertex -126.4 -52 8.1
      vertex -127.667 -51.9003 0
      vertex -126.4 -52 0
    endloop
  endfacet
  facet normal -0.38276 -0.923848 0
    outer loop
      vertex -130.077 -51.1172 0
      vertex -128.903 -51.6036 8.1
      vertex -130.077 -51.1172 8.1
    endloop
  endfacet
  facet normal -0.38276 -0.923848 -0
    outer loop
      vertex -128.903 -51.6036 8.1
      vertex -130.077 -51.1172 0
      vertex -128.903 -51.6036 0
    endloop
  endfacet
  facet normal 0 0 1
    outer loop
      vertex 129.633 43.6592 8.1
      vertex 134.5 43.9001 8.1
      vertex 134.4 45.1671 8.1
    endloop
  endfacet
  facet normal 0 0 1
    outer loop
      vertex 134.5 43.9001 8.1
      vertex 130.5 40.05 8.1
      vertex 134.5 -43.9001 8.1
    endloop
  endfacet
  facet normal 0 0 1
    outer loop
      vertex 129.633 43.6592 8.1
      vertex 134.4 45.1671 8.1
      vertex 134.104 46.403 8.1
    endloop
  endfacet
  facet normal -0 0 1
    outer loop
      vertex 130.5 -40.05 8.1
      vertex 134.5 -43.9001 8.1
      vertex 130.5 40.05 8.1
    endloop
  endfacet
  facet normal 0 0 1
    outer loop
      vertex 128.982 44.7229 8.1
      vertex 134.104 46.403 8.1
      vertex 133.617 47.5773 8.1
    endloop
  endfacet
  facet normal -0 0 1
    outer loop
      vertex 130.402 -41.2937 8.1
      vertex 134.5 -43.9001 8.1
      vertex 130.5 -40.05 8.1
    endloop
  endfacet
  facet normal 0 0 1
    outer loop
      vertex 128.982 44.7229 8.1
      vertex 133.617 47.5773 8.1
      vertex 132.953 48.6611 8.1
    endloop
  endfacet
  facet normal -0 0 1
    outer loop
      vertex 130.111 -42.5067 8.1
      vertex 134.5 -43.9001 8.1
      vertex 130.402 -41.2937 8.1
    endloop
  endfacet
  facet normal 0 0 1
    outer loop
      vertex 128.171 45.6715 8.1
      vertex 132.953 48.6611 8.1
      vertex 132.128 49.6276 8.1
    endloop
  endfacet
  facet normal -0 0 1
    outer loop
      vertex 129.633 -43.6592 8.1
      vertex 134.5 -43.9001 8.1
      vertex 130.111 -42.5067 8.1
    endloop
  endfacet
  facet normal 0 0 1
    outer loop
      vertex 128.171 45.6715 8.1
      vertex 132.128 49.6276 8.1
      vertex 131.161 50.453 8.1
    endloop
  endfacet
  facet normal 0 0 1
    outer loop
      vertex 134.5 -43.9001 8.1
      vertex 129.633 -43.6592 8.1
      vertex 134.4 -45.1671 8.1
    endloop
  endfacet
  facet normal 0 0 1
    outer loop
      vertex 134.4 -45.1671 8.1
      vertex 129.633 -43.6592 8.1
      vertex 134.104 -46.403 8.1
    endloop
  endfacet
  facet normal 0 0 1
    outer loop
      vertex 134.5 43.9001 8.1
      vertex 130.402 41.2937 8.1
      vertex 130.5 40.05 8.1
    endloop
  endfacet
  facet normal 0 0 1
    outer loop
      vertex 134.5 43.9001 8.1
      vertex 130.111 42.5067 8.1
      vertex 130.402 41.2937 8.1
    endloop
  endfacet
  facet normal 0 0 1
    outer loop
      vertex 127.223 46.4817 8.1
      vertex 131.161 50.453 8.1
      vertex 130.077 51.1172 8.1
    endloop
  endfacet
  facet normal 0 0 1
    outer loop
      vertex 134.5 43.9001 8.1
      vertex 129.633 43.6592 8.1
      vertex 130.111 42.5067 8.1
    endloop
  endfacet
  facet normal 0 0 1
    outer loop
      vertex 134.104 46.403 8.1
      vertex 128.982 44.7229 8.1
      vertex 129.633 43.6592 8.1
    endloop
  endfacet
  facet normal 0 0 1
    outer loop
      vertex 127.223 46.4817 8.1
      vertex 130.077 51.1172 8.1
      vertex 128.903 51.6036 8.1
    endloop
  endfacet
  facet normal 0 0 1
    outer loop
      vertex 132.953 48.6611 8.1
      vertex 128.171 45.6715 8.1
      vertex 128.982 44.7229 8.1
    endloop
  endfacet
  facet normal 0 0 1
    outer loop
      vertex 126.159 47.1335 8.1
      vertex 128.903 51.6036 8.1
      vertex 127.667 51.9003 8.1
    endloop
  endfacet
  facet normal 0 0 1
    outer loop
      vertex 131.161 50.453 8.1
      vertex 127.223 46.4817 8.1
      vertex 128.171 45.6715 8.1
    endloop
  endfacet
  facet normal 0 0 1
    outer loop
      vertex 126.159 47.1335 8.1
      vertex 127.667 51.9003 8.1
      vertex 126.4 52 8.1
    endloop
  endfacet
  facet normal 0 0 1
    outer loop
      vertex 128.903 51.6036 8.1
      vertex 126.159 47.1335 8.1
      vertex 127.223 46.4817 8.1
    endloop
  endfacet
  facet normal 0 0 1
    outer loop
      vertex 126.4 52 8.1
      vertex 125.007 47.6109 8.1
      vertex 126.159 47.1335 8.1
    endloop
  endfacet
  facet normal 0 0 1
    outer loop
      vertex 126.4 52 8.1
      vertex 123.794 47.9021 8.1
      vertex 125.007 47.6109 8.1
    endloop
  endfacet
  facet normal 0 0 1
    outer loop
      vertex 126.4 52 8.1
      vertex 122.55 48 8.1
      vertex 123.794 47.9021 8.1
    endloop
  endfacet
  facet normal 0 0 1
    outer loop
      vertex 126.4 52 8.1
      vertex -122.55 48 8.1
      vertex 122.55 48 8.1
    endloop
  endfacet
  facet normal -0 0 1
    outer loop
      vertex -126.4 52 8.1
      vertex -122.55 48 8.1
      vertex 126.4 52 8.1
    endloop
  endfacet
  facet normal 0 0 1
    outer loop
      vertex -126.4 52 8.1
      vertex -123.794 47.9021 8.1
      vertex -122.55 48 8.1
    endloop
  endfacet
  facet normal 0 0 1
    outer loop
      vertex -126.4 52 8.1
      vertex -125.007 47.6109 8.1
      vertex -123.794 47.9021 8.1
    endloop
  endfacet
  facet normal 0 0 1
    outer loop
      vertex -126.4 52 8.1
      vertex -126.159 47.1335 8.1
      vertex -125.007 47.6109 8.1
    endloop
  endfacet
  facet normal -0 0 1
    outer loop
      vertex -127.667 51.9003 8.1
      vertex -126.159 47.1335 8.1
      vertex -126.4 52 8.1
    endloop
  endfacet
  facet normal -0 0 1
    outer loop
      vertex -128.903 51.6036 8.1
      vertex -126.159 47.1335 8.1
      vertex -127.667 51.9003 8.1
    endloop
  endfacet
  facet normal 0 0 1
    outer loop
      vertex -126.159 47.1335 8.1
      vertex -128.903 51.6036 8.1
      vertex -127.223 46.4817 8.1
    endloop
  endfacet
  facet normal -0 0 1
    outer loop
      vertex -130.077 51.1172 8.1
      vertex -127.223 46.4817 8.1
      vertex -128.903 51.6036 8.1
    endloop
  endfacet
  facet normal -0 0 1
    outer loop
      vertex -131.161 50.453 8.1
      vertex -127.223 46.4817 8.1
      vertex -130.077 51.1172 8.1
    endloop
  endfacet
  facet normal 0 0 1
    outer loop
      vertex -127.223 46.4817 8.1
      vertex -131.161 50.453 8.1
      vertex -128.171 45.6715 8.1
    endloop
  endfacet
  facet normal -0 0 1
    outer loop
      vertex -132.128 49.6276 8.1
      vertex -128.171 45.6715 8.1
      vertex -131.161 50.453 8.1
    endloop
  endfacet
  facet normal -0 0 1
    outer loop
      vertex -132.953 48.6611 8.1
      vertex -128.171 45.6715 8.1
      vertex -132.128 49.6276 8.1
    endloop
  endfacet
  facet normal 0 0 1
    outer loop
      vertex -128.171 45.6715 8.1
      vertex -132.953 48.6611 8.1
      vertex -128.982 44.7229 8.1
    endloop
  endfacet
  facet normal -0 0 1
    outer loop
      vertex -133.617 47.5773 8.1
      vertex -128.982 44.7229 8.1
      vertex -132.953 48.6611 8.1
    endloop
  endfacet
  facet normal 0 0 1
    outer loop
      vertex -128.982 44.7229 8.1
      vertex -134.104 46.403 8.1
      vertex -129.633 43.6592 8.1
    endloop
  endfacet
  facet normal -0 0 1
    outer loop
      vertex -134.104 46.403 8.1
      vertex -128.982 44.7229 8.1
      vertex -133.617 47.5773 8.1
    endloop
  endfacet
  facet normal -0 0 1
    outer loop
      vertex 128.982 -44.7229 8.1
      vertex 134.104 -46.403 8.1
      vertex 129.633 -43.6592 8.1
    endloop
  endfacet
  facet normal 0 0 1
    outer loop
      vertex 134.104 -46.403 8.1
      vertex 128.982 -44.7229 8.1
      vertex 133.617 -47.5773 8.1
    endloop
  endfacet
  facet normal 0 0 1
    outer loop
      vertex 133.617 -47.5773 8.1
      vertex 128.982 -44.7229 8.1
      vertex 132.953 -48.6611 8.1
    endloop
  endfacet
  facet normal -0 0 1
    outer loop
      vertex 128.171 -45.6715 8.1
      vertex 132.953 -48.6611 8.1
      vertex 128.982 -44.7229 8.1
    endloop
  endfacet
  facet normal 0 0 1
    outer loop
      vertex 132.953 -48.6611 8.1
      vertex 128.171 -45.6715 8.1
      vertex 132.128 -49.6276 8.1
    endloop
  endfacet
  facet normal 0 0 1
    outer loop
      vertex 132.128 -49.6276 8.1
      vertex 128.171 -45.6715 8.1
      vertex 131.161 -50.453 8.1
    endloop
  endfacet
  facet normal -0 0 1
    outer loop
      vertex 127.223 -46.4817 8.1
      vertex 131.161 -50.453 8.1
      vertex 128.171 -45.6715 8.1
    endloop
  endfacet
  facet normal 0 0 1
    outer loop
      vertex 131.161 -50.453 8.1
      vertex 127.223 -46.4817 8.1
      vertex 130.077 -51.1172 8.1
    endloop
  endfacet
  facet normal 0 0 1
    outer loop
      vertex 130.077 -51.1172 8.1
      vertex 127.223 -46.4817 8.1
      vertex 128.903 -51.6036 8.1
    endloop
  endfacet
  facet normal -0 0 1
    outer loop
      vertex 126.159 -47.1335 8.1
      vertex 128.903 -51.6036 8.1
      vertex 127.223 -46.4817 8.1
    endloop
  endfacet
  facet normal 0 0 1
    outer loop
      vertex 128.903 -51.6036 8.1
      vertex 126.159 -47.1335 8.1
      vertex 127.667 -51.9003 8.1
    endloop
  endfacet
  facet normal 0 0 1
    outer loop
      vertex 127.667 -51.9003 8.1
      vertex 126.159 -47.1335 8.1
      vertex 126.4 -52 8.1
    endloop
  endfacet
  facet normal -0 0 1
    outer loop
      vertex 125.007 -47.6109 8.1
      vertex 126.4 -52 8.1
      vertex 126.159 -47.1335 8.1
    endloop
  endfacet
  facet normal -0 0 1
    outer loop
      vertex 123.794 -47.9021 8.1
      vertex 126.4 -52 8.1
      vertex 125.007 -47.6109 8.1
    endloop
  endfacet
  facet normal -0 0 1
    outer loop
      vertex 122.55 -48 8.1
      vertex 126.4 -52 8.1
      vertex 123.794 -47.9021 8.1
    endloop
  endfacet
  facet normal -0 0 1
    outer loop
      vertex -122.55 -48 8.1
      vertex 126.4 -52 8.1
      vertex 122.55 -48 8.1
    endloop
  endfacet
  facet normal 0 0 1
    outer loop
      vertex -122.55 -48 8.1
      vertex -126.4 -52 8.1
      vertex 126.4 -52 8.1
    endloop
  endfacet
  facet normal 0 0 1
    outer loop
      vertex -123.794 -47.9021 8.1
      vertex -126.4 -52 8.1
      vertex -122.55 -48 8.1
    endloop
  endfacet
  facet normal 0 0 1
    outer loop
      vertex -125.007 -47.6109 8.1
      vertex -126.4 -52 8.1
      vertex -123.794 -47.9021 8.1
    endloop
  endfacet
  facet normal 0 0 1
    outer loop
      vertex -126.159 -47.1335 8.1
      vertex -126.4 -52 8.1
      vertex -125.007 -47.6109 8.1
    endloop
  endfacet
  facet normal 0 0 1
    outer loop
      vertex -128.903 -51.6036 8.1
      vertex -126.159 -47.1335 8.1
      vertex -127.223 -46.4817 8.1
    endloop
  endfacet
  facet normal 0 0 1
    outer loop
      vertex -126.159 -47.1335 8.1
      vertex -127.667 -51.9003 8.1
      vertex -126.4 -52 8.1
    endloop
  endfacet
  facet normal 0 0 1
    outer loop
      vertex -131.161 -50.453 8.1
      vertex -127.223 -46.4817 8.1
      vertex -128.171 -45.6715 8.1
    endloop
  endfacet
  facet normal 0 0 1
    outer loop
      vertex -126.159 -47.1335 8.1
      vertex -128.903 -51.6036 8.1
      vertex -127.667 -51.9003 8.1
    endloop
  endfacet
  facet normal 0 0 1
    outer loop
      vertex -132.953 -48.6611 8.1
      vertex -128.171 -45.6715 8.1
      vertex -128.982 -44.7229 8.1
    endloop
  endfacet
  facet normal 0 0 1
    outer loop
      vertex -134.104 -46.403 8.1
      vertex -128.982 -44.7229 8.1
      vertex -129.633 -43.6592 8.1
    endloop
  endfacet
  facet normal 0 0 1
    outer loop
      vertex -127.223 -46.4817 8.1
      vertex -130.077 -51.1172 8.1
      vertex -128.903 -51.6036 8.1
    endloop
  endfacet
  facet normal 0 0 1
    outer loop
      vertex -134.5 -43.9001 8.1
      vertex -129.633 -43.6592 8.1
      vertex -130.111 -42.5067 8.1
    endloop
  endfacet
  facet normal 0 0 1
    outer loop
      vertex -134.5 -43.9001 8.1
      vertex -130.111 -42.5067 8.1
      vertex -130.402 -41.2937 8.1
    endloop
  endfacet
  facet normal 0 0 1
    outer loop
      vertex -134.5 -43.9001 8.1
      vertex -130.402 -41.2937 8.1
      vertex -130.5 -40.05 8.1
    endloop
  endfacet
  facet normal 0 0 1
    outer loop
      vertex -127.223 -46.4817 8.1
      vertex -131.161 -50.453 8.1
      vertex -130.077 -51.1172 8.1
    endloop
  endfacet
  facet normal 0 0 1
    outer loop
      vertex -130.5 40.05 8.1
      vertex -134.5 43.9001 8.1
      vertex -130.5 -40.05 8.1
    endloop
  endfacet
  facet normal -0 0 1
    outer loop
      vertex -134.4 45.1671 8.1
      vertex -129.633 43.6592 8.1
      vertex -134.104 46.403 8.1
    endloop
  endfacet
  facet normal 0 0 1
    outer loop
      vertex -134.5 -43.9001 8.1
      vertex -130.5 -40.05 8.1
      vertex -134.5 43.9001 8.1
    endloop
  endfacet
  facet normal -0 0 1
    outer loop
      vertex -134.5 43.9001 8.1
      vertex -129.633 43.6592 8.1
      vertex -134.4 45.1671 8.1
    endloop
  endfacet
  facet normal 0 0 1
    outer loop
      vertex -129.633 -43.6592 8.1
      vertex -134.5 -43.9001 8.1
      vertex -134.4 -45.1671 8.1
    endloop
  endfacet
  facet normal 0 0 1
    outer loop
      vertex -129.633 43.6592 8.1
      vertex -134.5 43.9001 8.1
      vertex -130.111 42.5067 8.1
    endloop
  endfacet
  facet normal 0 0 1
    outer loop
      vertex -128.171 -45.6715 8.1
      vertex -132.128 -49.6276 8.1
      vertex -131.161 -50.453 8.1
    endloop
  endfacet
  facet normal 0 0 1
    outer loop
      vertex -130.111 42.5067 8.1
      vertex -134.5 43.9001 8.1
      vertex -130.402 41.2937 8.1
    endloop
  endfacet
  facet normal 0 0 1
    outer loop
      vertex -128.171 -45.6715 8.1
      vertex -132.953 -48.6611 8.1
      vertex -132.128 -49.6276 8.1
    endloop
  endfacet
  facet normal 0 0 1
    outer loop
      vertex -130.402 41.2937 8.1
      vertex -134.5 43.9001 8.1
      vertex -130.5 40.05 8.1
    endloop
  endfacet
  facet normal 0 0 1
    outer loop
      vertex -128.982 -44.7229 8.1
      vertex -133.617 -47.5773 8.1
      vertex -132.953 -48.6611 8.1
    endloop
  endfacet
  facet normal 0 0 1
    outer loop
      vertex -128.982 -44.7229 8.1
      vertex -134.104 -46.403 8.1
      vertex -133.617 -47.5773 8.1
    endloop
  endfacet
  facet normal 0 0 1
    outer loop
      vertex -129.633 -43.6592 8.1
      vertex -134.4 -45.1671 8.1
      vertex -134.104 -46.403 8.1
    endloop
  endfacet
  facet normal 1 -0 0
    outer loop
      vertex 134.5 -43.9001 8.1
      vertex 134.5 43.9001 0
      vertex 134.5 43.9001 8.1
    endloop
  endfacet
  facet normal 1 0 0
    outer loop
      vertex 134.5 43.9001 0
      vertex 134.5 -43.9001 8.1
      vertex 134.5 -43.9001 0
    endloop
  endfacet
  facet normal 0.852694 -0.522411 0
    outer loop
      vertex 132.953 -48.6611 8.1
      vertex 133.617 -47.5773 0
      vertex 133.617 -47.5773 8.1
    endloop
  endfacet
  facet normal 0.852694 -0.522411 0
    outer loop
      vertex 133.617 -47.5773 0
      vertex 132.953 -48.6611 8.1
      vertex 132.953 -48.6611 0
    endloop
  endfacet
  facet normal -0.233418 -0.972377 0
    outer loop
      vertex -128.903 -51.6036 0
      vertex -127.667 -51.9003 8.1
      vertex -128.903 -51.6036 8.1
    endloop
  endfacet
  facet normal -0.233418 -0.972377 -0
    outer loop
      vertex -127.667 -51.9003 8.1
      vertex -128.903 -51.6036 0
      vertex -127.667 -51.9003 0
    endloop
  endfacet
  facet normal -0.923716 -0.383079 0
    outer loop
      vertex -133.617 -47.5773 0
      vertex -134.104 -46.403 8.1
      vertex -134.104 -46.403 0
    endloop
  endfacet
  facet normal -0.923716 -0.383079 0
    outer loop
      vertex -134.104 -46.403 8.1
      vertex -133.617 -47.5773 0
      vertex -133.617 -47.5773 8.1
    endloop
  endfacet
  facet normal -1 0 0
    outer loop
      vertex -134.5 -43.9001 0
      vertex -134.5 43.9001 8.1
      vertex -134.5 43.9001 0
    endloop
  endfacet
  facet normal -1 -0 0
    outer loop
      vertex -134.5 43.9001 8.1
      vertex -134.5 -43.9001 0
      vertex -134.5 -43.9001 8.1
    endloop
  endfacet
  facet normal -0.852694 0.522411 0
    outer loop
      vertex -133.617 47.5773 0
      vertex -132.953 48.6611 8.1
      vertex -132.953 48.6611 0
    endloop
  endfacet
  facet normal -0.852694 0.522411 0
    outer loop
      vertex -132.953 48.6611 8.1
      vertex -133.617 47.5773 0
      vertex -133.617 47.5773 8.1
    endloop
  endfacet
  facet normal 0.0784473 0.996918 -0
    outer loop
      vertex 127.667 51.9003 0
      vertex 126.4 52 8.1
      vertex 127.667 51.9003 8.1
    endloop
  endfacet
  facet normal 0.0784473 0.996918 0
    outer loop
      vertex 126.4 52 8.1
      vertex 127.667 51.9003 0
      vertex 126.4 52 0
    endloop
  endfacet
  facet normal 0 1 -0
    outer loop
      vertex 126.4 52 0
      vertex -126.4 52 8.1
      vertex 126.4 52 8.1
    endloop
  endfacet
  facet normal 0 1 0
    outer loop
      vertex -126.4 52 8.1
      vertex 126.4 52 0
      vertex -126.4 52 0
    endloop
  endfacet
  facet normal -0.233418 0.972377 0
    outer loop
      vertex -127.667 51.9003 0
      vertex -128.903 51.6036 8.1
      vertex -127.667 51.9003 8.1
    endloop
  endfacet
  facet normal -0.233418 0.972377 0
    outer loop
      vertex -128.903 51.6036 8.1
      vertex -127.667 51.9003 0
      vertex -128.903 51.6036 0
    endloop
  endfacet
  facet normal 0 -1 0
    outer loop
      vertex -126.4 -52 0
      vertex 126.4 -52 8.1
      vertex -126.4 -52 8.1
    endloop
  endfacet
  facet normal 0 -1 -0
    outer loop
      vertex 126.4 -52 8.1
      vertex -126.4 -52 0
      vertex 126.4 -52 0
    endloop
  endfacet
  facet normal -0.760588 -0.649235 0
    outer loop
      vertex -132.128 -49.6276 0
      vertex -132.953 -48.6611 8.1
      vertex -132.953 -48.6611 0
    endloop
  endfacet
  facet normal -0.760588 -0.649235 0
    outer loop
      vertex -132.953 -48.6611 8.1
      vertex -132.128 -49.6276 0
      vertex -132.128 -49.6276 8.1
    endloop
  endfacet
  facet normal -0.972497 -0.232915 0
    outer loop
      vertex -134.104 -46.403 0
      vertex -134.4 -45.1671 8.1
      vertex -134.4 -45.1671 0
    endloop
  endfacet
  facet normal -0.972497 -0.232915 0
    outer loop
      vertex -134.4 -45.1671 8.1
      vertex -134.104 -46.403 0
      vertex -134.104 -46.403 8.1
    endloop
  endfacet
  facet normal 0 0 -1
    outer loop
      vertex 126.4 -52 0
      vertex 134.5 -43.9001 0
      vertex 134.4 -45.1671 0
    endloop
  endfacet
  facet normal -0 0 -1
    outer loop
      vertex 134.5 -43.9001 0
      vertex 126.4 -52 0
      vertex 134.5 43.9001 0
    endloop
  endfacet
  facet normal 0 0 -1
    outer loop
      vertex 126.4 -52 0
      vertex 134.4 -45.1671 0
      vertex 134.104 -46.403 0
    endloop
  endfacet
  facet normal 0 0 -1
    outer loop
      vertex 126.4 52 0
      vertex 134.5 43.9001 0
      vertex 126.4 -52 0
    endloop
  endfacet
  facet normal 0 0 -1
    outer loop
      vertex 126.4 -52 0
      vertex 134.104 -46.403 0
      vertex 133.617 -47.5773 0
    endloop
  endfacet
  facet normal 0 0 -1
    outer loop
      vertex 134.5 43.9001 0
      vertex 126.4 52 0
      vertex 134.4 45.1671 0
    endloop
  endfacet
  facet normal 0 0 -1
    outer loop
      vertex 126.4 -52 0
      vertex 133.617 -47.5773 0
      vertex 132.953 -48.6611 0
    endloop
  endfacet
  facet normal 0 0 -1
    outer loop
      vertex 134.4 45.1671 0
      vertex 126.4 52 0
      vertex 134.104 46.403 0
    endloop
  endfacet
  facet normal 0 0 -1
    outer loop
      vertex 126.4 -52 0
      vertex 132.953 -48.6611 0
      vertex 132.128 -49.6276 0
    endloop
  endfacet
  facet normal 0 0 -1
    outer loop
      vertex 134.104 46.403 0
      vertex 126.4 52 0
      vertex 133.617 47.5773 0
    endloop
  endfacet
  facet normal 0 0 -1
    outer loop
      vertex 126.4 -52 0
      vertex 132.128 -49.6276 0
      vertex 131.161 -50.453 0
    endloop
  endfacet
  facet normal 0 0 -1
    outer loop
      vertex 133.617 47.5773 0
      vertex 126.4 52 0
      vertex 132.953 48.6611 0
    endloop
  endfacet
  facet normal 0 0 -1
    outer loop
      vertex 126.4 -52 0
      vertex 131.161 -50.453 0
      vertex 130.077 -51.1172 0
    endloop
  endfacet
  facet normal 0 0 -1
    outer loop
      vertex 132.953 48.6611 0
      vertex 126.4 52 0
      vertex 132.128 49.6276 0
    endloop
  endfacet
  facet normal 0 0 -1
    outer loop
      vertex 126.4 -52 0
      vertex 130.077 -51.1172 0
      vertex 128.903 -51.6036 0
    endloop
  endfacet
  facet normal 0 0 -1
    outer loop
      vertex 132.128 49.6276 0
      vertex 126.4 52 0
      vertex 131.161 50.453 0
    endloop
  endfacet
  facet normal 0 0 -1
    outer loop
      vertex 126.4 -52 0
      vertex 128.903 -51.6036 0
      vertex 127.667 -51.9003 0
    endloop
  endfacet
  facet normal 0 0 -1
    outer loop
      vertex 131.161 50.453 0
      vertex 126.4 52 0
      vertex 130.077 51.1172 0
    endloop
  endfacet
  facet normal 0 0 -1
    outer loop
      vertex 130.077 51.1172 0
      vertex 126.4 52 0
      vertex 128.903 51.6036 0
    endloop
  endfacet
  facet normal 0 0 -1
    outer loop
      vertex 128.903 51.6036 0
      vertex 126.4 52 0
      vertex 127.667 51.9003 0
    endloop
  endfacet
  facet normal 0 0 -1
    outer loop
      vertex -126.4 -52 0
      vertex 126.4 52 0
      vertex 126.4 -52 0
    endloop
  endfacet
  facet normal 0 0 -1
    outer loop
      vertex -126.4 -52 0
      vertex -126.4 52 0
      vertex 126.4 52 0
    endloop
  endfacet
  facet normal 0 0 -1
    outer loop
      vertex -134.5 -43.9001 0
      vertex -126.4 -52 0
      vertex -127.667 -51.9003 0
    endloop
  endfacet
  facet normal 0 0 -1
    outer loop
      vertex -126.4 -52 0
      vertex -134.5 -43.9001 0
      vertex -126.4 52 0
    endloop
  endfacet
  facet normal 0 0 -1
    outer loop
      vertex -134.5 -43.9001 0
      vertex -127.667 -51.9003 0
      vertex -128.903 -51.6036 0
    endloop
  endfacet
  facet normal 0 0 -1
    outer loop
      vertex -134.5 43.9001 0
      vertex -126.4 52 0
      vertex -134.5 -43.9001 0
    endloop
  endfacet
  facet normal 0 0 -1
    outer loop
      vertex -134.5 -43.9001 0
      vertex -128.903 -51.6036 0
      vertex -130.077 -51.1172 0
    endloop
  endfacet
  facet normal 0 0 -1
    outer loop
      vertex -126.4 52 0
      vertex -134.5 43.9001 0
      vertex -127.667 51.9003 0
    endloop
  endfacet
  facet normal 0 0 -1
    outer loop
      vertex -134.5 -43.9001 0
      vertex -130.077 -51.1172 0
      vertex -131.161 -50.453 0
    endloop
  endfacet
  facet normal 0 0 -1
    outer loop
      vertex -127.667 51.9003 0
      vertex -134.5 43.9001 0
      vertex -128.903 51.6036 0
    endloop
  endfacet
  facet normal 0 0 -1
    outer loop
      vertex -134.5 -43.9001 0
      vertex -131.161 -50.453 0
      vertex -132.128 -49.6276 0
    endloop
  endfacet
  facet normal 0 0 -1
    outer loop
      vertex -128.903 51.6036 0
      vertex -134.5 43.9001 0
      vertex -130.077 51.1172 0
    endloop
  endfacet
  facet normal 0 0 -1
    outer loop
      vertex -134.5 -43.9001 0
      vertex -132.128 -49.6276 0
      vertex -132.953 -48.6611 0
    endloop
  endfacet
  facet normal 0 0 -1
    outer loop
      vertex -130.077 51.1172 0
      vertex -134.5 43.9001 0
      vertex -131.161 50.453 0
    endloop
  endfacet
  facet normal 0 0 -1
    outer loop
      vertex -134.5 -43.9001 0
      vertex -132.953 -48.6611 0
      vertex -133.617 -47.5773 0
    endloop
  endfacet
  facet normal 0 0 -1
    outer loop
      vertex -131.161 50.453 0
      vertex -134.5 43.9001 0
      vertex -132.128 49.6276 0
    endloop
  endfacet
  facet normal 0 0 -1
    outer loop
      vertex -134.5 -43.9001 0
      vertex -133.617 -47.5773 0
      vertex -134.104 -46.403 0
    endloop
  endfacet
  facet normal 0 0 -1
    outer loop
      vertex -132.128 49.6276 0
      vertex -134.5 43.9001 0
      vertex -132.953 48.6611 0
    endloop
  endfacet
  facet normal 0 0 -1
    outer loop
      vertex -134.5 -43.9001 0
      vertex -134.104 -46.403 0
      vertex -134.4 -45.1671 0
    endloop
  endfacet
  facet normal 0 0 -1
    outer loop
      vertex -132.953 48.6611 0
      vertex -134.5 43.9001 0
      vertex -133.617 47.5773 0
    endloop
  endfacet
  facet normal 0 0 -1
    outer loop
      vertex -133.617 47.5773 0
      vertex -134.5 43.9001 0
      vertex -134.104 46.403 0
    endloop
  endfacet
  facet normal 0 0 -1
    outer loop
      vertex -134.104 46.403 0
      vertex -134.5 43.9001 0
      vertex -134.4 45.1671 0
    endloop
  endfacet
  facet normal -0.649222 0.760599 0
    outer loop
      vertex -131.161 50.453 0
      vertex -132.128 49.6276 8.1
      vertex -131.161 50.453 8.1
    endloop
  endfacet
  facet normal -0.649222 0.760599 0
    outer loop
      vertex -132.128 49.6276 8.1
      vertex -131.161 50.453 0
      vertex -132.128 49.6276 0
    endloop
  endfacet
  facet normal 0.233418 0.972377 -0
    outer loop
      vertex 128.903 51.6036 0
      vertex 127.667 51.9003 8.1
      vertex 128.903 51.6036 8.1
    endloop
  endfacet
  facet normal 0.233418 0.972377 0
    outer loop
      vertex 127.667 51.9003 8.1
      vertex 128.903 51.6036 0
      vertex 127.667 51.9003 0
    endloop
  endfacet
  facet normal 0.38276 0.923848 -0
    outer loop
      vertex 130.077 51.1172 0
      vertex 128.903 51.6036 8.1
      vertex 130.077 51.1172 8.1
    endloop
  endfacet
  facet normal 0.38276 0.923848 0
    outer loop
      vertex 128.903 51.6036 8.1
      vertex 130.077 51.1172 0
      vertex 128.903 51.6036 0
    endloop
  endfacet
  facet normal 0.522455 0.852667 -0
    outer loop
      vertex 131.161 50.453 0
      vertex 130.077 51.1172 8.1
      vertex 131.161 50.453 8.1
    endloop
  endfacet
  facet normal 0.522455 0.852667 0
    outer loop
      vertex 130.077 51.1172 8.1
      vertex 131.161 50.453 0
      vertex 130.077 51.1172 0
    endloop
  endfacet
  facet normal -0.0784473 0.996918 0
    outer loop
      vertex -126.4 52 0
      vertex -127.667 51.9003 8.1
      vertex -126.4 52 8.1
    endloop
  endfacet
  facet normal -0.0784473 0.996918 0
    outer loop
      vertex -127.667 51.9003 8.1
      vertex -126.4 52 0
      vertex -127.667 51.9003 0
    endloop
  endfacet
  facet normal 0.923716 0.383079 0
    outer loop
      vertex 134.104 46.403 8.1
      vertex 133.617 47.5773 0
      vertex 133.617 47.5773 8.1
    endloop
  endfacet
  facet normal 0.923716 0.383079 0
    outer loop
      vertex 133.617 47.5773 0
      vertex 134.104 46.403 8.1
      vertex 134.104 46.403 0
    endloop
  endfacet
  facet normal 0.649222 -0.760599 0
    outer loop
      vertex 131.161 -50.453 0
      vertex 132.128 -49.6276 8.1
      vertex 131.161 -50.453 8.1
    endloop
  endfacet
  facet normal 0.649222 -0.760599 0
    outer loop
      vertex 132.128 -49.6276 8.1
      vertex 131.161 -50.453 0
      vertex 132.128 -49.6276 0
    endloop
  endfacet
  facet normal 0.0784473 -0.996918 0
    outer loop
      vertex 126.4 -52 0
      vertex 127.667 -51.9003 8.1
      vertex 126.4 -52 8.1
    endloop
  endfacet
  facet normal 0.0784473 -0.996918 0
    outer loop
      vertex 127.667 -51.9003 8.1
      vertex 126.4 -52 0
      vertex 127.667 -51.9003 0
    endloop
  endfacet
  facet normal 0.233418 -0.972377 0
    outer loop
      vertex 127.667 -51.9003 0
      vertex 128.903 -51.6036 8.1
      vertex 127.667 -51.9003 8.1
    endloop
  endfacet
  facet normal 0.233418 -0.972377 0
    outer loop
      vertex 128.903 -51.6036 8.1
      vertex 127.667 -51.9003 0
      vertex 128.903 -51.6036 0
    endloop
  endfacet
  facet normal -0.9969 -0.0786819 0
    outer loop
      vertex -134.4 -45.1671 0
      vertex -134.5 -43.9001 8.1
      vertex -134.5 -43.9001 0
    endloop
  endfacet
  facet normal -0.9969 -0.0786819 0
    outer loop
      vertex -134.5 -43.9001 8.1
      vertex -134.4 -45.1671 0
      vertex -134.4 -45.1671 8.1
    endloop
  endfacet
  facet normal -0.760588 0.649235 0
    outer loop
      vertex -132.953 48.6611 0
      vertex -132.128 49.6276 8.1
      vertex -132.128 49.6276 0
    endloop
  endfacet
  facet normal -0.760588 0.649235 0
    outer loop
      vertex -132.128 49.6276 8.1
      vertex -132.953 48.6611 0
      vertex -132.953 48.6611 8.1
    endloop
  endfacet
  facet normal -0.522455 0.852667 0
    outer loop
      vertex -130.077 51.1172 0
      vertex -131.161 50.453 8.1
      vertex -130.077 51.1172 8.1
    endloop
  endfacet
  facet normal -0.522455 0.852667 0
    outer loop
      vertex -131.161 50.453 8.1
      vertex -130.077 51.1172 0
      vertex -131.161 50.453 0
    endloop
  endfacet
  facet normal -0.38276 0.923848 0
    outer loop
      vertex -128.903 51.6036 0
      vertex -130.077 51.1172 8.1
      vertex -128.903 51.6036 8.1
    endloop
  endfacet
  facet normal -0.38276 0.923848 0
    outer loop
      vertex -130.077 51.1172 8.1
      vertex -128.903 51.6036 0
      vertex -130.077 51.1172 0
    endloop
  endfacet
  facet normal -0.923716 0.383079 0
    outer loop
      vertex -134.104 46.403 0
      vertex -133.617 47.5773 8.1
      vertex -133.617 47.5773 0
    endloop
  endfacet
  facet normal -0.923716 0.383079 0
    outer loop
      vertex -133.617 47.5773 8.1
      vertex -134.104 46.403 0
      vertex -134.104 46.403 8.1
    endloop
  endfacet
  facet normal -0.9969 0.0786819 0
    outer loop
      vertex -134.5 43.9001 0
      vertex -134.4 45.1671 8.1
      vertex -134.4 45.1671 0
    endloop
  endfacet
  facet normal -0.9969 0.0786819 0
    outer loop
      vertex -134.4 45.1671 8.1
      vertex -134.5 43.9001 0
      vertex -134.5 43.9001 8.1
    endloop
  endfacet
  facet normal -0.972497 0.232915 0
    outer loop
      vertex -134.4 45.1671 0
      vertex -134.104 46.403 8.1
      vertex -134.104 46.403 0
    endloop
  endfacet
  facet normal -0.972497 0.232915 0
    outer loop
      vertex -134.104 46.403 8.1
      vertex -134.4 45.1671 0
      vertex -134.4 45.1671 8.1
    endloop
  endfacet
  facet normal 0.9969 0.0786819 0
    outer loop
      vertex 134.5 43.9001 8.1
      vertex 134.4 45.1671 0
      vertex 134.4 45.1671 8.1
    endloop
  endfacet
  facet normal 0.9969 0.0786819 0
    outer loop
      vertex 134.4 45.1671 0
      vertex 134.5 43.9001 8.1
      vertex 134.5 43.9001 0
    endloop
  endfacet
  facet normal 0.522455 -0.852667 0
    outer loop
      vertex 130.077 -51.1172 0
      vertex 131.161 -50.453 8.1
      vertex 130.077 -51.1172 8.1
    endloop
  endfacet
  facet normal 0.522455 -0.852667 0
    outer loop
      vertex 131.161 -50.453 8.1
      vertex 130.077 -51.1172 0
      vertex 131.161 -50.453 0
    endloop
  endfacet
  facet normal 0.760588 -0.649235 0
    outer loop
      vertex 132.128 -49.6276 8.1
      vertex 132.953 -48.6611 0
      vertex 132.953 -48.6611 8.1
    endloop
  endfacet
  facet normal 0.760588 -0.649235 0
    outer loop
      vertex 132.953 -48.6611 0
      vertex 132.128 -49.6276 8.1
      vertex 132.128 -49.6276 0
    endloop
  endfacet
  facet normal 0.923716 -0.383079 0
    outer loop
      vertex 133.617 -47.5773 8.1
      vertex 134.104 -46.403 0
      vertex 134.104 -46.403 8.1
    endloop
  endfacet
  facet normal 0.923716 -0.383079 0
    outer loop
      vertex 134.104 -46.403 0
      vertex 133.617 -47.5773 8.1
      vertex 133.617 -47.5773 0
    endloop
  endfacet
  facet normal 0.760588 0.649235 0
    outer loop
      vertex 132.953 48.6611 8.1
      vertex 132.128 49.6276 0
      vertex 132.128 49.6276 8.1
    endloop
  endfacet
  facet normal 0.760588 0.649235 0
    outer loop
      vertex 132.128 49.6276 0
      vertex 132.953 48.6611 8.1
      vertex 132.953 48.6611 0
    endloop
  endfacet
  facet normal 0.852694 0.522411 0
    outer loop
      vertex 133.617 47.5773 8.1
      vertex 132.953 48.6611 0
      vertex 132.953 48.6611 8.1
    endloop
  endfacet
  facet normal 0.852694 0.522411 0
    outer loop
      vertex 132.953 48.6611 0
      vertex 133.617 47.5773 8.1
      vertex 133.617 47.5773 0
    endloop
  endfacet
  facet normal 0.972497 0.232915 0
    outer loop
      vertex 134.4 45.1671 8.1
      vertex 134.104 46.403 0
      vertex 134.104 46.403 8.1
    endloop
  endfacet
  facet normal 0.972497 0.232915 0
    outer loop
      vertex 134.104 46.403 0
      vertex 134.4 45.1671 8.1
      vertex 134.4 45.1671 0
    endloop
  endfacet
  facet normal 0.9969 -0.0786819 0
    outer loop
      vertex 134.4 -45.1671 8.1
      vertex 134.5 -43.9001 0
      vertex 134.5 -43.9001 8.1
    endloop
  endfacet
  facet normal 0.9969 -0.0786819 0
    outer loop
      vertex 134.5 -43.9001 0
      vertex 134.4 -45.1671 8.1
      vertex 134.4 -45.1671 0
    endloop
  endfacet
  facet normal 0.972497 -0.232915 0
    outer loop
      vertex 134.104 -46.403 8.1
      vertex 134.4 -45.1671 0
      vertex 134.4 -45.1671 8.1
    endloop
  endfacet
  facet normal 0.972497 -0.232915 0
    outer loop
      vertex 134.4 -45.1671 0
      vertex 134.104 -46.403 8.1
      vertex 134.104 -46.403 0
    endloop
  endfacet
  facet normal 0.522498 0.85264 -0
    outer loop
      vertex 5.04026 6.93732 8.1
      vertex 3.89297 7.64038 11.1
      vertex 5.04026 6.93732 11.1
    endloop
  endfacet
  facet normal 0.522498 0.85264 0
    outer loop
      vertex 3.89297 7.64038 11.1
      vertex 5.04026 6.93732 8.1
      vertex 3.89297 7.64038 8.1
    endloop
  endfacet
  facet normal 0.996917 -0.0784576 0
    outer loop
      vertex 8.46943 -1.34142 11.1
      vertex 8.575 0 8.1
      vertex 8.575 0 11.1
    endloop
  endfacet
  facet normal 0.996917 -0.0784576 0
    outer loop
      vertex 8.575 0 8.1
      vertex 8.46943 -1.34142 11.1
      vertex 8.46943 -1.34142 8.1
    endloop
  endfacet
  facet normal -0.382684 0.923879 0
    outer loop
      vertex -2.64982 8.15531 8.1
      vertex -3.89297 7.64038 11.1
      vertex -2.64982 8.15531 11.1
    endloop
  endfacet
  facet normal -0.382684 0.923879 0
    outer loop
      vertex -3.89297 7.64038 11.1
      vertex -2.64982 8.15531 8.1
      vertex -3.89297 7.64038 8.1
    endloop
  endfacet
  facet normal -0.85264 0.522498 0
    outer loop
      vertex -7.64038 3.89297 8.1
      vertex -6.93732 5.04026 11.1
      vertex -6.93732 5.04026 8.1
    endloop
  endfacet
  facet normal -0.85264 0.522498 0
    outer loop
      vertex -6.93732 5.04026 11.1
      vertex -7.64038 3.89297 8.1
      vertex -7.64038 3.89297 11.1
    endloop
  endfacet
  facet normal 0.85264 0.522498 0
    outer loop
      vertex 7.64038 3.89297 11.1
      vertex 6.93732 5.04026 8.1
      vertex 6.93732 5.04026 11.1
    endloop
  endfacet
  facet normal 0.85264 0.522498 0
    outer loop
      vertex 6.93732 5.04026 8.1
      vertex 7.64038 3.89297 11.1
      vertex 7.64038 3.89297 8.1
    endloop
  endfacet
  facet normal 0.760405 0.649449 0
    outer loop
      vertex 6.93732 5.04026 11.1
      vertex 6.06344 6.06344 8.1
      vertex 6.06344 6.06344 11.1
    endloop
  endfacet
  facet normal 0.760405 0.649449 0
    outer loop
      vertex 6.06344 6.06344 8.1
      vertex 6.93732 5.04026 11.1
      vertex 6.93732 5.04026 8.1
    endloop
  endfacet
  facet normal 0.649449 0.760405 -0
    outer loop
      vertex 6.06344 6.06344 8.1
      vertex 5.04026 6.93732 11.1
      vertex 6.06344 6.06344 11.1
    endloop
  endfacet
  facet normal 0.649449 0.760405 0
    outer loop
      vertex 5.04026 6.93732 11.1
      vertex 6.06344 6.06344 8.1
      vertex 5.04026 6.93732 8.1
    endloop
  endfacet
  facet normal 0.382684 0.923879 -0
    outer loop
      vertex 3.89297 7.64038 8.1
      vertex 2.64982 8.15531 11.1
      vertex 3.89297 7.64038 11.1
    endloop
  endfacet
  facet normal 0.382684 0.923879 0
    outer loop
      vertex 2.64982 8.15531 11.1
      vertex 3.89297 7.64038 8.1
      vertex 2.64982 8.15531 8.1
    endloop
  endfacet
  facet normal 0.0784576 0.996917 -0
    outer loop
      vertex 1.34142 8.46943 8.1
      vertex 0 8.575 11.1
      vertex 1.34142 8.46943 11.1
    endloop
  endfacet
  facet normal 0.0784576 0.996917 0
    outer loop
      vertex 0 8.575 11.1
      vertex 1.34142 8.46943 8.1
      vertex 0 8.575 8.1
    endloop
  endfacet
  facet normal -0.996917 0.0784576 0
    outer loop
      vertex -8.575 0 8.1
      vertex -8.46943 1.34142 11.1
      vertex -8.46943 1.34142 8.1
    endloop
  endfacet
  facet normal -0.996917 0.0784576 0
    outer loop
      vertex -8.46943 1.34142 11.1
      vertex -8.575 0 8.1
      vertex -8.575 0 11.1
    endloop
  endfacet
  facet normal -0.760405 0.649449 0
    outer loop
      vertex -6.93732 5.04026 8.1
      vertex -6.06344 6.06344 11.1
      vertex -6.06344 6.06344 8.1
    endloop
  endfacet
  facet normal -0.760405 0.649449 0
    outer loop
      vertex -6.06344 6.06344 11.1
      vertex -6.93732 5.04026 8.1
      vertex -6.93732 5.04026 11.1
    endloop
  endfacet
  facet normal -0.522498 0.85264 0
    outer loop
      vertex -3.89297 7.64038 8.1
      vertex -5.04026 6.93732 11.1
      vertex -3.89297 7.64038 11.1
    endloop
  endfacet
  facet normal -0.522498 0.85264 0
    outer loop
      vertex -5.04026 6.93732 11.1
      vertex -3.89297 7.64038 8.1
      vertex -5.04026 6.93732 8.1
    endloop
  endfacet
  facet normal -0.0784576 0.996917 0
    outer loop
      vertex 0 8.575 8.1
      vertex -1.34142 8.46943 11.1
      vertex 0 8.575 11.1
    endloop
  endfacet
  facet normal -0.0784576 0.996917 0
    outer loop
      vertex -1.34142 8.46943 11.1
      vertex 0 8.575 8.1
      vertex -1.34142 8.46943 8.1
    endloop
  endfacet
  facet normal -0.649449 0.760405 0
    outer loop
      vertex -5.04026 6.93732 8.1
      vertex -6.06344 6.06344 11.1
      vertex -5.04026 6.93732 11.1
    endloop
  endfacet
  facet normal -0.649449 0.760405 0
    outer loop
      vertex -6.06344 6.06344 11.1
      vertex -5.04026 6.93732 8.1
      vertex -6.06344 6.06344 8.1
    endloop
  endfacet
  facet normal 0.996917 0.0784576 0
    outer loop
      vertex 8.575 0 11.1
      vertex 8.46943 1.34142 8.1
      vertex 8.46943 1.34142 11.1
    endloop
  endfacet
  facet normal 0.996917 0.0784576 0
    outer loop
      vertex 8.46943 1.34142 8.1
      vertex 8.575 0 11.1
      vertex 8.575 0 8.1
    endloop
  endfacet
  facet normal 0.0784576 -0.996917 0
    outer loop
      vertex 0 -8.575 8.1
      vertex 1.34142 -8.46943 11.1
      vertex 0 -8.575 11.1
    endloop
  endfacet
  facet normal 0.0784576 -0.996917 0
    outer loop
      vertex 1.34142 -8.46943 11.1
      vertex 0 -8.575 8.1
      vertex 1.34142 -8.46943 8.1
    endloop
  endfacet
  facet normal 0.97237 -0.233446 0
    outer loop
      vertex 8.15531 -2.64982 11.1
      vertex 8.46943 -1.34142 8.1
      vertex 8.46943 -1.34142 11.1
    endloop
  endfacet
  facet normal 0.97237 -0.233446 0
    outer loop
      vertex 8.46943 -1.34142 8.1
      vertex 8.15531 -2.64982 11.1
      vertex 8.15531 -2.64982 8.1
    endloop
  endfacet
  facet normal 0.382684 -0.923879 0
    outer loop
      vertex 2.64982 -8.15531 8.1
      vertex 3.89297 -7.64038 11.1
      vertex 2.64982 -8.15531 11.1
    endloop
  endfacet
  facet normal 0.382684 -0.923879 0
    outer loop
      vertex 3.89297 -7.64038 11.1
      vertex 2.64982 -8.15531 8.1
      vertex 3.89297 -7.64038 8.1
    endloop
  endfacet
  facet normal 0.522498 -0.85264 0
    outer loop
      vertex 3.89297 -7.64038 8.1
      vertex 5.04026 -6.93732 11.1
      vertex 3.89297 -7.64038 11.1
    endloop
  endfacet
  facet normal 0.522498 -0.85264 0
    outer loop
      vertex 5.04026 -6.93732 11.1
      vertex 3.89297 -7.64038 8.1
      vertex 5.04026 -6.93732 8.1
    endloop
  endfacet
  facet normal -0.0784576 -0.996917 0
    outer loop
      vertex -1.34142 -8.46943 8.1
      vertex 0 -8.575 11.1
      vertex -1.34142 -8.46943 11.1
    endloop
  endfacet
  facet normal -0.0784576 -0.996917 -0
    outer loop
      vertex 0 -8.575 11.1
      vertex -1.34142 -8.46943 8.1
      vertex 0 -8.575 8.1
    endloop
  endfacet
  facet normal -0.649449 -0.760405 0
    outer loop
      vertex -6.06344 -6.06344 8.1
      vertex -5.04026 -6.93732 11.1
      vertex -6.06344 -6.06344 11.1
    endloop
  endfacet
  facet normal -0.649449 -0.760405 -0
    outer loop
      vertex -5.04026 -6.93732 11.1
      vertex -6.06344 -6.06344 8.1
      vertex -5.04026 -6.93732 8.1
    endloop
  endfacet
  facet normal -0.85264 -0.522498 0
    outer loop
      vertex -6.93732 -5.04026 8.1
      vertex -7.64038 -3.89297 11.1
      vertex -7.64038 -3.89297 8.1
    endloop
  endfacet
  facet normal -0.85264 -0.522498 0
    outer loop
      vertex -7.64038 -3.89297 11.1
      vertex -6.93732 -5.04026 8.1
      vertex -6.93732 -5.04026 11.1
    endloop
  endfacet
  facet normal -0.996917 -0.0784576 0
    outer loop
      vertex -8.46943 -1.34142 8.1
      vertex -8.575 0 11.1
      vertex -8.575 0 8.1
    endloop
  endfacet
  facet normal -0.996917 -0.0784576 0
    outer loop
      vertex -8.575 0 11.1
      vertex -8.46943 -1.34142 8.1
      vertex -8.46943 -1.34142 11.1
    endloop
  endfacet
  facet normal -0.760405 -0.649449 0
    outer loop
      vertex -6.06344 -6.06344 8.1
      vertex -6.93732 -5.04026 11.1
      vertex -6.93732 -5.04026 8.1
    endloop
  endfacet
  facet normal -0.760405 -0.649449 0
    outer loop
      vertex -6.93732 -5.04026 11.1
      vertex -6.06344 -6.06344 8.1
      vertex -6.06344 -6.06344 11.1
    endloop
  endfacet
  facet normal 0.97237 0.233446 0
    outer loop
      vertex 8.46943 1.34142 11.1
      vertex 8.15531 2.64982 8.1
      vertex 8.15531 2.64982 11.1
    endloop
  endfacet
  facet normal 0.97237 0.233446 0
    outer loop
      vertex 8.15531 2.64982 8.1
      vertex 8.46943 1.34142 11.1
      vertex 8.46943 1.34142 8.1
    endloop
  endfacet
  facet normal 0.923879 0.382684 0
    outer loop
      vertex 8.15531 2.64982 11.1
      vertex 7.64038 3.89297 8.1
      vertex 7.64038 3.89297 11.1
    endloop
  endfacet
  facet normal 0.923879 0.382684 0
    outer loop
      vertex 7.64038 3.89297 8.1
      vertex 8.15531 2.64982 11.1
      vertex 8.15531 2.64982 8.1
    endloop
  endfacet
  facet normal 0.233446 0.97237 -0
    outer loop
      vertex 2.64982 8.15531 8.1
      vertex 1.34142 8.46943 11.1
      vertex 2.64982 8.15531 11.1
    endloop
  endfacet
  facet normal 0.233446 0.97237 0
    outer loop
      vertex 1.34142 8.46943 11.1
      vertex 2.64982 8.15531 8.1
      vertex 1.34142 8.46943 8.1
    endloop
  endfacet
  facet normal 0 0 1
    outer loop
      vertex 7.65 0 11.1
      vertex 8.575 0 11.1
      vertex 8.46943 1.34142 11.1
    endloop
  endfacet
  facet normal 0 0 1
    outer loop
      vertex 7.55582 1.19672 11.1
      vertex 8.46943 1.34142 11.1
      vertex 8.15531 2.64982 11.1
    endloop
  endfacet
  facet normal 0 0 1
    outer loop
      vertex 8.575 0 11.1
      vertex 7.65 0 11.1
      vertex 8.46943 -1.34142 11.1
    endloop
  endfacet
  facet normal -0 0 1
    outer loop
      vertex 7.55582 -1.19672 11.1
      vertex 8.46943 -1.34142 11.1
      vertex 7.65 0 11.1
    endloop
  endfacet
  facet normal 0 0 1
    outer loop
      vertex 7.27558 2.36398 11.1
      vertex 8.15531 2.64982 11.1
      vertex 7.64038 3.89297 11.1
    endloop
  endfacet
  facet normal 0 0 1
    outer loop
      vertex 8.46943 1.34142 11.1
      vertex 7.55582 1.19672 11.1
      vertex 7.65 0 11.1
    endloop
  endfacet
  facet normal 0 0 1
    outer loop
      vertex 8.15531 2.64982 11.1
      vertex 7.27558 2.36398 11.1
      vertex 7.55582 1.19672 11.1
    endloop
  endfacet
  facet normal 0 0 1
    outer loop
      vertex 6.8162 3.47303 11.1
      vertex 7.64038 3.89297 11.1
      vertex 6.93732 5.04026 11.1
    endloop
  endfacet
  facet normal 0 0 1
    outer loop
      vertex 7.64038 3.89297 11.1
      vertex 6.8162 3.47303 11.1
      vertex 7.27558 2.36398 11.1
    endloop
  endfacet
  facet normal 0 0 1
    outer loop
      vertex 6.93732 5.04026 11.1
      vertex 6.18898 4.49656 11.1
      vertex 6.8162 3.47303 11.1
    endloop
  endfacet
  facet normal 0 0 1
    outer loop
      vertex 6.06344 6.06344 11.1
      vertex 6.18898 4.49656 11.1
      vertex 6.93732 5.04026 11.1
    endloop
  endfacet
  facet normal 0 0 1
    outer loop
      vertex 6.06344 6.06344 11.1
      vertex 5.40937 5.40937 11.1
      vertex 6.18898 4.49656 11.1
    endloop
  endfacet
  facet normal 0 0 1
    outer loop
      vertex 5.04026 6.93732 11.1
      vertex 5.40937 5.40937 11.1
      vertex 6.06344 6.06344 11.1
    endloop
  endfacet
  facet normal 0 0 1
    outer loop
      vertex 5.04026 6.93732 11.1
      vertex 4.49656 6.18898 11.1
      vertex 5.40937 5.40937 11.1
    endloop
  endfacet
  facet normal 0 0 1
    outer loop
      vertex 3.89297 7.64038 11.1
      vertex 4.49656 6.18898 11.1
      vertex 5.04026 6.93732 11.1
    endloop
  endfacet
  facet normal 0 0 1
    outer loop
      vertex 3.89297 7.64038 11.1
      vertex 3.47303 6.8162 11.1
      vertex 4.49656 6.18898 11.1
    endloop
  endfacet
  facet normal 0 0 1
    outer loop
      vertex 2.64982 8.15531 11.1
      vertex 3.47303 6.8162 11.1
      vertex 3.89297 7.64038 11.1
    endloop
  endfacet
  facet normal 0 0 1
    outer loop
      vertex 2.64982 8.15531 11.1
      vertex 2.36398 7.27558 11.1
      vertex 3.47303 6.8162 11.1
    endloop
  endfacet
  facet normal 0 0 1
    outer loop
      vertex 1.34142 8.46943 11.1
      vertex 2.36398 7.27558 11.1
      vertex 2.64982 8.15531 11.1
    endloop
  endfacet
  facet normal 0 0 1
    outer loop
      vertex 1.34142 8.46943 11.1
      vertex 1.19672 7.55582 11.1
      vertex 2.36398 7.27558 11.1
    endloop
  endfacet
  facet normal 0 0 1
    outer loop
      vertex 0 8.575 11.1
      vertex 1.19672 7.55582 11.1
      vertex 1.34142 8.46943 11.1
    endloop
  endfacet
  facet normal 0 0 1
    outer loop
      vertex 0 8.575 11.1
      vertex 0 7.65 11.1
      vertex 1.19672 7.55582 11.1
    endloop
  endfacet
  facet normal 0 0 1
    outer loop
      vertex 0 8.575 11.1
      vertex -1.19672 7.55582 11.1
      vertex 0 7.65 11.1
    endloop
  endfacet
  facet normal -0 0 1
    outer loop
      vertex -1.34142 8.46943 11.1
      vertex -1.19672 7.55582 11.1
      vertex 0 8.575 11.1
    endloop
  endfacet
  facet normal 0 0 1
    outer loop
      vertex -1.34142 8.46943 11.1
      vertex -2.36398 7.27558 11.1
      vertex -1.19672 7.55582 11.1
    endloop
  endfacet
  facet normal -0 0 1
    outer loop
      vertex -2.64982 8.15531 11.1
      vertex -2.36398 7.27558 11.1
      vertex -1.34142 8.46943 11.1
    endloop
  endfacet
  facet normal 0 0 1
    outer loop
      vertex -2.64982 8.15531 11.1
      vertex -3.47303 6.8162 11.1
      vertex -2.36398 7.27558 11.1
    endloop
  endfacet
  facet normal -0 0 1
    outer loop
      vertex -3.89297 7.64038 11.1
      vertex -3.47303 6.8162 11.1
      vertex -2.64982 8.15531 11.1
    endloop
  endfacet
  facet normal 0 0 1
    outer loop
      vertex -3.89297 7.64038 11.1
      vertex -4.49656 6.18898 11.1
      vertex -3.47303 6.8162 11.1
    endloop
  endfacet
  facet normal -0 0 1
    outer loop
      vertex -5.04026 6.93732 11.1
      vertex -4.49656 6.18898 11.1
      vertex -3.89297 7.64038 11.1
    endloop
  endfacet
  facet normal 0 0 1
    outer loop
      vertex -5.04026 6.93732 11.1
      vertex -5.40937 5.40937 11.1
      vertex -4.49656 6.18898 11.1
    endloop
  endfacet
  facet normal -0 0 1
    outer loop
      vertex -6.06344 6.06344 11.1
      vertex -5.40937 5.40937 11.1
      vertex -5.04026 6.93732 11.1
    endloop
  endfacet
  facet normal 0 0 1
    outer loop
      vertex -6.06344 6.06344 11.1
      vertex -6.18898 4.49656 11.1
      vertex -5.40937 5.40937 11.1
    endloop
  endfacet
  facet normal -0 0 1
    outer loop
      vertex -6.93732 5.04026 11.1
      vertex -6.18898 4.49656 11.1
      vertex -6.06344 6.06344 11.1
    endloop
  endfacet
  facet normal 0 0 1
    outer loop
      vertex -6.18898 4.49656 11.1
      vertex -6.93732 5.04026 11.1
      vertex -6.8162 3.47303 11.1
    endloop
  endfacet
  facet normal -0 0 1
    outer loop
      vertex -7.64038 3.89297 11.1
      vertex -6.8162 3.47303 11.1
      vertex -6.93732 5.04026 11.1
    endloop
  endfacet
  facet normal 0 0 1
    outer loop
      vertex -6.8162 3.47303 11.1
      vertex -7.64038 3.89297 11.1
      vertex -7.27558 2.36398 11.1
    endloop
  endfacet
  facet normal -0 0 1
    outer loop
      vertex -8.15531 2.64982 11.1
      vertex -7.27558 2.36398 11.1
      vertex -7.64038 3.89297 11.1
    endloop
  endfacet
  facet normal 0 0 1
    outer loop
      vertex -7.27558 2.36398 11.1
      vertex -8.15531 2.64982 11.1
      vertex -7.55582 1.19672 11.1
    endloop
  endfacet
  facet normal -0 0 1
    outer loop
      vertex -8.46943 1.34142 11.1
      vertex -7.55582 1.19672 11.1
      vertex -8.15531 2.64982 11.1
    endloop
  endfacet
  facet normal 0 0 1
    outer loop
      vertex 8.46943 -1.34142 11.1
      vertex 7.55582 -1.19672 11.1
      vertex 8.15531 -2.64982 11.1
    endloop
  endfacet
  facet normal -0 0 1
    outer loop
      vertex 7.27558 -2.36398 11.1
      vertex 8.15531 -2.64982 11.1
      vertex 7.55582 -1.19672 11.1
    endloop
  endfacet
  facet normal 0 0 1
    outer loop
      vertex 8.15531 -2.64982 11.1
      vertex 7.27558 -2.36398 11.1
      vertex 7.64038 -3.89297 11.1
    endloop
  endfacet
  facet normal -0 0 1
    outer loop
      vertex 6.8162 -3.47303 11.1
      vertex 7.64038 -3.89297 11.1
      vertex 7.27558 -2.36398 11.1
    endloop
  endfacet
  facet normal 0 0 1
    outer loop
      vertex 7.64038 -3.89297 11.1
      vertex 6.8162 -3.47303 11.1
      vertex 6.93732 -5.04026 11.1
    endloop
  endfacet
  facet normal -0 0 1
    outer loop
      vertex 6.18898 -4.49656 11.1
      vertex 6.93732 -5.04026 11.1
      vertex 6.8162 -3.47303 11.1
    endloop
  endfacet
  facet normal 0 0 1
    outer loop
      vertex 6.18898 -4.49656 11.1
      vertex 6.06344 -6.06344 11.1
      vertex 6.93732 -5.04026 11.1
    endloop
  endfacet
  facet normal -0 0 1
    outer loop
      vertex 5.40937 -5.40937 11.1
      vertex 6.06344 -6.06344 11.1
      vertex 6.18898 -4.49656 11.1
    endloop
  endfacet
  facet normal 0 0 1
    outer loop
      vertex 5.40937 -5.40937 11.1
      vertex 5.04026 -6.93732 11.1
      vertex 6.06344 -6.06344 11.1
    endloop
  endfacet
  facet normal -0 0 1
    outer loop
      vertex 4.49656 -6.18898 11.1
      vertex 5.04026 -6.93732 11.1
      vertex 5.40937 -5.40937 11.1
    endloop
  endfacet
  facet normal 0 0 1
    outer loop
      vertex 4.49656 -6.18898 11.1
      vertex 3.89297 -7.64038 11.1
      vertex 5.04026 -6.93732 11.1
    endloop
  endfacet
  facet normal -0 0 1
    outer loop
      vertex 3.47303 -6.8162 11.1
      vertex 3.89297 -7.64038 11.1
      vertex 4.49656 -6.18898 11.1
    endloop
  endfacet
  facet normal 0 0 1
    outer loop
      vertex 3.47303 -6.8162 11.1
      vertex 2.64982 -8.15531 11.1
      vertex 3.89297 -7.64038 11.1
    endloop
  endfacet
  facet normal -0 0 1
    outer loop
      vertex 2.36398 -7.27558 11.1
      vertex 2.64982 -8.15531 11.1
      vertex 3.47303 -6.8162 11.1
    endloop
  endfacet
  facet normal 0 0 1
    outer loop
      vertex 2.36398 -7.27558 11.1
      vertex 1.34142 -8.46943 11.1
      vertex 2.64982 -8.15531 11.1
    endloop
  endfacet
  facet normal -0 0 1
    outer loop
      vertex 1.19672 -7.55582 11.1
      vertex 1.34142 -8.46943 11.1
      vertex 2.36398 -7.27558 11.1
    endloop
  endfacet
  facet normal -0 0 1
    outer loop
      vertex 0 -7.65 11.1
      vertex 1.34142 -8.46943 11.1
      vertex 1.19672 -7.55582 11.1
    endloop
  endfacet
  facet normal 0 0 1
    outer loop
      vertex 0 -7.65 11.1
      vertex 0 -8.575 11.1
      vertex 1.34142 -8.46943 11.1
    endloop
  endfacet
  facet normal 0 0 1
    outer loop
      vertex -1.19672 -7.55582 11.1
      vertex 0 -8.575 11.1
      vertex 0 -7.65 11.1
    endloop
  endfacet
  facet normal 0 0 1
    outer loop
      vertex -1.19672 -7.55582 11.1
      vertex -1.34142 -8.46943 11.1
      vertex 0 -8.575 11.1
    endloop
  endfacet
  facet normal 0 0 1
    outer loop
      vertex -2.36398 -7.27558 11.1
      vertex -1.34142 -8.46943 11.1
      vertex -1.19672 -7.55582 11.1
    endloop
  endfacet
  facet normal 0 0 1
    outer loop
      vertex -2.36398 -7.27558 11.1
      vertex -2.64982 -8.15531 11.1
      vertex -1.34142 -8.46943 11.1
    endloop
  endfacet
  facet normal 0 0 1
    outer loop
      vertex -3.47303 -6.8162 11.1
      vertex -2.64982 -8.15531 11.1
      vertex -2.36398 -7.27558 11.1
    endloop
  endfacet
  facet normal 0 0 1
    outer loop
      vertex -3.47303 -6.8162 11.1
      vertex -3.89297 -7.64038 11.1
      vertex -2.64982 -8.15531 11.1
    endloop
  endfacet
  facet normal 0 0 1
    outer loop
      vertex -4.49656 -6.18898 11.1
      vertex -3.89297 -7.64038 11.1
      vertex -3.47303 -6.8162 11.1
    endloop
  endfacet
  facet normal 0 0 1
    outer loop
      vertex -4.49656 -6.18898 11.1
      vertex -5.04026 -6.93732 11.1
      vertex -3.89297 -7.64038 11.1
    endloop
  endfacet
  facet normal 0 0 1
    outer loop
      vertex -5.40937 -5.40937 11.1
      vertex -5.04026 -6.93732 11.1
      vertex -4.49656 -6.18898 11.1
    endloop
  endfacet
  facet normal 0 0 1
    outer loop
      vertex -5.40937 -5.40937 11.1
      vertex -6.06344 -6.06344 11.1
      vertex -5.04026 -6.93732 11.1
    endloop
  endfacet
  facet normal 0 0 1
    outer loop
      vertex -6.18898 -4.49656 11.1
      vertex -6.06344 -6.06344 11.1
      vertex -5.40937 -5.40937 11.1
    endloop
  endfacet
  facet normal 0 0 1
    outer loop
      vertex -6.93732 -5.04026 11.1
      vertex -6.18898 -4.49656 11.1
      vertex -6.8162 -3.47303 11.1
    endloop
  endfacet
  facet normal 0 0 1
    outer loop
      vertex -6.18898 -4.49656 11.1
      vertex -6.93732 -5.04026 11.1
      vertex -6.06344 -6.06344 11.1
    endloop
  endfacet
  facet normal 0 0 1
    outer loop
      vertex -7.64038 -3.89297 11.1
      vertex -6.8162 -3.47303 11.1
      vertex -7.27558 -2.36398 11.1
    endloop
  endfacet
  facet normal 0 0 1
    outer loop
      vertex -8.15531 -2.64982 11.1
      vertex -7.27558 -2.36398 11.1
      vertex -7.55582 -1.19672 11.1
    endloop
  endfacet
  facet normal 0 0 1
    outer loop
      vertex -6.8162 -3.47303 11.1
      vertex -7.64038 -3.89297 11.1
      vertex -6.93732 -5.04026 11.1
    endloop
  endfacet
  facet normal 0 0 1
    outer loop
      vertex -8.46943 -1.34142 11.1
      vertex -7.55582 -1.19672 11.1
      vertex -7.65 0 11.1
    endloop
  endfacet
  facet normal 0 0 1
    outer loop
      vertex -7.55582 1.19672 11.1
      vertex -8.46943 1.34142 11.1
      vertex -7.65 0 11.1
    endloop
  endfacet
  facet normal 0 0 1
    outer loop
      vertex -7.27558 -2.36398 11.1
      vertex -8.15531 -2.64982 11.1
      vertex -7.64038 -3.89297 11.1
    endloop
  endfacet
  facet normal 0 0 1
    outer loop
      vertex -8.575 0 11.1
      vertex -7.65 0 11.1
      vertex -8.46943 1.34142 11.1
    endloop
  endfacet
  facet normal 0 0 1
    outer loop
      vertex -7.55582 -1.19672 11.1
      vertex -8.46943 -1.34142 11.1
      vertex -8.15531 -2.64982 11.1
    endloop
  endfacet
  facet normal 0 0 1
    outer loop
      vertex -7.65 0 11.1
      vertex -8.575 0 11.1
      vertex -8.46943 -1.34142 11.1
    endloop
  endfacet
  facet normal -0.923879 0.382684 0
    outer loop
      vertex -8.15531 2.64982 8.1
      vertex -7.64038 3.89297 11.1
      vertex -7.64038 3.89297 8.1
    endloop
  endfacet
  facet normal -0.923879 0.382684 0
    outer loop
      vertex -7.64038 3.89297 11.1
      vertex -8.15531 2.64982 8.1
      vertex -8.15531 2.64982 11.1
    endloop
  endfacet
  facet normal -0.97237 0.233446 0
    outer loop
      vertex -8.46943 1.34142 8.1
      vertex -8.15531 2.64982 11.1
      vertex -8.15531 2.64982 8.1
    endloop
  endfacet
  facet normal -0.97237 0.233446 0
    outer loop
      vertex -8.15531 2.64982 11.1
      vertex -8.46943 1.34142 8.1
      vertex -8.46943 1.34142 11.1
    endloop
  endfacet
  facet normal -0.233446 0.97237 0
    outer loop
      vertex -1.34142 8.46943 8.1
      vertex -2.64982 8.15531 11.1
      vertex -1.34142 8.46943 11.1
    endloop
  endfacet
  facet normal -0.233446 0.97237 0
    outer loop
      vertex -2.64982 8.15531 11.1
      vertex -1.34142 8.46943 8.1
      vertex -2.64982 8.15531 8.1
    endloop
  endfacet
  facet normal 0.85264 -0.522498 0
    outer loop
      vertex 6.93732 -5.04026 11.1
      vertex 7.64038 -3.89297 8.1
      vertex 7.64038 -3.89297 11.1
    endloop
  endfacet
  facet normal 0.85264 -0.522498 0
    outer loop
      vertex 7.64038 -3.89297 8.1
      vertex 6.93732 -5.04026 11.1
      vertex 6.93732 -5.04026 8.1
    endloop
  endfacet
  facet normal 0.923879 -0.382684 0
    outer loop
      vertex 7.64038 -3.89297 11.1
      vertex 8.15531 -2.64982 8.1
      vertex 8.15531 -2.64982 11.1
    endloop
  endfacet
  facet normal 0.923879 -0.382684 0
    outer loop
      vertex 8.15531 -2.64982 8.1
      vertex 7.64038 -3.89297 11.1
      vertex 7.64038 -3.89297 8.1
    endloop
  endfacet
  facet normal 0.233446 -0.97237 0
    outer loop
      vertex 1.34142 -8.46943 8.1
      vertex 2.64982 -8.15531 11.1
      vertex 1.34142 -8.46943 11.1
    endloop
  endfacet
  facet normal 0.233446 -0.97237 0
    outer loop
      vertex 2.64982 -8.15531 11.1
      vertex 1.34142 -8.46943 8.1
      vertex 2.64982 -8.15531 8.1
    endloop
  endfacet
  facet normal 0.649449 -0.760405 0
    outer loop
      vertex 5.04026 -6.93732 8.1
      vertex 6.06344 -6.06344 11.1
      vertex 5.04026 -6.93732 11.1
    endloop
  endfacet
  facet normal 0.649449 -0.760405 0
    outer loop
      vertex 6.06344 -6.06344 11.1
      vertex 5.04026 -6.93732 8.1
      vertex 6.06344 -6.06344 8.1
    endloop
  endfacet
  facet normal -0.382684 -0.923879 0
    outer loop
      vertex -3.89297 -7.64038 8.1
      vertex -2.64982 -8.15531 11.1
      vertex -3.89297 -7.64038 11.1
    endloop
  endfacet
  facet normal -0.382684 -0.923879 -0
    outer loop
      vertex -2.64982 -8.15531 11.1
      vertex -3.89297 -7.64038 8.1
      vertex -2.64982 -8.15531 8.1
    endloop
  endfacet
  facet normal -0.522498 -0.85264 0
    outer loop
      vertex -5.04026 -6.93732 8.1
      vertex -3.89297 -7.64038 11.1
      vertex -5.04026 -6.93732 11.1
    endloop
  endfacet
  facet normal -0.522498 -0.85264 -0
    outer loop
      vertex -3.89297 -7.64038 11.1
      vertex -5.04026 -6.93732 8.1
      vertex -3.89297 -7.64038 8.1
    endloop
  endfacet
  facet normal -0.97237 -0.233446 0
    outer loop
      vertex -8.15531 -2.64982 8.1
      vertex -8.46943 -1.34142 11.1
      vertex -8.46943 -1.34142 8.1
    endloop
  endfacet
  facet normal -0.97237 -0.233446 0
    outer loop
      vertex -8.46943 -1.34142 11.1
      vertex -8.15531 -2.64982 8.1
      vertex -8.15531 -2.64982 11.1
    endloop
  endfacet
  facet normal 0.760405 -0.649449 0
    outer loop
      vertex 6.06344 -6.06344 11.1
      vertex 6.93732 -5.04026 8.1
      vertex 6.93732 -5.04026 11.1
    endloop
  endfacet
  facet normal 0.760405 -0.649449 0
    outer loop
      vertex 6.93732 -5.04026 8.1
      vertex 6.06344 -6.06344 11.1
      vertex 6.06344 -6.06344 8.1
    endloop
  endfacet
  facet normal -0.233446 -0.97237 0
    outer loop
      vertex -2.64982 -8.15531 8.1
      vertex -1.34142 -8.46943 11.1
      vertex -2.64982 -8.15531 11.1
    endloop
  endfacet
  facet normal -0.233446 -0.97237 -0
    outer loop
      vertex -1.34142 -8.46943 11.1
      vertex -2.64982 -8.15531 8.1
      vertex -1.34142 -8.46943 8.1
    endloop
  endfacet
  facet normal -0.923879 -0.382684 0
    outer loop
      vertex -7.64038 -3.89297 8.1
      vertex -8.15531 -2.64982 11.1
      vertex -8.15531 -2.64982 8.1
    endloop
  endfacet
  facet normal -0.923879 -0.382684 0
    outer loop
      vertex -8.15531 -2.64982 11.1
      vertex -7.64038 -3.89297 8.1
      vertex -7.64038 -3.89297 11.1
    endloop
  endfacet
  facet normal -0.996918 -0.0784559 0
    outer loop
      vertex 7.65 0 5.9
      vertex 7.55582 1.19672 11.1
      vertex 7.55582 1.19672 5.9
    endloop
  endfacet
  facet normal -0.996918 -0.0784559 0
    outer loop
      vertex 7.55582 1.19672 11.1
      vertex 7.65 0 5.9
      vertex 7.65 0 11.1
    endloop
  endfacet
  facet normal 0.996918 -0.0784559 0
    outer loop
      vertex -7.65 0 11.1
      vertex -7.55582 1.19672 5.9
      vertex -7.55582 1.19672 11.1
    endloop
  endfacet
  facet normal 0.996918 -0.0784559 0
    outer loop
      vertex -7.55582 1.19672 5.9
      vertex -7.65 0 11.1
      vertex -7.65 0 5.9
    endloop
  endfacet
  facet normal 0.0784559 -0.996918 0
    outer loop
      vertex -1.19672 7.55582 5.9
      vertex 0 7.65 11.1
      vertex -1.19672 7.55582 11.1
    endloop
  endfacet
  facet normal 0.0784559 -0.996918 0
    outer loop
      vertex 0 7.65 11.1
      vertex -1.19672 7.55582 5.9
      vertex 0 7.65 5.9
    endloop
  endfacet
  facet normal -0.0784559 0.996918 0
    outer loop
      vertex 1.19672 -7.55582 5.9
      vertex 0 -7.65 11.1
      vertex 1.19672 -7.55582 11.1
    endloop
  endfacet
  facet normal -0.0784559 0.996918 0
    outer loop
      vertex 0 -7.65 11.1
      vertex 1.19672 -7.55582 5.9
      vertex 0 -7.65 5.9
    endloop
  endfacet
  facet normal -0.649446 -0.760407 0
    outer loop
      vertex 4.49656 6.18898 5.9
      vertex 5.40937 5.40937 11.1
      vertex 4.49656 6.18898 11.1
    endloop
  endfacet
  facet normal -0.649446 -0.760407 -0
    outer loop
      vertex 5.40937 5.40937 11.1
      vertex 4.49656 6.18898 5.9
      vertex 5.40937 5.40937 5.9
    endloop
  endfacet
  facet normal 0.649446 -0.760407 0
    outer loop
      vertex -5.40937 5.40937 5.9
      vertex -4.49656 6.18898 11.1
      vertex -5.40937 5.40937 11.1
    endloop
  endfacet
  facet normal 0.649446 -0.760407 0
    outer loop
      vertex -4.49656 6.18898 11.1
      vertex -5.40937 5.40937 5.9
      vertex -4.49656 6.18898 5.9
    endloop
  endfacet
  facet normal 0.382681 -0.923881 0
    outer loop
      vertex -3.47303 6.8162 5.9
      vertex -2.36398 7.27558 11.1
      vertex -3.47303 6.8162 11.1
    endloop
  endfacet
  facet normal 0.382681 -0.923881 0
    outer loop
      vertex -2.36398 7.27558 11.1
      vertex -3.47303 6.8162 5.9
      vertex -2.36398 7.27558 5.9
    endloop
  endfacet
  facet normal -0.85264 0.522499 0
    outer loop
      vertex 6.18898 -4.49656 5.9
      vertex 6.8162 -3.47303 11.1
      vertex 6.8162 -3.47303 5.9
    endloop
  endfacet
  facet normal -0.85264 0.522499 0
    outer loop
      vertex 6.8162 -3.47303 11.1
      vertex 6.18898 -4.49656 5.9
      vertex 6.18898 -4.49656 11.1
    endloop
  endfacet
  facet normal -0.923881 -0.382681 0
    outer loop
      vertex 7.27558 2.36398 5.9
      vertex 6.8162 3.47303 11.1
      vertex 6.8162 3.47303 5.9
    endloop
  endfacet
  facet normal -0.923881 -0.382681 0
    outer loop
      vertex 6.8162 3.47303 11.1
      vertex 7.27558 2.36398 5.9
      vertex 7.27558 2.36398 11.1
    endloop
  endfacet
  facet normal -0.972369 -0.23345 0
    outer loop
      vertex 7.55582 1.19672 5.9
      vertex 7.27558 2.36398 11.1
      vertex 7.27558 2.36398 5.9
    endloop
  endfacet
  facet normal -0.972369 -0.23345 0
    outer loop
      vertex 7.27558 2.36398 11.1
      vertex 7.55582 1.19672 5.9
      vertex 7.55582 1.19672 11.1
    endloop
  endfacet
  facet normal -0.382681 -0.923881 0
    outer loop
      vertex 2.36398 7.27558 5.9
      vertex 3.47303 6.8162 11.1
      vertex 2.36398 7.27558 11.1
    endloop
  endfacet
  facet normal -0.382681 -0.923881 -0
    outer loop
      vertex 3.47303 6.8162 11.1
      vertex 2.36398 7.27558 5.9
      vertex 3.47303 6.8162 5.9
    endloop
  endfacet
  facet normal -0.23345 -0.972369 0
    outer loop
      vertex 1.19672 7.55582 5.9
      vertex 2.36398 7.27558 11.1
      vertex 1.19672 7.55582 11.1
    endloop
  endfacet
  facet normal -0.23345 -0.972369 -0
    outer loop
      vertex 2.36398 7.27558 11.1
      vertex 1.19672 7.55582 5.9
      vertex 2.36398 7.27558 5.9
    endloop
  endfacet
  facet normal -0.522499 -0.85264 0
    outer loop
      vertex 3.47303 6.8162 5.9
      vertex 4.49656 6.18898 11.1
      vertex 3.47303 6.8162 11.1
    endloop
  endfacet
  facet normal -0.522499 -0.85264 -0
    outer loop
      vertex 4.49656 6.18898 11.1
      vertex 3.47303 6.8162 5.9
      vertex 4.49656 6.18898 5.9
    endloop
  endfacet
  facet normal 0.923881 -0.382681 0
    outer loop
      vertex -7.27558 2.36398 11.1
      vertex -6.8162 3.47303 5.9
      vertex -6.8162 3.47303 11.1
    endloop
  endfacet
  facet normal 0.923881 -0.382681 0
    outer loop
      vertex -6.8162 3.47303 5.9
      vertex -7.27558 2.36398 11.1
      vertex -7.27558 2.36398 5.9
    endloop
  endfacet
  facet normal 0.972369 -0.23345 0
    outer loop
      vertex -7.55582 1.19672 11.1
      vertex -7.27558 2.36398 5.9
      vertex -7.27558 2.36398 11.1
    endloop
  endfacet
  facet normal 0.972369 -0.23345 0
    outer loop
      vertex -7.27558 2.36398 5.9
      vertex -7.55582 1.19672 11.1
      vertex -7.55582 1.19672 5.9
    endloop
  endfacet
  facet normal 0.522499 -0.85264 0
    outer loop
      vertex -4.49656 6.18898 5.9
      vertex -3.47303 6.8162 11.1
      vertex -4.49656 6.18898 11.1
    endloop
  endfacet
  facet normal 0.522499 -0.85264 0
    outer loop
      vertex -3.47303 6.8162 11.1
      vertex -4.49656 6.18898 5.9
      vertex -3.47303 6.8162 5.9
    endloop
  endfacet
  facet normal 0.23345 -0.972369 0
    outer loop
      vertex -2.36398 7.27558 5.9
      vertex -1.19672 7.55582 11.1
      vertex -2.36398 7.27558 11.1
    endloop
  endfacet
  facet normal 0.23345 -0.972369 0
    outer loop
      vertex -1.19672 7.55582 11.1
      vertex -2.36398 7.27558 5.9
      vertex -1.19672 7.55582 5.9
    endloop
  endfacet
  facet normal -0.972369 0.23345 0
    outer loop
      vertex 7.27558 -2.36398 5.9
      vertex 7.55582 -1.19672 11.1
      vertex 7.55582 -1.19672 5.9
    endloop
  endfacet
  facet normal -0.972369 0.23345 0
    outer loop
      vertex 7.55582 -1.19672 11.1
      vertex 7.27558 -2.36398 5.9
      vertex 7.27558 -2.36398 11.1
    endloop
  endfacet
  facet normal 0 0 1
    outer loop
      vertex 7.55582 1.19672 5.9
      vertex 7.55582 -1.19672 5.9
      vertex 7.65 0 5.9
    endloop
  endfacet
  facet normal 0 0 1
    outer loop
      vertex 7.27558 2.36398 5.9
      vertex 7.55582 -1.19672 5.9
      vertex 7.55582 1.19672 5.9
    endloop
  endfacet
  facet normal 0 0 1
    outer loop
      vertex 7.27558 2.36398 5.9
      vertex 7.27558 -2.36398 5.9
      vertex 7.55582 -1.19672 5.9
    endloop
  endfacet
  facet normal 0 0 1
    outer loop
      vertex 6.8162 3.47303 5.9
      vertex 7.27558 -2.36398 5.9
      vertex 7.27558 2.36398 5.9
    endloop
  endfacet
  facet normal 0 0 1
    outer loop
      vertex 6.8162 3.47303 5.9
      vertex 6.8162 -3.47303 5.9
      vertex 7.27558 -2.36398 5.9
    endloop
  endfacet
  facet normal 0 0 1
    outer loop
      vertex 6.18898 4.49656 5.9
      vertex 6.8162 -3.47303 5.9
      vertex 6.8162 3.47303 5.9
    endloop
  endfacet
  facet normal 0 0 1
    outer loop
      vertex 6.18898 4.49656 5.9
      vertex 6.18898 -4.49656 5.9
      vertex 6.8162 -3.47303 5.9
    endloop
  endfacet
  facet normal 0 0 1
    outer loop
      vertex 5.40937 5.40937 5.9
      vertex 6.18898 -4.49656 5.9
      vertex 6.18898 4.49656 5.9
    endloop
  endfacet
  facet normal 0 0 1
    outer loop
      vertex 5.40937 5.40937 5.9
      vertex 5.40937 -5.40937 5.9
      vertex 6.18898 -4.49656 5.9
    endloop
  endfacet
  facet normal 0 0 1
    outer loop
      vertex 4.49656 6.18898 5.9
      vertex 5.40937 -5.40937 5.9
      vertex 5.40937 5.40937 5.9
    endloop
  endfacet
  facet normal 0 0 1
    outer loop
      vertex 4.49656 6.18898 5.9
      vertex 4.49656 -6.18898 5.9
      vertex 5.40937 -5.40937 5.9
    endloop
  endfacet
  facet normal 0 0 1
    outer loop
      vertex 3.47303 6.8162 5.9
      vertex 4.49656 -6.18898 5.9
      vertex 4.49656 6.18898 5.9
    endloop
  endfacet
  facet normal 0 0 1
    outer loop
      vertex 3.47303 6.8162 5.9
      vertex 3.47303 -6.8162 5.9
      vertex 4.49656 -6.18898 5.9
    endloop
  endfacet
  facet normal 0 0 1
    outer loop
      vertex 2.36398 7.27558 5.9
      vertex 3.47303 -6.8162 5.9
      vertex 3.47303 6.8162 5.9
    endloop
  endfacet
  facet normal 0 0 1
    outer loop
      vertex 2.36398 7.27558 5.9
      vertex 2.36398 -7.27558 5.9
      vertex 3.47303 -6.8162 5.9
    endloop
  endfacet
  facet normal 0 0 1
    outer loop
      vertex 1.19672 7.55582 5.9
      vertex 2.36398 -7.27558 5.9
      vertex 2.36398 7.27558 5.9
    endloop
  endfacet
  facet normal 0 0 1
    outer loop
      vertex 1.19672 7.55582 5.9
      vertex 1.19672 -7.55582 5.9
      vertex 2.36398 -7.27558 5.9
    endloop
  endfacet
  facet normal 0 0 1
    outer loop
      vertex 0 7.65 5.9
      vertex 1.19672 -7.55582 5.9
      vertex 1.19672 7.55582 5.9
    endloop
  endfacet
  facet normal 0 0 1
    outer loop
      vertex 0 7.65 5.9
      vertex 0 -7.65 5.9
      vertex 1.19672 -7.55582 5.9
    endloop
  endfacet
  facet normal -0 0 1
    outer loop
      vertex -1.19672 7.55582 5.9
      vertex 0 -7.65 5.9
      vertex 0 7.65 5.9
    endloop
  endfacet
  facet normal 0 0 1
    outer loop
      vertex -1.19672 7.55582 5.9
      vertex -1.19672 -7.55582 5.9
      vertex 0 -7.65 5.9
    endloop
  endfacet
  facet normal -0 0 1
    outer loop
      vertex -2.36398 7.27558 5.9
      vertex -1.19672 -7.55582 5.9
      vertex -1.19672 7.55582 5.9
    endloop
  endfacet
  facet normal 0 0 1
    outer loop
      vertex -2.36398 7.27558 5.9
      vertex -2.36398 -7.27558 5.9
      vertex -1.19672 -7.55582 5.9
    endloop
  endfacet
  facet normal -0 0 1
    outer loop
      vertex -3.47303 6.8162 5.9
      vertex -2.36398 -7.27558 5.9
      vertex -2.36398 7.27558 5.9
    endloop
  endfacet
  facet normal 0 0 1
    outer loop
      vertex -3.47303 6.8162 5.9
      vertex -3.47303 -6.8162 5.9
      vertex -2.36398 -7.27558 5.9
    endloop
  endfacet
  facet normal -0 0 1
    outer loop
      vertex -4.49656 6.18898 5.9
      vertex -3.47303 -6.8162 5.9
      vertex -3.47303 6.8162 5.9
    endloop
  endfacet
  facet normal 0 0 1
    outer loop
      vertex -4.49656 6.18898 5.9
      vertex -4.49656 -6.18898 5.9
      vertex -3.47303 -6.8162 5.9
    endloop
  endfacet
  facet normal -0 0 1
    outer loop
      vertex -5.40937 5.40937 5.9
      vertex -4.49656 -6.18898 5.9
      vertex -4.49656 6.18898 5.9
    endloop
  endfacet
  facet normal 0 0 1
    outer loop
      vertex -5.40937 5.40937 5.9
      vertex -5.40937 -5.40937 5.9
      vertex -4.49656 -6.18898 5.9
    endloop
  endfacet
  facet normal -0 0 1
    outer loop
      vertex -6.18898 4.49656 5.9
      vertex -5.40937 -5.40937 5.9
      vertex -5.40937 5.40937 5.9
    endloop
  endfacet
  facet normal 0 0 1
    outer loop
      vertex -6.18898 4.49656 5.9
      vertex -6.18898 -4.49656 5.9
      vertex -5.40937 -5.40937 5.9
    endloop
  endfacet
  facet normal -0 0 1
    outer loop
      vertex -6.8162 3.47303 5.9
      vertex -6.18898 -4.49656 5.9
      vertex -6.18898 4.49656 5.9
    endloop
  endfacet
  facet normal 0 0 1
    outer loop
      vertex -6.8162 3.47303 5.9
      vertex -6.8162 -3.47303 5.9
      vertex -6.18898 -4.49656 5.9
    endloop
  endfacet
  facet normal -0 0 1
    outer loop
      vertex -7.27558 2.36398 5.9
      vertex -6.8162 -3.47303 5.9
      vertex -6.8162 3.47303 5.9
    endloop
  endfacet
  facet normal 0 0 1
    outer loop
      vertex -7.27558 2.36398 5.9
      vertex -7.27558 -2.36398 5.9
      vertex -6.8162 -3.47303 5.9
    endloop
  endfacet
  facet normal -0 0 1
    outer loop
      vertex -7.55582 1.19672 5.9
      vertex -7.27558 -2.36398 5.9
      vertex -7.27558 2.36398 5.9
    endloop
  endfacet
  facet normal 0 0 1
    outer loop
      vertex -7.55582 1.19672 5.9
      vertex -7.55582 -1.19672 5.9
      vertex -7.27558 -2.36398 5.9
    endloop
  endfacet
  facet normal 0 -0 1
    outer loop
      vertex -7.55582 -1.19672 5.9
      vertex -7.55582 1.19672 5.9
      vertex -7.65 0 5.9
    endloop
  endfacet
  facet normal -0.23345 0.972369 0
    outer loop
      vertex 2.36398 -7.27558 5.9
      vertex 1.19672 -7.55582 11.1
      vertex 2.36398 -7.27558 11.1
    endloop
  endfacet
  facet normal -0.23345 0.972369 0
    outer loop
      vertex 1.19672 -7.55582 11.1
      vertex 2.36398 -7.27558 5.9
      vertex 1.19672 -7.55582 5.9
    endloop
  endfacet
  facet normal -0.760407 -0.649446 0
    outer loop
      vertex 6.18898 4.49656 5.9
      vertex 5.40937 5.40937 11.1
      vertex 5.40937 5.40937 5.9
    endloop
  endfacet
  facet normal -0.760407 -0.649446 0
    outer loop
      vertex 5.40937 5.40937 11.1
      vertex 6.18898 4.49656 5.9
      vertex 6.18898 4.49656 11.1
    endloop
  endfacet
  facet normal -0.85264 -0.522499 0
    outer loop
      vertex 6.8162 3.47303 5.9
      vertex 6.18898 4.49656 11.1
      vertex 6.18898 4.49656 5.9
    endloop
  endfacet
  facet normal -0.85264 -0.522499 0
    outer loop
      vertex 6.18898 4.49656 11.1
      vertex 6.8162 3.47303 5.9
      vertex 6.8162 3.47303 11.1
    endloop
  endfacet
  facet normal -0.0784559 -0.996918 0
    outer loop
      vertex 0 7.65 5.9
      vertex 1.19672 7.55582 11.1
      vertex 0 7.65 11.1
    endloop
  endfacet
  facet normal -0.0784559 -0.996918 -0
    outer loop
      vertex 1.19672 7.55582 11.1
      vertex 0 7.65 5.9
      vertex 1.19672 7.55582 5.9
    endloop
  endfacet
  facet normal 0.85264 -0.522499 0
    outer loop
      vertex -6.8162 3.47303 11.1
      vertex -6.18898 4.49656 5.9
      vertex -6.18898 4.49656 11.1
    endloop
  endfacet
  facet normal 0.85264 -0.522499 0
    outer loop
      vertex -6.18898 4.49656 5.9
      vertex -6.8162 3.47303 11.1
      vertex -6.8162 3.47303 5.9
    endloop
  endfacet
  facet normal 0.760407 -0.649446 0
    outer loop
      vertex -6.18898 4.49656 11.1
      vertex -5.40937 5.40937 5.9
      vertex -5.40937 5.40937 11.1
    endloop
  endfacet
  facet normal 0.760407 -0.649446 0
    outer loop
      vertex -5.40937 5.40937 5.9
      vertex -6.18898 4.49656 11.1
      vertex -6.18898 4.49656 5.9
    endloop
  endfacet
  facet normal -0.996918 0.0784559 0
    outer loop
      vertex 7.55582 -1.19672 5.9
      vertex 7.65 0 11.1
      vertex 7.65 0 5.9
    endloop
  endfacet
  facet normal -0.996918 0.0784559 0
    outer loop
      vertex 7.65 0 11.1
      vertex 7.55582 -1.19672 5.9
      vertex 7.55582 -1.19672 11.1
    endloop
  endfacet
  facet normal -0.760407 0.649446 0
    outer loop
      vertex 5.40937 -5.40937 5.9
      vertex 6.18898 -4.49656 11.1
      vertex 6.18898 -4.49656 5.9
    endloop
  endfacet
  facet normal -0.760407 0.649446 0
    outer loop
      vertex 6.18898 -4.49656 11.1
      vertex 5.40937 -5.40937 5.9
      vertex 5.40937 -5.40937 11.1
    endloop
  endfacet
  facet normal -0.923881 0.382681 0
    outer loop
      vertex 6.8162 -3.47303 5.9
      vertex 7.27558 -2.36398 11.1
      vertex 7.27558 -2.36398 5.9
    endloop
  endfacet
  facet normal -0.923881 0.382681 0
    outer loop
      vertex 7.27558 -2.36398 11.1
      vertex 6.8162 -3.47303 5.9
      vertex 6.8162 -3.47303 11.1
    endloop
  endfacet
  facet normal 0.649446 0.760407 -0
    outer loop
      vertex -4.49656 -6.18898 5.9
      vertex -5.40937 -5.40937 11.1
      vertex -4.49656 -6.18898 11.1
    endloop
  endfacet
  facet normal 0.649446 0.760407 0
    outer loop
      vertex -5.40937 -5.40937 11.1
      vertex -4.49656 -6.18898 5.9
      vertex -5.40937 -5.40937 5.9
    endloop
  endfacet
  facet normal 0.923881 0.382681 0
    outer loop
      vertex -6.8162 -3.47303 11.1
      vertex -7.27558 -2.36398 5.9
      vertex -7.27558 -2.36398 11.1
    endloop
  endfacet
  facet normal 0.923881 0.382681 0
    outer loop
      vertex -7.27558 -2.36398 5.9
      vertex -6.8162 -3.47303 11.1
      vertex -6.8162 -3.47303 5.9
    endloop
  endfacet
  facet normal 0.85264 0.522499 0
    outer loop
      vertex -6.18898 -4.49656 11.1
      vertex -6.8162 -3.47303 5.9
      vertex -6.8162 -3.47303 11.1
    endloop
  endfacet
  facet normal 0.85264 0.522499 0
    outer loop
      vertex -6.8162 -3.47303 5.9
      vertex -6.18898 -4.49656 11.1
      vertex -6.18898 -4.49656 5.9
    endloop
  endfacet
  facet normal -0.382681 0.923881 0
    outer loop
      vertex 3.47303 -6.8162 5.9
      vertex 2.36398 -7.27558 11.1
      vertex 3.47303 -6.8162 11.1
    endloop
  endfacet
  facet normal -0.382681 0.923881 0
    outer loop
      vertex 2.36398 -7.27558 11.1
      vertex 3.47303 -6.8162 5.9
      vertex 2.36398 -7.27558 5.9
    endloop
  endfacet
  facet normal 0.23345 0.972369 -0
    outer loop
      vertex -1.19672 -7.55582 5.9
      vertex -2.36398 -7.27558 11.1
      vertex -1.19672 -7.55582 11.1
    endloop
  endfacet
  facet normal 0.23345 0.972369 0
    outer loop
      vertex -2.36398 -7.27558 11.1
      vertex -1.19672 -7.55582 5.9
      vertex -2.36398 -7.27558 5.9
    endloop
  endfacet
  facet normal 0.760407 0.649446 0
    outer loop
      vertex -5.40937 -5.40937 11.1
      vertex -6.18898 -4.49656 5.9
      vertex -6.18898 -4.49656 11.1
    endloop
  endfacet
  facet normal 0.760407 0.649446 0
    outer loop
      vertex -6.18898 -4.49656 5.9
      vertex -5.40937 -5.40937 11.1
      vertex -5.40937 -5.40937 5.9
    endloop
  endfacet
  facet normal 0.972369 0.23345 0
    outer loop
      vertex -7.27558 -2.36398 11.1
      vertex -7.55582 -1.19672 5.9
      vertex -7.55582 -1.19672 11.1
    endloop
  endfacet
  facet normal 0.972369 0.23345 0
    outer loop
      vertex -7.55582 -1.19672 5.9
      vertex -7.27558 -2.36398 11.1
      vertex -7.27558 -2.36398 5.9
    endloop
  endfacet
  facet normal 0.996918 0.0784559 0
    outer loop
      vertex -7.55582 -1.19672 11.1
      vertex -7.65 0 5.9
      vertex -7.65 0 11.1
    endloop
  endfacet
  facet normal 0.996918 0.0784559 0
    outer loop
      vertex -7.65 0 5.9
      vertex -7.55582 -1.19672 11.1
      vertex -7.55582 -1.19672 5.9
    endloop
  endfacet
  facet normal -0.649446 0.760407 0
    outer loop
      vertex 5.40937 -5.40937 5.9
      vertex 4.49656 -6.18898 11.1
      vertex 5.40937 -5.40937 11.1
    endloop
  endfacet
  facet normal -0.649446 0.760407 0
    outer loop
      vertex 4.49656 -6.18898 11.1
      vertex 5.40937 -5.40937 5.9
      vertex 4.49656 -6.18898 5.9
    endloop
  endfacet
  facet normal -0.522499 0.85264 0
    outer loop
      vertex 4.49656 -6.18898 5.9
      vertex 3.47303 -6.8162 11.1
      vertex 4.49656 -6.18898 11.1
    endloop
  endfacet
  facet normal -0.522499 0.85264 0
    outer loop
      vertex 3.47303 -6.8162 11.1
      vertex 4.49656 -6.18898 5.9
      vertex 3.47303 -6.8162 5.9
    endloop
  endfacet
  facet normal 0.0784559 0.996918 -0
    outer loop
      vertex 0 -7.65 5.9
      vertex -1.19672 -7.55582 11.1
      vertex 0 -7.65 11.1
    endloop
  endfacet
  facet normal 0.0784559 0.996918 0
    outer loop
      vertex -1.19672 -7.55582 11.1
      vertex 0 -7.65 5.9
      vertex -1.19672 -7.55582 5.9
    endloop
  endfacet
  facet normal 0.382681 0.923881 -0
    outer loop
      vertex -2.36398 -7.27558 5.9
      vertex -3.47303 -6.8162 11.1
      vertex -2.36398 -7.27558 11.1
    endloop
  endfacet
  facet normal 0.382681 0.923881 0
    outer loop
      vertex -3.47303 -6.8162 11.1
      vertex -2.36398 -7.27558 5.9
      vertex -3.47303 -6.8162 5.9
    endloop
  endfacet
  facet normal 0.522499 0.85264 -0
    outer loop
      vertex -3.47303 -6.8162 5.9
      vertex -4.49656 -6.18898 11.1
      vertex -3.47303 -6.8162 11.1
    endloop
  endfacet
  facet normal 0.522499 0.85264 0
    outer loop
      vertex -4.49656 -6.18898 11.1
      vertex -3.47303 -6.8162 5.9
      vertex -4.49656 -6.18898 5.9
    endloop
  endfacet
endsolid OpenSCAD_Model
