solid OpenSCAD_Model
  facet normal -0.649457 -0.760398 0
    outer loop
      vertex -65.6715 -45.6715 12.85
      vertex -64.7229 -46.4817 15.85
      vertex -65.6715 -45.6715 15.85
    endloop
  endfacet
  facet normal -0.649457 -0.760398 -0
    outer loop
      vertex -64.7229 -46.4817 15.85
      vertex -65.6715 -45.6715 12.85
      vertex -64.7229 -46.4817 12.85
    endloop
  endfacet
  facet normal -0.760398 -0.649457 0
    outer loop
      vertex -65.6715 -45.6715 12.85
      vertex -66.4817 -44.7229 15.85
      vertex -66.4817 -44.7229 12.85
    endloop
  endfacet
  facet normal -0.760398 -0.649457 0
    outer loop
      vertex -66.4817 -44.7229 15.85
      vertex -65.6715 -45.6715 12.85
      vertex -65.6715 -45.6715 15.85
    endloop
  endfacet
  facet normal -0 0 1
    outer loop
      vertex 66.15 40.0501 15.85
      vertex 68 40.05 15.85
      vertex 67.9021 41.2937 15.85
    endloop
  endfacet
  facet normal 0 0 1
    outer loop
      vertex 68 40.05 15.85
      vertex 66.15 40.0501 15.85
      vertex 68 -40.05 15.85
    endloop
  endfacet
  facet normal 0 0 1
    outer loop
      vertex 66.0749 41.0042 15.85
      vertex 67.9021 41.2937 15.85
      vertex 67.6109 42.5067 15.85
    endloop
  endfacet
  facet normal 0 0 1
    outer loop
      vertex 66.15 -40.0501 15.85
      vertex 68 -40.05 15.85
      vertex 66.15 40.0501 15.85
    endloop
  endfacet
  facet normal 0 0 1
    outer loop
      vertex 65.8514 41.935 15.85
      vertex 67.6109 42.5067 15.85
      vertex 67.1335 43.6592 15.85
    endloop
  endfacet
  facet normal 0 0 1
    outer loop
      vertex 68 -40.05 15.85
      vertex 66.15 -40.0501 15.85
      vertex 67.9021 -41.2937 15.85
    endloop
  endfacet
  facet normal 0 0 1
    outer loop
      vertex 65.4851 42.8193 15.85
      vertex 67.1335 43.6592 15.85
      vertex 66.4817 44.7229 15.85
    endloop
  endfacet
  facet normal -0 0 1
    outer loop
      vertex 66.0749 -41.0042 15.85
      vertex 67.9021 -41.2937 15.85
      vertex 66.15 -40.0501 15.85
    endloop
  endfacet
  facet normal 0 0 1
    outer loop
      vertex 67.9021 -41.2937 15.85
      vertex 66.0749 -41.0042 15.85
      vertex 67.6109 -42.5067 15.85
    endloop
  endfacet
  facet normal 0 0 1
    outer loop
      vertex 67.9021 41.2937 15.85
      vertex 66.0749 41.0042 15.85
      vertex 66.15 40.0501 15.85
    endloop
  endfacet
  facet normal 0 0 1
    outer loop
      vertex 67.6109 42.5067 15.85
      vertex 65.8514 41.935 15.85
      vertex 66.0749 41.0042 15.85
    endloop
  endfacet
  facet normal 0 0 1
    outer loop
      vertex 64.985 43.6355 15.85
      vertex 66.4817 44.7229 15.85
      vertex 65.6715 45.6715 15.85
    endloop
  endfacet
  facet normal 0 0 1
    outer loop
      vertex 67.1335 43.6592 15.85
      vertex 65.4851 42.8193 15.85
      vertex 65.8514 41.935 15.85
    endloop
  endfacet
  facet normal 0 0 1
    outer loop
      vertex 66.4817 44.7229 15.85
      vertex 64.985 43.6355 15.85
      vertex 65.4851 42.8193 15.85
    endloop
  endfacet
  facet normal 0 0 1
    outer loop
      vertex 64.3633 44.3633 15.85
      vertex 65.6715 45.6715 15.85
      vertex 64.7229 46.4817 15.85
    endloop
  endfacet
  facet normal 0 0 1
    outer loop
      vertex 65.6715 45.6715 15.85
      vertex 64.3633 44.3633 15.85
      vertex 64.985 43.6355 15.85
    endloop
  endfacet
  facet normal 0 0 1
    outer loop
      vertex 63.6355 44.985 15.85
      vertex 64.7229 46.4817 15.85
      vertex 63.6592 47.1335 15.85
    endloop
  endfacet
  facet normal 0 0 1
    outer loop
      vertex 64.7229 46.4817 15.85
      vertex 63.6355 44.985 15.85
      vertex 64.3633 44.3633 15.85
    endloop
  endfacet
  facet normal 0 0 1
    outer loop
      vertex 63.6592 47.1335 15.85
      vertex 62.8193 45.4851 15.85
      vertex 63.6355 44.985 15.85
    endloop
  endfacet
  facet normal 0 0 1
    outer loop
      vertex 62.5067 47.6109 15.85
      vertex 62.8193 45.4851 15.85
      vertex 63.6592 47.1335 15.85
    endloop
  endfacet
  facet normal 0 0 1
    outer loop
      vertex 62.5067 47.6109 15.85
      vertex 61.935 45.8514 15.85
      vertex 62.8193 45.4851 15.85
    endloop
  endfacet
  facet normal 0 0 1
    outer loop
      vertex 61.2937 47.9021 15.85
      vertex 61.935 45.8514 15.85
      vertex 62.5067 47.6109 15.85
    endloop
  endfacet
  facet normal 0 0 1
    outer loop
      vertex 61.2937 47.9021 15.85
      vertex 61.0042 46.0749 15.85
      vertex 61.935 45.8514 15.85
    endloop
  endfacet
  facet normal 0 0 1
    outer loop
      vertex 61.2937 47.9021 15.85
      vertex 60.0501 46.15 15.85
      vertex 61.0042 46.0749 15.85
    endloop
  endfacet
  facet normal 0 0 1
    outer loop
      vertex 60.05 48 15.85
      vertex 60.0501 46.15 15.85
      vertex 61.2937 47.9021 15.85
    endloop
  endfacet
  facet normal -0 0 1
    outer loop
      vertex -60.05 48 15.85
      vertex 60.0501 46.15 15.85
      vertex 60.05 48 15.85
    endloop
  endfacet
  facet normal 0 0 1
    outer loop
      vertex -60.05 48 15.85
      vertex -60.0501 46.15 15.85
      vertex 60.0501 46.15 15.85
    endloop
  endfacet
  facet normal 0 0 1
    outer loop
      vertex -60.05 48 15.85
      vertex -61.0042 46.0749 15.85
      vertex -60.0501 46.15 15.85
    endloop
  endfacet
  facet normal -0 0 1
    outer loop
      vertex -61.2937 47.9021 15.85
      vertex -61.0042 46.0749 15.85
      vertex -60.05 48 15.85
    endloop
  endfacet
  facet normal 0 0 1
    outer loop
      vertex -61.2937 47.9021 15.85
      vertex -61.935 45.8514 15.85
      vertex -61.0042 46.0749 15.85
    endloop
  endfacet
  facet normal -0 0 1
    outer loop
      vertex -62.5067 47.6109 15.85
      vertex -61.935 45.8514 15.85
      vertex -61.2937 47.9021 15.85
    endloop
  endfacet
  facet normal 0 0 1
    outer loop
      vertex -62.5067 47.6109 15.85
      vertex -62.8193 45.4851 15.85
      vertex -61.935 45.8514 15.85
    endloop
  endfacet
  facet normal -0 0 1
    outer loop
      vertex -63.6592 47.1335 15.85
      vertex -62.8193 45.4851 15.85
      vertex -62.5067 47.6109 15.85
    endloop
  endfacet
  facet normal 0 0 1
    outer loop
      vertex -62.8193 45.4851 15.85
      vertex -63.6592 47.1335 15.85
      vertex -63.6355 44.985 15.85
    endloop
  endfacet
  facet normal -0 0 1
    outer loop
      vertex -64.7229 46.4817 15.85
      vertex -63.6355 44.985 15.85
      vertex -63.6592 47.1335 15.85
    endloop
  endfacet
  facet normal 0 0 1
    outer loop
      vertex -63.6355 44.985 15.85
      vertex -64.7229 46.4817 15.85
      vertex -64.3633 44.3633 15.85
    endloop
  endfacet
  facet normal -0 0 1
    outer loop
      vertex -65.6715 45.6715 15.85
      vertex -64.3633 44.3633 15.85
      vertex -64.7229 46.4817 15.85
    endloop
  endfacet
  facet normal 0 0 1
    outer loop
      vertex -64.3633 44.3633 15.85
      vertex -65.6715 45.6715 15.85
      vertex -64.985 43.6355 15.85
    endloop
  endfacet
  facet normal -0 0 1
    outer loop
      vertex -66.4817 44.7229 15.85
      vertex -64.985 43.6355 15.85
      vertex -65.6715 45.6715 15.85
    endloop
  endfacet
  facet normal 0 0 1
    outer loop
      vertex -64.985 43.6355 15.85
      vertex -66.4817 44.7229 15.85
      vertex -65.4851 42.8193 15.85
    endloop
  endfacet
  facet normal -0 0 1
    outer loop
      vertex -67.1335 43.6592 15.85
      vertex -65.4851 42.8193 15.85
      vertex -66.4817 44.7229 15.85
    endloop
  endfacet
  facet normal 0 0 1
    outer loop
      vertex -65.8514 41.935 15.85
      vertex -67.6109 42.5067 15.85
      vertex -66.0749 41.0042 15.85
    endloop
  endfacet
  facet normal -0 0 1
    outer loop
      vertex -67.6109 42.5067 15.85
      vertex -65.8514 41.935 15.85
      vertex -67.1335 43.6592 15.85
    endloop
  endfacet
  facet normal 0 0 1
    outer loop
      vertex -65.4851 42.8193 15.85
      vertex -67.1335 43.6592 15.85
      vertex -65.8514 41.935 15.85
    endloop
  endfacet
  facet normal -0 0 1
    outer loop
      vertex 65.8514 -41.935 15.85
      vertex 67.6109 -42.5067 15.85
      vertex 66.0749 -41.0042 15.85
    endloop
  endfacet
  facet normal 0 0 1
    outer loop
      vertex 67.6109 -42.5067 15.85
      vertex 65.8514 -41.935 15.85
      vertex 67.1335 -43.6592 15.85
    endloop
  endfacet
  facet normal -0 0 1
    outer loop
      vertex 65.4851 -42.8193 15.85
      vertex 67.1335 -43.6592 15.85
      vertex 65.8514 -41.935 15.85
    endloop
  endfacet
  facet normal 0 0 1
    outer loop
      vertex 67.1335 -43.6592 15.85
      vertex 65.4851 -42.8193 15.85
      vertex 66.4817 -44.7229 15.85
    endloop
  endfacet
  facet normal -0 0 1
    outer loop
      vertex 64.985 -43.6355 15.85
      vertex 66.4817 -44.7229 15.85
      vertex 65.4851 -42.8193 15.85
    endloop
  endfacet
  facet normal 0 0 1
    outer loop
      vertex 66.4817 -44.7229 15.85
      vertex 64.985 -43.6355 15.85
      vertex 65.6715 -45.6715 15.85
    endloop
  endfacet
  facet normal -0 0 1
    outer loop
      vertex 64.3633 -44.3633 15.85
      vertex 65.6715 -45.6715 15.85
      vertex 64.985 -43.6355 15.85
    endloop
  endfacet
  facet normal 0 0 1
    outer loop
      vertex 65.6715 -45.6715 15.85
      vertex 64.3633 -44.3633 15.85
      vertex 64.7229 -46.4817 15.85
    endloop
  endfacet
  facet normal -0 0 1
    outer loop
      vertex 63.6355 -44.985 15.85
      vertex 64.7229 -46.4817 15.85
      vertex 64.3633 -44.3633 15.85
    endloop
  endfacet
  facet normal 0 0 1
    outer loop
      vertex 64.7229 -46.4817 15.85
      vertex 63.6355 -44.985 15.85
      vertex 63.6592 -47.1335 15.85
    endloop
  endfacet
  facet normal -0 0 1
    outer loop
      vertex 62.8193 -45.4851 15.85
      vertex 63.6592 -47.1335 15.85
      vertex 63.6355 -44.985 15.85
    endloop
  endfacet
  facet normal 0 0 1
    outer loop
      vertex 62.8193 -45.4851 15.85
      vertex 62.5067 -47.6109 15.85
      vertex 63.6592 -47.1335 15.85
    endloop
  endfacet
  facet normal -0 0 1
    outer loop
      vertex 61.935 -45.8514 15.85
      vertex 62.5067 -47.6109 15.85
      vertex 62.8193 -45.4851 15.85
    endloop
  endfacet
  facet normal 0 0 1
    outer loop
      vertex 61.935 -45.8514 15.85
      vertex 61.2937 -47.9021 15.85
      vertex 62.5067 -47.6109 15.85
    endloop
  endfacet
  facet normal -0 0 1
    outer loop
      vertex 61.0042 -46.0749 15.85
      vertex 61.2937 -47.9021 15.85
      vertex 61.935 -45.8514 15.85
    endloop
  endfacet
  facet normal -0 0 1
    outer loop
      vertex 60.0501 -46.15 15.85
      vertex 61.2937 -47.9021 15.85
      vertex 61.0042 -46.0749 15.85
    endloop
  endfacet
  facet normal 0 0 1
    outer loop
      vertex 60.0501 -46.15 15.85
      vertex 60.05 -48 15.85
      vertex 61.2937 -47.9021 15.85
    endloop
  endfacet
  facet normal 0 0 1
    outer loop
      vertex 60.0501 -46.15 15.85
      vertex -60.05 -48 15.85
      vertex 60.05 -48 15.85
    endloop
  endfacet
  facet normal -0 0 1
    outer loop
      vertex -60.0501 -46.15 15.85
      vertex -60.05 -48 15.85
      vertex 60.0501 -46.15 15.85
    endloop
  endfacet
  facet normal 0 0 1
    outer loop
      vertex -61.0042 -46.0749 15.85
      vertex -60.05 -48 15.85
      vertex -60.0501 -46.15 15.85
    endloop
  endfacet
  facet normal 0 0 1
    outer loop
      vertex -61.0042 -46.0749 15.85
      vertex -61.2937 -47.9021 15.85
      vertex -60.05 -48 15.85
    endloop
  endfacet
  facet normal 0 0 1
    outer loop
      vertex -61.935 -45.8514 15.85
      vertex -61.2937 -47.9021 15.85
      vertex -61.0042 -46.0749 15.85
    endloop
  endfacet
  facet normal 0 0 1
    outer loop
      vertex -61.935 -45.8514 15.85
      vertex -62.5067 -47.6109 15.85
      vertex -61.2937 -47.9021 15.85
    endloop
  endfacet
  facet normal 0 0 1
    outer loop
      vertex -62.8193 -45.4851 15.85
      vertex -62.5067 -47.6109 15.85
      vertex -61.935 -45.8514 15.85
    endloop
  endfacet
  facet normal 0 0 1
    outer loop
      vertex -63.6592 -47.1335 15.85
      vertex -62.8193 -45.4851 15.85
      vertex -63.6355 -44.985 15.85
    endloop
  endfacet
  facet normal 0 0 1
    outer loop
      vertex -62.8193 -45.4851 15.85
      vertex -63.6592 -47.1335 15.85
      vertex -62.5067 -47.6109 15.85
    endloop
  endfacet
  facet normal 0 0 1
    outer loop
      vertex -64.7229 -46.4817 15.85
      vertex -63.6355 -44.985 15.85
      vertex -64.3633 -44.3633 15.85
    endloop
  endfacet
  facet normal 0 0 1
    outer loop
      vertex -63.6355 -44.985 15.85
      vertex -64.7229 -46.4817 15.85
      vertex -63.6592 -47.1335 15.85
    endloop
  endfacet
  facet normal 0 0 1
    outer loop
      vertex -65.6715 -45.6715 15.85
      vertex -64.3633 -44.3633 15.85
      vertex -64.985 -43.6355 15.85
    endloop
  endfacet
  facet normal 0 0 1
    outer loop
      vertex -66.4817 -44.7229 15.85
      vertex -64.985 -43.6355 15.85
      vertex -65.4851 -42.8193 15.85
    endloop
  endfacet
  facet normal 0 0 1
    outer loop
      vertex -64.3633 -44.3633 15.85
      vertex -65.6715 -45.6715 15.85
      vertex -64.7229 -46.4817 15.85
    endloop
  endfacet
  facet normal 0 0 1
    outer loop
      vertex -67.1335 -43.6592 15.85
      vertex -65.4851 -42.8193 15.85
      vertex -65.8514 -41.935 15.85
    endloop
  endfacet
  facet normal 0 0 1
    outer loop
      vertex -67.6109 -42.5067 15.85
      vertex -65.8514 -41.935 15.85
      vertex -66.0749 -41.0042 15.85
    endloop
  endfacet
  facet normal 0 0 1
    outer loop
      vertex -64.985 -43.6355 15.85
      vertex -66.4817 -44.7229 15.85
      vertex -65.6715 -45.6715 15.85
    endloop
  endfacet
  facet normal 0 0 1
    outer loop
      vertex -67.9021 -41.2937 15.85
      vertex -66.0749 -41.0042 15.85
      vertex -66.15 -40.0501 15.85
    endloop
  endfacet
  facet normal 0 0 1
    outer loop
      vertex -66.15 40.0501 15.85
      vertex -68 40.05 15.85
      vertex -66.15 -40.0501 15.85
    endloop
  endfacet
  facet normal -0 0 1
    outer loop
      vertex -67.9021 41.2937 15.85
      vertex -66.0749 41.0042 15.85
      vertex -67.6109 42.5067 15.85
    endloop
  endfacet
  facet normal -0 0 1
    outer loop
      vertex -68 -40.05 15.85
      vertex -66.15 -40.0501 15.85
      vertex -68 40.05 15.85
    endloop
  endfacet
  facet normal 0 0 1
    outer loop
      vertex -66.0749 41.0042 15.85
      vertex -67.9021 41.2937 15.85
      vertex -66.15 40.0501 15.85
    endloop
  endfacet
  facet normal 0 -0 1
    outer loop
      vertex -67.9021 -41.2937 15.85
      vertex -66.15 -40.0501 15.85
      vertex -68 -40.05 15.85
    endloop
  endfacet
  facet normal 0 0 1
    outer loop
      vertex -66.15 40.0501 15.85
      vertex -67.9021 41.2937 15.85
      vertex -68 40.05 15.85
    endloop
  endfacet
  facet normal 0 0 1
    outer loop
      vertex -65.4851 -42.8193 15.85
      vertex -67.1335 -43.6592 15.85
      vertex -66.4817 -44.7229 15.85
    endloop
  endfacet
  facet normal 0 0 1
    outer loop
      vertex -65.8514 -41.935 15.85
      vertex -67.6109 -42.5067 15.85
      vertex -67.1335 -43.6592 15.85
    endloop
  endfacet
  facet normal 0 0 1
    outer loop
      vertex -66.0749 -41.0042 15.85
      vertex -67.9021 -41.2937 15.85
      vertex -67.6109 -42.5067 15.85
    endloop
  endfacet
  facet normal 1 -0 0
    outer loop
      vertex 68 -40.05 15.85
      vertex 68 40.05 12.85
      vertex 68 40.05 15.85
    endloop
  endfacet
  facet normal 1 0 0
    outer loop
      vertex 68 40.05 12.85
      vertex 68 -40.05 15.85
      vertex 68 -40.05 12.85
    endloop
  endfacet
  facet normal 0 -1 0
    outer loop
      vertex -60.05 -48 12.85
      vertex 60.05 -48 15.85
      vertex -60.05 -48 15.85
    endloop
  endfacet
  facet normal 0 -1 -0
    outer loop
      vertex 60.05 -48 15.85
      vertex -60.05 -48 12.85
      vertex 60.05 -48 12.85
    endloop
  endfacet
  facet normal 0.522477 -0.852653 0
    outer loop
      vertex 63.6592 -47.1335 12.85
      vertex 64.7229 -46.4817 15.85
      vertex 63.6592 -47.1335 15.85
    endloop
  endfacet
  facet normal 0.522477 -0.852653 0
    outer loop
      vertex 64.7229 -46.4817 15.85
      vertex 63.6592 -47.1335 12.85
      vertex 64.7229 -46.4817 12.85
    endloop
  endfacet
  facet normal -0.996916 -0.078474 0
    outer loop
      vertex -67.9021 -41.2937 12.85
      vertex -68 -40.05 15.85
      vertex -68 -40.05 12.85
    endloop
  endfacet
  facet normal -0.996916 -0.078474 0
    outer loop
      vertex -68 -40.05 15.85
      vertex -67.9021 -41.2937 12.85
      vertex -67.9021 -41.2937 15.85
    endloop
  endfacet
  facet normal -1 0 0
    outer loop
      vertex -68 -40.05 12.85
      vertex -68 40.05 15.85
      vertex -68 40.05 12.85
    endloop
  endfacet
  facet normal -1 -0 0
    outer loop
      vertex -68 40.05 15.85
      vertex -68 -40.05 12.85
      vertex -68 -40.05 15.85
    endloop
  endfacet
  facet normal 0.078474 0.996916 -0
    outer loop
      vertex 61.2937 47.9021 12.85
      vertex 60.05 48 15.85
      vertex 61.2937 47.9021 15.85
    endloop
  endfacet
  facet normal 0.078474 0.996916 0
    outer loop
      vertex 60.05 48 15.85
      vertex 61.2937 47.9021 12.85
      vertex 60.05 48 12.85
    endloop
  endfacet
  facet normal 0 1 -0
    outer loop
      vertex 60.05 48 12.85
      vertex -60.05 48 15.85
      vertex 60.05 48 15.85
    endloop
  endfacet
  facet normal 0 1 0
    outer loop
      vertex -60.05 48 15.85
      vertex 60.05 48 12.85
      vertex -60.05 48 12.85
    endloop
  endfacet
  facet normal -0.522477 -0.852653 0
    outer loop
      vertex -64.7229 -46.4817 12.85
      vertex -63.6592 -47.1335 15.85
      vertex -64.7229 -46.4817 15.85
    endloop
  endfacet
  facet normal -0.522477 -0.852653 -0
    outer loop
      vertex -63.6592 -47.1335 15.85
      vertex -64.7229 -46.4817 12.85
      vertex -63.6592 -47.1335 12.85
    endloop
  endfacet
  facet normal 0.078474 -0.996916 0
    outer loop
      vertex 60.05 -48 12.85
      vertex 61.2937 -47.9021 15.85
      vertex 60.05 -48 15.85
    endloop
  endfacet
  facet normal 0.078474 -0.996916 0
    outer loop
      vertex 61.2937 -47.9021 15.85
      vertex 60.05 -48 12.85
      vertex 61.2937 -47.9021 12.85
    endloop
  endfacet
  facet normal -0.233434 -0.972373 0
    outer loop
      vertex -62.5067 -47.6109 12.85
      vertex -61.2937 -47.9021 15.85
      vertex -62.5067 -47.6109 15.85
    endloop
  endfacet
  facet normal -0.233434 -0.972373 -0
    outer loop
      vertex -61.2937 -47.9021 15.85
      vertex -62.5067 -47.6109 12.85
      vertex -61.2937 -47.9021 12.85
    endloop
  endfacet
  facet normal 0.923874 -0.382696 0
    outer loop
      vertex 67.1335 -43.6592 15.85
      vertex 67.6109 -42.5067 12.85
      vertex 67.6109 -42.5067 15.85
    endloop
  endfacet
  facet normal 0.923874 -0.382696 0
    outer loop
      vertex 67.6109 -42.5067 12.85
      vertex 67.1335 -43.6592 15.85
      vertex 67.1335 -43.6592 12.85
    endloop
  endfacet
  facet normal 0.996916 -0.078474 0
    outer loop
      vertex 67.9021 -41.2937 15.85
      vertex 68 -40.05 12.85
      vertex 68 -40.05 15.85
    endloop
  endfacet
  facet normal 0.996916 -0.078474 0
    outer loop
      vertex 68 -40.05 12.85
      vertex 67.9021 -41.2937 15.85
      vertex 67.9021 -41.2937 12.85
    endloop
  endfacet
  facet normal -0.852653 -0.522477 0
    outer loop
      vertex -66.4817 -44.7229 12.85
      vertex -67.1335 -43.6592 15.85
      vertex -67.1335 -43.6592 12.85
    endloop
  endfacet
  facet normal -0.852653 -0.522477 0
    outer loop
      vertex -67.1335 -43.6592 15.85
      vertex -66.4817 -44.7229 12.85
      vertex -66.4817 -44.7229 15.85
    endloop
  endfacet
  facet normal -0.852653 0.522477 0
    outer loop
      vertex -67.1335 43.6592 12.85
      vertex -66.4817 44.7229 15.85
      vertex -66.4817 44.7229 12.85
    endloop
  endfacet
  facet normal -0.852653 0.522477 0
    outer loop
      vertex -66.4817 44.7229 15.85
      vertex -67.1335 43.6592 12.85
      vertex -67.1335 43.6592 15.85
    endloop
  endfacet
  facet normal -0.923874 0.382696 0
    outer loop
      vertex -67.6109 42.5067 12.85
      vertex -67.1335 43.6592 15.85
      vertex -67.1335 43.6592 12.85
    endloop
  endfacet
  facet normal -0.923874 0.382696 0
    outer loop
      vertex -67.1335 43.6592 15.85
      vertex -67.6109 42.5067 12.85
      vertex -67.6109 42.5067 15.85
    endloop
  endfacet
  facet normal -0.996916 0.078474 0
    outer loop
      vertex -68 40.05 12.85
      vertex -67.9021 41.2937 15.85
      vertex -67.9021 41.2937 12.85
    endloop
  endfacet
  facet normal -0.996916 0.078474 0
    outer loop
      vertex -67.9021 41.2937 15.85
      vertex -68 40.05 12.85
      vertex -68 40.05 15.85
    endloop
  endfacet
  facet normal 0.233434 0.972373 -0
    outer loop
      vertex 62.5067 47.6109 12.85
      vertex 61.2937 47.9021 15.85
      vertex 62.5067 47.6109 15.85
    endloop
  endfacet
  facet normal 0.233434 0.972373 0
    outer loop
      vertex 61.2937 47.9021 15.85
      vertex 62.5067 47.6109 12.85
      vertex 61.2937 47.9021 12.85
    endloop
  endfacet
  facet normal 0.382696 0.923874 -0
    outer loop
      vertex 63.6592 47.1335 12.85
      vertex 62.5067 47.6109 15.85
      vertex 63.6592 47.1335 15.85
    endloop
  endfacet
  facet normal 0.382696 0.923874 0
    outer loop
      vertex 62.5067 47.6109 15.85
      vertex 63.6592 47.1335 12.85
      vertex 62.5067 47.6109 12.85
    endloop
  endfacet
  facet normal 0.522477 0.852653 -0
    outer loop
      vertex 64.7229 46.4817 12.85
      vertex 63.6592 47.1335 15.85
      vertex 64.7229 46.4817 15.85
    endloop
  endfacet
  facet normal 0.522477 0.852653 0
    outer loop
      vertex 63.6592 47.1335 15.85
      vertex 64.7229 46.4817 12.85
      vertex 63.6592 47.1335 12.85
    endloop
  endfacet
  facet normal -0.522477 0.852653 0
    outer loop
      vertex -63.6592 47.1335 12.85
      vertex -64.7229 46.4817 15.85
      vertex -63.6592 47.1335 15.85
    endloop
  endfacet
  facet normal -0.522477 0.852653 0
    outer loop
      vertex -64.7229 46.4817 15.85
      vertex -63.6592 47.1335 12.85
      vertex -64.7229 46.4817 12.85
    endloop
  endfacet
  facet normal 0.382696 -0.923874 0
    outer loop
      vertex 62.5067 -47.6109 12.85
      vertex 63.6592 -47.1335 15.85
      vertex 62.5067 -47.6109 15.85
    endloop
  endfacet
  facet normal 0.382696 -0.923874 0
    outer loop
      vertex 63.6592 -47.1335 15.85
      vertex 62.5067 -47.6109 12.85
      vertex 63.6592 -47.1335 12.85
    endloop
  endfacet
  facet normal -0.078474 -0.996916 0
    outer loop
      vertex -61.2937 -47.9021 12.85
      vertex -60.05 -48 15.85
      vertex -61.2937 -47.9021 15.85
    endloop
  endfacet
  facet normal -0.078474 -0.996916 -0
    outer loop
      vertex -60.05 -48 15.85
      vertex -61.2937 -47.9021 12.85
      vertex -60.05 -48 12.85
    endloop
  endfacet
  facet normal 0.852653 -0.522477 0
    outer loop
      vertex 66.4817 -44.7229 15.85
      vertex 67.1335 -43.6592 12.85
      vertex 67.1335 -43.6592 15.85
    endloop
  endfacet
  facet normal 0.852653 -0.522477 0
    outer loop
      vertex 67.1335 -43.6592 12.85
      vertex 66.4817 -44.7229 15.85
      vertex 66.4817 -44.7229 12.85
    endloop
  endfacet
  facet normal 0.972373 -0.233434 0
    outer loop
      vertex 67.6109 -42.5067 15.85
      vertex 67.9021 -41.2937 12.85
      vertex 67.9021 -41.2937 15.85
    endloop
  endfacet
  facet normal 0.972373 -0.233434 0
    outer loop
      vertex 67.9021 -41.2937 12.85
      vertex 67.6109 -42.5067 15.85
      vertex 67.6109 -42.5067 12.85
    endloop
  endfacet
  facet normal -0.923874 -0.382696 0
    outer loop
      vertex -67.1335 -43.6592 12.85
      vertex -67.6109 -42.5067 15.85
      vertex -67.6109 -42.5067 12.85
    endloop
  endfacet
  facet normal -0.923874 -0.382696 0
    outer loop
      vertex -67.6109 -42.5067 15.85
      vertex -67.1335 -43.6592 12.85
      vertex -67.1335 -43.6592 15.85
    endloop
  endfacet
  facet normal -0.760398 0.649457 0
    outer loop
      vertex -66.4817 44.7229 12.85
      vertex -65.6715 45.6715 15.85
      vertex -65.6715 45.6715 12.85
    endloop
  endfacet
  facet normal -0.760398 0.649457 0
    outer loop
      vertex -65.6715 45.6715 15.85
      vertex -66.4817 44.7229 12.85
      vertex -66.4817 44.7229 15.85
    endloop
  endfacet
  facet normal -0.649457 0.760398 0
    outer loop
      vertex -64.7229 46.4817 12.85
      vertex -65.6715 45.6715 15.85
      vertex -64.7229 46.4817 15.85
    endloop
  endfacet
  facet normal -0.649457 0.760398 0
    outer loop
      vertex -65.6715 45.6715 15.85
      vertex -64.7229 46.4817 12.85
      vertex -65.6715 45.6715 12.85
    endloop
  endfacet
  facet normal -0.972373 0.233434 0
    outer loop
      vertex -67.9021 41.2937 12.85
      vertex -67.6109 42.5067 15.85
      vertex -67.6109 42.5067 12.85
    endloop
  endfacet
  facet normal -0.972373 0.233434 0
    outer loop
      vertex -67.6109 42.5067 15.85
      vertex -67.9021 41.2937 12.85
      vertex -67.9021 41.2937 15.85
    endloop
  endfacet
  facet normal -0.233434 0.972373 0
    outer loop
      vertex -61.2937 47.9021 12.85
      vertex -62.5067 47.6109 15.85
      vertex -61.2937 47.9021 15.85
    endloop
  endfacet
  facet normal -0.233434 0.972373 0
    outer loop
      vertex -62.5067 47.6109 15.85
      vertex -61.2937 47.9021 12.85
      vertex -62.5067 47.6109 12.85
    endloop
  endfacet
  facet normal -0.078474 0.996916 0
    outer loop
      vertex -60.05 48 12.85
      vertex -61.2937 47.9021 15.85
      vertex -60.05 48 15.85
    endloop
  endfacet
  facet normal -0.078474 0.996916 0
    outer loop
      vertex -61.2937 47.9021 15.85
      vertex -60.05 48 12.85
      vertex -61.2937 47.9021 12.85
    endloop
  endfacet
  facet normal -0.382696 0.923874 0
    outer loop
      vertex -62.5067 47.6109 12.85
      vertex -63.6592 47.1335 15.85
      vertex -62.5067 47.6109 15.85
    endloop
  endfacet
  facet normal -0.382696 0.923874 0
    outer loop
      vertex -63.6592 47.1335 15.85
      vertex -62.5067 47.6109 12.85
      vertex -63.6592 47.1335 12.85
    endloop
  endfacet
  facet normal 0.233434 -0.972373 0
    outer loop
      vertex 61.2937 -47.9021 12.85
      vertex 62.5067 -47.6109 15.85
      vertex 61.2937 -47.9021 15.85
    endloop
  endfacet
  facet normal 0.233434 -0.972373 0
    outer loop
      vertex 62.5067 -47.6109 15.85
      vertex 61.2937 -47.9021 12.85
      vertex 62.5067 -47.6109 12.85
    endloop
  endfacet
  facet normal -0.382696 -0.923874 0
    outer loop
      vertex -63.6592 -47.1335 12.85
      vertex -62.5067 -47.6109 15.85
      vertex -63.6592 -47.1335 15.85
    endloop
  endfacet
  facet normal -0.382696 -0.923874 -0
    outer loop
      vertex -62.5067 -47.6109 15.85
      vertex -63.6592 -47.1335 12.85
      vertex -62.5067 -47.6109 12.85
    endloop
  endfacet
  facet normal 0.760398 -0.649457 0
    outer loop
      vertex 65.6715 -45.6715 15.85
      vertex 66.4817 -44.7229 12.85
      vertex 66.4817 -44.7229 15.85
    endloop
  endfacet
  facet normal 0.760398 -0.649457 0
    outer loop
      vertex 66.4817 -44.7229 12.85
      vertex 65.6715 -45.6715 15.85
      vertex 65.6715 -45.6715 12.85
    endloop
  endfacet
  facet normal 0.649457 -0.760398 0
    outer loop
      vertex 64.7229 -46.4817 12.85
      vertex 65.6715 -45.6715 15.85
      vertex 64.7229 -46.4817 15.85
    endloop
  endfacet
  facet normal 0.649457 -0.760398 0
    outer loop
      vertex 65.6715 -45.6715 15.85
      vertex 64.7229 -46.4817 12.85
      vertex 65.6715 -45.6715 12.85
    endloop
  endfacet
  facet normal 0.923874 0.382696 0
    outer loop
      vertex 67.6109 42.5067 15.85
      vertex 67.1335 43.6592 12.85
      vertex 67.1335 43.6592 15.85
    endloop
  endfacet
  facet normal 0.923874 0.382696 0
    outer loop
      vertex 67.1335 43.6592 12.85
      vertex 67.6109 42.5067 15.85
      vertex 67.6109 42.5067 12.85
    endloop
  endfacet
  facet normal 0.852653 0.522477 0
    outer loop
      vertex 67.1335 43.6592 15.85
      vertex 66.4817 44.7229 12.85
      vertex 66.4817 44.7229 15.85
    endloop
  endfacet
  facet normal 0.852653 0.522477 0
    outer loop
      vertex 66.4817 44.7229 12.85
      vertex 67.1335 43.6592 15.85
      vertex 67.1335 43.6592 12.85
    endloop
  endfacet
  facet normal 0.649457 0.760398 -0
    outer loop
      vertex 65.6715 45.6715 12.85
      vertex 64.7229 46.4817 15.85
      vertex 65.6715 45.6715 15.85
    endloop
  endfacet
  facet normal 0.649457 0.760398 0
    outer loop
      vertex 64.7229 46.4817 15.85
      vertex 65.6715 45.6715 12.85
      vertex 64.7229 46.4817 12.85
    endloop
  endfacet
  facet normal -0.972373 -0.233434 0
    outer loop
      vertex -67.6109 -42.5067 12.85
      vertex -67.9021 -41.2937 15.85
      vertex -67.9021 -41.2937 12.85
    endloop
  endfacet
  facet normal -0.972373 -0.233434 0
    outer loop
      vertex -67.9021 -41.2937 15.85
      vertex -67.6109 -42.5067 12.85
      vertex -67.6109 -42.5067 15.85
    endloop
  endfacet
  facet normal 0.972373 0.233434 0
    outer loop
      vertex 67.9021 41.2937 15.85
      vertex 67.6109 42.5067 12.85
      vertex 67.6109 42.5067 15.85
    endloop
  endfacet
  facet normal 0.972373 0.233434 0
    outer loop
      vertex 67.6109 42.5067 12.85
      vertex 67.9021 41.2937 15.85
      vertex 67.9021 41.2937 12.85
    endloop
  endfacet
  facet normal 0.996916 0.078474 0
    outer loop
      vertex 68 40.05 15.85
      vertex 67.9021 41.2937 12.85
      vertex 67.9021 41.2937 15.85
    endloop
  endfacet
  facet normal 0.996916 0.078474 0
    outer loop
      vertex 67.9021 41.2937 12.85
      vertex 68 40.05 15.85
      vertex 68 40.05 12.85
    endloop
  endfacet
  facet normal 0.760398 0.649457 0
    outer loop
      vertex 66.4817 44.7229 15.85
      vertex 65.6715 45.6715 12.85
      vertex 65.6715 45.6715 15.85
    endloop
  endfacet
  facet normal 0.760398 0.649457 0
    outer loop
      vertex 65.6715 45.6715 12.85
      vertex 66.4817 44.7229 15.85
      vertex 66.4817 44.7229 12.85
    endloop
  endfacet
  facet normal 0.649509 0.760354 -0
    outer loop
      vertex -63.6355 -44.985 12.85
      vertex -64.3633 -44.3633 15.85
      vertex -63.6355 -44.985 15.85
    endloop
  endfacet
  facet normal 0.649509 0.760354 0
    outer loop
      vertex -64.3633 -44.3633 15.85
      vertex -63.6355 -44.985 12.85
      vertex -64.3633 -44.3633 12.85
    endloop
  endfacet
  facet normal -0.522447 -0.852672 0
    outer loop
      vertex 62.8193 45.4851 12.85
      vertex 63.6355 44.985 15.85
      vertex 62.8193 45.4851 15.85
    endloop
  endfacet
  facet normal -0.522447 -0.852672 -0
    outer loop
      vertex 63.6355 44.985 15.85
      vertex 62.8193 45.4851 12.85
      vertex 63.6355 44.985 12.85
    endloop
  endfacet
  facet normal -1 0 0
    outer loop
      vertex 66.15 -40.0501 12.85
      vertex 66.15 40.0501 15.85
      vertex 66.15 40.0501 12.85
    endloop
  endfacet
  facet normal -1 -0 0
    outer loop
      vertex 66.15 40.0501 15.85
      vertex 66.15 -40.0501 12.85
      vertex 66.15 -40.0501 15.85
    endloop
  endfacet
  facet normal 0.996916 -0.0784702 0
    outer loop
      vertex -66.15 40.0501 15.85
      vertex -66.0749 41.0042 12.85
      vertex -66.0749 41.0042 15.85
    endloop
  endfacet
  facet normal 0.996916 -0.0784702 0
    outer loop
      vertex -66.0749 41.0042 12.85
      vertex -66.15 40.0501 15.85
      vertex -66.15 40.0501 12.85
    endloop
  endfacet
  facet normal 0.852672 -0.522447 0
    outer loop
      vertex -65.4851 42.8193 15.85
      vertex -64.985 43.6355 12.85
      vertex -64.985 43.6355 15.85
    endloop
  endfacet
  facet normal 0.852672 -0.522447 0
    outer loop
      vertex -64.985 43.6355 12.85
      vertex -65.4851 42.8193 15.85
      vertex -65.4851 42.8193 12.85
    endloop
  endfacet
  facet normal 0 1 -0
    outer loop
      vertex 60.0501 -46.15 12.85
      vertex -60.0501 -46.15 15.85
      vertex 60.0501 -46.15 15.85
    endloop
  endfacet
  facet normal 0 1 0
    outer loop
      vertex -60.0501 -46.15 15.85
      vertex 60.0501 -46.15 12.85
      vertex -60.0501 -46.15 12.85
    endloop
  endfacet
  facet normal 0.522447 -0.852672 0
    outer loop
      vertex -63.6355 44.985 12.85
      vertex -62.8193 45.4851 15.85
      vertex -63.6355 44.985 15.85
    endloop
  endfacet
  facet normal 0.522447 -0.852672 0
    outer loop
      vertex -62.8193 45.4851 15.85
      vertex -63.6355 44.985 12.85
      vertex -62.8193 45.4851 12.85
    endloop
  endfacet
  facet normal -0.996916 0.0784702 0
    outer loop
      vertex 66.0749 -41.0042 12.85
      vertex 66.15 -40.0501 15.85
      vertex 66.15 -40.0501 12.85
    endloop
  endfacet
  facet normal -0.996916 0.0784702 0
    outer loop
      vertex 66.15 -40.0501 15.85
      vertex 66.0749 -41.0042 12.85
      vertex 66.0749 -41.0042 15.85
    endloop
  endfacet
  facet normal -0.382693 0.923875 0
    outer loop
      vertex 62.8193 -45.4851 12.85
      vertex 61.935 -45.8514 15.85
      vertex 62.8193 -45.4851 15.85
    endloop
  endfacet
  facet normal -0.382693 0.923875 0
    outer loop
      vertex 61.935 -45.8514 15.85
      vertex 62.8193 -45.4851 12.85
      vertex 61.935 -45.8514 12.85
    endloop
  endfacet
  facet normal 0.923875 -0.382693 0
    outer loop
      vertex -65.8514 41.935 15.85
      vertex -65.4851 42.8193 12.85
      vertex -65.4851 42.8193 15.85
    endloop
  endfacet
  facet normal 0.923875 -0.382693 0
    outer loop
      vertex -65.4851 42.8193 12.85
      vertex -65.8514 41.935 15.85
      vertex -65.8514 41.935 12.85
    endloop
  endfacet
  facet normal 0.760354 -0.649509 0
    outer loop
      vertex -64.985 43.6355 15.85
      vertex -64.3633 44.3633 12.85
      vertex -64.3633 44.3633 15.85
    endloop
  endfacet
  facet normal 0.760354 -0.649509 0
    outer loop
      vertex -64.3633 44.3633 12.85
      vertex -64.985 43.6355 15.85
      vertex -64.985 43.6355 12.85
    endloop
  endfacet
  facet normal 0.852672 0.522447 0
    outer loop
      vertex -64.985 -43.6355 15.85
      vertex -65.4851 -42.8193 12.85
      vertex -65.4851 -42.8193 15.85
    endloop
  endfacet
  facet normal 0.852672 0.522447 0
    outer loop
      vertex -65.4851 -42.8193 12.85
      vertex -64.985 -43.6355 15.85
      vertex -64.985 -43.6355 12.85
    endloop
  endfacet
  facet normal 1 -0 0
    outer loop
      vertex -66.15 -40.0501 15.85
      vertex -66.15 40.0501 12.85
      vertex -66.15 40.0501 15.85
    endloop
  endfacet
  facet normal 1 0 0
    outer loop
      vertex -66.15 40.0501 12.85
      vertex -66.15 -40.0501 15.85
      vertex -66.15 -40.0501 12.85
    endloop
  endfacet
  facet normal -0.0784702 -0.996916 0
    outer loop
      vertex 60.0501 46.15 12.85
      vertex 61.0042 46.0749 15.85
      vertex 60.0501 46.15 15.85
    endloop
  endfacet
  facet normal -0.0784702 -0.996916 -0
    outer loop
      vertex 61.0042 46.0749 15.85
      vertex 60.0501 46.15 12.85
      vertex 61.0042 46.0749 12.85
    endloop
  endfacet
  facet normal 0 -1 0
    outer loop
      vertex -60.0501 46.15 12.85
      vertex 60.0501 46.15 15.85
      vertex -60.0501 46.15 15.85
    endloop
  endfacet
  facet normal 0 -1 -0
    outer loop
      vertex 60.0501 46.15 15.85
      vertex -60.0501 46.15 12.85
      vertex 60.0501 46.15 12.85
    endloop
  endfacet
  facet normal -0.923875 0.382693 0
    outer loop
      vertex 65.4851 -42.8193 12.85
      vertex 65.8514 -41.935 15.85
      vertex 65.8514 -41.935 12.85
    endloop
  endfacet
  facet normal -0.923875 0.382693 0
    outer loop
      vertex 65.8514 -41.935 15.85
      vertex 65.4851 -42.8193 12.85
      vertex 65.4851 -42.8193 15.85
    endloop
  endfacet
  facet normal 0.972362 -0.23348 0
    outer loop
      vertex -66.0749 41.0042 15.85
      vertex -65.8514 41.935 12.85
      vertex -65.8514 41.935 15.85
    endloop
  endfacet
  facet normal 0.972362 -0.23348 0
    outer loop
      vertex -65.8514 41.935 12.85
      vertex -66.0749 41.0042 15.85
      vertex -66.0749 41.0042 12.85
    endloop
  endfacet
  facet normal 0.649509 -0.760354 0
    outer loop
      vertex -64.3633 44.3633 12.85
      vertex -63.6355 44.985 15.85
      vertex -64.3633 44.3633 15.85
    endloop
  endfacet
  facet normal 0.649509 -0.760354 0
    outer loop
      vertex -63.6355 44.985 15.85
      vertex -64.3633 44.3633 12.85
      vertex -63.6355 44.985 12.85
    endloop
  endfacet
  facet normal 0.760354 0.649509 0
    outer loop
      vertex -64.3633 -44.3633 15.85
      vertex -64.985 -43.6355 12.85
      vertex -64.985 -43.6355 15.85
    endloop
  endfacet
  facet normal 0.760354 0.649509 0
    outer loop
      vertex -64.985 -43.6355 12.85
      vertex -64.3633 -44.3633 15.85
      vertex -64.3633 -44.3633 12.85
    endloop
  endfacet
  facet normal 0.996916 0.0784702 0
    outer loop
      vertex -66.0749 -41.0042 15.85
      vertex -66.15 -40.0501 12.85
      vertex -66.15 -40.0501 15.85
    endloop
  endfacet
  facet normal 0.996916 0.0784702 0
    outer loop
      vertex -66.15 -40.0501 12.85
      vertex -66.0749 -41.0042 15.85
      vertex -66.0749 -41.0042 12.85
    endloop
  endfacet
  facet normal 0 0 1
    outer loop
      vertex 60.0501 46.15 12.85
      vertex 66.15 40.0501 12.85
      vertex 66.0749 41.0042 12.85
    endloop
  endfacet
  facet normal 0 0 1
    outer loop
      vertex 66.15 40.0501 12.85
      vertex 8.575 0 12.85
      vertex 66.15 -40.0501 12.85
    endloop
  endfacet
  facet normal 0 0 1
    outer loop
      vertex 60.0501 46.15 12.85
      vertex 66.0749 41.0042 12.85
      vertex 65.8514 41.935 12.85
    endloop
  endfacet
  facet normal -0 0 1
    outer loop
      vertex 8.46943 -1.34142 12.85
      vertex 66.15 -40.0501 12.85
      vertex 8.575 0 12.85
    endloop
  endfacet
  facet normal 0 0 1
    outer loop
      vertex 60.0501 46.15 12.85
      vertex 65.8514 41.935 12.85
      vertex 65.4851 42.8193 12.85
    endloop
  endfacet
  facet normal -0 0 1
    outer loop
      vertex 8.15531 -2.64982 12.85
      vertex 66.15 -40.0501 12.85
      vertex 8.46943 -1.34142 12.85
    endloop
  endfacet
  facet normal 0 0 1
    outer loop
      vertex 60.0501 46.15 12.85
      vertex 65.4851 42.8193 12.85
      vertex 64.985 43.6355 12.85
    endloop
  endfacet
  facet normal -0 0 1
    outer loop
      vertex 7.64038 -3.89297 12.85
      vertex 66.15 -40.0501 12.85
      vertex 8.15531 -2.64982 12.85
    endloop
  endfacet
  facet normal 0 0 1
    outer loop
      vertex 60.0501 46.15 12.85
      vertex 64.985 43.6355 12.85
      vertex 64.3633 44.3633 12.85
    endloop
  endfacet
  facet normal 0 0 1
    outer loop
      vertex 66.15 -40.0501 12.85
      vertex 60.0501 -46.15 12.85
      vertex 66.0749 -41.0042 12.85
    endloop
  endfacet
  facet normal 0 0 1
    outer loop
      vertex 60.0501 46.15 12.85
      vertex 64.3633 44.3633 12.85
      vertex 63.6355 44.985 12.85
    endloop
  endfacet
  facet normal 0 0 1
    outer loop
      vertex 66.0749 -41.0042 12.85
      vertex 60.0501 -46.15 12.85
      vertex 65.8514 -41.935 12.85
    endloop
  endfacet
  facet normal 0 0 1
    outer loop
      vertex 60.0501 46.15 12.85
      vertex 63.6355 44.985 12.85
      vertex 62.8193 45.4851 12.85
    endloop
  endfacet
  facet normal 0 0 1
    outer loop
      vertex 65.4851 -42.8193 12.85
      vertex 60.0501 -46.15 12.85
      vertex 64.985 -43.6355 12.85
    endloop
  endfacet
  facet normal 0 0 1
    outer loop
      vertex 60.0501 46.15 12.85
      vertex 62.8193 45.4851 12.85
      vertex 61.935 45.8514 12.85
    endloop
  endfacet
  facet normal 0 0 1
    outer loop
      vertex 64.985 -43.6355 12.85
      vertex 60.0501 -46.15 12.85
      vertex 64.3633 -44.3633 12.85
    endloop
  endfacet
  facet normal 0 0 1
    outer loop
      vertex 60.0501 46.15 12.85
      vertex 61.935 45.8514 12.85
      vertex 61.0042 46.0749 12.85
    endloop
  endfacet
  facet normal 0 0 1
    outer loop
      vertex 7.64038 3.89297 12.85
      vertex 66.15 40.0501 12.85
      vertex 60.0501 46.15 12.85
    endloop
  endfacet
  facet normal 0 0 1
    outer loop
      vertex 63.6355 -44.985 12.85
      vertex 60.0501 -46.15 12.85
      vertex 62.8193 -45.4851 12.85
    endloop
  endfacet
  facet normal 0 0 1
    outer loop
      vertex 61.935 -45.8514 12.85
      vertex 60.0501 -46.15 12.85
      vertex 61.0042 -46.0749 12.85
    endloop
  endfacet
  facet normal 0 0 1
    outer loop
      vertex 62.8193 -45.4851 12.85
      vertex 60.0501 -46.15 12.85
      vertex 61.935 -45.8514 12.85
    endloop
  endfacet
  facet normal 0 0 1
    outer loop
      vertex 66.15 40.0501 12.85
      vertex 8.46943 1.34142 12.85
      vertex 8.575 0 12.85
    endloop
  endfacet
  facet normal 0 0 1
    outer loop
      vertex 66.15 40.0501 12.85
      vertex 8.15531 2.64982 12.85
      vertex 8.46943 1.34142 12.85
    endloop
  endfacet
  facet normal 0 0 1
    outer loop
      vertex 66.15 40.0501 12.85
      vertex 7.64038 3.89297 12.85
      vertex 8.15531 2.64982 12.85
    endloop
  endfacet
  facet normal 0 0 1
    outer loop
      vertex 60.0501 46.15 12.85
      vertex 6.93732 5.04026 12.85
      vertex 7.64038 3.89297 12.85
    endloop
  endfacet
  facet normal 0 0 1
    outer loop
      vertex 60.0501 46.15 12.85
      vertex 6.06344 6.06344 12.85
      vertex 6.93732 5.04026 12.85
    endloop
  endfacet
  facet normal 0 0 1
    outer loop
      vertex 60.0501 46.15 12.85
      vertex 5.04026 6.93732 12.85
      vertex 6.06344 6.06344 12.85
    endloop
  endfacet
  facet normal 0 0 1
    outer loop
      vertex 60.0501 46.15 12.85
      vertex 3.89297 7.64038 12.85
      vertex 5.04026 6.93732 12.85
    endloop
  endfacet
  facet normal 0 0 1
    outer loop
      vertex 60.0501 46.15 12.85
      vertex 2.64982 8.15531 12.85
      vertex 3.89297 7.64038 12.85
    endloop
  endfacet
  facet normal 0 0 1
    outer loop
      vertex 60.0501 46.15 12.85
      vertex 1.34142 8.46943 12.85
      vertex 2.64982 8.15531 12.85
    endloop
  endfacet
  facet normal 0 0 1
    outer loop
      vertex 60.0501 46.15 12.85
      vertex 0 8.575 12.85
      vertex 1.34142 8.46943 12.85
    endloop
  endfacet
  facet normal -0 0 1
    outer loop
      vertex -60.0501 46.15 12.85
      vertex 0 8.575 12.85
      vertex 60.0501 46.15 12.85
    endloop
  endfacet
  facet normal 0 0 1
    outer loop
      vertex 0 8.575 12.85
      vertex -60.0501 46.15 12.85
      vertex -1.34142 8.46943 12.85
    endloop
  endfacet
  facet normal 0 0 1
    outer loop
      vertex -1.34142 8.46943 12.85
      vertex -60.0501 46.15 12.85
      vertex -2.64982 8.15531 12.85
    endloop
  endfacet
  facet normal 0 0 1
    outer loop
      vertex -8.15531 2.64982 12.85
      vertex -66.15 40.0501 12.85
      vertex -8.46943 1.34142 12.85
    endloop
  endfacet
  facet normal 0 0 1
    outer loop
      vertex -7.64038 3.89297 12.85
      vertex -66.15 40.0501 12.85
      vertex -8.15531 2.64982 12.85
    endloop
  endfacet
  facet normal -0 0 1
    outer loop
      vertex -66.15 40.0501 12.85
      vertex -7.64038 3.89297 12.85
      vertex -60.0501 46.15 12.85
    endloop
  endfacet
  facet normal 0 0 1
    outer loop
      vertex -6.93732 5.04026 12.85
      vertex -60.0501 46.15 12.85
      vertex -7.64038 3.89297 12.85
    endloop
  endfacet
  facet normal 0 0 1
    outer loop
      vertex -6.06344 6.06344 12.85
      vertex -60.0501 46.15 12.85
      vertex -6.93732 5.04026 12.85
    endloop
  endfacet
  facet normal 0 0 1
    outer loop
      vertex -5.04026 6.93732 12.85
      vertex -60.0501 46.15 12.85
      vertex -6.06344 6.06344 12.85
    endloop
  endfacet
  facet normal 0 0 1
    outer loop
      vertex -3.89297 7.64038 12.85
      vertex -60.0501 46.15 12.85
      vertex -5.04026 6.93732 12.85
    endloop
  endfacet
  facet normal 0 0 1
    outer loop
      vertex -2.64982 8.15531 12.85
      vertex -60.0501 46.15 12.85
      vertex -3.89297 7.64038 12.85
    endloop
  endfacet
  facet normal 0 0 1
    outer loop
      vertex 64.3633 -44.3633 12.85
      vertex 60.0501 -46.15 12.85
      vertex 63.6355 -44.985 12.85
    endloop
  endfacet
  facet normal 0 0 1
    outer loop
      vertex 65.8514 -41.935 12.85
      vertex 60.0501 -46.15 12.85
      vertex 65.4851 -42.8193 12.85
    endloop
  endfacet
  facet normal 0 0 1
    outer loop
      vertex 66.15 -40.0501 12.85
      vertex 7.64038 -3.89297 12.85
      vertex 60.0501 -46.15 12.85
    endloop
  endfacet
  facet normal -0 0 1
    outer loop
      vertex 6.93732 -5.04026 12.85
      vertex 60.0501 -46.15 12.85
      vertex 7.64038 -3.89297 12.85
    endloop
  endfacet
  facet normal -0 0 1
    outer loop
      vertex 6.06344 -6.06344 12.85
      vertex 60.0501 -46.15 12.85
      vertex 6.93732 -5.04026 12.85
    endloop
  endfacet
  facet normal -0 0 1
    outer loop
      vertex 5.04026 -6.93732 12.85
      vertex 60.0501 -46.15 12.85
      vertex 6.06344 -6.06344 12.85
    endloop
  endfacet
  facet normal -0 0 1
    outer loop
      vertex 3.89297 -7.64038 12.85
      vertex 60.0501 -46.15 12.85
      vertex 5.04026 -6.93732 12.85
    endloop
  endfacet
  facet normal -0 0 1
    outer loop
      vertex 2.64982 -8.15531 12.85
      vertex 60.0501 -46.15 12.85
      vertex 3.89297 -7.64038 12.85
    endloop
  endfacet
  facet normal -0 0 1
    outer loop
      vertex 1.34142 -8.46943 12.85
      vertex 60.0501 -46.15 12.85
      vertex 2.64982 -8.15531 12.85
    endloop
  endfacet
  facet normal -0 0 1
    outer loop
      vertex 0 -8.575 12.85
      vertex 60.0501 -46.15 12.85
      vertex 1.34142 -8.46943 12.85
    endloop
  endfacet
  facet normal 0 0 1
    outer loop
      vertex -60.0501 -46.15 12.85
      vertex 0 -8.575 12.85
      vertex -1.34142 -8.46943 12.85
    endloop
  endfacet
  facet normal 0 0 1
    outer loop
      vertex -60.0501 -46.15 12.85
      vertex -1.34142 -8.46943 12.85
      vertex -2.64982 -8.15531 12.85
    endloop
  endfacet
  facet normal 0 0 1
    outer loop
      vertex -60.0501 -46.15 12.85
      vertex -2.64982 -8.15531 12.85
      vertex -3.89297 -7.64038 12.85
    endloop
  endfacet
  facet normal 0 0 1
    outer loop
      vertex -8.46943 1.34142 12.85
      vertex -66.15 40.0501 12.85
      vertex -8.575 0 12.85
    endloop
  endfacet
  facet normal 0 0 1
    outer loop
      vertex -66.15 -40.0501 12.85
      vertex -8.575 0 12.85
      vertex -66.15 40.0501 12.85
    endloop
  endfacet
  facet normal 0 0 1
    outer loop
      vertex -8.575 0 12.85
      vertex -66.15 -40.0501 12.85
      vertex -8.46943 -1.34142 12.85
    endloop
  endfacet
  facet normal 0 0 1
    outer loop
      vertex -8.46943 -1.34142 12.85
      vertex -66.15 -40.0501 12.85
      vertex -8.15531 -2.64982 12.85
    endloop
  endfacet
  facet normal 0 0 1
    outer loop
      vertex -8.15531 -2.64982 12.85
      vertex -66.15 -40.0501 12.85
      vertex -7.64038 -3.89297 12.85
    endloop
  endfacet
  facet normal 0 0 1
    outer loop
      vertex 0 -8.575 12.85
      vertex -60.0501 -46.15 12.85
      vertex 60.0501 -46.15 12.85
    endloop
  endfacet
  facet normal 0 0 1
    outer loop
      vertex -5.04026 -6.93732 12.85
      vertex -60.0501 -46.15 12.85
      vertex -3.89297 -7.64038 12.85
    endloop
  endfacet
  facet normal 0 0 1
    outer loop
      vertex -6.06344 -6.06344 12.85
      vertex -60.0501 -46.15 12.85
      vertex -5.04026 -6.93732 12.85
    endloop
  endfacet
  facet normal 0 -0 1
    outer loop
      vertex -60.0501 -46.15 12.85
      vertex -7.64038 -3.89297 12.85
      vertex -66.15 -40.0501 12.85
    endloop
  endfacet
  facet normal 0 0 1
    outer loop
      vertex -66.15 40.0501 12.85
      vertex -60.0501 46.15 12.85
      vertex -61.0042 46.0749 12.85
    endloop
  endfacet
  facet normal 0 0 1
    outer loop
      vertex -7.64038 -3.89297 12.85
      vertex -60.0501 -46.15 12.85
      vertex -6.93732 -5.04026 12.85
    endloop
  endfacet
  facet normal 0 0 1
    outer loop
      vertex -66.15 40.0501 12.85
      vertex -61.0042 46.0749 12.85
      vertex -61.935 45.8514 12.85
    endloop
  endfacet
  facet normal 0 0 1
    outer loop
      vertex -6.93732 -5.04026 12.85
      vertex -60.0501 -46.15 12.85
      vertex -6.06344 -6.06344 12.85
    endloop
  endfacet
  facet normal 0 0 1
    outer loop
      vertex -66.15 40.0501 12.85
      vertex -61.935 45.8514 12.85
      vertex -62.8193 45.4851 12.85
    endloop
  endfacet
  facet normal 0 0 1
    outer loop
      vertex -60.0501 -46.15 12.85
      vertex -66.15 -40.0501 12.85
      vertex -61.0042 -46.0749 12.85
    endloop
  endfacet
  facet normal 0 0 1
    outer loop
      vertex -66.15 40.0501 12.85
      vertex -62.8193 45.4851 12.85
      vertex -63.6355 44.985 12.85
    endloop
  endfacet
  facet normal 0 0 1
    outer loop
      vertex -61.0042 -46.0749 12.85
      vertex -66.15 -40.0501 12.85
      vertex -61.935 -45.8514 12.85
    endloop
  endfacet
  facet normal 0 0 1
    outer loop
      vertex -66.15 40.0501 12.85
      vertex -63.6355 44.985 12.85
      vertex -64.3633 44.3633 12.85
    endloop
  endfacet
  facet normal 0 0 1
    outer loop
      vertex -61.935 -45.8514 12.85
      vertex -66.15 -40.0501 12.85
      vertex -62.8193 -45.4851 12.85
    endloop
  endfacet
  facet normal 0 0 1
    outer loop
      vertex -66.15 40.0501 12.85
      vertex -64.3633 44.3633 12.85
      vertex -64.985 43.6355 12.85
    endloop
  endfacet
  facet normal 0 0 1
    outer loop
      vertex -62.8193 -45.4851 12.85
      vertex -66.15 -40.0501 12.85
      vertex -63.6355 -44.985 12.85
    endloop
  endfacet
  facet normal 0 0 1
    outer loop
      vertex -66.15 40.0501 12.85
      vertex -64.985 43.6355 12.85
      vertex -65.4851 42.8193 12.85
    endloop
  endfacet
  facet normal 0 0 1
    outer loop
      vertex -63.6355 -44.985 12.85
      vertex -66.15 -40.0501 12.85
      vertex -64.3633 -44.3633 12.85
    endloop
  endfacet
  facet normal 0 0 1
    outer loop
      vertex -66.15 40.0501 12.85
      vertex -65.4851 42.8193 12.85
      vertex -65.8514 41.935 12.85
    endloop
  endfacet
  facet normal 0 0 1
    outer loop
      vertex -64.3633 -44.3633 12.85
      vertex -66.15 -40.0501 12.85
      vertex -64.985 -43.6355 12.85
    endloop
  endfacet
  facet normal 0 0 1
    outer loop
      vertex -66.15 40.0501 12.85
      vertex -65.8514 41.935 12.85
      vertex -66.0749 41.0042 12.85
    endloop
  endfacet
  facet normal 0 0 1
    outer loop
      vertex -64.985 -43.6355 12.85
      vertex -66.15 -40.0501 12.85
      vertex -65.4851 -42.8193 12.85
    endloop
  endfacet
  facet normal 0 0 1
    outer loop
      vertex -65.4851 -42.8193 12.85
      vertex -66.15 -40.0501 12.85
      vertex -65.8514 -41.935 12.85
    endloop
  endfacet
  facet normal 0 0 1
    outer loop
      vertex -65.8514 -41.935 12.85
      vertex -66.15 -40.0501 12.85
      vertex -66.0749 -41.0042 12.85
    endloop
  endfacet
  facet normal -0.972362 -0.23348 0
    outer loop
      vertex 66.0749 41.0042 12.85
      vertex 65.8514 41.935 15.85
      vertex 65.8514 41.935 12.85
    endloop
  endfacet
  facet normal -0.972362 -0.23348 0
    outer loop
      vertex 65.8514 41.935 15.85
      vertex 66.0749 41.0042 12.85
      vertex 66.0749 41.0042 15.85
    endloop
  endfacet
  facet normal -0.382693 -0.923875 0
    outer loop
      vertex 61.935 45.8514 12.85
      vertex 62.8193 45.4851 15.85
      vertex 61.935 45.8514 15.85
    endloop
  endfacet
  facet normal -0.382693 -0.923875 -0
    outer loop
      vertex 62.8193 45.4851 15.85
      vertex 61.935 45.8514 12.85
      vertex 62.8193 45.4851 12.85
    endloop
  endfacet
  facet normal 0.0784702 -0.996916 0
    outer loop
      vertex -61.0042 46.0749 12.85
      vertex -60.0501 46.15 15.85
      vertex -61.0042 46.0749 15.85
    endloop
  endfacet
  facet normal 0.0784702 -0.996916 0
    outer loop
      vertex -60.0501 46.15 15.85
      vertex -61.0042 46.0749 12.85
      vertex -60.0501 46.15 12.85
    endloop
  endfacet
  facet normal -0.23348 -0.972362 0
    outer loop
      vertex 61.0042 46.0749 12.85
      vertex 61.935 45.8514 15.85
      vertex 61.0042 46.0749 15.85
    endloop
  endfacet
  facet normal -0.23348 -0.972362 -0
    outer loop
      vertex 61.935 45.8514 15.85
      vertex 61.0042 46.0749 12.85
      vertex 61.935 45.8514 12.85
    endloop
  endfacet
  facet normal -0.972362 0.23348 0
    outer loop
      vertex 65.8514 -41.935 12.85
      vertex 66.0749 -41.0042 15.85
      vertex 66.0749 -41.0042 12.85
    endloop
  endfacet
  facet normal -0.972362 0.23348 0
    outer loop
      vertex 66.0749 -41.0042 15.85
      vertex 65.8514 -41.935 12.85
      vertex 65.8514 -41.935 15.85
    endloop
  endfacet
  facet normal -0.649509 0.760354 0
    outer loop
      vertex 64.3633 -44.3633 12.85
      vertex 63.6355 -44.985 15.85
      vertex 64.3633 -44.3633 15.85
    endloop
  endfacet
  facet normal -0.649509 0.760354 0
    outer loop
      vertex 63.6355 -44.985 15.85
      vertex 64.3633 -44.3633 12.85
      vertex 63.6355 -44.985 12.85
    endloop
  endfacet
  facet normal -0.852672 0.522447 0
    outer loop
      vertex 64.985 -43.6355 12.85
      vertex 65.4851 -42.8193 15.85
      vertex 65.4851 -42.8193 12.85
    endloop
  endfacet
  facet normal -0.852672 0.522447 0
    outer loop
      vertex 65.4851 -42.8193 15.85
      vertex 64.985 -43.6355 12.85
      vertex 64.985 -43.6355 15.85
    endloop
  endfacet
  facet normal -0.760354 0.649509 0
    outer loop
      vertex 64.3633 -44.3633 12.85
      vertex 64.985 -43.6355 15.85
      vertex 64.985 -43.6355 12.85
    endloop
  endfacet
  facet normal -0.760354 0.649509 0
    outer loop
      vertex 64.985 -43.6355 15.85
      vertex 64.3633 -44.3633 12.85
      vertex 64.3633 -44.3633 15.85
    endloop
  endfacet
  facet normal 0.23348 0.972362 -0
    outer loop
      vertex -61.0042 -46.0749 12.85
      vertex -61.935 -45.8514 15.85
      vertex -61.0042 -46.0749 15.85
    endloop
  endfacet
  facet normal 0.23348 0.972362 0
    outer loop
      vertex -61.935 -45.8514 15.85
      vertex -61.0042 -46.0749 12.85
      vertex -61.935 -45.8514 12.85
    endloop
  endfacet
  facet normal 0.382693 0.923875 -0
    outer loop
      vertex -61.935 -45.8514 12.85
      vertex -62.8193 -45.4851 15.85
      vertex -61.935 -45.8514 15.85
    endloop
  endfacet
  facet normal 0.382693 0.923875 0
    outer loop
      vertex -62.8193 -45.4851 15.85
      vertex -61.935 -45.8514 12.85
      vertex -62.8193 -45.4851 12.85
    endloop
  endfacet
  facet normal 0.522447 0.852672 -0
    outer loop
      vertex -62.8193 -45.4851 12.85
      vertex -63.6355 -44.985 15.85
      vertex -62.8193 -45.4851 15.85
    endloop
  endfacet
  facet normal 0.522447 0.852672 0
    outer loop
      vertex -63.6355 -44.985 15.85
      vertex -62.8193 -45.4851 12.85
      vertex -63.6355 -44.985 12.85
    endloop
  endfacet
  facet normal -0.996916 -0.0784702 0
    outer loop
      vertex 66.15 40.0501 12.85
      vertex 66.0749 41.0042 15.85
      vertex 66.0749 41.0042 12.85
    endloop
  endfacet
  facet normal -0.996916 -0.0784702 0
    outer loop
      vertex 66.0749 41.0042 15.85
      vertex 66.15 40.0501 12.85
      vertex 66.15 40.0501 15.85
    endloop
  endfacet
  facet normal -0.760354 -0.649509 0
    outer loop
      vertex 64.985 43.6355 12.85
      vertex 64.3633 44.3633 15.85
      vertex 64.3633 44.3633 12.85
    endloop
  endfacet
  facet normal -0.760354 -0.649509 0
    outer loop
      vertex 64.3633 44.3633 15.85
      vertex 64.985 43.6355 12.85
      vertex 64.985 43.6355 15.85
    endloop
  endfacet
  facet normal -0.852672 -0.522447 0
    outer loop
      vertex 65.4851 42.8193 12.85
      vertex 64.985 43.6355 15.85
      vertex 64.985 43.6355 12.85
    endloop
  endfacet
  facet normal -0.852672 -0.522447 0
    outer loop
      vertex 64.985 43.6355 15.85
      vertex 65.4851 42.8193 12.85
      vertex 65.4851 42.8193 15.85
    endloop
  endfacet
  facet normal -0.649509 -0.760354 0
    outer loop
      vertex 63.6355 44.985 12.85
      vertex 64.3633 44.3633 15.85
      vertex 63.6355 44.985 15.85
    endloop
  endfacet
  facet normal -0.649509 -0.760354 -0
    outer loop
      vertex 64.3633 44.3633 15.85
      vertex 63.6355 44.985 12.85
      vertex 64.3633 44.3633 12.85
    endloop
  endfacet
  facet normal 0.382693 -0.923875 0
    outer loop
      vertex -62.8193 45.4851 12.85
      vertex -61.935 45.8514 15.85
      vertex -62.8193 45.4851 15.85
    endloop
  endfacet
  facet normal 0.382693 -0.923875 0
    outer loop
      vertex -61.935 45.8514 15.85
      vertex -62.8193 45.4851 12.85
      vertex -61.935 45.8514 12.85
    endloop
  endfacet
  facet normal 0.23348 -0.972362 0
    outer loop
      vertex -61.935 45.8514 12.85
      vertex -61.0042 46.0749 15.85
      vertex -61.935 45.8514 15.85
    endloop
  endfacet
  facet normal 0.23348 -0.972362 0
    outer loop
      vertex -61.0042 46.0749 15.85
      vertex -61.935 45.8514 12.85
      vertex -61.0042 46.0749 12.85
    endloop
  endfacet
  facet normal -0.522447 0.852672 0
    outer loop
      vertex 63.6355 -44.985 12.85
      vertex 62.8193 -45.4851 15.85
      vertex 63.6355 -44.985 15.85
    endloop
  endfacet
  facet normal -0.522447 0.852672 0
    outer loop
      vertex 62.8193 -45.4851 15.85
      vertex 63.6355 -44.985 12.85
      vertex 62.8193 -45.4851 12.85
    endloop
  endfacet
  facet normal 0.0784702 0.996916 -0
    outer loop
      vertex -60.0501 -46.15 12.85
      vertex -61.0042 -46.0749 15.85
      vertex -60.0501 -46.15 15.85
    endloop
  endfacet
  facet normal 0.0784702 0.996916 0
    outer loop
      vertex -61.0042 -46.0749 15.85
      vertex -60.0501 -46.15 12.85
      vertex -61.0042 -46.0749 12.85
    endloop
  endfacet
  facet normal 0.972362 0.23348 0
    outer loop
      vertex -65.8514 -41.935 15.85
      vertex -66.0749 -41.0042 12.85
      vertex -66.0749 -41.0042 15.85
    endloop
  endfacet
  facet normal 0.972362 0.23348 0
    outer loop
      vertex -66.0749 -41.0042 12.85
      vertex -65.8514 -41.935 15.85
      vertex -65.8514 -41.935 12.85
    endloop
  endfacet
  facet normal -0.923875 -0.382693 0
    outer loop
      vertex 65.8514 41.935 12.85
      vertex 65.4851 42.8193 15.85
      vertex 65.4851 42.8193 12.85
    endloop
  endfacet
  facet normal -0.923875 -0.382693 0
    outer loop
      vertex 65.4851 42.8193 15.85
      vertex 65.8514 41.935 12.85
      vertex 65.8514 41.935 15.85
    endloop
  endfacet
  facet normal -0.23348 0.972362 0
    outer loop
      vertex 61.935 -45.8514 12.85
      vertex 61.0042 -46.0749 15.85
      vertex 61.935 -45.8514 15.85
    endloop
  endfacet
  facet normal -0.23348 0.972362 0
    outer loop
      vertex 61.0042 -46.0749 15.85
      vertex 61.935 -45.8514 12.85
      vertex 61.0042 -46.0749 12.85
    endloop
  endfacet
  facet normal -0.0784702 0.996916 0
    outer loop
      vertex 61.0042 -46.0749 12.85
      vertex 60.0501 -46.15 15.85
      vertex 61.0042 -46.0749 15.85
    endloop
  endfacet
  facet normal -0.0784702 0.996916 0
    outer loop
      vertex 60.0501 -46.15 15.85
      vertex 61.0042 -46.0749 12.85
      vertex 60.0501 -46.15 12.85
    endloop
  endfacet
  facet normal 0.923875 0.382693 0
    outer loop
      vertex -65.4851 -42.8193 15.85
      vertex -65.8514 -41.935 12.85
      vertex -65.8514 -41.935 15.85
    endloop
  endfacet
  facet normal 0.923875 0.382693 0
    outer loop
      vertex -65.8514 -41.935 12.85
      vertex -65.4851 -42.8193 15.85
      vertex -65.4851 -42.8193 12.85
    endloop
  endfacet
  facet normal -0.852659 -0.522468 0
    outer loop
      vertex -70.453 -48.6611 9.53674e-07
      vertex -71.1171 -47.5773 12.85
      vertex -71.1171 -47.5773 9.53674e-07
    endloop
  endfacet
  facet normal -0.852659 -0.522468 0
    outer loop
      vertex -71.1171 -47.5773 12.85
      vertex -70.453 -48.6611 9.53674e-07
      vertex -70.453 -48.6611 12.85
    endloop
  endfacet
  facet normal -0.0784473 -0.996918 0
    outer loop
      vertex -65.1671 -51.9003 9.53674e-07
      vertex -63.9001 -52 12.85
      vertex -65.1671 -51.9003 12.85
    endloop
  endfacet
  facet normal -0.0784473 -0.996918 -0
    outer loop
      vertex -63.9001 -52 12.85
      vertex -65.1671 -51.9003 9.53674e-07
      vertex -63.9001 -52 9.53674e-07
    endloop
  endfacet
  facet normal -0.522525 -0.852624 0
    outer loop
      vertex -68.6611 -50.453 9.53674e-07
      vertex -67.5773 -51.1172 12.85
      vertex -68.6611 -50.453 12.85
    endloop
  endfacet
  facet normal -0.522525 -0.852624 -0
    outer loop
      vertex -67.5773 -51.1172 12.85
      vertex -68.6611 -50.453 9.53674e-07
      vertex -67.5773 -51.1172 9.53674e-07
    endloop
  endfacet
  facet normal -0.649417 -0.760433 0
    outer loop
      vertex -69.6276 -49.6276 9.53674e-07
      vertex -68.6611 -50.453 12.85
      vertex -69.6276 -49.6276 12.85
    endloop
  endfacet
  facet normal -0.649417 -0.760433 -0
    outer loop
      vertex -68.6611 -50.453 12.85
      vertex -69.6276 -49.6276 9.53674e-07
      vertex -68.6611 -50.453 9.53674e-07
    endloop
  endfacet
  facet normal 0.649417 0.760433 -0
    outer loop
      vertex 69.6276 49.6276 9.53674e-07
      vertex 68.6611 50.453 12.85
      vertex 69.6276 49.6276 12.85
    endloop
  endfacet
  facet normal 0.649417 0.760433 0
    outer loop
      vertex 68.6611 50.453 12.85
      vertex 69.6276 49.6276 9.53674e-07
      vertex 68.6611 50.453 9.53674e-07
    endloop
  endfacet
  facet normal 0.649417 -0.760433 0
    outer loop
      vertex 68.6611 -50.453 9.53674e-07
      vertex 69.6276 -49.6276 12.85
      vertex 68.6611 -50.453 12.85
    endloop
  endfacet
  facet normal 0.649417 -0.760433 0
    outer loop
      vertex 69.6276 -49.6276 12.85
      vertex 68.6611 -50.453 9.53674e-07
      vertex 69.6276 -49.6276 9.53674e-07
    endloop
  endfacet
  facet normal -0.382676 -0.923883 0
    outer loop
      vertex -67.5773 -51.1172 9.53674e-07
      vertex -66.403 -51.6036 12.85
      vertex -67.5773 -51.1172 12.85
    endloop
  endfacet
  facet normal -0.382676 -0.923883 -0
    outer loop
      vertex -66.403 -51.6036 12.85
      vertex -67.5773 -51.1172 9.53674e-07
      vertex -66.403 -51.6036 9.53674e-07
    endloop
  endfacet
  facet normal 1 -0 0
    outer loop
      vertex 72 -43.9001 12.85
      vertex 72 43.9001 9.53674e-07
      vertex 72 43.9001 12.85
    endloop
  endfacet
  facet normal 1 0 0
    outer loop
      vertex 72 43.9001 9.53674e-07
      vertex 72 -43.9001 12.85
      vertex 72 -43.9001 9.53674e-07
    endloop
  endfacet
  facet normal 0.0784473 -0.996918 0
    outer loop
      vertex 63.9001 -52 9.53674e-07
      vertex 65.1671 -51.9003 12.85
      vertex 63.9001 -52 12.85
    endloop
  endfacet
  facet normal 0.0784473 -0.996918 0
    outer loop
      vertex 65.1671 -51.9003 12.85
      vertex 63.9001 -52 9.53674e-07
      vertex 65.1671 -51.9003 9.53674e-07
    endloop
  endfacet
  facet normal 0.382676 -0.923883 0
    outer loop
      vertex 66.403 -51.6036 9.53674e-07
      vertex 67.5773 -51.1172 12.85
      vertex 66.403 -51.6036 12.85
    endloop
  endfacet
  facet normal 0.382676 -0.923883 0
    outer loop
      vertex 67.5773 -51.1172 12.85
      vertex 66.403 -51.6036 9.53674e-07
      vertex 67.5773 -51.1172 9.53674e-07
    endloop
  endfacet
  facet normal -1 0 0
    outer loop
      vertex -72 -43.9001 9.53674e-07
      vertex -72 43.9001 12.85
      vertex -72 43.9001 9.53674e-07
    endloop
  endfacet
  facet normal -1 -0 0
    outer loop
      vertex -72 43.9001 12.85
      vertex -72 -43.9001 9.53674e-07
      vertex -72 -43.9001 12.85
    endloop
  endfacet
  facet normal 0.0784473 0.996918 -0
    outer loop
      vertex 65.1671 51.9003 9.53674e-07
      vertex 63.9001 52 12.85
      vertex 65.1671 51.9003 12.85
    endloop
  endfacet
  facet normal 0.0784473 0.996918 0
    outer loop
      vertex 63.9001 52 12.85
      vertex 65.1671 51.9003 9.53674e-07
      vertex 63.9001 52 9.53674e-07
    endloop
  endfacet
  facet normal 0.233435 0.972372 -0
    outer loop
      vertex 66.403 51.6036 9.53674e-07
      vertex 65.1671 51.9003 12.85
      vertex 66.403 51.6036 12.85
    endloop
  endfacet
  facet normal 0.233435 0.972372 0
    outer loop
      vertex 65.1671 51.9003 12.85
      vertex 66.403 51.6036 9.53674e-07
      vertex 65.1671 51.9003 9.53674e-07
    endloop
  endfacet
  facet normal 0.923855 -0.382743 0
    outer loop
      vertex 71.1171 -47.5773 12.85
      vertex 71.6036 -46.403 9.53674e-07
      vertex 71.6036 -46.403 12.85
    endloop
  endfacet
  facet normal 0.923855 -0.382743 0
    outer loop
      vertex 71.6036 -46.403 9.53674e-07
      vertex 71.1171 -47.5773 12.85
      vertex 71.1171 -47.5773 9.53674e-07
    endloop
  endfacet
  facet normal 0.972372 -0.233435 0
    outer loop
      vertex 71.6036 -46.403 12.85
      vertex 71.9003 -45.1671 9.53674e-07
      vertex 71.9003 -45.1671 12.85
    endloop
  endfacet
  facet normal 0.972372 -0.233435 0
    outer loop
      vertex 71.9003 -45.1671 9.53674e-07
      vertex 71.6036 -46.403 12.85
      vertex 71.6036 -46.403 9.53674e-07
    endloop
  endfacet
  facet normal 0.522525 -0.852624 0
    outer loop
      vertex 67.5773 -51.1172 9.53674e-07
      vertex 68.6611 -50.453 12.85
      vertex 67.5773 -51.1172 12.85
    endloop
  endfacet
  facet normal 0.522525 -0.852624 0
    outer loop
      vertex 68.6611 -50.453 12.85
      vertex 67.5773 -51.1172 9.53674e-07
      vertex 68.6611 -50.453 9.53674e-07
    endloop
  endfacet
  facet normal 0 -1 0
    outer loop
      vertex -63.9001 -52 9.53674e-07
      vertex 63.9001 -52 12.85
      vertex -63.9001 -52 12.85
    endloop
  endfacet
  facet normal 0 -1 -0
    outer loop
      vertex 63.9001 -52 12.85
      vertex -63.9001 -52 9.53674e-07
      vertex 63.9001 -52 9.53674e-07
    endloop
  endfacet
  facet normal -0.233435 -0.972372 0
    outer loop
      vertex -66.403 -51.6036 9.53674e-07
      vertex -65.1671 -51.9003 12.85
      vertex -66.403 -51.6036 12.85
    endloop
  endfacet
  facet normal -0.233435 -0.972372 -0
    outer loop
      vertex -65.1671 -51.9003 12.85
      vertex -66.403 -51.6036 9.53674e-07
      vertex -65.1671 -51.9003 9.53674e-07
    endloop
  endfacet
  facet normal -0.760433 -0.649417 0
    outer loop
      vertex -69.6276 -49.6276 9.53674e-07
      vertex -70.453 -48.6611 12.85
      vertex -70.453 -48.6611 9.53674e-07
    endloop
  endfacet
  facet normal -0.760433 -0.649417 0
    outer loop
      vertex -70.453 -48.6611 12.85
      vertex -69.6276 -49.6276 9.53674e-07
      vertex -69.6276 -49.6276 12.85
    endloop
  endfacet
  facet normal -0.996918 -0.0784473 0
    outer loop
      vertex -71.9003 -45.1671 9.53674e-07
      vertex -72 -43.9001 12.85
      vertex -72 -43.9001 9.53674e-07
    endloop
  endfacet
  facet normal -0.996918 -0.0784473 0
    outer loop
      vertex -72 -43.9001 12.85
      vertex -71.9003 -45.1671 9.53674e-07
      vertex -71.9003 -45.1671 12.85
    endloop
  endfacet
  facet normal -0.852659 0.522468 0
    outer loop
      vertex -71.1171 47.5773 9.53674e-07
      vertex -70.453 48.6611 12.85
      vertex -70.453 48.6611 9.53674e-07
    endloop
  endfacet
  facet normal -0.852659 0.522468 0
    outer loop
      vertex -70.453 48.6611 12.85
      vertex -71.1171 47.5773 9.53674e-07
      vertex -71.1171 47.5773 12.85
    endloop
  endfacet
  facet normal -0.649417 0.760433 0
    outer loop
      vertex -68.6611 50.453 9.53674e-07
      vertex -69.6276 49.6276 12.85
      vertex -68.6611 50.453 12.85
    endloop
  endfacet
  facet normal -0.649417 0.760433 0
    outer loop
      vertex -69.6276 49.6276 12.85
      vertex -68.6611 50.453 9.53674e-07
      vertex -69.6276 49.6276 9.53674e-07
    endloop
  endfacet
  facet normal -0.923855 0.382743 0
    outer loop
      vertex -71.6036 46.403 9.53674e-07
      vertex -71.1171 47.5773 12.85
      vertex -71.1171 47.5773 9.53674e-07
    endloop
  endfacet
  facet normal -0.923855 0.382743 0
    outer loop
      vertex -71.1171 47.5773 12.85
      vertex -71.6036 46.403 9.53674e-07
      vertex -71.6036 46.403 12.85
    endloop
  endfacet
  facet normal -0.996918 0.0784473 0
    outer loop
      vertex -72 43.9001 9.53674e-07
      vertex -71.9003 45.1671 12.85
      vertex -71.9003 45.1671 9.53674e-07
    endloop
  endfacet
  facet normal -0.996918 0.0784473 0
    outer loop
      vertex -71.9003 45.1671 12.85
      vertex -72 43.9001 9.53674e-07
      vertex -72 43.9001 12.85
    endloop
  endfacet
  facet normal 0 1 -0
    outer loop
      vertex 63.9001 52 9.53674e-07
      vertex -63.9001 52 12.85
      vertex 63.9001 52 12.85
    endloop
  endfacet
  facet normal 0 1 0
    outer loop
      vertex -63.9001 52 12.85
      vertex 63.9001 52 9.53674e-07
      vertex -63.9001 52 9.53674e-07
    endloop
  endfacet
  facet normal -0.233435 0.972372 0
    outer loop
      vertex -65.1671 51.9003 9.53674e-07
      vertex -66.403 51.6036 12.85
      vertex -65.1671 51.9003 12.85
    endloop
  endfacet
  facet normal -0.233435 0.972372 0
    outer loop
      vertex -66.403 51.6036 12.85
      vertex -65.1671 51.9003 9.53674e-07
      vertex -66.403 51.6036 9.53674e-07
    endloop
  endfacet
  facet normal -0.382676 0.923883 0
    outer loop
      vertex -66.403 51.6036 9.53674e-07
      vertex -67.5773 51.1172 12.85
      vertex -66.403 51.6036 12.85
    endloop
  endfacet
  facet normal -0.382676 0.923883 0
    outer loop
      vertex -67.5773 51.1172 12.85
      vertex -66.403 51.6036 9.53674e-07
      vertex -67.5773 51.1172 9.53674e-07
    endloop
  endfacet
  facet normal -0.0784473 0.996918 0
    outer loop
      vertex -63.9001 52 9.53674e-07
      vertex -65.1671 51.9003 12.85
      vertex -63.9001 52 12.85
    endloop
  endfacet
  facet normal -0.0784473 0.996918 0
    outer loop
      vertex -65.1671 51.9003 12.85
      vertex -63.9001 52 9.53674e-07
      vertex -65.1671 51.9003 9.53674e-07
    endloop
  endfacet
  facet normal -0.522525 0.852624 0
    outer loop
      vertex -67.5773 51.1172 9.53674e-07
      vertex -68.6611 50.453 12.85
      vertex -67.5773 51.1172 12.85
    endloop
  endfacet
  facet normal -0.522525 0.852624 0
    outer loop
      vertex -68.6611 50.453 12.85
      vertex -67.5773 51.1172 9.53674e-07
      vertex -68.6611 50.453 9.53674e-07
    endloop
  endfacet
  facet normal 0.852659 -0.522468 0
    outer loop
      vertex 70.453 -48.6611 12.85
      vertex 71.1171 -47.5773 9.53674e-07
      vertex 71.1171 -47.5773 12.85
    endloop
  endfacet
  facet normal 0.852659 -0.522468 0
    outer loop
      vertex 71.1171 -47.5773 9.53674e-07
      vertex 70.453 -48.6611 12.85
      vertex 70.453 -48.6611 9.53674e-07
    endloop
  endfacet
  facet normal 0.760433 -0.649417 0
    outer loop
      vertex 69.6276 -49.6276 12.85
      vertex 70.453 -48.6611 9.53674e-07
      vertex 70.453 -48.6611 12.85
    endloop
  endfacet
  facet normal 0.760433 -0.649417 0
    outer loop
      vertex 70.453 -48.6611 9.53674e-07
      vertex 69.6276 -49.6276 12.85
      vertex 69.6276 -49.6276 9.53674e-07
    endloop
  endfacet
  facet normal 0.996918 -0.0784473 0
    outer loop
      vertex 71.9003 -45.1671 12.85
      vertex 72 -43.9001 9.53674e-07
      vertex 72 -43.9001 12.85
    endloop
  endfacet
  facet normal 0.996918 -0.0784473 0
    outer loop
      vertex 72 -43.9001 9.53674e-07
      vertex 71.9003 -45.1671 12.85
      vertex 71.9003 -45.1671 9.53674e-07
    endloop
  endfacet
  facet normal 0.233435 -0.972372 0
    outer loop
      vertex 65.1671 -51.9003 9.53674e-07
      vertex 66.403 -51.6036 12.85
      vertex 65.1671 -51.9003 12.85
    endloop
  endfacet
  facet normal 0.233435 -0.972372 0
    outer loop
      vertex 66.403 -51.6036 12.85
      vertex 65.1671 -51.9003 9.53674e-07
      vertex 66.403 -51.6036 9.53674e-07
    endloop
  endfacet
  facet normal -0.923855 -0.382743 0
    outer loop
      vertex -71.1171 -47.5773 9.53674e-07
      vertex -71.6036 -46.403 12.85
      vertex -71.6036 -46.403 9.53674e-07
    endloop
  endfacet
  facet normal -0.923855 -0.382743 0
    outer loop
      vertex -71.6036 -46.403 12.85
      vertex -71.1171 -47.5773 9.53674e-07
      vertex -71.1171 -47.5773 12.85
    endloop
  endfacet
  facet normal -0.760433 0.649417 0
    outer loop
      vertex -70.453 48.6611 9.53674e-07
      vertex -69.6276 49.6276 12.85
      vertex -69.6276 49.6276 9.53674e-07
    endloop
  endfacet
  facet normal -0.760433 0.649417 0
    outer loop
      vertex -69.6276 49.6276 12.85
      vertex -70.453 48.6611 9.53674e-07
      vertex -70.453 48.6611 12.85
    endloop
  endfacet
  facet normal -0.972372 0.233435 0
    outer loop
      vertex -71.9003 45.1671 9.53674e-07
      vertex -71.6036 46.403 12.85
      vertex -71.6036 46.403 9.53674e-07
    endloop
  endfacet
  facet normal -0.972372 0.233435 0
    outer loop
      vertex -71.6036 46.403 12.85
      vertex -71.9003 45.1671 9.53674e-07
      vertex -71.9003 45.1671 12.85
    endloop
  endfacet
  facet normal 0.382676 0.923883 -0
    outer loop
      vertex 67.5773 51.1172 9.53674e-07
      vertex 66.403 51.6036 12.85
      vertex 67.5773 51.1172 12.85
    endloop
  endfacet
  facet normal 0.382676 0.923883 0
    outer loop
      vertex 66.403 51.6036 12.85
      vertex 67.5773 51.1172 9.53674e-07
      vertex 66.403 51.6036 9.53674e-07
    endloop
  endfacet
  facet normal 0.522525 0.852624 -0
    outer loop
      vertex 68.6611 50.453 9.53674e-07
      vertex 67.5773 51.1172 12.85
      vertex 68.6611 50.453 12.85
    endloop
  endfacet
  facet normal 0.522525 0.852624 0
    outer loop
      vertex 67.5773 51.1172 12.85
      vertex 68.6611 50.453 9.53674e-07
      vertex 67.5773 51.1172 9.53674e-07
    endloop
  endfacet
  facet normal 0.923855 0.382743 0
    outer loop
      vertex 71.6036 46.403 12.85
      vertex 71.1171 47.5773 9.53674e-07
      vertex 71.1171 47.5773 12.85
    endloop
  endfacet
  facet normal 0.923855 0.382743 0
    outer loop
      vertex 71.1171 47.5773 9.53674e-07
      vertex 71.6036 46.403 12.85
      vertex 71.6036 46.403 9.53674e-07
    endloop
  endfacet
  facet normal -0.972372 -0.233435 0
    outer loop
      vertex -71.6036 -46.403 9.53674e-07
      vertex -71.9003 -45.1671 12.85
      vertex -71.9003 -45.1671 9.53674e-07
    endloop
  endfacet
  facet normal -0.972372 -0.233435 0
    outer loop
      vertex -71.9003 -45.1671 12.85
      vertex -71.6036 -46.403 9.53674e-07
      vertex -71.6036 -46.403 12.85
    endloop
  endfacet
  facet normal 0 0 1
    outer loop
      vertex 67.1335 43.6592 12.85
      vertex 72 43.9001 12.85
      vertex 71.9003 45.1671 12.85
    endloop
  endfacet
  facet normal 0 0 1
    outer loop
      vertex 72 43.9001 12.85
      vertex 68 40.05 12.85
      vertex 72 -43.9001 12.85
    endloop
  endfacet
  facet normal 0 0 1
    outer loop
      vertex 67.1335 43.6592 12.85
      vertex 71.9003 45.1671 12.85
      vertex 71.6036 46.403 12.85
    endloop
  endfacet
  facet normal -0 0 1
    outer loop
      vertex 68 -40.05 12.85
      vertex 72 -43.9001 12.85
      vertex 68 40.05 12.85
    endloop
  endfacet
  facet normal 0 0 1
    outer loop
      vertex 66.4817 44.7229 12.85
      vertex 71.6036 46.403 12.85
      vertex 71.1171 47.5773 12.85
    endloop
  endfacet
  facet normal -0 0 1
    outer loop
      vertex 67.9021 -41.2937 12.85
      vertex 72 -43.9001 12.85
      vertex 68 -40.05 12.85
    endloop
  endfacet
  facet normal 0 0 1
    outer loop
      vertex 66.4817 44.7229 12.85
      vertex 71.1171 47.5773 12.85
      vertex 70.453 48.6611 12.85
    endloop
  endfacet
  facet normal -0 0 1
    outer loop
      vertex 67.6109 -42.5067 12.85
      vertex 72 -43.9001 12.85
      vertex 67.9021 -41.2937 12.85
    endloop
  endfacet
  facet normal 0 0 1
    outer loop
      vertex 65.6715 45.6715 12.85
      vertex 70.453 48.6611 12.85
      vertex 69.6276 49.6276 12.85
    endloop
  endfacet
  facet normal -0 0 1
    outer loop
      vertex 67.1335 -43.6592 12.85
      vertex 72 -43.9001 12.85
      vertex 67.6109 -42.5067 12.85
    endloop
  endfacet
  facet normal 0 0 1
    outer loop
      vertex 65.6715 45.6715 12.85
      vertex 69.6276 49.6276 12.85
      vertex 68.6611 50.453 12.85
    endloop
  endfacet
  facet normal 0 0 1
    outer loop
      vertex 72 -43.9001 12.85
      vertex 67.1335 -43.6592 12.85
      vertex 71.9003 -45.1671 12.85
    endloop
  endfacet
  facet normal 0 0 1
    outer loop
      vertex 71.9003 -45.1671 12.85
      vertex 67.1335 -43.6592 12.85
      vertex 71.6036 -46.403 12.85
    endloop
  endfacet
  facet normal 0 0 1
    outer loop
      vertex 72 43.9001 12.85
      vertex 67.9021 41.2937 12.85
      vertex 68 40.05 12.85
    endloop
  endfacet
  facet normal 0 0 1
    outer loop
      vertex 72 43.9001 12.85
      vertex 67.6109 42.5067 12.85
      vertex 67.9021 41.2937 12.85
    endloop
  endfacet
  facet normal 0 0 1
    outer loop
      vertex 64.7229 46.4817 12.85
      vertex 68.6611 50.453 12.85
      vertex 67.5773 51.1172 12.85
    endloop
  endfacet
  facet normal 0 0 1
    outer loop
      vertex 72 43.9001 12.85
      vertex 67.1335 43.6592 12.85
      vertex 67.6109 42.5067 12.85
    endloop
  endfacet
  facet normal 0 0 1
    outer loop
      vertex 71.6036 46.403 12.85
      vertex 66.4817 44.7229 12.85
      vertex 67.1335 43.6592 12.85
    endloop
  endfacet
  facet normal 0 0 1
    outer loop
      vertex 64.7229 46.4817 12.85
      vertex 67.5773 51.1172 12.85
      vertex 66.403 51.6036 12.85
    endloop
  endfacet
  facet normal 0 0 1
    outer loop
      vertex 70.453 48.6611 12.85
      vertex 65.6715 45.6715 12.85
      vertex 66.4817 44.7229 12.85
    endloop
  endfacet
  facet normal 0 0 1
    outer loop
      vertex 63.6592 47.1335 12.85
      vertex 66.403 51.6036 12.85
      vertex 65.1671 51.9003 12.85
    endloop
  endfacet
  facet normal 0 0 1
    outer loop
      vertex 68.6611 50.453 12.85
      vertex 64.7229 46.4817 12.85
      vertex 65.6715 45.6715 12.85
    endloop
  endfacet
  facet normal 0 0 1
    outer loop
      vertex 63.6592 47.1335 12.85
      vertex 65.1671 51.9003 12.85
      vertex 63.9001 52 12.85
    endloop
  endfacet
  facet normal 0 0 1
    outer loop
      vertex 66.403 51.6036 12.85
      vertex 63.6592 47.1335 12.85
      vertex 64.7229 46.4817 12.85
    endloop
  endfacet
  facet normal 0 0 1
    outer loop
      vertex 63.9001 52 12.85
      vertex 62.5067 47.6109 12.85
      vertex 63.6592 47.1335 12.85
    endloop
  endfacet
  facet normal 0 0 1
    outer loop
      vertex 63.9001 52 12.85
      vertex 61.2937 47.9021 12.85
      vertex 62.5067 47.6109 12.85
    endloop
  endfacet
  facet normal 0 0 1
    outer loop
      vertex 63.9001 52 12.85
      vertex 60.05 48 12.85
      vertex 61.2937 47.9021 12.85
    endloop
  endfacet
  facet normal 0 0 1
    outer loop
      vertex 63.9001 52 12.85
      vertex -60.05 48 12.85
      vertex 60.05 48 12.85
    endloop
  endfacet
  facet normal -0 0 1
    outer loop
      vertex -63.9001 52 12.85
      vertex -60.05 48 12.85
      vertex 63.9001 52 12.85
    endloop
  endfacet
  facet normal 0 0 1
    outer loop
      vertex -63.9001 52 12.85
      vertex -61.2937 47.9021 12.85
      vertex -60.05 48 12.85
    endloop
  endfacet
  facet normal 0 0 1
    outer loop
      vertex -63.9001 52 12.85
      vertex -62.5067 47.6109 12.85
      vertex -61.2937 47.9021 12.85
    endloop
  endfacet
  facet normal 0 0 1
    outer loop
      vertex -63.9001 52 12.85
      vertex -63.6592 47.1335 12.85
      vertex -62.5067 47.6109 12.85
    endloop
  endfacet
  facet normal -0 0 1
    outer loop
      vertex -65.1671 51.9003 12.85
      vertex -63.6592 47.1335 12.85
      vertex -63.9001 52 12.85
    endloop
  endfacet
  facet normal -0 0 1
    outer loop
      vertex -66.403 51.6036 12.85
      vertex -63.6592 47.1335 12.85
      vertex -65.1671 51.9003 12.85
    endloop
  endfacet
  facet normal 0 0 1
    outer loop
      vertex -63.6592 47.1335 12.85
      vertex -66.403 51.6036 12.85
      vertex -64.7229 46.4817 12.85
    endloop
  endfacet
  facet normal -0 0 1
    outer loop
      vertex -67.5773 51.1172 12.85
      vertex -64.7229 46.4817 12.85
      vertex -66.403 51.6036 12.85
    endloop
  endfacet
  facet normal -0 0 1
    outer loop
      vertex -68.6611 50.453 12.85
      vertex -64.7229 46.4817 12.85
      vertex -67.5773 51.1172 12.85
    endloop
  endfacet
  facet normal 0 0 1
    outer loop
      vertex -64.7229 46.4817 12.85
      vertex -68.6611 50.453 12.85
      vertex -65.6715 45.6715 12.85
    endloop
  endfacet
  facet normal -0 0 1
    outer loop
      vertex -69.6276 49.6276 12.85
      vertex -65.6715 45.6715 12.85
      vertex -68.6611 50.453 12.85
    endloop
  endfacet
  facet normal -0 0 1
    outer loop
      vertex -70.453 48.6611 12.85
      vertex -65.6715 45.6715 12.85
      vertex -69.6276 49.6276 12.85
    endloop
  endfacet
  facet normal 0 0 1
    outer loop
      vertex -65.6715 45.6715 12.85
      vertex -70.453 48.6611 12.85
      vertex -66.4817 44.7229 12.85
    endloop
  endfacet
  facet normal -0 0 1
    outer loop
      vertex -71.1171 47.5773 12.85
      vertex -66.4817 44.7229 12.85
      vertex -70.453 48.6611 12.85
    endloop
  endfacet
  facet normal 0 0 1
    outer loop
      vertex -66.4817 44.7229 12.85
      vertex -71.6036 46.403 12.85
      vertex -67.1335 43.6592 12.85
    endloop
  endfacet
  facet normal -0 0 1
    outer loop
      vertex -71.6036 46.403 12.85
      vertex -66.4817 44.7229 12.85
      vertex -71.1171 47.5773 12.85
    endloop
  endfacet
  facet normal -0 0 1
    outer loop
      vertex 66.4817 -44.7229 12.85
      vertex 71.6036 -46.403 12.85
      vertex 67.1335 -43.6592 12.85
    endloop
  endfacet
  facet normal 0 0 1
    outer loop
      vertex 71.6036 -46.403 12.85
      vertex 66.4817 -44.7229 12.85
      vertex 71.1171 -47.5773 12.85
    endloop
  endfacet
  facet normal 0 0 1
    outer loop
      vertex 71.1171 -47.5773 12.85
      vertex 66.4817 -44.7229 12.85
      vertex 70.453 -48.6611 12.85
    endloop
  endfacet
  facet normal -0 0 1
    outer loop
      vertex 65.6715 -45.6715 12.85
      vertex 70.453 -48.6611 12.85
      vertex 66.4817 -44.7229 12.85
    endloop
  endfacet
  facet normal 0 0 1
    outer loop
      vertex 70.453 -48.6611 12.85
      vertex 65.6715 -45.6715 12.85
      vertex 69.6276 -49.6276 12.85
    endloop
  endfacet
  facet normal 0 0 1
    outer loop
      vertex 69.6276 -49.6276 12.85
      vertex 65.6715 -45.6715 12.85
      vertex 68.6611 -50.453 12.85
    endloop
  endfacet
  facet normal -0 0 1
    outer loop
      vertex 64.7229 -46.4817 12.85
      vertex 68.6611 -50.453 12.85
      vertex 65.6715 -45.6715 12.85
    endloop
  endfacet
  facet normal 0 0 1
    outer loop
      vertex 68.6611 -50.453 12.85
      vertex 64.7229 -46.4817 12.85
      vertex 67.5773 -51.1172 12.85
    endloop
  endfacet
  facet normal 0 0 1
    outer loop
      vertex 67.5773 -51.1172 12.85
      vertex 64.7229 -46.4817 12.85
      vertex 66.403 -51.6036 12.85
    endloop
  endfacet
  facet normal -0 0 1
    outer loop
      vertex 63.6592 -47.1335 12.85
      vertex 66.403 -51.6036 12.85
      vertex 64.7229 -46.4817 12.85
    endloop
  endfacet
  facet normal 0 0 1
    outer loop
      vertex 66.403 -51.6036 12.85
      vertex 63.6592 -47.1335 12.85
      vertex 65.1671 -51.9003 12.85
    endloop
  endfacet
  facet normal 0 0 1
    outer loop
      vertex 65.1671 -51.9003 12.85
      vertex 63.6592 -47.1335 12.85
      vertex 63.9001 -52 12.85
    endloop
  endfacet
  facet normal -0 0 1
    outer loop
      vertex 62.5067 -47.6109 12.85
      vertex 63.9001 -52 12.85
      vertex 63.6592 -47.1335 12.85
    endloop
  endfacet
  facet normal -0 0 1
    outer loop
      vertex 61.2937 -47.9021 12.85
      vertex 63.9001 -52 12.85
      vertex 62.5067 -47.6109 12.85
    endloop
  endfacet
  facet normal -0 0 1
    outer loop
      vertex 60.05 -48 12.85
      vertex 63.9001 -52 12.85
      vertex 61.2937 -47.9021 12.85
    endloop
  endfacet
  facet normal -0 0 1
    outer loop
      vertex -60.05 -48 12.85
      vertex 63.9001 -52 12.85
      vertex 60.05 -48 12.85
    endloop
  endfacet
  facet normal 0 0 1
    outer loop
      vertex -60.05 -48 12.85
      vertex -63.9001 -52 12.85
      vertex 63.9001 -52 12.85
    endloop
  endfacet
  facet normal 0 0 1
    outer loop
      vertex -61.2937 -47.9021 12.85
      vertex -63.9001 -52 12.85
      vertex -60.05 -48 12.85
    endloop
  endfacet
  facet normal 0 0 1
    outer loop
      vertex -62.5067 -47.6109 12.85
      vertex -63.9001 -52 12.85
      vertex -61.2937 -47.9021 12.85
    endloop
  endfacet
  facet normal 0 0 1
    outer loop
      vertex -63.6592 -47.1335 12.85
      vertex -63.9001 -52 12.85
      vertex -62.5067 -47.6109 12.85
    endloop
  endfacet
  facet normal 0 0 1
    outer loop
      vertex -66.403 -51.6036 12.85
      vertex -63.6592 -47.1335 12.85
      vertex -64.7229 -46.4817 12.85
    endloop
  endfacet
  facet normal 0 0 1
    outer loop
      vertex -63.6592 -47.1335 12.85
      vertex -65.1671 -51.9003 12.85
      vertex -63.9001 -52 12.85
    endloop
  endfacet
  facet normal 0 0 1
    outer loop
      vertex -68.6611 -50.453 12.85
      vertex -64.7229 -46.4817 12.85
      vertex -65.6715 -45.6715 12.85
    endloop
  endfacet
  facet normal 0 0 1
    outer loop
      vertex -63.6592 -47.1335 12.85
      vertex -66.403 -51.6036 12.85
      vertex -65.1671 -51.9003 12.85
    endloop
  endfacet
  facet normal 0 0 1
    outer loop
      vertex -70.453 -48.6611 12.85
      vertex -65.6715 -45.6715 12.85
      vertex -66.4817 -44.7229 12.85
    endloop
  endfacet
  facet normal 0 0 1
    outer loop
      vertex -71.6036 -46.403 12.85
      vertex -66.4817 -44.7229 12.85
      vertex -67.1335 -43.6592 12.85
    endloop
  endfacet
  facet normal 0 0 1
    outer loop
      vertex -64.7229 -46.4817 12.85
      vertex -67.5773 -51.1172 12.85
      vertex -66.403 -51.6036 12.85
    endloop
  endfacet
  facet normal 0 0 1
    outer loop
      vertex -72 -43.9001 12.85
      vertex -67.1335 -43.6592 12.85
      vertex -67.6109 -42.5067 12.85
    endloop
  endfacet
  facet normal 0 0 1
    outer loop
      vertex -72 -43.9001 12.85
      vertex -67.6109 -42.5067 12.85
      vertex -67.9021 -41.2937 12.85
    endloop
  endfacet
  facet normal 0 0 1
    outer loop
      vertex -72 -43.9001 12.85
      vertex -67.9021 -41.2937 12.85
      vertex -68 -40.05 12.85
    endloop
  endfacet
  facet normal 0 0 1
    outer loop
      vertex -64.7229 -46.4817 12.85
      vertex -68.6611 -50.453 12.85
      vertex -67.5773 -51.1172 12.85
    endloop
  endfacet
  facet normal 0 0 1
    outer loop
      vertex -68 40.05 12.85
      vertex -72 43.9001 12.85
      vertex -68 -40.05 12.85
    endloop
  endfacet
  facet normal -0 0 1
    outer loop
      vertex -71.9003 45.1671 12.85
      vertex -67.1335 43.6592 12.85
      vertex -71.6036 46.403 12.85
    endloop
  endfacet
  facet normal 0 0 1
    outer loop
      vertex -72 -43.9001 12.85
      vertex -68 -40.05 12.85
      vertex -72 43.9001 12.85
    endloop
  endfacet
  facet normal -0 0 1
    outer loop
      vertex -72 43.9001 12.85
      vertex -67.1335 43.6592 12.85
      vertex -71.9003 45.1671 12.85
    endloop
  endfacet
  facet normal 0 0 1
    outer loop
      vertex -67.1335 -43.6592 12.85
      vertex -72 -43.9001 12.85
      vertex -71.9003 -45.1671 12.85
    endloop
  endfacet
  facet normal 0 0 1
    outer loop
      vertex -67.1335 43.6592 12.85
      vertex -72 43.9001 12.85
      vertex -67.6109 42.5067 12.85
    endloop
  endfacet
  facet normal 0 0 1
    outer loop
      vertex -65.6715 -45.6715 12.85
      vertex -69.6276 -49.6276 12.85
      vertex -68.6611 -50.453 12.85
    endloop
  endfacet
  facet normal 0 0 1
    outer loop
      vertex -67.6109 42.5067 12.85
      vertex -72 43.9001 12.85
      vertex -67.9021 41.2937 12.85
    endloop
  endfacet
  facet normal 0 0 1
    outer loop
      vertex -65.6715 -45.6715 12.85
      vertex -70.453 -48.6611 12.85
      vertex -69.6276 -49.6276 12.85
    endloop
  endfacet
  facet normal 0 0 1
    outer loop
      vertex -67.9021 41.2937 12.85
      vertex -72 43.9001 12.85
      vertex -68 40.05 12.85
    endloop
  endfacet
  facet normal 0 0 1
    outer loop
      vertex -66.4817 -44.7229 12.85
      vertex -71.1171 -47.5773 12.85
      vertex -70.453 -48.6611 12.85
    endloop
  endfacet
  facet normal 0 0 1
    outer loop
      vertex -66.4817 -44.7229 12.85
      vertex -71.6036 -46.403 12.85
      vertex -71.1171 -47.5773 12.85
    endloop
  endfacet
  facet normal 0 0 1
    outer loop
      vertex -67.1335 -43.6592 12.85
      vertex -71.9003 -45.1671 12.85
      vertex -71.6036 -46.403 12.85
    endloop
  endfacet
  facet normal 0.760433 0.649417 0
    outer loop
      vertex 70.453 48.6611 12.85
      vertex 69.6276 49.6276 9.53674e-07
      vertex 69.6276 49.6276 12.85
    endloop
  endfacet
  facet normal 0.760433 0.649417 0
    outer loop
      vertex 69.6276 49.6276 9.53674e-07
      vertex 70.453 48.6611 12.85
      vertex 70.453 48.6611 9.53674e-07
    endloop
  endfacet
  facet normal 0.852659 0.522468 0
    outer loop
      vertex 71.1171 47.5773 12.85
      vertex 70.453 48.6611 9.53674e-07
      vertex 70.453 48.6611 12.85
    endloop
  endfacet
  facet normal 0.852659 0.522468 0
    outer loop
      vertex 70.453 48.6611 9.53674e-07
      vertex 71.1171 47.5773 12.85
      vertex 71.1171 47.5773 9.53674e-07
    endloop
  endfacet
  facet normal 0.972372 0.233435 0
    outer loop
      vertex 71.9003 45.1671 12.85
      vertex 71.6036 46.403 9.53674e-07
      vertex 71.6036 46.403 12.85
    endloop
  endfacet
  facet normal 0.972372 0.233435 0
    outer loop
      vertex 71.6036 46.403 9.53674e-07
      vertex 71.9003 45.1671 12.85
      vertex 71.9003 45.1671 9.53674e-07
    endloop
  endfacet
  facet normal 0.996918 0.0784473 0
    outer loop
      vertex 72 43.9001 12.85
      vertex 71.9003 45.1671 9.53674e-07
      vertex 71.9003 45.1671 12.85
    endloop
  endfacet
  facet normal 0.996918 0.0784473 0
    outer loop
      vertex 71.9003 45.1671 9.53674e-07
      vertex 72 43.9001 12.85
      vertex 72 43.9001 9.53674e-07
    endloop
  endfacet
  facet normal 0.996917 0.0784576 0
    outer loop
      vertex 8.575 0 15.85
      vertex 8.46943 1.34142 12.85
      vertex 8.46943 1.34142 15.85
    endloop
  endfacet
  facet normal 0.996917 0.0784576 0
    outer loop
      vertex 8.46943 1.34142 12.85
      vertex 8.575 0 15.85
      vertex 8.575 0 12.85
    endloop
  endfacet
  facet normal -0.996917 0.0784576 0
    outer loop
      vertex -8.575 0 12.85
      vertex -8.46943 1.34142 15.85
      vertex -8.46943 1.34142 12.85
    endloop
  endfacet
  facet normal -0.996917 0.0784576 0
    outer loop
      vertex -8.46943 1.34142 15.85
      vertex -8.575 0 12.85
      vertex -8.575 0 15.85
    endloop
  endfacet
  facet normal 0.0784576 0.996917 -0
    outer loop
      vertex 1.34142 8.46943 12.85
      vertex 0 8.575 15.85
      vertex 1.34142 8.46943 15.85
    endloop
  endfacet
  facet normal 0.0784576 0.996917 0
    outer loop
      vertex 0 8.575 15.85
      vertex 1.34142 8.46943 12.85
      vertex 0 8.575 12.85
    endloop
  endfacet
  facet normal 0.649449 0.760405 -0
    outer loop
      vertex 6.06344 6.06344 12.85
      vertex 5.04026 6.93732 15.85
      vertex 6.06344 6.06344 15.85
    endloop
  endfacet
  facet normal 0.649449 0.760405 0
    outer loop
      vertex 5.04026 6.93732 15.85
      vertex 6.06344 6.06344 12.85
      vertex 5.04026 6.93732 12.85
    endloop
  endfacet
  facet normal -0.649449 0.760405 0
    outer loop
      vertex -5.04026 6.93732 12.85
      vertex -6.06344 6.06344 15.85
      vertex -5.04026 6.93732 15.85
    endloop
  endfacet
  facet normal -0.649449 0.760405 0
    outer loop
      vertex -6.06344 6.06344 15.85
      vertex -5.04026 6.93732 12.85
      vertex -6.06344 6.06344 12.85
    endloop
  endfacet
  facet normal -0.382684 0.923879 0
    outer loop
      vertex -2.64982 8.15531 12.85
      vertex -3.89297 7.64038 15.85
      vertex -2.64982 8.15531 15.85
    endloop
  endfacet
  facet normal -0.382684 0.923879 0
    outer loop
      vertex -3.89297 7.64038 15.85
      vertex -2.64982 8.15531 12.85
      vertex -3.89297 7.64038 12.85
    endloop
  endfacet
  facet normal 0.85264 -0.522498 0
    outer loop
      vertex 6.93732 -5.04026 15.85
      vertex 7.64038 -3.89297 12.85
      vertex 7.64038 -3.89297 15.85
    endloop
  endfacet
  facet normal 0.85264 -0.522498 0
    outer loop
      vertex 7.64038 -3.89297 12.85
      vertex 6.93732 -5.04026 15.85
      vertex 6.93732 -5.04026 12.85
    endloop
  endfacet
  facet normal -0.923879 -0.382684 0
    outer loop
      vertex -7.64038 -3.89297 12.85
      vertex -8.15531 -2.64982 15.85
      vertex -8.15531 -2.64982 12.85
    endloop
  endfacet
  facet normal -0.923879 -0.382684 0
    outer loop
      vertex -8.15531 -2.64982 15.85
      vertex -7.64038 -3.89297 12.85
      vertex -7.64038 -3.89297 15.85
    endloop
  endfacet
  facet normal 0.85264 0.522498 0
    outer loop
      vertex 7.64038 3.89297 15.85
      vertex 6.93732 5.04026 12.85
      vertex 6.93732 5.04026 15.85
    endloop
  endfacet
  facet normal 0.85264 0.522498 0
    outer loop
      vertex 6.93732 5.04026 12.85
      vertex 7.64038 3.89297 15.85
      vertex 7.64038 3.89297 12.85
    endloop
  endfacet
  facet normal 0.760405 0.649449 0
    outer loop
      vertex 6.93732 5.04026 15.85
      vertex 6.06344 6.06344 12.85
      vertex 6.06344 6.06344 15.85
    endloop
  endfacet
  facet normal 0.760405 0.649449 0
    outer loop
      vertex 6.06344 6.06344 12.85
      vertex 6.93732 5.04026 15.85
      vertex 6.93732 5.04026 12.85
    endloop
  endfacet
  facet normal 0.382684 0.923879 -0
    outer loop
      vertex 3.89297 7.64038 12.85
      vertex 2.64982 8.15531 15.85
      vertex 3.89297 7.64038 15.85
    endloop
  endfacet
  facet normal 0.382684 0.923879 0
    outer loop
      vertex 2.64982 8.15531 15.85
      vertex 3.89297 7.64038 12.85
      vertex 2.64982 8.15531 12.85
    endloop
  endfacet
  facet normal 0.233446 0.97237 -0
    outer loop
      vertex 2.64982 8.15531 12.85
      vertex 1.34142 8.46943 15.85
      vertex 2.64982 8.15531 15.85
    endloop
  endfacet
  facet normal 0.233446 0.97237 0
    outer loop
      vertex 1.34142 8.46943 15.85
      vertex 2.64982 8.15531 12.85
      vertex 1.34142 8.46943 12.85
    endloop
  endfacet
  facet normal 0.522498 0.85264 -0
    outer loop
      vertex 5.04026 6.93732 12.85
      vertex 3.89297 7.64038 15.85
      vertex 5.04026 6.93732 15.85
    endloop
  endfacet
  facet normal 0.522498 0.85264 0
    outer loop
      vertex 3.89297 7.64038 15.85
      vertex 5.04026 6.93732 12.85
      vertex 3.89297 7.64038 12.85
    endloop
  endfacet
  facet normal -0.85264 0.522498 0
    outer loop
      vertex -7.64038 3.89297 12.85
      vertex -6.93732 5.04026 15.85
      vertex -6.93732 5.04026 12.85
    endloop
  endfacet
  facet normal -0.85264 0.522498 0
    outer loop
      vertex -6.93732 5.04026 15.85
      vertex -7.64038 3.89297 12.85
      vertex -7.64038 3.89297 15.85
    endloop
  endfacet
  facet normal -0.760405 0.649449 0
    outer loop
      vertex -6.93732 5.04026 12.85
      vertex -6.06344 6.06344 15.85
      vertex -6.06344 6.06344 12.85
    endloop
  endfacet
  facet normal -0.760405 0.649449 0
    outer loop
      vertex -6.06344 6.06344 15.85
      vertex -6.93732 5.04026 12.85
      vertex -6.93732 5.04026 15.85
    endloop
  endfacet
  facet normal 0 0 1
    outer loop
      vertex 7.65 0 15.85
      vertex 8.575 0 15.85
      vertex 8.46943 1.34142 15.85
    endloop
  endfacet
  facet normal 0 0 1
    outer loop
      vertex 7.55582 1.19672 15.85
      vertex 8.46943 1.34142 15.85
      vertex 8.15531 2.64982 15.85
    endloop
  endfacet
  facet normal 0 0 1
    outer loop
      vertex 8.575 0 15.85
      vertex 7.65 0 15.85
      vertex 8.46943 -1.34142 15.85
    endloop
  endfacet
  facet normal -0 0 1
    outer loop
      vertex 7.55582 -1.19672 15.85
      vertex 8.46943 -1.34142 15.85
      vertex 7.65 0 15.85
    endloop
  endfacet
  facet normal 0 0 1
    outer loop
      vertex 7.27558 2.36398 15.85
      vertex 8.15531 2.64982 15.85
      vertex 7.64038 3.89297 15.85
    endloop
  endfacet
  facet normal 0 0 1
    outer loop
      vertex 8.46943 1.34142 15.85
      vertex 7.55582 1.19672 15.85
      vertex 7.65 0 15.85
    endloop
  endfacet
  facet normal 0 0 1
    outer loop
      vertex 8.15531 2.64982 15.85
      vertex 7.27558 2.36398 15.85
      vertex 7.55582 1.19672 15.85
    endloop
  endfacet
  facet normal 0 0 1
    outer loop
      vertex 6.8162 3.47303 15.85
      vertex 7.64038 3.89297 15.85
      vertex 6.93732 5.04026 15.85
    endloop
  endfacet
  facet normal 0 0 1
    outer loop
      vertex 7.64038 3.89297 15.85
      vertex 6.8162 3.47303 15.85
      vertex 7.27558 2.36398 15.85
    endloop
  endfacet
  facet normal 0 0 1
    outer loop
      vertex 6.93732 5.04026 15.85
      vertex 6.18898 4.49656 15.85
      vertex 6.8162 3.47303 15.85
    endloop
  endfacet
  facet normal 0 0 1
    outer loop
      vertex 6.06344 6.06344 15.85
      vertex 6.18898 4.49656 15.85
      vertex 6.93732 5.04026 15.85
    endloop
  endfacet
  facet normal 0 0 1
    outer loop
      vertex 6.06344 6.06344 15.85
      vertex 5.40937 5.40937 15.85
      vertex 6.18898 4.49656 15.85
    endloop
  endfacet
  facet normal 0 0 1
    outer loop
      vertex 5.04026 6.93732 15.85
      vertex 5.40937 5.40937 15.85
      vertex 6.06344 6.06344 15.85
    endloop
  endfacet
  facet normal 0 0 1
    outer loop
      vertex 5.04026 6.93732 15.85
      vertex 4.49656 6.18898 15.85
      vertex 5.40937 5.40937 15.85
    endloop
  endfacet
  facet normal 0 0 1
    outer loop
      vertex 3.89297 7.64038 15.85
      vertex 4.49656 6.18898 15.85
      vertex 5.04026 6.93732 15.85
    endloop
  endfacet
  facet normal 0 0 1
    outer loop
      vertex 3.89297 7.64038 15.85
      vertex 3.47303 6.8162 15.85
      vertex 4.49656 6.18898 15.85
    endloop
  endfacet
  facet normal 0 0 1
    outer loop
      vertex 2.64982 8.15531 15.85
      vertex 3.47303 6.8162 15.85
      vertex 3.89297 7.64038 15.85
    endloop
  endfacet
  facet normal 0 0 1
    outer loop
      vertex 2.64982 8.15531 15.85
      vertex 2.36398 7.27558 15.85
      vertex 3.47303 6.8162 15.85
    endloop
  endfacet
  facet normal 0 0 1
    outer loop
      vertex 1.34142 8.46943 15.85
      vertex 2.36398 7.27558 15.85
      vertex 2.64982 8.15531 15.85
    endloop
  endfacet
  facet normal 0 0 1
    outer loop
      vertex 1.34142 8.46943 15.85
      vertex 1.19672 7.55582 15.85
      vertex 2.36398 7.27558 15.85
    endloop
  endfacet
  facet normal 0 0 1
    outer loop
      vertex 0 8.575 15.85
      vertex 1.19672 7.55582 15.85
      vertex 1.34142 8.46943 15.85
    endloop
  endfacet
  facet normal 0 0 1
    outer loop
      vertex 0 8.575 15.85
      vertex 0 7.65 15.85
      vertex 1.19672 7.55582 15.85
    endloop
  endfacet
  facet normal 0 0 1
    outer loop
      vertex 0 8.575 15.85
      vertex -1.19672 7.55582 15.85
      vertex 0 7.65 15.85
    endloop
  endfacet
  facet normal -0 0 1
    outer loop
      vertex -1.34142 8.46943 15.85
      vertex -1.19672 7.55582 15.85
      vertex 0 8.575 15.85
    endloop
  endfacet
  facet normal 0 0 1
    outer loop
      vertex -1.34142 8.46943 15.85
      vertex -2.36398 7.27558 15.85
      vertex -1.19672 7.55582 15.85
    endloop
  endfacet
  facet normal -0 0 1
    outer loop
      vertex -2.64982 8.15531 15.85
      vertex -2.36398 7.27558 15.85
      vertex -1.34142 8.46943 15.85
    endloop
  endfacet
  facet normal 0 0 1
    outer loop
      vertex -2.64982 8.15531 15.85
      vertex -3.47303 6.8162 15.85
      vertex -2.36398 7.27558 15.85
    endloop
  endfacet
  facet normal -0 0 1
    outer loop
      vertex -3.89297 7.64038 15.85
      vertex -3.47303 6.8162 15.85
      vertex -2.64982 8.15531 15.85
    endloop
  endfacet
  facet normal 0 0 1
    outer loop
      vertex -3.89297 7.64038 15.85
      vertex -4.49656 6.18898 15.85
      vertex -3.47303 6.8162 15.85
    endloop
  endfacet
  facet normal -0 0 1
    outer loop
      vertex -5.04026 6.93732 15.85
      vertex -4.49656 6.18898 15.85
      vertex -3.89297 7.64038 15.85
    endloop
  endfacet
  facet normal 0 0 1
    outer loop
      vertex -5.04026 6.93732 15.85
      vertex -5.40937 5.40937 15.85
      vertex -4.49656 6.18898 15.85
    endloop
  endfacet
  facet normal -0 0 1
    outer loop
      vertex -6.06344 6.06344 15.85
      vertex -5.40937 5.40937 15.85
      vertex -5.04026 6.93732 15.85
    endloop
  endfacet
  facet normal 0 0 1
    outer loop
      vertex -6.06344 6.06344 15.85
      vertex -6.18898 4.49656 15.85
      vertex -5.40937 5.40937 15.85
    endloop
  endfacet
  facet normal -0 0 1
    outer loop
      vertex -6.93732 5.04026 15.85
      vertex -6.18898 4.49656 15.85
      vertex -6.06344 6.06344 15.85
    endloop
  endfacet
  facet normal 0 0 1
    outer loop
      vertex -6.18898 4.49656 15.85
      vertex -6.93732 5.04026 15.85
      vertex -6.8162 3.47303 15.85
    endloop
  endfacet
  facet normal -0 0 1
    outer loop
      vertex -7.64038 3.89297 15.85
      vertex -6.8162 3.47303 15.85
      vertex -6.93732 5.04026 15.85
    endloop
  endfacet
  facet normal 0 0 1
    outer loop
      vertex -6.8162 3.47303 15.85
      vertex -7.64038 3.89297 15.85
      vertex -7.27558 2.36398 15.85
    endloop
  endfacet
  facet normal -0 0 1
    outer loop
      vertex -8.15531 2.64982 15.85
      vertex -7.27558 2.36398 15.85
      vertex -7.64038 3.89297 15.85
    endloop
  endfacet
  facet normal 0 0 1
    outer loop
      vertex -7.27558 2.36398 15.85
      vertex -8.15531 2.64982 15.85
      vertex -7.55582 1.19672 15.85
    endloop
  endfacet
  facet normal -0 0 1
    outer loop
      vertex -8.46943 1.34142 15.85
      vertex -7.55582 1.19672 15.85
      vertex -8.15531 2.64982 15.85
    endloop
  endfacet
  facet normal 0 0 1
    outer loop
      vertex 8.46943 -1.34142 15.85
      vertex 7.55582 -1.19672 15.85
      vertex 8.15531 -2.64982 15.85
    endloop
  endfacet
  facet normal -0 0 1
    outer loop
      vertex 7.27558 -2.36398 15.85
      vertex 8.15531 -2.64982 15.85
      vertex 7.55582 -1.19672 15.85
    endloop
  endfacet
  facet normal 0 0 1
    outer loop
      vertex 8.15531 -2.64982 15.85
      vertex 7.27558 -2.36398 15.85
      vertex 7.64038 -3.89297 15.85
    endloop
  endfacet
  facet normal -0 0 1
    outer loop
      vertex 6.8162 -3.47303 15.85
      vertex 7.64038 -3.89297 15.85
      vertex 7.27558 -2.36398 15.85
    endloop
  endfacet
  facet normal 0 0 1
    outer loop
      vertex 7.64038 -3.89297 15.85
      vertex 6.8162 -3.47303 15.85
      vertex 6.93732 -5.04026 15.85
    endloop
  endfacet
  facet normal -0 0 1
    outer loop
      vertex 6.18898 -4.49656 15.85
      vertex 6.93732 -5.04026 15.85
      vertex 6.8162 -3.47303 15.85
    endloop
  endfacet
  facet normal 0 0 1
    outer loop
      vertex 6.18898 -4.49656 15.85
      vertex 6.06344 -6.06344 15.85
      vertex 6.93732 -5.04026 15.85
    endloop
  endfacet
  facet normal -0 0 1
    outer loop
      vertex 5.40937 -5.40937 15.85
      vertex 6.06344 -6.06344 15.85
      vertex 6.18898 -4.49656 15.85
    endloop
  endfacet
  facet normal 0 0 1
    outer loop
      vertex 5.40937 -5.40937 15.85
      vertex 5.04026 -6.93732 15.85
      vertex 6.06344 -6.06344 15.85
    endloop
  endfacet
  facet normal -0 0 1
    outer loop
      vertex 4.49656 -6.18898 15.85
      vertex 5.04026 -6.93732 15.85
      vertex 5.40937 -5.40937 15.85
    endloop
  endfacet
  facet normal 0 0 1
    outer loop
      vertex 4.49656 -6.18898 15.85
      vertex 3.89297 -7.64038 15.85
      vertex 5.04026 -6.93732 15.85
    endloop
  endfacet
  facet normal -0 0 1
    outer loop
      vertex 3.47303 -6.8162 15.85
      vertex 3.89297 -7.64038 15.85
      vertex 4.49656 -6.18898 15.85
    endloop
  endfacet
  facet normal 0 0 1
    outer loop
      vertex 3.47303 -6.8162 15.85
      vertex 2.64982 -8.15531 15.85
      vertex 3.89297 -7.64038 15.85
    endloop
  endfacet
  facet normal -0 0 1
    outer loop
      vertex 2.36398 -7.27558 15.85
      vertex 2.64982 -8.15531 15.85
      vertex 3.47303 -6.8162 15.85
    endloop
  endfacet
  facet normal 0 0 1
    outer loop
      vertex 2.36398 -7.27558 15.85
      vertex 1.34142 -8.46943 15.85
      vertex 2.64982 -8.15531 15.85
    endloop
  endfacet
  facet normal -0 0 1
    outer loop
      vertex 1.19672 -7.55582 15.85
      vertex 1.34142 -8.46943 15.85
      vertex 2.36398 -7.27558 15.85
    endloop
  endfacet
  facet normal -0 0 1
    outer loop
      vertex 0 -7.65 15.85
      vertex 1.34142 -8.46943 15.85
      vertex 1.19672 -7.55582 15.85
    endloop
  endfacet
  facet normal 0 0 1
    outer loop
      vertex 0 -7.65 15.85
      vertex 0 -8.575 15.85
      vertex 1.34142 -8.46943 15.85
    endloop
  endfacet
  facet normal 0 0 1
    outer loop
      vertex -1.19672 -7.55582 15.85
      vertex 0 -8.575 15.85
      vertex 0 -7.65 15.85
    endloop
  endfacet
  facet normal 0 0 1
    outer loop
      vertex -1.19672 -7.55582 15.85
      vertex -1.34142 -8.46943 15.85
      vertex 0 -8.575 15.85
    endloop
  endfacet
  facet normal 0 0 1
    outer loop
      vertex -2.36398 -7.27558 15.85
      vertex -1.34142 -8.46943 15.85
      vertex -1.19672 -7.55582 15.85
    endloop
  endfacet
  facet normal 0 0 1
    outer loop
      vertex -2.36398 -7.27558 15.85
      vertex -2.64982 -8.15531 15.85
      vertex -1.34142 -8.46943 15.85
    endloop
  endfacet
  facet normal 0 0 1
    outer loop
      vertex -3.47303 -6.8162 15.85
      vertex -2.64982 -8.15531 15.85
      vertex -2.36398 -7.27558 15.85
    endloop
  endfacet
  facet normal 0 0 1
    outer loop
      vertex -3.47303 -6.8162 15.85
      vertex -3.89297 -7.64038 15.85
      vertex -2.64982 -8.15531 15.85
    endloop
  endfacet
  facet normal 0 0 1
    outer loop
      vertex -4.49656 -6.18898 15.85
      vertex -3.89297 -7.64038 15.85
      vertex -3.47303 -6.8162 15.85
    endloop
  endfacet
  facet normal 0 0 1
    outer loop
      vertex -4.49656 -6.18898 15.85
      vertex -5.04026 -6.93732 15.85
      vertex -3.89297 -7.64038 15.85
    endloop
  endfacet
  facet normal 0 0 1
    outer loop
      vertex -5.40937 -5.40937 15.85
      vertex -5.04026 -6.93732 15.85
      vertex -4.49656 -6.18898 15.85
    endloop
  endfacet
  facet normal 0 0 1
    outer loop
      vertex -5.40937 -5.40937 15.85
      vertex -6.06344 -6.06344 15.85
      vertex -5.04026 -6.93732 15.85
    endloop
  endfacet
  facet normal 0 0 1
    outer loop
      vertex -6.18898 -4.49656 15.85
      vertex -6.06344 -6.06344 15.85
      vertex -5.40937 -5.40937 15.85
    endloop
  endfacet
  facet normal 0 0 1
    outer loop
      vertex -6.93732 -5.04026 15.85
      vertex -6.18898 -4.49656 15.85
      vertex -6.8162 -3.47303 15.85
    endloop
  endfacet
  facet normal 0 0 1
    outer loop
      vertex -6.18898 -4.49656 15.85
      vertex -6.93732 -5.04026 15.85
      vertex -6.06344 -6.06344 15.85
    endloop
  endfacet
  facet normal 0 0 1
    outer loop
      vertex -7.64038 -3.89297 15.85
      vertex -6.8162 -3.47303 15.85
      vertex -7.27558 -2.36398 15.85
    endloop
  endfacet
  facet normal 0 0 1
    outer loop
      vertex -8.15531 -2.64982 15.85
      vertex -7.27558 -2.36398 15.85
      vertex -7.55582 -1.19672 15.85
    endloop
  endfacet
  facet normal 0 0 1
    outer loop
      vertex -6.8162 -3.47303 15.85
      vertex -7.64038 -3.89297 15.85
      vertex -6.93732 -5.04026 15.85
    endloop
  endfacet
  facet normal 0 0 1
    outer loop
      vertex -8.46943 -1.34142 15.85
      vertex -7.55582 -1.19672 15.85
      vertex -7.65 0 15.85
    endloop
  endfacet
  facet normal 0 0 1
    outer loop
      vertex -7.55582 1.19672 15.85
      vertex -8.46943 1.34142 15.85
      vertex -7.65 0 15.85
    endloop
  endfacet
  facet normal 0 0 1
    outer loop
      vertex -7.27558 -2.36398 15.85
      vertex -8.15531 -2.64982 15.85
      vertex -7.64038 -3.89297 15.85
    endloop
  endfacet
  facet normal 0 0 1
    outer loop
      vertex -8.575 0 15.85
      vertex -7.65 0 15.85
      vertex -8.46943 1.34142 15.85
    endloop
  endfacet
  facet normal 0 0 1
    outer loop
      vertex -7.55582 -1.19672 15.85
      vertex -8.46943 -1.34142 15.85
      vertex -8.15531 -2.64982 15.85
    endloop
  endfacet
  facet normal 0 0 1
    outer loop
      vertex -7.65 0 15.85
      vertex -8.575 0 15.85
      vertex -8.46943 -1.34142 15.85
    endloop
  endfacet
  facet normal -0.522498 0.85264 0
    outer loop
      vertex -3.89297 7.64038 12.85
      vertex -5.04026 6.93732 15.85
      vertex -3.89297 7.64038 15.85
    endloop
  endfacet
  facet normal -0.522498 0.85264 0
    outer loop
      vertex -5.04026 6.93732 15.85
      vertex -3.89297 7.64038 12.85
      vertex -5.04026 6.93732 12.85
    endloop
  endfacet
  facet normal -0.0784576 0.996917 0
    outer loop
      vertex 0 8.575 12.85
      vertex -1.34142 8.46943 15.85
      vertex 0 8.575 15.85
    endloop
  endfacet
  facet normal -0.0784576 0.996917 0
    outer loop
      vertex -1.34142 8.46943 15.85
      vertex 0 8.575 12.85
      vertex -1.34142 8.46943 12.85
    endloop
  endfacet
  facet normal 0.382684 -0.923879 0
    outer loop
      vertex 2.64982 -8.15531 12.85
      vertex 3.89297 -7.64038 15.85
      vertex 2.64982 -8.15531 15.85
    endloop
  endfacet
  facet normal 0.382684 -0.923879 0
    outer loop
      vertex 3.89297 -7.64038 15.85
      vertex 2.64982 -8.15531 12.85
      vertex 3.89297 -7.64038 12.85
    endloop
  endfacet
  facet normal 0.0784576 -0.996917 0
    outer loop
      vertex 0 -8.575 12.85
      vertex 1.34142 -8.46943 15.85
      vertex 0 -8.575 15.85
    endloop
  endfacet
  facet normal 0.0784576 -0.996917 0
    outer loop
      vertex 1.34142 -8.46943 15.85
      vertex 0 -8.575 12.85
      vertex 1.34142 -8.46943 12.85
    endloop
  endfacet
  facet normal 0.522498 -0.85264 0
    outer loop
      vertex 3.89297 -7.64038 12.85
      vertex 5.04026 -6.93732 15.85
      vertex 3.89297 -7.64038 15.85
    endloop
  endfacet
  facet normal 0.522498 -0.85264 0
    outer loop
      vertex 5.04026 -6.93732 15.85
      vertex 3.89297 -7.64038 12.85
      vertex 5.04026 -6.93732 12.85
    endloop
  endfacet
  facet normal -0.649449 -0.760405 0
    outer loop
      vertex -6.06344 -6.06344 12.85
      vertex -5.04026 -6.93732 15.85
      vertex -6.06344 -6.06344 15.85
    endloop
  endfacet
  facet normal -0.649449 -0.760405 -0
    outer loop
      vertex -5.04026 -6.93732 15.85
      vertex -6.06344 -6.06344 12.85
      vertex -5.04026 -6.93732 12.85
    endloop
  endfacet
  facet normal -0.85264 -0.522498 0
    outer loop
      vertex -6.93732 -5.04026 12.85
      vertex -7.64038 -3.89297 15.85
      vertex -7.64038 -3.89297 12.85
    endloop
  endfacet
  facet normal -0.85264 -0.522498 0
    outer loop
      vertex -7.64038 -3.89297 15.85
      vertex -6.93732 -5.04026 12.85
      vertex -6.93732 -5.04026 15.85
    endloop
  endfacet
  facet normal -0.996917 -0.0784576 0
    outer loop
      vertex -8.46943 -1.34142 12.85
      vertex -8.575 0 15.85
      vertex -8.575 0 12.85
    endloop
  endfacet
  facet normal -0.996917 -0.0784576 0
    outer loop
      vertex -8.575 0 15.85
      vertex -8.46943 -1.34142 12.85
      vertex -8.46943 -1.34142 15.85
    endloop
  endfacet
  facet normal 0.923879 0.382684 0
    outer loop
      vertex 8.15531 2.64982 15.85
      vertex 7.64038 3.89297 12.85
      vertex 7.64038 3.89297 15.85
    endloop
  endfacet
  facet normal 0.923879 0.382684 0
    outer loop
      vertex 7.64038 3.89297 12.85
      vertex 8.15531 2.64982 15.85
      vertex 8.15531 2.64982 12.85
    endloop
  endfacet
  facet normal 0.97237 0.233446 0
    outer loop
      vertex 8.46943 1.34142 15.85
      vertex 8.15531 2.64982 12.85
      vertex 8.15531 2.64982 15.85
    endloop
  endfacet
  facet normal 0.97237 0.233446 0
    outer loop
      vertex 8.15531 2.64982 12.85
      vertex 8.46943 1.34142 15.85
      vertex 8.46943 1.34142 12.85
    endloop
  endfacet
  facet normal -0.923879 0.382684 0
    outer loop
      vertex -8.15531 2.64982 12.85
      vertex -7.64038 3.89297 15.85
      vertex -7.64038 3.89297 12.85
    endloop
  endfacet
  facet normal -0.923879 0.382684 0
    outer loop
      vertex -7.64038 3.89297 15.85
      vertex -8.15531 2.64982 12.85
      vertex -8.15531 2.64982 15.85
    endloop
  endfacet
  facet normal -0.97237 0.233446 0
    outer loop
      vertex -8.46943 1.34142 12.85
      vertex -8.15531 2.64982 15.85
      vertex -8.15531 2.64982 12.85
    endloop
  endfacet
  facet normal -0.97237 0.233446 0
    outer loop
      vertex -8.15531 2.64982 15.85
      vertex -8.46943 1.34142 12.85
      vertex -8.46943 1.34142 15.85
    endloop
  endfacet
  facet normal -0.233446 0.97237 0
    outer loop
      vertex -1.34142 8.46943 12.85
      vertex -2.64982 8.15531 15.85
      vertex -1.34142 8.46943 15.85
    endloop
  endfacet
  facet normal -0.233446 0.97237 0
    outer loop
      vertex -2.64982 8.15531 15.85
      vertex -1.34142 8.46943 12.85
      vertex -2.64982 8.15531 12.85
    endloop
  endfacet
  facet normal 0.233446 -0.97237 0
    outer loop
      vertex 1.34142 -8.46943 12.85
      vertex 2.64982 -8.15531 15.85
      vertex 1.34142 -8.46943 15.85
    endloop
  endfacet
  facet normal 0.233446 -0.97237 0
    outer loop
      vertex 2.64982 -8.15531 15.85
      vertex 1.34142 -8.46943 12.85
      vertex 2.64982 -8.15531 12.85
    endloop
  endfacet
  facet normal 0.649449 -0.760405 0
    outer loop
      vertex 5.04026 -6.93732 12.85
      vertex 6.06344 -6.06344 15.85
      vertex 5.04026 -6.93732 15.85
    endloop
  endfacet
  facet normal 0.649449 -0.760405 0
    outer loop
      vertex 6.06344 -6.06344 15.85
      vertex 5.04026 -6.93732 12.85
      vertex 6.06344 -6.06344 12.85
    endloop
  endfacet
  facet normal 0.996917 -0.0784576 0
    outer loop
      vertex 8.46943 -1.34142 15.85
      vertex 8.575 0 12.85
      vertex 8.575 0 15.85
    endloop
  endfacet
  facet normal 0.996917 -0.0784576 0
    outer loop
      vertex 8.575 0 12.85
      vertex 8.46943 -1.34142 15.85
      vertex 8.46943 -1.34142 12.85
    endloop
  endfacet
  facet normal -0.522498 -0.85264 0
    outer loop
      vertex -5.04026 -6.93732 12.85
      vertex -3.89297 -7.64038 15.85
      vertex -5.04026 -6.93732 15.85
    endloop
  endfacet
  facet normal -0.522498 -0.85264 -0
    outer loop
      vertex -3.89297 -7.64038 15.85
      vertex -5.04026 -6.93732 12.85
      vertex -3.89297 -7.64038 12.85
    endloop
  endfacet
  facet normal -0.382684 -0.923879 0
    outer loop
      vertex -3.89297 -7.64038 12.85
      vertex -2.64982 -8.15531 15.85
      vertex -3.89297 -7.64038 15.85
    endloop
  endfacet
  facet normal -0.382684 -0.923879 -0
    outer loop
      vertex -2.64982 -8.15531 15.85
      vertex -3.89297 -7.64038 12.85
      vertex -2.64982 -8.15531 12.85
    endloop
  endfacet
  facet normal -0.0784576 -0.996917 0
    outer loop
      vertex -1.34142 -8.46943 12.85
      vertex 0 -8.575 15.85
      vertex -1.34142 -8.46943 15.85
    endloop
  endfacet
  facet normal -0.0784576 -0.996917 -0
    outer loop
      vertex 0 -8.575 15.85
      vertex -1.34142 -8.46943 12.85
      vertex 0 -8.575 12.85
    endloop
  endfacet
  facet normal -0.760405 -0.649449 0
    outer loop
      vertex -6.06344 -6.06344 12.85
      vertex -6.93732 -5.04026 15.85
      vertex -6.93732 -5.04026 12.85
    endloop
  endfacet
  facet normal -0.760405 -0.649449 0
    outer loop
      vertex -6.93732 -5.04026 15.85
      vertex -6.06344 -6.06344 12.85
      vertex -6.06344 -6.06344 15.85
    endloop
  endfacet
  facet normal -0.97237 -0.233446 0
    outer loop
      vertex -8.15531 -2.64982 12.85
      vertex -8.46943 -1.34142 15.85
      vertex -8.46943 -1.34142 12.85
    endloop
  endfacet
  facet normal -0.97237 -0.233446 0
    outer loop
      vertex -8.46943 -1.34142 15.85
      vertex -8.15531 -2.64982 12.85
      vertex -8.15531 -2.64982 15.85
    endloop
  endfacet
  facet normal 0.760405 -0.649449 0
    outer loop
      vertex 6.06344 -6.06344 15.85
      vertex 6.93732 -5.04026 12.85
      vertex 6.93732 -5.04026 15.85
    endloop
  endfacet
  facet normal 0.760405 -0.649449 0
    outer loop
      vertex 6.93732 -5.04026 12.85
      vertex 6.06344 -6.06344 15.85
      vertex 6.06344 -6.06344 12.85
    endloop
  endfacet
  facet normal 0.923879 -0.382684 0
    outer loop
      vertex 7.64038 -3.89297 15.85
      vertex 8.15531 -2.64982 12.85
      vertex 8.15531 -2.64982 15.85
    endloop
  endfacet
  facet normal 0.923879 -0.382684 0
    outer loop
      vertex 8.15531 -2.64982 12.85
      vertex 7.64038 -3.89297 15.85
      vertex 7.64038 -3.89297 12.85
    endloop
  endfacet
  facet normal -0.233446 -0.97237 0
    outer loop
      vertex -2.64982 -8.15531 12.85
      vertex -1.34142 -8.46943 15.85
      vertex -2.64982 -8.15531 15.85
    endloop
  endfacet
  facet normal -0.233446 -0.97237 -0
    outer loop
      vertex -1.34142 -8.46943 15.85
      vertex -2.64982 -8.15531 12.85
      vertex -1.34142 -8.46943 12.85
    endloop
  endfacet
  facet normal 0.97237 -0.233446 0
    outer loop
      vertex 8.15531 -2.64982 15.85
      vertex 8.46943 -1.34142 12.85
      vertex 8.46943 -1.34142 15.85
    endloop
  endfacet
  facet normal 0.97237 -0.233446 0
    outer loop
      vertex 8.46943 -1.34142 12.85
      vertex 8.15531 -2.64982 15.85
      vertex 8.15531 -2.64982 12.85
    endloop
  endfacet
  facet normal 0 0 -1
    outer loop
      vertex -62.875 -0.125 9.53674e-07
      vertex -21.125 0.125 9.53674e-07
      vertex -21.125 -0.125 9.53674e-07
    endloop
  endfacet
  facet normal -0 0 -1
    outer loop
      vertex -21.125 0.125 9.53674e-07
      vertex -62.875 -0.125 9.53674e-07
      vertex -62.875 0.125 9.53674e-07
    endloop
  endfacet
  facet normal 0 0 -1
    outer loop
      vertex -20.875 -0.125 9.53674e-07
      vertex 20.875 0.125 9.53674e-07
      vertex 20.875 -0.125 9.53674e-07
    endloop
  endfacet
  facet normal -0 0 -1
    outer loop
      vertex 20.875 0.125 9.53674e-07
      vertex -20.875 -0.125 9.53674e-07
      vertex -20.875 0.125 9.53674e-07
    endloop
  endfacet
  facet normal 0 0 -1
    outer loop
      vertex 21.125 -0.125 9.53674e-07
      vertex 62.875 0.125 9.53674e-07
      vertex 62.875 -0.125 9.53674e-07
    endloop
  endfacet
  facet normal -0 0 -1
    outer loop
      vertex 62.875 0.125 9.53674e-07
      vertex 21.125 -0.125 9.53674e-07
      vertex 21.125 0.125 9.53674e-07
    endloop
  endfacet
  facet normal 0 0 -1
    outer loop
      vertex 62.875 -41.875 9.53674e-07
      vertex 72 -43.9001 9.53674e-07
      vertex 71.9003 -45.1671 9.53674e-07
    endloop
  endfacet
  facet normal 0 0 -1
    outer loop
      vertex 72 -43.9001 9.53674e-07
      vertex 62.875 -0.125 9.53674e-07
      vertex 72 43.9001 9.53674e-07
    endloop
  endfacet
  facet normal 0 0 -1
    outer loop
      vertex 62.875 -41.875 9.53674e-07
      vertex 71.9003 -45.1671 9.53674e-07
      vertex 71.6036 -46.403 9.53674e-07
    endloop
  endfacet
  facet normal 0 0 -1
    outer loop
      vertex 62.875 0.125 9.53674e-07
      vertex 72 43.9001 9.53674e-07
      vertex 62.875 -0.125 9.53674e-07
    endloop
  endfacet
  facet normal 0 0 -1
    outer loop
      vertex 62.875 -41.875 9.53674e-07
      vertex 71.6036 -46.403 9.53674e-07
      vertex 71.1171 -47.5773 9.53674e-07
    endloop
  endfacet
  facet normal 0 0 -1
    outer loop
      vertex 62.875 41.875 9.53674e-07
      vertex 72 43.9001 9.53674e-07
      vertex 62.875 0.125 9.53674e-07
    endloop
  endfacet
  facet normal 0 0 -1
    outer loop
      vertex 62.875 -41.875 9.53674e-07
      vertex 71.1171 -47.5773 9.53674e-07
      vertex 70.453 -48.6611 9.53674e-07
    endloop
  endfacet
  facet normal -0 0 -1
    outer loop
      vertex 72 43.9001 9.53674e-07
      vertex 62.875 41.875 9.53674e-07
      vertex 71.9003 45.1671 9.53674e-07
    endloop
  endfacet
  facet normal 0 0 -1
    outer loop
      vertex 62.875 -41.875 9.53674e-07
      vertex 70.453 -48.6611 9.53674e-07
      vertex 69.6276 -49.6276 9.53674e-07
    endloop
  endfacet
  facet normal -0 0 -1
    outer loop
      vertex 71.9003 45.1671 9.53674e-07
      vertex 62.875 41.875 9.53674e-07
      vertex 71.6036 46.403 9.53674e-07
    endloop
  endfacet
  facet normal 0 0 -1
    outer loop
      vertex 62.875 -41.875 9.53674e-07
      vertex 69.6276 -49.6276 9.53674e-07
      vertex 68.6611 -50.453 9.53674e-07
    endloop
  endfacet
  facet normal -0 0 -1
    outer loop
      vertex 71.6036 46.403 9.53674e-07
      vertex 62.875 41.875 9.53674e-07
      vertex 71.1171 47.5773 9.53674e-07
    endloop
  endfacet
  facet normal 0 0 -1
    outer loop
      vertex 62.875 -41.875 9.53674e-07
      vertex 68.6611 -50.453 9.53674e-07
      vertex 67.5773 -51.1172 9.53674e-07
    endloop
  endfacet
  facet normal -0 0 -1
    outer loop
      vertex 71.1171 47.5773 9.53674e-07
      vertex 62.875 41.875 9.53674e-07
      vertex 70.453 48.6611 9.53674e-07
    endloop
  endfacet
  facet normal 0 0 -1
    outer loop
      vertex 62.875 -41.875 9.53674e-07
      vertex 67.5773 -51.1172 9.53674e-07
      vertex 66.403 -51.6036 9.53674e-07
    endloop
  endfacet
  facet normal -0 0 -1
    outer loop
      vertex 70.453 48.6611 9.53674e-07
      vertex 62.875 41.875 9.53674e-07
      vertex 69.6276 49.6276 9.53674e-07
    endloop
  endfacet
  facet normal 0 0 -1
    outer loop
      vertex 62.875 -41.875 9.53674e-07
      vertex 66.403 -51.6036 9.53674e-07
      vertex 65.1671 -51.9003 9.53674e-07
    endloop
  endfacet
  facet normal -0 0 -1
    outer loop
      vertex 69.6276 49.6276 9.53674e-07
      vertex 62.875 41.875 9.53674e-07
      vertex 68.6611 50.453 9.53674e-07
    endloop
  endfacet
  facet normal 0 0 -1
    outer loop
      vertex 62.875 -41.875 9.53674e-07
      vertex 65.1671 -51.9003 9.53674e-07
      vertex 63.9001 -52 9.53674e-07
    endloop
  endfacet
  facet normal -0 0 -1
    outer loop
      vertex 68.6611 50.453 9.53674e-07
      vertex 62.875 41.875 9.53674e-07
      vertex 67.5773 51.1172 9.53674e-07
    endloop
  endfacet
  facet normal 0 0 -1
    outer loop
      vertex 72 -43.9001 9.53674e-07
      vertex 62.875 -41.875 9.53674e-07
      vertex 62.875 -0.125 9.53674e-07
    endloop
  endfacet
  facet normal 0 0 -1
    outer loop
      vertex 63.9001 -52 9.53674e-07
      vertex 21.125 -41.875 9.53674e-07
      vertex 62.875 -41.875 9.53674e-07
    endloop
  endfacet
  facet normal 0 0 -1
    outer loop
      vertex 20.875 -0.125 9.53674e-07
      vertex 21.125 -0.125 9.53674e-07
      vertex 21.125 -41.875 9.53674e-07
    endloop
  endfacet
  facet normal 0 0 -1
    outer loop
      vertex 21.125 -0.125 9.53674e-07
      vertex 20.875 -0.125 9.53674e-07
      vertex 21.125 0.125 9.53674e-07
    endloop
  endfacet
  facet normal 0 0 -1
    outer loop
      vertex 20.875 -0.125 9.53674e-07
      vertex 21.125 -41.875 9.53674e-07
      vertex 20.875 -41.875 9.53674e-07
    endloop
  endfacet
  facet normal 0 0 -1
    outer loop
      vertex 63.9001 -52 9.53674e-07
      vertex 20.875 -41.875 9.53674e-07
      vertex 21.125 -41.875 9.53674e-07
    endloop
  endfacet
  facet normal 0 0 -1
    outer loop
      vertex 63.9001 -52 9.53674e-07
      vertex -20.875 -41.875 9.53674e-07
      vertex 20.875 -41.875 9.53674e-07
    endloop
  endfacet
  facet normal 0 0 -1
    outer loop
      vertex -21.125 -0.125 9.53674e-07
      vertex -20.875 -0.125 9.53674e-07
      vertex -20.875 -41.875 9.53674e-07
    endloop
  endfacet
  facet normal 0 0 -1
    outer loop
      vertex -20.875 -0.125 9.53674e-07
      vertex -21.125 -0.125 9.53674e-07
      vertex -20.875 0.125 9.53674e-07
    endloop
  endfacet
  facet normal 0 0 -1
    outer loop
      vertex -21.125 -0.125 9.53674e-07
      vertex -20.875 -41.875 9.53674e-07
      vertex -21.125 -41.875 9.53674e-07
    endloop
  endfacet
  facet normal 0 0 -1
    outer loop
      vertex -63.9001 -52 9.53674e-07
      vertex -20.875 -41.875 9.53674e-07
      vertex 63.9001 -52 9.53674e-07
    endloop
  endfacet
  facet normal -0 0 -1
    outer loop
      vertex -20.875 -41.875 9.53674e-07
      vertex -63.9001 -52 9.53674e-07
      vertex -21.125 -41.875 9.53674e-07
    endloop
  endfacet
  facet normal 0 0 -1
    outer loop
      vertex -72 -43.9001 9.53674e-07
      vertex -62.875 -0.125 9.53674e-07
      vertex -62.875 -41.875 9.53674e-07
    endloop
  endfacet
  facet normal -0 0 -1
    outer loop
      vertex -62.875 -0.125 9.53674e-07
      vertex -72 -43.9001 9.53674e-07
      vertex -62.875 0.125 9.53674e-07
    endloop
  endfacet
  facet normal 0 0 -1
    outer loop
      vertex -65.1671 -51.9003 9.53674e-07
      vertex -62.875 -41.875 9.53674e-07
      vertex -63.9001 -52 9.53674e-07
    endloop
  endfacet
  facet normal -0 0 -1
    outer loop
      vertex -21.125 -41.875 9.53674e-07
      vertex -63.9001 -52 9.53674e-07
      vertex -62.875 -41.875 9.53674e-07
    endloop
  endfacet
  facet normal -0 0 -1
    outer loop
      vertex 67.5773 51.1172 9.53674e-07
      vertex 62.875 41.875 9.53674e-07
      vertex 66.403 51.6036 9.53674e-07
    endloop
  endfacet
  facet normal -0 0 -1
    outer loop
      vertex 66.403 51.6036 9.53674e-07
      vertex 62.875 41.875 9.53674e-07
      vertex 65.1671 51.9003 9.53674e-07
    endloop
  endfacet
  facet normal -0 0 -1
    outer loop
      vertex 65.1671 51.9003 9.53674e-07
      vertex 62.875 41.875 9.53674e-07
      vertex 63.9001 52 9.53674e-07
    endloop
  endfacet
  facet normal 0 0 -1
    outer loop
      vertex 21.125 41.875 9.53674e-07
      vertex 63.9001 52 9.53674e-07
      vertex 62.875 41.875 9.53674e-07
    endloop
  endfacet
  facet normal 0 0 -1
    outer loop
      vertex 20.875 0.125 9.53674e-07
      vertex 21.125 0.125 9.53674e-07
      vertex 20.875 -0.125 9.53674e-07
    endloop
  endfacet
  facet normal 0 0 -1
    outer loop
      vertex 21.125 0.125 9.53674e-07
      vertex 20.875 0.125 9.53674e-07
      vertex 21.125 41.875 9.53674e-07
    endloop
  endfacet
  facet normal 0 0 -1
    outer loop
      vertex 20.875 41.875 9.53674e-07
      vertex 21.125 41.875 9.53674e-07
      vertex 20.875 0.125 9.53674e-07
    endloop
  endfacet
  facet normal 0 0 -1
    outer loop
      vertex 20.875 41.875 9.53674e-07
      vertex 63.9001 52 9.53674e-07
      vertex 21.125 41.875 9.53674e-07
    endloop
  endfacet
  facet normal 0 0 -1
    outer loop
      vertex -20.875 41.875 9.53674e-07
      vertex 63.9001 52 9.53674e-07
      vertex 20.875 41.875 9.53674e-07
    endloop
  endfacet
  facet normal 0 0 -1
    outer loop
      vertex -21.125 0.125 9.53674e-07
      vertex -20.875 0.125 9.53674e-07
      vertex -21.125 -0.125 9.53674e-07
    endloop
  endfacet
  facet normal 0 0 -1
    outer loop
      vertex -20.875 0.125 9.53674e-07
      vertex -21.125 0.125 9.53674e-07
      vertex -20.875 41.875 9.53674e-07
    endloop
  endfacet
  facet normal 0 0 -1
    outer loop
      vertex -21.125 41.875 9.53674e-07
      vertex -20.875 41.875 9.53674e-07
      vertex -21.125 0.125 9.53674e-07
    endloop
  endfacet
  facet normal 0 0 -1
    outer loop
      vertex -63.9001 52 9.53674e-07
      vertex -20.875 41.875 9.53674e-07
      vertex -21.125 41.875 9.53674e-07
    endloop
  endfacet
  facet normal 0 0 -1
    outer loop
      vertex -63.9001 52 9.53674e-07
      vertex -21.125 41.875 9.53674e-07
      vertex -62.875 41.875 9.53674e-07
    endloop
  endfacet
  facet normal 0 0 -1
    outer loop
      vertex -20.875 41.875 9.53674e-07
      vertex -63.9001 52 9.53674e-07
      vertex 63.9001 52 9.53674e-07
    endloop
  endfacet
  facet normal 0 0 -1
    outer loop
      vertex -72 43.9001 9.53674e-07
      vertex -62.875 0.125 9.53674e-07
      vertex -72 -43.9001 9.53674e-07
    endloop
  endfacet
  facet normal 0 0 -1
    outer loop
      vertex -66.403 -51.6036 9.53674e-07
      vertex -62.875 -41.875 9.53674e-07
      vertex -65.1671 -51.9003 9.53674e-07
    endloop
  endfacet
  facet normal 0 0 -1
    outer loop
      vertex -62.875 0.125 9.53674e-07
      vertex -72 43.9001 9.53674e-07
      vertex -62.875 41.875 9.53674e-07
    endloop
  endfacet
  facet normal 0 0 -1
    outer loop
      vertex -67.5773 -51.1172 9.53674e-07
      vertex -62.875 -41.875 9.53674e-07
      vertex -66.403 -51.6036 9.53674e-07
    endloop
  endfacet
  facet normal 0 -0 -1
    outer loop
      vertex -71.9003 45.1671 9.53674e-07
      vertex -62.875 41.875 9.53674e-07
      vertex -72 43.9001 9.53674e-07
    endloop
  endfacet
  facet normal 0 0 -1
    outer loop
      vertex -68.6611 -50.453 9.53674e-07
      vertex -62.875 -41.875 9.53674e-07
      vertex -67.5773 -51.1172 9.53674e-07
    endloop
  endfacet
  facet normal 0 0 -1
    outer loop
      vertex -62.875 41.875 9.53674e-07
      vertex -65.1671 51.9003 9.53674e-07
      vertex -63.9001 52 9.53674e-07
    endloop
  endfacet
  facet normal 0 0 -1
    outer loop
      vertex -69.6276 -49.6276 9.53674e-07
      vertex -62.875 -41.875 9.53674e-07
      vertex -68.6611 -50.453 9.53674e-07
    endloop
  endfacet
  facet normal 0 0 -1
    outer loop
      vertex -62.875 41.875 9.53674e-07
      vertex -66.403 51.6036 9.53674e-07
      vertex -65.1671 51.9003 9.53674e-07
    endloop
  endfacet
  facet normal 0 0 -1
    outer loop
      vertex -70.453 -48.6611 9.53674e-07
      vertex -62.875 -41.875 9.53674e-07
      vertex -69.6276 -49.6276 9.53674e-07
    endloop
  endfacet
  facet normal 0 0 -1
    outer loop
      vertex -62.875 41.875 9.53674e-07
      vertex -67.5773 51.1172 9.53674e-07
      vertex -66.403 51.6036 9.53674e-07
    endloop
  endfacet
  facet normal 0 0 -1
    outer loop
      vertex -71.1171 -47.5773 9.53674e-07
      vertex -62.875 -41.875 9.53674e-07
      vertex -70.453 -48.6611 9.53674e-07
    endloop
  endfacet
  facet normal 0 0 -1
    outer loop
      vertex -62.875 41.875 9.53674e-07
      vertex -68.6611 50.453 9.53674e-07
      vertex -67.5773 51.1172 9.53674e-07
    endloop
  endfacet
  facet normal 0 0 -1
    outer loop
      vertex -71.6036 -46.403 9.53674e-07
      vertex -62.875 -41.875 9.53674e-07
      vertex -71.1171 -47.5773 9.53674e-07
    endloop
  endfacet
  facet normal 0 0 -1
    outer loop
      vertex -62.875 41.875 9.53674e-07
      vertex -69.6276 49.6276 9.53674e-07
      vertex -68.6611 50.453 9.53674e-07
    endloop
  endfacet
  facet normal 0 0 -1
    outer loop
      vertex -71.9003 -45.1671 9.53674e-07
      vertex -62.875 -41.875 9.53674e-07
      vertex -71.6036 -46.403 9.53674e-07
    endloop
  endfacet
  facet normal 0 0 -1
    outer loop
      vertex -62.875 41.875 9.53674e-07
      vertex -70.453 48.6611 9.53674e-07
      vertex -69.6276 49.6276 9.53674e-07
    endloop
  endfacet
  facet normal 0 0 -1
    outer loop
      vertex -62.875 -41.875 9.53674e-07
      vertex -71.9003 -45.1671 9.53674e-07
      vertex -72 -43.9001 9.53674e-07
    endloop
  endfacet
  facet normal 0 0 -1
    outer loop
      vertex -62.875 41.875 9.53674e-07
      vertex -71.1171 47.5773 9.53674e-07
      vertex -70.453 48.6611 9.53674e-07
    endloop
  endfacet
  facet normal 0 0 -1
    outer loop
      vertex -62.875 41.875 9.53674e-07
      vertex -71.6036 46.403 9.53674e-07
      vertex -71.1171 47.5773 9.53674e-07
    endloop
  endfacet
  facet normal 0 0 -1
    outer loop
      vertex -62.875 41.875 9.53674e-07
      vertex -71.9003 45.1671 9.53674e-07
      vertex -71.6036 46.403 9.53674e-07
    endloop
  endfacet
  facet normal 1 -0 0
    outer loop
      vertex -62.875 -41.875 3.24
      vertex -62.875 -0.125 9.53674e-07
      vertex -62.875 -0.125 3.24
    endloop
  endfacet
  facet normal 1 0 0
    outer loop
      vertex -62.875 -0.125 9.53674e-07
      vertex -62.875 -41.875 3.24
      vertex -62.875 -41.875 9.53674e-07
    endloop
  endfacet
  facet normal 0 0 -1
    outer loop
      vertex -21.125 -41.875 3.24
      vertex -23.275 -39.725 3.24
      vertex -21.125 -0.125 3.24
    endloop
  endfacet
  facet normal 0 0 -1
    outer loop
      vertex -21.125 -41.875 3.24
      vertex -60.725 -39.725 3.24
      vertex -23.275 -39.725 3.24
    endloop
  endfacet
  facet normal -0 0 -1
    outer loop
      vertex -60.725 -39.725 3.24
      vertex -62.875 -41.875 3.24
      vertex -60.725 -2.275 3.24
    endloop
  endfacet
  facet normal 0 0 -1
    outer loop
      vertex -62.875 -41.875 3.24
      vertex -60.725 -39.725 3.24
      vertex -21.125 -41.875 3.24
    endloop
  endfacet
  facet normal 0 0 -1
    outer loop
      vertex -23.275 -2.275 3.24
      vertex -21.125 -0.125 3.24
      vertex -23.275 -39.725 3.24
    endloop
  endfacet
  facet normal 0 0 -1
    outer loop
      vertex -60.725 -2.275 3.24
      vertex -21.125 -0.125 3.24
      vertex -23.275 -2.275 3.24
    endloop
  endfacet
  facet normal 0 0 -1
    outer loop
      vertex -60.725 -2.275 3.24
      vertex -62.875 -0.125 3.24
      vertex -21.125 -0.125 3.24
    endloop
  endfacet
  facet normal 0 0 -1
    outer loop
      vertex -62.875 -0.125 3.24
      vertex -60.725 -2.275 3.24
      vertex -62.875 -41.875 3.24
    endloop
  endfacet
  facet normal -1 0 0
    outer loop
      vertex -21.125 -41.875 9.53674e-07
      vertex -21.125 -0.125 3.24
      vertex -21.125 -0.125 9.53674e-07
    endloop
  endfacet
  facet normal -1 -0 0
    outer loop
      vertex -21.125 -0.125 3.24
      vertex -21.125 -41.875 9.53674e-07
      vertex -21.125 -41.875 3.24
    endloop
  endfacet
  facet normal 0 1 -0
    outer loop
      vertex -21.125 -41.875 9.53674e-07
      vertex -62.875 -41.875 3.24
      vertex -21.125 -41.875 3.24
    endloop
  endfacet
  facet normal 0 1 0
    outer loop
      vertex -62.875 -41.875 3.24
      vertex -21.125 -41.875 9.53674e-07
      vertex -62.875 -41.875 9.53674e-07
    endloop
  endfacet
  facet normal 0 -1 0
    outer loop
      vertex -62.875 -0.125 9.53674e-07
      vertex -21.125 -0.125 3.24
      vertex -62.875 -0.125 3.24
    endloop
  endfacet
  facet normal 0 -1 -0
    outer loop
      vertex -21.125 -0.125 3.24
      vertex -62.875 -0.125 9.53674e-07
      vertex -21.125 -0.125 9.53674e-07
    endloop
  endfacet
  facet normal 1 -0 0
    outer loop
      vertex -60.725 -39.725 4.34
      vertex -60.725 -2.275 3.24
      vertex -60.725 -2.275 4.34
    endloop
  endfacet
  facet normal 1 0 0
    outer loop
      vertex -60.725 -2.275 3.24
      vertex -60.725 -39.725 4.34
      vertex -60.725 -39.725 3.24
    endloop
  endfacet
  facet normal 0 0 -1
    outer loop
      vertex -60.725 -39.725 4.34
      vertex -23.275 -2.275 4.34
      vertex -23.275 -39.725 4.34
    endloop
  endfacet
  facet normal -0 0 -1
    outer loop
      vertex -23.275 -2.275 4.34
      vertex -60.725 -39.725 4.34
      vertex -60.725 -2.275 4.34
    endloop
  endfacet
  facet normal -1 0 0
    outer loop
      vertex -23.275 -39.725 3.24
      vertex -23.275 -2.275 4.34
      vertex -23.275 -2.275 3.24
    endloop
  endfacet
  facet normal -1 -0 0
    outer loop
      vertex -23.275 -2.275 4.34
      vertex -23.275 -39.725 3.24
      vertex -23.275 -39.725 4.34
    endloop
  endfacet
  facet normal 0 1 -0
    outer loop
      vertex -23.275 -39.725 3.24
      vertex -60.725 -39.725 4.34
      vertex -23.275 -39.725 4.34
    endloop
  endfacet
  facet normal 0 1 0
    outer loop
      vertex -60.725 -39.725 4.34
      vertex -23.275 -39.725 3.24
      vertex -60.725 -39.725 3.24
    endloop
  endfacet
  facet normal 0 -1 0
    outer loop
      vertex -60.725 -2.275 3.24
      vertex -23.275 -2.275 4.34
      vertex -60.725 -2.275 4.34
    endloop
  endfacet
  facet normal 0 -1 -0
    outer loop
      vertex -23.275 -2.275 4.34
      vertex -60.725 -2.275 3.24
      vertex -23.275 -2.275 3.24
    endloop
  endfacet
  facet normal 1 -0 0
    outer loop
      vertex -62.875 0.125 3.24
      vertex -62.875 41.875 9.53674e-07
      vertex -62.875 41.875 3.24
    endloop
  endfacet
  facet normal 1 0 0
    outer loop
      vertex -62.875 41.875 9.53674e-07
      vertex -62.875 0.125 3.24
      vertex -62.875 0.125 9.53674e-07
    endloop
  endfacet
  facet normal 0 0 -1
    outer loop
      vertex -21.125 0.125 3.24
      vertex -23.275 2.275 3.24
      vertex -21.125 41.875 3.24
    endloop
  endfacet
  facet normal 0 0 -1
    outer loop
      vertex -21.125 0.125 3.24
      vertex -60.725 2.275 3.24
      vertex -23.275 2.275 3.24
    endloop
  endfacet
  facet normal -0 0 -1
    outer loop
      vertex -60.725 2.275 3.24
      vertex -62.875 0.125 3.24
      vertex -60.725 39.725 3.24
    endloop
  endfacet
  facet normal 0 0 -1
    outer loop
      vertex -62.875 0.125 3.24
      vertex -60.725 2.275 3.24
      vertex -21.125 0.125 3.24
    endloop
  endfacet
  facet normal 0 0 -1
    outer loop
      vertex -23.275 39.725 3.24
      vertex -21.125 41.875 3.24
      vertex -23.275 2.275 3.24
    endloop
  endfacet
  facet normal 0 0 -1
    outer loop
      vertex -60.725 39.725 3.24
      vertex -21.125 41.875 3.24
      vertex -23.275 39.725 3.24
    endloop
  endfacet
  facet normal 0 0 -1
    outer loop
      vertex -60.725 39.725 3.24
      vertex -62.875 41.875 3.24
      vertex -21.125 41.875 3.24
    endloop
  endfacet
  facet normal 0 0 -1
    outer loop
      vertex -62.875 41.875 3.24
      vertex -60.725 39.725 3.24
      vertex -62.875 0.125 3.24
    endloop
  endfacet
  facet normal -1 0 0
    outer loop
      vertex -21.125 0.125 9.53674e-07
      vertex -21.125 41.875 3.24
      vertex -21.125 41.875 9.53674e-07
    endloop
  endfacet
  facet normal -1 -0 0
    outer loop
      vertex -21.125 41.875 3.24
      vertex -21.125 0.125 9.53674e-07
      vertex -21.125 0.125 3.24
    endloop
  endfacet
  facet normal 0 1 -0
    outer loop
      vertex -21.125 0.125 9.53674e-07
      vertex -62.875 0.125 3.24
      vertex -21.125 0.125 3.24
    endloop
  endfacet
  facet normal 0 1 0
    outer loop
      vertex -62.875 0.125 3.24
      vertex -21.125 0.125 9.53674e-07
      vertex -62.875 0.125 9.53674e-07
    endloop
  endfacet
  facet normal 0 -1 0
    outer loop
      vertex -62.875 41.875 9.53674e-07
      vertex -21.125 41.875 3.24
      vertex -62.875 41.875 3.24
    endloop
  endfacet
  facet normal 0 -1 -0
    outer loop
      vertex -21.125 41.875 3.24
      vertex -62.875 41.875 9.53674e-07
      vertex -21.125 41.875 9.53674e-07
    endloop
  endfacet
  facet normal 1 -0 0
    outer loop
      vertex -60.725 2.275 4.34
      vertex -60.725 39.725 3.24
      vertex -60.725 39.725 4.34
    endloop
  endfacet
  facet normal 1 0 0
    outer loop
      vertex -60.725 39.725 3.24
      vertex -60.725 2.275 4.34
      vertex -60.725 2.275 3.24
    endloop
  endfacet
  facet normal 0 0 -1
    outer loop
      vertex -60.725 2.275 4.34
      vertex -23.275 39.725 4.34
      vertex -23.275 2.275 4.34
    endloop
  endfacet
  facet normal -0 0 -1
    outer loop
      vertex -23.275 39.725 4.34
      vertex -60.725 2.275 4.34
      vertex -60.725 39.725 4.34
    endloop
  endfacet
  facet normal -1 0 0
    outer loop
      vertex -23.275 2.275 3.24
      vertex -23.275 39.725 4.34
      vertex -23.275 39.725 3.24
    endloop
  endfacet
  facet normal -1 -0 0
    outer loop
      vertex -23.275 39.725 4.34
      vertex -23.275 2.275 3.24
      vertex -23.275 2.275 4.34
    endloop
  endfacet
  facet normal 0 1 -0
    outer loop
      vertex -23.275 2.275 3.24
      vertex -60.725 2.275 4.34
      vertex -23.275 2.275 4.34
    endloop
  endfacet
  facet normal 0 1 0
    outer loop
      vertex -60.725 2.275 4.34
      vertex -23.275 2.275 3.24
      vertex -60.725 2.275 3.24
    endloop
  endfacet
  facet normal 0 -1 0
    outer loop
      vertex -60.725 39.725 3.24
      vertex -23.275 39.725 4.34
      vertex -60.725 39.725 4.34
    endloop
  endfacet
  facet normal 0 -1 -0
    outer loop
      vertex -23.275 39.725 4.34
      vertex -60.725 39.725 3.24
      vertex -23.275 39.725 3.24
    endloop
  endfacet
  facet normal 1 -0 0
    outer loop
      vertex -20.875 -41.875 3.24
      vertex -20.875 -0.125 9.53674e-07
      vertex -20.875 -0.125 3.24
    endloop
  endfacet
  facet normal 1 0 0
    outer loop
      vertex -20.875 -0.125 9.53674e-07
      vertex -20.875 -41.875 3.24
      vertex -20.875 -41.875 9.53674e-07
    endloop
  endfacet
  facet normal 0 0 -1
    outer loop
      vertex 20.875 -41.875 3.24
      vertex 18.725 -39.725 3.24
      vertex 20.875 -0.125 3.24
    endloop
  endfacet
  facet normal 0 0 -1
    outer loop
      vertex 20.875 -41.875 3.24
      vertex -18.725 -39.725 3.24
      vertex 18.725 -39.725 3.24
    endloop
  endfacet
  facet normal -0 0 -1
    outer loop
      vertex -18.725 -39.725 3.24
      vertex -20.875 -41.875 3.24
      vertex -18.725 -2.275 3.24
    endloop
  endfacet
  facet normal 0 0 -1
    outer loop
      vertex -20.875 -41.875 3.24
      vertex -18.725 -39.725 3.24
      vertex 20.875 -41.875 3.24
    endloop
  endfacet
  facet normal 0 0 -1
    outer loop
      vertex 18.725 -2.275 3.24
      vertex 20.875 -0.125 3.24
      vertex 18.725 -39.725 3.24
    endloop
  endfacet
  facet normal 0 0 -1
    outer loop
      vertex -18.725 -2.275 3.24
      vertex 20.875 -0.125 3.24
      vertex 18.725 -2.275 3.24
    endloop
  endfacet
  facet normal 0 0 -1
    outer loop
      vertex -18.725 -2.275 3.24
      vertex -20.875 -0.125 3.24
      vertex 20.875 -0.125 3.24
    endloop
  endfacet
  facet normal 0 0 -1
    outer loop
      vertex -20.875 -0.125 3.24
      vertex -18.725 -2.275 3.24
      vertex -20.875 -41.875 3.24
    endloop
  endfacet
  facet normal -1 0 0
    outer loop
      vertex 20.875 -41.875 9.53674e-07
      vertex 20.875 -0.125 3.24
      vertex 20.875 -0.125 9.53674e-07
    endloop
  endfacet
  facet normal -1 -0 0
    outer loop
      vertex 20.875 -0.125 3.24
      vertex 20.875 -41.875 9.53674e-07
      vertex 20.875 -41.875 3.24
    endloop
  endfacet
  facet normal 0 1 -0
    outer loop
      vertex 20.875 -41.875 9.53674e-07
      vertex -20.875 -41.875 3.24
      vertex 20.875 -41.875 3.24
    endloop
  endfacet
  facet normal 0 1 0
    outer loop
      vertex -20.875 -41.875 3.24
      vertex 20.875 -41.875 9.53674e-07
      vertex -20.875 -41.875 9.53674e-07
    endloop
  endfacet
  facet normal 0 -1 0
    outer loop
      vertex -20.875 -0.125 9.53674e-07
      vertex 20.875 -0.125 3.24
      vertex -20.875 -0.125 3.24
    endloop
  endfacet
  facet normal 0 -1 -0
    outer loop
      vertex 20.875 -0.125 3.24
      vertex -20.875 -0.125 9.53674e-07
      vertex 20.875 -0.125 9.53674e-07
    endloop
  endfacet
  facet normal 1 -0 0
    outer loop
      vertex -18.725 -39.725 4.34
      vertex -18.725 -2.275 3.24
      vertex -18.725 -2.275 4.34
    endloop
  endfacet
  facet normal 1 0 0
    outer loop
      vertex -18.725 -2.275 3.24
      vertex -18.725 -39.725 4.34
      vertex -18.725 -39.725 3.24
    endloop
  endfacet
  facet normal 0 0 -1
    outer loop
      vertex -18.725 -39.725 4.34
      vertex 18.725 -2.275 4.34
      vertex 18.725 -39.725 4.34
    endloop
  endfacet
  facet normal -0 0 -1
    outer loop
      vertex 18.725 -2.275 4.34
      vertex -18.725 -39.725 4.34
      vertex -18.725 -2.275 4.34
    endloop
  endfacet
  facet normal -1 0 0
    outer loop
      vertex 18.725 -39.725 3.24
      vertex 18.725 -2.275 4.34
      vertex 18.725 -2.275 3.24
    endloop
  endfacet
  facet normal -1 -0 0
    outer loop
      vertex 18.725 -2.275 4.34
      vertex 18.725 -39.725 3.24
      vertex 18.725 -39.725 4.34
    endloop
  endfacet
  facet normal 0 1 -0
    outer loop
      vertex 18.725 -39.725 3.24
      vertex -18.725 -39.725 4.34
      vertex 18.725 -39.725 4.34
    endloop
  endfacet
  facet normal 0 1 0
    outer loop
      vertex -18.725 -39.725 4.34
      vertex 18.725 -39.725 3.24
      vertex -18.725 -39.725 3.24
    endloop
  endfacet
  facet normal 0 -1 0
    outer loop
      vertex -18.725 -2.275 3.24
      vertex 18.725 -2.275 4.34
      vertex -18.725 -2.275 4.34
    endloop
  endfacet
  facet normal 0 -1 -0
    outer loop
      vertex 18.725 -2.275 4.34
      vertex -18.725 -2.275 3.24
      vertex 18.725 -2.275 3.24
    endloop
  endfacet
  facet normal 1 -0 0
    outer loop
      vertex -20.875 0.125 3.24
      vertex -20.875 41.875 9.53674e-07
      vertex -20.875 41.875 3.24
    endloop
  endfacet
  facet normal 1 0 0
    outer loop
      vertex -20.875 41.875 9.53674e-07
      vertex -20.875 0.125 3.24
      vertex -20.875 0.125 9.53674e-07
    endloop
  endfacet
  facet normal 0 0 -1
    outer loop
      vertex 20.875 0.125 3.24
      vertex 18.725 2.275 3.24
      vertex 20.875 41.875 3.24
    endloop
  endfacet
  facet normal 0 0 -1
    outer loop
      vertex 20.875 0.125 3.24
      vertex -18.725 2.275 3.24
      vertex 18.725 2.275 3.24
    endloop
  endfacet
  facet normal -0 0 -1
    outer loop
      vertex -18.725 2.275 3.24
      vertex -20.875 0.125 3.24
      vertex -18.725 39.725 3.24
    endloop
  endfacet
  facet normal 0 0 -1
    outer loop
      vertex -20.875 0.125 3.24
      vertex -18.725 2.275 3.24
      vertex 20.875 0.125 3.24
    endloop
  endfacet
  facet normal 0 0 -1
    outer loop
      vertex 18.725 39.725 3.24
      vertex 20.875 41.875 3.24
      vertex 18.725 2.275 3.24
    endloop
  endfacet
  facet normal 0 0 -1
    outer loop
      vertex -18.725 39.725 3.24
      vertex 20.875 41.875 3.24
      vertex 18.725 39.725 3.24
    endloop
  endfacet
  facet normal 0 0 -1
    outer loop
      vertex -18.725 39.725 3.24
      vertex -20.875 41.875 3.24
      vertex 20.875 41.875 3.24
    endloop
  endfacet
  facet normal 0 0 -1
    outer loop
      vertex -20.875 41.875 3.24
      vertex -18.725 39.725 3.24
      vertex -20.875 0.125 3.24
    endloop
  endfacet
  facet normal -1 0 0
    outer loop
      vertex 20.875 0.125 9.53674e-07
      vertex 20.875 41.875 3.24
      vertex 20.875 41.875 9.53674e-07
    endloop
  endfacet
  facet normal -1 -0 0
    outer loop
      vertex 20.875 41.875 3.24
      vertex 20.875 0.125 9.53674e-07
      vertex 20.875 0.125 3.24
    endloop
  endfacet
  facet normal 0 1 -0
    outer loop
      vertex 20.875 0.125 9.53674e-07
      vertex -20.875 0.125 3.24
      vertex 20.875 0.125 3.24
    endloop
  endfacet
  facet normal 0 1 0
    outer loop
      vertex -20.875 0.125 3.24
      vertex 20.875 0.125 9.53674e-07
      vertex -20.875 0.125 9.53674e-07
    endloop
  endfacet
  facet normal 0 -1 0
    outer loop
      vertex -20.875 41.875 9.53674e-07
      vertex 20.875 41.875 3.24
      vertex -20.875 41.875 3.24
    endloop
  endfacet
  facet normal 0 -1 -0
    outer loop
      vertex 20.875 41.875 3.24
      vertex -20.875 41.875 9.53674e-07
      vertex 20.875 41.875 9.53674e-07
    endloop
  endfacet
  facet normal 1 -0 0
    outer loop
      vertex -18.725 2.275 4.34
      vertex -18.725 39.725 3.24
      vertex -18.725 39.725 4.34
    endloop
  endfacet
  facet normal 1 0 0
    outer loop
      vertex -18.725 39.725 3.24
      vertex -18.725 2.275 4.34
      vertex -18.725 2.275 3.24
    endloop
  endfacet
  facet normal 0 0 -1
    outer loop
      vertex -18.725 2.275 4.34
      vertex 18.725 39.725 4.34
      vertex 18.725 2.275 4.34
    endloop
  endfacet
  facet normal -0 0 -1
    outer loop
      vertex 18.725 39.725 4.34
      vertex -18.725 2.275 4.34
      vertex -18.725 39.725 4.34
    endloop
  endfacet
  facet normal -1 0 0
    outer loop
      vertex 18.725 2.275 3.24
      vertex 18.725 39.725 4.34
      vertex 18.725 39.725 3.24
    endloop
  endfacet
  facet normal -1 -0 0
    outer loop
      vertex 18.725 39.725 4.34
      vertex 18.725 2.275 3.24
      vertex 18.725 2.275 4.34
    endloop
  endfacet
  facet normal 0 1 -0
    outer loop
      vertex 18.725 2.275 3.24
      vertex -18.725 2.275 4.34
      vertex 18.725 2.275 4.34
    endloop
  endfacet
  facet normal 0 1 0
    outer loop
      vertex -18.725 2.275 4.34
      vertex 18.725 2.275 3.24
      vertex -18.725 2.275 3.24
    endloop
  endfacet
  facet normal 0 -1 0
    outer loop
      vertex -18.725 39.725 3.24
      vertex 18.725 39.725 4.34
      vertex -18.725 39.725 4.34
    endloop
  endfacet
  facet normal 0 -1 -0
    outer loop
      vertex 18.725 39.725 4.34
      vertex -18.725 39.725 3.24
      vertex 18.725 39.725 3.24
    endloop
  endfacet
  facet normal 1 -0 0
    outer loop
      vertex 21.125 -41.875 3.24
      vertex 21.125 -0.125 9.53674e-07
      vertex 21.125 -0.125 3.24
    endloop
  endfacet
  facet normal 1 0 0
    outer loop
      vertex 21.125 -0.125 9.53674e-07
      vertex 21.125 -41.875 3.24
      vertex 21.125 -41.875 9.53674e-07
    endloop
  endfacet
  facet normal 0 0 -1
    outer loop
      vertex 62.875 -41.875 3.24
      vertex 60.725 -39.725 3.24
      vertex 62.875 -0.125 3.24
    endloop
  endfacet
  facet normal 0 0 -1
    outer loop
      vertex 62.875 -41.875 3.24
      vertex 23.275 -39.725 3.24
      vertex 60.725 -39.725 3.24
    endloop
  endfacet
  facet normal -0 0 -1
    outer loop
      vertex 23.275 -39.725 3.24
      vertex 21.125 -41.875 3.24
      vertex 23.275 -2.275 3.24
    endloop
  endfacet
  facet normal 0 0 -1
    outer loop
      vertex 21.125 -41.875 3.24
      vertex 23.275 -39.725 3.24
      vertex 62.875 -41.875 3.24
    endloop
  endfacet
  facet normal 0 0 -1
    outer loop
      vertex 60.725 -2.275 3.24
      vertex 62.875 -0.125 3.24
      vertex 60.725 -39.725 3.24
    endloop
  endfacet
  facet normal 0 0 -1
    outer loop
      vertex 23.275 -2.275 3.24
      vertex 62.875 -0.125 3.24
      vertex 60.725 -2.275 3.24
    endloop
  endfacet
  facet normal 0 0 -1
    outer loop
      vertex 23.275 -2.275 3.24
      vertex 21.125 -0.125 3.24
      vertex 62.875 -0.125 3.24
    endloop
  endfacet
  facet normal 0 0 -1
    outer loop
      vertex 21.125 -0.125 3.24
      vertex 23.275 -2.275 3.24
      vertex 21.125 -41.875 3.24
    endloop
  endfacet
  facet normal -1 0 0
    outer loop
      vertex 62.875 -41.875 9.53674e-07
      vertex 62.875 -0.125 3.24
      vertex 62.875 -0.125 9.53674e-07
    endloop
  endfacet
  facet normal -1 -0 0
    outer loop
      vertex 62.875 -0.125 3.24
      vertex 62.875 -41.875 9.53674e-07
      vertex 62.875 -41.875 3.24
    endloop
  endfacet
  facet normal 0 1 -0
    outer loop
      vertex 62.875 -41.875 9.53674e-07
      vertex 21.125 -41.875 3.24
      vertex 62.875 -41.875 3.24
    endloop
  endfacet
  facet normal 0 1 0
    outer loop
      vertex 21.125 -41.875 3.24
      vertex 62.875 -41.875 9.53674e-07
      vertex 21.125 -41.875 9.53674e-07
    endloop
  endfacet
  facet normal 0 -1 0
    outer loop
      vertex 21.125 -0.125 9.53674e-07
      vertex 62.875 -0.125 3.24
      vertex 21.125 -0.125 3.24
    endloop
  endfacet
  facet normal 0 -1 -0
    outer loop
      vertex 62.875 -0.125 3.24
      vertex 21.125 -0.125 9.53674e-07
      vertex 62.875 -0.125 9.53674e-07
    endloop
  endfacet
  facet normal 1 -0 0
    outer loop
      vertex 23.275 -39.725 4.34
      vertex 23.275 -2.275 3.24
      vertex 23.275 -2.275 4.34
    endloop
  endfacet
  facet normal 1 0 0
    outer loop
      vertex 23.275 -2.275 3.24
      vertex 23.275 -39.725 4.34
      vertex 23.275 -39.725 3.24
    endloop
  endfacet
  facet normal 0 0 -1
    outer loop
      vertex 23.275 -39.725 4.34
      vertex 60.725 -2.275 4.34
      vertex 60.725 -39.725 4.34
    endloop
  endfacet
  facet normal -0 0 -1
    outer loop
      vertex 60.725 -2.275 4.34
      vertex 23.275 -39.725 4.34
      vertex 23.275 -2.275 4.34
    endloop
  endfacet
  facet normal -1 0 0
    outer loop
      vertex 60.725 -39.725 3.24
      vertex 60.725 -2.275 4.34
      vertex 60.725 -2.275 3.24
    endloop
  endfacet
  facet normal -1 -0 0
    outer loop
      vertex 60.725 -2.275 4.34
      vertex 60.725 -39.725 3.24
      vertex 60.725 -39.725 4.34
    endloop
  endfacet
  facet normal 0 1 -0
    outer loop
      vertex 60.725 -39.725 3.24
      vertex 23.275 -39.725 4.34
      vertex 60.725 -39.725 4.34
    endloop
  endfacet
  facet normal 0 1 0
    outer loop
      vertex 23.275 -39.725 4.34
      vertex 60.725 -39.725 3.24
      vertex 23.275 -39.725 3.24
    endloop
  endfacet
  facet normal 0 -1 0
    outer loop
      vertex 23.275 -2.275 3.24
      vertex 60.725 -2.275 4.34
      vertex 23.275 -2.275 4.34
    endloop
  endfacet
  facet normal 0 -1 -0
    outer loop
      vertex 60.725 -2.275 4.34
      vertex 23.275 -2.275 3.24
      vertex 60.725 -2.275 3.24
    endloop
  endfacet
  facet normal 1 -0 0
    outer loop
      vertex 21.125 0.125 3.24
      vertex 21.125 41.875 9.53674e-07
      vertex 21.125 41.875 3.24
    endloop
  endfacet
  facet normal 1 0 0
    outer loop
      vertex 21.125 41.875 9.53674e-07
      vertex 21.125 0.125 3.24
      vertex 21.125 0.125 9.53674e-07
    endloop
  endfacet
  facet normal 0 0 -1
    outer loop
      vertex 62.875 0.125 3.24
      vertex 60.725 2.275 3.24
      vertex 62.875 41.875 3.24
    endloop
  endfacet
  facet normal 0 0 -1
    outer loop
      vertex 62.875 0.125 3.24
      vertex 23.275 2.275 3.24
      vertex 60.725 2.275 3.24
    endloop
  endfacet
  facet normal -0 0 -1
    outer loop
      vertex 23.275 2.275 3.24
      vertex 21.125 0.125 3.24
      vertex 23.275 39.725 3.24
    endloop
  endfacet
  facet normal 0 0 -1
    outer loop
      vertex 21.125 0.125 3.24
      vertex 23.275 2.275 3.24
      vertex 62.875 0.125 3.24
    endloop
  endfacet
  facet normal 0 0 -1
    outer loop
      vertex 60.725 39.725 3.24
      vertex 62.875 41.875 3.24
      vertex 60.725 2.275 3.24
    endloop
  endfacet
  facet normal 0 0 -1
    outer loop
      vertex 23.275 39.725 3.24
      vertex 62.875 41.875 3.24
      vertex 60.725 39.725 3.24
    endloop
  endfacet
  facet normal 0 0 -1
    outer loop
      vertex 23.275 39.725 3.24
      vertex 21.125 41.875 3.24
      vertex 62.875 41.875 3.24
    endloop
  endfacet
  facet normal 0 0 -1
    outer loop
      vertex 21.125 41.875 3.24
      vertex 23.275 39.725 3.24
      vertex 21.125 0.125 3.24
    endloop
  endfacet
  facet normal -1 0 0
    outer loop
      vertex 62.875 0.125 9.53674e-07
      vertex 62.875 41.875 3.24
      vertex 62.875 41.875 9.53674e-07
    endloop
  endfacet
  facet normal -1 -0 0
    outer loop
      vertex 62.875 41.875 3.24
      vertex 62.875 0.125 9.53674e-07
      vertex 62.875 0.125 3.24
    endloop
  endfacet
  facet normal 0 1 -0
    outer loop
      vertex 62.875 0.125 9.53674e-07
      vertex 21.125 0.125 3.24
      vertex 62.875 0.125 3.24
    endloop
  endfacet
  facet normal 0 1 0
    outer loop
      vertex 21.125 0.125 3.24
      vertex 62.875 0.125 9.53674e-07
      vertex 21.125 0.125 9.53674e-07
    endloop
  endfacet
  facet normal 0 -1 0
    outer loop
      vertex 21.125 41.875 9.53674e-07
      vertex 62.875 41.875 3.24
      vertex 21.125 41.875 3.24
    endloop
  endfacet
  facet normal 0 -1 -0
    outer loop
      vertex 62.875 41.875 3.24
      vertex 21.125 41.875 9.53674e-07
      vertex 62.875 41.875 9.53674e-07
    endloop
  endfacet
  facet normal 1 -0 0
    outer loop
      vertex 23.275 2.275 4.34
      vertex 23.275 39.725 3.24
      vertex 23.275 39.725 4.34
    endloop
  endfacet
  facet normal 1 0 0
    outer loop
      vertex 23.275 39.725 3.24
      vertex 23.275 2.275 4.34
      vertex 23.275 2.275 3.24
    endloop
  endfacet
  facet normal 0 0 -1
    outer loop
      vertex 23.275 2.275 4.34
      vertex 60.725 39.725 4.34
      vertex 60.725 2.275 4.34
    endloop
  endfacet
  facet normal -0 0 -1
    outer loop
      vertex 60.725 39.725 4.34
      vertex 23.275 2.275 4.34
      vertex 23.275 39.725 4.34
    endloop
  endfacet
  facet normal -1 0 0
    outer loop
      vertex 60.725 2.275 3.24
      vertex 60.725 39.725 4.34
      vertex 60.725 39.725 3.24
    endloop
  endfacet
  facet normal -1 -0 0
    outer loop
      vertex 60.725 39.725 4.34
      vertex 60.725 2.275 3.24
      vertex 60.725 2.275 4.34
    endloop
  endfacet
  facet normal 0 1 -0
    outer loop
      vertex 60.725 2.275 3.24
      vertex 23.275 2.275 4.34
      vertex 60.725 2.275 4.34
    endloop
  endfacet
  facet normal 0 1 0
    outer loop
      vertex 23.275 2.275 4.34
      vertex 60.725 2.275 3.24
      vertex 23.275 2.275 3.24
    endloop
  endfacet
  facet normal 0 -1 0
    outer loop
      vertex 23.275 39.725 3.24
      vertex 60.725 39.725 4.34
      vertex 23.275 39.725 4.34
    endloop
  endfacet
  facet normal 0 -1 -0
    outer loop
      vertex 60.725 39.725 4.34
      vertex 23.275 39.725 3.24
      vertex 60.725 39.725 3.24
    endloop
  endfacet
  facet normal -0.923881 -0.382681 0
    outer loop
      vertex 7.27558 2.36398 10.65
      vertex 6.8162 3.47303 15.85
      vertex 6.8162 3.47303 10.65
    endloop
  endfacet
  facet normal -0.923881 -0.382681 0
    outer loop
      vertex 6.8162 3.47303 15.85
      vertex 7.27558 2.36398 10.65
      vertex 7.27558 2.36398 15.85
    endloop
  endfacet
  facet normal -0.85264 -0.522499 0
    outer loop
      vertex 6.8162 3.47303 10.65
      vertex 6.18898 4.49656 15.85
      vertex 6.18898 4.49656 10.65
    endloop
  endfacet
  facet normal -0.85264 -0.522499 0
    outer loop
      vertex 6.18898 4.49656 15.85
      vertex 6.8162 3.47303 10.65
      vertex 6.8162 3.47303 15.85
    endloop
  endfacet
  facet normal -0.382681 -0.923881 0
    outer loop
      vertex 2.36398 7.27558 10.65
      vertex 3.47303 6.8162 15.85
      vertex 2.36398 7.27558 15.85
    endloop
  endfacet
  facet normal -0.382681 -0.923881 -0
    outer loop
      vertex 3.47303 6.8162 15.85
      vertex 2.36398 7.27558 10.65
      vertex 3.47303 6.8162 10.65
    endloop
  endfacet
  facet normal 0.382681 -0.923881 0
    outer loop
      vertex -3.47303 6.8162 10.65
      vertex -2.36398 7.27558 15.85
      vertex -3.47303 6.8162 15.85
    endloop
  endfacet
  facet normal 0.382681 -0.923881 0
    outer loop
      vertex -2.36398 7.27558 15.85
      vertex -3.47303 6.8162 10.65
      vertex -2.36398 7.27558 10.65
    endloop
  endfacet
  facet normal 0.923881 -0.382681 0
    outer loop
      vertex -7.27558 2.36398 15.85
      vertex -6.8162 3.47303 10.65
      vertex -6.8162 3.47303 15.85
    endloop
  endfacet
  facet normal 0.923881 -0.382681 0
    outer loop
      vertex -6.8162 3.47303 10.65
      vertex -7.27558 2.36398 15.85
      vertex -7.27558 2.36398 10.65
    endloop
  endfacet
  facet normal -0.996918 0.0784559 0
    outer loop
      vertex 7.55582 -1.19672 10.65
      vertex 7.65 0 15.85
      vertex 7.65 0 10.65
    endloop
  endfacet
  facet normal -0.996918 0.0784559 0
    outer loop
      vertex 7.65 0 15.85
      vertex 7.55582 -1.19672 10.65
      vertex 7.55582 -1.19672 15.85
    endloop
  endfacet
  facet normal -0.972369 -0.23345 0
    outer loop
      vertex 7.55582 1.19672 10.65
      vertex 7.27558 2.36398 15.85
      vertex 7.27558 2.36398 10.65
    endloop
  endfacet
  facet normal -0.972369 -0.23345 0
    outer loop
      vertex 7.27558 2.36398 15.85
      vertex 7.55582 1.19672 10.65
      vertex 7.55582 1.19672 15.85
    endloop
  endfacet
  facet normal -0.649446 -0.760407 0
    outer loop
      vertex 4.49656 6.18898 10.65
      vertex 5.40937 5.40937 15.85
      vertex 4.49656 6.18898 15.85
    endloop
  endfacet
  facet normal -0.649446 -0.760407 -0
    outer loop
      vertex 5.40937 5.40937 15.85
      vertex 4.49656 6.18898 10.65
      vertex 5.40937 5.40937 10.65
    endloop
  endfacet
  facet normal -0.0784559 -0.996918 0
    outer loop
      vertex 0 7.65 10.65
      vertex 1.19672 7.55582 15.85
      vertex 0 7.65 15.85
    endloop
  endfacet
  facet normal -0.0784559 -0.996918 -0
    outer loop
      vertex 1.19672 7.55582 15.85
      vertex 0 7.65 10.65
      vertex 1.19672 7.55582 10.65
    endloop
  endfacet
  facet normal -0.522499 -0.85264 0
    outer loop
      vertex 3.47303 6.8162 10.65
      vertex 4.49656 6.18898 15.85
      vertex 3.47303 6.8162 15.85
    endloop
  endfacet
  facet normal -0.522499 -0.85264 -0
    outer loop
      vertex 4.49656 6.18898 15.85
      vertex 3.47303 6.8162 10.65
      vertex 4.49656 6.18898 10.65
    endloop
  endfacet
  facet normal 0.996918 -0.0784559 0
    outer loop
      vertex -7.65 0 15.85
      vertex -7.55582 1.19672 10.65
      vertex -7.55582 1.19672 15.85
    endloop
  endfacet
  facet normal 0.996918 -0.0784559 0
    outer loop
      vertex -7.55582 1.19672 10.65
      vertex -7.65 0 15.85
      vertex -7.65 0 10.65
    endloop
  endfacet
  facet normal 0.760407 -0.649446 0
    outer loop
      vertex -6.18898 4.49656 15.85
      vertex -5.40937 5.40937 10.65
      vertex -5.40937 5.40937 15.85
    endloop
  endfacet
  facet normal 0.760407 -0.649446 0
    outer loop
      vertex -5.40937 5.40937 10.65
      vertex -6.18898 4.49656 15.85
      vertex -6.18898 4.49656 10.65
    endloop
  endfacet
  facet normal 0.522499 -0.85264 0
    outer loop
      vertex -4.49656 6.18898 10.65
      vertex -3.47303 6.8162 15.85
      vertex -4.49656 6.18898 15.85
    endloop
  endfacet
  facet normal 0.522499 -0.85264 0
    outer loop
      vertex -3.47303 6.8162 15.85
      vertex -4.49656 6.18898 10.65
      vertex -3.47303 6.8162 10.65
    endloop
  endfacet
  facet normal 0.23345 -0.972369 0
    outer loop
      vertex -2.36398 7.27558 10.65
      vertex -1.19672 7.55582 15.85
      vertex -2.36398 7.27558 15.85
    endloop
  endfacet
  facet normal 0.23345 -0.972369 0
    outer loop
      vertex -1.19672 7.55582 15.85
      vertex -2.36398 7.27558 10.65
      vertex -1.19672 7.55582 10.65
    endloop
  endfacet
  facet normal 0.649446 -0.760407 0
    outer loop
      vertex -5.40937 5.40937 10.65
      vertex -4.49656 6.18898 15.85
      vertex -5.40937 5.40937 15.85
    endloop
  endfacet
  facet normal 0.649446 -0.760407 0
    outer loop
      vertex -4.49656 6.18898 15.85
      vertex -5.40937 5.40937 10.65
      vertex -4.49656 6.18898 10.65
    endloop
  endfacet
  facet normal -0.923881 0.382681 0
    outer loop
      vertex 6.8162 -3.47303 10.65
      vertex 7.27558 -2.36398 15.85
      vertex 7.27558 -2.36398 10.65
    endloop
  endfacet
  facet normal -0.923881 0.382681 0
    outer loop
      vertex 7.27558 -2.36398 15.85
      vertex 6.8162 -3.47303 10.65
      vertex 6.8162 -3.47303 15.85
    endloop
  endfacet
  facet normal 0.649446 0.760407 -0
    outer loop
      vertex -4.49656 -6.18898 10.65
      vertex -5.40937 -5.40937 15.85
      vertex -4.49656 -6.18898 15.85
    endloop
  endfacet
  facet normal 0.649446 0.760407 0
    outer loop
      vertex -5.40937 -5.40937 15.85
      vertex -4.49656 -6.18898 10.65
      vertex -5.40937 -5.40937 10.65
    endloop
  endfacet
  facet normal 0.923881 0.382681 0
    outer loop
      vertex -6.8162 -3.47303 15.85
      vertex -7.27558 -2.36398 10.65
      vertex -7.27558 -2.36398 15.85
    endloop
  endfacet
  facet normal 0.923881 0.382681 0
    outer loop
      vertex -7.27558 -2.36398 10.65
      vertex -6.8162 -3.47303 15.85
      vertex -6.8162 -3.47303 10.65
    endloop
  endfacet
  facet normal -0.760407 -0.649446 0
    outer loop
      vertex 6.18898 4.49656 10.65
      vertex 5.40937 5.40937 15.85
      vertex 5.40937 5.40937 10.65
    endloop
  endfacet
  facet normal -0.760407 -0.649446 0
    outer loop
      vertex 5.40937 5.40937 15.85
      vertex 6.18898 4.49656 10.65
      vertex 6.18898 4.49656 15.85
    endloop
  endfacet
  facet normal 0.0784559 -0.996918 0
    outer loop
      vertex -1.19672 7.55582 10.65
      vertex 0 7.65 15.85
      vertex -1.19672 7.55582 15.85
    endloop
  endfacet
  facet normal 0.0784559 -0.996918 0
    outer loop
      vertex 0 7.65 15.85
      vertex -1.19672 7.55582 10.65
      vertex 0 7.65 10.65
    endloop
  endfacet
  facet normal -0.23345 -0.972369 0
    outer loop
      vertex 1.19672 7.55582 10.65
      vertex 2.36398 7.27558 15.85
      vertex 1.19672 7.55582 15.85
    endloop
  endfacet
  facet normal -0.23345 -0.972369 -0
    outer loop
      vertex 2.36398 7.27558 15.85
      vertex 1.19672 7.55582 10.65
      vertex 2.36398 7.27558 10.65
    endloop
  endfacet
  facet normal 0.972369 -0.23345 0
    outer loop
      vertex -7.55582 1.19672 15.85
      vertex -7.27558 2.36398 10.65
      vertex -7.27558 2.36398 15.85
    endloop
  endfacet
  facet normal 0.972369 -0.23345 0
    outer loop
      vertex -7.27558 2.36398 10.65
      vertex -7.55582 1.19672 15.85
      vertex -7.55582 1.19672 10.65
    endloop
  endfacet
  facet normal 0.85264 -0.522499 0
    outer loop
      vertex -6.8162 3.47303 15.85
      vertex -6.18898 4.49656 10.65
      vertex -6.18898 4.49656 15.85
    endloop
  endfacet
  facet normal 0.85264 -0.522499 0
    outer loop
      vertex -6.18898 4.49656 10.65
      vertex -6.8162 3.47303 15.85
      vertex -6.8162 3.47303 10.65
    endloop
  endfacet
  facet normal -0.996918 -0.0784559 0
    outer loop
      vertex 7.65 0 10.65
      vertex 7.55582 1.19672 15.85
      vertex 7.55582 1.19672 10.65
    endloop
  endfacet
  facet normal -0.996918 -0.0784559 0
    outer loop
      vertex 7.55582 1.19672 15.85
      vertex 7.65 0 10.65
      vertex 7.65 0 15.85
    endloop
  endfacet
  facet normal -0.972369 0.23345 0
    outer loop
      vertex 7.27558 -2.36398 10.65
      vertex 7.55582 -1.19672 15.85
      vertex 7.55582 -1.19672 10.65
    endloop
  endfacet
  facet normal -0.972369 0.23345 0
    outer loop
      vertex 7.55582 -1.19672 15.85
      vertex 7.27558 -2.36398 10.65
      vertex 7.27558 -2.36398 15.85
    endloop
  endfacet
  facet normal 0.996918 0.0784559 0
    outer loop
      vertex -7.55582 -1.19672 15.85
      vertex -7.65 0 10.65
      vertex -7.65 0 15.85
    endloop
  endfacet
  facet normal 0.996918 0.0784559 0
    outer loop
      vertex -7.65 0 10.65
      vertex -7.55582 -1.19672 15.85
      vertex -7.55582 -1.19672 10.65
    endloop
  endfacet
  facet normal 0.85264 0.522499 0
    outer loop
      vertex -6.18898 -4.49656 15.85
      vertex -6.8162 -3.47303 10.65
      vertex -6.8162 -3.47303 15.85
    endloop
  endfacet
  facet normal 0.85264 0.522499 0
    outer loop
      vertex -6.8162 -3.47303 10.65
      vertex -6.18898 -4.49656 15.85
      vertex -6.18898 -4.49656 10.65
    endloop
  endfacet
  facet normal -0.23345 0.972369 0
    outer loop
      vertex 2.36398 -7.27558 10.65
      vertex 1.19672 -7.55582 15.85
      vertex 2.36398 -7.27558 15.85
    endloop
  endfacet
  facet normal -0.23345 0.972369 0
    outer loop
      vertex 1.19672 -7.55582 15.85
      vertex 2.36398 -7.27558 10.65
      vertex 1.19672 -7.55582 10.65
    endloop
  endfacet
  facet normal -0.382681 0.923881 0
    outer loop
      vertex 3.47303 -6.8162 10.65
      vertex 2.36398 -7.27558 15.85
      vertex 3.47303 -6.8162 15.85
    endloop
  endfacet
  facet normal -0.382681 0.923881 0
    outer loop
      vertex 2.36398 -7.27558 15.85
      vertex 3.47303 -6.8162 10.65
      vertex 2.36398 -7.27558 10.65
    endloop
  endfacet
  facet normal -0.760407 0.649446 0
    outer loop
      vertex 5.40937 -5.40937 10.65
      vertex 6.18898 -4.49656 15.85
      vertex 6.18898 -4.49656 10.65
    endloop
  endfacet
  facet normal -0.760407 0.649446 0
    outer loop
      vertex 6.18898 -4.49656 15.85
      vertex 5.40937 -5.40937 10.65
      vertex 5.40937 -5.40937 15.85
    endloop
  endfacet
  facet normal -0.85264 0.522499 0
    outer loop
      vertex 6.18898 -4.49656 10.65
      vertex 6.8162 -3.47303 15.85
      vertex 6.8162 -3.47303 10.65
    endloop
  endfacet
  facet normal -0.85264 0.522499 0
    outer loop
      vertex 6.8162 -3.47303 15.85
      vertex 6.18898 -4.49656 10.65
      vertex 6.18898 -4.49656 15.85
    endloop
  endfacet
  facet normal 0.23345 0.972369 -0
    outer loop
      vertex -1.19672 -7.55582 10.65
      vertex -2.36398 -7.27558 15.85
      vertex -1.19672 -7.55582 15.85
    endloop
  endfacet
  facet normal 0.23345 0.972369 0
    outer loop
      vertex -2.36398 -7.27558 15.85
      vertex -1.19672 -7.55582 10.65
      vertex -2.36398 -7.27558 10.65
    endloop
  endfacet
  facet normal 0.0784559 0.996918 -0
    outer loop
      vertex 0 -7.65 10.65
      vertex -1.19672 -7.55582 15.85
      vertex 0 -7.65 15.85
    endloop
  endfacet
  facet normal 0.0784559 0.996918 0
    outer loop
      vertex -1.19672 -7.55582 15.85
      vertex 0 -7.65 10.65
      vertex -1.19672 -7.55582 10.65
    endloop
  endfacet
  facet normal 0 0 1
    outer loop
      vertex 7.55582 1.19672 10.65
      vertex 7.55582 -1.19672 10.65
      vertex 7.65 0 10.65
    endloop
  endfacet
  facet normal 0 0 1
    outer loop
      vertex 7.27558 2.36398 10.65
      vertex 7.55582 -1.19672 10.65
      vertex 7.55582 1.19672 10.65
    endloop
  endfacet
  facet normal 0 0 1
    outer loop
      vertex 7.27558 2.36398 10.65
      vertex 7.27558 -2.36398 10.65
      vertex 7.55582 -1.19672 10.65
    endloop
  endfacet
  facet normal 0 0 1
    outer loop
      vertex 6.8162 3.47303 10.65
      vertex 7.27558 -2.36398 10.65
      vertex 7.27558 2.36398 10.65
    endloop
  endfacet
  facet normal 0 0 1
    outer loop
      vertex 6.8162 3.47303 10.65
      vertex 6.8162 -3.47303 10.65
      vertex 7.27558 -2.36398 10.65
    endloop
  endfacet
  facet normal 0 0 1
    outer loop
      vertex 6.18898 4.49656 10.65
      vertex 6.8162 -3.47303 10.65
      vertex 6.8162 3.47303 10.65
    endloop
  endfacet
  facet normal 0 0 1
    outer loop
      vertex 6.18898 4.49656 10.65
      vertex 6.18898 -4.49656 10.65
      vertex 6.8162 -3.47303 10.65
    endloop
  endfacet
  facet normal 0 0 1
    outer loop
      vertex 5.40937 5.40937 10.65
      vertex 6.18898 -4.49656 10.65
      vertex 6.18898 4.49656 10.65
    endloop
  endfacet
  facet normal 0 0 1
    outer loop
      vertex 5.40937 5.40937 10.65
      vertex 5.40937 -5.40937 10.65
      vertex 6.18898 -4.49656 10.65
    endloop
  endfacet
  facet normal 0 0 1
    outer loop
      vertex 4.49656 6.18898 10.65
      vertex 5.40937 -5.40937 10.65
      vertex 5.40937 5.40937 10.65
    endloop
  endfacet
  facet normal 0 0 1
    outer loop
      vertex 4.49656 6.18898 10.65
      vertex 4.49656 -6.18898 10.65
      vertex 5.40937 -5.40937 10.65
    endloop
  endfacet
  facet normal 0 0 1
    outer loop
      vertex 3.47303 6.8162 10.65
      vertex 4.49656 -6.18898 10.65
      vertex 4.49656 6.18898 10.65
    endloop
  endfacet
  facet normal 0 0 1
    outer loop
      vertex 3.47303 6.8162 10.65
      vertex 3.47303 -6.8162 10.65
      vertex 4.49656 -6.18898 10.65
    endloop
  endfacet
  facet normal 0 0 1
    outer loop
      vertex 2.36398 7.27558 10.65
      vertex 3.47303 -6.8162 10.65
      vertex 3.47303 6.8162 10.65
    endloop
  endfacet
  facet normal 0 0 1
    outer loop
      vertex 2.36398 7.27558 10.65
      vertex 2.36398 -7.27558 10.65
      vertex 3.47303 -6.8162 10.65
    endloop
  endfacet
  facet normal 0 0 1
    outer loop
      vertex 1.19672 7.55582 10.65
      vertex 2.36398 -7.27558 10.65
      vertex 2.36398 7.27558 10.65
    endloop
  endfacet
  facet normal 0 0 1
    outer loop
      vertex 1.19672 7.55582 10.65
      vertex 1.19672 -7.55582 10.65
      vertex 2.36398 -7.27558 10.65
    endloop
  endfacet
  facet normal 0 0 1
    outer loop
      vertex 0 7.65 10.65
      vertex 1.19672 -7.55582 10.65
      vertex 1.19672 7.55582 10.65
    endloop
  endfacet
  facet normal 0 0 1
    outer loop
      vertex 0 7.65 10.65
      vertex 0 -7.65 10.65
      vertex 1.19672 -7.55582 10.65
    endloop
  endfacet
  facet normal -0 0 1
    outer loop
      vertex -1.19672 7.55582 10.65
      vertex 0 -7.65 10.65
      vertex 0 7.65 10.65
    endloop
  endfacet
  facet normal 0 0 1
    outer loop
      vertex -1.19672 7.55582 10.65
      vertex -1.19672 -7.55582 10.65
      vertex 0 -7.65 10.65
    endloop
  endfacet
  facet normal -0 0 1
    outer loop
      vertex -2.36398 7.27558 10.65
      vertex -1.19672 -7.55582 10.65
      vertex -1.19672 7.55582 10.65
    endloop
  endfacet
  facet normal 0 0 1
    outer loop
      vertex -2.36398 7.27558 10.65
      vertex -2.36398 -7.27558 10.65
      vertex -1.19672 -7.55582 10.65
    endloop
  endfacet
  facet normal -0 0 1
    outer loop
      vertex -3.47303 6.8162 10.65
      vertex -2.36398 -7.27558 10.65
      vertex -2.36398 7.27558 10.65
    endloop
  endfacet
  facet normal 0 0 1
    outer loop
      vertex -3.47303 6.8162 10.65
      vertex -3.47303 -6.8162 10.65
      vertex -2.36398 -7.27558 10.65
    endloop
  endfacet
  facet normal -0 0 1
    outer loop
      vertex -4.49656 6.18898 10.65
      vertex -3.47303 -6.8162 10.65
      vertex -3.47303 6.8162 10.65
    endloop
  endfacet
  facet normal 0 0 1
    outer loop
      vertex -4.49656 6.18898 10.65
      vertex -4.49656 -6.18898 10.65
      vertex -3.47303 -6.8162 10.65
    endloop
  endfacet
  facet normal -0 0 1
    outer loop
      vertex -5.40937 5.40937 10.65
      vertex -4.49656 -6.18898 10.65
      vertex -4.49656 6.18898 10.65
    endloop
  endfacet
  facet normal 0 0 1
    outer loop
      vertex -5.40937 5.40937 10.65
      vertex -5.40937 -5.40937 10.65
      vertex -4.49656 -6.18898 10.65
    endloop
  endfacet
  facet normal -0 0 1
    outer loop
      vertex -6.18898 4.49656 10.65
      vertex -5.40937 -5.40937 10.65
      vertex -5.40937 5.40937 10.65
    endloop
  endfacet
  facet normal 0 0 1
    outer loop
      vertex -6.18898 4.49656 10.65
      vertex -6.18898 -4.49656 10.65
      vertex -5.40937 -5.40937 10.65
    endloop
  endfacet
  facet normal -0 0 1
    outer loop
      vertex -6.8162 3.47303 10.65
      vertex -6.18898 -4.49656 10.65
      vertex -6.18898 4.49656 10.65
    endloop
  endfacet
  facet normal 0 0 1
    outer loop
      vertex -6.8162 3.47303 10.65
      vertex -6.8162 -3.47303 10.65
      vertex -6.18898 -4.49656 10.65
    endloop
  endfacet
  facet normal -0 0 1
    outer loop
      vertex -7.27558 2.36398 10.65
      vertex -6.8162 -3.47303 10.65
      vertex -6.8162 3.47303 10.65
    endloop
  endfacet
  facet normal 0 0 1
    outer loop
      vertex -7.27558 2.36398 10.65
      vertex -7.27558 -2.36398 10.65
      vertex -6.8162 -3.47303 10.65
    endloop
  endfacet
  facet normal -0 0 1
    outer loop
      vertex -7.55582 1.19672 10.65
      vertex -7.27558 -2.36398 10.65
      vertex -7.27558 2.36398 10.65
    endloop
  endfacet
  facet normal 0 0 1
    outer loop
      vertex -7.55582 1.19672 10.65
      vertex -7.55582 -1.19672 10.65
      vertex -7.27558 -2.36398 10.65
    endloop
  endfacet
  facet normal 0 -0 1
    outer loop
      vertex -7.55582 -1.19672 10.65
      vertex -7.55582 1.19672 10.65
      vertex -7.65 0 10.65
    endloop
  endfacet
  facet normal 0.972369 0.23345 0
    outer loop
      vertex -7.27558 -2.36398 15.85
      vertex -7.55582 -1.19672 10.65
      vertex -7.55582 -1.19672 15.85
    endloop
  endfacet
  facet normal 0.972369 0.23345 0
    outer loop
      vertex -7.55582 -1.19672 10.65
      vertex -7.27558 -2.36398 15.85
      vertex -7.27558 -2.36398 10.65
    endloop
  endfacet
  facet normal 0.760407 0.649446 0
    outer loop
      vertex -5.40937 -5.40937 15.85
      vertex -6.18898 -4.49656 10.65
      vertex -6.18898 -4.49656 15.85
    endloop
  endfacet
  facet normal 0.760407 0.649446 0
    outer loop
      vertex -6.18898 -4.49656 10.65
      vertex -5.40937 -5.40937 15.85
      vertex -5.40937 -5.40937 10.65
    endloop
  endfacet
  facet normal -0.649446 0.760407 0
    outer loop
      vertex 5.40937 -5.40937 10.65
      vertex 4.49656 -6.18898 15.85
      vertex 5.40937 -5.40937 15.85
    endloop
  endfacet
  facet normal -0.649446 0.760407 0
    outer loop
      vertex 4.49656 -6.18898 15.85
      vertex 5.40937 -5.40937 10.65
      vertex 4.49656 -6.18898 10.65
    endloop
  endfacet
  facet normal -0.522499 0.85264 0
    outer loop
      vertex 4.49656 -6.18898 10.65
      vertex 3.47303 -6.8162 15.85
      vertex 4.49656 -6.18898 15.85
    endloop
  endfacet
  facet normal -0.522499 0.85264 0
    outer loop
      vertex 3.47303 -6.8162 15.85
      vertex 4.49656 -6.18898 10.65
      vertex 3.47303 -6.8162 10.65
    endloop
  endfacet
  facet normal -0.0784559 0.996918 0
    outer loop
      vertex 1.19672 -7.55582 10.65
      vertex 0 -7.65 15.85
      vertex 1.19672 -7.55582 15.85
    endloop
  endfacet
  facet normal -0.0784559 0.996918 0
    outer loop
      vertex 0 -7.65 15.85
      vertex 1.19672 -7.55582 10.65
      vertex 0 -7.65 10.65
    endloop
  endfacet
  facet normal 0.382681 0.923881 -0
    outer loop
      vertex -2.36398 -7.27558 10.65
      vertex -3.47303 -6.8162 15.85
      vertex -2.36398 -7.27558 15.85
    endloop
  endfacet
  facet normal 0.382681 0.923881 0
    outer loop
      vertex -3.47303 -6.8162 15.85
      vertex -2.36398 -7.27558 10.65
      vertex -3.47303 -6.8162 10.65
    endloop
  endfacet
  facet normal 0.522499 0.85264 -0
    outer loop
      vertex -3.47303 -6.8162 10.65
      vertex -4.49656 -6.18898 15.85
      vertex -3.47303 -6.8162 15.85
    endloop
  endfacet
  facet normal 0.522499 0.85264 0
    outer loop
      vertex -4.49656 -6.18898 15.85
      vertex -3.47303 -6.8162 10.65
      vertex -4.49656 -6.18898 10.65
    endloop
  endfacet
endsolid OpenSCAD_Model
