solid OpenSCAD_Model
  facet normal -0.760433 -0.649417 0
    outer loop
      vertex -67.6276 -37.6276 0
      vertex -68.453 -36.6611 55
      vertex -68.453 -36.6611 0
    endloop
  endfacet
  facet normal -0.760433 -0.649417 0
    outer loop
      vertex -68.453 -36.6611 55
      vertex -67.6276 -37.6276 0
      vertex -67.6276 -37.6276 55
    endloop
  endfacet
  facet normal -0.649417 -0.760433 0
    outer loop
      vertex -67.6276 -37.6276 0
      vertex -66.6611 -38.453 55
      vertex -67.6276 -37.6276 55
    endloop
  endfacet
  facet normal -0.649417 -0.760433 -0
    outer loop
      vertex -66.6611 -38.453 55
      vertex -67.6276 -37.6276 0
      vertex -66.6611 -38.453 0
    endloop
  endfacet
  facet normal -0.522525 -0.852624 0
    outer loop
      vertex -66.6611 -38.453 0
      vertex -65.5773 -39.1172 55
      vertex -66.6611 -38.453 55
    endloop
  endfacet
  facet normal -0.522525 -0.852624 -0
    outer loop
      vertex -65.5773 -39.1172 55
      vertex -66.6611 -38.453 0
      vertex -65.5773 -39.1172 0
    endloop
  endfacet
  facet normal 0.522525 -0.852624 0
    outer loop
      vertex 65.5773 -39.1172 0
      vertex 66.6611 -38.453 55
      vertex 65.5773 -39.1172 55
    endloop
  endfacet
  facet normal 0.522525 -0.852624 0
    outer loop
      vertex 66.6611 -38.453 55
      vertex 65.5773 -39.1172 0
      vertex 66.6611 -38.453 0
    endloop
  endfacet
  facet normal -0.0784473 -0.996918 0
    outer loop
      vertex -63.1671 -39.9003 0
      vertex -61.9001 -40 55
      vertex -63.1671 -39.9003 55
    endloop
  endfacet
  facet normal -0.0784473 -0.996918 -0
    outer loop
      vertex -61.9001 -40 55
      vertex -63.1671 -39.9003 0
      vertex -61.9001 -40 0
    endloop
  endfacet
  facet normal -0.382676 -0.923883 0
    outer loop
      vertex -65.5773 -39.1172 0
      vertex -64.403 -39.6036 55
      vertex -65.5773 -39.1172 55
    endloop
  endfacet
  facet normal -0.382676 -0.923883 -0
    outer loop
      vertex -64.403 -39.6036 55
      vertex -65.5773 -39.1172 0
      vertex -64.403 -39.6036 0
    endloop
  endfacet
  facet normal -0 0 1
    outer loop
      vertex 67.7536 32.553 55
      vertex 70 31.9001 55
      vertex 69.9003 33.1671 55
    endloop
  endfacet
  facet normal 0 0 1
    outer loop
      vertex 70 31.9001 55
      vertex 68.15 30.0501 55
      vertex 70 -31.9001 55
    endloop
  endfacet
  facet normal 0 0 1
    outer loop
      vertex 67.7536 32.553 55
      vertex 69.9003 33.1671 55
      vertex 69.6036 34.403 55
    endloop
  endfacet
  facet normal -0 0 1
    outer loop
      vertex 68.15 -30.0501 55
      vertex 70 -31.9001 55
      vertex 68.15 30.0501 55
    endloop
  endfacet
  facet normal 0 0 1
    outer loop
      vertex 67.2672 33.7273 55
      vertex 69.6036 34.403 55
      vertex 69.1171 35.5773 55
    endloop
  endfacet
  facet normal -0 0 1
    outer loop
      vertex 68.0503 -31.3171 55
      vertex 70 -31.9001 55
      vertex 68.15 -30.0501 55
    endloop
  endfacet
  facet normal 0 0 1
    outer loop
      vertex 66.603 34.8111 55
      vertex 69.1171 35.5773 55
      vertex 68.453 36.6611 55
    endloop
  endfacet
  facet normal 0 0 1
    outer loop
      vertex 67.7536 -32.553 55
      vertex 70 -31.9001 55
      vertex 68.0503 -31.3171 55
    endloop
  endfacet
  facet normal 0 0 1
    outer loop
      vertex 70 -31.9001 55
      vertex 67.7536 -32.553 55
      vertex 69.9003 -33.1671 55
    endloop
  endfacet
  facet normal 0 0 1
    outer loop
      vertex 70 31.9001 55
      vertex 68.0503 31.3171 55
      vertex 68.15 30.0501 55
    endloop
  endfacet
  facet normal 0 0 1
    outer loop
      vertex 70 31.9001 55
      vertex 67.7536 32.553 55
      vertex 68.0503 31.3171 55
    endloop
  endfacet
  facet normal 0 0 1
    outer loop
      vertex 65.7776 35.7776 55
      vertex 68.453 36.6611 55
      vertex 67.6276 37.6276 55
    endloop
  endfacet
  facet normal 0 0 1
    outer loop
      vertex 69.6036 34.403 55
      vertex 67.2672 33.7273 55
      vertex 67.7536 32.553 55
    endloop
  endfacet
  facet normal 0 0 1
    outer loop
      vertex 65.7776 35.7776 55
      vertex 67.6276 37.6276 55
      vertex 66.6611 38.453 55
    endloop
  endfacet
  facet normal 0 0 1
    outer loop
      vertex 69.1171 35.5773 55
      vertex 66.603 34.8111 55
      vertex 67.2672 33.7273 55
    endloop
  endfacet
  facet normal 0 0 1
    outer loop
      vertex 68.453 36.6611 55
      vertex 65.7776 35.7776 55
      vertex 66.603 34.8111 55
    endloop
  endfacet
  facet normal 0 0 1
    outer loop
      vertex 64.8111 36.603 55
      vertex 66.6611 38.453 55
      vertex 65.5773 39.1172 55
    endloop
  endfacet
  facet normal 0 0 1
    outer loop
      vertex 66.6611 38.453 55
      vertex 64.8111 36.603 55
      vertex 65.7776 35.7776 55
    endloop
  endfacet
  facet normal 0 0 1
    outer loop
      vertex 63.7273 37.2672 55
      vertex 65.5773 39.1172 55
      vertex 64.403 39.6036 55
    endloop
  endfacet
  facet normal 0 0 1
    outer loop
      vertex 65.5773 39.1172 55
      vertex 63.7273 37.2672 55
      vertex 64.8111 36.603 55
    endloop
  endfacet
  facet normal 0 0 1
    outer loop
      vertex 62.553 37.7536 55
      vertex 64.403 39.6036 55
      vertex 63.1671 39.9003 55
    endloop
  endfacet
  facet normal 0 0 1
    outer loop
      vertex 64.403 39.6036 55
      vertex 62.553 37.7536 55
      vertex 63.7273 37.2672 55
    endloop
  endfacet
  facet normal 0 0 1
    outer loop
      vertex 61.9001 40 55
      vertex 62.553 37.7536 55
      vertex 63.1671 39.9003 55
    endloop
  endfacet
  facet normal 0 0 1
    outer loop
      vertex 61.9001 40 55
      vertex 61.3171 38.0503 55
      vertex 62.553 37.7536 55
    endloop
  endfacet
  facet normal 0 0 1
    outer loop
      vertex 61.9001 40 55
      vertex 60.0501 38.15 55
      vertex 61.3171 38.0503 55
    endloop
  endfacet
  facet normal 0 0 1
    outer loop
      vertex 61.9001 40 55
      vertex -60.0501 38.15 55
      vertex 60.0501 38.15 55
    endloop
  endfacet
  facet normal -0 0 1
    outer loop
      vertex -61.9001 40 55
      vertex -60.0501 38.15 55
      vertex 61.9001 40 55
    endloop
  endfacet
  facet normal 0 0 1
    outer loop
      vertex -61.9001 40 55
      vertex -61.3171 38.0503 55
      vertex -60.0501 38.15 55
    endloop
  endfacet
  facet normal 0 0 1
    outer loop
      vertex -61.9001 40 55
      vertex -62.553 37.7536 55
      vertex -61.3171 38.0503 55
    endloop
  endfacet
  facet normal -0 0 1
    outer loop
      vertex -63.1671 39.9003 55
      vertex -62.553 37.7536 55
      vertex -61.9001 40 55
    endloop
  endfacet
  facet normal -0 0 1
    outer loop
      vertex -64.403 39.6036 55
      vertex -62.553 37.7536 55
      vertex -63.1671 39.9003 55
    endloop
  endfacet
  facet normal 0 0 1
    outer loop
      vertex -62.553 37.7536 55
      vertex -64.403 39.6036 55
      vertex -63.7273 37.2672 55
    endloop
  endfacet
  facet normal -0 0 1
    outer loop
      vertex -65.5773 39.1172 55
      vertex -63.7273 37.2672 55
      vertex -64.403 39.6036 55
    endloop
  endfacet
  facet normal 0 0 1
    outer loop
      vertex -63.7273 37.2672 55
      vertex -65.5773 39.1172 55
      vertex -64.8111 36.603 55
    endloop
  endfacet
  facet normal -0 0 1
    outer loop
      vertex -66.6611 38.453 55
      vertex -64.8111 36.603 55
      vertex -65.5773 39.1172 55
    endloop
  endfacet
  facet normal 0 0 1
    outer loop
      vertex -64.8111 36.603 55
      vertex -66.6611 38.453 55
      vertex -65.7776 35.7776 55
    endloop
  endfacet
  facet normal -0 0 1
    outer loop
      vertex -67.6276 37.6276 55
      vertex -65.7776 35.7776 55
      vertex -66.6611 38.453 55
    endloop
  endfacet
  facet normal -0 0 1
    outer loop
      vertex -68.453 36.6611 55
      vertex -65.7776 35.7776 55
      vertex -67.6276 37.6276 55
    endloop
  endfacet
  facet normal 0 0 1
    outer loop
      vertex -65.7776 35.7776 55
      vertex -68.453 36.6611 55
      vertex -66.603 34.8111 55
    endloop
  endfacet
  facet normal -0 0 1
    outer loop
      vertex -69.1171 35.5773 55
      vertex -66.603 34.8111 55
      vertex -68.453 36.6611 55
    endloop
  endfacet
  facet normal 0 0 1
    outer loop
      vertex -66.603 34.8111 55
      vertex -69.1171 35.5773 55
      vertex -67.2672 33.7273 55
    endloop
  endfacet
  facet normal -0 0 1
    outer loop
      vertex -69.6036 34.403 55
      vertex -67.2672 33.7273 55
      vertex -69.1171 35.5773 55
    endloop
  endfacet
  facet normal -0 0 1
    outer loop
      vertex -69.9003 33.1671 55
      vertex -67.7536 32.553 55
      vertex -69.6036 34.403 55
    endloop
  endfacet
  facet normal 0 0 1
    outer loop
      vertex -67.2672 33.7273 55
      vertex -69.6036 34.403 55
      vertex -67.7536 32.553 55
    endloop
  endfacet
  facet normal 0 0 1
    outer loop
      vertex 69.9003 -33.1671 55
      vertex 67.7536 -32.553 55
      vertex 69.6036 -34.403 55
    endloop
  endfacet
  facet normal -0 0 1
    outer loop
      vertex 67.2672 -33.7273 55
      vertex 69.6036 -34.403 55
      vertex 67.7536 -32.553 55
    endloop
  endfacet
  facet normal 0 0 1
    outer loop
      vertex 69.6036 -34.403 55
      vertex 67.2672 -33.7273 55
      vertex 69.1171 -35.5773 55
    endloop
  endfacet
  facet normal -0 0 1
    outer loop
      vertex 66.603 -34.8111 55
      vertex 69.1171 -35.5773 55
      vertex 67.2672 -33.7273 55
    endloop
  endfacet
  facet normal 0 0 1
    outer loop
      vertex 69.1171 -35.5773 55
      vertex 66.603 -34.8111 55
      vertex 68.453 -36.6611 55
    endloop
  endfacet
  facet normal -0 0 1
    outer loop
      vertex 65.7776 -35.7776 55
      vertex 68.453 -36.6611 55
      vertex 66.603 -34.8111 55
    endloop
  endfacet
  facet normal 0 0 1
    outer loop
      vertex 68.453 -36.6611 55
      vertex 65.7776 -35.7776 55
      vertex 67.6276 -37.6276 55
    endloop
  endfacet
  facet normal 0 0 1
    outer loop
      vertex 67.6276 -37.6276 55
      vertex 65.7776 -35.7776 55
      vertex 66.6611 -38.453 55
    endloop
  endfacet
  facet normal -0 0 1
    outer loop
      vertex 64.8111 -36.603 55
      vertex 66.6611 -38.453 55
      vertex 65.7776 -35.7776 55
    endloop
  endfacet
  facet normal 0 0 1
    outer loop
      vertex 66.6611 -38.453 55
      vertex 64.8111 -36.603 55
      vertex 65.5773 -39.1172 55
    endloop
  endfacet
  facet normal -0 0 1
    outer loop
      vertex 63.7273 -37.2672 55
      vertex 65.5773 -39.1172 55
      vertex 64.8111 -36.603 55
    endloop
  endfacet
  facet normal 0 0 1
    outer loop
      vertex 65.5773 -39.1172 55
      vertex 63.7273 -37.2672 55
      vertex 64.403 -39.6036 55
    endloop
  endfacet
  facet normal -0 0 1
    outer loop
      vertex 62.553 -37.7536 55
      vertex 64.403 -39.6036 55
      vertex 63.7273 -37.2672 55
    endloop
  endfacet
  facet normal 0 0 1
    outer loop
      vertex 64.403 -39.6036 55
      vertex 62.553 -37.7536 55
      vertex 63.1671 -39.9003 55
    endloop
  endfacet
  facet normal 0 0 1
    outer loop
      vertex 62.553 -37.7536 55
      vertex 61.9001 -40 55
      vertex 63.1671 -39.9003 55
    endloop
  endfacet
  facet normal -0 0 1
    outer loop
      vertex 61.3171 -38.0503 55
      vertex 61.9001 -40 55
      vertex 62.553 -37.7536 55
    endloop
  endfacet
  facet normal -0 0 1
    outer loop
      vertex 60.0501 -38.15 55
      vertex 61.9001 -40 55
      vertex 61.3171 -38.0503 55
    endloop
  endfacet
  facet normal -0 0 1
    outer loop
      vertex -60.0501 -38.15 55
      vertex 61.9001 -40 55
      vertex 60.0501 -38.15 55
    endloop
  endfacet
  facet normal 0 0 1
    outer loop
      vertex -60.0501 -38.15 55
      vertex -61.9001 -40 55
      vertex 61.9001 -40 55
    endloop
  endfacet
  facet normal 0 0 1
    outer loop
      vertex -61.3171 -38.0503 55
      vertex -61.9001 -40 55
      vertex -60.0501 -38.15 55
    endloop
  endfacet
  facet normal 0 0 1
    outer loop
      vertex -62.553 -37.7536 55
      vertex -61.9001 -40 55
      vertex -61.3171 -38.0503 55
    endloop
  endfacet
  facet normal 0 0 1
    outer loop
      vertex -62.553 -37.7536 55
      vertex -63.1671 -39.9003 55
      vertex -61.9001 -40 55
    endloop
  endfacet
  facet normal 0 0 1
    outer loop
      vertex -64.403 -39.6036 55
      vertex -62.553 -37.7536 55
      vertex -63.7273 -37.2672 55
    endloop
  endfacet
  facet normal 0 0 1
    outer loop
      vertex -62.553 -37.7536 55
      vertex -64.403 -39.6036 55
      vertex -63.1671 -39.9003 55
    endloop
  endfacet
  facet normal 0 0 1
    outer loop
      vertex -65.5773 -39.1172 55
      vertex -63.7273 -37.2672 55
      vertex -64.8111 -36.603 55
    endloop
  endfacet
  facet normal 0 0 1
    outer loop
      vertex -63.7273 -37.2672 55
      vertex -65.5773 -39.1172 55
      vertex -64.403 -39.6036 55
    endloop
  endfacet
  facet normal 0 0 1
    outer loop
      vertex -66.6611 -38.453 55
      vertex -64.8111 -36.603 55
      vertex -65.7776 -35.7776 55
    endloop
  endfacet
  facet normal 0 0 1
    outer loop
      vertex -68.453 -36.6611 55
      vertex -65.7776 -35.7776 55
      vertex -66.603 -34.8111 55
    endloop
  endfacet
  facet normal 0 0 1
    outer loop
      vertex -64.8111 -36.603 55
      vertex -66.6611 -38.453 55
      vertex -65.5773 -39.1172 55
    endloop
  endfacet
  facet normal 0 0 1
    outer loop
      vertex -69.1171 -35.5773 55
      vertex -66.603 -34.8111 55
      vertex -67.2672 -33.7273 55
    endloop
  endfacet
  facet normal 0 0 1
    outer loop
      vertex -65.7776 -35.7776 55
      vertex -67.6276 -37.6276 55
      vertex -66.6611 -38.453 55
    endloop
  endfacet
  facet normal 0 0 1
    outer loop
      vertex -69.6036 -34.403 55
      vertex -67.2672 -33.7273 55
      vertex -67.7536 -32.553 55
    endloop
  endfacet
  facet normal -0 0 1
    outer loop
      vertex -70 -31.9001 55
      vertex -67.7536 -32.553 55
      vertex -68.0503 -31.3171 55
    endloop
  endfacet
  facet normal 0 0 1
    outer loop
      vertex -70 -31.9001 55
      vertex -68.0503 -31.3171 55
      vertex -68.15 -30.0501 55
    endloop
  endfacet
  facet normal 0 0 1
    outer loop
      vertex -65.7776 -35.7776 55
      vertex -68.453 -36.6611 55
      vertex -67.6276 -37.6276 55
    endloop
  endfacet
  facet normal 0 0 1
    outer loop
      vertex -68.15 30.0501 55
      vertex -70 31.9001 55
      vertex -68.15 -30.0501 55
    endloop
  endfacet
  facet normal 0 0 1
    outer loop
      vertex -70 31.9001 55
      vertex -67.7536 32.553 55
      vertex -69.9003 33.1671 55
    endloop
  endfacet
  facet normal 0 0 1
    outer loop
      vertex -70 -31.9001 55
      vertex -68.15 -30.0501 55
      vertex -70 31.9001 55
    endloop
  endfacet
  facet normal 0 0 1
    outer loop
      vertex -67.7536 32.553 55
      vertex -70 31.9001 55
      vertex -68.0503 31.3171 55
    endloop
  endfacet
  facet normal 0 0 1
    outer loop
      vertex -67.7536 -32.553 55
      vertex -70 -31.9001 55
      vertex -69.9003 -33.1671 55
    endloop
  endfacet
  facet normal 0 0 1
    outer loop
      vertex -68.0503 31.3171 55
      vertex -70 31.9001 55
      vertex -68.15 30.0501 55
    endloop
  endfacet
  facet normal 0 0 1
    outer loop
      vertex -66.603 -34.8111 55
      vertex -69.1171 -35.5773 55
      vertex -68.453 -36.6611 55
    endloop
  endfacet
  facet normal 0 0 1
    outer loop
      vertex -67.2672 -33.7273 55
      vertex -69.6036 -34.403 55
      vertex -69.1171 -35.5773 55
    endloop
  endfacet
  facet normal 0 0 1
    outer loop
      vertex -67.7536 -32.553 55
      vertex -69.9003 -33.1671 55
      vertex -69.6036 -34.403 55
    endloop
  endfacet
  facet normal 1 0 0
    outer loop
      vertex 70 31.9001 55
      vertex 70 7 29.96
      vertex 70 31.9001 0
    endloop
  endfacet
  facet normal 1 0 0
    outer loop
      vertex 70 31.9001 55
      vertex 70 6.91382 31.055
      vertex 70 7 29.96
    endloop
  endfacet
  facet normal 1 0 0
    outer loop
      vertex 70 31.9001 55
      vertex 70 6.6574 32.1231
      vertex 70 6.91382 31.055
    endloop
  endfacet
  facet normal 1 0 0
    outer loop
      vertex 70 31.9001 55
      vertex 70 6.23705 33.1379
      vertex 70 6.6574 32.1231
    endloop
  endfacet
  facet normal 1 0 0
    outer loop
      vertex 70 31.9001 55
      vertex 70 5.66312 34.0745
      vertex 70 6.23705 33.1379
    endloop
  endfacet
  facet normal 1 0 0
    outer loop
      vertex 70 31.9001 55
      vertex 70 4.94975 34.9097
      vertex 70 5.66312 34.0745
    endloop
  endfacet
  facet normal 1 0 0
    outer loop
      vertex 70 31.9001 55
      vertex 70 4.1145 35.6231
      vertex 70 4.94975 34.9097
    endloop
  endfacet
  facet normal 1 0 0
    outer loop
      vertex 70 31.9001 55
      vertex 70 3.17793 36.197
      vertex 70 4.1145 35.6231
    endloop
  endfacet
  facet normal 1 0 0
    outer loop
      vertex 70 31.9001 55
      vertex 70 2.16312 36.6174
      vertex 70 3.17793 36.197
    endloop
  endfacet
  facet normal 1 0 0
    outer loop
      vertex 70 31.9001 55
      vertex 70 1.09504 36.8738
      vertex 70 2.16312 36.6174
    endloop
  endfacet
  facet normal 1 0 0
    outer loop
      vertex 70 31.9001 55
      vertex 70 0 36.96
      vertex 70 1.09504 36.8738
    endloop
  endfacet
  facet normal 1 -0 0
    outer loop
      vertex 70 -31.9001 55
      vertex 70 0 36.96
      vertex 70 31.9001 55
    endloop
  endfacet
  facet normal 1 0 0
    outer loop
      vertex 70 0 36.96
      vertex 70 -31.9001 55
      vertex 70 -1.09504 36.8738
    endloop
  endfacet
  facet normal 1 0 0
    outer loop
      vertex 70 -1.09504 36.8738
      vertex 70 -31.9001 55
      vertex 70 -2.16312 36.6174
    endloop
  endfacet
  facet normal 1 0 0
    outer loop
      vertex 70 -31.9001 0
      vertex 70 -7 29.96
      vertex 70 -31.9001 55
    endloop
  endfacet
  facet normal 1 0 0
    outer loop
      vertex 70 -6.91382 31.055
      vertex 70 -31.9001 55
      vertex 70 -7 29.96
    endloop
  endfacet
  facet normal 1 0 0
    outer loop
      vertex 70 -6.6574 32.1231
      vertex 70 -31.9001 55
      vertex 70 -6.91382 31.055
    endloop
  endfacet
  facet normal 1 0 0
    outer loop
      vertex 70 -6.23705 33.1379
      vertex 70 -31.9001 55
      vertex 70 -6.6574 32.1231
    endloop
  endfacet
  facet normal 1 0 0
    outer loop
      vertex 70 -5.66312 34.0745
      vertex 70 -31.9001 55
      vertex 70 -6.23705 33.1379
    endloop
  endfacet
  facet normal 1 0 0
    outer loop
      vertex 70 -4.94975 34.9097
      vertex 70 -31.9001 55
      vertex 70 -5.66312 34.0745
    endloop
  endfacet
  facet normal 1 0 0
    outer loop
      vertex 70 -4.1145 35.6231
      vertex 70 -31.9001 55
      vertex 70 -4.94975 34.9097
    endloop
  endfacet
  facet normal 1 0 0
    outer loop
      vertex 70 -3.17793 36.197
      vertex 70 -31.9001 55
      vertex 70 -4.1145 35.6231
    endloop
  endfacet
  facet normal 1 0 0
    outer loop
      vertex 70 -2.16312 36.6174
      vertex 70 -31.9001 55
      vertex 70 -3.17793 36.197
    endloop
  endfacet
  facet normal 1 -0 0
    outer loop
      vertex 70 7 11.96
      vertex 70 31.9001 0
      vertex 70 7 29.96
    endloop
  endfacet
  facet normal 1 -0 0
    outer loop
      vertex 70 6.91382 10.865
      vertex 70 31.9001 0
      vertex 70 7 11.96
    endloop
  endfacet
  facet normal 1 -0 0
    outer loop
      vertex 70 6.6574 9.79688
      vertex 70 31.9001 0
      vertex 70 6.91382 10.865
    endloop
  endfacet
  facet normal 1 -0 0
    outer loop
      vertex 70 6.23705 8.78207
      vertex 70 31.9001 0
      vertex 70 6.6574 9.79688
    endloop
  endfacet
  facet normal 1 -0 0
    outer loop
      vertex 70 5.66312 7.8455
      vertex 70 31.9001 0
      vertex 70 6.23705 8.78207
    endloop
  endfacet
  facet normal 1 -0 0
    outer loop
      vertex 70 4.94975 7.01025
      vertex 70 31.9001 0
      vertex 70 5.66312 7.8455
    endloop
  endfacet
  facet normal 1 -0 0
    outer loop
      vertex 70 4.1145 6.29688
      vertex 70 31.9001 0
      vertex 70 4.94975 7.01025
    endloop
  endfacet
  facet normal 1 -0 0
    outer loop
      vertex 70 3.17793 5.72295
      vertex 70 31.9001 0
      vertex 70 4.1145 6.29688
    endloop
  endfacet
  facet normal 1 -0 0
    outer loop
      vertex 70 2.16312 5.3026
      vertex 70 31.9001 0
      vertex 70 3.17793 5.72295
    endloop
  endfacet
  facet normal 1 -0 0
    outer loop
      vertex 70 1.09504 5.04618
      vertex 70 31.9001 0
      vertex 70 2.16312 5.3026
    endloop
  endfacet
  facet normal 1 -0 0
    outer loop
      vertex 70 0 4.96
      vertex 70 31.9001 0
      vertex 70 1.09504 5.04618
    endloop
  endfacet
  facet normal 1 0 0
    outer loop
      vertex 70 -31.9001 0
      vertex 70 0 4.96
      vertex 70 -1.09504 5.04618
    endloop
  endfacet
  facet normal 1 0 0
    outer loop
      vertex 70 -7 29.96
      vertex 70 -31.9001 0
      vertex 70 -7 11.96
    endloop
  endfacet
  facet normal 1 0 0
    outer loop
      vertex 70 -7 11.96
      vertex 70 -31.9001 0
      vertex 70 -6.91382 10.865
    endloop
  endfacet
  facet normal 1 0 0
    outer loop
      vertex 70 -6.91382 10.865
      vertex 70 -31.9001 0
      vertex 70 -6.6574 9.79688
    endloop
  endfacet
  facet normal 1 0 0
    outer loop
      vertex 70 0 4.96
      vertex 70 -31.9001 0
      vertex 70 31.9001 0
    endloop
  endfacet
  facet normal 1 0 0
    outer loop
      vertex 70 -2.16312 5.3026
      vertex 70 -31.9001 0
      vertex 70 -1.09504 5.04618
    endloop
  endfacet
  facet normal 1 0 0
    outer loop
      vertex 70 -3.17793 5.72295
      vertex 70 -31.9001 0
      vertex 70 -2.16312 5.3026
    endloop
  endfacet
  facet normal 1 0 0
    outer loop
      vertex 70 -4.1145 6.29688
      vertex 70 -31.9001 0
      vertex 70 -3.17793 5.72295
    endloop
  endfacet
  facet normal 1 0 0
    outer loop
      vertex 70 -4.94975 7.01025
      vertex 70 -31.9001 0
      vertex 70 -4.1145 6.29688
    endloop
  endfacet
  facet normal 1 0 0
    outer loop
      vertex 70 -5.66312 7.8455
      vertex 70 -31.9001 0
      vertex 70 -4.94975 7.01025
    endloop
  endfacet
  facet normal 1 0 0
    outer loop
      vertex 70 -6.23705 8.78207
      vertex 70 -31.9001 0
      vertex 70 -5.66312 7.8455
    endloop
  endfacet
  facet normal 1 0 0
    outer loop
      vertex 70 -6.6574 9.79688
      vertex 70 -31.9001 0
      vertex 70 -6.23705 8.78207
    endloop
  endfacet
  facet normal 0.852659 -0.522468 0
    outer loop
      vertex 68.453 -36.6611 55
      vertex 69.1171 -35.5773 0
      vertex 69.1171 -35.5773 55
    endloop
  endfacet
  facet normal 0.852659 -0.522468 0
    outer loop
      vertex 69.1171 -35.5773 0
      vertex 68.453 -36.6611 55
      vertex 68.453 -36.6611 0
    endloop
  endfacet
  facet normal -0.233435 -0.972372 0
    outer loop
      vertex -64.403 -39.6036 0
      vertex -63.1671 -39.9003 55
      vertex -64.403 -39.6036 55
    endloop
  endfacet
  facet normal -0.233435 -0.972372 -0
    outer loop
      vertex -63.1671 -39.9003 55
      vertex -64.403 -39.6036 0
      vertex -63.1671 -39.9003 0
    endloop
  endfacet
  facet normal -0.923855 -0.382743 0
    outer loop
      vertex -69.1171 -35.5773 0
      vertex -69.6036 -34.403 55
      vertex -69.6036 -34.403 0
    endloop
  endfacet
  facet normal -0.923855 -0.382743 0
    outer loop
      vertex -69.6036 -34.403 55
      vertex -69.1171 -35.5773 0
      vertex -69.1171 -35.5773 55
    endloop
  endfacet
  facet normal -1 0 0
    outer loop
      vertex -70 7 29.96
      vertex -70 31.9001 0
      vertex -70 7 11.96
    endloop
  endfacet
  facet normal -1 0 0
    outer loop
      vertex -70 31.9001 0
      vertex -70 6.91382 10.865
      vertex -70 7 11.96
    endloop
  endfacet
  facet normal -1 0 0
    outer loop
      vertex -70 31.9001 0
      vertex -70 6.6574 9.79688
      vertex -70 6.91382 10.865
    endloop
  endfacet
  facet normal -1 0 0
    outer loop
      vertex -70 31.9001 0
      vertex -70 6.23705 8.78207
      vertex -70 6.6574 9.79688
    endloop
  endfacet
  facet normal -1 0 0
    outer loop
      vertex -70 31.9001 0
      vertex -70 5.66312 7.8455
      vertex -70 6.23705 8.78207
    endloop
  endfacet
  facet normal -1 0 0
    outer loop
      vertex -70 31.9001 0
      vertex -70 4.94975 7.01025
      vertex -70 5.66312 7.8455
    endloop
  endfacet
  facet normal -1 0 0
    outer loop
      vertex -70 31.9001 0
      vertex -70 4.1145 6.29688
      vertex -70 4.94975 7.01025
    endloop
  endfacet
  facet normal -1 0 0
    outer loop
      vertex -70 31.9001 0
      vertex -70 3.17793 5.72295
      vertex -70 4.1145 6.29688
    endloop
  endfacet
  facet normal -1 0 0
    outer loop
      vertex -70 31.9001 0
      vertex -70 2.16312 5.3026
      vertex -70 3.17793 5.72295
    endloop
  endfacet
  facet normal -1 0 0
    outer loop
      vertex -70 31.9001 0
      vertex -70 1.09504 5.04618
      vertex -70 2.16312 5.3026
    endloop
  endfacet
  facet normal -1 0 0
    outer loop
      vertex -70 31.9001 0
      vertex -70 0 4.96
      vertex -70 1.09504 5.04618
    endloop
  endfacet
  facet normal -1 0 0
    outer loop
      vertex -70 -31.9001 0
      vertex -70 0 4.96
      vertex -70 31.9001 0
    endloop
  endfacet
  facet normal -1 -0 0
    outer loop
      vertex -70 -7 11.96
      vertex -70 -31.9001 0
      vertex -70 -7 29.96
    endloop
  endfacet
  facet normal -1 -0 0
    outer loop
      vertex -70 -6.91382 10.865
      vertex -70 -31.9001 0
      vertex -70 -7 11.96
    endloop
  endfacet
  facet normal -1 -0 0
    outer loop
      vertex -70 -6.6574 9.79688
      vertex -70 -31.9001 0
      vertex -70 -6.91382 10.865
    endloop
  endfacet
  facet normal -1 -0 0
    outer loop
      vertex -70 -6.23705 8.78207
      vertex -70 -31.9001 0
      vertex -70 -6.6574 9.79688
    endloop
  endfacet
  facet normal -1 -0 0
    outer loop
      vertex -70 -5.66312 7.8455
      vertex -70 -31.9001 0
      vertex -70 -6.23705 8.78207
    endloop
  endfacet
  facet normal -1 -0 0
    outer loop
      vertex -70 -4.94975 7.01025
      vertex -70 -31.9001 0
      vertex -70 -5.66312 7.8455
    endloop
  endfacet
  facet normal -1 -0 0
    outer loop
      vertex -70 -4.1145 6.29688
      vertex -70 -31.9001 0
      vertex -70 -4.94975 7.01025
    endloop
  endfacet
  facet normal -1 -0 0
    outer loop
      vertex -70 -3.17793 5.72295
      vertex -70 -31.9001 0
      vertex -70 -4.1145 6.29688
    endloop
  endfacet
  facet normal -1 -0 0
    outer loop
      vertex -70 -2.16312 5.3026
      vertex -70 -31.9001 0
      vertex -70 -3.17793 5.72295
    endloop
  endfacet
  facet normal -1 -0 0
    outer loop
      vertex -70 -1.09504 5.04618
      vertex -70 -31.9001 0
      vertex -70 -2.16312 5.3026
    endloop
  endfacet
  facet normal -1 -0 0
    outer loop
      vertex -70 0 4.96
      vertex -70 -31.9001 0
      vertex -70 -1.09504 5.04618
    endloop
  endfacet
  facet normal -1 0 0
    outer loop
      vertex -70 31.9001 0
      vertex -70 7 29.96
      vertex -70 31.9001 55
    endloop
  endfacet
  facet normal -1 0 0
    outer loop
      vertex -70 6.91382 31.055
      vertex -70 31.9001 55
      vertex -70 7 29.96
    endloop
  endfacet
  facet normal -1 0 0
    outer loop
      vertex -70 6.6574 32.1231
      vertex -70 31.9001 55
      vertex -70 6.91382 31.055
    endloop
  endfacet
  facet normal -1 0 0
    outer loop
      vertex -70 6.23705 33.1379
      vertex -70 31.9001 55
      vertex -70 6.6574 32.1231
    endloop
  endfacet
  facet normal -1 0 0
    outer loop
      vertex -70 5.66312 34.0745
      vertex -70 31.9001 55
      vertex -70 6.23705 33.1379
    endloop
  endfacet
  facet normal -1 0 0
    outer loop
      vertex -70 4.94975 34.9097
      vertex -70 31.9001 55
      vertex -70 5.66312 34.0745
    endloop
  endfacet
  facet normal -1 0 0
    outer loop
      vertex -70 4.1145 35.6231
      vertex -70 31.9001 55
      vertex -70 4.94975 34.9097
    endloop
  endfacet
  facet normal -1 0 0
    outer loop
      vertex -70 3.17793 36.197
      vertex -70 31.9001 55
      vertex -70 4.1145 35.6231
    endloop
  endfacet
  facet normal -1 0 0
    outer loop
      vertex -70 2.16312 36.6174
      vertex -70 31.9001 55
      vertex -70 3.17793 36.197
    endloop
  endfacet
  facet normal -1 0 0
    outer loop
      vertex -70 1.09504 36.8738
      vertex -70 31.9001 55
      vertex -70 2.16312 36.6174
    endloop
  endfacet
  facet normal -1 0 0
    outer loop
      vertex -70 0 36.96
      vertex -70 31.9001 55
      vertex -70 1.09504 36.8738
    endloop
  endfacet
  facet normal -1 0 0
    outer loop
      vertex -70 -31.9001 55
      vertex -70 0 36.96
      vertex -70 -1.09504 36.8738
    endloop
  endfacet
  facet normal -1 0 0
    outer loop
      vertex -70 -31.9001 55
      vertex -70 -1.09504 36.8738
      vertex -70 -2.16312 36.6174
    endloop
  endfacet
  facet normal -1 0 0
    outer loop
      vertex -70 -31.9001 55
      vertex -70 -2.16312 36.6174
      vertex -70 -3.17793 36.197
    endloop
  endfacet
  facet normal -1 0 0
    outer loop
      vertex -70 -31.9001 55
      vertex -70 -7 29.96
      vertex -70 -31.9001 0
    endloop
  endfacet
  facet normal -1 0 0
    outer loop
      vertex -70 -7 29.96
      vertex -70 -31.9001 55
      vertex -70 -6.91382 31.055
    endloop
  endfacet
  facet normal -1 0 0
    outer loop
      vertex -70 -6.91382 31.055
      vertex -70 -31.9001 55
      vertex -70 -6.6574 32.1231
    endloop
  endfacet
  facet normal -1 0 0
    outer loop
      vertex -70 -6.6574 32.1231
      vertex -70 -31.9001 55
      vertex -70 -6.23705 33.1379
    endloop
  endfacet
  facet normal -1 0 0
    outer loop
      vertex -70 0 36.96
      vertex -70 -31.9001 55
      vertex -70 31.9001 55
    endloop
  endfacet
  facet normal -1 0 0
    outer loop
      vertex -70 -4.1145 35.6231
      vertex -70 -31.9001 55
      vertex -70 -3.17793 36.197
    endloop
  endfacet
  facet normal -1 0 0
    outer loop
      vertex -70 -4.94975 34.9097
      vertex -70 -31.9001 55
      vertex -70 -4.1145 35.6231
    endloop
  endfacet
  facet normal -1 0 0
    outer loop
      vertex -70 -5.66312 34.0745
      vertex -70 -31.9001 55
      vertex -70 -4.94975 34.9097
    endloop
  endfacet
  facet normal -1 0 0
    outer loop
      vertex -70 -6.23705 33.1379
      vertex -70 -31.9001 55
      vertex -70 -5.66312 34.0745
    endloop
  endfacet
  facet normal -0.522525 0.852624 0
    outer loop
      vertex -65.5773 39.1172 0
      vertex -66.6611 38.453 55
      vertex -65.5773 39.1172 55
    endloop
  endfacet
  facet normal -0.522525 0.852624 0
    outer loop
      vertex -66.6611 38.453 55
      vertex -65.5773 39.1172 0
      vertex -66.6611 38.453 0
    endloop
  endfacet
  facet normal -0.852659 0.522468 0
    outer loop
      vertex -69.1171 35.5773 0
      vertex -68.453 36.6611 55
      vertex -68.453 36.6611 0
    endloop
  endfacet
  facet normal -0.852659 0.522468 0
    outer loop
      vertex -68.453 36.6611 55
      vertex -69.1171 35.5773 0
      vertex -69.1171 35.5773 55
    endloop
  endfacet
  facet normal 0.0784473 0.996918 -0
    outer loop
      vertex 63.1671 39.9003 0
      vertex 61.9001 40 55
      vertex 63.1671 39.9003 55
    endloop
  endfacet
  facet normal 0.0784473 0.996918 0
    outer loop
      vertex 61.9001 40 55
      vertex 63.1671 39.9003 0
      vertex 61.9001 40 0
    endloop
  endfacet
  facet normal 0 1 0
    outer loop
      vertex 61.9001 40 55
      vertex 0 40 36.96
      vertex -61.9001 40 55
    endloop
  endfacet
  facet normal 0 1 0
    outer loop
      vertex 61.9001 40 55
      vertex 1.09504 40 36.8738
      vertex 0 40 36.96
    endloop
  endfacet
  facet normal 0 1 0
    outer loop
      vertex 61.9001 40 55
      vertex 2.16312 40 36.6174
      vertex 1.09504 40 36.8738
    endloop
  endfacet
  facet normal 0 1 0
    outer loop
      vertex 61.9001 40 55
      vertex 3.17793 40 36.197
      vertex 2.16312 40 36.6174
    endloop
  endfacet
  facet normal 0 1 0
    outer loop
      vertex 61.9001 40 55
      vertex 4.1145 40 35.6231
      vertex 3.17793 40 36.197
    endloop
  endfacet
  facet normal 0 1 0
    outer loop
      vertex 61.9001 40 55
      vertex 4.94975 40 34.9097
      vertex 4.1145 40 35.6231
    endloop
  endfacet
  facet normal 0 1 0
    outer loop
      vertex 61.9001 40 55
      vertex 5.66312 40 34.0745
      vertex 4.94975 40 34.9097
    endloop
  endfacet
  facet normal 0 1 0
    outer loop
      vertex 61.9001 40 55
      vertex 6.23705 40 33.1379
      vertex 5.66312 40 34.0745
    endloop
  endfacet
  facet normal 0 1 0
    outer loop
      vertex 61.9001 40 55
      vertex 6.6574 40 32.1231
      vertex 6.23705 40 33.1379
    endloop
  endfacet
  facet normal 0 1 0
    outer loop
      vertex 61.9001 40 55
      vertex 6.91382 40 31.055
      vertex 6.6574 40 32.1231
    endloop
  endfacet
  facet normal 0 1 0
    outer loop
      vertex 61.9001 40 55
      vertex 7 40 29.96
      vertex 6.91382 40 31.055
    endloop
  endfacet
  facet normal 0 1 -0
    outer loop
      vertex 61.9001 40 0
      vertex 7 40 29.96
      vertex 61.9001 40 55
    endloop
  endfacet
  facet normal 0 1 0
    outer loop
      vertex 7 40 29.96
      vertex 61.9001 40 0
      vertex 7 40 11.96
    endloop
  endfacet
  facet normal 0 1 0
    outer loop
      vertex 7 40 11.96
      vertex 61.9001 40 0
      vertex 6.91382 40 10.865
    endloop
  endfacet
  facet normal 0 1 0
    outer loop
      vertex 6.91382 40 10.865
      vertex 61.9001 40 0
      vertex 6.6574 40 9.79688
    endloop
  endfacet
  facet normal 0 1 0
    outer loop
      vertex 6.6574 40 9.79688
      vertex 61.9001 40 0
      vertex 6.23705 40 8.78207
    endloop
  endfacet
  facet normal 0 1 0
    outer loop
      vertex 6.23705 40 8.78207
      vertex 61.9001 40 0
      vertex 5.66312 40 7.8455
    endloop
  endfacet
  facet normal 0 1 0
    outer loop
      vertex 5.66312 40 7.8455
      vertex 61.9001 40 0
      vertex 4.94975 40 7.01025
    endloop
  endfacet
  facet normal 0 1 0
    outer loop
      vertex 1.09504 40 5.04618
      vertex 61.9001 40 0
      vertex 0 40 4.96
    endloop
  endfacet
  facet normal 0 1 0
    outer loop
      vertex 2.16312 40 5.3026
      vertex 61.9001 40 0
      vertex 1.09504 40 5.04618
    endloop
  endfacet
  facet normal 0 1 0
    outer loop
      vertex 3.17793 40 5.72295
      vertex 61.9001 40 0
      vertex 2.16312 40 5.3026
    endloop
  endfacet
  facet normal 0 1 0
    outer loop
      vertex 4.1145 40 6.29688
      vertex 61.9001 40 0
      vertex 3.17793 40 5.72295
    endloop
  endfacet
  facet normal 0 1 0
    outer loop
      vertex 4.94975 40 7.01025
      vertex 61.9001 40 0
      vertex 4.1145 40 6.29688
    endloop
  endfacet
  facet normal 0 1 -0
    outer loop
      vertex -1.09504 40 36.8738
      vertex -61.9001 40 55
      vertex 0 40 36.96
    endloop
  endfacet
  facet normal 0 1 -0
    outer loop
      vertex -2.16312 40 36.6174
      vertex -61.9001 40 55
      vertex -1.09504 40 36.8738
    endloop
  endfacet
  facet normal 0 1 -0
    outer loop
      vertex -3.17793 40 36.197
      vertex -61.9001 40 55
      vertex -2.16312 40 36.6174
    endloop
  endfacet
  facet normal 0 1 -0
    outer loop
      vertex -4.1145 40 35.6231
      vertex -61.9001 40 55
      vertex -3.17793 40 36.197
    endloop
  endfacet
  facet normal 0 1 -0
    outer loop
      vertex -4.94975 40 34.9097
      vertex -61.9001 40 55
      vertex -4.1145 40 35.6231
    endloop
  endfacet
  facet normal 0 1 -0
    outer loop
      vertex -5.66312 40 34.0745
      vertex -61.9001 40 55
      vertex -4.94975 40 34.9097
    endloop
  endfacet
  facet normal 0 1 -0
    outer loop
      vertex -6.23705 40 33.1379
      vertex -61.9001 40 55
      vertex -5.66312 40 34.0745
    endloop
  endfacet
  facet normal 0 1 -0
    outer loop
      vertex -6.6574 40 32.1231
      vertex -61.9001 40 55
      vertex -6.23705 40 33.1379
    endloop
  endfacet
  facet normal 0 1 -0
    outer loop
      vertex -6.91382 40 31.055
      vertex -61.9001 40 55
      vertex -6.6574 40 32.1231
    endloop
  endfacet
  facet normal 0 1 -0
    outer loop
      vertex -7 40 29.96
      vertex -61.9001 40 55
      vertex -6.91382 40 31.055
    endloop
  endfacet
  facet normal 0 1 0
    outer loop
      vertex -61.9001 40 0
      vertex -7 40 29.96
      vertex -7 40 11.96
    endloop
  endfacet
  facet normal 0 1 0
    outer loop
      vertex -61.9001 40 0
      vertex -7 40 11.96
      vertex -6.91382 40 10.865
    endloop
  endfacet
  facet normal 0 1 0
    outer loop
      vertex -61.9001 40 0
      vertex -6.91382 40 10.865
      vertex -6.6574 40 9.79688
    endloop
  endfacet
  facet normal 0 1 0
    outer loop
      vertex -61.9001 40 0
      vertex -6.6574 40 9.79688
      vertex -6.23705 40 8.78207
    endloop
  endfacet
  facet normal 0 1 0
    outer loop
      vertex -61.9001 40 0
      vertex -6.23705 40 8.78207
      vertex -5.66312 40 7.8455
    endloop
  endfacet
  facet normal 0 1 0
    outer loop
      vertex -61.9001 40 0
      vertex -5.66312 40 7.8455
      vertex -4.94975 40 7.01025
    endloop
  endfacet
  facet normal 0 1 0
    outer loop
      vertex -61.9001 40 0
      vertex -4.94975 40 7.01025
      vertex -4.1145 40 6.29688
    endloop
  endfacet
  facet normal 0 1 0
    outer loop
      vertex -61.9001 40 0
      vertex 0 40 4.96
      vertex 61.9001 40 0
    endloop
  endfacet
  facet normal 0 1 0
    outer loop
      vertex -7 40 29.96
      vertex -61.9001 40 0
      vertex -61.9001 40 55
    endloop
  endfacet
  facet normal 0 1 0
    outer loop
      vertex -3.17793 40 5.72295
      vertex -61.9001 40 0
      vertex -4.1145 40 6.29688
    endloop
  endfacet
  facet normal 0 1 0
    outer loop
      vertex -2.16312 40 5.3026
      vertex -61.9001 40 0
      vertex -3.17793 40 5.72295
    endloop
  endfacet
  facet normal 0 1 0
    outer loop
      vertex -1.09504 40 5.04618
      vertex -61.9001 40 0
      vertex -2.16312 40 5.3026
    endloop
  endfacet
  facet normal 0 1 0
    outer loop
      vertex 0 40 4.96
      vertex -61.9001 40 0
      vertex -1.09504 40 5.04618
    endloop
  endfacet
  facet normal 0.0784473 -0.996918 0
    outer loop
      vertex 61.9001 -40 0
      vertex 63.1671 -39.9003 55
      vertex 61.9001 -40 55
    endloop
  endfacet
  facet normal 0.0784473 -0.996918 0
    outer loop
      vertex 63.1671 -39.9003 55
      vertex 61.9001 -40 0
      vertex 63.1671 -39.9003 0
    endloop
  endfacet
  facet normal 0 -1 0
    outer loop
      vertex -61.9001 -40 55
      vertex 0 -40 36.96
      vertex 61.9001 -40 55
    endloop
  endfacet
  facet normal 0 -1 0
    outer loop
      vertex -61.9001 -40 55
      vertex -1.09504 -40 36.8738
      vertex 0 -40 36.96
    endloop
  endfacet
  facet normal 0 -1 0
    outer loop
      vertex -61.9001 -40 55
      vertex -2.16312 -40 36.6174
      vertex -1.09504 -40 36.8738
    endloop
  endfacet
  facet normal 0 -1 0
    outer loop
      vertex -61.9001 -40 55
      vertex -3.17793 -40 36.197
      vertex -2.16312 -40 36.6174
    endloop
  endfacet
  facet normal 0 -1 0
    outer loop
      vertex -61.9001 -40 55
      vertex -4.1145 -40 35.6231
      vertex -3.17793 -40 36.197
    endloop
  endfacet
  facet normal 0 -1 0
    outer loop
      vertex -61.9001 -40 55
      vertex -4.94975 -40 34.9097
      vertex -4.1145 -40 35.6231
    endloop
  endfacet
  facet normal 0 -1 0
    outer loop
      vertex -61.9001 -40 55
      vertex -5.66312 -40 34.0745
      vertex -4.94975 -40 34.9097
    endloop
  endfacet
  facet normal 0 -1 0
    outer loop
      vertex -61.9001 -40 55
      vertex -6.23705 -40 33.1379
      vertex -5.66312 -40 34.0745
    endloop
  endfacet
  facet normal 0 -1 0
    outer loop
      vertex -61.9001 -40 55
      vertex -6.6574 -40 32.1231
      vertex -6.23705 -40 33.1379
    endloop
  endfacet
  facet normal 0 -1 0
    outer loop
      vertex -61.9001 -40 55
      vertex -6.91382 -40 31.055
      vertex -6.6574 -40 32.1231
    endloop
  endfacet
  facet normal 0 -1 0
    outer loop
      vertex -61.9001 -40 55
      vertex -7 -40 29.96
      vertex -6.91382 -40 31.055
    endloop
  endfacet
  facet normal 0 -1 0
    outer loop
      vertex -61.9001 -40 0
      vertex -7 -40 29.96
      vertex -61.9001 -40 55
    endloop
  endfacet
  facet normal 0 -1 -0
    outer loop
      vertex -7 -40 29.96
      vertex -61.9001 -40 0
      vertex -7 -40 11.96
    endloop
  endfacet
  facet normal 0 -1 -0
    outer loop
      vertex -7 -40 11.96
      vertex -61.9001 -40 0
      vertex -6.91382 -40 10.865
    endloop
  endfacet
  facet normal 0 -1 -0
    outer loop
      vertex -6.91382 -40 10.865
      vertex -61.9001 -40 0
      vertex -6.6574 -40 9.79688
    endloop
  endfacet
  facet normal 0 -1 -0
    outer loop
      vertex -6.6574 -40 9.79688
      vertex -61.9001 -40 0
      vertex -6.23705 -40 8.78207
    endloop
  endfacet
  facet normal 0 -1 -0
    outer loop
      vertex -6.23705 -40 8.78207
      vertex -61.9001 -40 0
      vertex -5.66312 -40 7.8455
    endloop
  endfacet
  facet normal 0 -1 -0
    outer loop
      vertex -5.66312 -40 7.8455
      vertex -61.9001 -40 0
      vertex -4.94975 -40 7.01025
    endloop
  endfacet
  facet normal 0 -1 -0
    outer loop
      vertex -1.09504 -40 5.04618
      vertex -61.9001 -40 0
      vertex 0 -40 4.96
    endloop
  endfacet
  facet normal 0 -1 -0
    outer loop
      vertex -2.16312 -40 5.3026
      vertex -61.9001 -40 0
      vertex -1.09504 -40 5.04618
    endloop
  endfacet
  facet normal 0 -1 -0
    outer loop
      vertex -3.17793 -40 5.72295
      vertex -61.9001 -40 0
      vertex -2.16312 -40 5.3026
    endloop
  endfacet
  facet normal 0 -1 -0
    outer loop
      vertex -4.1145 -40 6.29688
      vertex -61.9001 -40 0
      vertex -3.17793 -40 5.72295
    endloop
  endfacet
  facet normal 0 -1 -0
    outer loop
      vertex -4.94975 -40 7.01025
      vertex -61.9001 -40 0
      vertex -4.1145 -40 6.29688
    endloop
  endfacet
  facet normal 0 -1 0
    outer loop
      vertex 1.09504 -40 36.8738
      vertex 61.9001 -40 55
      vertex 0 -40 36.96
    endloop
  endfacet
  facet normal 0 -1 0
    outer loop
      vertex 2.16312 -40 36.6174
      vertex 61.9001 -40 55
      vertex 1.09504 -40 36.8738
    endloop
  endfacet
  facet normal 0 -1 0
    outer loop
      vertex 3.17793 -40 36.197
      vertex 61.9001 -40 55
      vertex 2.16312 -40 36.6174
    endloop
  endfacet
  facet normal 0 -1 0
    outer loop
      vertex 4.1145 -40 35.6231
      vertex 61.9001 -40 55
      vertex 3.17793 -40 36.197
    endloop
  endfacet
  facet normal 0 -1 0
    outer loop
      vertex 4.94975 -40 34.9097
      vertex 61.9001 -40 55
      vertex 4.1145 -40 35.6231
    endloop
  endfacet
  facet normal 0 -1 0
    outer loop
      vertex 5.66312 -40 34.0745
      vertex 61.9001 -40 55
      vertex 4.94975 -40 34.9097
    endloop
  endfacet
  facet normal 0 -1 0
    outer loop
      vertex 6.23705 -40 33.1379
      vertex 61.9001 -40 55
      vertex 5.66312 -40 34.0745
    endloop
  endfacet
  facet normal 0 -1 0
    outer loop
      vertex 6.6574 -40 32.1231
      vertex 61.9001 -40 55
      vertex 6.23705 -40 33.1379
    endloop
  endfacet
  facet normal 0 -1 0
    outer loop
      vertex 6.91382 -40 31.055
      vertex 61.9001 -40 55
      vertex 6.6574 -40 32.1231
    endloop
  endfacet
  facet normal 0 -1 0
    outer loop
      vertex 7 -40 29.96
      vertex 61.9001 -40 55
      vertex 6.91382 -40 31.055
    endloop
  endfacet
  facet normal 0 -1 0
    outer loop
      vertex 61.9001 -40 0
      vertex 7 -40 29.96
      vertex 7 -40 11.96
    endloop
  endfacet
  facet normal 0 -1 0
    outer loop
      vertex 61.9001 -40 0
      vertex 7 -40 11.96
      vertex 6.91382 -40 10.865
    endloop
  endfacet
  facet normal 0 -1 0
    outer loop
      vertex 61.9001 -40 0
      vertex 6.91382 -40 10.865
      vertex 6.6574 -40 9.79688
    endloop
  endfacet
  facet normal 0 -1 0
    outer loop
      vertex 61.9001 -40 0
      vertex 6.6574 -40 9.79688
      vertex 6.23705 -40 8.78207
    endloop
  endfacet
  facet normal 0 -1 0
    outer loop
      vertex 61.9001 -40 0
      vertex 6.23705 -40 8.78207
      vertex 5.66312 -40 7.8455
    endloop
  endfacet
  facet normal 0 -1 0
    outer loop
      vertex 61.9001 -40 0
      vertex 5.66312 -40 7.8455
      vertex 4.94975 -40 7.01025
    endloop
  endfacet
  facet normal 0 -1 0
    outer loop
      vertex 61.9001 -40 0
      vertex 4.94975 -40 7.01025
      vertex 4.1145 -40 6.29688
    endloop
  endfacet
  facet normal 0 -1 0
    outer loop
      vertex 61.9001 -40 0
      vertex 0 -40 4.96
      vertex -61.9001 -40 0
    endloop
  endfacet
  facet normal 0 -1 0
    outer loop
      vertex 7 -40 29.96
      vertex 61.9001 -40 0
      vertex 61.9001 -40 55
    endloop
  endfacet
  facet normal 0 -1 0
    outer loop
      vertex 3.17793 -40 5.72295
      vertex 61.9001 -40 0
      vertex 4.1145 -40 6.29688
    endloop
  endfacet
  facet normal 0 -1 0
    outer loop
      vertex 2.16312 -40 5.3026
      vertex 61.9001 -40 0
      vertex 3.17793 -40 5.72295
    endloop
  endfacet
  facet normal 0 -1 0
    outer loop
      vertex 1.09504 -40 5.04618
      vertex 61.9001 -40 0
      vertex 2.16312 -40 5.3026
    endloop
  endfacet
  facet normal 0 -1 0
    outer loop
      vertex 0 -40 4.96
      vertex 61.9001 -40 0
      vertex 1.09504 -40 5.04618
    endloop
  endfacet
  facet normal 0 0 -1
    outer loop
      vertex 61.9001 -40 0
      vertex 70 -31.9001 0
      vertex 69.9003 -33.1671 0
    endloop
  endfacet
  facet normal 0 0 -1
    outer loop
      vertex 70 -31.9001 0
      vertex 5.65 0 0
      vertex 70 31.9001 0
    endloop
  endfacet
  facet normal 0 0 -1
    outer loop
      vertex 61.9001 -40 0
      vertex 69.9003 -33.1671 0
      vertex 69.6036 -34.403 0
    endloop
  endfacet
  facet normal 0 0 -1
    outer loop
      vertex 5.58044 0.883854 0
      vertex 70 31.9001 0
      vertex 5.65 0 0
    endloop
  endfacet
  facet normal 0 0 -1
    outer loop
      vertex 61.9001 -40 0
      vertex 69.6036 -34.403 0
      vertex 69.1171 -35.5773 0
    endloop
  endfacet
  facet normal 0 0 -1
    outer loop
      vertex 5.37347 1.74595 0
      vertex 70 31.9001 0
      vertex 5.58044 0.883854 0
    endloop
  endfacet
  facet normal 0 0 -1
    outer loop
      vertex 61.9001 -40 0
      vertex 69.1171 -35.5773 0
      vertex 68.453 -36.6611 0
    endloop
  endfacet
  facet normal 0 0 -1
    outer loop
      vertex 70 31.9001 0
      vertex 61.9001 40 0
      vertex 69.9003 33.1671 0
    endloop
  endfacet
  facet normal 0 0 -1
    outer loop
      vertex 61.9001 -40 0
      vertex 68.453 -36.6611 0
      vertex 67.6276 -37.6276 0
    endloop
  endfacet
  facet normal 0 0 -1
    outer loop
      vertex 5.37347 -1.74595 0
      vertex 70 -31.9001 0
      vertex 61.9001 -40 0
    endloop
  endfacet
  facet normal 0 0 -1
    outer loop
      vertex 61.9001 -40 0
      vertex 67.6276 -37.6276 0
      vertex 66.6611 -38.453 0
    endloop
  endfacet
  facet normal 0 0 -1
    outer loop
      vertex 69.9003 33.1671 0
      vertex 61.9001 40 0
      vertex 69.6036 34.403 0
    endloop
  endfacet
  facet normal 0 0 -1
    outer loop
      vertex 61.9001 -40 0
      vertex 66.6611 -38.453 0
      vertex 65.5773 -39.1172 0
    endloop
  endfacet
  facet normal 0 0 -1
    outer loop
      vertex 68.453 36.6611 0
      vertex 61.9001 40 0
      vertex 67.6276 37.6276 0
    endloop
  endfacet
  facet normal 0 0 -1
    outer loop
      vertex 61.9001 -40 0
      vertex 65.5773 -39.1172 0
      vertex 64.403 -39.6036 0
    endloop
  endfacet
  facet normal 0 0 -1
    outer loop
      vertex 67.6276 37.6276 0
      vertex 61.9001 40 0
      vertex 66.6611 38.453 0
    endloop
  endfacet
  facet normal 0 0 -1
    outer loop
      vertex 61.9001 -40 0
      vertex 64.403 -39.6036 0
      vertex 63.1671 -39.9003 0
    endloop
  endfacet
  facet normal 0 0 -1
    outer loop
      vertex 66.6611 38.453 0
      vertex 61.9001 40 0
      vertex 65.5773 39.1172 0
    endloop
  endfacet
  facet normal 0 0 -1
    outer loop
      vertex 65.5773 39.1172 0
      vertex 61.9001 40 0
      vertex 64.403 39.6036 0
    endloop
  endfacet
  facet normal 0 0 -1
    outer loop
      vertex 64.403 39.6036 0
      vertex 61.9001 40 0
      vertex 63.1671 39.9003 0
    endloop
  endfacet
  facet normal 0 0 -1
    outer loop
      vertex 69.1171 35.5773 0
      vertex 61.9001 40 0
      vertex 68.453 36.6611 0
    endloop
  endfacet
  facet normal 0 0 -1
    outer loop
      vertex 70 -31.9001 0
      vertex 5.58044 -0.883854 0
      vertex 5.65 0 0
    endloop
  endfacet
  facet normal 0 0 -1
    outer loop
      vertex 70 -31.9001 0
      vertex 5.37347 -1.74595 0
      vertex 5.58044 -0.883854 0
    endloop
  endfacet
  facet normal 0 0 -1
    outer loop
      vertex 61.9001 -40 0
      vertex 5.03419 -2.56505 0
      vertex 5.37347 -1.74595 0
    endloop
  endfacet
  facet normal 0 0 -1
    outer loop
      vertex 61.9001 -40 0
      vertex 4.57095 -3.32099 0
      vertex 5.03419 -2.56505 0
    endloop
  endfacet
  facet normal 0 0 -1
    outer loop
      vertex 61.9001 -40 0
      vertex 3.99515 -3.99515 0
      vertex 4.57095 -3.32099 0
    endloop
  endfacet
  facet normal 0 0 -1
    outer loop
      vertex 61.9001 -40 0
      vertex 3.32099 -4.57095 0
      vertex 3.99515 -3.99515 0
    endloop
  endfacet
  facet normal 0 0 -1
    outer loop
      vertex 61.9001 -40 0
      vertex 2.56505 -5.03419 0
      vertex 3.32099 -4.57095 0
    endloop
  endfacet
  facet normal 0 0 -1
    outer loop
      vertex 61.9001 -40 0
      vertex 1.74595 -5.37347 0
      vertex 2.56505 -5.03419 0
    endloop
  endfacet
  facet normal 0 0 -1
    outer loop
      vertex 61.9001 -40 0
      vertex 0.883854 -5.58044 0
      vertex 1.74595 -5.37347 0
    endloop
  endfacet
  facet normal 0 0 -1
    outer loop
      vertex 61.9001 -40 0
      vertex 0 -5.65 0
      vertex 0.883854 -5.58044 0
    endloop
  endfacet
  facet normal 0 0 -1
    outer loop
      vertex -61.9001 -40 0
      vertex 0 -5.65 0
      vertex 61.9001 -40 0
    endloop
  endfacet
  facet normal -0 0 -1
    outer loop
      vertex 0 -5.65 0
      vertex -61.9001 -40 0
      vertex -0.883854 -5.58044 0
    endloop
  endfacet
  facet normal -0 0 -1
    outer loop
      vertex -0.883854 -5.58044 0
      vertex -61.9001 -40 0
      vertex -1.74595 -5.37347 0
    endloop
  endfacet
  facet normal -0 0 -1
    outer loop
      vertex -5.37347 -1.74595 0
      vertex -70 -31.9001 0
      vertex -5.58044 -0.883854 0
    endloop
  endfacet
  facet normal 0 0 -1
    outer loop
      vertex -70 -31.9001 0
      vertex -5.37347 -1.74595 0
      vertex -61.9001 -40 0
    endloop
  endfacet
  facet normal -0 0 -1
    outer loop
      vertex -5.03419 -2.56505 0
      vertex -61.9001 -40 0
      vertex -5.37347 -1.74595 0
    endloop
  endfacet
  facet normal -0 0 -1
    outer loop
      vertex -4.57095 -3.32099 0
      vertex -61.9001 -40 0
      vertex -5.03419 -2.56505 0
    endloop
  endfacet
  facet normal -0 0 -1
    outer loop
      vertex -3.99515 -3.99515 0
      vertex -61.9001 -40 0
      vertex -4.57095 -3.32099 0
    endloop
  endfacet
  facet normal -0 0 -1
    outer loop
      vertex -3.32099 -4.57095 0
      vertex -61.9001 -40 0
      vertex -3.99515 -3.99515 0
    endloop
  endfacet
  facet normal -0 0 -1
    outer loop
      vertex -2.56505 -5.03419 0
      vertex -61.9001 -40 0
      vertex -3.32099 -4.57095 0
    endloop
  endfacet
  facet normal -0 0 -1
    outer loop
      vertex -1.74595 -5.37347 0
      vertex -61.9001 -40 0
      vertex -2.56505 -5.03419 0
    endloop
  endfacet
  facet normal 0 0 -1
    outer loop
      vertex 69.6036 34.403 0
      vertex 61.9001 40 0
      vertex 69.1171 35.5773 0
    endloop
  endfacet
  facet normal -0 0 -1
    outer loop
      vertex 70 31.9001 0
      vertex 5.37347 1.74595 0
      vertex 61.9001 40 0
    endloop
  endfacet
  facet normal 0 0 -1
    outer loop
      vertex 5.03419 2.56505 0
      vertex 61.9001 40 0
      vertex 5.37347 1.74595 0
    endloop
  endfacet
  facet normal 0 0 -1
    outer loop
      vertex 4.57095 3.32099 0
      vertex 61.9001 40 0
      vertex 5.03419 2.56505 0
    endloop
  endfacet
  facet normal 0 0 -1
    outer loop
      vertex 3.99515 3.99515 0
      vertex 61.9001 40 0
      vertex 4.57095 3.32099 0
    endloop
  endfacet
  facet normal 0 0 -1
    outer loop
      vertex 3.32099 4.57095 0
      vertex 61.9001 40 0
      vertex 3.99515 3.99515 0
    endloop
  endfacet
  facet normal 0 0 -1
    outer loop
      vertex 2.56505 5.03419 0
      vertex 61.9001 40 0
      vertex 3.32099 4.57095 0
    endloop
  endfacet
  facet normal 0 0 -1
    outer loop
      vertex 1.74595 5.37347 0
      vertex 61.9001 40 0
      vertex 2.56505 5.03419 0
    endloop
  endfacet
  facet normal 0 0 -1
    outer loop
      vertex 0.883854 5.58044 0
      vertex 61.9001 40 0
      vertex 1.74595 5.37347 0
    endloop
  endfacet
  facet normal 0 0 -1
    outer loop
      vertex 0 5.65 0
      vertex 61.9001 40 0
      vertex 0.883854 5.58044 0
    endloop
  endfacet
  facet normal 0 0 -1
    outer loop
      vertex -61.9001 40 0
      vertex 0 5.65 0
      vertex -0.883854 5.58044 0
    endloop
  endfacet
  facet normal 0 0 -1
    outer loop
      vertex -61.9001 40 0
      vertex -0.883854 5.58044 0
      vertex -1.74595 5.37347 0
    endloop
  endfacet
  facet normal 0 0 -1
    outer loop
      vertex -61.9001 40 0
      vertex -1.74595 5.37347 0
      vertex -2.56505 5.03419 0
    endloop
  endfacet
  facet normal -0 0 -1
    outer loop
      vertex -5.58044 -0.883854 0
      vertex -70 -31.9001 0
      vertex -5.65 0 0
    endloop
  endfacet
  facet normal 0 0 -1
    outer loop
      vertex -70 31.9001 0
      vertex -5.65 0 0
      vertex -70 -31.9001 0
    endloop
  endfacet
  facet normal 0 0 -1
    outer loop
      vertex -5.65 0 0
      vertex -70 31.9001 0
      vertex -5.58044 0.883854 0
    endloop
  endfacet
  facet normal 0 0 -1
    outer loop
      vertex -5.58044 0.883854 0
      vertex -70 31.9001 0
      vertex -5.37347 1.74595 0
    endloop
  endfacet
  facet normal 0 -0 -1
    outer loop
      vertex -61.9001 40 0
      vertex -5.37347 1.74595 0
      vertex -70 31.9001 0
    endloop
  endfacet
  facet normal 0 0 -1
    outer loop
      vertex -5.37347 1.74595 0
      vertex -61.9001 40 0
      vertex -5.03419 2.56505 0
    endloop
  endfacet
  facet normal 0 0 -1
    outer loop
      vertex 0 5.65 0
      vertex -61.9001 40 0
      vertex 61.9001 40 0
    endloop
  endfacet
  facet normal 0 0 -1
    outer loop
      vertex -3.32099 4.57095 0
      vertex -61.9001 40 0
      vertex -2.56505 5.03419 0
    endloop
  endfacet
  facet normal 0 0 -1
    outer loop
      vertex -5.03419 2.56505 0
      vertex -61.9001 40 0
      vertex -4.57095 3.32099 0
    endloop
  endfacet
  facet normal 0 0 -1
    outer loop
      vertex -70 -31.9001 0
      vertex -61.9001 -40 0
      vertex -63.1671 -39.9003 0
    endloop
  endfacet
  facet normal 0 0 -1
    outer loop
      vertex -4.57095 3.32099 0
      vertex -61.9001 40 0
      vertex -3.99515 3.99515 0
    endloop
  endfacet
  facet normal 0 0 -1
    outer loop
      vertex -70 -31.9001 0
      vertex -63.1671 -39.9003 0
      vertex -64.403 -39.6036 0
    endloop
  endfacet
  facet normal 0 0 -1
    outer loop
      vertex -3.99515 3.99515 0
      vertex -61.9001 40 0
      vertex -3.32099 4.57095 0
    endloop
  endfacet
  facet normal 0 0 -1
    outer loop
      vertex -70 -31.9001 0
      vertex -64.403 -39.6036 0
      vertex -65.5773 -39.1172 0
    endloop
  endfacet
  facet normal 0 0 -1
    outer loop
      vertex -61.9001 40 0
      vertex -70 31.9001 0
      vertex -63.1671 39.9003 0
    endloop
  endfacet
  facet normal 0 0 -1
    outer loop
      vertex -70 -31.9001 0
      vertex -65.5773 -39.1172 0
      vertex -66.6611 -38.453 0
    endloop
  endfacet
  facet normal 0 0 -1
    outer loop
      vertex -63.1671 39.9003 0
      vertex -70 31.9001 0
      vertex -64.403 39.6036 0
    endloop
  endfacet
  facet normal 0 0 -1
    outer loop
      vertex -70 -31.9001 0
      vertex -66.6611 -38.453 0
      vertex -67.6276 -37.6276 0
    endloop
  endfacet
  facet normal 0 0 -1
    outer loop
      vertex -64.403 39.6036 0
      vertex -70 31.9001 0
      vertex -65.5773 39.1172 0
    endloop
  endfacet
  facet normal 0 0 -1
    outer loop
      vertex -70 -31.9001 0
      vertex -67.6276 -37.6276 0
      vertex -68.453 -36.6611 0
    endloop
  endfacet
  facet normal 0 0 -1
    outer loop
      vertex -65.5773 39.1172 0
      vertex -70 31.9001 0
      vertex -66.6611 38.453 0
    endloop
  endfacet
  facet normal 0 0 -1
    outer loop
      vertex -70 -31.9001 0
      vertex -68.453 -36.6611 0
      vertex -69.1171 -35.5773 0
    endloop
  endfacet
  facet normal 0 0 -1
    outer loop
      vertex -66.6611 38.453 0
      vertex -70 31.9001 0
      vertex -67.6276 37.6276 0
    endloop
  endfacet
  facet normal 0 0 -1
    outer loop
      vertex -70 -31.9001 0
      vertex -69.1171 -35.5773 0
      vertex -69.6036 -34.403 0
    endloop
  endfacet
  facet normal 0 0 -1
    outer loop
      vertex -67.6276 37.6276 0
      vertex -70 31.9001 0
      vertex -68.453 36.6611 0
    endloop
  endfacet
  facet normal 0 0 -1
    outer loop
      vertex -70 -31.9001 0
      vertex -69.6036 -34.403 0
      vertex -69.9003 -33.1671 0
    endloop
  endfacet
  facet normal 0 0 -1
    outer loop
      vertex -68.453 36.6611 0
      vertex -70 31.9001 0
      vertex -69.1171 35.5773 0
    endloop
  endfacet
  facet normal 0 0 -1
    outer loop
      vertex -69.1171 35.5773 0
      vertex -70 31.9001 0
      vertex -69.6036 34.403 0
    endloop
  endfacet
  facet normal 0 0 -1
    outer loop
      vertex -69.6036 34.403 0
      vertex -70 31.9001 0
      vertex -69.9003 33.1671 0
    endloop
  endfacet
  facet normal -0.760433 0.649417 0
    outer loop
      vertex -68.453 36.6611 0
      vertex -67.6276 37.6276 55
      vertex -67.6276 37.6276 0
    endloop
  endfacet
  facet normal -0.760433 0.649417 0
    outer loop
      vertex -67.6276 37.6276 55
      vertex -68.453 36.6611 0
      vertex -68.453 36.6611 55
    endloop
  endfacet
  facet normal -0.649417 0.760433 0
    outer loop
      vertex -66.6611 38.453 0
      vertex -67.6276 37.6276 55
      vertex -66.6611 38.453 55
    endloop
  endfacet
  facet normal -0.649417 0.760433 0
    outer loop
      vertex -67.6276 37.6276 55
      vertex -66.6611 38.453 0
      vertex -67.6276 37.6276 0
    endloop
  endfacet
  facet normal -0.923855 0.382743 0
    outer loop
      vertex -69.6036 34.403 0
      vertex -69.1171 35.5773 55
      vertex -69.1171 35.5773 0
    endloop
  endfacet
  facet normal -0.923855 0.382743 0
    outer loop
      vertex -69.1171 35.5773 55
      vertex -69.6036 34.403 0
      vertex -69.6036 34.403 55
    endloop
  endfacet
  facet normal 0.233435 0.972372 -0
    outer loop
      vertex 64.403 39.6036 0
      vertex 63.1671 39.9003 55
      vertex 64.403 39.6036 55
    endloop
  endfacet
  facet normal 0.233435 0.972372 0
    outer loop
      vertex 63.1671 39.9003 55
      vertex 64.403 39.6036 0
      vertex 63.1671 39.9003 0
    endloop
  endfacet
  facet normal 0.382676 0.923883 -0
    outer loop
      vertex 65.5773 39.1172 0
      vertex 64.403 39.6036 55
      vertex 65.5773 39.1172 55
    endloop
  endfacet
  facet normal 0.382676 0.923883 0
    outer loop
      vertex 64.403 39.6036 55
      vertex 65.5773 39.1172 0
      vertex 64.403 39.6036 0
    endloop
  endfacet
  facet normal 0.522525 0.852624 -0
    outer loop
      vertex 66.6611 38.453 0
      vertex 65.5773 39.1172 55
      vertex 66.6611 38.453 55
    endloop
  endfacet
  facet normal 0.522525 0.852624 0
    outer loop
      vertex 65.5773 39.1172 55
      vertex 66.6611 38.453 0
      vertex 65.5773 39.1172 0
    endloop
  endfacet
  facet normal -0.382676 0.923883 0
    outer loop
      vertex -64.403 39.6036 0
      vertex -65.5773 39.1172 55
      vertex -64.403 39.6036 55
    endloop
  endfacet
  facet normal -0.382676 0.923883 0
    outer loop
      vertex -65.5773 39.1172 55
      vertex -64.403 39.6036 0
      vertex -65.5773 39.1172 0
    endloop
  endfacet
  facet normal 0.923855 0.382743 0
    outer loop
      vertex 69.6036 34.403 55
      vertex 69.1171 35.5773 0
      vertex 69.1171 35.5773 55
    endloop
  endfacet
  facet normal 0.923855 0.382743 0
    outer loop
      vertex 69.1171 35.5773 0
      vertex 69.6036 34.403 55
      vertex 69.6036 34.403 0
    endloop
  endfacet
  facet normal 0.760433 -0.649417 0
    outer loop
      vertex 67.6276 -37.6276 55
      vertex 68.453 -36.6611 0
      vertex 68.453 -36.6611 55
    endloop
  endfacet
  facet normal 0.760433 -0.649417 0
    outer loop
      vertex 68.453 -36.6611 0
      vertex 67.6276 -37.6276 55
      vertex 67.6276 -37.6276 0
    endloop
  endfacet
  facet normal 0.382676 -0.923883 0
    outer loop
      vertex 64.403 -39.6036 0
      vertex 65.5773 -39.1172 55
      vertex 64.403 -39.6036 55
    endloop
  endfacet
  facet normal 0.382676 -0.923883 0
    outer loop
      vertex 65.5773 -39.1172 55
      vertex 64.403 -39.6036 0
      vertex 65.5773 -39.1172 0
    endloop
  endfacet
  facet normal -0.852659 -0.522468 0
    outer loop
      vertex -68.453 -36.6611 0
      vertex -69.1171 -35.5773 55
      vertex -69.1171 -35.5773 0
    endloop
  endfacet
  facet normal -0.852659 -0.522468 0
    outer loop
      vertex -69.1171 -35.5773 55
      vertex -68.453 -36.6611 0
      vertex -68.453 -36.6611 55
    endloop
  endfacet
  facet normal -0.996918 -0.0784473 0
    outer loop
      vertex -69.9003 -33.1671 0
      vertex -70 -31.9001 55
      vertex -70 -31.9001 0
    endloop
  endfacet
  facet normal -0.996918 -0.0784473 0
    outer loop
      vertex -70 -31.9001 55
      vertex -69.9003 -33.1671 0
      vertex -69.9003 -33.1671 55
    endloop
  endfacet
  facet normal -0.996918 0.0784473 0
    outer loop
      vertex -70 31.9001 0
      vertex -69.9003 33.1671 55
      vertex -69.9003 33.1671 0
    endloop
  endfacet
  facet normal -0.996918 0.0784473 0
    outer loop
      vertex -69.9003 33.1671 55
      vertex -70 31.9001 0
      vertex -70 31.9001 55
    endloop
  endfacet
  facet normal -0.972372 0.233435 0
    outer loop
      vertex -69.9003 33.1671 0
      vertex -69.6036 34.403 55
      vertex -69.6036 34.403 0
    endloop
  endfacet
  facet normal -0.972372 0.233435 0
    outer loop
      vertex -69.6036 34.403 55
      vertex -69.9003 33.1671 0
      vertex -69.9003 33.1671 55
    endloop
  endfacet
  facet normal -0.0784473 0.996918 0
    outer loop
      vertex -61.9001 40 0
      vertex -63.1671 39.9003 55
      vertex -61.9001 40 55
    endloop
  endfacet
  facet normal -0.0784473 0.996918 0
    outer loop
      vertex -63.1671 39.9003 55
      vertex -61.9001 40 0
      vertex -63.1671 39.9003 0
    endloop
  endfacet
  facet normal 0.760433 0.649417 0
    outer loop
      vertex 68.453 36.6611 55
      vertex 67.6276 37.6276 0
      vertex 67.6276 37.6276 55
    endloop
  endfacet
  facet normal 0.760433 0.649417 0
    outer loop
      vertex 67.6276 37.6276 0
      vertex 68.453 36.6611 55
      vertex 68.453 36.6611 0
    endloop
  endfacet
  facet normal 0.972372 0.233435 0
    outer loop
      vertex 69.9003 33.1671 55
      vertex 69.6036 34.403 0
      vertex 69.6036 34.403 55
    endloop
  endfacet
  facet normal 0.972372 0.233435 0
    outer loop
      vertex 69.6036 34.403 0
      vertex 69.9003 33.1671 55
      vertex 69.9003 33.1671 0
    endloop
  endfacet
  facet normal 0.996918 0.0784473 0
    outer loop
      vertex 70 31.9001 55
      vertex 69.9003 33.1671 0
      vertex 69.9003 33.1671 55
    endloop
  endfacet
  facet normal 0.996918 0.0784473 0
    outer loop
      vertex 69.9003 33.1671 0
      vertex 70 31.9001 55
      vertex 70 31.9001 0
    endloop
  endfacet
  facet normal 0.649417 -0.760433 0
    outer loop
      vertex 66.6611 -38.453 0
      vertex 67.6276 -37.6276 55
      vertex 66.6611 -38.453 55
    endloop
  endfacet
  facet normal 0.649417 -0.760433 0
    outer loop
      vertex 67.6276 -37.6276 55
      vertex 66.6611 -38.453 0
      vertex 67.6276 -37.6276 0
    endloop
  endfacet
  facet normal 0.923855 -0.382743 0
    outer loop
      vertex 69.1171 -35.5773 55
      vertex 69.6036 -34.403 0
      vertex 69.6036 -34.403 55
    endloop
  endfacet
  facet normal 0.923855 -0.382743 0
    outer loop
      vertex 69.6036 -34.403 0
      vertex 69.1171 -35.5773 55
      vertex 69.1171 -35.5773 0
    endloop
  endfacet
  facet normal 0.996918 -0.0784473 0
    outer loop
      vertex 69.9003 -33.1671 55
      vertex 70 -31.9001 0
      vertex 70 -31.9001 55
    endloop
  endfacet
  facet normal 0.996918 -0.0784473 0
    outer loop
      vertex 70 -31.9001 0
      vertex 69.9003 -33.1671 55
      vertex 69.9003 -33.1671 0
    endloop
  endfacet
  facet normal 0.972372 -0.233435 0
    outer loop
      vertex 69.6036 -34.403 55
      vertex 69.9003 -33.1671 0
      vertex 69.9003 -33.1671 55
    endloop
  endfacet
  facet normal 0.972372 -0.233435 0
    outer loop
      vertex 69.9003 -33.1671 0
      vertex 69.6036 -34.403 55
      vertex 69.6036 -34.403 0
    endloop
  endfacet
  facet normal 0.233435 -0.972372 0
    outer loop
      vertex 63.1671 -39.9003 0
      vertex 64.403 -39.6036 55
      vertex 63.1671 -39.9003 55
    endloop
  endfacet
  facet normal 0.233435 -0.972372 0
    outer loop
      vertex 64.403 -39.6036 55
      vertex 63.1671 -39.9003 0
      vertex 64.403 -39.6036 0
    endloop
  endfacet
  facet normal -0.972372 -0.233435 0
    outer loop
      vertex -69.6036 -34.403 0
      vertex -69.9003 -33.1671 55
      vertex -69.9003 -33.1671 0
    endloop
  endfacet
  facet normal -0.972372 -0.233435 0
    outer loop
      vertex -69.9003 -33.1671 55
      vertex -69.6036 -34.403 0
      vertex -69.6036 -34.403 55
    endloop
  endfacet
  facet normal -0.233435 0.972372 0
    outer loop
      vertex -63.1671 39.9003 0
      vertex -64.403 39.6036 55
      vertex -63.1671 39.9003 55
    endloop
  endfacet
  facet normal -0.233435 0.972372 0
    outer loop
      vertex -64.403 39.6036 55
      vertex -63.1671 39.9003 0
      vertex -64.403 39.6036 0
    endloop
  endfacet
  facet normal 0.649417 0.760433 -0
    outer loop
      vertex 67.6276 37.6276 0
      vertex 66.6611 38.453 55
      vertex 67.6276 37.6276 55
    endloop
  endfacet
  facet normal 0.649417 0.760433 0
    outer loop
      vertex 66.6611 38.453 55
      vertex 67.6276 37.6276 0
      vertex 66.6611 38.453 0
    endloop
  endfacet
  facet normal 0.852659 0.522468 0
    outer loop
      vertex 69.1171 35.5773 55
      vertex 68.453 36.6611 0
      vertex 68.453 36.6611 55
    endloop
  endfacet
  facet normal 0.852659 0.522468 0
    outer loop
      vertex 68.453 36.6611 0
      vertex 69.1171 35.5773 55
      vertex 69.1171 35.5773 0
    endloop
  endfacet
  facet normal 0.522525 0.852624 -0
    outer loop
      vertex -63.7273 -37.2672 1.85
      vertex -64.8111 -36.603 55
      vertex -63.7273 -37.2672 55
    endloop
  endfacet
  facet normal 0.522525 0.852624 0
    outer loop
      vertex -64.8111 -36.603 55
      vertex -63.7273 -37.2672 1.85
      vertex -64.8111 -36.603 1.85
    endloop
  endfacet
  facet normal 0.382676 0.923883 -0
    outer loop
      vertex -62.553 -37.7536 1.85
      vertex -63.7273 -37.2672 55
      vertex -62.553 -37.7536 55
    endloop
  endfacet
  facet normal 0.382676 0.923883 0
    outer loop
      vertex -63.7273 -37.2672 55
      vertex -62.553 -37.7536 1.85
      vertex -63.7273 -37.2672 1.85
    endloop
  endfacet
  facet normal 1 0 0
    outer loop
      vertex -68.15 30.0501 55
      vertex -68.15 7 29.96
      vertex -68.15 30.0501 1.85
    endloop
  endfacet
  facet normal 1 0 0
    outer loop
      vertex -68.15 30.0501 55
      vertex -68.15 6.91382 31.055
      vertex -68.15 7 29.96
    endloop
  endfacet
  facet normal 1 0 0
    outer loop
      vertex -68.15 30.0501 55
      vertex -68.15 6.6574 32.1231
      vertex -68.15 6.91382 31.055
    endloop
  endfacet
  facet normal 1 0 0
    outer loop
      vertex -68.15 30.0501 55
      vertex -68.15 6.23705 33.1379
      vertex -68.15 6.6574 32.1231
    endloop
  endfacet
  facet normal 1 0 0
    outer loop
      vertex -68.15 30.0501 55
      vertex -68.15 5.66312 34.0745
      vertex -68.15 6.23705 33.1379
    endloop
  endfacet
  facet normal 1 0 0
    outer loop
      vertex -68.15 30.0501 55
      vertex -68.15 4.94975 34.9097
      vertex -68.15 5.66312 34.0745
    endloop
  endfacet
  facet normal 1 0 0
    outer loop
      vertex -68.15 30.0501 55
      vertex -68.15 4.1145 35.6231
      vertex -68.15 4.94975 34.9097
    endloop
  endfacet
  facet normal 1 0 0
    outer loop
      vertex -68.15 30.0501 55
      vertex -68.15 3.17793 36.197
      vertex -68.15 4.1145 35.6231
    endloop
  endfacet
  facet normal 1 0 0
    outer loop
      vertex -68.15 30.0501 55
      vertex -68.15 2.16312 36.6174
      vertex -68.15 3.17793 36.197
    endloop
  endfacet
  facet normal 1 0 0
    outer loop
      vertex -68.15 30.0501 55
      vertex -68.15 1.09504 36.8738
      vertex -68.15 2.16312 36.6174
    endloop
  endfacet
  facet normal 1 0 0
    outer loop
      vertex -68.15 30.0501 55
      vertex -68.15 0 36.96
      vertex -68.15 1.09504 36.8738
    endloop
  endfacet
  facet normal 1 -0 0
    outer loop
      vertex -68.15 -30.0501 55
      vertex -68.15 0 36.96
      vertex -68.15 30.0501 55
    endloop
  endfacet
  facet normal 1 0 0
    outer loop
      vertex -68.15 0 36.96
      vertex -68.15 -30.0501 55
      vertex -68.15 -1.09504 36.8738
    endloop
  endfacet
  facet normal 1 0 0
    outer loop
      vertex -68.15 -1.09504 36.8738
      vertex -68.15 -30.0501 55
      vertex -68.15 -2.16312 36.6174
    endloop
  endfacet
  facet normal 1 0 0
    outer loop
      vertex -68.15 -30.0501 1.85
      vertex -68.15 -7 29.96
      vertex -68.15 -30.0501 55
    endloop
  endfacet
  facet normal 1 0 0
    outer loop
      vertex -68.15 -6.91382 31.055
      vertex -68.15 -30.0501 55
      vertex -68.15 -7 29.96
    endloop
  endfacet
  facet normal 1 0 0
    outer loop
      vertex -68.15 -6.6574 32.1231
      vertex -68.15 -30.0501 55
      vertex -68.15 -6.91382 31.055
    endloop
  endfacet
  facet normal 1 0 0
    outer loop
      vertex -68.15 -6.23705 33.1379
      vertex -68.15 -30.0501 55
      vertex -68.15 -6.6574 32.1231
    endloop
  endfacet
  facet normal 1 0 0
    outer loop
      vertex -68.15 -5.66312 34.0745
      vertex -68.15 -30.0501 55
      vertex -68.15 -6.23705 33.1379
    endloop
  endfacet
  facet normal 1 0 0
    outer loop
      vertex -68.15 -4.94975 34.9097
      vertex -68.15 -30.0501 55
      vertex -68.15 -5.66312 34.0745
    endloop
  endfacet
  facet normal 1 0 0
    outer loop
      vertex -68.15 -4.1145 35.6231
      vertex -68.15 -30.0501 55
      vertex -68.15 -4.94975 34.9097
    endloop
  endfacet
  facet normal 1 0 0
    outer loop
      vertex -68.15 -3.17793 36.197
      vertex -68.15 -30.0501 55
      vertex -68.15 -4.1145 35.6231
    endloop
  endfacet
  facet normal 1 0 0
    outer loop
      vertex -68.15 -2.16312 36.6174
      vertex -68.15 -30.0501 55
      vertex -68.15 -3.17793 36.197
    endloop
  endfacet
  facet normal 1 -0 0
    outer loop
      vertex -68.15 7 11.96
      vertex -68.15 30.0501 1.85
      vertex -68.15 7 29.96
    endloop
  endfacet
  facet normal 1 -0 0
    outer loop
      vertex -68.15 6.91382 10.865
      vertex -68.15 30.0501 1.85
      vertex -68.15 7 11.96
    endloop
  endfacet
  facet normal 1 -0 0
    outer loop
      vertex -68.15 6.6574 9.79688
      vertex -68.15 30.0501 1.85
      vertex -68.15 6.91382 10.865
    endloop
  endfacet
  facet normal 1 -0 0
    outer loop
      vertex -68.15 6.23705 8.78207
      vertex -68.15 30.0501 1.85
      vertex -68.15 6.6574 9.79688
    endloop
  endfacet
  facet normal 1 -0 0
    outer loop
      vertex -68.15 5.66312 7.8455
      vertex -68.15 30.0501 1.85
      vertex -68.15 6.23705 8.78207
    endloop
  endfacet
  facet normal 1 -0 0
    outer loop
      vertex -68.15 4.94975 7.01025
      vertex -68.15 30.0501 1.85
      vertex -68.15 5.66312 7.8455
    endloop
  endfacet
  facet normal 1 -0 0
    outer loop
      vertex -68.15 4.1145 6.29688
      vertex -68.15 30.0501 1.85
      vertex -68.15 4.94975 7.01025
    endloop
  endfacet
  facet normal 1 -0 0
    outer loop
      vertex -68.15 3.17793 5.72295
      vertex -68.15 30.0501 1.85
      vertex -68.15 4.1145 6.29688
    endloop
  endfacet
  facet normal 1 -0 0
    outer loop
      vertex -68.15 2.16312 5.3026
      vertex -68.15 30.0501 1.85
      vertex -68.15 3.17793 5.72295
    endloop
  endfacet
  facet normal 1 -0 0
    outer loop
      vertex -68.15 1.09504 5.04618
      vertex -68.15 30.0501 1.85
      vertex -68.15 2.16312 5.3026
    endloop
  endfacet
  facet normal 1 -0 0
    outer loop
      vertex -68.15 0 4.96
      vertex -68.15 30.0501 1.85
      vertex -68.15 1.09504 5.04618
    endloop
  endfacet
  facet normal 1 0 0
    outer loop
      vertex -68.15 -30.0501 1.85
      vertex -68.15 0 4.96
      vertex -68.15 -1.09504 5.04618
    endloop
  endfacet
  facet normal 1 0 0
    outer loop
      vertex -68.15 -7 29.96
      vertex -68.15 -30.0501 1.85
      vertex -68.15 -7 11.96
    endloop
  endfacet
  facet normal 1 0 0
    outer loop
      vertex -68.15 -7 11.96
      vertex -68.15 -30.0501 1.85
      vertex -68.15 -6.91382 10.865
    endloop
  endfacet
  facet normal 1 0 0
    outer loop
      vertex -68.15 -6.91382 10.865
      vertex -68.15 -30.0501 1.85
      vertex -68.15 -6.6574 9.79688
    endloop
  endfacet
  facet normal 1 0 0
    outer loop
      vertex -68.15 0 4.96
      vertex -68.15 -30.0501 1.85
      vertex -68.15 30.0501 1.85
    endloop
  endfacet
  facet normal 1 0 0
    outer loop
      vertex -68.15 -2.16312 5.3026
      vertex -68.15 -30.0501 1.85
      vertex -68.15 -1.09504 5.04618
    endloop
  endfacet
  facet normal 1 0 0
    outer loop
      vertex -68.15 -3.17793 5.72295
      vertex -68.15 -30.0501 1.85
      vertex -68.15 -2.16312 5.3026
    endloop
  endfacet
  facet normal 1 0 0
    outer loop
      vertex -68.15 -4.1145 6.29688
      vertex -68.15 -30.0501 1.85
      vertex -68.15 -3.17793 5.72295
    endloop
  endfacet
  facet normal 1 0 0
    outer loop
      vertex -68.15 -4.94975 7.01025
      vertex -68.15 -30.0501 1.85
      vertex -68.15 -4.1145 6.29688
    endloop
  endfacet
  facet normal 1 0 0
    outer loop
      vertex -68.15 -5.66312 7.8455
      vertex -68.15 -30.0501 1.85
      vertex -68.15 -4.94975 7.01025
    endloop
  endfacet
  facet normal 1 0 0
    outer loop
      vertex -68.15 -6.23705 8.78207
      vertex -68.15 -30.0501 1.85
      vertex -68.15 -5.66312 7.8455
    endloop
  endfacet
  facet normal 1 0 0
    outer loop
      vertex -68.15 -6.6574 9.79688
      vertex -68.15 -30.0501 1.85
      vertex -68.15 -6.23705 8.78207
    endloop
  endfacet
  facet normal 0.996918 -0.0784473 0
    outer loop
      vertex -68.15 30.0501 55
      vertex -68.0503 31.3171 1.85
      vertex -68.0503 31.3171 55
    endloop
  endfacet
  facet normal 0.996918 -0.0784473 0
    outer loop
      vertex -68.0503 31.3171 1.85
      vertex -68.15 30.0501 55
      vertex -68.15 30.0501 1.85
    endloop
  endfacet
  facet normal -1 0 0
    outer loop
      vertex 68.15 7 29.96
      vertex 68.15 30.0501 1.85
      vertex 68.15 7 11.96
    endloop
  endfacet
  facet normal -1 0 0
    outer loop
      vertex 68.15 30.0501 1.85
      vertex 68.15 6.91382 10.865
      vertex 68.15 7 11.96
    endloop
  endfacet
  facet normal -1 0 0
    outer loop
      vertex 68.15 30.0501 1.85
      vertex 68.15 6.6574 9.79688
      vertex 68.15 6.91382 10.865
    endloop
  endfacet
  facet normal -1 0 0
    outer loop
      vertex 68.15 30.0501 1.85
      vertex 68.15 6.23705 8.78207
      vertex 68.15 6.6574 9.79688
    endloop
  endfacet
  facet normal -1 0 0
    outer loop
      vertex 68.15 30.0501 1.85
      vertex 68.15 5.66312 7.8455
      vertex 68.15 6.23705 8.78207
    endloop
  endfacet
  facet normal -1 0 0
    outer loop
      vertex 68.15 30.0501 1.85
      vertex 68.15 4.94975 7.01025
      vertex 68.15 5.66312 7.8455
    endloop
  endfacet
  facet normal -1 0 0
    outer loop
      vertex 68.15 30.0501 1.85
      vertex 68.15 4.1145 6.29688
      vertex 68.15 4.94975 7.01025
    endloop
  endfacet
  facet normal -1 0 0
    outer loop
      vertex 68.15 30.0501 1.85
      vertex 68.15 3.17793 5.72295
      vertex 68.15 4.1145 6.29688
    endloop
  endfacet
  facet normal -1 0 0
    outer loop
      vertex 68.15 30.0501 1.85
      vertex 68.15 2.16312 5.3026
      vertex 68.15 3.17793 5.72295
    endloop
  endfacet
  facet normal -1 0 0
    outer loop
      vertex 68.15 30.0501 1.85
      vertex 68.15 1.09504 5.04618
      vertex 68.15 2.16312 5.3026
    endloop
  endfacet
  facet normal -1 0 0
    outer loop
      vertex 68.15 30.0501 1.85
      vertex 68.15 0 4.96
      vertex 68.15 1.09504 5.04618
    endloop
  endfacet
  facet normal -1 0 0
    outer loop
      vertex 68.15 -30.0501 1.85
      vertex 68.15 0 4.96
      vertex 68.15 30.0501 1.85
    endloop
  endfacet
  facet normal -1 -0 0
    outer loop
      vertex 68.15 -7 11.96
      vertex 68.15 -30.0501 1.85
      vertex 68.15 -7 29.96
    endloop
  endfacet
  facet normal -1 -0 0
    outer loop
      vertex 68.15 -6.91382 10.865
      vertex 68.15 -30.0501 1.85
      vertex 68.15 -7 11.96
    endloop
  endfacet
  facet normal -1 -0 0
    outer loop
      vertex 68.15 -6.6574 9.79688
      vertex 68.15 -30.0501 1.85
      vertex 68.15 -6.91382 10.865
    endloop
  endfacet
  facet normal -1 -0 0
    outer loop
      vertex 68.15 -6.23705 8.78207
      vertex 68.15 -30.0501 1.85
      vertex 68.15 -6.6574 9.79688
    endloop
  endfacet
  facet normal -1 -0 0
    outer loop
      vertex 68.15 -5.66312 7.8455
      vertex 68.15 -30.0501 1.85
      vertex 68.15 -6.23705 8.78207
    endloop
  endfacet
  facet normal -1 -0 0
    outer loop
      vertex 68.15 -4.94975 7.01025
      vertex 68.15 -30.0501 1.85
      vertex 68.15 -5.66312 7.8455
    endloop
  endfacet
  facet normal -1 -0 0
    outer loop
      vertex 68.15 -4.1145 6.29688
      vertex 68.15 -30.0501 1.85
      vertex 68.15 -4.94975 7.01025
    endloop
  endfacet
  facet normal -1 -0 0
    outer loop
      vertex 68.15 -3.17793 5.72295
      vertex 68.15 -30.0501 1.85
      vertex 68.15 -4.1145 6.29688
    endloop
  endfacet
  facet normal -1 -0 0
    outer loop
      vertex 68.15 -2.16312 5.3026
      vertex 68.15 -30.0501 1.85
      vertex 68.15 -3.17793 5.72295
    endloop
  endfacet
  facet normal -1 -0 0
    outer loop
      vertex 68.15 -1.09504 5.04618
      vertex 68.15 -30.0501 1.85
      vertex 68.15 -2.16312 5.3026
    endloop
  endfacet
  facet normal -1 -0 0
    outer loop
      vertex 68.15 0 4.96
      vertex 68.15 -30.0501 1.85
      vertex 68.15 -1.09504 5.04618
    endloop
  endfacet
  facet normal -1 0 0
    outer loop
      vertex 68.15 30.0501 1.85
      vertex 68.15 7 29.96
      vertex 68.15 30.0501 55
    endloop
  endfacet
  facet normal -1 0 0
    outer loop
      vertex 68.15 6.91382 31.055
      vertex 68.15 30.0501 55
      vertex 68.15 7 29.96
    endloop
  endfacet
  facet normal -1 0 0
    outer loop
      vertex 68.15 6.6574 32.1231
      vertex 68.15 30.0501 55
      vertex 68.15 6.91382 31.055
    endloop
  endfacet
  facet normal -1 0 0
    outer loop
      vertex 68.15 6.23705 33.1379
      vertex 68.15 30.0501 55
      vertex 68.15 6.6574 32.1231
    endloop
  endfacet
  facet normal -1 0 0
    outer loop
      vertex 68.15 5.66312 34.0745
      vertex 68.15 30.0501 55
      vertex 68.15 6.23705 33.1379
    endloop
  endfacet
  facet normal -1 0 0
    outer loop
      vertex 68.15 4.94975 34.9097
      vertex 68.15 30.0501 55
      vertex 68.15 5.66312 34.0745
    endloop
  endfacet
  facet normal -1 0 0
    outer loop
      vertex 68.15 4.1145 35.6231
      vertex 68.15 30.0501 55
      vertex 68.15 4.94975 34.9097
    endloop
  endfacet
  facet normal -1 0 0
    outer loop
      vertex 68.15 3.17793 36.197
      vertex 68.15 30.0501 55
      vertex 68.15 4.1145 35.6231
    endloop
  endfacet
  facet normal -1 0 0
    outer loop
      vertex 68.15 2.16312 36.6174
      vertex 68.15 30.0501 55
      vertex 68.15 3.17793 36.197
    endloop
  endfacet
  facet normal -1 0 0
    outer loop
      vertex 68.15 1.09504 36.8738
      vertex 68.15 30.0501 55
      vertex 68.15 2.16312 36.6174
    endloop
  endfacet
  facet normal -1 0 0
    outer loop
      vertex 68.15 0 36.96
      vertex 68.15 30.0501 55
      vertex 68.15 1.09504 36.8738
    endloop
  endfacet
  facet normal -1 0 0
    outer loop
      vertex 68.15 -30.0501 55
      vertex 68.15 0 36.96
      vertex 68.15 -1.09504 36.8738
    endloop
  endfacet
  facet normal -1 0 0
    outer loop
      vertex 68.15 -30.0501 55
      vertex 68.15 -1.09504 36.8738
      vertex 68.15 -2.16312 36.6174
    endloop
  endfacet
  facet normal -1 0 0
    outer loop
      vertex 68.15 -30.0501 55
      vertex 68.15 -2.16312 36.6174
      vertex 68.15 -3.17793 36.197
    endloop
  endfacet
  facet normal -1 0 0
    outer loop
      vertex 68.15 -30.0501 55
      vertex 68.15 -7 29.96
      vertex 68.15 -30.0501 1.85
    endloop
  endfacet
  facet normal -1 0 0
    outer loop
      vertex 68.15 -7 29.96
      vertex 68.15 -30.0501 55
      vertex 68.15 -6.91382 31.055
    endloop
  endfacet
  facet normal -1 0 0
    outer loop
      vertex 68.15 -6.91382 31.055
      vertex 68.15 -30.0501 55
      vertex 68.15 -6.6574 32.1231
    endloop
  endfacet
  facet normal -1 0 0
    outer loop
      vertex 68.15 -6.6574 32.1231
      vertex 68.15 -30.0501 55
      vertex 68.15 -6.23705 33.1379
    endloop
  endfacet
  facet normal -1 0 0
    outer loop
      vertex 68.15 0 36.96
      vertex 68.15 -30.0501 55
      vertex 68.15 30.0501 55
    endloop
  endfacet
  facet normal -1 0 0
    outer loop
      vertex 68.15 -4.1145 35.6231
      vertex 68.15 -30.0501 55
      vertex 68.15 -3.17793 36.197
    endloop
  endfacet
  facet normal -1 0 0
    outer loop
      vertex 68.15 -4.94975 34.9097
      vertex 68.15 -30.0501 55
      vertex 68.15 -4.1145 35.6231
    endloop
  endfacet
  facet normal -1 0 0
    outer loop
      vertex 68.15 -5.66312 34.0745
      vertex 68.15 -30.0501 55
      vertex 68.15 -4.94975 34.9097
    endloop
  endfacet
  facet normal -1 0 0
    outer loop
      vertex 68.15 -6.23705 33.1379
      vertex 68.15 -30.0501 55
      vertex 68.15 -5.66312 34.0745
    endloop
  endfacet
  facet normal -0.382676 0.923883 0
    outer loop
      vertex 63.7273 -37.2672 1.85
      vertex 62.553 -37.7536 55
      vertex 63.7273 -37.2672 55
    endloop
  endfacet
  facet normal -0.382676 0.923883 0
    outer loop
      vertex 62.553 -37.7536 55
      vertex 63.7273 -37.2672 1.85
      vertex 62.553 -37.7536 1.85
    endloop
  endfacet
  facet normal 0.233435 0.972372 -0
    outer loop
      vertex -61.3171 -38.0503 1.85
      vertex -62.553 -37.7536 55
      vertex -61.3171 -38.0503 55
    endloop
  endfacet
  facet normal 0.233435 0.972372 0
    outer loop
      vertex -62.553 -37.7536 55
      vertex -61.3171 -38.0503 1.85
      vertex -62.553 -37.7536 1.85
    endloop
  endfacet
  facet normal 0.760433 -0.649417 0
    outer loop
      vertex -66.603 34.8111 55
      vertex -65.7776 35.7776 1.85
      vertex -65.7776 35.7776 55
    endloop
  endfacet
  facet normal 0.760433 -0.649417 0
    outer loop
      vertex -65.7776 35.7776 1.85
      vertex -66.603 34.8111 55
      vertex -66.603 34.8111 1.85
    endloop
  endfacet
  facet normal 0.649417 -0.760433 0
    outer loop
      vertex -65.7776 35.7776 1.85
      vertex -64.8111 36.603 55
      vertex -65.7776 35.7776 55
    endloop
  endfacet
  facet normal 0.649417 -0.760433 0
    outer loop
      vertex -64.8111 36.603 55
      vertex -65.7776 35.7776 1.85
      vertex -64.8111 36.603 1.85
    endloop
  endfacet
  facet normal -0.522525 -0.852624 0
    outer loop
      vertex 63.7273 37.2672 1.85
      vertex 64.8111 36.603 55
      vertex 63.7273 37.2672 55
    endloop
  endfacet
  facet normal -0.522525 -0.852624 -0
    outer loop
      vertex 64.8111 36.603 55
      vertex 63.7273 37.2672 1.85
      vertex 64.8111 36.603 1.85
    endloop
  endfacet
  facet normal -0.0784473 -0.996918 0
    outer loop
      vertex 60.0501 38.15 1.85
      vertex 61.3171 38.0503 55
      vertex 60.0501 38.15 55
    endloop
  endfacet
  facet normal -0.0784473 -0.996918 -0
    outer loop
      vertex 61.3171 38.0503 55
      vertex 60.0501 38.15 1.85
      vertex 61.3171 38.0503 1.85
    endloop
  endfacet
  facet normal 0 -1 0
    outer loop
      vertex 3.17793 38.15 36.197
      vertex 60.0501 38.15 55
      vertex 2.16312 38.15 36.6174
    endloop
  endfacet
  facet normal 0 -1 0
    outer loop
      vertex 4.1145 38.15 35.6231
      vertex 60.0501 38.15 55
      vertex 3.17793 38.15 36.197
    endloop
  endfacet
  facet normal 0 -1 0
    outer loop
      vertex 4.94975 38.15 34.9097
      vertex 60.0501 38.15 55
      vertex 4.1145 38.15 35.6231
    endloop
  endfacet
  facet normal 0 -1 0
    outer loop
      vertex 5.66312 38.15 34.0745
      vertex 60.0501 38.15 55
      vertex 4.94975 38.15 34.9097
    endloop
  endfacet
  facet normal 0 -1 0
    outer loop
      vertex 6.23705 38.15 33.1379
      vertex 60.0501 38.15 55
      vertex 5.66312 38.15 34.0745
    endloop
  endfacet
  facet normal 0 -1 0
    outer loop
      vertex 60.0501 38.15 55
      vertex 6.23705 38.15 33.1379
      vertex 58.55 38.15 36.85
    endloop
  endfacet
  facet normal 0 -1 0
    outer loop
      vertex 6.6574 38.15 32.1231
      vertex 58.55 38.15 36.85
      vertex 6.23705 38.15 33.1379
    endloop
  endfacet
  facet normal 0 -1 0
    outer loop
      vertex 6.91382 38.15 31.055
      vertex 58.55 38.15 36.85
      vertex 6.6574 38.15 32.1231
    endloop
  endfacet
  facet normal 0 -1 0
    outer loop
      vertex 7 38.15 29.96
      vertex 58.55 38.15 36.85
      vertex 6.91382 38.15 31.055
    endloop
  endfacet
  facet normal 0 -1 0
    outer loop
      vertex 7 38.15 11.96
      vertex 58.55 38.15 36.85
      vertex 7 38.15 29.96
    endloop
  endfacet
  facet normal 0 -1 0
    outer loop
      vertex 58.55 38.15 1.85
      vertex 7 38.15 11.96
      vertex 6.91382 38.15 10.865
    endloop
  endfacet
  facet normal 0 -1 0
    outer loop
      vertex 58.55 38.15 1.85
      vertex 6.91382 38.15 10.865
      vertex 6.6574 38.15 9.79688
    endloop
  endfacet
  facet normal 0 -1 0
    outer loop
      vertex 58.55 38.15 1.85
      vertex 6.6574 38.15 9.79688
      vertex 6.23705 38.15 8.78207
    endloop
  endfacet
  facet normal 0 -1 0
    outer loop
      vertex 58.55 38.15 1.85
      vertex 6.23705 38.15 8.78207
      vertex 5.66312 38.15 7.8455
    endloop
  endfacet
  facet normal 0 -1 0
    outer loop
      vertex 58.55 38.15 1.85
      vertex 5.66312 38.15 7.8455
      vertex 4.94975 38.15 7.01025
    endloop
  endfacet
  facet normal 0 -1 0
    outer loop
      vertex 58.55 38.15 1.85
      vertex 4.94975 38.15 7.01025
      vertex 4.1145 38.15 6.29688
    endloop
  endfacet
  facet normal 0 -1 0
    outer loop
      vertex 58.55 38.15 1.85
      vertex 4.1145 38.15 6.29688
      vertex 3.17793 38.15 5.72295
    endloop
  endfacet
  facet normal 0 -1 0
    outer loop
      vertex 7 38.15 11.96
      vertex 58.55 38.15 1.85
      vertex 58.55 38.15 36.85
    endloop
  endfacet
  facet normal 0 -1 0
    outer loop
      vertex 2.16312 38.15 5.3026
      vertex 58.55 38.15 1.85
      vertex 3.17793 38.15 5.72295
    endloop
  endfacet
  facet normal 0 -1 0
    outer loop
      vertex 1.09504 38.15 5.04618
      vertex 58.55 38.15 1.85
      vertex 2.16312 38.15 5.3026
    endloop
  endfacet
  facet normal 0 -1 0
    outer loop
      vertex 0 38.15 4.96
      vertex 58.55 38.15 1.85
      vertex 1.09504 38.15 5.04618
    endloop
  endfacet
  facet normal 0 -1 0
    outer loop
      vertex 58.55 38.15 1.85
      vertex 0 38.15 4.96
      vertex -58.55 38.15 1.85
    endloop
  endfacet
  facet normal 0 -1 0
    outer loop
      vertex -60.0501 38.15 55
      vertex 0 38.15 36.96
      vertex 60.0501 38.15 55
    endloop
  endfacet
  facet normal 0 -1 0
    outer loop
      vertex -60.0501 38.15 55
      vertex -1.09504 38.15 36.8738
      vertex 0 38.15 36.96
    endloop
  endfacet
  facet normal 0 -1 0
    outer loop
      vertex -58.55 38.15 36.85
      vertex -60.0501 38.15 55
      vertex -60.05 38.15 36.85
    endloop
  endfacet
  facet normal 0 -1 0
    outer loop
      vertex -60.0501 38.15 1.85
      vertex -60.05 38.15 36.85
      vertex -60.0501 38.15 55
    endloop
  endfacet
  facet normal 0 -1 -0
    outer loop
      vertex -60.05 38.15 36.85
      vertex -60.0501 38.15 1.85
      vertex -60.05 38.15 1.85
    endloop
  endfacet
  facet normal 0 -1 0
    outer loop
      vertex 1.09504 38.15 36.8738
      vertex 60.0501 38.15 55
      vertex 0 38.15 36.96
    endloop
  endfacet
  facet normal 0 -1 0
    outer loop
      vertex 2.16312 38.15 36.6174
      vertex 60.0501 38.15 55
      vertex 1.09504 38.15 36.8738
    endloop
  endfacet
  facet normal 0 -1 0
    outer loop
      vertex 60.05 38.15 36.85
      vertex 60.0501 38.15 55
      vertex 58.55 38.15 36.85
    endloop
  endfacet
  facet normal 0 -1 0
    outer loop
      vertex 60.0501 38.15 1.85
      vertex 60.05 38.15 36.85
      vertex 60.05 38.15 1.85
    endloop
  endfacet
  facet normal 0 -1 0
    outer loop
      vertex 60.05 38.15 36.85
      vertex 60.0501 38.15 1.85
      vertex 60.0501 38.15 55
    endloop
  endfacet
  facet normal 0 -1 0
    outer loop
      vertex -6.23705 38.15 33.1379
      vertex -60.0501 38.15 55
      vertex -58.55 38.15 36.85
    endloop
  endfacet
  facet normal 0 -1 0
    outer loop
      vertex -60.0501 38.15 55
      vertex -2.16312 38.15 36.6174
      vertex -1.09504 38.15 36.8738
    endloop
  endfacet
  facet normal 0 -1 0
    outer loop
      vertex -60.0501 38.15 55
      vertex -3.17793 38.15 36.197
      vertex -2.16312 38.15 36.6174
    endloop
  endfacet
  facet normal 0 -1 0
    outer loop
      vertex -60.0501 38.15 55
      vertex -4.1145 38.15 35.6231
      vertex -3.17793 38.15 36.197
    endloop
  endfacet
  facet normal 0 -1 0
    outer loop
      vertex -60.0501 38.15 55
      vertex -4.94975 38.15 34.9097
      vertex -4.1145 38.15 35.6231
    endloop
  endfacet
  facet normal 0 -1 0
    outer loop
      vertex -60.0501 38.15 55
      vertex -5.66312 38.15 34.0745
      vertex -4.94975 38.15 34.9097
    endloop
  endfacet
  facet normal 0 -1 0
    outer loop
      vertex -60.0501 38.15 55
      vertex -6.23705 38.15 33.1379
      vertex -5.66312 38.15 34.0745
    endloop
  endfacet
  facet normal 0 -1 0
    outer loop
      vertex -58.55 38.15 36.85
      vertex -6.6574 38.15 32.1231
      vertex -6.23705 38.15 33.1379
    endloop
  endfacet
  facet normal 0 -1 0
    outer loop
      vertex -58.55 38.15 36.85
      vertex -6.91382 38.15 31.055
      vertex -6.6574 38.15 32.1231
    endloop
  endfacet
  facet normal 0 -1 0
    outer loop
      vertex -58.55 38.15 36.85
      vertex -7 38.15 29.96
      vertex -6.91382 38.15 31.055
    endloop
  endfacet
  facet normal 0 -1 0
    outer loop
      vertex -58.55 38.15 36.85
      vertex -7 38.15 11.96
      vertex -7 38.15 29.96
    endloop
  endfacet
  facet normal 0 -1 0
    outer loop
      vertex -58.55 38.15 1.85
      vertex -7 38.15 11.96
      vertex -58.55 38.15 36.85
    endloop
  endfacet
  facet normal 0 -1 -0
    outer loop
      vertex -7 38.15 11.96
      vertex -58.55 38.15 1.85
      vertex -6.91382 38.15 10.865
    endloop
  endfacet
  facet normal 0 -1 -0
    outer loop
      vertex -6.91382 38.15 10.865
      vertex -58.55 38.15 1.85
      vertex -6.6574 38.15 9.79688
    endloop
  endfacet
  facet normal 0 -1 -0
    outer loop
      vertex -6.6574 38.15 9.79688
      vertex -58.55 38.15 1.85
      vertex -6.23705 38.15 8.78207
    endloop
  endfacet
  facet normal 0 -1 -0
    outer loop
      vertex -6.23705 38.15 8.78207
      vertex -58.55 38.15 1.85
      vertex -5.66312 38.15 7.8455
    endloop
  endfacet
  facet normal 0 -1 -0
    outer loop
      vertex -5.66312 38.15 7.8455
      vertex -58.55 38.15 1.85
      vertex -4.94975 38.15 7.01025
    endloop
  endfacet
  facet normal 0 -1 -0
    outer loop
      vertex -4.94975 38.15 7.01025
      vertex -58.55 38.15 1.85
      vertex -4.1145 38.15 6.29688
    endloop
  endfacet
  facet normal 0 -1 -0
    outer loop
      vertex -1.09504 38.15 5.04618
      vertex -58.55 38.15 1.85
      vertex 0 38.15 4.96
    endloop
  endfacet
  facet normal 0 -1 -0
    outer loop
      vertex -2.16312 38.15 5.3026
      vertex -58.55 38.15 1.85
      vertex -1.09504 38.15 5.04618
    endloop
  endfacet
  facet normal 0 -1 -0
    outer loop
      vertex -3.17793 38.15 5.72295
      vertex -58.55 38.15 1.85
      vertex -2.16312 38.15 5.3026
    endloop
  endfacet
  facet normal 0 -1 -0
    outer loop
      vertex -4.1145 38.15 6.29688
      vertex -58.55 38.15 1.85
      vertex -3.17793 38.15 5.72295
    endloop
  endfacet
  facet normal 0.382676 -0.923883 0
    outer loop
      vertex -63.7273 37.2672 1.85
      vertex -62.553 37.7536 55
      vertex -63.7273 37.2672 55
    endloop
  endfacet
  facet normal 0.382676 -0.923883 0
    outer loop
      vertex -62.553 37.7536 55
      vertex -63.7273 37.2672 1.85
      vertex -62.553 37.7536 1.85
    endloop
  endfacet
  facet normal 0.0784473 0.996918 -0
    outer loop
      vertex -60.0501 -38.15 1.85
      vertex -61.3171 -38.0503 55
      vertex -60.0501 -38.15 55
    endloop
  endfacet
  facet normal 0.0784473 0.996918 0
    outer loop
      vertex -61.3171 -38.0503 55
      vertex -60.0501 -38.15 1.85
      vertex -61.3171 -38.0503 1.85
    endloop
  endfacet
  facet normal 0.649417 0.760433 -0
    outer loop
      vertex -64.8111 -36.603 1.85
      vertex -65.7776 -35.7776 55
      vertex -64.8111 -36.603 55
    endloop
  endfacet
  facet normal 0.649417 0.760433 0
    outer loop
      vertex -65.7776 -35.7776 55
      vertex -64.8111 -36.603 1.85
      vertex -65.7776 -35.7776 1.85
    endloop
  endfacet
  facet normal -0 0 1
    outer loop
      vertex -60.0501 38.15 1.85
      vertex -60.05 23.15 1.85
      vertex -60.05 38.15 1.85
    endloop
  endfacet
  facet normal 0 0 1
    outer loop
      vertex -60.05 23.15 1.85
      vertex -68.15 30.0501 1.85
      vertex -60.05 -23.15 1.85
    endloop
  endfacet
  facet normal -0 0 1
    outer loop
      vertex -61.3171 38.0503 1.85
      vertex -60.05 23.15 1.85
      vertex -60.0501 38.15 1.85
    endloop
  endfacet
  facet normal 0 0 1
    outer loop
      vertex -68.15 -30.0501 1.85
      vertex -60.05 -23.15 1.85
      vertex -68.15 30.0501 1.85
    endloop
  endfacet
  facet normal -0 0 1
    outer loop
      vertex -62.553 37.7536 1.85
      vertex -60.05 23.15 1.85
      vertex -61.3171 38.0503 1.85
    endloop
  endfacet
  facet normal 0 -0 1
    outer loop
      vertex -68.0503 -31.3171 1.85
      vertex -60.05 -23.15 1.85
      vertex -68.15 -30.0501 1.85
    endloop
  endfacet
  facet normal -0 0 1
    outer loop
      vertex -63.7273 37.2672 1.85
      vertex -60.05 23.15 1.85
      vertex -62.553 37.7536 1.85
    endloop
  endfacet
  facet normal 0 0 1
    outer loop
      vertex -60.05 -23.15 1.85
      vertex -60.0501 -38.15 1.85
      vertex -60.05 -38.15 1.85
    endloop
  endfacet
  facet normal -0 0 1
    outer loop
      vertex -64.8111 36.603 1.85
      vertex -60.05 23.15 1.85
      vertex -63.7273 37.2672 1.85
    endloop
  endfacet
  facet normal 0 0 1
    outer loop
      vertex -60.05 -23.15 1.85
      vertex -61.3171 -38.0503 1.85
      vertex -60.0501 -38.15 1.85
    endloop
  endfacet
  facet normal -0 0 1
    outer loop
      vertex -65.7776 35.7776 1.85
      vertex -60.05 23.15 1.85
      vertex -64.8111 36.603 1.85
    endloop
  endfacet
  facet normal 0 0 1
    outer loop
      vertex -60.05 -23.15 1.85
      vertex -62.553 -37.7536 1.85
      vertex -61.3171 -38.0503 1.85
    endloop
  endfacet
  facet normal -0 0 1
    outer loop
      vertex -66.603 34.8111 1.85
      vertex -60.05 23.15 1.85
      vertex -65.7776 35.7776 1.85
    endloop
  endfacet
  facet normal 0 0 1
    outer loop
      vertex -60.05 -23.15 1.85
      vertex -63.7273 -37.2672 1.85
      vertex -62.553 -37.7536 1.85
    endloop
  endfacet
  facet normal -0 0 1
    outer loop
      vertex -67.2672 33.7273 1.85
      vertex -60.05 23.15 1.85
      vertex -66.603 34.8111 1.85
    endloop
  endfacet
  facet normal 0 0 1
    outer loop
      vertex -60.05 -23.15 1.85
      vertex -64.8111 -36.603 1.85
      vertex -63.7273 -37.2672 1.85
    endloop
  endfacet
  facet normal -0 0 1
    outer loop
      vertex -67.7536 32.553 1.85
      vertex -60.05 23.15 1.85
      vertex -67.2672 33.7273 1.85
    endloop
  endfacet
  facet normal 0 0 1
    outer loop
      vertex -60.05 -23.15 1.85
      vertex -65.7776 -35.7776 1.85
      vertex -64.8111 -36.603 1.85
    endloop
  endfacet
  facet normal -0 0 1
    outer loop
      vertex -68.0503 31.3171 1.85
      vertex -60.05 23.15 1.85
      vertex -67.7536 32.553 1.85
    endloop
  endfacet
  facet normal 0 0 1
    outer loop
      vertex -60.05 -23.15 1.85
      vertex -66.603 -34.8111 1.85
      vertex -65.7776 -35.7776 1.85
    endloop
  endfacet
  facet normal 0 0 1
    outer loop
      vertex -60.05 23.15 1.85
      vertex -68.0503 31.3171 1.85
      vertex -68.15 30.0501 1.85
    endloop
  endfacet
  facet normal 0 0 1
    outer loop
      vertex -60.05 -23.15 1.85
      vertex -67.2672 -33.7273 1.85
      vertex -66.603 -34.8111 1.85
    endloop
  endfacet
  facet normal 0 0 1
    outer loop
      vertex -60.05 -23.15 1.85
      vertex -67.7536 -32.553 1.85
      vertex -67.2672 -33.7273 1.85
    endloop
  endfacet
  facet normal 0 0 1
    outer loop
      vertex -60.05 -23.15 1.85
      vertex -68.0503 -31.3171 1.85
      vertex -67.7536 -32.553 1.85
    endloop
  endfacet
  facet normal -0 0 1
    outer loop
      vertex -60.05 23.15 1.85
      vertex -58.55 -23.15 1.85
      vertex -58.55 23.15 1.85
    endloop
  endfacet
  facet normal 0 0 1
    outer loop
      vertex -58.55 -23.15 1.85
      vertex -60.05 23.15 1.85
      vertex -60.05 -23.15 1.85
    endloop
  endfacet
  facet normal 0 0 1
    outer loop
      vertex 5.3033 5.3033 1.85
      vertex 58.55 23.15 1.85
      vertex 58.55 38.15 1.85
    endloop
  endfacet
  facet normal 0 -0 1
    outer loop
      vertex 7.5 0 1.85
      vertex 58.55 23.15 1.85
      vertex 7.40766 1.17326 1.85
    endloop
  endfacet
  facet normal -0 0 1
    outer loop
      vertex 7.40766 -1.17326 1.85
      vertex 58.55 -23.15 1.85
      vertex 7.5 0 1.85
    endloop
  endfacet
  facet normal 0 0 1
    outer loop
      vertex 58.55 23.15 1.85
      vertex 7.5 0 1.85
      vertex 58.55 -23.15 1.85
    endloop
  endfacet
  facet normal 0 0 1
    outer loop
      vertex 58.55 23.15 1.85
      vertex 7.13292 2.31763 1.85
      vertex 7.40766 1.17326 1.85
    endloop
  endfacet
  facet normal 0 0 1
    outer loop
      vertex 58.55 23.15 1.85
      vertex 6.68255 3.40493 1.85
      vertex 7.13292 2.31763 1.85
    endloop
  endfacet
  facet normal 0 0 1
    outer loop
      vertex 58.55 23.15 1.85
      vertex 6.06763 4.40839 1.85
      vertex 6.68255 3.40493 1.85
    endloop
  endfacet
  facet normal 0 0 1
    outer loop
      vertex 58.55 23.15 1.85
      vertex 5.3033 5.3033 1.85
      vertex 6.06763 4.40839 1.85
    endloop
  endfacet
  facet normal 0 0 1
    outer loop
      vertex 58.55 38.15 1.85
      vertex 4.40839 6.06763 1.85
      vertex 5.3033 5.3033 1.85
    endloop
  endfacet
  facet normal 0 0 1
    outer loop
      vertex 58.55 38.15 1.85
      vertex 3.40493 6.68255 1.85
      vertex 4.40839 6.06763 1.85
    endloop
  endfacet
  facet normal 0 0 1
    outer loop
      vertex 58.55 38.15 1.85
      vertex 2.31763 7.13292 1.85
      vertex 3.40493 6.68255 1.85
    endloop
  endfacet
  facet normal 0 0 1
    outer loop
      vertex 58.55 38.15 1.85
      vertex 1.17326 7.40766 1.85
      vertex 2.31763 7.13292 1.85
    endloop
  endfacet
  facet normal 0 0 1
    outer loop
      vertex 58.55 38.15 1.85
      vertex 0 7.5 1.85
      vertex 1.17326 7.40766 1.85
    endloop
  endfacet
  facet normal -0 0 1
    outer loop
      vertex -58.55 38.15 1.85
      vertex 0 7.5 1.85
      vertex 58.55 38.15 1.85
    endloop
  endfacet
  facet normal 0 0 1
    outer loop
      vertex 0 7.5 1.85
      vertex -58.55 38.15 1.85
      vertex -1.17326 7.40766 1.85
    endloop
  endfacet
  facet normal 0 0 1
    outer loop
      vertex -1.17326 7.40766 1.85
      vertex -58.55 38.15 1.85
      vertex -2.31763 7.13292 1.85
    endloop
  endfacet
  facet normal 0 0 1
    outer loop
      vertex -7.13292 2.31763 1.85
      vertex -58.55 23.15 1.85
      vertex -7.40766 1.17326 1.85
    endloop
  endfacet
  facet normal 0 0 1
    outer loop
      vertex -6.68255 3.40493 1.85
      vertex -58.55 23.15 1.85
      vertex -7.13292 2.31763 1.85
    endloop
  endfacet
  facet normal 0 0 1
    outer loop
      vertex -6.06763 4.40839 1.85
      vertex -58.55 23.15 1.85
      vertex -6.68255 3.40493 1.85
    endloop
  endfacet
  facet normal 0 0 1
    outer loop
      vertex -5.3033 5.3033 1.85
      vertex -58.55 23.15 1.85
      vertex -6.06763 4.40839 1.85
    endloop
  endfacet
  facet normal -0 0 1
    outer loop
      vertex -58.55 23.15 1.85
      vertex -5.3033 5.3033 1.85
      vertex -58.55 38.15 1.85
    endloop
  endfacet
  facet normal 0 0 1
    outer loop
      vertex -4.40839 6.06763 1.85
      vertex -58.55 38.15 1.85
      vertex -5.3033 5.3033 1.85
    endloop
  endfacet
  facet normal 0 0 1
    outer loop
      vertex -3.40493 6.68255 1.85
      vertex -58.55 38.15 1.85
      vertex -4.40839 6.06763 1.85
    endloop
  endfacet
  facet normal 0 0 1
    outer loop
      vertex -2.31763 7.13292 1.85
      vertex -58.55 38.15 1.85
      vertex -3.40493 6.68255 1.85
    endloop
  endfacet
  facet normal -0 0 1
    outer loop
      vertex 58.55 23.15 1.85
      vertex 60.05 -23.15 1.85
      vertex 60.05 23.15 1.85
    endloop
  endfacet
  facet normal 0 0 1
    outer loop
      vertex 60.05 -23.15 1.85
      vertex 58.55 23.15 1.85
      vertex 58.55 -23.15 1.85
    endloop
  endfacet
  facet normal 0 0 1
    outer loop
      vertex 60.05 23.15 1.85
      vertex 68.15 30.0501 1.85
      vertex 68.0503 31.3171 1.85
    endloop
  endfacet
  facet normal 0 0 1
    outer loop
      vertex 68.15 30.0501 1.85
      vertex 60.05 23.15 1.85
      vertex 68.15 -30.0501 1.85
    endloop
  endfacet
  facet normal 0 0 1
    outer loop
      vertex 60.05 23.15 1.85
      vertex 68.0503 31.3171 1.85
      vertex 67.7536 32.553 1.85
    endloop
  endfacet
  facet normal -0 0 1
    outer loop
      vertex 60.05 -23.15 1.85
      vertex 68.15 -30.0501 1.85
      vertex 60.05 23.15 1.85
    endloop
  endfacet
  facet normal 0 0 1
    outer loop
      vertex 60.05 23.15 1.85
      vertex 67.7536 32.553 1.85
      vertex 67.2672 33.7273 1.85
    endloop
  endfacet
  facet normal 0 0 1
    outer loop
      vertex 68.15 -30.0501 1.85
      vertex 60.05 -23.15 1.85
      vertex 68.0503 -31.3171 1.85
    endloop
  endfacet
  facet normal 0 0 1
    outer loop
      vertex 60.05 23.15 1.85
      vertex 67.2672 33.7273 1.85
      vertex 66.603 34.8111 1.85
    endloop
  endfacet
  facet normal 0 0 1
    outer loop
      vertex 68.0503 -31.3171 1.85
      vertex 60.05 -23.15 1.85
      vertex 67.7536 -32.553 1.85
    endloop
  endfacet
  facet normal 0 0 1
    outer loop
      vertex 60.05 23.15 1.85
      vertex 66.603 34.8111 1.85
      vertex 65.7776 35.7776 1.85
    endloop
  endfacet
  facet normal 0 0 1
    outer loop
      vertex 67.7536 -32.553 1.85
      vertex 60.05 -23.15 1.85
      vertex 67.2672 -33.7273 1.85
    endloop
  endfacet
  facet normal 0 0 1
    outer loop
      vertex 60.05 23.15 1.85
      vertex 65.7776 35.7776 1.85
      vertex 64.8111 36.603 1.85
    endloop
  endfacet
  facet normal 0 0 1
    outer loop
      vertex 67.2672 -33.7273 1.85
      vertex 60.05 -23.15 1.85
      vertex 66.603 -34.8111 1.85
    endloop
  endfacet
  facet normal 0 0 1
    outer loop
      vertex 60.05 23.15 1.85
      vertex 64.8111 36.603 1.85
      vertex 63.7273 37.2672 1.85
    endloop
  endfacet
  facet normal 0 0 1
    outer loop
      vertex 66.603 -34.8111 1.85
      vertex 60.05 -23.15 1.85
      vertex 65.7776 -35.7776 1.85
    endloop
  endfacet
  facet normal 0 0 1
    outer loop
      vertex 60.05 23.15 1.85
      vertex 63.7273 37.2672 1.85
      vertex 62.553 37.7536 1.85
    endloop
  endfacet
  facet normal 0 0 1
    outer loop
      vertex 65.7776 -35.7776 1.85
      vertex 60.05 -23.15 1.85
      vertex 64.8111 -36.603 1.85
    endloop
  endfacet
  facet normal 0 0 1
    outer loop
      vertex 60.05 23.15 1.85
      vertex 62.553 37.7536 1.85
      vertex 61.3171 38.0503 1.85
    endloop
  endfacet
  facet normal 0 0 1
    outer loop
      vertex 64.8111 -36.603 1.85
      vertex 60.05 -23.15 1.85
      vertex 63.7273 -37.2672 1.85
    endloop
  endfacet
  facet normal 0 0 1
    outer loop
      vertex 60.05 23.15 1.85
      vertex 61.3171 38.0503 1.85
      vertex 60.0501 38.15 1.85
    endloop
  endfacet
  facet normal 0 0 1
    outer loop
      vertex 63.7273 -37.2672 1.85
      vertex 60.05 -23.15 1.85
      vertex 62.553 -37.7536 1.85
    endloop
  endfacet
  facet normal 0 0 1
    outer loop
      vertex 60.05 23.15 1.85
      vertex 60.0501 38.15 1.85
      vertex 60.05 38.15 1.85
    endloop
  endfacet
  facet normal 0 0 1
    outer loop
      vertex 62.553 -37.7536 1.85
      vertex 60.05 -23.15 1.85
      vertex 61.3171 -38.0503 1.85
    endloop
  endfacet
  facet normal 0 0 1
    outer loop
      vertex 61.3171 -38.0503 1.85
      vertex 60.05 -23.15 1.85
      vertex 60.0501 -38.15 1.85
    endloop
  endfacet
  facet normal 0 0 1
    outer loop
      vertex 60.0501 -38.15 1.85
      vertex 60.05 -23.15 1.85
      vertex 60.05 -38.15 1.85
    endloop
  endfacet
  facet normal -0 0 1
    outer loop
      vertex 7.13292 -2.31763 1.85
      vertex 58.55 -23.15 1.85
      vertex 7.40766 -1.17326 1.85
    endloop
  endfacet
  facet normal -0 0 1
    outer loop
      vertex 6.68255 -3.40493 1.85
      vertex 58.55 -23.15 1.85
      vertex 7.13292 -2.31763 1.85
    endloop
  endfacet
  facet normal -0 0 1
    outer loop
      vertex 6.06763 -4.40839 1.85
      vertex 58.55 -23.15 1.85
      vertex 6.68255 -3.40493 1.85
    endloop
  endfacet
  facet normal -0 0 1
    outer loop
      vertex 5.3033 -5.3033 1.85
      vertex 58.55 -23.15 1.85
      vertex 6.06763 -4.40839 1.85
    endloop
  endfacet
  facet normal 0 0 1
    outer loop
      vertex 58.55 -23.15 1.85
      vertex 5.3033 -5.3033 1.85
      vertex 58.55 -38.15 1.85
    endloop
  endfacet
  facet normal -0 0 1
    outer loop
      vertex 4.40839 -6.06763 1.85
      vertex 58.55 -38.15 1.85
      vertex 5.3033 -5.3033 1.85
    endloop
  endfacet
  facet normal -0 0 1
    outer loop
      vertex 3.40493 -6.68255 1.85
      vertex 58.55 -38.15 1.85
      vertex 4.40839 -6.06763 1.85
    endloop
  endfacet
  facet normal -0 0 1
    outer loop
      vertex 2.31763 -7.13292 1.85
      vertex 58.55 -38.15 1.85
      vertex 3.40493 -6.68255 1.85
    endloop
  endfacet
  facet normal -0 0 1
    outer loop
      vertex 1.17326 -7.40766 1.85
      vertex 58.55 -38.15 1.85
      vertex 2.31763 -7.13292 1.85
    endloop
  endfacet
  facet normal -0 0 1
    outer loop
      vertex 0 -7.5 1.85
      vertex 58.55 -38.15 1.85
      vertex 1.17326 -7.40766 1.85
    endloop
  endfacet
  facet normal 0 0 1
    outer loop
      vertex -58.55 -38.15 1.85
      vertex 0 -7.5 1.85
      vertex -1.17326 -7.40766 1.85
    endloop
  endfacet
  facet normal 0 0 1
    outer loop
      vertex -58.55 -38.15 1.85
      vertex -1.17326 -7.40766 1.85
      vertex -2.31763 -7.13292 1.85
    endloop
  endfacet
  facet normal 0 0 1
    outer loop
      vertex -58.55 -38.15 1.85
      vertex -2.31763 -7.13292 1.85
      vertex -3.40493 -6.68255 1.85
    endloop
  endfacet
  facet normal 0 0 1
    outer loop
      vertex -7.40766 1.17326 1.85
      vertex -58.55 23.15 1.85
      vertex -7.5 0 1.85
    endloop
  endfacet
  facet normal 0 0 1
    outer loop
      vertex -58.55 -23.15 1.85
      vertex -7.5 0 1.85
      vertex -58.55 23.15 1.85
    endloop
  endfacet
  facet normal 0 0 1
    outer loop
      vertex -7.5 0 1.85
      vertex -58.55 -23.15 1.85
      vertex -7.40766 -1.17326 1.85
    endloop
  endfacet
  facet normal 0 0 1
    outer loop
      vertex -7.40766 -1.17326 1.85
      vertex -58.55 -23.15 1.85
      vertex -7.13292 -2.31763 1.85
    endloop
  endfacet
  facet normal 0 0 1
    outer loop
      vertex -7.13292 -2.31763 1.85
      vertex -58.55 -23.15 1.85
      vertex -6.68255 -3.40493 1.85
    endloop
  endfacet
  facet normal 0 0 1
    outer loop
      vertex -6.68255 -3.40493 1.85
      vertex -58.55 -23.15 1.85
      vertex -6.06763 -4.40839 1.85
    endloop
  endfacet
  facet normal 0 0 1
    outer loop
      vertex -6.06763 -4.40839 1.85
      vertex -58.55 -23.15 1.85
      vertex -5.3033 -5.3033 1.85
    endloop
  endfacet
  facet normal 0 0 1
    outer loop
      vertex -5.3033 -5.3033 1.85
      vertex -58.55 -23.15 1.85
      vertex -4.40839 -6.06763 1.85
    endloop
  endfacet
  facet normal 0 0 1
    outer loop
      vertex -58.55 -38.15 1.85
      vertex -4.40839 -6.06763 1.85
      vertex -58.55 -23.15 1.85
    endloop
  endfacet
  facet normal 0 0 1
    outer loop
      vertex -4.40839 -6.06763 1.85
      vertex -58.55 -38.15 1.85
      vertex -3.40493 -6.68255 1.85
    endloop
  endfacet
  facet normal 0 0 1
    outer loop
      vertex 0 -7.5 1.85
      vertex -58.55 -38.15 1.85
      vertex 58.55 -38.15 1.85
    endloop
  endfacet
  facet normal 0.522525 -0.852624 0
    outer loop
      vertex -64.8111 36.603 1.85
      vertex -63.7273 37.2672 55
      vertex -64.8111 36.603 55
    endloop
  endfacet
  facet normal 0.522525 -0.852624 0
    outer loop
      vertex -63.7273 37.2672 55
      vertex -64.8111 36.603 1.85
      vertex -63.7273 37.2672 1.85
    endloop
  endfacet
  facet normal -0.382676 -0.923883 0
    outer loop
      vertex 62.553 37.7536 1.85
      vertex 63.7273 37.2672 55
      vertex 62.553 37.7536 55
    endloop
  endfacet
  facet normal -0.382676 -0.923883 -0
    outer loop
      vertex 63.7273 37.2672 55
      vertex 62.553 37.7536 1.85
      vertex 63.7273 37.2672 1.85
    endloop
  endfacet
  facet normal -0.233435 -0.972372 0
    outer loop
      vertex 61.3171 38.0503 1.85
      vertex 62.553 37.7536 55
      vertex 61.3171 38.0503 55
    endloop
  endfacet
  facet normal -0.233435 -0.972372 -0
    outer loop
      vertex 62.553 37.7536 55
      vertex 61.3171 38.0503 1.85
      vertex 62.553 37.7536 1.85
    endloop
  endfacet
  facet normal -0.649417 0.760433 0
    outer loop
      vertex 65.7776 -35.7776 1.85
      vertex 64.8111 -36.603 55
      vertex 65.7776 -35.7776 55
    endloop
  endfacet
  facet normal -0.649417 0.760433 0
    outer loop
      vertex 64.8111 -36.603 55
      vertex 65.7776 -35.7776 1.85
      vertex 64.8111 -36.603 1.85
    endloop
  endfacet
  facet normal -0.760433 0.649417 0
    outer loop
      vertex 65.7776 -35.7776 1.85
      vertex 66.603 -34.8111 55
      vertex 66.603 -34.8111 1.85
    endloop
  endfacet
  facet normal -0.760433 0.649417 0
    outer loop
      vertex 66.603 -34.8111 55
      vertex 65.7776 -35.7776 1.85
      vertex 65.7776 -35.7776 55
    endloop
  endfacet
  facet normal -0.522525 0.852624 0
    outer loop
      vertex 64.8111 -36.603 1.85
      vertex 63.7273 -37.2672 55
      vertex 64.8111 -36.603 55
    endloop
  endfacet
  facet normal -0.522525 0.852624 0
    outer loop
      vertex 63.7273 -37.2672 55
      vertex 64.8111 -36.603 1.85
      vertex 63.7273 -37.2672 1.85
    endloop
  endfacet
  facet normal -0.972372 0.233435 0
    outer loop
      vertex 67.7536 -32.553 1.85
      vertex 68.0503 -31.3171 55
      vertex 68.0503 -31.3171 1.85
    endloop
  endfacet
  facet normal -0.972372 0.233435 0
    outer loop
      vertex 68.0503 -31.3171 55
      vertex 67.7536 -32.553 1.85
      vertex 67.7536 -32.553 55
    endloop
  endfacet
  facet normal -0.996918 0.0784473 0
    outer loop
      vertex 68.0503 -31.3171 1.85
      vertex 68.15 -30.0501 55
      vertex 68.15 -30.0501 1.85
    endloop
  endfacet
  facet normal -0.996918 0.0784473 0
    outer loop
      vertex 68.15 -30.0501 55
      vertex 68.0503 -31.3171 1.85
      vertex 68.0503 -31.3171 55
    endloop
  endfacet
  facet normal 0 1 -0
    outer loop
      vertex -3.17793 -38.15 36.197
      vertex -60.0501 -38.15 55
      vertex -2.16312 -38.15 36.6174
    endloop
  endfacet
  facet normal 0 1 -0
    outer loop
      vertex -4.1145 -38.15 35.6231
      vertex -60.0501 -38.15 55
      vertex -3.17793 -38.15 36.197
    endloop
  endfacet
  facet normal 0 1 -0
    outer loop
      vertex -4.94975 -38.15 34.9097
      vertex -60.0501 -38.15 55
      vertex -4.1145 -38.15 35.6231
    endloop
  endfacet
  facet normal 0 1 -0
    outer loop
      vertex -5.66312 -38.15 34.0745
      vertex -60.0501 -38.15 55
      vertex -4.94975 -38.15 34.9097
    endloop
  endfacet
  facet normal 0 1 -0
    outer loop
      vertex -6.23705 -38.15 33.1379
      vertex -60.0501 -38.15 55
      vertex -5.66312 -38.15 34.0745
    endloop
  endfacet
  facet normal 0 1 0
    outer loop
      vertex -60.0501 -38.15 55
      vertex -6.23705 -38.15 33.1379
      vertex -58.55 -38.15 36.85
    endloop
  endfacet
  facet normal 0 1 -0
    outer loop
      vertex -6.6574 -38.15 32.1231
      vertex -58.55 -38.15 36.85
      vertex -6.23705 -38.15 33.1379
    endloop
  endfacet
  facet normal 0 1 -0
    outer loop
      vertex -6.91382 -38.15 31.055
      vertex -58.55 -38.15 36.85
      vertex -6.6574 -38.15 32.1231
    endloop
  endfacet
  facet normal 0 1 -0
    outer loop
      vertex -7 -38.15 29.96
      vertex -58.55 -38.15 36.85
      vertex -6.91382 -38.15 31.055
    endloop
  endfacet
  facet normal 0 1 -0
    outer loop
      vertex -7 -38.15 11.96
      vertex -58.55 -38.15 36.85
      vertex -7 -38.15 29.96
    endloop
  endfacet
  facet normal 0 1 0
    outer loop
      vertex -58.55 -38.15 1.85
      vertex -7 -38.15 11.96
      vertex -6.91382 -38.15 10.865
    endloop
  endfacet
  facet normal 0 1 0
    outer loop
      vertex -58.55 -38.15 1.85
      vertex -6.91382 -38.15 10.865
      vertex -6.6574 -38.15 9.79688
    endloop
  endfacet
  facet normal 0 1 0
    outer loop
      vertex -58.55 -38.15 1.85
      vertex -6.6574 -38.15 9.79688
      vertex -6.23705 -38.15 8.78207
    endloop
  endfacet
  facet normal 0 1 0
    outer loop
      vertex -58.55 -38.15 1.85
      vertex -6.23705 -38.15 8.78207
      vertex -5.66312 -38.15 7.8455
    endloop
  endfacet
  facet normal 0 1 0
    outer loop
      vertex -58.55 -38.15 1.85
      vertex -5.66312 -38.15 7.8455
      vertex -4.94975 -38.15 7.01025
    endloop
  endfacet
  facet normal 0 1 0
    outer loop
      vertex -58.55 -38.15 1.85
      vertex -4.94975 -38.15 7.01025
      vertex -4.1145 -38.15 6.29688
    endloop
  endfacet
  facet normal 0 1 0
    outer loop
      vertex -58.55 -38.15 1.85
      vertex -4.1145 -38.15 6.29688
      vertex -3.17793 -38.15 5.72295
    endloop
  endfacet
  facet normal 0 1 0
    outer loop
      vertex -7 -38.15 11.96
      vertex -58.55 -38.15 1.85
      vertex -58.55 -38.15 36.85
    endloop
  endfacet
  facet normal 0 1 0
    outer loop
      vertex -2.16312 -38.15 5.3026
      vertex -58.55 -38.15 1.85
      vertex -3.17793 -38.15 5.72295
    endloop
  endfacet
  facet normal 0 1 0
    outer loop
      vertex -1.09504 -38.15 5.04618
      vertex -58.55 -38.15 1.85
      vertex -2.16312 -38.15 5.3026
    endloop
  endfacet
  facet normal 0 1 0
    outer loop
      vertex 0 -38.15 4.96
      vertex -58.55 -38.15 1.85
      vertex -1.09504 -38.15 5.04618
    endloop
  endfacet
  facet normal 0 1 0
    outer loop
      vertex -58.55 -38.15 1.85
      vertex 0 -38.15 4.96
      vertex 58.55 -38.15 1.85
    endloop
  endfacet
  facet normal 0 1 0
    outer loop
      vertex 60.0501 -38.15 55
      vertex 0 -38.15 36.96
      vertex -60.0501 -38.15 55
    endloop
  endfacet
  facet normal 0 1 0
    outer loop
      vertex 60.0501 -38.15 55
      vertex 1.09504 -38.15 36.8738
      vertex 0 -38.15 36.96
    endloop
  endfacet
  facet normal 0 1 0
    outer loop
      vertex 58.55 -38.15 36.85
      vertex 60.0501 -38.15 55
      vertex 60.05 -38.15 36.85
    endloop
  endfacet
  facet normal 0 1 -0
    outer loop
      vertex 60.0501 -38.15 1.85
      vertex 60.05 -38.15 36.85
      vertex 60.0501 -38.15 55
    endloop
  endfacet
  facet normal 0 1 0
    outer loop
      vertex 60.05 -38.15 36.85
      vertex 60.0501 -38.15 1.85
      vertex 60.05 -38.15 1.85
    endloop
  endfacet
  facet normal 0 1 -0
    outer loop
      vertex -1.09504 -38.15 36.8738
      vertex -60.0501 -38.15 55
      vertex 0 -38.15 36.96
    endloop
  endfacet
  facet normal 0 1 -0
    outer loop
      vertex -2.16312 -38.15 36.6174
      vertex -60.0501 -38.15 55
      vertex -1.09504 -38.15 36.8738
    endloop
  endfacet
  facet normal 0 1 -0
    outer loop
      vertex -60.05 -38.15 36.85
      vertex -60.0501 -38.15 55
      vertex -58.55 -38.15 36.85
    endloop
  endfacet
  facet normal 0 1 0
    outer loop
      vertex -60.0501 -38.15 1.85
      vertex -60.05 -38.15 36.85
      vertex -60.05 -38.15 1.85
    endloop
  endfacet
  facet normal 0 1 0
    outer loop
      vertex -60.05 -38.15 36.85
      vertex -60.0501 -38.15 1.85
      vertex -60.0501 -38.15 55
    endloop
  endfacet
  facet normal 0 1 0
    outer loop
      vertex 6.23705 -38.15 33.1379
      vertex 60.0501 -38.15 55
      vertex 58.55 -38.15 36.85
    endloop
  endfacet
  facet normal 0 1 0
    outer loop
      vertex 60.0501 -38.15 55
      vertex 2.16312 -38.15 36.6174
      vertex 1.09504 -38.15 36.8738
    endloop
  endfacet
  facet normal 0 1 0
    outer loop
      vertex 60.0501 -38.15 55
      vertex 3.17793 -38.15 36.197
      vertex 2.16312 -38.15 36.6174
    endloop
  endfacet
  facet normal 0 1 0
    outer loop
      vertex 60.0501 -38.15 55
      vertex 4.1145 -38.15 35.6231
      vertex 3.17793 -38.15 36.197
    endloop
  endfacet
  facet normal 0 1 0
    outer loop
      vertex 60.0501 -38.15 55
      vertex 4.94975 -38.15 34.9097
      vertex 4.1145 -38.15 35.6231
    endloop
  endfacet
  facet normal 0 1 0
    outer loop
      vertex 60.0501 -38.15 55
      vertex 5.66312 -38.15 34.0745
      vertex 4.94975 -38.15 34.9097
    endloop
  endfacet
  facet normal 0 1 0
    outer loop
      vertex 60.0501 -38.15 55
      vertex 6.23705 -38.15 33.1379
      vertex 5.66312 -38.15 34.0745
    endloop
  endfacet
  facet normal 0 1 0
    outer loop
      vertex 58.55 -38.15 36.85
      vertex 6.6574 -38.15 32.1231
      vertex 6.23705 -38.15 33.1379
    endloop
  endfacet
  facet normal 0 1 0
    outer loop
      vertex 58.55 -38.15 36.85
      vertex 6.91382 -38.15 31.055
      vertex 6.6574 -38.15 32.1231
    endloop
  endfacet
  facet normal 0 1 0
    outer loop
      vertex 58.55 -38.15 36.85
      vertex 7 -38.15 29.96
      vertex 6.91382 -38.15 31.055
    endloop
  endfacet
  facet normal 0 1 0
    outer loop
      vertex 58.55 -38.15 36.85
      vertex 7 -38.15 11.96
      vertex 7 -38.15 29.96
    endloop
  endfacet
  facet normal 0 1 -0
    outer loop
      vertex 58.55 -38.15 1.85
      vertex 7 -38.15 11.96
      vertex 58.55 -38.15 36.85
    endloop
  endfacet
  facet normal 0 1 0
    outer loop
      vertex 7 -38.15 11.96
      vertex 58.55 -38.15 1.85
      vertex 6.91382 -38.15 10.865
    endloop
  endfacet
  facet normal 0 1 0
    outer loop
      vertex 6.91382 -38.15 10.865
      vertex 58.55 -38.15 1.85
      vertex 6.6574 -38.15 9.79688
    endloop
  endfacet
  facet normal 0 1 0
    outer loop
      vertex 6.6574 -38.15 9.79688
      vertex 58.55 -38.15 1.85
      vertex 6.23705 -38.15 8.78207
    endloop
  endfacet
  facet normal 0 1 0
    outer loop
      vertex 6.23705 -38.15 8.78207
      vertex 58.55 -38.15 1.85
      vertex 5.66312 -38.15 7.8455
    endloop
  endfacet
  facet normal 0 1 0
    outer loop
      vertex 5.66312 -38.15 7.8455
      vertex 58.55 -38.15 1.85
      vertex 4.94975 -38.15 7.01025
    endloop
  endfacet
  facet normal 0 1 0
    outer loop
      vertex 4.94975 -38.15 7.01025
      vertex 58.55 -38.15 1.85
      vertex 4.1145 -38.15 6.29688
    endloop
  endfacet
  facet normal 0 1 0
    outer loop
      vertex 1.09504 -38.15 5.04618
      vertex 58.55 -38.15 1.85
      vertex 0 -38.15 4.96
    endloop
  endfacet
  facet normal 0 1 0
    outer loop
      vertex 2.16312 -38.15 5.3026
      vertex 58.55 -38.15 1.85
      vertex 1.09504 -38.15 5.04618
    endloop
  endfacet
  facet normal 0 1 0
    outer loop
      vertex 3.17793 -38.15 5.72295
      vertex 58.55 -38.15 1.85
      vertex 2.16312 -38.15 5.3026
    endloop
  endfacet
  facet normal 0 1 0
    outer loop
      vertex 4.1145 -38.15 6.29688
      vertex 58.55 -38.15 1.85
      vertex 3.17793 -38.15 5.72295
    endloop
  endfacet
  facet normal 0.760433 0.649417 0
    outer loop
      vertex -65.7776 -35.7776 55
      vertex -66.603 -34.8111 1.85
      vertex -66.603 -34.8111 55
    endloop
  endfacet
  facet normal 0.760433 0.649417 0
    outer loop
      vertex -66.603 -34.8111 1.85
      vertex -65.7776 -35.7776 55
      vertex -65.7776 -35.7776 1.85
    endloop
  endfacet
  facet normal 0.852624 0.522525 0
    outer loop
      vertex -66.603 -34.8111 55
      vertex -67.2672 -33.7273 1.85
      vertex -67.2672 -33.7273 55
    endloop
  endfacet
  facet normal 0.852624 0.522525 0
    outer loop
      vertex -67.2672 -33.7273 1.85
      vertex -66.603 -34.8111 55
      vertex -66.603 -34.8111 1.85
    endloop
  endfacet
  facet normal 0.972372 -0.233435 0
    outer loop
      vertex -68.0503 31.3171 55
      vertex -67.7536 32.553 1.85
      vertex -67.7536 32.553 55
    endloop
  endfacet
  facet normal 0.972372 -0.233435 0
    outer loop
      vertex -67.7536 32.553 1.85
      vertex -68.0503 31.3171 55
      vertex -68.0503 31.3171 1.85
    endloop
  endfacet
  facet normal 0.923883 -0.382676 0
    outer loop
      vertex -67.7536 32.553 55
      vertex -67.2672 33.7273 1.85
      vertex -67.2672 33.7273 55
    endloop
  endfacet
  facet normal 0.923883 -0.382676 0
    outer loop
      vertex -67.2672 33.7273 1.85
      vertex -67.7536 32.553 55
      vertex -67.7536 32.553 1.85
    endloop
  endfacet
  facet normal 0.852624 -0.522525 0
    outer loop
      vertex -67.2672 33.7273 55
      vertex -66.603 34.8111 1.85
      vertex -66.603 34.8111 55
    endloop
  endfacet
  facet normal 0.852624 -0.522525 0
    outer loop
      vertex -66.603 34.8111 1.85
      vertex -67.2672 33.7273 55
      vertex -67.2672 33.7273 1.85
    endloop
  endfacet
  facet normal 0.233435 -0.972372 0
    outer loop
      vertex -62.553 37.7536 1.85
      vertex -61.3171 38.0503 55
      vertex -62.553 37.7536 55
    endloop
  endfacet
  facet normal 0.233435 -0.972372 0
    outer loop
      vertex -61.3171 38.0503 55
      vertex -62.553 37.7536 1.85
      vertex -61.3171 38.0503 1.85
    endloop
  endfacet
  facet normal 0.0784473 -0.996918 0
    outer loop
      vertex -61.3171 38.0503 1.85
      vertex -60.0501 38.15 55
      vertex -61.3171 38.0503 55
    endloop
  endfacet
  facet normal 0.0784473 -0.996918 0
    outer loop
      vertex -60.0501 38.15 55
      vertex -61.3171 38.0503 1.85
      vertex -60.0501 38.15 1.85
    endloop
  endfacet
  facet normal -0.852624 0.522525 0
    outer loop
      vertex 66.603 -34.8111 1.85
      vertex 67.2672 -33.7273 55
      vertex 67.2672 -33.7273 1.85
    endloop
  endfacet
  facet normal -0.852624 0.522525 0
    outer loop
      vertex 67.2672 -33.7273 55
      vertex 66.603 -34.8111 1.85
      vertex 66.603 -34.8111 55
    endloop
  endfacet
  facet normal -0.923883 0.382676 0
    outer loop
      vertex 67.2672 -33.7273 1.85
      vertex 67.7536 -32.553 55
      vertex 67.7536 -32.553 1.85
    endloop
  endfacet
  facet normal -0.923883 0.382676 0
    outer loop
      vertex 67.7536 -32.553 55
      vertex 67.2672 -33.7273 1.85
      vertex 67.2672 -33.7273 55
    endloop
  endfacet
  facet normal -0.649417 -0.760433 0
    outer loop
      vertex 64.8111 36.603 1.85
      vertex 65.7776 35.7776 55
      vertex 64.8111 36.603 55
    endloop
  endfacet
  facet normal -0.649417 -0.760433 -0
    outer loop
      vertex 65.7776 35.7776 55
      vertex 64.8111 36.603 1.85
      vertex 65.7776 35.7776 1.85
    endloop
  endfacet
  facet normal -0.923883 -0.382676 0
    outer loop
      vertex 67.7536 32.553 1.85
      vertex 67.2672 33.7273 55
      vertex 67.2672 33.7273 1.85
    endloop
  endfacet
  facet normal -0.923883 -0.382676 0
    outer loop
      vertex 67.2672 33.7273 55
      vertex 67.7536 32.553 1.85
      vertex 67.7536 32.553 55
    endloop
  endfacet
  facet normal -0.233435 0.972372 0
    outer loop
      vertex 62.553 -37.7536 1.85
      vertex 61.3171 -38.0503 55
      vertex 62.553 -37.7536 55
    endloop
  endfacet
  facet normal -0.233435 0.972372 0
    outer loop
      vertex 61.3171 -38.0503 55
      vertex 62.553 -37.7536 1.85
      vertex 61.3171 -38.0503 1.85
    endloop
  endfacet
  facet normal -0.0784473 0.996918 0
    outer loop
      vertex 61.3171 -38.0503 1.85
      vertex 60.0501 -38.15 55
      vertex 61.3171 -38.0503 55
    endloop
  endfacet
  facet normal -0.0784473 0.996918 0
    outer loop
      vertex 60.0501 -38.15 55
      vertex 61.3171 -38.0503 1.85
      vertex 60.0501 -38.15 1.85
    endloop
  endfacet
  facet normal 0.972372 0.233435 0
    outer loop
      vertex -67.7536 -32.553 55
      vertex -68.0503 -31.3171 1.85
      vertex -68.0503 -31.3171 55
    endloop
  endfacet
  facet normal 0.972372 0.233435 0
    outer loop
      vertex -68.0503 -31.3171 1.85
      vertex -67.7536 -32.553 55
      vertex -67.7536 -32.553 1.85
    endloop
  endfacet
  facet normal 0.996918 0.0784473 0
    outer loop
      vertex -68.0503 -31.3171 55
      vertex -68.15 -30.0501 1.85
      vertex -68.15 -30.0501 55
    endloop
  endfacet
  facet normal 0.996918 0.0784473 0
    outer loop
      vertex -68.15 -30.0501 1.85
      vertex -68.0503 -31.3171 55
      vertex -68.0503 -31.3171 1.85
    endloop
  endfacet
  facet normal 0.923883 0.382676 0
    outer loop
      vertex -67.2672 -33.7273 55
      vertex -67.7536 -32.553 1.85
      vertex -67.7536 -32.553 55
    endloop
  endfacet
  facet normal 0.923883 0.382676 0
    outer loop
      vertex -67.7536 -32.553 1.85
      vertex -67.2672 -33.7273 55
      vertex -67.2672 -33.7273 1.85
    endloop
  endfacet
  facet normal -0.760433 -0.649417 0
    outer loop
      vertex 66.603 34.8111 1.85
      vertex 65.7776 35.7776 55
      vertex 65.7776 35.7776 1.85
    endloop
  endfacet
  facet normal -0.760433 -0.649417 0
    outer loop
      vertex 65.7776 35.7776 55
      vertex 66.603 34.8111 1.85
      vertex 66.603 34.8111 55
    endloop
  endfacet
  facet normal -0.852624 -0.522525 0
    outer loop
      vertex 67.2672 33.7273 1.85
      vertex 66.603 34.8111 55
      vertex 66.603 34.8111 1.85
    endloop
  endfacet
  facet normal -0.852624 -0.522525 0
    outer loop
      vertex 66.603 34.8111 55
      vertex 67.2672 33.7273 1.85
      vertex 67.2672 33.7273 55
    endloop
  endfacet
  facet normal -0.972372 -0.233435 0
    outer loop
      vertex 68.0503 31.3171 1.85
      vertex 67.7536 32.553 55
      vertex 67.7536 32.553 1.85
    endloop
  endfacet
  facet normal -0.972372 -0.233435 0
    outer loop
      vertex 67.7536 32.553 55
      vertex 68.0503 31.3171 1.85
      vertex 68.0503 31.3171 55
    endloop
  endfacet
  facet normal -0.996918 -0.0784473 0
    outer loop
      vertex 68.15 30.0501 1.85
      vertex 68.0503 31.3171 55
      vertex 68.0503 31.3171 1.85
    endloop
  endfacet
  facet normal -0.996918 -0.0784473 0
    outer loop
      vertex 68.0503 31.3171 55
      vertex 68.15 30.0501 1.85
      vertex 68.15 30.0501 55
    endloop
  endfacet
  facet normal 0 -0.919145 0.393919
    outer loop
      vertex -60.05 23.15 1.85
      vertex -58.55 38.15 36.85
      vertex -60.05 38.15 36.85
    endloop
  endfacet
  facet normal 0 -0.919145 0.393919
    outer loop
      vertex -58.55 38.15 36.85
      vertex -60.05 23.15 1.85
      vertex -58.55 23.15 1.85
    endloop
  endfacet
  facet normal -1 0 0
    outer loop
      vertex -60.05 38.15 1.85
      vertex -60.05 23.15 1.85
      vertex -60.05 38.15 36.85
    endloop
  endfacet
  facet normal 1 0 0
    outer loop
      vertex -58.55 38.15 36.85
      vertex -58.55 23.15 1.85
      vertex -58.55 38.15 1.85
    endloop
  endfacet
  facet normal 1 0 0
    outer loop
      vertex -58.55 -38.15 36.85
      vertex -58.55 -38.15 1.85
      vertex -58.55 -23.15 1.85
    endloop
  endfacet
  facet normal -1 0 0
    outer loop
      vertex -60.05 -23.15 1.85
      vertex -60.05 -38.15 1.85
      vertex -60.05 -38.15 36.85
    endloop
  endfacet
  facet normal 0 0.919145 0.393919
    outer loop
      vertex -58.55 -23.15 1.85
      vertex -60.05 -38.15 36.85
      vertex -58.55 -38.15 36.85
    endloop
  endfacet
  facet normal 0 0.919145 0.393919
    outer loop
      vertex -60.05 -38.15 36.85
      vertex -58.55 -23.15 1.85
      vertex -60.05 -23.15 1.85
    endloop
  endfacet
  facet normal 0 -0.919145 0.393919
    outer loop
      vertex 58.55 23.15 1.85
      vertex 60.05 38.15 36.85
      vertex 58.55 38.15 36.85
    endloop
  endfacet
  facet normal 0 -0.919145 0.393919
    outer loop
      vertex 60.05 38.15 36.85
      vertex 58.55 23.15 1.85
      vertex 60.05 23.15 1.85
    endloop
  endfacet
  facet normal -1 0 0
    outer loop
      vertex 58.55 38.15 1.85
      vertex 58.55 23.15 1.85
      vertex 58.55 38.15 36.85
    endloop
  endfacet
  facet normal 1 0 0
    outer loop
      vertex 60.05 38.15 36.85
      vertex 60.05 23.15 1.85
      vertex 60.05 38.15 1.85
    endloop
  endfacet
  facet normal 1 0 0
    outer loop
      vertex 60.05 -38.15 36.85
      vertex 60.05 -38.15 1.85
      vertex 60.05 -23.15 1.85
    endloop
  endfacet
  facet normal -1 0 0
    outer loop
      vertex 58.55 -23.15 1.85
      vertex 58.55 -38.15 1.85
      vertex 58.55 -38.15 36.85
    endloop
  endfacet
  facet normal 0 0.919145 0.393919
    outer loop
      vertex 60.05 -23.15 1.85
      vertex 58.55 -38.15 36.85
      vertex 60.05 -38.15 36.85
    endloop
  endfacet
  facet normal 0 0.919145 0.393919
    outer loop
      vertex 58.55 -38.15 36.85
      vertex 60.05 -23.15 1.85
      vertex 58.55 -23.15 1.85
    endloop
  endfacet
  facet normal 0.996917 0.0784612 0
    outer loop
      vertex 7.5 0 55
      vertex 7.40766 1.17326 1.85
      vertex 7.40766 1.17326 55
    endloop
  endfacet
  facet normal 0.996917 0.0784612 0
    outer loop
      vertex 7.40766 1.17326 1.85
      vertex 7.5 0 55
      vertex 7.5 0 1.85
    endloop
  endfacet
  facet normal -0.996917 0.0784612 0
    outer loop
      vertex -7.5 0 1.85
      vertex -7.40766 1.17326 55
      vertex -7.40766 1.17326 1.85
    endloop
  endfacet
  facet normal -0.996917 0.0784612 0
    outer loop
      vertex -7.40766 1.17326 55
      vertex -7.5 0 1.85
      vertex -7.5 0 55
    endloop
  endfacet
  facet normal 0.0784612 0.996917 -0
    outer loop
      vertex 1.17326 7.40766 1.85
      vertex 0 7.5 55
      vertex 1.17326 7.40766 55
    endloop
  endfacet
  facet normal 0.0784612 0.996917 0
    outer loop
      vertex 0 7.5 55
      vertex 1.17326 7.40766 1.85
      vertex 0 7.5 1.85
    endloop
  endfacet
  facet normal -0.0784612 -0.996917 0
    outer loop
      vertex -1.17326 -7.40766 1.85
      vertex 0 -7.5 55
      vertex -1.17326 -7.40766 55
    endloop
  endfacet
  facet normal -0.0784612 -0.996917 -0
    outer loop
      vertex 0 -7.5 55
      vertex -1.17326 -7.40766 1.85
      vertex 0 -7.5 1.85
    endloop
  endfacet
  facet normal 0.760404 0.64945 0
    outer loop
      vertex 6.06763 4.40839 55
      vertex 5.3033 5.3033 1.85
      vertex 5.3033 5.3033 55
    endloop
  endfacet
  facet normal 0.760404 0.64945 0
    outer loop
      vertex 5.3033 5.3033 1.85
      vertex 6.06763 4.40839 55
      vertex 6.06763 4.40839 1.85
    endloop
  endfacet
  facet normal -0.64945 0.760404 0
    outer loop
      vertex -4.40839 6.06763 1.85
      vertex -5.3033 5.3033 55
      vertex -4.40839 6.06763 55
    endloop
  endfacet
  facet normal -0.64945 0.760404 0
    outer loop
      vertex -5.3033 5.3033 55
      vertex -4.40839 6.06763 1.85
      vertex -5.3033 5.3033 1.85
    endloop
  endfacet
  facet normal -0.38268 0.923881 0
    outer loop
      vertex -2.31763 7.13292 1.85
      vertex -3.40493 6.68255 55
      vertex -2.31763 7.13292 55
    endloop
  endfacet
  facet normal -0.38268 0.923881 0
    outer loop
      vertex -3.40493 6.68255 55
      vertex -2.31763 7.13292 1.85
      vertex -3.40493 6.68255 1.85
    endloop
  endfacet
  facet normal 0.852641 -0.522498 0
    outer loop
      vertex 6.06763 -4.40839 55
      vertex 6.68255 -3.40493 1.85
      vertex 6.68255 -3.40493 55
    endloop
  endfacet
  facet normal 0.852641 -0.522498 0
    outer loop
      vertex 6.68255 -3.40493 1.85
      vertex 6.06763 -4.40839 55
      vertex 6.06763 -4.40839 1.85
    endloop
  endfacet
  facet normal -0.97237 -0.233446 0
    outer loop
      vertex -7.13292 -2.31763 1.85
      vertex -7.40766 -1.17326 55
      vertex -7.40766 -1.17326 1.85
    endloop
  endfacet
  facet normal -0.97237 -0.233446 0
    outer loop
      vertex -7.40766 -1.17326 55
      vertex -7.13292 -2.31763 1.85
      vertex -7.13292 -2.31763 55
    endloop
  endfacet
  facet normal 0.923881 0.38268 0
    outer loop
      vertex 7.13292 2.31763 55
      vertex 6.68255 3.40493 1.85
      vertex 6.68255 3.40493 55
    endloop
  endfacet
  facet normal 0.923881 0.38268 0
    outer loop
      vertex 6.68255 3.40493 1.85
      vertex 7.13292 2.31763 55
      vertex 7.13292 2.31763 1.85
    endloop
  endfacet
  facet normal 0.97237 0.233446 0
    outer loop
      vertex 7.40766 1.17326 55
      vertex 7.13292 2.31763 1.85
      vertex 7.13292 2.31763 55
    endloop
  endfacet
  facet normal 0.97237 0.233446 0
    outer loop
      vertex 7.13292 2.31763 1.85
      vertex 7.40766 1.17326 55
      vertex 7.40766 1.17326 1.85
    endloop
  endfacet
  facet normal 0.852641 0.522498 0
    outer loop
      vertex 6.68255 3.40493 55
      vertex 6.06763 4.40839 1.85
      vertex 6.06763 4.40839 55
    endloop
  endfacet
  facet normal 0.852641 0.522498 0
    outer loop
      vertex 6.06763 4.40839 1.85
      vertex 6.68255 3.40493 55
      vertex 6.68255 3.40493 1.85
    endloop
  endfacet
  facet normal 0.522498 0.852641 -0
    outer loop
      vertex 4.40839 6.06763 1.85
      vertex 3.40493 6.68255 55
      vertex 4.40839 6.06763 55
    endloop
  endfacet
  facet normal 0.522498 0.852641 0
    outer loop
      vertex 3.40493 6.68255 55
      vertex 4.40839 6.06763 1.85
      vertex 3.40493 6.68255 1.85
    endloop
  endfacet
  facet normal 0.64945 0.760404 -0
    outer loop
      vertex 5.3033 5.3033 1.85
      vertex 4.40839 6.06763 55
      vertex 5.3033 5.3033 55
    endloop
  endfacet
  facet normal 0.64945 0.760404 0
    outer loop
      vertex 4.40839 6.06763 55
      vertex 5.3033 5.3033 1.85
      vertex 4.40839 6.06763 1.85
    endloop
  endfacet
  facet normal -0.852641 0.522498 0
    outer loop
      vertex -6.68255 3.40493 1.85
      vertex -6.06763 4.40839 55
      vertex -6.06763 4.40839 1.85
    endloop
  endfacet
  facet normal -0.852641 0.522498 0
    outer loop
      vertex -6.06763 4.40839 55
      vertex -6.68255 3.40493 1.85
      vertex -6.68255 3.40493 55
    endloop
  endfacet
  facet normal -0.760404 0.64945 0
    outer loop
      vertex -6.06763 4.40839 1.85
      vertex -5.3033 5.3033 55
      vertex -5.3033 5.3033 1.85
    endloop
  endfacet
  facet normal -0.760404 0.64945 0
    outer loop
      vertex -5.3033 5.3033 55
      vertex -6.06763 4.40839 1.85
      vertex -6.06763 4.40839 55
    endloop
  endfacet
  facet normal 0 0 1
    outer loop
      vertex 5.65 0 55
      vertex 7.5 0 55
      vertex 7.40766 1.17326 55
    endloop
  endfacet
  facet normal 0 0 1
    outer loop
      vertex 5.58044 0.883854 55
      vertex 7.40766 1.17326 55
      vertex 7.13292 2.31763 55
    endloop
  endfacet
  facet normal 0 0 1
    outer loop
      vertex 7.5 0 55
      vertex 5.65 0 55
      vertex 7.40766 -1.17326 55
    endloop
  endfacet
  facet normal 0 0 1
    outer loop
      vertex 5.37347 1.74595 55
      vertex 7.13292 2.31763 55
      vertex 6.68255 3.40493 55
    endloop
  endfacet
  facet normal -0 0 1
    outer loop
      vertex 5.58044 -0.883854 55
      vertex 7.40766 -1.17326 55
      vertex 5.65 0 55
    endloop
  endfacet
  facet normal 0 0 1
    outer loop
      vertex 5.03419 2.56505 55
      vertex 6.68255 3.40493 55
      vertex 6.06763 4.40839 55
    endloop
  endfacet
  facet normal 0 0 1
    outer loop
      vertex 7.40766 -1.17326 55
      vertex 5.58044 -0.883854 55
      vertex 7.13292 -2.31763 55
    endloop
  endfacet
  facet normal -0 0 1
    outer loop
      vertex 5.37347 -1.74595 55
      vertex 7.13292 -2.31763 55
      vertex 5.58044 -0.883854 55
    endloop
  endfacet
  facet normal 0 0 1
    outer loop
      vertex 7.40766 1.17326 55
      vertex 5.58044 0.883854 55
      vertex 5.65 0 55
    endloop
  endfacet
  facet normal 0 0 1
    outer loop
      vertex 7.13292 2.31763 55
      vertex 5.37347 1.74595 55
      vertex 5.58044 0.883854 55
    endloop
  endfacet
  facet normal 0 0 1
    outer loop
      vertex 4.57095 3.32099 55
      vertex 6.06763 4.40839 55
      vertex 5.3033 5.3033 55
    endloop
  endfacet
  facet normal 0 0 1
    outer loop
      vertex 6.68255 3.40493 55
      vertex 5.03419 2.56505 55
      vertex 5.37347 1.74595 55
    endloop
  endfacet
  facet normal 0 0 1
    outer loop
      vertex 6.06763 4.40839 55
      vertex 4.57095 3.32099 55
      vertex 5.03419 2.56505 55
    endloop
  endfacet
  facet normal 0 0 1
    outer loop
      vertex 3.99515 3.99515 55
      vertex 5.3033 5.3033 55
      vertex 4.40839 6.06763 55
    endloop
  endfacet
  facet normal 0 0 1
    outer loop
      vertex 5.3033 5.3033 55
      vertex 3.99515 3.99515 55
      vertex 4.57095 3.32099 55
    endloop
  endfacet
  facet normal 0 0 1
    outer loop
      vertex 3.32099 4.57095 55
      vertex 4.40839 6.06763 55
      vertex 3.40493 6.68255 55
    endloop
  endfacet
  facet normal 0 0 1
    outer loop
      vertex 4.40839 6.06763 55
      vertex 3.32099 4.57095 55
      vertex 3.99515 3.99515 55
    endloop
  endfacet
  facet normal 0 0 1
    outer loop
      vertex 3.40493 6.68255 55
      vertex 2.56505 5.03419 55
      vertex 3.32099 4.57095 55
    endloop
  endfacet
  facet normal 0 0 1
    outer loop
      vertex 2.31763 7.13292 55
      vertex 2.56505 5.03419 55
      vertex 3.40493 6.68255 55
    endloop
  endfacet
  facet normal 0 0 1
    outer loop
      vertex 2.31763 7.13292 55
      vertex 1.74595 5.37347 55
      vertex 2.56505 5.03419 55
    endloop
  endfacet
  facet normal 0 0 1
    outer loop
      vertex 1.17326 7.40766 55
      vertex 1.74595 5.37347 55
      vertex 2.31763 7.13292 55
    endloop
  endfacet
  facet normal 0 0 1
    outer loop
      vertex 1.17326 7.40766 55
      vertex 0.883854 5.58044 55
      vertex 1.74595 5.37347 55
    endloop
  endfacet
  facet normal 0 0 1
    outer loop
      vertex 0 7.5 55
      vertex 0.883854 5.58044 55
      vertex 1.17326 7.40766 55
    endloop
  endfacet
  facet normal 0 0 1
    outer loop
      vertex 0 7.5 55
      vertex 0 5.65 55
      vertex 0.883854 5.58044 55
    endloop
  endfacet
  facet normal 0 0 1
    outer loop
      vertex 0 7.5 55
      vertex -0.883854 5.58044 55
      vertex 0 5.65 55
    endloop
  endfacet
  facet normal -0 0 1
    outer loop
      vertex -1.17326 7.40766 55
      vertex -0.883854 5.58044 55
      vertex 0 7.5 55
    endloop
  endfacet
  facet normal 0 0 1
    outer loop
      vertex -1.17326 7.40766 55
      vertex -1.74595 5.37347 55
      vertex -0.883854 5.58044 55
    endloop
  endfacet
  facet normal -0 0 1
    outer loop
      vertex -2.31763 7.13292 55
      vertex -1.74595 5.37347 55
      vertex -1.17326 7.40766 55
    endloop
  endfacet
  facet normal 0 0 1
    outer loop
      vertex -2.31763 7.13292 55
      vertex -2.56505 5.03419 55
      vertex -1.74595 5.37347 55
    endloop
  endfacet
  facet normal -0 0 1
    outer loop
      vertex -3.40493 6.68255 55
      vertex -2.56505 5.03419 55
      vertex -2.31763 7.13292 55
    endloop
  endfacet
  facet normal 0 0 1
    outer loop
      vertex -2.56505 5.03419 55
      vertex -3.40493 6.68255 55
      vertex -3.32099 4.57095 55
    endloop
  endfacet
  facet normal -0 0 1
    outer loop
      vertex -4.40839 6.06763 55
      vertex -3.32099 4.57095 55
      vertex -3.40493 6.68255 55
    endloop
  endfacet
  facet normal 0 0 1
    outer loop
      vertex -3.32099 4.57095 55
      vertex -4.40839 6.06763 55
      vertex -3.99515 3.99515 55
    endloop
  endfacet
  facet normal -0 0 1
    outer loop
      vertex -5.3033 5.3033 55
      vertex -3.99515 3.99515 55
      vertex -4.40839 6.06763 55
    endloop
  endfacet
  facet normal 0 0 1
    outer loop
      vertex -3.99515 3.99515 55
      vertex -5.3033 5.3033 55
      vertex -4.57095 3.32099 55
    endloop
  endfacet
  facet normal -0 0 1
    outer loop
      vertex -6.06763 4.40839 55
      vertex -4.57095 3.32099 55
      vertex -5.3033 5.3033 55
    endloop
  endfacet
  facet normal 0 0 1
    outer loop
      vertex -4.57095 3.32099 55
      vertex -6.06763 4.40839 55
      vertex -5.03419 2.56505 55
    endloop
  endfacet
  facet normal -0 0 1
    outer loop
      vertex -6.68255 3.40493 55
      vertex -5.03419 2.56505 55
      vertex -6.06763 4.40839 55
    endloop
  endfacet
  facet normal 0 0 1
    outer loop
      vertex -5.03419 2.56505 55
      vertex -6.68255 3.40493 55
      vertex -5.37347 1.74595 55
    endloop
  endfacet
  facet normal -0 0 1
    outer loop
      vertex -7.13292 2.31763 55
      vertex -5.37347 1.74595 55
      vertex -6.68255 3.40493 55
    endloop
  endfacet
  facet normal 0 0 1
    outer loop
      vertex 7.13292 -2.31763 55
      vertex 5.37347 -1.74595 55
      vertex 6.68255 -3.40493 55
    endloop
  endfacet
  facet normal -0 0 1
    outer loop
      vertex 5.03419 -2.56505 55
      vertex 6.68255 -3.40493 55
      vertex 5.37347 -1.74595 55
    endloop
  endfacet
  facet normal 0 0 1
    outer loop
      vertex 6.68255 -3.40493 55
      vertex 5.03419 -2.56505 55
      vertex 6.06763 -4.40839 55
    endloop
  endfacet
  facet normal -0 0 1
    outer loop
      vertex 4.57095 -3.32099 55
      vertex 6.06763 -4.40839 55
      vertex 5.03419 -2.56505 55
    endloop
  endfacet
  facet normal 0 0 1
    outer loop
      vertex 6.06763 -4.40839 55
      vertex 4.57095 -3.32099 55
      vertex 5.3033 -5.3033 55
    endloop
  endfacet
  facet normal -0 0 1
    outer loop
      vertex 3.99515 -3.99515 55
      vertex 5.3033 -5.3033 55
      vertex 4.57095 -3.32099 55
    endloop
  endfacet
  facet normal 0 0 1
    outer loop
      vertex 5.3033 -5.3033 55
      vertex 3.99515 -3.99515 55
      vertex 4.40839 -6.06763 55
    endloop
  endfacet
  facet normal -0 0 1
    outer loop
      vertex 3.32099 -4.57095 55
      vertex 4.40839 -6.06763 55
      vertex 3.99515 -3.99515 55
    endloop
  endfacet
  facet normal 0 0 1
    outer loop
      vertex 4.40839 -6.06763 55
      vertex 3.32099 -4.57095 55
      vertex 3.40493 -6.68255 55
    endloop
  endfacet
  facet normal -0 0 1
    outer loop
      vertex 2.56505 -5.03419 55
      vertex 3.40493 -6.68255 55
      vertex 3.32099 -4.57095 55
    endloop
  endfacet
  facet normal 0 0 1
    outer loop
      vertex 2.56505 -5.03419 55
      vertex 2.31763 -7.13292 55
      vertex 3.40493 -6.68255 55
    endloop
  endfacet
  facet normal -0 0 1
    outer loop
      vertex 1.74595 -5.37347 55
      vertex 2.31763 -7.13292 55
      vertex 2.56505 -5.03419 55
    endloop
  endfacet
  facet normal 0 0 1
    outer loop
      vertex 1.74595 -5.37347 55
      vertex 1.17326 -7.40766 55
      vertex 2.31763 -7.13292 55
    endloop
  endfacet
  facet normal -0 0 1
    outer loop
      vertex 0.883854 -5.58044 55
      vertex 1.17326 -7.40766 55
      vertex 1.74595 -5.37347 55
    endloop
  endfacet
  facet normal -0 0 1
    outer loop
      vertex 0 -5.65 55
      vertex 1.17326 -7.40766 55
      vertex 0.883854 -5.58044 55
    endloop
  endfacet
  facet normal 0 0 1
    outer loop
      vertex 0 -5.65 55
      vertex 0 -7.5 55
      vertex 1.17326 -7.40766 55
    endloop
  endfacet
  facet normal 0 0 1
    outer loop
      vertex -0.883854 -5.58044 55
      vertex 0 -7.5 55
      vertex 0 -5.65 55
    endloop
  endfacet
  facet normal 0 0 1
    outer loop
      vertex -0.883854 -5.58044 55
      vertex -1.17326 -7.40766 55
      vertex 0 -7.5 55
    endloop
  endfacet
  facet normal 0 0 1
    outer loop
      vertex -1.74595 -5.37347 55
      vertex -1.17326 -7.40766 55
      vertex -0.883854 -5.58044 55
    endloop
  endfacet
  facet normal 0 0 1
    outer loop
      vertex -1.74595 -5.37347 55
      vertex -2.31763 -7.13292 55
      vertex -1.17326 -7.40766 55
    endloop
  endfacet
  facet normal 0 0 1
    outer loop
      vertex -2.56505 -5.03419 55
      vertex -2.31763 -7.13292 55
      vertex -1.74595 -5.37347 55
    endloop
  endfacet
  facet normal 0 0 1
    outer loop
      vertex -3.40493 -6.68255 55
      vertex -2.56505 -5.03419 55
      vertex -3.32099 -4.57095 55
    endloop
  endfacet
  facet normal 0 0 1
    outer loop
      vertex -2.56505 -5.03419 55
      vertex -3.40493 -6.68255 55
      vertex -2.31763 -7.13292 55
    endloop
  endfacet
  facet normal 0 0 1
    outer loop
      vertex -4.40839 -6.06763 55
      vertex -3.32099 -4.57095 55
      vertex -3.99515 -3.99515 55
    endloop
  endfacet
  facet normal 0 0 1
    outer loop
      vertex -3.32099 -4.57095 55
      vertex -4.40839 -6.06763 55
      vertex -3.40493 -6.68255 55
    endloop
  endfacet
  facet normal 0 0 1
    outer loop
      vertex -5.3033 -5.3033 55
      vertex -3.99515 -3.99515 55
      vertex -4.57095 -3.32099 55
    endloop
  endfacet
  facet normal 0 0 1
    outer loop
      vertex -6.06763 -4.40839 55
      vertex -4.57095 -3.32099 55
      vertex -5.03419 -2.56505 55
    endloop
  endfacet
  facet normal 0 0 1
    outer loop
      vertex -3.99515 -3.99515 55
      vertex -5.3033 -5.3033 55
      vertex -4.40839 -6.06763 55
    endloop
  endfacet
  facet normal 0 0 1
    outer loop
      vertex -6.68255 -3.40493 55
      vertex -5.03419 -2.56505 55
      vertex -5.37347 -1.74595 55
    endloop
  endfacet
  facet normal 0 0 1
    outer loop
      vertex -7.13292 -2.31763 55
      vertex -5.37347 -1.74595 55
      vertex -5.58044 -0.883854 55
    endloop
  endfacet
  facet normal 0 0 1
    outer loop
      vertex -7.40766 -1.17326 55
      vertex -5.58044 -0.883854 55
      vertex -5.65 0 55
    endloop
  endfacet
  facet normal 0 0 1
    outer loop
      vertex -5.37347 1.74595 55
      vertex -7.13292 2.31763 55
      vertex -5.58044 0.883854 55
    endloop
  endfacet
  facet normal 0 0 1
    outer loop
      vertex -4.57095 -3.32099 55
      vertex -6.06763 -4.40839 55
      vertex -5.3033 -5.3033 55
    endloop
  endfacet
  facet normal -0 0 1
    outer loop
      vertex -7.40766 1.17326 55
      vertex -5.58044 0.883854 55
      vertex -7.13292 2.31763 55
    endloop
  endfacet
  facet normal 0 0 1
    outer loop
      vertex -5.03419 -2.56505 55
      vertex -6.68255 -3.40493 55
      vertex -6.06763 -4.40839 55
    endloop
  endfacet
  facet normal 0 0 1
    outer loop
      vertex -5.58044 0.883854 55
      vertex -7.40766 1.17326 55
      vertex -5.65 0 55
    endloop
  endfacet
  facet normal 0 0 1
    outer loop
      vertex -5.37347 -1.74595 55
      vertex -7.13292 -2.31763 55
      vertex -6.68255 -3.40493 55
    endloop
  endfacet
  facet normal 0 0 1
    outer loop
      vertex -7.5 0 55
      vertex -5.65 0 55
      vertex -7.40766 1.17326 55
    endloop
  endfacet
  facet normal 0 0 1
    outer loop
      vertex -5.58044 -0.883854 55
      vertex -7.40766 -1.17326 55
      vertex -7.13292 -2.31763 55
    endloop
  endfacet
  facet normal 0 0 1
    outer loop
      vertex -5.65 0 55
      vertex -7.5 0 55
      vertex -7.40766 -1.17326 55
    endloop
  endfacet
  facet normal -0.522498 0.852641 0
    outer loop
      vertex -3.40493 6.68255 1.85
      vertex -4.40839 6.06763 55
      vertex -3.40493 6.68255 55
    endloop
  endfacet
  facet normal -0.522498 0.852641 0
    outer loop
      vertex -4.40839 6.06763 55
      vertex -3.40493 6.68255 1.85
      vertex -4.40839 6.06763 1.85
    endloop
  endfacet
  facet normal -0.0784612 0.996917 0
    outer loop
      vertex 0 7.5 1.85
      vertex -1.17326 7.40766 55
      vertex 0 7.5 55
    endloop
  endfacet
  facet normal -0.0784612 0.996917 0
    outer loop
      vertex -1.17326 7.40766 55
      vertex 0 7.5 1.85
      vertex -1.17326 7.40766 1.85
    endloop
  endfacet
  facet normal 0.233446 -0.97237 0
    outer loop
      vertex 1.17326 -7.40766 1.85
      vertex 2.31763 -7.13292 55
      vertex 1.17326 -7.40766 55
    endloop
  endfacet
  facet normal 0.233446 -0.97237 0
    outer loop
      vertex 2.31763 -7.13292 55
      vertex 1.17326 -7.40766 1.85
      vertex 2.31763 -7.13292 1.85
    endloop
  endfacet
  facet normal 0.0784612 -0.996917 0
    outer loop
      vertex 0 -7.5 1.85
      vertex 1.17326 -7.40766 55
      vertex 0 -7.5 55
    endloop
  endfacet
  facet normal 0.0784612 -0.996917 0
    outer loop
      vertex 1.17326 -7.40766 55
      vertex 0 -7.5 1.85
      vertex 1.17326 -7.40766 1.85
    endloop
  endfacet
  facet normal 0.522498 -0.852641 0
    outer loop
      vertex 3.40493 -6.68255 1.85
      vertex 4.40839 -6.06763 55
      vertex 3.40493 -6.68255 55
    endloop
  endfacet
  facet normal 0.522498 -0.852641 0
    outer loop
      vertex 4.40839 -6.06763 55
      vertex 3.40493 -6.68255 1.85
      vertex 4.40839 -6.06763 1.85
    endloop
  endfacet
  facet normal -0.64945 -0.760404 0
    outer loop
      vertex -5.3033 -5.3033 1.85
      vertex -4.40839 -6.06763 55
      vertex -5.3033 -5.3033 55
    endloop
  endfacet
  facet normal -0.64945 -0.760404 -0
    outer loop
      vertex -4.40839 -6.06763 55
      vertex -5.3033 -5.3033 1.85
      vertex -4.40839 -6.06763 1.85
    endloop
  endfacet
  facet normal -0.38268 -0.923881 0
    outer loop
      vertex -3.40493 -6.68255 1.85
      vertex -2.31763 -7.13292 55
      vertex -3.40493 -6.68255 55
    endloop
  endfacet
  facet normal -0.38268 -0.923881 -0
    outer loop
      vertex -2.31763 -7.13292 55
      vertex -3.40493 -6.68255 1.85
      vertex -2.31763 -7.13292 1.85
    endloop
  endfacet
  facet normal -0.852641 -0.522498 0
    outer loop
      vertex -6.06763 -4.40839 1.85
      vertex -6.68255 -3.40493 55
      vertex -6.68255 -3.40493 1.85
    endloop
  endfacet
  facet normal -0.852641 -0.522498 0
    outer loop
      vertex -6.68255 -3.40493 55
      vertex -6.06763 -4.40839 1.85
      vertex -6.06763 -4.40839 55
    endloop
  endfacet
  facet normal -0.760404 -0.64945 0
    outer loop
      vertex -5.3033 -5.3033 1.85
      vertex -6.06763 -4.40839 55
      vertex -6.06763 -4.40839 1.85
    endloop
  endfacet
  facet normal -0.760404 -0.64945 0
    outer loop
      vertex -6.06763 -4.40839 55
      vertex -5.3033 -5.3033 1.85
      vertex -5.3033 -5.3033 55
    endloop
  endfacet
  facet normal -0.996917 -0.0784612 0
    outer loop
      vertex -7.40766 -1.17326 1.85
      vertex -7.5 0 55
      vertex -7.5 0 1.85
    endloop
  endfacet
  facet normal -0.996917 -0.0784612 0
    outer loop
      vertex -7.5 0 55
      vertex -7.40766 -1.17326 1.85
      vertex -7.40766 -1.17326 55
    endloop
  endfacet
  facet normal 0.233446 0.97237 -0
    outer loop
      vertex 2.31763 7.13292 1.85
      vertex 1.17326 7.40766 55
      vertex 2.31763 7.13292 55
    endloop
  endfacet
  facet normal 0.233446 0.97237 0
    outer loop
      vertex 1.17326 7.40766 55
      vertex 2.31763 7.13292 1.85
      vertex 1.17326 7.40766 1.85
    endloop
  endfacet
  facet normal -0.97237 0.233446 0
    outer loop
      vertex -7.40766 1.17326 1.85
      vertex -7.13292 2.31763 55
      vertex -7.13292 2.31763 1.85
    endloop
  endfacet
  facet normal -0.97237 0.233446 0
    outer loop
      vertex -7.13292 2.31763 55
      vertex -7.40766 1.17326 1.85
      vertex -7.40766 1.17326 55
    endloop
  endfacet
  facet normal -0.233446 0.97237 0
    outer loop
      vertex -1.17326 7.40766 1.85
      vertex -2.31763 7.13292 55
      vertex -1.17326 7.40766 55
    endloop
  endfacet
  facet normal -0.233446 0.97237 0
    outer loop
      vertex -2.31763 7.13292 55
      vertex -1.17326 7.40766 1.85
      vertex -2.31763 7.13292 1.85
    endloop
  endfacet
  facet normal 0.996917 -0.0784612 0
    outer loop
      vertex 7.40766 -1.17326 55
      vertex 7.5 0 1.85
      vertex 7.5 0 55
    endloop
  endfacet
  facet normal 0.996917 -0.0784612 0
    outer loop
      vertex 7.5 0 1.85
      vertex 7.40766 -1.17326 55
      vertex 7.40766 -1.17326 1.85
    endloop
  endfacet
  facet normal 0.97237 -0.233446 0
    outer loop
      vertex 7.13292 -2.31763 55
      vertex 7.40766 -1.17326 1.85
      vertex 7.40766 -1.17326 55
    endloop
  endfacet
  facet normal 0.97237 -0.233446 0
    outer loop
      vertex 7.40766 -1.17326 1.85
      vertex 7.13292 -2.31763 55
      vertex 7.13292 -2.31763 1.85
    endloop
  endfacet
  facet normal 0.64945 -0.760404 0
    outer loop
      vertex 4.40839 -6.06763 1.85
      vertex 5.3033 -5.3033 55
      vertex 4.40839 -6.06763 55
    endloop
  endfacet
  facet normal 0.64945 -0.760404 0
    outer loop
      vertex 5.3033 -5.3033 55
      vertex 4.40839 -6.06763 1.85
      vertex 5.3033 -5.3033 1.85
    endloop
  endfacet
  facet normal 0.760404 -0.64945 0
    outer loop
      vertex 5.3033 -5.3033 55
      vertex 6.06763 -4.40839 1.85
      vertex 6.06763 -4.40839 55
    endloop
  endfacet
  facet normal 0.760404 -0.64945 0
    outer loop
      vertex 6.06763 -4.40839 1.85
      vertex 5.3033 -5.3033 55
      vertex 5.3033 -5.3033 1.85
    endloop
  endfacet
  facet normal -0.522498 -0.852641 0
    outer loop
      vertex -4.40839 -6.06763 1.85
      vertex -3.40493 -6.68255 55
      vertex -4.40839 -6.06763 55
    endloop
  endfacet
  facet normal -0.522498 -0.852641 -0
    outer loop
      vertex -3.40493 -6.68255 55
      vertex -4.40839 -6.06763 1.85
      vertex -3.40493 -6.68255 1.85
    endloop
  endfacet
  facet normal -0.923881 -0.38268 0
    outer loop
      vertex -6.68255 -3.40493 1.85
      vertex -7.13292 -2.31763 55
      vertex -7.13292 -2.31763 1.85
    endloop
  endfacet
  facet normal -0.923881 -0.38268 0
    outer loop
      vertex -7.13292 -2.31763 55
      vertex -6.68255 -3.40493 1.85
      vertex -6.68255 -3.40493 55
    endloop
  endfacet
  facet normal 0.38268 0.923881 -0
    outer loop
      vertex 3.40493 6.68255 1.85
      vertex 2.31763 7.13292 55
      vertex 3.40493 6.68255 55
    endloop
  endfacet
  facet normal 0.38268 0.923881 0
    outer loop
      vertex 2.31763 7.13292 55
      vertex 3.40493 6.68255 1.85
      vertex 2.31763 7.13292 1.85
    endloop
  endfacet
  facet normal -0.923881 0.38268 0
    outer loop
      vertex -7.13292 2.31763 1.85
      vertex -6.68255 3.40493 55
      vertex -6.68255 3.40493 1.85
    endloop
  endfacet
  facet normal -0.923881 0.38268 0
    outer loop
      vertex -6.68255 3.40493 55
      vertex -7.13292 2.31763 1.85
      vertex -7.13292 2.31763 55
    endloop
  endfacet
  facet normal 0.923881 -0.38268 0
    outer loop
      vertex 6.68255 -3.40493 55
      vertex 7.13292 -2.31763 1.85
      vertex 7.13292 -2.31763 55
    endloop
  endfacet
  facet normal 0.923881 -0.38268 0
    outer loop
      vertex 7.13292 -2.31763 1.85
      vertex 6.68255 -3.40493 55
      vertex 6.68255 -3.40493 1.85
    endloop
  endfacet
  facet normal 0.38268 -0.923881 0
    outer loop
      vertex 2.31763 -7.13292 1.85
      vertex 3.40493 -6.68255 55
      vertex 2.31763 -7.13292 55
    endloop
  endfacet
  facet normal 0.38268 -0.923881 0
    outer loop
      vertex 3.40493 -6.68255 55
      vertex 2.31763 -7.13292 1.85
      vertex 3.40493 -6.68255 1.85
    endloop
  endfacet
  facet normal -0.233446 -0.97237 0
    outer loop
      vertex -2.31763 -7.13292 1.85
      vertex -1.17326 -7.40766 55
      vertex -2.31763 -7.13292 55
    endloop
  endfacet
  facet normal -0.233446 -0.97237 -0
    outer loop
      vertex -1.17326 -7.40766 55
      vertex -2.31763 -7.13292 1.85
      vertex -1.17326 -7.40766 1.85
    endloop
  endfacet
  facet normal -0.996917 -0.0784582 0
    outer loop
      vertex 5.65 0 0
      vertex 5.58044 0.883854 55
      vertex 5.58044 0.883854 0
    endloop
  endfacet
  facet normal -0.996917 -0.0784582 0
    outer loop
      vertex 5.58044 0.883854 55
      vertex 5.65 0 0
      vertex 5.65 0 55
    endloop
  endfacet
  facet normal 0.996917 -0.0784582 0
    outer loop
      vertex -5.65 0 55
      vertex -5.58044 0.883854 0
      vertex -5.58044 0.883854 55
    endloop
  endfacet
  facet normal 0.996917 -0.0784582 0
    outer loop
      vertex -5.58044 0.883854 0
      vertex -5.65 0 55
      vertex -5.65 0 0
    endloop
  endfacet
  facet normal -0.0784582 -0.996917 0
    outer loop
      vertex 0 5.65 0
      vertex 0.883854 5.58044 55
      vertex 0 5.65 55
    endloop
  endfacet
  facet normal -0.0784582 -0.996917 -0
    outer loop
      vertex 0.883854 5.58044 55
      vertex 0 5.65 0
      vertex 0.883854 5.58044 0
    endloop
  endfacet
  facet normal -0.649457 -0.760399 0
    outer loop
      vertex 3.32099 4.57095 0
      vertex 3.99515 3.99515 55
      vertex 3.32099 4.57095 55
    endloop
  endfacet
  facet normal -0.649457 -0.760399 -0
    outer loop
      vertex 3.99515 3.99515 55
      vertex 3.32099 4.57095 0
      vertex 3.99515 3.99515 0
    endloop
  endfacet
  facet normal 0.649457 -0.760399 0
    outer loop
      vertex -3.99515 3.99515 0
      vertex -3.32099 4.57095 55
      vertex -3.99515 3.99515 55
    endloop
  endfacet
  facet normal 0.649457 -0.760399 0
    outer loop
      vertex -3.32099 4.57095 55
      vertex -3.99515 3.99515 0
      vertex -3.32099 4.57095 0
    endloop
  endfacet
  facet normal 0.382681 -0.92388 0
    outer loop
      vertex -2.56505 5.03419 0
      vertex -1.74595 5.37347 55
      vertex -2.56505 5.03419 55
    endloop
  endfacet
  facet normal 0.382681 -0.92388 0
    outer loop
      vertex -1.74595 5.37347 55
      vertex -2.56505 5.03419 0
      vertex -1.74595 5.37347 0
    endloop
  endfacet
  facet normal -0.92388 -0.382681 0
    outer loop
      vertex 5.37347 1.74595 0
      vertex 5.03419 2.56505 55
      vertex 5.03419 2.56505 0
    endloop
  endfacet
  facet normal -0.92388 -0.382681 0
    outer loop
      vertex 5.03419 2.56505 55
      vertex 5.37347 1.74595 0
      vertex 5.37347 1.74595 55
    endloop
  endfacet
  facet normal -0.97237 -0.233444 0
    outer loop
      vertex 5.58044 0.883854 0
      vertex 5.37347 1.74595 55
      vertex 5.37347 1.74595 0
    endloop
  endfacet
  facet normal -0.97237 -0.233444 0
    outer loop
      vertex 5.37347 1.74595 55
      vertex 5.58044 0.883854 0
      vertex 5.58044 0.883854 55
    endloop
  endfacet
  facet normal -0.85264 -0.522498 0
    outer loop
      vertex 5.03419 2.56505 0
      vertex 4.57095 3.32099 55
      vertex 4.57095 3.32099 0
    endloop
  endfacet
  facet normal -0.85264 -0.522498 0
    outer loop
      vertex 4.57095 3.32099 55
      vertex 5.03419 2.56505 0
      vertex 5.03419 2.56505 55
    endloop
  endfacet
  facet normal -0.382681 -0.92388 0
    outer loop
      vertex 1.74595 5.37347 0
      vertex 2.56505 5.03419 55
      vertex 1.74595 5.37347 55
    endloop
  endfacet
  facet normal -0.382681 -0.92388 -0
    outer loop
      vertex 2.56505 5.03419 55
      vertex 1.74595 5.37347 0
      vertex 2.56505 5.03419 0
    endloop
  endfacet
  facet normal -0.233444 -0.97237 0
    outer loop
      vertex 0.883854 5.58044 0
      vertex 1.74595 5.37347 55
      vertex 0.883854 5.58044 55
    endloop
  endfacet
  facet normal -0.233444 -0.97237 -0
    outer loop
      vertex 1.74595 5.37347 55
      vertex 0.883854 5.58044 0
      vertex 1.74595 5.37347 0
    endloop
  endfacet
  facet normal -0.522498 -0.85264 0
    outer loop
      vertex 2.56505 5.03419 0
      vertex 3.32099 4.57095 55
      vertex 2.56505 5.03419 55
    endloop
  endfacet
  facet normal -0.522498 -0.85264 -0
    outer loop
      vertex 3.32099 4.57095 55
      vertex 2.56505 5.03419 0
      vertex 3.32099 4.57095 0
    endloop
  endfacet
  facet normal 0.85264 -0.522498 0
    outer loop
      vertex -5.03419 2.56505 55
      vertex -4.57095 3.32099 0
      vertex -4.57095 3.32099 55
    endloop
  endfacet
  facet normal 0.85264 -0.522498 0
    outer loop
      vertex -4.57095 3.32099 0
      vertex -5.03419 2.56505 55
      vertex -5.03419 2.56505 0
    endloop
  endfacet
  facet normal 0.760399 -0.649457 0
    outer loop
      vertex -4.57095 3.32099 55
      vertex -3.99515 3.99515 0
      vertex -3.99515 3.99515 55
    endloop
  endfacet
  facet normal 0.760399 -0.649457 0
    outer loop
      vertex -3.99515 3.99515 0
      vertex -4.57095 3.32099 55
      vertex -4.57095 3.32099 0
    endloop
  endfacet
  facet normal 0.522498 -0.85264 0
    outer loop
      vertex -3.32099 4.57095 0
      vertex -2.56505 5.03419 55
      vertex -3.32099 4.57095 55
    endloop
  endfacet
  facet normal 0.522498 -0.85264 0
    outer loop
      vertex -2.56505 5.03419 55
      vertex -3.32099 4.57095 0
      vertex -2.56505 5.03419 0
    endloop
  endfacet
  facet normal 0.0784582 -0.996917 0
    outer loop
      vertex -0.883854 5.58044 0
      vertex 0 5.65 55
      vertex -0.883854 5.58044 55
    endloop
  endfacet
  facet normal 0.0784582 -0.996917 0
    outer loop
      vertex 0 5.65 55
      vertex -0.883854 5.58044 0
      vertex 0 5.65 0
    endloop
  endfacet
  facet normal -0.996917 0.0784582 0
    outer loop
      vertex 5.58044 -0.883854 0
      vertex 5.65 0 55
      vertex 5.65 0 0
    endloop
  endfacet
  facet normal -0.996917 0.0784582 0
    outer loop
      vertex 5.65 0 55
      vertex 5.58044 -0.883854 0
      vertex 5.58044 -0.883854 55
    endloop
  endfacet
  facet normal -0.0784582 0.996917 0
    outer loop
      vertex 0.883854 -5.58044 0
      vertex 0 -5.65 55
      vertex 0.883854 -5.58044 55
    endloop
  endfacet
  facet normal -0.0784582 0.996917 0
    outer loop
      vertex 0 -5.65 55
      vertex 0.883854 -5.58044 0
      vertex 0 -5.65 0
    endloop
  endfacet
  facet normal -0.522498 0.85264 0
    outer loop
      vertex 3.32099 -4.57095 0
      vertex 2.56505 -5.03419 55
      vertex 3.32099 -4.57095 55
    endloop
  endfacet
  facet normal -0.522498 0.85264 0
    outer loop
      vertex 2.56505 -5.03419 55
      vertex 3.32099 -4.57095 0
      vertex 2.56505 -5.03419 0
    endloop
  endfacet
  facet normal 0.649457 0.760399 -0
    outer loop
      vertex -3.32099 -4.57095 0
      vertex -3.99515 -3.99515 55
      vertex -3.32099 -4.57095 55
    endloop
  endfacet
  facet normal 0.649457 0.760399 0
    outer loop
      vertex -3.99515 -3.99515 55
      vertex -3.32099 -4.57095 0
      vertex -3.99515 -3.99515 0
    endloop
  endfacet
  facet normal 0.85264 0.522498 0
    outer loop
      vertex -4.57095 -3.32099 55
      vertex -5.03419 -2.56505 0
      vertex -5.03419 -2.56505 55
    endloop
  endfacet
  facet normal 0.85264 0.522498 0
    outer loop
      vertex -5.03419 -2.56505 0
      vertex -4.57095 -3.32099 55
      vertex -4.57095 -3.32099 0
    endloop
  endfacet
  facet normal 0.996917 0.0784582 0
    outer loop
      vertex -5.58044 -0.883854 55
      vertex -5.65 0 0
      vertex -5.65 0 55
    endloop
  endfacet
  facet normal 0.996917 0.0784582 0
    outer loop
      vertex -5.65 0 0
      vertex -5.58044 -0.883854 55
      vertex -5.58044 -0.883854 0
    endloop
  endfacet
  facet normal -0.760399 -0.649457 0
    outer loop
      vertex 4.57095 3.32099 0
      vertex 3.99515 3.99515 55
      vertex 3.99515 3.99515 0
    endloop
  endfacet
  facet normal -0.760399 -0.649457 0
    outer loop
      vertex 3.99515 3.99515 55
      vertex 4.57095 3.32099 0
      vertex 4.57095 3.32099 55
    endloop
  endfacet
  facet normal 0.92388 -0.382681 0
    outer loop
      vertex -5.37347 1.74595 55
      vertex -5.03419 2.56505 0
      vertex -5.03419 2.56505 55
    endloop
  endfacet
  facet normal 0.92388 -0.382681 0
    outer loop
      vertex -5.03419 2.56505 0
      vertex -5.37347 1.74595 55
      vertex -5.37347 1.74595 0
    endloop
  endfacet
  facet normal 0.97237 -0.233444 0
    outer loop
      vertex -5.58044 0.883854 55
      vertex -5.37347 1.74595 0
      vertex -5.37347 1.74595 55
    endloop
  endfacet
  facet normal 0.97237 -0.233444 0
    outer loop
      vertex -5.37347 1.74595 0
      vertex -5.58044 0.883854 55
      vertex -5.58044 0.883854 0
    endloop
  endfacet
  facet normal 0.233444 -0.97237 0
    outer loop
      vertex -1.74595 5.37347 0
      vertex -0.883854 5.58044 55
      vertex -1.74595 5.37347 55
    endloop
  endfacet
  facet normal 0.233444 -0.97237 0
    outer loop
      vertex -0.883854 5.58044 55
      vertex -1.74595 5.37347 0
      vertex -0.883854 5.58044 0
    endloop
  endfacet
  facet normal -0.233444 0.97237 0
    outer loop
      vertex 1.74595 -5.37347 0
      vertex 0.883854 -5.58044 55
      vertex 1.74595 -5.37347 55
    endloop
  endfacet
  facet normal -0.233444 0.97237 0
    outer loop
      vertex 0.883854 -5.58044 55
      vertex 1.74595 -5.37347 0
      vertex 0.883854 -5.58044 0
    endloop
  endfacet
  facet normal -0.649457 0.760399 0
    outer loop
      vertex 3.99515 -3.99515 0
      vertex 3.32099 -4.57095 55
      vertex 3.99515 -3.99515 55
    endloop
  endfacet
  facet normal -0.649457 0.760399 0
    outer loop
      vertex 3.32099 -4.57095 55
      vertex 3.99515 -3.99515 0
      vertex 3.32099 -4.57095 0
    endloop
  endfacet
  facet normal -0.85264 0.522498 0
    outer loop
      vertex 4.57095 -3.32099 0
      vertex 5.03419 -2.56505 55
      vertex 5.03419 -2.56505 0
    endloop
  endfacet
  facet normal -0.85264 0.522498 0
    outer loop
      vertex 5.03419 -2.56505 55
      vertex 4.57095 -3.32099 0
      vertex 4.57095 -3.32099 55
    endloop
  endfacet
  facet normal 0.522498 0.85264 -0
    outer loop
      vertex -2.56505 -5.03419 0
      vertex -3.32099 -4.57095 55
      vertex -2.56505 -5.03419 55
    endloop
  endfacet
  facet normal 0.522498 0.85264 0
    outer loop
      vertex -3.32099 -4.57095 55
      vertex -2.56505 -5.03419 0
      vertex -3.32099 -4.57095 0
    endloop
  endfacet
  facet normal 0.382681 0.92388 -0
    outer loop
      vertex -1.74595 -5.37347 0
      vertex -2.56505 -5.03419 55
      vertex -1.74595 -5.37347 55
    endloop
  endfacet
  facet normal 0.382681 0.92388 0
    outer loop
      vertex -2.56505 -5.03419 55
      vertex -1.74595 -5.37347 0
      vertex -2.56505 -5.03419 0
    endloop
  endfacet
  facet normal 0.0784582 0.996917 -0
    outer loop
      vertex 0 -5.65 0
      vertex -0.883854 -5.58044 55
      vertex 0 -5.65 55
    endloop
  endfacet
  facet normal 0.0784582 0.996917 0
    outer loop
      vertex -0.883854 -5.58044 55
      vertex 0 -5.65 0
      vertex -0.883854 -5.58044 0
    endloop
  endfacet
  facet normal 0.760399 0.649457 0
    outer loop
      vertex -3.99515 -3.99515 55
      vertex -4.57095 -3.32099 0
      vertex -4.57095 -3.32099 55
    endloop
  endfacet
  facet normal 0.760399 0.649457 0
    outer loop
      vertex -4.57095 -3.32099 0
      vertex -3.99515 -3.99515 55
      vertex -3.99515 -3.99515 0
    endloop
  endfacet
  facet normal 0.97237 0.233444 0
    outer loop
      vertex -5.37347 -1.74595 55
      vertex -5.58044 -0.883854 0
      vertex -5.58044 -0.883854 55
    endloop
  endfacet
  facet normal 0.97237 0.233444 0
    outer loop
      vertex -5.58044 -0.883854 0
      vertex -5.37347 -1.74595 55
      vertex -5.37347 -1.74595 0
    endloop
  endfacet
  facet normal -0.382681 0.92388 0
    outer loop
      vertex 2.56505 -5.03419 0
      vertex 1.74595 -5.37347 55
      vertex 2.56505 -5.03419 55
    endloop
  endfacet
  facet normal -0.382681 0.92388 0
    outer loop
      vertex 1.74595 -5.37347 55
      vertex 2.56505 -5.03419 0
      vertex 1.74595 -5.37347 0
    endloop
  endfacet
  facet normal -0.760399 0.649457 0
    outer loop
      vertex 3.99515 -3.99515 0
      vertex 4.57095 -3.32099 55
      vertex 4.57095 -3.32099 0
    endloop
  endfacet
  facet normal -0.760399 0.649457 0
    outer loop
      vertex 4.57095 -3.32099 55
      vertex 3.99515 -3.99515 0
      vertex 3.99515 -3.99515 55
    endloop
  endfacet
  facet normal -0.92388 0.382681 0
    outer loop
      vertex 5.03419 -2.56505 0
      vertex 5.37347 -1.74595 55
      vertex 5.37347 -1.74595 0
    endloop
  endfacet
  facet normal -0.92388 0.382681 0
    outer loop
      vertex 5.37347 -1.74595 55
      vertex 5.03419 -2.56505 0
      vertex 5.03419 -2.56505 55
    endloop
  endfacet
  facet normal 0.233444 0.97237 -0
    outer loop
      vertex -0.883854 -5.58044 0
      vertex -1.74595 -5.37347 55
      vertex -0.883854 -5.58044 55
    endloop
  endfacet
  facet normal 0.233444 0.97237 0
    outer loop
      vertex -1.74595 -5.37347 55
      vertex -0.883854 -5.58044 0
      vertex -1.74595 -5.37347 0
    endloop
  endfacet
  facet normal 0.92388 0.382681 0
    outer loop
      vertex -5.03419 -2.56505 55
      vertex -5.37347 -1.74595 0
      vertex -5.37347 -1.74595 55
    endloop
  endfacet
  facet normal 0.92388 0.382681 0
    outer loop
      vertex -5.37347 -1.74595 0
      vertex -5.03419 -2.56505 55
      vertex -5.03419 -2.56505 0
    endloop
  endfacet
  facet normal -0.97237 0.233444 0
    outer loop
      vertex 5.37347 -1.74595 0
      vertex 5.58044 -0.883854 55
      vertex 5.58044 -0.883854 0
    endloop
  endfacet
  facet normal -0.97237 0.233444 0
    outer loop
      vertex 5.58044 -0.883854 55
      vertex 5.37347 -1.74595 0
      vertex 5.37347 -1.74595 55
    endloop
  endfacet
  facet normal 0.852648 0 -0.522486
    outer loop
      vertex -5.66312 38.15 34.0745
      vertex -6.23705 40 33.1379
      vertex -5.66312 40 34.0745
    endloop
  endfacet
  facet normal 0.852648 0 -0.522486
    outer loop
      vertex -6.23705 40 33.1379
      vertex -5.66312 38.15 34.0745
      vertex -6.23705 38.15 33.1379
    endloop
  endfacet
  facet normal -1 0 0
    outer loop
      vertex 7 38.15 11.96
      vertex 7 40 29.96
      vertex 7 40 11.96
    endloop
  endfacet
  facet normal -1 -0 0
    outer loop
      vertex 7 40 29.96
      vertex 7 38.15 11.96
      vertex 7 38.15 29.96
    endloop
  endfacet
  facet normal -0.923879 0 0.382685
    outer loop
      vertex 6.23705 38.15 8.78207
      vertex 6.6574 40 9.79688
      vertex 6.23705 40 8.78207
    endloop
  endfacet
  facet normal -0.923879 0 0.382685
    outer loop
      vertex 6.6574 40 9.79688
      vertex 6.23705 38.15 8.78207
      vertex 6.6574 38.15 9.79688
    endloop
  endfacet
  facet normal 0.382685 0 0.923879
    outer loop
      vertex -3.17793 40 5.72295
      vertex -2.16312 38.15 5.3026
      vertex -2.16312 40 5.3026
    endloop
  endfacet
  facet normal 0.382685 0 0.923879
    outer loop
      vertex -2.16312 38.15 5.3026
      vertex -3.17793 40 5.72295
      vertex -3.17793 38.15 5.72295
    endloop
  endfacet
  facet normal -0.996917 0 -0.0784606
    outer loop
      vertex 7 38.15 29.96
      vertex 6.91382 40 31.055
      vertex 7 40 29.96
    endloop
  endfacet
  facet normal -0.996917 -0 -0.0784606
    outer loop
      vertex 6.91382 40 31.055
      vertex 7 38.15 29.96
      vertex 6.91382 38.15 31.055
    endloop
  endfacet
  facet normal -0.972372 0 -0.233438
    outer loop
      vertex 6.91382 38.15 31.055
      vertex 6.6574 40 32.1231
      vertex 6.91382 40 31.055
    endloop
  endfacet
  facet normal -0.972372 -0 -0.233438
    outer loop
      vertex 6.6574 40 32.1231
      vertex 6.91382 38.15 31.055
      vertex 6.6574 38.15 32.1231
    endloop
  endfacet
  facet normal -0.233425 0 -0.972375
    outer loop
      vertex 1.09504 38.15 36.8738
      vertex 2.16312 40 36.6174
      vertex 2.16312 38.15 36.6174
    endloop
  endfacet
  facet normal -0.233425 0 -0.972375
    outer loop
      vertex 2.16312 40 36.6174
      vertex 1.09504 38.15 36.8738
      vertex 1.09504 40 36.8738
    endloop
  endfacet
  facet normal -0.852648 0 -0.522486
    outer loop
      vertex 6.23705 38.15 33.1379
      vertex 5.66312 40 34.0745
      vertex 6.23705 40 33.1379
    endloop
  endfacet
  facet normal -0.852648 -0 -0.522486
    outer loop
      vertex 5.66312 40 34.0745
      vertex 6.23705 38.15 33.1379
      vertex 5.66312 38.15 34.0745
    endloop
  endfacet
  facet normal 0.923878 0 -0.382688
    outer loop
      vertex -6.23705 38.15 33.1379
      vertex -6.6574 40 32.1231
      vertex -6.23705 40 33.1379
    endloop
  endfacet
  facet normal 0.923878 0 -0.382688
    outer loop
      vertex -6.6574 40 32.1231
      vertex -6.23705 38.15 33.1379
      vertex -6.6574 38.15 32.1231
    endloop
  endfacet
  facet normal 0.972373 -0 0.233434
    outer loop
      vertex -6.91382 38.15 10.865
      vertex -6.6574 40 9.79688
      vertex -6.91382 40 10.865
    endloop
  endfacet
  facet normal 0.972373 0 0.233434
    outer loop
      vertex -6.6574 40 9.79688
      vertex -6.91382 38.15 10.865
      vertex -6.6574 38.15 9.79688
    endloop
  endfacet
  facet normal 0.923879 -0 0.382685
    outer loop
      vertex -6.6574 38.15 9.79688
      vertex -6.23705 40 8.78207
      vertex -6.6574 40 9.79688
    endloop
  endfacet
  facet normal 0.923879 0 0.382685
    outer loop
      vertex -6.23705 40 8.78207
      vertex -6.6574 38.15 9.79688
      vertex -6.23705 38.15 8.78207
    endloop
  endfacet
  facet normal 1 -0 0
    outer loop
      vertex -7 38.15 29.96
      vertex -7 40 11.96
      vertex -7 40 29.96
    endloop
  endfacet
  facet normal 1 0 0
    outer loop
      vertex -7 40 11.96
      vertex -7 38.15 29.96
      vertex -7 38.15 11.96
    endloop
  endfacet
  facet normal 0.852641 -0 0.522498
    outer loop
      vertex -6.23705 38.15 8.78207
      vertex -5.66312 40 7.8455
      vertex -6.23705 40 8.78207
    endloop
  endfacet
  facet normal 0.852641 0 0.522498
    outer loop
      vertex -5.66312 40 7.8455
      vertex -6.23705 38.15 8.78207
      vertex -5.66312 38.15 7.8455
    endloop
  endfacet
  facet normal -0.649463 0 -0.760393
    outer loop
      vertex 4.1145 38.15 35.6231
      vertex 4.94975 40 34.9097
      vertex 4.94975 38.15 34.9097
    endloop
  endfacet
  facet normal -0.649463 0 -0.760393
    outer loop
      vertex 4.94975 40 34.9097
      vertex 4.1145 38.15 35.6231
      vertex 4.1145 40 35.6231
    endloop
  endfacet
  facet normal -0.382724 0 -0.923863
    outer loop
      vertex 2.16312 38.15 36.6174
      vertex 3.17793 40 36.197
      vertex 3.17793 38.15 36.197
    endloop
  endfacet
  facet normal -0.382724 0 -0.923863
    outer loop
      vertex 3.17793 40 36.197
      vertex 2.16312 38.15 36.6174
      vertex 2.16312 40 36.6174
    endloop
  endfacet
  facet normal -0.923878 0 -0.382688
    outer loop
      vertex 6.6574 38.15 32.1231
      vertex 6.23705 40 33.1379
      vertex 6.6574 40 32.1231
    endloop
  endfacet
  facet normal -0.923878 -0 -0.382688
    outer loop
      vertex 6.23705 40 33.1379
      vertex 6.6574 38.15 32.1231
      vertex 6.23705 38.15 33.1379
    endloop
  endfacet
  facet normal 0.382724 0 -0.923863
    outer loop
      vertex -3.17793 38.15 36.197
      vertex -2.16312 40 36.6174
      vertex -2.16312 38.15 36.6174
    endloop
  endfacet
  facet normal 0.382724 0 -0.923863
    outer loop
      vertex -2.16312 40 36.6174
      vertex -3.17793 38.15 36.197
      vertex -3.17793 40 36.197
    endloop
  endfacet
  facet normal 0.649463 0 -0.760393
    outer loop
      vertex -4.94975 38.15 34.9097
      vertex -4.1145 40 35.6231
      vertex -4.1145 38.15 35.6231
    endloop
  endfacet
  facet normal 0.649463 0 -0.760393
    outer loop
      vertex -4.1145 40 35.6231
      vertex -4.94975 38.15 34.9097
      vertex -4.94975 40 34.9097
    endloop
  endfacet
  facet normal 0.760387 0 -0.64947
    outer loop
      vertex -4.94975 38.15 34.9097
      vertex -5.66312 40 34.0745
      vertex -4.94975 40 34.9097
    endloop
  endfacet
  facet normal 0.760387 0 -0.64947
    outer loop
      vertex -5.66312 40 34.0745
      vertex -4.94975 38.15 34.9097
      vertex -5.66312 38.15 34.0745
    endloop
  endfacet
  facet normal -0.972373 0 0.233434
    outer loop
      vertex 6.6574 38.15 9.79688
      vertex 6.91382 40 10.865
      vertex 6.6574 40 9.79688
    endloop
  endfacet
  facet normal -0.972373 0 0.233434
    outer loop
      vertex 6.91382 40 10.865
      vertex 6.6574 38.15 9.79688
      vertex 6.91382 38.15 10.865
    endloop
  endfacet
  facet normal 0.996917 -0 0.0784606
    outer loop
      vertex -7 38.15 11.96
      vertex -6.91382 40 10.865
      vertex -7 40 11.96
    endloop
  endfacet
  facet normal 0.996917 0 0.0784606
    outer loop
      vertex -6.91382 40 10.865
      vertex -7 38.15 11.96
      vertex -6.91382 38.15 10.865
    endloop
  endfacet
  facet normal 0.972372 0 -0.233438
    outer loop
      vertex -6.6574 38.15 32.1231
      vertex -6.91382 40 31.055
      vertex -6.6574 40 32.1231
    endloop
  endfacet
  facet normal 0.972372 0 -0.233438
    outer loop
      vertex -6.91382 40 31.055
      vertex -6.6574 38.15 32.1231
      vertex -6.91382 38.15 31.055
    endloop
  endfacet
  facet normal 0.996917 0 -0.0784606
    outer loop
      vertex -6.91382 38.15 31.055
      vertex -7 40 29.96
      vertex -6.91382 40 31.055
    endloop
  endfacet
  facet normal 0.996917 0 -0.0784606
    outer loop
      vertex -7 40 29.96
      vertex -6.91382 38.15 31.055
      vertex -7 38.15 29.96
    endloop
  endfacet
  facet normal 0.649448 0 0.760406
    outer loop
      vertex -4.94975 40 7.01025
      vertex -4.1145 38.15 6.29688
      vertex -4.1145 40 6.29688
    endloop
  endfacet
  facet normal 0.649448 0 0.760406
    outer loop
      vertex -4.1145 38.15 6.29688
      vertex -4.94975 40 7.01025
      vertex -4.94975 38.15 7.01025
    endloop
  endfacet
  facet normal 0.760406 -0 0.649448
    outer loop
      vertex -5.66312 38.15 7.8455
      vertex -4.94975 40 7.01025
      vertex -5.66312 40 7.8455
    endloop
  endfacet
  facet normal 0.760406 0 0.649448
    outer loop
      vertex -4.94975 40 7.01025
      vertex -5.66312 38.15 7.8455
      vertex -4.94975 38.15 7.01025
    endloop
  endfacet
  facet normal -0.233443 0 0.972371
    outer loop
      vertex 1.09504 40 5.04618
      vertex 2.16312 38.15 5.3026
      vertex 2.16312 40 5.3026
    endloop
  endfacet
  facet normal -0.233443 0 0.972371
    outer loop
      vertex 2.16312 38.15 5.3026
      vertex 1.09504 40 5.04618
      vertex 1.09504 38.15 5.04618
    endloop
  endfacet
  facet normal 0.522498 0 0.852641
    outer loop
      vertex -4.1145 40 6.29688
      vertex -3.17793 38.15 5.72295
      vertex -3.17793 40 5.72295
    endloop
  endfacet
  facet normal 0.522498 0 0.852641
    outer loop
      vertex -3.17793 38.15 5.72295
      vertex -4.1145 40 6.29688
      vertex -4.1145 38.15 6.29688
    endloop
  endfacet
  facet normal -0.0784758 0 -0.996916
    outer loop
      vertex 0 38.15 36.96
      vertex 1.09504 40 36.8738
      vertex 1.09504 38.15 36.8738
    endloop
  endfacet
  facet normal -0.0784758 0 -0.996916
    outer loop
      vertex 1.09504 40 36.8738
      vertex 0 38.15 36.96
      vertex 0 40 36.96
    endloop
  endfacet
  facet normal 0.0784758 0 -0.996916
    outer loop
      vertex -1.09504 38.15 36.8738
      vertex 0 40 36.96
      vertex 0 38.15 36.96
    endloop
  endfacet
  facet normal 0.0784758 0 -0.996916
    outer loop
      vertex 0 40 36.96
      vertex -1.09504 38.15 36.8738
      vertex -1.09504 40 36.8738
    endloop
  endfacet
  facet normal 0.233425 0 -0.972375
    outer loop
      vertex -2.16312 38.15 36.6174
      vertex -1.09504 40 36.8738
      vertex -1.09504 38.15 36.8738
    endloop
  endfacet
  facet normal 0.233425 0 -0.972375
    outer loop
      vertex -1.09504 40 36.8738
      vertex -2.16312 38.15 36.6174
      vertex -2.16312 40 36.6174
    endloop
  endfacet
  facet normal -0.522478 0 -0.852653
    outer loop
      vertex 3.17793 38.15 36.197
      vertex 4.1145 40 35.6231
      vertex 4.1145 38.15 35.6231
    endloop
  endfacet
  facet normal -0.522478 0 -0.852653
    outer loop
      vertex 4.1145 40 35.6231
      vertex 3.17793 38.15 36.197
      vertex 3.17793 40 36.197
    endloop
  endfacet
  facet normal -0.996917 0 0.0784606
    outer loop
      vertex 6.91382 38.15 10.865
      vertex 7 40 11.96
      vertex 6.91382 40 10.865
    endloop
  endfacet
  facet normal -0.996917 0 0.0784606
    outer loop
      vertex 7 40 11.96
      vertex 6.91382 38.15 10.865
      vertex 7 38.15 11.96
    endloop
  endfacet
  facet normal -0.852641 0 0.522498
    outer loop
      vertex 5.66312 38.15 7.8455
      vertex 6.23705 40 8.78207
      vertex 5.66312 40 7.8455
    endloop
  endfacet
  facet normal -0.852641 0 0.522498
    outer loop
      vertex 6.23705 40 8.78207
      vertex 5.66312 38.15 7.8455
      vertex 6.23705 38.15 8.78207
    endloop
  endfacet
  facet normal -0.649448 0 0.760406
    outer loop
      vertex 4.1145 40 6.29688
      vertex 4.94975 38.15 7.01025
      vertex 4.94975 40 7.01025
    endloop
  endfacet
  facet normal -0.649448 0 0.760406
    outer loop
      vertex 4.94975 38.15 7.01025
      vertex 4.1145 40 6.29688
      vertex 4.1145 38.15 6.29688
    endloop
  endfacet
  facet normal 0.233443 0 0.972371
    outer loop
      vertex -2.16312 40 5.3026
      vertex -1.09504 38.15 5.04618
      vertex -1.09504 40 5.04618
    endloop
  endfacet
  facet normal 0.233443 0 0.972371
    outer loop
      vertex -1.09504 38.15 5.04618
      vertex -2.16312 40 5.3026
      vertex -2.16312 38.15 5.3026
    endloop
  endfacet
  facet normal 0.0784577 0 0.996917
    outer loop
      vertex -1.09504 40 5.04618
      vertex 0 38.15 4.96
      vertex 0 40 4.96
    endloop
  endfacet
  facet normal 0.0784577 0 0.996917
    outer loop
      vertex 0 38.15 4.96
      vertex -1.09504 40 5.04618
      vertex -1.09504 38.15 5.04618
    endloop
  endfacet
  facet normal -0.0784577 0 0.996917
    outer loop
      vertex 0 40 4.96
      vertex 1.09504 38.15 5.04618
      vertex 1.09504 40 5.04618
    endloop
  endfacet
  facet normal -0.0784577 0 0.996917
    outer loop
      vertex 1.09504 38.15 5.04618
      vertex 0 40 4.96
      vertex 0 38.15 4.96
    endloop
  endfacet
  facet normal -0.760387 0 -0.64947
    outer loop
      vertex 5.66312 38.15 34.0745
      vertex 4.94975 40 34.9097
      vertex 5.66312 40 34.0745
    endloop
  endfacet
  facet normal -0.760387 -0 -0.64947
    outer loop
      vertex 4.94975 40 34.9097
      vertex 5.66312 38.15 34.0745
      vertex 4.94975 38.15 34.9097
    endloop
  endfacet
  facet normal 0.522478 0 -0.852653
    outer loop
      vertex -4.1145 38.15 35.6231
      vertex -3.17793 40 36.197
      vertex -3.17793 38.15 36.197
    endloop
  endfacet
  facet normal 0.522478 0 -0.852653
    outer loop
      vertex -3.17793 40 36.197
      vertex -4.1145 38.15 35.6231
      vertex -4.1145 40 35.6231
    endloop
  endfacet
  facet normal -0.760406 0 0.649448
    outer loop
      vertex 4.94975 38.15 7.01025
      vertex 5.66312 40 7.8455
      vertex 4.94975 40 7.01025
    endloop
  endfacet
  facet normal -0.760406 0 0.649448
    outer loop
      vertex 5.66312 40 7.8455
      vertex 4.94975 38.15 7.01025
      vertex 5.66312 38.15 7.8455
    endloop
  endfacet
  facet normal -0.382685 0 0.923879
    outer loop
      vertex 2.16312 40 5.3026
      vertex 3.17793 38.15 5.72295
      vertex 3.17793 40 5.72295
    endloop
  endfacet
  facet normal -0.382685 0 0.923879
    outer loop
      vertex 3.17793 38.15 5.72295
      vertex 2.16312 40 5.3026
      vertex 2.16312 38.15 5.3026
    endloop
  endfacet
  facet normal -0.522498 0 0.852641
    outer loop
      vertex 3.17793 40 5.72295
      vertex 4.1145 38.15 6.29688
      vertex 4.1145 40 6.29688
    endloop
  endfacet
  facet normal -0.522498 0 0.852641
    outer loop
      vertex 4.1145 38.15 6.29688
      vertex 3.17793 40 5.72295
      vertex 3.17793 38.15 5.72295
    endloop
  endfacet
  facet normal 0.852648 0 -0.522486
    outer loop
      vertex -5.66312 -40 34.0745
      vertex -6.23705 -38.15 33.1379
      vertex -5.66312 -38.15 34.0745
    endloop
  endfacet
  facet normal 0.852648 0 -0.522486
    outer loop
      vertex -6.23705 -38.15 33.1379
      vertex -5.66312 -40 34.0745
      vertex -6.23705 -40 33.1379
    endloop
  endfacet
  facet normal -1 0 0
    outer loop
      vertex 7 -40 11.96
      vertex 7 -38.15 29.96
      vertex 7 -38.15 11.96
    endloop
  endfacet
  facet normal -1 -0 0
    outer loop
      vertex 7 -38.15 29.96
      vertex 7 -40 11.96
      vertex 7 -40 29.96
    endloop
  endfacet
  facet normal -0.923879 0 0.382685
    outer loop
      vertex 6.23705 -40 8.78207
      vertex 6.6574 -38.15 9.79688
      vertex 6.23705 -38.15 8.78207
    endloop
  endfacet
  facet normal -0.923879 0 0.382685
    outer loop
      vertex 6.6574 -38.15 9.79688
      vertex 6.23705 -40 8.78207
      vertex 6.6574 -40 9.79688
    endloop
  endfacet
  facet normal 0.382685 0 0.923879
    outer loop
      vertex -3.17793 -38.15 5.72295
      vertex -2.16312 -40 5.3026
      vertex -2.16312 -38.15 5.3026
    endloop
  endfacet
  facet normal 0.382685 0 0.923879
    outer loop
      vertex -2.16312 -40 5.3026
      vertex -3.17793 -38.15 5.72295
      vertex -3.17793 -40 5.72295
    endloop
  endfacet
  facet normal -0.996917 0 -0.0784606
    outer loop
      vertex 7 -40 29.96
      vertex 6.91382 -38.15 31.055
      vertex 7 -38.15 29.96
    endloop
  endfacet
  facet normal -0.996917 -0 -0.0784606
    outer loop
      vertex 6.91382 -38.15 31.055
      vertex 7 -40 29.96
      vertex 6.91382 -40 31.055
    endloop
  endfacet
  facet normal -0.972372 0 -0.233438
    outer loop
      vertex 6.91382 -40 31.055
      vertex 6.6574 -38.15 32.1231
      vertex 6.91382 -38.15 31.055
    endloop
  endfacet
  facet normal -0.972372 -0 -0.233438
    outer loop
      vertex 6.6574 -38.15 32.1231
      vertex 6.91382 -40 31.055
      vertex 6.6574 -40 32.1231
    endloop
  endfacet
  facet normal -0.233425 0 -0.972375
    outer loop
      vertex 1.09504 -40 36.8738
      vertex 2.16312 -38.15 36.6174
      vertex 2.16312 -40 36.6174
    endloop
  endfacet
  facet normal -0.233425 0 -0.972375
    outer loop
      vertex 2.16312 -38.15 36.6174
      vertex 1.09504 -40 36.8738
      vertex 1.09504 -38.15 36.8738
    endloop
  endfacet
  facet normal -0.852648 0 -0.522486
    outer loop
      vertex 6.23705 -40 33.1379
      vertex 5.66312 -38.15 34.0745
      vertex 6.23705 -38.15 33.1379
    endloop
  endfacet
  facet normal -0.852648 -0 -0.522486
    outer loop
      vertex 5.66312 -38.15 34.0745
      vertex 6.23705 -40 33.1379
      vertex 5.66312 -40 34.0745
    endloop
  endfacet
  facet normal 0.923878 0 -0.382688
    outer loop
      vertex -6.23705 -40 33.1379
      vertex -6.6574 -38.15 32.1231
      vertex -6.23705 -38.15 33.1379
    endloop
  endfacet
  facet normal 0.923878 0 -0.382688
    outer loop
      vertex -6.6574 -38.15 32.1231
      vertex -6.23705 -40 33.1379
      vertex -6.6574 -40 32.1231
    endloop
  endfacet
  facet normal 0.972373 -0 0.233434
    outer loop
      vertex -6.91382 -40 10.865
      vertex -6.6574 -38.15 9.79688
      vertex -6.91382 -38.15 10.865
    endloop
  endfacet
  facet normal 0.972373 0 0.233434
    outer loop
      vertex -6.6574 -38.15 9.79688
      vertex -6.91382 -40 10.865
      vertex -6.6574 -40 9.79688
    endloop
  endfacet
  facet normal 0.923879 -0 0.382685
    outer loop
      vertex -6.6574 -40 9.79688
      vertex -6.23705 -38.15 8.78207
      vertex -6.6574 -38.15 9.79688
    endloop
  endfacet
  facet normal 0.923879 0 0.382685
    outer loop
      vertex -6.23705 -38.15 8.78207
      vertex -6.6574 -40 9.79688
      vertex -6.23705 -40 8.78207
    endloop
  endfacet
  facet normal 1 -0 0
    outer loop
      vertex -7 -40 29.96
      vertex -7 -38.15 11.96
      vertex -7 -38.15 29.96
    endloop
  endfacet
  facet normal 1 0 0
    outer loop
      vertex -7 -38.15 11.96
      vertex -7 -40 29.96
      vertex -7 -40 11.96
    endloop
  endfacet
  facet normal 0.852641 -0 0.522498
    outer loop
      vertex -6.23705 -40 8.78207
      vertex -5.66312 -38.15 7.8455
      vertex -6.23705 -38.15 8.78207
    endloop
  endfacet
  facet normal 0.852641 0 0.522498
    outer loop
      vertex -5.66312 -38.15 7.8455
      vertex -6.23705 -40 8.78207
      vertex -5.66312 -40 7.8455
    endloop
  endfacet
  facet normal -0.649463 0 -0.760393
    outer loop
      vertex 4.1145 -40 35.6231
      vertex 4.94975 -38.15 34.9097
      vertex 4.94975 -40 34.9097
    endloop
  endfacet
  facet normal -0.649463 0 -0.760393
    outer loop
      vertex 4.94975 -38.15 34.9097
      vertex 4.1145 -40 35.6231
      vertex 4.1145 -38.15 35.6231
    endloop
  endfacet
  facet normal -0.382724 0 -0.923863
    outer loop
      vertex 2.16312 -40 36.6174
      vertex 3.17793 -38.15 36.197
      vertex 3.17793 -40 36.197
    endloop
  endfacet
  facet normal -0.382724 0 -0.923863
    outer loop
      vertex 3.17793 -38.15 36.197
      vertex 2.16312 -40 36.6174
      vertex 2.16312 -38.15 36.6174
    endloop
  endfacet
  facet normal -0.923878 0 -0.382688
    outer loop
      vertex 6.6574 -40 32.1231
      vertex 6.23705 -38.15 33.1379
      vertex 6.6574 -38.15 32.1231
    endloop
  endfacet
  facet normal -0.923878 -0 -0.382688
    outer loop
      vertex 6.23705 -38.15 33.1379
      vertex 6.6574 -40 32.1231
      vertex 6.23705 -40 33.1379
    endloop
  endfacet
  facet normal 0.382724 0 -0.923863
    outer loop
      vertex -3.17793 -40 36.197
      vertex -2.16312 -38.15 36.6174
      vertex -2.16312 -40 36.6174
    endloop
  endfacet
  facet normal 0.382724 0 -0.923863
    outer loop
      vertex -2.16312 -38.15 36.6174
      vertex -3.17793 -40 36.197
      vertex -3.17793 -38.15 36.197
    endloop
  endfacet
  facet normal 0.649463 0 -0.760393
    outer loop
      vertex -4.94975 -40 34.9097
      vertex -4.1145 -38.15 35.6231
      vertex -4.1145 -40 35.6231
    endloop
  endfacet
  facet normal 0.649463 0 -0.760393
    outer loop
      vertex -4.1145 -38.15 35.6231
      vertex -4.94975 -40 34.9097
      vertex -4.94975 -38.15 34.9097
    endloop
  endfacet
  facet normal 0.760387 0 -0.64947
    outer loop
      vertex -4.94975 -40 34.9097
      vertex -5.66312 -38.15 34.0745
      vertex -4.94975 -38.15 34.9097
    endloop
  endfacet
  facet normal 0.760387 0 -0.64947
    outer loop
      vertex -5.66312 -38.15 34.0745
      vertex -4.94975 -40 34.9097
      vertex -5.66312 -40 34.0745
    endloop
  endfacet
  facet normal -0.972373 0 0.233434
    outer loop
      vertex 6.6574 -40 9.79688
      vertex 6.91382 -38.15 10.865
      vertex 6.6574 -38.15 9.79688
    endloop
  endfacet
  facet normal -0.972373 0 0.233434
    outer loop
      vertex 6.91382 -38.15 10.865
      vertex 6.6574 -40 9.79688
      vertex 6.91382 -40 10.865
    endloop
  endfacet
  facet normal 0.996917 -0 0.0784606
    outer loop
      vertex -7 -40 11.96
      vertex -6.91382 -38.15 10.865
      vertex -7 -38.15 11.96
    endloop
  endfacet
  facet normal 0.996917 0 0.0784606
    outer loop
      vertex -6.91382 -38.15 10.865
      vertex -7 -40 11.96
      vertex -6.91382 -40 10.865
    endloop
  endfacet
  facet normal 0.972372 0 -0.233438
    outer loop
      vertex -6.6574 -40 32.1231
      vertex -6.91382 -38.15 31.055
      vertex -6.6574 -38.15 32.1231
    endloop
  endfacet
  facet normal 0.972372 0 -0.233438
    outer loop
      vertex -6.91382 -38.15 31.055
      vertex -6.6574 -40 32.1231
      vertex -6.91382 -40 31.055
    endloop
  endfacet
  facet normal 0.996917 0 -0.0784606
    outer loop
      vertex -6.91382 -40 31.055
      vertex -7 -38.15 29.96
      vertex -6.91382 -38.15 31.055
    endloop
  endfacet
  facet normal 0.996917 0 -0.0784606
    outer loop
      vertex -7 -38.15 29.96
      vertex -6.91382 -40 31.055
      vertex -7 -40 29.96
    endloop
  endfacet
  facet normal 0.649448 0 0.760406
    outer loop
      vertex -4.94975 -38.15 7.01025
      vertex -4.1145 -40 6.29688
      vertex -4.1145 -38.15 6.29688
    endloop
  endfacet
  facet normal 0.649448 0 0.760406
    outer loop
      vertex -4.1145 -40 6.29688
      vertex -4.94975 -38.15 7.01025
      vertex -4.94975 -40 7.01025
    endloop
  endfacet
  facet normal 0.760406 -0 0.649448
    outer loop
      vertex -5.66312 -40 7.8455
      vertex -4.94975 -38.15 7.01025
      vertex -5.66312 -38.15 7.8455
    endloop
  endfacet
  facet normal 0.760406 0 0.649448
    outer loop
      vertex -4.94975 -38.15 7.01025
      vertex -5.66312 -40 7.8455
      vertex -4.94975 -40 7.01025
    endloop
  endfacet
  facet normal -0.233443 0 0.972371
    outer loop
      vertex 1.09504 -38.15 5.04618
      vertex 2.16312 -40 5.3026
      vertex 2.16312 -38.15 5.3026
    endloop
  endfacet
  facet normal -0.233443 0 0.972371
    outer loop
      vertex 2.16312 -40 5.3026
      vertex 1.09504 -38.15 5.04618
      vertex 1.09504 -40 5.04618
    endloop
  endfacet
  facet normal 0.522498 0 0.852641
    outer loop
      vertex -4.1145 -38.15 6.29688
      vertex -3.17793 -40 5.72295
      vertex -3.17793 -38.15 5.72295
    endloop
  endfacet
  facet normal 0.522498 0 0.852641
    outer loop
      vertex -3.17793 -40 5.72295
      vertex -4.1145 -38.15 6.29688
      vertex -4.1145 -40 6.29688
    endloop
  endfacet
  facet normal -0.0784758 0 -0.996916
    outer loop
      vertex 0 -40 36.96
      vertex 1.09504 -38.15 36.8738
      vertex 1.09504 -40 36.8738
    endloop
  endfacet
  facet normal -0.0784758 0 -0.996916
    outer loop
      vertex 1.09504 -38.15 36.8738
      vertex 0 -40 36.96
      vertex 0 -38.15 36.96
    endloop
  endfacet
  facet normal 0.0784758 0 -0.996916
    outer loop
      vertex -1.09504 -40 36.8738
      vertex 0 -38.15 36.96
      vertex 0 -40 36.96
    endloop
  endfacet
  facet normal 0.0784758 0 -0.996916
    outer loop
      vertex 0 -38.15 36.96
      vertex -1.09504 -40 36.8738
      vertex -1.09504 -38.15 36.8738
    endloop
  endfacet
  facet normal 0.233425 0 -0.972375
    outer loop
      vertex -2.16312 -40 36.6174
      vertex -1.09504 -38.15 36.8738
      vertex -1.09504 -40 36.8738
    endloop
  endfacet
  facet normal 0.233425 0 -0.972375
    outer loop
      vertex -1.09504 -38.15 36.8738
      vertex -2.16312 -40 36.6174
      vertex -2.16312 -38.15 36.6174
    endloop
  endfacet
  facet normal -0.522478 0 -0.852653
    outer loop
      vertex 3.17793 -40 36.197
      vertex 4.1145 -38.15 35.6231
      vertex 4.1145 -40 35.6231
    endloop
  endfacet
  facet normal -0.522478 0 -0.852653
    outer loop
      vertex 4.1145 -38.15 35.6231
      vertex 3.17793 -40 36.197
      vertex 3.17793 -38.15 36.197
    endloop
  endfacet
  facet normal -0.996917 0 0.0784606
    outer loop
      vertex 6.91382 -40 10.865
      vertex 7 -38.15 11.96
      vertex 6.91382 -38.15 10.865
    endloop
  endfacet
  facet normal -0.996917 0 0.0784606
    outer loop
      vertex 7 -38.15 11.96
      vertex 6.91382 -40 10.865
      vertex 7 -40 11.96
    endloop
  endfacet
  facet normal -0.852641 0 0.522498
    outer loop
      vertex 5.66312 -40 7.8455
      vertex 6.23705 -38.15 8.78207
      vertex 5.66312 -38.15 7.8455
    endloop
  endfacet
  facet normal -0.852641 0 0.522498
    outer loop
      vertex 6.23705 -38.15 8.78207
      vertex 5.66312 -40 7.8455
      vertex 6.23705 -40 8.78207
    endloop
  endfacet
  facet normal -0.649448 0 0.760406
    outer loop
      vertex 4.1145 -38.15 6.29688
      vertex 4.94975 -40 7.01025
      vertex 4.94975 -38.15 7.01025
    endloop
  endfacet
  facet normal -0.649448 0 0.760406
    outer loop
      vertex 4.94975 -40 7.01025
      vertex 4.1145 -38.15 6.29688
      vertex 4.1145 -40 6.29688
    endloop
  endfacet
  facet normal 0.233443 0 0.972371
    outer loop
      vertex -2.16312 -38.15 5.3026
      vertex -1.09504 -40 5.04618
      vertex -1.09504 -38.15 5.04618
    endloop
  endfacet
  facet normal 0.233443 0 0.972371
    outer loop
      vertex -1.09504 -40 5.04618
      vertex -2.16312 -38.15 5.3026
      vertex -2.16312 -40 5.3026
    endloop
  endfacet
  facet normal 0.0784577 0 0.996917
    outer loop
      vertex -1.09504 -38.15 5.04618
      vertex 0 -40 4.96
      vertex 0 -38.15 4.96
    endloop
  endfacet
  facet normal 0.0784577 0 0.996917
    outer loop
      vertex 0 -40 4.96
      vertex -1.09504 -38.15 5.04618
      vertex -1.09504 -40 5.04618
    endloop
  endfacet
  facet normal -0.0784577 0 0.996917
    outer loop
      vertex 0 -38.15 4.96
      vertex 1.09504 -40 5.04618
      vertex 1.09504 -38.15 5.04618
    endloop
  endfacet
  facet normal -0.0784577 0 0.996917
    outer loop
      vertex 1.09504 -40 5.04618
      vertex 0 -38.15 4.96
      vertex 0 -40 4.96
    endloop
  endfacet
  facet normal -0.760387 0 -0.64947
    outer loop
      vertex 5.66312 -40 34.0745
      vertex 4.94975 -38.15 34.9097
      vertex 5.66312 -38.15 34.0745
    endloop
  endfacet
  facet normal -0.760387 -0 -0.64947
    outer loop
      vertex 4.94975 -38.15 34.9097
      vertex 5.66312 -40 34.0745
      vertex 4.94975 -40 34.9097
    endloop
  endfacet
  facet normal 0.522478 0 -0.852653
    outer loop
      vertex -4.1145 -40 35.6231
      vertex -3.17793 -38.15 36.197
      vertex -3.17793 -40 36.197
    endloop
  endfacet
  facet normal 0.522478 0 -0.852653
    outer loop
      vertex -3.17793 -38.15 36.197
      vertex -4.1145 -40 35.6231
      vertex -4.1145 -38.15 35.6231
    endloop
  endfacet
  facet normal -0.760406 0 0.649448
    outer loop
      vertex 4.94975 -40 7.01025
      vertex 5.66312 -38.15 7.8455
      vertex 4.94975 -38.15 7.01025
    endloop
  endfacet
  facet normal -0.760406 0 0.649448
    outer loop
      vertex 5.66312 -38.15 7.8455
      vertex 4.94975 -40 7.01025
      vertex 5.66312 -40 7.8455
    endloop
  endfacet
  facet normal -0.382685 0 0.923879
    outer loop
      vertex 2.16312 -38.15 5.3026
      vertex 3.17793 -40 5.72295
      vertex 3.17793 -38.15 5.72295
    endloop
  endfacet
  facet normal -0.382685 0 0.923879
    outer loop
      vertex 3.17793 -40 5.72295
      vertex 2.16312 -38.15 5.3026
      vertex 2.16312 -40 5.3026
    endloop
  endfacet
  facet normal -0.522498 0 0.852641
    outer loop
      vertex 3.17793 -38.15 5.72295
      vertex 4.1145 -40 6.29688
      vertex 4.1145 -38.15 6.29688
    endloop
  endfacet
  facet normal -0.522498 0 0.852641
    outer loop
      vertex 4.1145 -40 6.29688
      vertex 3.17793 -38.15 5.72295
      vertex 3.17793 -40 5.72295
    endloop
  endfacet
  facet normal 0 -0.649463 -0.760393
    outer loop
      vertex 68.15 4.1145 35.6231
      vertex 70 4.94975 34.9097
      vertex 70 4.1145 35.6231
    endloop
  endfacet
  facet normal -0 -0.649463 -0.760393
    outer loop
      vertex 70 4.94975 34.9097
      vertex 68.15 4.1145 35.6231
      vertex 68.15 4.94975 34.9097
    endloop
  endfacet
  facet normal 0 -0.996917 0.0784606
    outer loop
      vertex 68.15 6.91382 10.865
      vertex 70 7 11.96
      vertex 68.15 7 11.96
    endloop
  endfacet
  facet normal 0 -0.996917 0.0784606
    outer loop
      vertex 70 7 11.96
      vertex 68.15 6.91382 10.865
      vertex 70 6.91382 10.865
    endloop
  endfacet
  facet normal 0 -0.923879 0.382685
    outer loop
      vertex 68.15 6.23705 8.78207
      vertex 70 6.6574 9.79688
      vertex 68.15 6.6574 9.79688
    endloop
  endfacet
  facet normal 0 -0.923879 0.382685
    outer loop
      vertex 70 6.6574 9.79688
      vertex 68.15 6.23705 8.78207
      vertex 70 6.23705 8.78207
    endloop
  endfacet
  facet normal 0 -0.522478 -0.852653
    outer loop
      vertex 68.15 3.17793 36.197
      vertex 70 4.1145 35.6231
      vertex 70 3.17793 36.197
    endloop
  endfacet
  facet normal -0 -0.522478 -0.852653
    outer loop
      vertex 70 4.1145 35.6231
      vertex 68.15 3.17793 36.197
      vertex 68.15 4.1145 35.6231
    endloop
  endfacet
  facet normal 0 0.233425 -0.972375
    outer loop
      vertex 68.15 -2.16312 36.6174
      vertex 70 -1.09504 36.8738
      vertex 70 -2.16312 36.6174
    endloop
  endfacet
  facet normal 0 0.233425 -0.972375
    outer loop
      vertex 70 -1.09504 36.8738
      vertex 68.15 -2.16312 36.6174
      vertex 68.15 -1.09504 36.8738
    endloop
  endfacet
  facet normal 0 -0.996917 -0.0784606
    outer loop
      vertex 68.15 7 29.96
      vertex 70 6.91382 31.055
      vertex 68.15 6.91382 31.055
    endloop
  endfacet
  facet normal 0 -0.996917 -0.0784606
    outer loop
      vertex 70 6.91382 31.055
      vertex 68.15 7 29.96
      vertex 70 7 29.96
    endloop
  endfacet
  facet normal 0 -1 0
    outer loop
      vertex 68.15 7 11.96
      vertex 70 7 29.96
      vertex 68.15 7 29.96
    endloop
  endfacet
  facet normal 0 -1 -0
    outer loop
      vertex 70 7 29.96
      vertex 68.15 7 11.96
      vertex 70 7 11.96
    endloop
  endfacet
  facet normal 0 -0.972373 0.233434
    outer loop
      vertex 68.15 6.6574 9.79688
      vertex 70 6.91382 10.865
      vertex 68.15 6.91382 10.865
    endloop
  endfacet
  facet normal 0 -0.972373 0.233434
    outer loop
      vertex 70 6.91382 10.865
      vertex 68.15 6.6574 9.79688
      vertex 70 6.6574 9.79688
    endloop
  endfacet
  facet normal 0 -0.233443 0.972371
    outer loop
      vertex 68.15 2.16312 5.3026
      vertex 70 1.09504 5.04618
      vertex 70 2.16312 5.3026
    endloop
  endfacet
  facet normal 0 -0.233443 0.972371
    outer loop
      vertex 70 1.09504 5.04618
      vertex 68.15 2.16312 5.3026
      vertex 68.15 1.09504 5.04618
    endloop
  endfacet
  facet normal 0 -0.760406 0.649448
    outer loop
      vertex 68.15 4.94975 7.01025
      vertex 70 5.66312 7.8455
      vertex 68.15 5.66312 7.8455
    endloop
  endfacet
  facet normal 0 -0.760406 0.649448
    outer loop
      vertex 70 5.66312 7.8455
      vertex 68.15 4.94975 7.01025
      vertex 70 4.94975 7.01025
    endloop
  endfacet
  facet normal 0 -0.382724 -0.923863
    outer loop
      vertex 68.15 2.16312 36.6174
      vertex 70 3.17793 36.197
      vertex 70 2.16312 36.6174
    endloop
  endfacet
  facet normal -0 -0.382724 -0.923863
    outer loop
      vertex 70 3.17793 36.197
      vertex 68.15 2.16312 36.6174
      vertex 68.15 3.17793 36.197
    endloop
  endfacet
  facet normal 0 -0.0784758 -0.996916
    outer loop
      vertex 68.15 0 36.96
      vertex 70 1.09504 36.8738
      vertex 70 0 36.96
    endloop
  endfacet
  facet normal -0 -0.0784758 -0.996916
    outer loop
      vertex 70 1.09504 36.8738
      vertex 68.15 0 36.96
      vertex 68.15 1.09504 36.8738
    endloop
  endfacet
  facet normal 0 0.996917 -0.0784606
    outer loop
      vertex 70 -7 29.96
      vertex 68.15 -6.91382 31.055
      vertex 70 -6.91382 31.055
    endloop
  endfacet
  facet normal 0 0.996917 -0.0784606
    outer loop
      vertex 68.15 -6.91382 31.055
      vertex 70 -7 29.96
      vertex 68.15 -7 29.96
    endloop
  endfacet
  facet normal 0 0.972372 -0.233438
    outer loop
      vertex 70 -6.91382 31.055
      vertex 68.15 -6.6574 32.1231
      vertex 70 -6.6574 32.1231
    endloop
  endfacet
  facet normal 0 0.972372 -0.233438
    outer loop
      vertex 68.15 -6.6574 32.1231
      vertex 70 -6.91382 31.055
      vertex 68.15 -6.91382 31.055
    endloop
  endfacet
  facet normal 0 0.760387 -0.64947
    outer loop
      vertex 70 -5.66312 34.0745
      vertex 68.15 -4.94975 34.9097
      vertex 70 -4.94975 34.9097
    endloop
  endfacet
  facet normal 0 0.760387 -0.64947
    outer loop
      vertex 68.15 -4.94975 34.9097
      vertex 70 -5.66312 34.0745
      vertex 68.15 -5.66312 34.0745
    endloop
  endfacet
  facet normal 0 0.382724 -0.923863
    outer loop
      vertex 68.15 -3.17793 36.197
      vertex 70 -2.16312 36.6174
      vertex 70 -3.17793 36.197
    endloop
  endfacet
  facet normal 0 0.382724 -0.923863
    outer loop
      vertex 70 -2.16312 36.6174
      vertex 68.15 -3.17793 36.197
      vertex 68.15 -2.16312 36.6174
    endloop
  endfacet
  facet normal 0 0.0784758 -0.996916
    outer loop
      vertex 68.15 -1.09504 36.8738
      vertex 70 0 36.96
      vertex 70 -1.09504 36.8738
    endloop
  endfacet
  facet normal 0 0.0784758 -0.996916
    outer loop
      vertex 70 0 36.96
      vertex 68.15 -1.09504 36.8738
      vertex 68.15 0 36.96
    endloop
  endfacet
  facet normal 0 0.522478 -0.852653
    outer loop
      vertex 68.15 -4.1145 35.6231
      vertex 70 -3.17793 36.197
      vertex 70 -4.1145 35.6231
    endloop
  endfacet
  facet normal 0 0.522478 -0.852653
    outer loop
      vertex 70 -3.17793 36.197
      vertex 68.15 -4.1145 35.6231
      vertex 68.15 -3.17793 36.197
    endloop
  endfacet
  facet normal 0 0.996917 0.0784606
    outer loop
      vertex 70 -6.91382 10.865
      vertex 68.15 -7 11.96
      vertex 70 -7 11.96
    endloop
  endfacet
  facet normal 0 0.996917 0.0784606
    outer loop
      vertex 68.15 -7 11.96
      vertex 70 -6.91382 10.865
      vertex 68.15 -6.91382 10.865
    endloop
  endfacet
  facet normal 0 0.852641 0.522498
    outer loop
      vertex 70 -5.66312 7.8455
      vertex 68.15 -6.23705 8.78207
      vertex 70 -6.23705 8.78207
    endloop
  endfacet
  facet normal 0 0.852641 0.522498
    outer loop
      vertex 68.15 -6.23705 8.78207
      vertex 70 -5.66312 7.8455
      vertex 68.15 -5.66312 7.8455
    endloop
  endfacet
  facet normal 0 -0.923878 -0.382688
    outer loop
      vertex 68.15 6.6574 32.1231
      vertex 70 6.23705 33.1379
      vertex 68.15 6.23705 33.1379
    endloop
  endfacet
  facet normal 0 -0.923878 -0.382688
    outer loop
      vertex 70 6.23705 33.1379
      vertex 68.15 6.6574 32.1231
      vertex 70 6.6574 32.1231
    endloop
  endfacet
  facet normal 0 -0.972372 -0.233438
    outer loop
      vertex 68.15 6.91382 31.055
      vertex 70 6.6574 32.1231
      vertex 68.15 6.6574 32.1231
    endloop
  endfacet
  facet normal 0 -0.972372 -0.233438
    outer loop
      vertex 70 6.6574 32.1231
      vertex 68.15 6.91382 31.055
      vertex 70 6.91382 31.055
    endloop
  endfacet
  facet normal 0 -0.233425 -0.972375
    outer loop
      vertex 68.15 1.09504 36.8738
      vertex 70 2.16312 36.6174
      vertex 70 1.09504 36.8738
    endloop
  endfacet
  facet normal -0 -0.233425 -0.972375
    outer loop
      vertex 70 2.16312 36.6174
      vertex 68.15 1.09504 36.8738
      vertex 68.15 2.16312 36.6174
    endloop
  endfacet
  facet normal 0 0.923878 -0.382688
    outer loop
      vertex 70 -6.6574 32.1231
      vertex 68.15 -6.23705 33.1379
      vertex 70 -6.23705 33.1379
    endloop
  endfacet
  facet normal 0 0.923878 -0.382688
    outer loop
      vertex 68.15 -6.23705 33.1379
      vertex 70 -6.6574 32.1231
      vertex 68.15 -6.6574 32.1231
    endloop
  endfacet
  facet normal 0 0.852648 -0.522486
    outer loop
      vertex 70 -6.23705 33.1379
      vertex 68.15 -5.66312 34.0745
      vertex 70 -5.66312 34.0745
    endloop
  endfacet
  facet normal 0 0.852648 -0.522486
    outer loop
      vertex 68.15 -5.66312 34.0745
      vertex 70 -6.23705 33.1379
      vertex 68.15 -6.23705 33.1379
    endloop
  endfacet
  facet normal 0 0.649463 -0.760393
    outer loop
      vertex 68.15 -4.94975 34.9097
      vertex 70 -4.1145 35.6231
      vertex 70 -4.94975 34.9097
    endloop
  endfacet
  facet normal 0 0.649463 -0.760393
    outer loop
      vertex 70 -4.1145 35.6231
      vertex 68.15 -4.94975 34.9097
      vertex 68.15 -4.1145 35.6231
    endloop
  endfacet
  facet normal 0 1 -0
    outer loop
      vertex 70 -7 11.96
      vertex 68.15 -7 29.96
      vertex 70 -7 29.96
    endloop
  endfacet
  facet normal 0 1 0
    outer loop
      vertex 68.15 -7 29.96
      vertex 70 -7 11.96
      vertex 68.15 -7 11.96
    endloop
  endfacet
  facet normal 0 0.760406 0.649448
    outer loop
      vertex 70 -4.94975 7.01025
      vertex 68.15 -5.66312 7.8455
      vertex 70 -5.66312 7.8455
    endloop
  endfacet
  facet normal 0 0.760406 0.649448
    outer loop
      vertex 68.15 -5.66312 7.8455
      vertex 70 -4.94975 7.01025
      vertex 68.15 -4.94975 7.01025
    endloop
  endfacet
  facet normal -0 0.382685 0.923879
    outer loop
      vertex 68.15 -2.16312 5.3026
      vertex 70 -3.17793 5.72295
      vertex 70 -2.16312 5.3026
    endloop
  endfacet
  facet normal 0 0.382685 0.923879
    outer loop
      vertex 70 -3.17793 5.72295
      vertex 68.15 -2.16312 5.3026
      vertex 68.15 -3.17793 5.72295
    endloop
  endfacet
  facet normal -0 0.233443 0.972371
    outer loop
      vertex 68.15 -1.09504 5.04618
      vertex 70 -2.16312 5.3026
      vertex 70 -1.09504 5.04618
    endloop
  endfacet
  facet normal 0 0.233443 0.972371
    outer loop
      vertex 70 -2.16312 5.3026
      vertex 68.15 -1.09504 5.04618
      vertex 68.15 -2.16312 5.3026
    endloop
  endfacet
  facet normal 0 -0.852641 0.522498
    outer loop
      vertex 68.15 5.66312 7.8455
      vertex 70 6.23705 8.78207
      vertex 68.15 6.23705 8.78207
    endloop
  endfacet
  facet normal 0 -0.852641 0.522498
    outer loop
      vertex 70 6.23705 8.78207
      vertex 68.15 5.66312 7.8455
      vertex 70 5.66312 7.8455
    endloop
  endfacet
  facet normal 0 -0.760387 -0.64947
    outer loop
      vertex 68.15 5.66312 34.0745
      vertex 70 4.94975 34.9097
      vertex 68.15 4.94975 34.9097
    endloop
  endfacet
  facet normal 0 -0.760387 -0.64947
    outer loop
      vertex 70 4.94975 34.9097
      vertex 68.15 5.66312 34.0745
      vertex 70 5.66312 34.0745
    endloop
  endfacet
  facet normal 0 -0.852648 -0.522486
    outer loop
      vertex 68.15 6.23705 33.1379
      vertex 70 5.66312 34.0745
      vertex 68.15 5.66312 34.0745
    endloop
  endfacet
  facet normal 0 -0.852648 -0.522486
    outer loop
      vertex 70 5.66312 34.0745
      vertex 68.15 6.23705 33.1379
      vertex 70 6.23705 33.1379
    endloop
  endfacet
  facet normal 0 0.972373 0.233434
    outer loop
      vertex 70 -6.6574 9.79688
      vertex 68.15 -6.91382 10.865
      vertex 70 -6.91382 10.865
    endloop
  endfacet
  facet normal 0 0.972373 0.233434
    outer loop
      vertex 68.15 -6.91382 10.865
      vertex 70 -6.6574 9.79688
      vertex 68.15 -6.6574 9.79688
    endloop
  endfacet
  facet normal 0 0.923879 0.382685
    outer loop
      vertex 70 -6.23705 8.78207
      vertex 68.15 -6.6574 9.79688
      vertex 70 -6.6574 9.79688
    endloop
  endfacet
  facet normal 0 0.923879 0.382685
    outer loop
      vertex 68.15 -6.6574 9.79688
      vertex 70 -6.23705 8.78207
      vertex 68.15 -6.23705 8.78207
    endloop
  endfacet
  facet normal -0 0.649448 0.760406
    outer loop
      vertex 68.15 -4.1145 6.29688
      vertex 70 -4.94975 7.01025
      vertex 70 -4.1145 6.29688
    endloop
  endfacet
  facet normal 0 0.649448 0.760406
    outer loop
      vertex 70 -4.94975 7.01025
      vertex 68.15 -4.1145 6.29688
      vertex 68.15 -4.94975 7.01025
    endloop
  endfacet
  facet normal 0 -0.0784577 0.996917
    outer loop
      vertex 68.15 1.09504 5.04618
      vertex 70 0 4.96
      vertex 70 1.09504 5.04618
    endloop
  endfacet
  facet normal 0 -0.0784577 0.996917
    outer loop
      vertex 70 0 4.96
      vertex 68.15 1.09504 5.04618
      vertex 68.15 0 4.96
    endloop
  endfacet
  facet normal -0 0.0784577 0.996917
    outer loop
      vertex 68.15 0 4.96
      vertex 70 -1.09504 5.04618
      vertex 70 0 4.96
    endloop
  endfacet
  facet normal 0 0.0784577 0.996917
    outer loop
      vertex 70 -1.09504 5.04618
      vertex 68.15 0 4.96
      vertex 68.15 -1.09504 5.04618
    endloop
  endfacet
  facet normal -0 0.522498 0.852641
    outer loop
      vertex 68.15 -3.17793 5.72295
      vertex 70 -4.1145 6.29688
      vertex 70 -3.17793 5.72295
    endloop
  endfacet
  facet normal 0 0.522498 0.852641
    outer loop
      vertex 70 -4.1145 6.29688
      vertex 68.15 -3.17793 5.72295
      vertex 68.15 -4.1145 6.29688
    endloop
  endfacet
  facet normal 0 -0.522498 0.852641
    outer loop
      vertex 68.15 4.1145 6.29688
      vertex 70 3.17793 5.72295
      vertex 70 4.1145 6.29688
    endloop
  endfacet
  facet normal 0 -0.522498 0.852641
    outer loop
      vertex 70 3.17793 5.72295
      vertex 68.15 4.1145 6.29688
      vertex 68.15 3.17793 5.72295
    endloop
  endfacet
  facet normal 0 -0.382685 0.923879
    outer loop
      vertex 68.15 3.17793 5.72295
      vertex 70 2.16312 5.3026
      vertex 70 3.17793 5.72295
    endloop
  endfacet
  facet normal 0 -0.382685 0.923879
    outer loop
      vertex 70 2.16312 5.3026
      vertex 68.15 3.17793 5.72295
      vertex 68.15 2.16312 5.3026
    endloop
  endfacet
  facet normal 0 -0.649448 0.760406
    outer loop
      vertex 68.15 4.94975 7.01025
      vertex 70 4.1145 6.29688
      vertex 70 4.94975 7.01025
    endloop
  endfacet
  facet normal 0 -0.649448 0.760406
    outer loop
      vertex 70 4.1145 6.29688
      vertex 68.15 4.94975 7.01025
      vertex 68.15 4.1145 6.29688
    endloop
  endfacet
  facet normal 0 -0.649463 -0.760393
    outer loop
      vertex -70 4.1145 35.6231
      vertex -68.15 4.94975 34.9097
      vertex -68.15 4.1145 35.6231
    endloop
  endfacet
  facet normal -0 -0.649463 -0.760393
    outer loop
      vertex -68.15 4.94975 34.9097
      vertex -70 4.1145 35.6231
      vertex -70 4.94975 34.9097
    endloop
  endfacet
  facet normal 0 -0.972372 -0.233438
    outer loop
      vertex -70 6.91382 31.055
      vertex -68.15 6.6574 32.1231
      vertex -70 6.6574 32.1231
    endloop
  endfacet
  facet normal 0 -0.972372 -0.233438
    outer loop
      vertex -68.15 6.6574 32.1231
      vertex -70 6.91382 31.055
      vertex -68.15 6.91382 31.055
    endloop
  endfacet
  facet normal 0 -0.996917 0.0784606
    outer loop
      vertex -70 6.91382 10.865
      vertex -68.15 7 11.96
      vertex -70 7 11.96
    endloop
  endfacet
  facet normal 0 -0.996917 0.0784606
    outer loop
      vertex -68.15 7 11.96
      vertex -70 6.91382 10.865
      vertex -68.15 6.91382 10.865
    endloop
  endfacet
  facet normal 0 -0.923879 0.382685
    outer loop
      vertex -70 6.23705 8.78207
      vertex -68.15 6.6574 9.79688
      vertex -70 6.6574 9.79688
    endloop
  endfacet
  facet normal 0 -0.923879 0.382685
    outer loop
      vertex -68.15 6.6574 9.79688
      vertex -70 6.23705 8.78207
      vertex -68.15 6.23705 8.78207
    endloop
  endfacet
  facet normal 0 0.233425 -0.972375
    outer loop
      vertex -70 -2.16312 36.6174
      vertex -68.15 -1.09504 36.8738
      vertex -68.15 -2.16312 36.6174
    endloop
  endfacet
  facet normal 0 0.233425 -0.972375
    outer loop
      vertex -68.15 -1.09504 36.8738
      vertex -70 -2.16312 36.6174
      vertex -70 -1.09504 36.8738
    endloop
  endfacet
  facet normal 0 -0.996917 -0.0784606
    outer loop
      vertex -70 7 29.96
      vertex -68.15 6.91382 31.055
      vertex -70 6.91382 31.055
    endloop
  endfacet
  facet normal 0 -0.996917 -0.0784606
    outer loop
      vertex -68.15 6.91382 31.055
      vertex -70 7 29.96
      vertex -68.15 7 29.96
    endloop
  endfacet
  facet normal 0 -1 0
    outer loop
      vertex -70 7 11.96
      vertex -68.15 7 29.96
      vertex -70 7 29.96
    endloop
  endfacet
  facet normal 0 -1 -0
    outer loop
      vertex -68.15 7 29.96
      vertex -70 7 11.96
      vertex -68.15 7 11.96
    endloop
  endfacet
  facet normal 0 -0.972373 0.233434
    outer loop
      vertex -70 6.6574 9.79688
      vertex -68.15 6.91382 10.865
      vertex -70 6.91382 10.865
    endloop
  endfacet
  facet normal 0 -0.972373 0.233434
    outer loop
      vertex -68.15 6.91382 10.865
      vertex -70 6.6574 9.79688
      vertex -68.15 6.6574 9.79688
    endloop
  endfacet
  facet normal 0 -0.760406 0.649448
    outer loop
      vertex -70 4.94975 7.01025
      vertex -68.15 5.66312 7.8455
      vertex -70 5.66312 7.8455
    endloop
  endfacet
  facet normal 0 -0.760406 0.649448
    outer loop
      vertex -68.15 5.66312 7.8455
      vertex -70 4.94975 7.01025
      vertex -68.15 4.94975 7.01025
    endloop
  endfacet
  facet normal 0 -0.649448 0.760406
    outer loop
      vertex -70 4.94975 7.01025
      vertex -68.15 4.1145 6.29688
      vertex -68.15 4.94975 7.01025
    endloop
  endfacet
  facet normal 0 -0.649448 0.760406
    outer loop
      vertex -68.15 4.1145 6.29688
      vertex -70 4.94975 7.01025
      vertex -70 4.1145 6.29688
    endloop
  endfacet
  facet normal 0 -0.382724 -0.923863
    outer loop
      vertex -70 2.16312 36.6174
      vertex -68.15 3.17793 36.197
      vertex -68.15 2.16312 36.6174
    endloop
  endfacet
  facet normal -0 -0.382724 -0.923863
    outer loop
      vertex -68.15 3.17793 36.197
      vertex -70 2.16312 36.6174
      vertex -70 3.17793 36.197
    endloop
  endfacet
  facet normal 0 -0.0784758 -0.996916
    outer loop
      vertex -70 0 36.96
      vertex -68.15 1.09504 36.8738
      vertex -68.15 0 36.96
    endloop
  endfacet
  facet normal -0 -0.0784758 -0.996916
    outer loop
      vertex -68.15 1.09504 36.8738
      vertex -70 0 36.96
      vertex -70 1.09504 36.8738
    endloop
  endfacet
  facet normal 0 0.996917 -0.0784606
    outer loop
      vertex -68.15 -7 29.96
      vertex -70 -6.91382 31.055
      vertex -68.15 -6.91382 31.055
    endloop
  endfacet
  facet normal 0 0.996917 -0.0784606
    outer loop
      vertex -70 -6.91382 31.055
      vertex -68.15 -7 29.96
      vertex -70 -7 29.96
    endloop
  endfacet
  facet normal 0 0.972372 -0.233438
    outer loop
      vertex -68.15 -6.91382 31.055
      vertex -70 -6.6574 32.1231
      vertex -68.15 -6.6574 32.1231
    endloop
  endfacet
  facet normal 0 0.972372 -0.233438
    outer loop
      vertex -70 -6.6574 32.1231
      vertex -68.15 -6.91382 31.055
      vertex -70 -6.91382 31.055
    endloop
  endfacet
  facet normal 0 0.923878 -0.382688
    outer loop
      vertex -68.15 -6.6574 32.1231
      vertex -70 -6.23705 33.1379
      vertex -68.15 -6.23705 33.1379
    endloop
  endfacet
  facet normal 0 0.923878 -0.382688
    outer loop
      vertex -70 -6.23705 33.1379
      vertex -68.15 -6.6574 32.1231
      vertex -70 -6.6574 32.1231
    endloop
  endfacet
  facet normal 0 0.382724 -0.923863
    outer loop
      vertex -70 -3.17793 36.197
      vertex -68.15 -2.16312 36.6174
      vertex -68.15 -3.17793 36.197
    endloop
  endfacet
  facet normal 0 0.382724 -0.923863
    outer loop
      vertex -68.15 -2.16312 36.6174
      vertex -70 -3.17793 36.197
      vertex -70 -2.16312 36.6174
    endloop
  endfacet
  facet normal 0 0.0784758 -0.996916
    outer loop
      vertex -70 -1.09504 36.8738
      vertex -68.15 0 36.96
      vertex -68.15 -1.09504 36.8738
    endloop
  endfacet
  facet normal 0 0.0784758 -0.996916
    outer loop
      vertex -68.15 0 36.96
      vertex -70 -1.09504 36.8738
      vertex -70 0 36.96
    endloop
  endfacet
  facet normal 0 0.996917 0.0784606
    outer loop
      vertex -68.15 -6.91382 10.865
      vertex -70 -7 11.96
      vertex -68.15 -7 11.96
    endloop
  endfacet
  facet normal 0 0.996917 0.0784606
    outer loop
      vertex -70 -7 11.96
      vertex -68.15 -6.91382 10.865
      vertex -70 -6.91382 10.865
    endloop
  endfacet
  facet normal 0 0.852641 0.522498
    outer loop
      vertex -68.15 -5.66312 7.8455
      vertex -70 -6.23705 8.78207
      vertex -68.15 -6.23705 8.78207
    endloop
  endfacet
  facet normal 0 0.852641 0.522498
    outer loop
      vertex -70 -6.23705 8.78207
      vertex -68.15 -5.66312 7.8455
      vertex -70 -5.66312 7.8455
    endloop
  endfacet
  facet normal 0 -0.923878 -0.382688
    outer loop
      vertex -70 6.6574 32.1231
      vertex -68.15 6.23705 33.1379
      vertex -70 6.23705 33.1379
    endloop
  endfacet
  facet normal 0 -0.923878 -0.382688
    outer loop
      vertex -68.15 6.23705 33.1379
      vertex -70 6.6574 32.1231
      vertex -68.15 6.6574 32.1231
    endloop
  endfacet
  facet normal 0 -0.760387 -0.64947
    outer loop
      vertex -70 5.66312 34.0745
      vertex -68.15 4.94975 34.9097
      vertex -70 4.94975 34.9097
    endloop
  endfacet
  facet normal 0 -0.760387 -0.64947
    outer loop
      vertex -68.15 4.94975 34.9097
      vertex -70 5.66312 34.0745
      vertex -68.15 5.66312 34.0745
    endloop
  endfacet
  facet normal 0 -0.522478 -0.852653
    outer loop
      vertex -70 3.17793 36.197
      vertex -68.15 4.1145 35.6231
      vertex -68.15 3.17793 36.197
    endloop
  endfacet
  facet normal -0 -0.522478 -0.852653
    outer loop
      vertex -68.15 4.1145 35.6231
      vertex -70 3.17793 36.197
      vertex -70 4.1145 35.6231
    endloop
  endfacet
  facet normal 0 -0.233425 -0.972375
    outer loop
      vertex -70 1.09504 36.8738
      vertex -68.15 2.16312 36.6174
      vertex -68.15 1.09504 36.8738
    endloop
  endfacet
  facet normal -0 -0.233425 -0.972375
    outer loop
      vertex -68.15 2.16312 36.6174
      vertex -70 1.09504 36.8738
      vertex -70 2.16312 36.6174
    endloop
  endfacet
  facet normal 0 0.522478 -0.852653
    outer loop
      vertex -70 -4.1145 35.6231
      vertex -68.15 -3.17793 36.197
      vertex -68.15 -4.1145 35.6231
    endloop
  endfacet
  facet normal 0 0.522478 -0.852653
    outer loop
      vertex -68.15 -3.17793 36.197
      vertex -70 -4.1145 35.6231
      vertex -70 -3.17793 36.197
    endloop
  endfacet
  facet normal 0 0.649463 -0.760393
    outer loop
      vertex -70 -4.94975 34.9097
      vertex -68.15 -4.1145 35.6231
      vertex -68.15 -4.94975 34.9097
    endloop
  endfacet
  facet normal 0 0.649463 -0.760393
    outer loop
      vertex -68.15 -4.1145 35.6231
      vertex -70 -4.94975 34.9097
      vertex -70 -4.1145 35.6231
    endloop
  endfacet
  facet normal 0 1 -0
    outer loop
      vertex -68.15 -7 11.96
      vertex -70 -7 29.96
      vertex -68.15 -7 29.96
    endloop
  endfacet
  facet normal 0 1 0
    outer loop
      vertex -70 -7 29.96
      vertex -68.15 -7 11.96
      vertex -70 -7 11.96
    endloop
  endfacet
  facet normal -0 0.233443 0.972371
    outer loop
      vertex -70 -1.09504 5.04618
      vertex -68.15 -2.16312 5.3026
      vertex -68.15 -1.09504 5.04618
    endloop
  endfacet
  facet normal 0 0.233443 0.972371
    outer loop
      vertex -68.15 -2.16312 5.3026
      vertex -70 -1.09504 5.04618
      vertex -70 -2.16312 5.3026
    endloop
  endfacet
  facet normal 0 -0.852641 0.522498
    outer loop
      vertex -70 5.66312 7.8455
      vertex -68.15 6.23705 8.78207
      vertex -70 6.23705 8.78207
    endloop
  endfacet
  facet normal 0 -0.852641 0.522498
    outer loop
      vertex -68.15 6.23705 8.78207
      vertex -70 5.66312 7.8455
      vertex -68.15 5.66312 7.8455
    endloop
  endfacet
  facet normal 0 -0.852648 -0.522486
    outer loop
      vertex -70 6.23705 33.1379
      vertex -68.15 5.66312 34.0745
      vertex -70 5.66312 34.0745
    endloop
  endfacet
  facet normal 0 -0.852648 -0.522486
    outer loop
      vertex -68.15 5.66312 34.0745
      vertex -70 6.23705 33.1379
      vertex -68.15 6.23705 33.1379
    endloop
  endfacet
  facet normal 0 0.852648 -0.522486
    outer loop
      vertex -68.15 -6.23705 33.1379
      vertex -70 -5.66312 34.0745
      vertex -68.15 -5.66312 34.0745
    endloop
  endfacet
  facet normal 0 0.852648 -0.522486
    outer loop
      vertex -70 -5.66312 34.0745
      vertex -68.15 -6.23705 33.1379
      vertex -70 -6.23705 33.1379
    endloop
  endfacet
  facet normal 0 0.760387 -0.64947
    outer loop
      vertex -68.15 -5.66312 34.0745
      vertex -70 -4.94975 34.9097
      vertex -68.15 -4.94975 34.9097
    endloop
  endfacet
  facet normal 0 0.760387 -0.64947
    outer loop
      vertex -70 -4.94975 34.9097
      vertex -68.15 -5.66312 34.0745
      vertex -70 -5.66312 34.0745
    endloop
  endfacet
  facet normal 0 0.923879 0.382685
    outer loop
      vertex -68.15 -6.23705 8.78207
      vertex -70 -6.6574 9.79688
      vertex -68.15 -6.6574 9.79688
    endloop
  endfacet
  facet normal 0 0.923879 0.382685
    outer loop
      vertex -70 -6.6574 9.79688
      vertex -68.15 -6.23705 8.78207
      vertex -70 -6.23705 8.78207
    endloop
  endfacet
  facet normal 0 0.972373 0.233434
    outer loop
      vertex -68.15 -6.6574 9.79688
      vertex -70 -6.91382 10.865
      vertex -68.15 -6.91382 10.865
    endloop
  endfacet
  facet normal 0 0.972373 0.233434
    outer loop
      vertex -70 -6.91382 10.865
      vertex -68.15 -6.6574 9.79688
      vertex -70 -6.6574 9.79688
    endloop
  endfacet
  facet normal 0 0.760406 0.649448
    outer loop
      vertex -68.15 -4.94975 7.01025
      vertex -70 -5.66312 7.8455
      vertex -68.15 -5.66312 7.8455
    endloop
  endfacet
  facet normal 0 0.760406 0.649448
    outer loop
      vertex -70 -5.66312 7.8455
      vertex -68.15 -4.94975 7.01025
      vertex -70 -4.94975 7.01025
    endloop
  endfacet
  facet normal -0 0.382685 0.923879
    outer loop
      vertex -70 -2.16312 5.3026
      vertex -68.15 -3.17793 5.72295
      vertex -68.15 -2.16312 5.3026
    endloop
  endfacet
  facet normal 0 0.382685 0.923879
    outer loop
      vertex -68.15 -3.17793 5.72295
      vertex -70 -2.16312 5.3026
      vertex -70 -3.17793 5.72295
    endloop
  endfacet
  facet normal -0 0.0784577 0.996917
    outer loop
      vertex -70 0 4.96
      vertex -68.15 -1.09504 5.04618
      vertex -68.15 0 4.96
    endloop
  endfacet
  facet normal 0 0.0784577 0.996917
    outer loop
      vertex -68.15 -1.09504 5.04618
      vertex -70 0 4.96
      vertex -70 -1.09504 5.04618
    endloop
  endfacet
  facet normal 0 -0.233443 0.972371
    outer loop
      vertex -70 2.16312 5.3026
      vertex -68.15 1.09504 5.04618
      vertex -68.15 2.16312 5.3026
    endloop
  endfacet
  facet normal 0 -0.233443 0.972371
    outer loop
      vertex -68.15 1.09504 5.04618
      vertex -70 2.16312 5.3026
      vertex -70 1.09504 5.04618
    endloop
  endfacet
  facet normal 0 -0.382685 0.923879
    outer loop
      vertex -70 3.17793 5.72295
      vertex -68.15 2.16312 5.3026
      vertex -68.15 3.17793 5.72295
    endloop
  endfacet
  facet normal 0 -0.382685 0.923879
    outer loop
      vertex -68.15 2.16312 5.3026
      vertex -70 3.17793 5.72295
      vertex -70 2.16312 5.3026
    endloop
  endfacet
  facet normal 0 -0.522498 0.852641
    outer loop
      vertex -70 4.1145 6.29688
      vertex -68.15 3.17793 5.72295
      vertex -68.15 4.1145 6.29688
    endloop
  endfacet
  facet normal 0 -0.522498 0.852641
    outer loop
      vertex -68.15 3.17793 5.72295
      vertex -70 4.1145 6.29688
      vertex -70 3.17793 5.72295
    endloop
  endfacet
  facet normal -0 0.522498 0.852641
    outer loop
      vertex -70 -3.17793 5.72295
      vertex -68.15 -4.1145 6.29688
      vertex -68.15 -3.17793 5.72295
    endloop
  endfacet
  facet normal 0 0.522498 0.852641
    outer loop
      vertex -68.15 -4.1145 6.29688
      vertex -70 -3.17793 5.72295
      vertex -70 -4.1145 6.29688
    endloop
  endfacet
  facet normal -0 0.649448 0.760406
    outer loop
      vertex -70 -4.1145 6.29688
      vertex -68.15 -4.94975 7.01025
      vertex -68.15 -4.1145 6.29688
    endloop
  endfacet
  facet normal 0 0.649448 0.760406
    outer loop
      vertex -68.15 -4.94975 7.01025
      vertex -70 -4.1145 6.29688
      vertex -70 -4.94975 7.01025
    endloop
  endfacet
  facet normal 0 -0.0784577 0.996917
    outer loop
      vertex -70 1.09504 5.04618
      vertex -68.15 0 4.96
      vertex -68.15 1.09504 5.04618
    endloop
  endfacet
  facet normal 0 -0.0784577 0.996917
    outer loop
      vertex -68.15 0 4.96
      vertex -70 1.09504 5.04618
      vertex -70 0 4.96
    endloop
  endfacet
  facet normal -0.233434 -0.972373 0
    outer loop
      vertex 97.4933 -37.6109 8.1
      vertex 98.7063 -37.9021 11.1
      vertex 97.4933 -37.6109 11.1
    endloop
  endfacet
  facet normal -0.233434 -0.972373 -0
    outer loop
      vertex 98.7063 -37.9021 11.1
      vertex 97.4933 -37.6109 8.1
      vertex 98.7063 -37.9021 8.1
    endloop
  endfacet
  facet normal -0.996916 -0.078474 0
    outer loop
      vertex 92.0979 -31.2937 8.1
      vertex 92 -30.05 11.1
      vertex 92 -30.05 8.1
    endloop
  endfacet
  facet normal -0.996916 -0.078474 0
    outer loop
      vertex 92 -30.05 11.1
      vertex 92.0979 -31.2937 8.1
      vertex 92.0979 -31.2937 11.1
    endloop
  endfacet
  facet normal 0.382838 0.923815 -0
    outer loop
      vertex 223.659 37.1335 8.1
      vertex 222.507 37.6109 11.1
      vertex 223.659 37.1335 11.1
    endloop
  endfacet
  facet normal 0.382838 0.923815 0
    outer loop
      vertex 222.507 37.6109 11.1
      vertex 223.659 37.1335 8.1
      vertex 222.507 37.6109 8.1
    endloop
  endfacet
  facet normal 0 1 -0
    outer loop
      vertex 220.05 38 8.1
      vertex 99.95 38 11.1
      vertex 220.05 38 11.1
    endloop
  endfacet
  facet normal 0 1 0
    outer loop
      vertex 99.95 38 11.1
      vertex 220.05 38 8.1
      vertex 99.95 38 8.1
    endloop
  endfacet
  facet normal -0.078474 -0.996916 0
    outer loop
      vertex 98.7063 -37.9021 8.1
      vertex 99.95 -38 11.1
      vertex 98.7063 -37.9021 11.1
    endloop
  endfacet
  facet normal -0.078474 -0.996916 -0
    outer loop
      vertex 99.95 -38 11.1
      vertex 98.7063 -37.9021 8.1
      vertex 99.95 -38 8.1
    endloop
  endfacet
  facet normal 0.852939 0.522011 0
    outer loop
      vertex 227.133 33.6592 11.1
      vertex 226.482 34.7229 8.1
      vertex 226.482 34.7229 11.1
    endloop
  endfacet
  facet normal 0.852939 0.522011 0
    outer loop
      vertex 226.482 34.7229 8.1
      vertex 227.133 33.6592 11.1
      vertex 227.133 33.6592 8.1
    endloop
  endfacet
  facet normal 0.972409 -0.233282 0
    outer loop
      vertex 227.611 -32.5067 11.1
      vertex 227.902 -31.2937 8.1
      vertex 227.902 -31.2937 11.1
    endloop
  endfacet
  facet normal 0.972409 -0.233282 0
    outer loop
      vertex 227.902 -31.2937 8.1
      vertex 227.611 -32.5067 11.1
      vertex 227.611 -32.5067 8.1
    endloop
  endfacet
  facet normal -1 0 0
    outer loop
      vertex 92 -30.05 8.1
      vertex 92 30.05 11.1
      vertex 92 30.05 8.1
    endloop
  endfacet
  facet normal -1 -0 0
    outer loop
      vertex 92 30.05 11.1
      vertex 92 -30.05 8.1
      vertex 92 -30.05 11.1
    endloop
  endfacet
  facet normal -0 0 1
    outer loop
      vertex 226.15 30.0501 11.1
      vertex 228 30.05 11.1
      vertex 227.902 31.2937 11.1
    endloop
  endfacet
  facet normal 0 0 1
    outer loop
      vertex 228 30.05 11.1
      vertex 226.15 30.0501 11.1
      vertex 228 -30.05 11.1
    endloop
  endfacet
  facet normal 0 0 1
    outer loop
      vertex 226.075 31.0042 11.1
      vertex 227.902 31.2937 11.1
      vertex 227.611 32.5067 11.1
    endloop
  endfacet
  facet normal 0 0 1
    outer loop
      vertex 226.15 -30.0501 11.1
      vertex 228 -30.05 11.1
      vertex 226.15 30.0501 11.1
    endloop
  endfacet
  facet normal 0 0 1
    outer loop
      vertex 225.851 31.935 11.1
      vertex 227.611 32.5067 11.1
      vertex 227.133 33.6592 11.1
    endloop
  endfacet
  facet normal 0 0 1
    outer loop
      vertex 228 -30.05 11.1
      vertex 226.15 -30.0501 11.1
      vertex 227.902 -31.2937 11.1
    endloop
  endfacet
  facet normal 0 0 1
    outer loop
      vertex 225.485 32.8193 11.1
      vertex 227.133 33.6592 11.1
      vertex 226.482 34.7229 11.1
    endloop
  endfacet
  facet normal -0 0 1
    outer loop
      vertex 226.075 -31.0042 11.1
      vertex 227.902 -31.2937 11.1
      vertex 226.15 -30.0501 11.1
    endloop
  endfacet
  facet normal 0 0 1
    outer loop
      vertex 227.902 -31.2937 11.1
      vertex 226.075 -31.0042 11.1
      vertex 227.611 -32.5067 11.1
    endloop
  endfacet
  facet normal 0 0 1
    outer loop
      vertex 227.902 31.2937 11.1
      vertex 226.075 31.0042 11.1
      vertex 226.15 30.0501 11.1
    endloop
  endfacet
  facet normal 0 0 1
    outer loop
      vertex 227.611 32.5067 11.1
      vertex 225.851 31.935 11.1
      vertex 226.075 31.0042 11.1
    endloop
  endfacet
  facet normal 0 0 1
    outer loop
      vertex 224.985 33.6355 11.1
      vertex 226.482 34.7229 11.1
      vertex 225.671 35.6715 11.1
    endloop
  endfacet
  facet normal 0 0 1
    outer loop
      vertex 227.133 33.6592 11.1
      vertex 225.485 32.8193 11.1
      vertex 225.851 31.935 11.1
    endloop
  endfacet
  facet normal 0 0 1
    outer loop
      vertex 226.482 34.7229 11.1
      vertex 224.985 33.6355 11.1
      vertex 225.485 32.8193 11.1
    endloop
  endfacet
  facet normal 0 0 1
    outer loop
      vertex 224.363 34.3633 11.1
      vertex 225.671 35.6715 11.1
      vertex 224.723 36.4817 11.1
    endloop
  endfacet
  facet normal 0 0 1
    outer loop
      vertex 225.671 35.6715 11.1
      vertex 224.363 34.3633 11.1
      vertex 224.985 33.6355 11.1
    endloop
  endfacet
  facet normal 0 0 1
    outer loop
      vertex 223.635 34.985 11.1
      vertex 224.723 36.4817 11.1
      vertex 223.659 37.1335 11.1
    endloop
  endfacet
  facet normal 0 0 1
    outer loop
      vertex 224.723 36.4817 11.1
      vertex 223.635 34.985 11.1
      vertex 224.363 34.3633 11.1
    endloop
  endfacet
  facet normal 0 0 1
    outer loop
      vertex 223.659 37.1335 11.1
      vertex 222.819 35.4851 11.1
      vertex 223.635 34.985 11.1
    endloop
  endfacet
  facet normal 0 0 1
    outer loop
      vertex 222.507 37.6109 11.1
      vertex 222.819 35.4851 11.1
      vertex 223.659 37.1335 11.1
    endloop
  endfacet
  facet normal 0 0 1
    outer loop
      vertex 222.507 37.6109 11.1
      vertex 221.935 35.8514 11.1
      vertex 222.819 35.4851 11.1
    endloop
  endfacet
  facet normal 0 0 1
    outer loop
      vertex 221.294 37.9021 11.1
      vertex 221.935 35.8514 11.1
      vertex 222.507 37.6109 11.1
    endloop
  endfacet
  facet normal 0 0 1
    outer loop
      vertex 221.294 37.9021 11.1
      vertex 221.004 36.0749 11.1
      vertex 221.935 35.8514 11.1
    endloop
  endfacet
  facet normal 0 0 1
    outer loop
      vertex 221.294 37.9021 11.1
      vertex 220.05 36.15 11.1
      vertex 221.004 36.0749 11.1
    endloop
  endfacet
  facet normal 0 0 1
    outer loop
      vertex 220.05 38 11.1
      vertex 220.05 36.15 11.1
      vertex 221.294 37.9021 11.1
    endloop
  endfacet
  facet normal -0 0 1
    outer loop
      vertex 99.95 38 11.1
      vertex 220.05 36.15 11.1
      vertex 220.05 38 11.1
    endloop
  endfacet
  facet normal 0 0 1
    outer loop
      vertex 99.95 38 11.1
      vertex 99.9499 36.15 11.1
      vertex 220.05 36.15 11.1
    endloop
  endfacet
  facet normal 0 0 1
    outer loop
      vertex 99.95 38 11.1
      vertex 98.9958 36.0749 11.1
      vertex 99.9499 36.15 11.1
    endloop
  endfacet
  facet normal -0 0 1
    outer loop
      vertex 98.7063 37.9021 11.1
      vertex 98.9958 36.0749 11.1
      vertex 99.95 38 11.1
    endloop
  endfacet
  facet normal 0 0 1
    outer loop
      vertex 98.7063 37.9021 11.1
      vertex 98.065 35.8514 11.1
      vertex 98.9958 36.0749 11.1
    endloop
  endfacet
  facet normal -0 0 1
    outer loop
      vertex 97.4933 37.6109 11.1
      vertex 98.065 35.8514 11.1
      vertex 98.7063 37.9021 11.1
    endloop
  endfacet
  facet normal 0 0 1
    outer loop
      vertex 97.4933 37.6109 11.1
      vertex 97.1807 35.4851 11.1
      vertex 98.065 35.8514 11.1
    endloop
  endfacet
  facet normal -0 0 1
    outer loop
      vertex 96.3408 37.1335 11.1
      vertex 97.1807 35.4851 11.1
      vertex 97.4933 37.6109 11.1
    endloop
  endfacet
  facet normal 0 0 1
    outer loop
      vertex 97.1807 35.4851 11.1
      vertex 96.3408 37.1335 11.1
      vertex 96.3645 34.985 11.1
    endloop
  endfacet
  facet normal -0 0 1
    outer loop
      vertex 95.2771 36.4817 11.1
      vertex 96.3645 34.985 11.1
      vertex 96.3408 37.1335 11.1
    endloop
  endfacet
  facet normal 0 0 1
    outer loop
      vertex 96.3645 34.985 11.1
      vertex 95.2771 36.4817 11.1
      vertex 95.6367 34.3633 11.1
    endloop
  endfacet
  facet normal -0 0 1
    outer loop
      vertex 94.3285 35.6715 11.1
      vertex 95.6367 34.3633 11.1
      vertex 95.2771 36.4817 11.1
    endloop
  endfacet
  facet normal 0 0 1
    outer loop
      vertex 95.6367 34.3633 11.1
      vertex 94.3285 35.6715 11.1
      vertex 95.015 33.6355 11.1
    endloop
  endfacet
  facet normal -0 0 1
    outer loop
      vertex 93.5183 34.7229 11.1
      vertex 95.015 33.6355 11.1
      vertex 94.3285 35.6715 11.1
    endloop
  endfacet
  facet normal 0 0 1
    outer loop
      vertex 95.015 33.6355 11.1
      vertex 93.5183 34.7229 11.1
      vertex 94.5149 32.8193 11.1
    endloop
  endfacet
  facet normal -0 0 1
    outer loop
      vertex 92.8665 33.6592 11.1
      vertex 94.5149 32.8193 11.1
      vertex 93.5183 34.7229 11.1
    endloop
  endfacet
  facet normal 0 0 1
    outer loop
      vertex 94.1486 31.935 11.1
      vertex 92.3891 32.5067 11.1
      vertex 93.9251 31.0042 11.1
    endloop
  endfacet
  facet normal -0 0 1
    outer loop
      vertex 92.3891 32.5067 11.1
      vertex 94.1486 31.935 11.1
      vertex 92.8665 33.6592 11.1
    endloop
  endfacet
  facet normal 0 0 1
    outer loop
      vertex 94.5149 32.8193 11.1
      vertex 92.8665 33.6592 11.1
      vertex 94.1486 31.935 11.1
    endloop
  endfacet
  facet normal -0 0 1
    outer loop
      vertex 225.851 -31.935 11.1
      vertex 227.611 -32.5067 11.1
      vertex 226.075 -31.0042 11.1
    endloop
  endfacet
  facet normal 0 0 1
    outer loop
      vertex 227.611 -32.5067 11.1
      vertex 225.851 -31.935 11.1
      vertex 227.133 -33.6592 11.1
    endloop
  endfacet
  facet normal -0 0 1
    outer loop
      vertex 225.485 -32.8193 11.1
      vertex 227.133 -33.6592 11.1
      vertex 225.851 -31.935 11.1
    endloop
  endfacet
  facet normal 0 0 1
    outer loop
      vertex 227.133 -33.6592 11.1
      vertex 225.485 -32.8193 11.1
      vertex 226.482 -34.7229 11.1
    endloop
  endfacet
  facet normal -0 0 1
    outer loop
      vertex 224.985 -33.6355 11.1
      vertex 226.482 -34.7229 11.1
      vertex 225.485 -32.8193 11.1
    endloop
  endfacet
  facet normal 0 0 1
    outer loop
      vertex 226.482 -34.7229 11.1
      vertex 224.985 -33.6355 11.1
      vertex 225.671 -35.6715 11.1
    endloop
  endfacet
  facet normal -0 0 1
    outer loop
      vertex 224.363 -34.3633 11.1
      vertex 225.671 -35.6715 11.1
      vertex 224.985 -33.6355 11.1
    endloop
  endfacet
  facet normal 0 0 1
    outer loop
      vertex 225.671 -35.6715 11.1
      vertex 224.363 -34.3633 11.1
      vertex 224.723 -36.4817 11.1
    endloop
  endfacet
  facet normal -0 0 1
    outer loop
      vertex 223.635 -34.985 11.1
      vertex 224.723 -36.4817 11.1
      vertex 224.363 -34.3633 11.1
    endloop
  endfacet
  facet normal 0 0 1
    outer loop
      vertex 224.723 -36.4817 11.1
      vertex 223.635 -34.985 11.1
      vertex 223.659 -37.1335 11.1
    endloop
  endfacet
  facet normal -0 0 1
    outer loop
      vertex 222.819 -35.4851 11.1
      vertex 223.659 -37.1335 11.1
      vertex 223.635 -34.985 11.1
    endloop
  endfacet
  facet normal 0 0 1
    outer loop
      vertex 222.819 -35.4851 11.1
      vertex 222.507 -37.6109 11.1
      vertex 223.659 -37.1335 11.1
    endloop
  endfacet
  facet normal -0 0 1
    outer loop
      vertex 221.935 -35.8514 11.1
      vertex 222.507 -37.6109 11.1
      vertex 222.819 -35.4851 11.1
    endloop
  endfacet
  facet normal 0 0 1
    outer loop
      vertex 221.935 -35.8514 11.1
      vertex 221.294 -37.9021 11.1
      vertex 222.507 -37.6109 11.1
    endloop
  endfacet
  facet normal -0 0 1
    outer loop
      vertex 221.004 -36.0749 11.1
      vertex 221.294 -37.9021 11.1
      vertex 221.935 -35.8514 11.1
    endloop
  endfacet
  facet normal -0 0 1
    outer loop
      vertex 220.05 -36.15 11.1
      vertex 221.294 -37.9021 11.1
      vertex 221.004 -36.0749 11.1
    endloop
  endfacet
  facet normal 0 0 1
    outer loop
      vertex 220.05 -36.15 11.1
      vertex 220.05 -38 11.1
      vertex 221.294 -37.9021 11.1
    endloop
  endfacet
  facet normal 0 0 1
    outer loop
      vertex 220.05 -36.15 11.1
      vertex 99.95 -38 11.1
      vertex 220.05 -38 11.1
    endloop
  endfacet
  facet normal -0 0 1
    outer loop
      vertex 99.9499 -36.15 11.1
      vertex 99.95 -38 11.1
      vertex 220.05 -36.15 11.1
    endloop
  endfacet
  facet normal 0 0 1
    outer loop
      vertex 98.9958 -36.0749 11.1
      vertex 99.95 -38 11.1
      vertex 99.9499 -36.15 11.1
    endloop
  endfacet
  facet normal 0 0 1
    outer loop
      vertex 98.9958 -36.0749 11.1
      vertex 98.7063 -37.9021 11.1
      vertex 99.95 -38 11.1
    endloop
  endfacet
  facet normal 0 0 1
    outer loop
      vertex 98.065 -35.8514 11.1
      vertex 98.7063 -37.9021 11.1
      vertex 98.9958 -36.0749 11.1
    endloop
  endfacet
  facet normal 0 0 1
    outer loop
      vertex 98.065 -35.8514 11.1
      vertex 97.4933 -37.6109 11.1
      vertex 98.7063 -37.9021 11.1
    endloop
  endfacet
  facet normal 0 0 1
    outer loop
      vertex 97.1807 -35.4851 11.1
      vertex 97.4933 -37.6109 11.1
      vertex 98.065 -35.8514 11.1
    endloop
  endfacet
  facet normal 0 0 1
    outer loop
      vertex 96.3408 -37.1335 11.1
      vertex 97.1807 -35.4851 11.1
      vertex 96.3645 -34.985 11.1
    endloop
  endfacet
  facet normal 0 0 1
    outer loop
      vertex 97.1807 -35.4851 11.1
      vertex 96.3408 -37.1335 11.1
      vertex 97.4933 -37.6109 11.1
    endloop
  endfacet
  facet normal 0 0 1
    outer loop
      vertex 95.2771 -36.4817 11.1
      vertex 96.3645 -34.985 11.1
      vertex 95.6367 -34.3633 11.1
    endloop
  endfacet
  facet normal 0 0 1
    outer loop
      vertex 96.3645 -34.985 11.1
      vertex 95.2771 -36.4817 11.1
      vertex 96.3408 -37.1335 11.1
    endloop
  endfacet
  facet normal 0 0 1
    outer loop
      vertex 94.3285 -35.6715 11.1
      vertex 95.6367 -34.3633 11.1
      vertex 95.015 -33.6355 11.1
    endloop
  endfacet
  facet normal 0 0 1
    outer loop
      vertex 93.5183 -34.7229 11.1
      vertex 95.015 -33.6355 11.1
      vertex 94.5149 -32.8193 11.1
    endloop
  endfacet
  facet normal 0 0 1
    outer loop
      vertex 95.6367 -34.3633 11.1
      vertex 94.3285 -35.6715 11.1
      vertex 95.2771 -36.4817 11.1
    endloop
  endfacet
  facet normal 0 0 1
    outer loop
      vertex 92.8665 -33.6592 11.1
      vertex 94.5149 -32.8193 11.1
      vertex 94.1486 -31.935 11.1
    endloop
  endfacet
  facet normal 0 0 1
    outer loop
      vertex 92.3891 -32.5067 11.1
      vertex 94.1486 -31.935 11.1
      vertex 93.9251 -31.0042 11.1
    endloop
  endfacet
  facet normal 0 0 1
    outer loop
      vertex 95.015 -33.6355 11.1
      vertex 93.5183 -34.7229 11.1
      vertex 94.3285 -35.6715 11.1
    endloop
  endfacet
  facet normal 0 0 1
    outer loop
      vertex 92.0979 -31.2937 11.1
      vertex 93.9251 -31.0042 11.1
      vertex 93.85 -30.0501 11.1
    endloop
  endfacet
  facet normal 0 0 1
    outer loop
      vertex 93.85 30.0501 11.1
      vertex 92 30.05 11.1
      vertex 93.85 -30.0501 11.1
    endloop
  endfacet
  facet normal -0 0 1
    outer loop
      vertex 92.0979 31.2937 11.1
      vertex 93.9251 31.0042 11.1
      vertex 92.3891 32.5067 11.1
    endloop
  endfacet
  facet normal -0 0 1
    outer loop
      vertex 92 -30.05 11.1
      vertex 93.85 -30.0501 11.1
      vertex 92 30.05 11.1
    endloop
  endfacet
  facet normal 0 0 1
    outer loop
      vertex 93.9251 31.0042 11.1
      vertex 92.0979 31.2937 11.1
      vertex 93.85 30.0501 11.1
    endloop
  endfacet
  facet normal 0 -0 1
    outer loop
      vertex 92.0979 -31.2937 11.1
      vertex 93.85 -30.0501 11.1
      vertex 92 -30.05 11.1
    endloop
  endfacet
  facet normal 0 0 1
    outer loop
      vertex 93.85 30.0501 11.1
      vertex 92.0979 31.2937 11.1
      vertex 92 30.05 11.1
    endloop
  endfacet
  facet normal 0 0 1
    outer loop
      vertex 94.5149 -32.8193 11.1
      vertex 92.8665 -33.6592 11.1
      vertex 93.5183 -34.7229 11.1
    endloop
  endfacet
  facet normal 0 0 1
    outer loop
      vertex 94.1486 -31.935 11.1
      vertex 92.3891 -32.5067 11.1
      vertex 92.8665 -33.6592 11.1
    endloop
  endfacet
  facet normal 0 0 1
    outer loop
      vertex 93.9251 -31.0042 11.1
      vertex 92.0979 -31.2937 11.1
      vertex 92.3891 -32.5067 11.1
    endloop
  endfacet
  facet normal -0.522477 0.852653 0
    outer loop
      vertex 96.3408 37.1335 8.1
      vertex 95.2771 36.4817 11.1
      vertex 96.3408 37.1335 11.1
    endloop
  endfacet
  facet normal -0.522477 0.852653 0
    outer loop
      vertex 95.2771 36.4817 11.1
      vertex 96.3408 37.1335 8.1
      vertex 95.2771 36.4817 8.1
    endloop
  endfacet
  facet normal -0.760398 0.649457 0
    outer loop
      vertex 93.5183 34.7229 8.1
      vertex 94.3285 35.6715 11.1
      vertex 94.3285 35.6715 8.1
    endloop
  endfacet
  facet normal -0.760398 0.649457 0
    outer loop
      vertex 94.3285 35.6715 11.1
      vertex 93.5183 34.7229 8.1
      vertex 93.5183 34.7229 11.1
    endloop
  endfacet
  facet normal 0.0784552 0.996918 -0
    outer loop
      vertex 221.294 37.9021 8.1
      vertex 220.05 38 11.1
      vertex 221.294 37.9021 11.1
    endloop
  endfacet
  facet normal 0.0784552 0.996918 0
    outer loop
      vertex 220.05 38 11.1
      vertex 221.294 37.9021 8.1
      vertex 220.05 38 8.1
    endloop
  endfacet
  facet normal 0.233434 0.972373 -0
    outer loop
      vertex 222.507 37.6109 8.1
      vertex 221.294 37.9021 11.1
      vertex 222.507 37.6109 11.1
    endloop
  endfacet
  facet normal 0.233434 0.972373 0
    outer loop
      vertex 221.294 37.9021 11.1
      vertex 222.507 37.6109 8.1
      vertex 221.294 37.9021 8.1
    endloop
  endfacet
  facet normal 1 -0 0
    outer loop
      vertex 228 -30.05 11.1
      vertex 228 30.05 8.1
      vertex 228 30.05 11.1
    endloop
  endfacet
  facet normal 1 0 0
    outer loop
      vertex 228 30.05 8.1
      vertex 228 -30.05 11.1
      vertex 228 -30.05 8.1
    endloop
  endfacet
  facet normal 0.649694 0.760195 -0
    outer loop
      vertex 225.671 35.6715 8.1
      vertex 224.723 36.4817 11.1
      vertex 225.671 35.6715 11.1
    endloop
  endfacet
  facet normal 0.649694 0.760195 0
    outer loop
      vertex 224.723 36.4817 11.1
      vertex 225.671 35.6715 8.1
      vertex 224.723 36.4817 8.1
    endloop
  endfacet
  facet normal -0.382696 -0.923874 0
    outer loop
      vertex 96.3408 -37.1335 8.1
      vertex 97.4933 -37.6109 11.1
      vertex 96.3408 -37.1335 11.1
    endloop
  endfacet
  facet normal -0.382696 -0.923874 -0
    outer loop
      vertex 97.4933 -37.6109 11.1
      vertex 96.3408 -37.1335 8.1
      vertex 97.4933 -37.6109 8.1
    endloop
  endfacet
  facet normal -0.649457 -0.760398 0
    outer loop
      vertex 94.3285 -35.6715 8.1
      vertex 95.2771 -36.4817 11.1
      vertex 94.3285 -35.6715 11.1
    endloop
  endfacet
  facet normal -0.649457 -0.760398 -0
    outer loop
      vertex 95.2771 -36.4817 11.1
      vertex 94.3285 -35.6715 8.1
      vertex 95.2771 -36.4817 8.1
    endloop
  endfacet
  facet normal -0.760398 -0.649457 0
    outer loop
      vertex 94.3285 -35.6715 8.1
      vertex 93.5183 -34.7229 11.1
      vertex 93.5183 -34.7229 8.1
    endloop
  endfacet
  facet normal -0.760398 -0.649457 0
    outer loop
      vertex 93.5183 -34.7229 11.1
      vertex 94.3285 -35.6715 8.1
      vertex 94.3285 -35.6715 11.1
    endloop
  endfacet
  facet normal 0.52237 -0.852719 0
    outer loop
      vertex 223.659 -37.1335 8.1
      vertex 224.723 -36.4817 11.1
      vertex 223.659 -37.1335 11.1
    endloop
  endfacet
  facet normal 0.52237 -0.852719 0
    outer loop
      vertex 224.723 -36.4817 11.1
      vertex 223.659 -37.1335 8.1
      vertex 224.723 -36.4817 8.1
    endloop
  endfacet
  facet normal 0.972409 0.233282 0
    outer loop
      vertex 227.902 31.2937 11.1
      vertex 227.611 32.5067 8.1
      vertex 227.611 32.5067 11.1
    endloop
  endfacet
  facet normal 0.972409 0.233282 0
    outer loop
      vertex 227.611 32.5067 8.1
      vertex 227.902 31.2937 11.1
      vertex 227.902 31.2937 8.1
    endloop
  endfacet
  facet normal 0.99691 0.0785536 0
    outer loop
      vertex 228 30.05 11.1
      vertex 227.902 31.2937 8.1
      vertex 227.902 31.2937 11.1
    endloop
  endfacet
  facet normal 0.99691 0.0785536 0
    outer loop
      vertex 227.902 31.2937 8.1
      vertex 228 30.05 11.1
      vertex 228 30.05 8.1
    endloop
  endfacet
  facet normal 0 -1 0
    outer loop
      vertex 99.95 -38 8.1
      vertex 220.05 -38 11.1
      vertex 99.95 -38 11.1
    endloop
  endfacet
  facet normal 0 -1 -0
    outer loop
      vertex 220.05 -38 11.1
      vertex 99.95 -38 8.1
      vertex 220.05 -38 8.1
    endloop
  endfacet
  facet normal -0.923874 -0.382696 0
    outer loop
      vertex 92.8665 -33.6592 8.1
      vertex 92.3891 -32.5067 11.1
      vertex 92.3891 -32.5067 8.1
    endloop
  endfacet
  facet normal -0.923874 -0.382696 0
    outer loop
      vertex 92.3891 -32.5067 11.1
      vertex 92.8665 -33.6592 8.1
      vertex 92.8665 -33.6592 11.1
    endloop
  endfacet
  facet normal -0.852653 -0.522477 0
    outer loop
      vertex 93.5183 -34.7229 8.1
      vertex 92.8665 -33.6592 11.1
      vertex 92.8665 -33.6592 8.1
    endloop
  endfacet
  facet normal -0.852653 -0.522477 0
    outer loop
      vertex 92.8665 -33.6592 11.1
      vertex 93.5183 -34.7229 8.1
      vertex 93.5183 -34.7229 11.1
    endloop
  endfacet
  facet normal -0.996916 0.078474 0
    outer loop
      vertex 92 30.05 8.1
      vertex 92.0979 31.2937 11.1
      vertex 92.0979 31.2937 8.1
    endloop
  endfacet
  facet normal -0.996916 0.078474 0
    outer loop
      vertex 92.0979 31.2937 11.1
      vertex 92 30.05 8.1
      vertex 92 30.05 11.1
    endloop
  endfacet
  facet normal -0.078474 0.996916 0
    outer loop
      vertex 99.95 38 8.1
      vertex 98.7063 37.9021 11.1
      vertex 99.95 38 11.1
    endloop
  endfacet
  facet normal -0.078474 0.996916 0
    outer loop
      vertex 98.7063 37.9021 11.1
      vertex 99.95 38 8.1
      vertex 98.7063 37.9021 8.1
    endloop
  endfacet
  facet normal 0.760082 -0.649827 0
    outer loop
      vertex 225.671 -35.6715 11.1
      vertex 226.482 -34.7229 8.1
      vertex 226.482 -34.7229 11.1
    endloop
  endfacet
  facet normal 0.760082 -0.649827 0
    outer loop
      vertex 226.482 -34.7229 8.1
      vertex 225.671 -35.6715 11.1
      vertex 225.671 -35.6715 8.1
    endloop
  endfacet
  facet normal 0.99691 -0.0785536 0
    outer loop
      vertex 227.902 -31.2937 11.1
      vertex 228 -30.05 8.1
      vertex 228 -30.05 11.1
    endloop
  endfacet
  facet normal 0.99691 -0.0785536 0
    outer loop
      vertex 228 -30.05 8.1
      vertex 227.902 -31.2937 11.1
      vertex 227.902 -31.2937 8.1
    endloop
  endfacet
  facet normal -0.972373 -0.233434 0
    outer loop
      vertex 92.3891 -32.5067 8.1
      vertex 92.0979 -31.2937 11.1
      vertex 92.0979 -31.2937 8.1
    endloop
  endfacet
  facet normal -0.972373 -0.233434 0
    outer loop
      vertex 92.0979 -31.2937 11.1
      vertex 92.3891 -32.5067 8.1
      vertex 92.3891 -32.5067 11.1
    endloop
  endfacet
  facet normal -0.852653 0.522477 0
    outer loop
      vertex 92.8665 33.6592 8.1
      vertex 93.5183 34.7229 11.1
      vertex 93.5183 34.7229 8.1
    endloop
  endfacet
  facet normal -0.852653 0.522477 0
    outer loop
      vertex 93.5183 34.7229 11.1
      vertex 92.8665 33.6592 8.1
      vertex 92.8665 33.6592 11.1
    endloop
  endfacet
  facet normal -0.382696 0.923874 0
    outer loop
      vertex 97.4933 37.6109 8.1
      vertex 96.3408 37.1335 11.1
      vertex 97.4933 37.6109 11.1
    endloop
  endfacet
  facet normal -0.382696 0.923874 0
    outer loop
      vertex 96.3408 37.1335 11.1
      vertex 97.4933 37.6109 8.1
      vertex 96.3408 37.1335 8.1
    endloop
  endfacet
  facet normal -0.233434 0.972373 0
    outer loop
      vertex 98.7063 37.9021 8.1
      vertex 97.4933 37.6109 11.1
      vertex 98.7063 37.9021 11.1
    endloop
  endfacet
  facet normal -0.233434 0.972373 0
    outer loop
      vertex 97.4933 37.6109 11.1
      vertex 98.7063 37.9021 8.1
      vertex 97.4933 37.6109 8.1
    endloop
  endfacet
  facet normal -0.649457 0.760398 0
    outer loop
      vertex 95.2771 36.4817 8.1
      vertex 94.3285 35.6715 11.1
      vertex 95.2771 36.4817 11.1
    endloop
  endfacet
  facet normal -0.649457 0.760398 0
    outer loop
      vertex 94.3285 35.6715 11.1
      vertex 95.2771 36.4817 8.1
      vertex 94.3285 35.6715 8.1
    endloop
  endfacet
  facet normal -0.522477 -0.852653 0
    outer loop
      vertex 95.2771 -36.4817 8.1
      vertex 96.3408 -37.1335 11.1
      vertex 95.2771 -36.4817 11.1
    endloop
  endfacet
  facet normal -0.522477 -0.852653 -0
    outer loop
      vertex 96.3408 -37.1335 11.1
      vertex 95.2771 -36.4817 8.1
      vertex 96.3408 -37.1335 8.1
    endloop
  endfacet
  facet normal 0.923704 -0.383107 0
    outer loop
      vertex 227.133 -33.6592 11.1
      vertex 227.611 -32.5067 8.1
      vertex 227.611 -32.5067 11.1
    endloop
  endfacet
  facet normal 0.923704 -0.383107 0
    outer loop
      vertex 227.611 -32.5067 8.1
      vertex 227.133 -33.6592 11.1
      vertex 227.133 -33.6592 8.1
    endloop
  endfacet
  facet normal 0.0784552 -0.996918 0
    outer loop
      vertex 220.05 -38 8.1
      vertex 221.294 -37.9021 11.1
      vertex 220.05 -38 11.1
    endloop
  endfacet
  facet normal 0.0784552 -0.996918 0
    outer loop
      vertex 221.294 -37.9021 11.1
      vertex 220.05 -38 8.1
      vertex 221.294 -37.9021 8.1
    endloop
  endfacet
  facet normal -0.972373 0.233434 0
    outer loop
      vertex 92.0979 31.2937 8.1
      vertex 92.3891 32.5067 11.1
      vertex 92.3891 32.5067 8.1
    endloop
  endfacet
  facet normal -0.972373 0.233434 0
    outer loop
      vertex 92.3891 32.5067 11.1
      vertex 92.0979 31.2937 8.1
      vertex 92.0979 31.2937 11.1
    endloop
  endfacet
  facet normal -0.923874 0.382696 0
    outer loop
      vertex 92.3891 32.5067 8.1
      vertex 92.8665 33.6592 11.1
      vertex 92.8665 33.6592 8.1
    endloop
  endfacet
  facet normal -0.923874 0.382696 0
    outer loop
      vertex 92.8665 33.6592 11.1
      vertex 92.3891 32.5067 8.1
      vertex 92.3891 32.5067 11.1
    endloop
  endfacet
  facet normal 0.852939 -0.522011 0
    outer loop
      vertex 226.482 -34.7229 11.1
      vertex 227.133 -33.6592 8.1
      vertex 227.133 -33.6592 11.1
    endloop
  endfacet
  facet normal 0.852939 -0.522011 0
    outer loop
      vertex 227.133 -33.6592 8.1
      vertex 226.482 -34.7229 11.1
      vertex 226.482 -34.7229 8.1
    endloop
  endfacet
  facet normal 0.382838 -0.923815 0
    outer loop
      vertex 222.507 -37.6109 8.1
      vertex 223.659 -37.1335 11.1
      vertex 222.507 -37.6109 11.1
    endloop
  endfacet
  facet normal 0.382838 -0.923815 0
    outer loop
      vertex 223.659 -37.1335 11.1
      vertex 222.507 -37.6109 8.1
      vertex 223.659 -37.1335 8.1
    endloop
  endfacet
  facet normal 0.649694 -0.760195 0
    outer loop
      vertex 224.723 -36.4817 8.1
      vertex 225.671 -35.6715 11.1
      vertex 224.723 -36.4817 11.1
    endloop
  endfacet
  facet normal 0.649694 -0.760195 0
    outer loop
      vertex 225.671 -35.6715 11.1
      vertex 224.723 -36.4817 8.1
      vertex 225.671 -35.6715 8.1
    endloop
  endfacet
  facet normal 0.233434 -0.972373 0
    outer loop
      vertex 221.294 -37.9021 8.1
      vertex 222.507 -37.6109 11.1
      vertex 221.294 -37.9021 11.1
    endloop
  endfacet
  facet normal 0.233434 -0.972373 0
    outer loop
      vertex 222.507 -37.6109 11.1
      vertex 221.294 -37.9021 8.1
      vertex 222.507 -37.6109 8.1
    endloop
  endfacet
  facet normal 0.923704 0.383107 0
    outer loop
      vertex 227.611 32.5067 11.1
      vertex 227.133 33.6592 8.1
      vertex 227.133 33.6592 11.1
    endloop
  endfacet
  facet normal 0.923704 0.383107 0
    outer loop
      vertex 227.133 33.6592 8.1
      vertex 227.611 32.5067 11.1
      vertex 227.611 32.5067 8.1
    endloop
  endfacet
  facet normal 0.760082 0.649827 0
    outer loop
      vertex 226.482 34.7229 11.1
      vertex 225.671 35.6715 8.1
      vertex 225.671 35.6715 11.1
    endloop
  endfacet
  facet normal 0.760082 0.649827 0
    outer loop
      vertex 225.671 35.6715 8.1
      vertex 226.482 34.7229 11.1
      vertex 226.482 34.7229 8.1
    endloop
  endfacet
  facet normal 0.52237 0.852719 -0
    outer loop
      vertex 224.723 36.4817 8.1
      vertex 223.659 37.1335 11.1
      vertex 224.723 36.4817 11.1
    endloop
  endfacet
  facet normal 0.52237 0.852719 0
    outer loop
      vertex 223.659 37.1335 11.1
      vertex 224.723 36.4817 8.1
      vertex 223.659 37.1335 8.1
    endloop
  endfacet
  facet normal 0.522447 0.852672 -0
    outer loop
      vertex 97.1807 -35.4851 8.1
      vertex 96.3645 -34.985 11.1
      vertex 97.1807 -35.4851 11.1
    endloop
  endfacet
  facet normal 0.522447 0.852672 0
    outer loop
      vertex 96.3645 -34.985 11.1
      vertex 97.1807 -35.4851 8.1
      vertex 96.3645 -34.985 8.1
    endloop
  endfacet
  facet normal 0.760354 -0.649509 0
    outer loop
      vertex 95.015 33.6355 11.1
      vertex 95.6367 34.3633 8.1
      vertex 95.6367 34.3633 11.1
    endloop
  endfacet
  facet normal 0.760354 -0.649509 0
    outer loop
      vertex 95.6367 34.3633 8.1
      vertex 95.015 33.6355 11.1
      vertex 95.015 33.6355 8.1
    endloop
  endfacet
  facet normal -0.52254 -0.852615 0
    outer loop
      vertex 222.819 35.4851 8.1
      vertex 223.635 34.985 11.1
      vertex 222.819 35.4851 11.1
    endloop
  endfacet
  facet normal -0.52254 -0.852615 -0
    outer loop
      vertex 223.635 34.985 11.1
      vertex 222.819 35.4851 8.1
      vertex 223.635 34.985 8.1
    endloop
  endfacet
  facet normal 0 -1 0
    outer loop
      vertex 99.9499 36.15 8.1
      vertex 220.05 36.15 11.1
      vertex 99.9499 36.15 11.1
    endloop
  endfacet
  facet normal 0 -1 -0
    outer loop
      vertex 220.05 36.15 11.1
      vertex 99.9499 36.15 8.1
      vertex 220.05 36.15 8.1
    endloop
  endfacet
  facet normal 1 -0 0
    outer loop
      vertex 93.85 -30.0501 11.1
      vertex 93.85 30.0501 8.1
      vertex 93.85 30.0501 11.1
    endloop
  endfacet
  facet normal 1 0 0
    outer loop
      vertex 93.85 30.0501 8.1
      vertex 93.85 -30.0501 11.1
      vertex 93.85 -30.0501 8.1
    endloop
  endfacet
  facet normal 0.382693 0.923875 -0
    outer loop
      vertex 98.065 -35.8514 8.1
      vertex 97.1807 -35.4851 11.1
      vertex 98.065 -35.8514 11.1
    endloop
  endfacet
  facet normal 0.382693 0.923875 0
    outer loop
      vertex 97.1807 -35.4851 11.1
      vertex 98.065 -35.8514 8.1
      vertex 97.1807 -35.4851 8.1
    endloop
  endfacet
  facet normal -1 0 0
    outer loop
      vertex 226.15 -30.0501 8.1
      vertex 226.15 30.0501 11.1
      vertex 226.15 30.0501 8.1
    endloop
  endfacet
  facet normal -1 -0 0
    outer loop
      vertex 226.15 30.0501 11.1
      vertex 226.15 -30.0501 8.1
      vertex 226.15 -30.0501 11.1
    endloop
  endfacet
  facet normal 0 1 -0
    outer loop
      vertex 220.05 -36.15 8.1
      vertex 99.9499 -36.15 11.1
      vertex 220.05 -36.15 11.1
    endloop
  endfacet
  facet normal 0 1 0
    outer loop
      vertex 99.9499 -36.15 11.1
      vertex 220.05 -36.15 8.1
      vertex 99.9499 -36.15 8.1
    endloop
  endfacet
  facet normal -0.649405 0.760442 0
    outer loop
      vertex 224.363 -34.3633 8.1
      vertex 223.635 -34.985 11.1
      vertex 224.363 -34.3633 11.1
    endloop
  endfacet
  facet normal -0.649405 0.760442 0
    outer loop
      vertex 223.635 -34.985 11.1
      vertex 224.363 -34.3633 8.1
      vertex 223.635 -34.985 8.1
    endloop
  endfacet
  facet normal -0.52254 0.852615 0
    outer loop
      vertex 223.635 -34.985 8.1
      vertex 222.819 -35.4851 11.1
      vertex 223.635 -34.985 11.1
    endloop
  endfacet
  facet normal -0.52254 0.852615 0
    outer loop
      vertex 222.819 -35.4851 11.1
      vertex 223.635 -34.985 8.1
      vertex 222.819 -35.4851 8.1
    endloop
  endfacet
  facet normal 0.382693 -0.923875 0
    outer loop
      vertex 97.1807 35.4851 8.1
      vertex 98.065 35.8514 11.1
      vertex 97.1807 35.4851 11.1
    endloop
  endfacet
  facet normal 0.382693 -0.923875 0
    outer loop
      vertex 98.065 35.8514 11.1
      vertex 97.1807 35.4851 8.1
      vertex 98.065 35.8514 8.1
    endloop
  endfacet
  facet normal 0.522447 -0.852672 0
    outer loop
      vertex 96.3645 34.985 8.1
      vertex 97.1807 35.4851 11.1
      vertex 96.3645 34.985 11.1
    endloop
  endfacet
  facet normal 0.522447 -0.852672 0
    outer loop
      vertex 97.1807 35.4851 11.1
      vertex 96.3645 34.985 8.1
      vertex 97.1807 35.4851 8.1
    endloop
  endfacet
  facet normal 0.0784702 -0.996916 0
    outer loop
      vertex 98.9958 36.0749 8.1
      vertex 99.9499 36.15 11.1
      vertex 98.9958 36.0749 11.1
    endloop
  endfacet
  facet normal 0.0784702 -0.996916 0
    outer loop
      vertex 99.9499 36.15 11.1
      vertex 98.9958 36.0749 8.1
      vertex 99.9499 36.15 8.1
    endloop
  endfacet
  facet normal 0.649509 0.760354 -0
    outer loop
      vertex 96.3645 -34.985 8.1
      vertex 95.6367 -34.3633 11.1
      vertex 96.3645 -34.985 11.1
    endloop
  endfacet
  facet normal 0.649509 0.760354 0
    outer loop
      vertex 95.6367 -34.3633 11.1
      vertex 96.3645 -34.985 8.1
      vertex 95.6367 -34.3633 8.1
    endloop
  endfacet
  facet normal 0.0784702 0.996916 -0
    outer loop
      vertex 99.9499 -36.15 8.1
      vertex 98.9958 -36.0749 11.1
      vertex 99.9499 -36.15 11.1
    endloop
  endfacet
  facet normal 0.0784702 0.996916 0
    outer loop
      vertex 98.9958 -36.0749 11.1
      vertex 99.9499 -36.15 8.1
      vertex 98.9958 -36.0749 8.1
    endloop
  endfacet
  facet normal -0.382804 -0.92383 0
    outer loop
      vertex 221.935 35.8514 8.1
      vertex 222.819 35.4851 11.1
      vertex 221.935 35.8514 11.1
    endloop
  endfacet
  facet normal -0.382804 -0.92383 -0
    outer loop
      vertex 222.819 35.4851 11.1
      vertex 221.935 35.8514 8.1
      vertex 222.819 35.4851 8.1
    endloop
  endfacet
  facet normal -0.0784784 -0.996916 0
    outer loop
      vertex 220.05 36.15 8.1
      vertex 221.004 36.0749 11.1
      vertex 220.05 36.15 11.1
    endloop
  endfacet
  facet normal -0.0784784 -0.996916 -0
    outer loop
      vertex 221.004 36.0749 11.1
      vertex 220.05 36.15 8.1
      vertex 221.004 36.0749 8.1
    endloop
  endfacet
  facet normal 0.996916 0.0784702 0
    outer loop
      vertex 93.9251 -31.0042 11.1
      vertex 93.85 -30.0501 8.1
      vertex 93.85 -30.0501 11.1
    endloop
  endfacet
  facet normal 0.996916 0.0784702 0
    outer loop
      vertex 93.85 -30.0501 8.1
      vertex 93.9251 -31.0042 11.1
      vertex 93.9251 -31.0042 8.1
    endloop
  endfacet
  facet normal 0.649509 -0.760354 0
    outer loop
      vertex 95.6367 34.3633 8.1
      vertex 96.3645 34.985 11.1
      vertex 95.6367 34.3633 11.1
    endloop
  endfacet
  facet normal 0.649509 -0.760354 0
    outer loop
      vertex 96.3645 34.985 11.1
      vertex 95.6367 34.3633 8.1
      vertex 96.3645 34.985 8.1
    endloop
  endfacet
  facet normal 0.923875 -0.382693 0
    outer loop
      vertex 94.1486 31.935 11.1
      vertex 94.5149 32.8193 8.1
      vertex 94.5149 32.8193 11.1
    endloop
  endfacet
  facet normal 0.923875 -0.382693 0
    outer loop
      vertex 94.5149 32.8193 8.1
      vertex 94.1486 31.935 11.1
      vertex 94.1486 31.935 8.1
    endloop
  endfacet
  facet normal 0.972362 -0.23348 0
    outer loop
      vertex 93.9251 31.0042 11.1
      vertex 94.1486 31.935 8.1
      vertex 94.1486 31.935 11.1
    endloop
  endfacet
  facet normal 0.972362 -0.23348 0
    outer loop
      vertex 94.1486 31.935 8.1
      vertex 93.9251 31.0042 11.1
      vertex 93.9251 31.0042 8.1
    endloop
  endfacet
  facet normal 0.996916 -0.0784702 0
    outer loop
      vertex 93.85 30.0501 11.1
      vertex 93.9251 31.0042 8.1
      vertex 93.9251 31.0042 11.1
    endloop
  endfacet
  facet normal 0.996916 -0.0784702 0
    outer loop
      vertex 93.9251 31.0042 8.1
      vertex 93.85 30.0501 11.1
      vertex 93.85 30.0501 8.1
    endloop
  endfacet
  facet normal 0.23348 -0.972362 0
    outer loop
      vertex 98.065 35.8514 8.1
      vertex 98.9958 36.0749 11.1
      vertex 98.065 35.8514 11.1
    endloop
  endfacet
  facet normal 0.23348 -0.972362 0
    outer loop
      vertex 98.9958 36.0749 11.1
      vertex 98.065 35.8514 8.1
      vertex 98.9958 36.0749 8.1
    endloop
  endfacet
  facet normal -0.0784784 0.996916 0
    outer loop
      vertex 221.004 -36.0749 8.1
      vertex 220.05 -36.15 11.1
      vertex 221.004 -36.0749 11.1
    endloop
  endfacet
  facet normal -0.0784784 0.996916 0
    outer loop
      vertex 220.05 -36.15 11.1
      vertex 221.004 -36.0749 8.1
      vertex 220.05 -36.15 8.1
    endloop
  endfacet
  facet normal -0.923986 -0.382426 0
    outer loop
      vertex 225.851 31.935 8.1
      vertex 225.485 32.8193 11.1
      vertex 225.485 32.8193 8.1
    endloop
  endfacet
  facet normal -0.923986 -0.382426 0
    outer loop
      vertex 225.485 32.8193 11.1
      vertex 225.851 31.935 8.1
      vertex 225.851 31.935 11.1
    endloop
  endfacet
  facet normal -0.996925 0.0783664 0
    outer loop
      vertex 226.075 -31.0042 8.1
      vertex 226.15 -30.0501 11.1
      vertex 226.15 -30.0501 8.1
    endloop
  endfacet
  facet normal -0.996925 0.0783664 0
    outer loop
      vertex 226.15 -30.0501 11.1
      vertex 226.075 -31.0042 8.1
      vertex 226.075 -31.0042 11.1
    endloop
  endfacet
  facet normal -0.923986 0.382426 0
    outer loop
      vertex 225.485 -32.8193 8.1
      vertex 225.851 -31.935 11.1
      vertex 225.851 -31.935 8.1
    endloop
  endfacet
  facet normal -0.923986 0.382426 0
    outer loop
      vertex 225.851 -31.935 11.1
      vertex 225.485 -32.8193 8.1
      vertex 225.485 -32.8193 11.1
    endloop
  endfacet
  facet normal -0.233432 -0.972373 0
    outer loop
      vertex 221.004 36.0749 8.1
      vertex 221.935 35.8514 11.1
      vertex 221.004 36.0749 11.1
    endloop
  endfacet
  facet normal -0.233432 -0.972373 -0
    outer loop
      vertex 221.935 35.8514 11.1
      vertex 221.004 36.0749 8.1
      vertex 221.935 35.8514 8.1
    endloop
  endfacet
  facet normal 0.972362 0.23348 0
    outer loop
      vertex 94.1486 -31.935 11.1
      vertex 93.9251 -31.0042 8.1
      vertex 93.9251 -31.0042 11.1
    endloop
  endfacet
  facet normal 0.972362 0.23348 0
    outer loop
      vertex 93.9251 -31.0042 8.1
      vertex 94.1486 -31.935 11.1
      vertex 94.1486 -31.935 8.1
    endloop
  endfacet
  facet normal 0.852672 -0.522447 0
    outer loop
      vertex 94.5149 32.8193 11.1
      vertex 95.015 33.6355 8.1
      vertex 95.015 33.6355 11.1
    endloop
  endfacet
  facet normal 0.852672 -0.522447 0
    outer loop
      vertex 95.015 33.6355 8.1
      vertex 94.5149 32.8193 11.1
      vertex 94.5149 32.8193 8.1
    endloop
  endfacet
  facet normal -0.382804 0.92383 0
    outer loop
      vertex 222.819 -35.4851 8.1
      vertex 221.935 -35.8514 11.1
      vertex 222.819 -35.4851 11.1
    endloop
  endfacet
  facet normal -0.382804 0.92383 0
    outer loop
      vertex 221.935 -35.8514 11.1
      vertex 222.819 -35.4851 8.1
      vertex 221.935 -35.8514 8.1
    endloop
  endfacet
  facet normal -0.7602 0.64969 0
    outer loop
      vertex 224.363 -34.3633 8.1
      vertex 224.985 -33.6355 11.1
      vertex 224.985 -33.6355 8.1
    endloop
  endfacet
  facet normal -0.7602 0.64969 0
    outer loop
      vertex 224.985 -33.6355 11.1
      vertex 224.363 -34.3633 8.1
      vertex 224.363 -34.3633 11.1
    endloop
  endfacet
  facet normal -0.996925 -0.0783664 0
    outer loop
      vertex 226.15 30.0501 8.1
      vertex 226.075 31.0042 11.1
      vertex 226.075 31.0042 8.1
    endloop
  endfacet
  facet normal -0.996925 -0.0783664 0
    outer loop
      vertex 226.075 31.0042 11.1
      vertex 226.15 30.0501 8.1
      vertex 226.15 30.0501 11.1
    endloop
  endfacet
  facet normal -0.7602 -0.64969 0
    outer loop
      vertex 224.985 33.6355 8.1
      vertex 224.363 34.3633 11.1
      vertex 224.363 34.3633 8.1
    endloop
  endfacet
  facet normal -0.7602 -0.64969 0
    outer loop
      vertex 224.363 34.3633 11.1
      vertex 224.985 33.6355 8.1
      vertex 224.985 33.6355 11.1
    endloop
  endfacet
  facet normal 0 0 1
    outer loop
      vertex 220.05 36.15 8.1
      vertex 226.15 30.0501 8.1
      vertex 226.075 31.0042 8.1
    endloop
  endfacet
  facet normal 0 0 1
    outer loop
      vertex 226.15 30.0501 8.1
      vertex 168.575 0 8.1
      vertex 226.15 -30.0501 8.1
    endloop
  endfacet
  facet normal 0 0 1
    outer loop
      vertex 220.05 36.15 8.1
      vertex 226.075 31.0042 8.1
      vertex 225.851 31.935 8.1
    endloop
  endfacet
  facet normal -0 0 1
    outer loop
      vertex 168.469 -1.34142 8.1
      vertex 226.15 -30.0501 8.1
      vertex 168.575 0 8.1
    endloop
  endfacet
  facet normal 0 0 1
    outer loop
      vertex 220.05 36.15 8.1
      vertex 225.851 31.935 8.1
      vertex 225.485 32.8193 8.1
    endloop
  endfacet
  facet normal -0 0 1
    outer loop
      vertex 168.155 -2.64982 8.1
      vertex 226.15 -30.0501 8.1
      vertex 168.469 -1.34142 8.1
    endloop
  endfacet
  facet normal 0 0 1
    outer loop
      vertex 220.05 36.15 8.1
      vertex 225.485 32.8193 8.1
      vertex 224.985 33.6355 8.1
    endloop
  endfacet
  facet normal 0 0 1
    outer loop
      vertex 226.15 -30.0501 8.1
      vertex 220.05 -36.15 8.1
      vertex 226.075 -31.0042 8.1
    endloop
  endfacet
  facet normal 0 0 1
    outer loop
      vertex 220.05 36.15 8.1
      vertex 224.985 33.6355 8.1
      vertex 224.363 34.3633 8.1
    endloop
  endfacet
  facet normal 0 0 1
    outer loop
      vertex 168.155 2.64982 8.1
      vertex 226.15 30.0501 8.1
      vertex 220.05 36.15 8.1
    endloop
  endfacet
  facet normal 0 0 1
    outer loop
      vertex 220.05 36.15 8.1
      vertex 224.363 34.3633 8.1
      vertex 223.635 34.985 8.1
    endloop
  endfacet
  facet normal 0 0 1
    outer loop
      vertex 226.075 -31.0042 8.1
      vertex 220.05 -36.15 8.1
      vertex 225.851 -31.935 8.1
    endloop
  endfacet
  facet normal 0 0 1
    outer loop
      vertex 220.05 36.15 8.1
      vertex 223.635 34.985 8.1
      vertex 222.819 35.4851 8.1
    endloop
  endfacet
  facet normal 0 0 1
    outer loop
      vertex 224.985 -33.6355 8.1
      vertex 220.05 -36.15 8.1
      vertex 224.363 -34.3633 8.1
    endloop
  endfacet
  facet normal 0 0 1
    outer loop
      vertex 220.05 36.15 8.1
      vertex 222.819 35.4851 8.1
      vertex 221.935 35.8514 8.1
    endloop
  endfacet
  facet normal 0 0 1
    outer loop
      vertex 224.363 -34.3633 8.1
      vertex 220.05 -36.15 8.1
      vertex 223.635 -34.985 8.1
    endloop
  endfacet
  facet normal 0 0 1
    outer loop
      vertex 220.05 36.15 8.1
      vertex 221.935 35.8514 8.1
      vertex 221.004 36.0749 8.1
    endloop
  endfacet
  facet normal 0 0 1
    outer loop
      vertex 223.635 -34.985 8.1
      vertex 220.05 -36.15 8.1
      vertex 222.819 -35.4851 8.1
    endloop
  endfacet
  facet normal 0 0 1
    outer loop
      vertex 222.819 -35.4851 8.1
      vertex 220.05 -36.15 8.1
      vertex 221.935 -35.8514 8.1
    endloop
  endfacet
  facet normal 0 0 1
    outer loop
      vertex 221.935 -35.8514 8.1
      vertex 220.05 -36.15 8.1
      vertex 221.004 -36.0749 8.1
    endloop
  endfacet
  facet normal 0 0 1
    outer loop
      vertex 225.485 -32.8193 8.1
      vertex 220.05 -36.15 8.1
      vertex 224.985 -33.6355 8.1
    endloop
  endfacet
  facet normal 0 0 1
    outer loop
      vertex 226.15 30.0501 8.1
      vertex 168.469 1.34142 8.1
      vertex 168.575 0 8.1
    endloop
  endfacet
  facet normal 0 0 1
    outer loop
      vertex 226.15 30.0501 8.1
      vertex 168.155 2.64982 8.1
      vertex 168.469 1.34142 8.1
    endloop
  endfacet
  facet normal 0 0 1
    outer loop
      vertex 220.05 36.15 8.1
      vertex 167.64 3.89297 8.1
      vertex 168.155 2.64982 8.1
    endloop
  endfacet
  facet normal 0 0 1
    outer loop
      vertex 220.05 36.15 8.1
      vertex 166.937 5.04026 8.1
      vertex 167.64 3.89297 8.1
    endloop
  endfacet
  facet normal 0 0 1
    outer loop
      vertex 220.05 36.15 8.1
      vertex 166.063 6.06344 8.1
      vertex 166.937 5.04026 8.1
    endloop
  endfacet
  facet normal 0 0 1
    outer loop
      vertex 220.05 36.15 8.1
      vertex 165.04 6.93732 8.1
      vertex 166.063 6.06344 8.1
    endloop
  endfacet
  facet normal 0 0 1
    outer loop
      vertex 220.05 36.15 8.1
      vertex 163.893 7.64038 8.1
      vertex 165.04 6.93732 8.1
    endloop
  endfacet
  facet normal 0 0 1
    outer loop
      vertex 220.05 36.15 8.1
      vertex 162.65 8.15531 8.1
      vertex 163.893 7.64038 8.1
    endloop
  endfacet
  facet normal 0 0 1
    outer loop
      vertex 220.05 36.15 8.1
      vertex 161.341 8.46943 8.1
      vertex 162.65 8.15531 8.1
    endloop
  endfacet
  facet normal 0 0 1
    outer loop
      vertex 220.05 36.15 8.1
      vertex 160 8.575 8.1
      vertex 161.341 8.46943 8.1
    endloop
  endfacet
  facet normal -0 0 1
    outer loop
      vertex 99.9499 36.15 8.1
      vertex 160 8.575 8.1
      vertex 220.05 36.15 8.1
    endloop
  endfacet
  facet normal 0 0 1
    outer loop
      vertex 160 8.575 8.1
      vertex 99.9499 36.15 8.1
      vertex 158.659 8.46943 8.1
    endloop
  endfacet
  facet normal 0 0 1
    outer loop
      vertex 158.659 8.46943 8.1
      vertex 99.9499 36.15 8.1
      vertex 157.35 8.15531 8.1
    endloop
  endfacet
  facet normal 0 0 1
    outer loop
      vertex 151.845 2.64982 8.1
      vertex 93.85 30.0501 8.1
      vertex 151.531 1.34142 8.1
    endloop
  endfacet
  facet normal -0 0 1
    outer loop
      vertex 93.85 30.0501 8.1
      vertex 151.845 2.64982 8.1
      vertex 99.9499 36.15 8.1
    endloop
  endfacet
  facet normal 0 0 1
    outer loop
      vertex 152.36 3.89297 8.1
      vertex 99.9499 36.15 8.1
      vertex 151.845 2.64982 8.1
    endloop
  endfacet
  facet normal 0 0 1
    outer loop
      vertex 153.063 5.04026 8.1
      vertex 99.9499 36.15 8.1
      vertex 152.36 3.89297 8.1
    endloop
  endfacet
  facet normal 0 0 1
    outer loop
      vertex 153.937 6.06344 8.1
      vertex 99.9499 36.15 8.1
      vertex 153.063 5.04026 8.1
    endloop
  endfacet
  facet normal 0 0 1
    outer loop
      vertex 154.96 6.93732 8.1
      vertex 99.9499 36.15 8.1
      vertex 153.937 6.06344 8.1
    endloop
  endfacet
  facet normal 0 0 1
    outer loop
      vertex 156.107 7.64038 8.1
      vertex 99.9499 36.15 8.1
      vertex 154.96 6.93732 8.1
    endloop
  endfacet
  facet normal 0 0 1
    outer loop
      vertex 157.35 8.15531 8.1
      vertex 99.9499 36.15 8.1
      vertex 156.107 7.64038 8.1
    endloop
  endfacet
  facet normal 0 0 1
    outer loop
      vertex 225.851 -31.935 8.1
      vertex 220.05 -36.15 8.1
      vertex 225.485 -32.8193 8.1
    endloop
  endfacet
  facet normal 0 0 1
    outer loop
      vertex 226.15 -30.0501 8.1
      vertex 168.155 -2.64982 8.1
      vertex 220.05 -36.15 8.1
    endloop
  endfacet
  facet normal -0 0 1
    outer loop
      vertex 167.64 -3.89297 8.1
      vertex 220.05 -36.15 8.1
      vertex 168.155 -2.64982 8.1
    endloop
  endfacet
  facet normal -0 0 1
    outer loop
      vertex 166.937 -5.04026 8.1
      vertex 220.05 -36.15 8.1
      vertex 167.64 -3.89297 8.1
    endloop
  endfacet
  facet normal -0 0 1
    outer loop
      vertex 166.063 -6.06344 8.1
      vertex 220.05 -36.15 8.1
      vertex 166.937 -5.04026 8.1
    endloop
  endfacet
  facet normal -0 0 1
    outer loop
      vertex 165.04 -6.93732 8.1
      vertex 220.05 -36.15 8.1
      vertex 166.063 -6.06344 8.1
    endloop
  endfacet
  facet normal -0 0 1
    outer loop
      vertex 163.893 -7.64038 8.1
      vertex 220.05 -36.15 8.1
      vertex 165.04 -6.93732 8.1
    endloop
  endfacet
  facet normal -0 0 1
    outer loop
      vertex 162.65 -8.15531 8.1
      vertex 220.05 -36.15 8.1
      vertex 163.893 -7.64038 8.1
    endloop
  endfacet
  facet normal -0 0 1
    outer loop
      vertex 161.341 -8.46943 8.1
      vertex 220.05 -36.15 8.1
      vertex 162.65 -8.15531 8.1
    endloop
  endfacet
  facet normal -0 0 1
    outer loop
      vertex 160 -8.575 8.1
      vertex 220.05 -36.15 8.1
      vertex 161.341 -8.46943 8.1
    endloop
  endfacet
  facet normal 0 0 1
    outer loop
      vertex 99.9499 -36.15 8.1
      vertex 160 -8.575 8.1
      vertex 158.659 -8.46943 8.1
    endloop
  endfacet
  facet normal 0 0 1
    outer loop
      vertex 99.9499 -36.15 8.1
      vertex 158.659 -8.46943 8.1
      vertex 157.35 -8.15531 8.1
    endloop
  endfacet
  facet normal 0 0 1
    outer loop
      vertex 99.9499 -36.15 8.1
      vertex 157.35 -8.15531 8.1
      vertex 156.107 -7.64038 8.1
    endloop
  endfacet
  facet normal 0 0 1
    outer loop
      vertex 151.531 1.34142 8.1
      vertex 93.85 30.0501 8.1
      vertex 151.425 0 8.1
    endloop
  endfacet
  facet normal 0 0 1
    outer loop
      vertex 93.85 -30.0501 8.1
      vertex 151.425 0 8.1
      vertex 93.85 30.0501 8.1
    endloop
  endfacet
  facet normal 0 0 1
    outer loop
      vertex 151.425 0 8.1
      vertex 93.85 -30.0501 8.1
      vertex 151.531 -1.34142 8.1
    endloop
  endfacet
  facet normal 0 0 1
    outer loop
      vertex 151.531 -1.34142 8.1
      vertex 93.85 -30.0501 8.1
      vertex 151.845 -2.64982 8.1
    endloop
  endfacet
  facet normal 0 -0 1
    outer loop
      vertex 99.9499 -36.15 8.1
      vertex 151.845 -2.64982 8.1
      vertex 93.85 -30.0501 8.1
    endloop
  endfacet
  facet normal 0 0 1
    outer loop
      vertex 151.845 -2.64982 8.1
      vertex 99.9499 -36.15 8.1
      vertex 152.36 -3.89297 8.1
    endloop
  endfacet
  facet normal 0 0 1
    outer loop
      vertex 160 -8.575 8.1
      vertex 99.9499 -36.15 8.1
      vertex 220.05 -36.15 8.1
    endloop
  endfacet
  facet normal 0 0 1
    outer loop
      vertex 154.96 -6.93732 8.1
      vertex 99.9499 -36.15 8.1
      vertex 156.107 -7.64038 8.1
    endloop
  endfacet
  facet normal 0 0 1
    outer loop
      vertex 152.36 -3.89297 8.1
      vertex 99.9499 -36.15 8.1
      vertex 153.063 -5.04026 8.1
    endloop
  endfacet
  facet normal 0 0 1
    outer loop
      vertex 93.85 30.0501 8.1
      vertex 99.9499 36.15 8.1
      vertex 98.9958 36.0749 8.1
    endloop
  endfacet
  facet normal 0 0 1
    outer loop
      vertex 153.063 -5.04026 8.1
      vertex 99.9499 -36.15 8.1
      vertex 153.937 -6.06344 8.1
    endloop
  endfacet
  facet normal 0 0 1
    outer loop
      vertex 93.85 30.0501 8.1
      vertex 98.9958 36.0749 8.1
      vertex 98.065 35.8514 8.1
    endloop
  endfacet
  facet normal 0 0 1
    outer loop
      vertex 153.937 -6.06344 8.1
      vertex 99.9499 -36.15 8.1
      vertex 154.96 -6.93732 8.1
    endloop
  endfacet
  facet normal 0 0 1
    outer loop
      vertex 93.85 30.0501 8.1
      vertex 98.065 35.8514 8.1
      vertex 97.1807 35.4851 8.1
    endloop
  endfacet
  facet normal 0 0 1
    outer loop
      vertex 99.9499 -36.15 8.1
      vertex 93.85 -30.0501 8.1
      vertex 98.9958 -36.0749 8.1
    endloop
  endfacet
  facet normal 0 0 1
    outer loop
      vertex 93.85 30.0501 8.1
      vertex 97.1807 35.4851 8.1
      vertex 96.3645 34.985 8.1
    endloop
  endfacet
  facet normal 0 0 1
    outer loop
      vertex 98.9958 -36.0749 8.1
      vertex 93.85 -30.0501 8.1
      vertex 98.065 -35.8514 8.1
    endloop
  endfacet
  facet normal 0 0 1
    outer loop
      vertex 93.85 30.0501 8.1
      vertex 96.3645 34.985 8.1
      vertex 95.6367 34.3633 8.1
    endloop
  endfacet
  facet normal 0 0 1
    outer loop
      vertex 98.065 -35.8514 8.1
      vertex 93.85 -30.0501 8.1
      vertex 97.1807 -35.4851 8.1
    endloop
  endfacet
  facet normal 0 0 1
    outer loop
      vertex 93.85 30.0501 8.1
      vertex 95.6367 34.3633 8.1
      vertex 95.015 33.6355 8.1
    endloop
  endfacet
  facet normal 0 0 1
    outer loop
      vertex 97.1807 -35.4851 8.1
      vertex 93.85 -30.0501 8.1
      vertex 96.3645 -34.985 8.1
    endloop
  endfacet
  facet normal 0 0 1
    outer loop
      vertex 93.85 30.0501 8.1
      vertex 95.015 33.6355 8.1
      vertex 94.5149 32.8193 8.1
    endloop
  endfacet
  facet normal 0 0 1
    outer loop
      vertex 96.3645 -34.985 8.1
      vertex 93.85 -30.0501 8.1
      vertex 95.6367 -34.3633 8.1
    endloop
  endfacet
  facet normal 0 0 1
    outer loop
      vertex 93.85 30.0501 8.1
      vertex 94.5149 32.8193 8.1
      vertex 94.1486 31.935 8.1
    endloop
  endfacet
  facet normal 0 0 1
    outer loop
      vertex 95.6367 -34.3633 8.1
      vertex 93.85 -30.0501 8.1
      vertex 95.015 -33.6355 8.1
    endloop
  endfacet
  facet normal 0 0 1
    outer loop
      vertex 93.85 30.0501 8.1
      vertex 94.1486 31.935 8.1
      vertex 93.9251 31.0042 8.1
    endloop
  endfacet
  facet normal 0 0 1
    outer loop
      vertex 95.015 -33.6355 8.1
      vertex 93.85 -30.0501 8.1
      vertex 94.5149 -32.8193 8.1
    endloop
  endfacet
  facet normal 0 0 1
    outer loop
      vertex 94.5149 -32.8193 8.1
      vertex 93.85 -30.0501 8.1
      vertex 94.1486 -31.935 8.1
    endloop
  endfacet
  facet normal 0 0 1
    outer loop
      vertex 94.1486 -31.935 8.1
      vertex 93.85 -30.0501 8.1
      vertex 93.9251 -31.0042 8.1
    endloop
  endfacet
  facet normal 0.923875 0.382693 0
    outer loop
      vertex 94.5149 -32.8193 11.1
      vertex 94.1486 -31.935 8.1
      vertex 94.1486 -31.935 11.1
    endloop
  endfacet
  facet normal 0.923875 0.382693 0
    outer loop
      vertex 94.1486 -31.935 8.1
      vertex 94.5149 -32.8193 11.1
      vertex 94.5149 -32.8193 8.1
    endloop
  endfacet
  facet normal 0.760354 0.649509 0
    outer loop
      vertex 95.6367 -34.3633 11.1
      vertex 95.015 -33.6355 8.1
      vertex 95.015 -33.6355 11.1
    endloop
  endfacet
  facet normal 0.760354 0.649509 0
    outer loop
      vertex 95.015 -33.6355 8.1
      vertex 95.6367 -34.3633 11.1
      vertex 95.6367 -34.3633 8.1
    endloop
  endfacet
  facet normal 0.852672 0.522447 0
    outer loop
      vertex 95.015 -33.6355 11.1
      vertex 94.5149 -32.8193 8.1
      vertex 94.5149 -32.8193 11.1
    endloop
  endfacet
  facet normal 0.852672 0.522447 0
    outer loop
      vertex 94.5149 -32.8193 8.1
      vertex 95.015 -33.6355 11.1
      vertex 95.015 -33.6355 8.1
    endloop
  endfacet
  facet normal -0.233432 0.972373 0
    outer loop
      vertex 221.935 -35.8514 8.1
      vertex 221.004 -36.0749 11.1
      vertex 221.935 -35.8514 11.1
    endloop
  endfacet
  facet normal -0.233432 0.972373 0
    outer loop
      vertex 221.004 -36.0749 11.1
      vertex 221.935 -35.8514 8.1
      vertex 221.004 -36.0749 8.1
    endloop
  endfacet
  facet normal -0.972243 -0.233973 0
    outer loop
      vertex 226.075 31.0042 8.1
      vertex 225.851 31.935 11.1
      vertex 225.851 31.935 8.1
    endloop
  endfacet
  facet normal -0.972243 -0.233973 0
    outer loop
      vertex 225.851 31.935 11.1
      vertex 226.075 31.0042 8.1
      vertex 226.075 31.0042 11.1
    endloop
  endfacet
  facet normal -0.852718 -0.522371 0
    outer loop
      vertex 225.485 32.8193 8.1
      vertex 224.985 33.6355 11.1
      vertex 224.985 33.6355 8.1
    endloop
  endfacet
  facet normal -0.852718 -0.522371 0
    outer loop
      vertex 224.985 33.6355 11.1
      vertex 225.485 32.8193 8.1
      vertex 225.485 32.8193 11.1
    endloop
  endfacet
  facet normal 0.23348 0.972362 -0
    outer loop
      vertex 98.9958 -36.0749 8.1
      vertex 98.065 -35.8514 11.1
      vertex 98.9958 -36.0749 11.1
    endloop
  endfacet
  facet normal 0.23348 0.972362 0
    outer loop
      vertex 98.065 -35.8514 11.1
      vertex 98.9958 -36.0749 8.1
      vertex 98.065 -35.8514 8.1
    endloop
  endfacet
  facet normal -0.972243 0.233973 0
    outer loop
      vertex 225.851 -31.935 8.1
      vertex 226.075 -31.0042 11.1
      vertex 226.075 -31.0042 8.1
    endloop
  endfacet
  facet normal -0.972243 0.233973 0
    outer loop
      vertex 226.075 -31.0042 11.1
      vertex 225.851 -31.935 8.1
      vertex 225.851 -31.935 11.1
    endloop
  endfacet
  facet normal -0.852718 0.522371 0
    outer loop
      vertex 224.985 -33.6355 8.1
      vertex 225.485 -32.8193 11.1
      vertex 225.485 -32.8193 8.1
    endloop
  endfacet
  facet normal -0.852718 0.522371 0
    outer loop
      vertex 225.485 -32.8193 11.1
      vertex 224.985 -33.6355 8.1
      vertex 224.985 -33.6355 11.1
    endloop
  endfacet
  facet normal -0.649405 -0.760442 0
    outer loop
      vertex 223.635 34.985 8.1
      vertex 224.363 34.3633 11.1
      vertex 223.635 34.985 11.1
    endloop
  endfacet
  facet normal -0.649405 -0.760442 -0
    outer loop
      vertex 224.363 34.3633 11.1
      vertex 223.635 34.985 8.1
      vertex 224.363 34.3633 8.1
    endloop
  endfacet
  facet normal -0.522525 -0.852624 0
    outer loop
      vertex 91.3389 -40.453 0
      vertex 92.4227 -41.1172 8.1
      vertex 91.3389 -40.453 8.1
    endloop
  endfacet
  facet normal -0.522525 -0.852624 -0
    outer loop
      vertex 92.4227 -41.1172 8.1
      vertex 91.3389 -40.453 0
      vertex 92.4227 -41.1172 0
    endloop
  endfacet
  facet normal -0.996918 0.0784473 0
    outer loop
      vertex 88 33.9001 0
      vertex 88.0997 35.1671 8.1
      vertex 88.0997 35.1671 0
    endloop
  endfacet
  facet normal -0.996918 0.0784473 0
    outer loop
      vertex 88.0997 35.1671 8.1
      vertex 88 33.9001 0
      vertex 88 33.9001 8.1
    endloop
  endfacet
  facet normal 0.38276 0.923848 -0
    outer loop
      vertex 227.577 41.1172 0
      vertex 226.403 41.6036 8.1
      vertex 227.577 41.1172 8.1
    endloop
  endfacet
  facet normal 0.38276 0.923848 0
    outer loop
      vertex 226.403 41.6036 8.1
      vertex 227.577 41.1172 0
      vertex 226.403 41.6036 0
    endloop
  endfacet
  facet normal -0.382676 -0.923883 0
    outer loop
      vertex 92.4227 -41.1172 0
      vertex 93.597 -41.6036 8.1
      vertex 92.4227 -41.1172 8.1
    endloop
  endfacet
  facet normal -0.382676 -0.923883 -0
    outer loop
      vertex 93.597 -41.6036 8.1
      vertex 92.4227 -41.1172 0
      vertex 93.597 -41.6036 0
    endloop
  endfacet
  facet normal 0 0 1
    outer loop
      vertex 227.133 33.6592 8.1
      vertex 232 33.9001 8.1
      vertex 231.9 35.1671 8.1
    endloop
  endfacet
  facet normal 0 0 1
    outer loop
      vertex 232 33.9001 8.1
      vertex 228 30.05 8.1
      vertex 232 -33.9001 8.1
    endloop
  endfacet
  facet normal 0 0 1
    outer loop
      vertex 227.133 33.6592 8.1
      vertex 231.9 35.1671 8.1
      vertex 231.604 36.403 8.1
    endloop
  endfacet
  facet normal -0 0 1
    outer loop
      vertex 228 -30.05 8.1
      vertex 232 -33.9001 8.1
      vertex 228 30.05 8.1
    endloop
  endfacet
  facet normal 0 0 1
    outer loop
      vertex 226.482 34.7229 8.1
      vertex 231.604 36.403 8.1
      vertex 231.117 37.5773 8.1
    endloop
  endfacet
  facet normal -0 0 1
    outer loop
      vertex 227.902 -31.2937 8.1
      vertex 232 -33.9001 8.1
      vertex 228 -30.05 8.1
    endloop
  endfacet
  facet normal 0 0 1
    outer loop
      vertex 226.482 34.7229 8.1
      vertex 231.117 37.5773 8.1
      vertex 230.453 38.6611 8.1
    endloop
  endfacet
  facet normal -0 0 1
    outer loop
      vertex 227.611 -32.5067 8.1
      vertex 232 -33.9001 8.1
      vertex 227.902 -31.2937 8.1
    endloop
  endfacet
  facet normal 0 0 1
    outer loop
      vertex 225.671 35.6715 8.1
      vertex 230.453 38.6611 8.1
      vertex 229.628 39.6276 8.1
    endloop
  endfacet
  facet normal -0 0 1
    outer loop
      vertex 227.133 -33.6592 8.1
      vertex 232 -33.9001 8.1
      vertex 227.611 -32.5067 8.1
    endloop
  endfacet
  facet normal 0 0 1
    outer loop
      vertex 225.671 35.6715 8.1
      vertex 229.628 39.6276 8.1
      vertex 228.661 40.453 8.1
    endloop
  endfacet
  facet normal 0 0 1
    outer loop
      vertex 232 -33.9001 8.1
      vertex 227.133 -33.6592 8.1
      vertex 231.9 -35.1671 8.1
    endloop
  endfacet
  facet normal 0 0 1
    outer loop
      vertex 231.9 -35.1671 8.1
      vertex 227.133 -33.6592 8.1
      vertex 231.604 -36.403 8.1
    endloop
  endfacet
  facet normal 0 0 1
    outer loop
      vertex 232 33.9001 8.1
      vertex 227.902 31.2937 8.1
      vertex 228 30.05 8.1
    endloop
  endfacet
  facet normal 0 0 1
    outer loop
      vertex 232 33.9001 8.1
      vertex 227.611 32.5067 8.1
      vertex 227.902 31.2937 8.1
    endloop
  endfacet
  facet normal 0 0 1
    outer loop
      vertex 224.723 36.4817 8.1
      vertex 228.661 40.453 8.1
      vertex 227.577 41.1172 8.1
    endloop
  endfacet
  facet normal 0 0 1
    outer loop
      vertex 232 33.9001 8.1
      vertex 227.133 33.6592 8.1
      vertex 227.611 32.5067 8.1
    endloop
  endfacet
  facet normal 0 0 1
    outer loop
      vertex 231.604 36.403 8.1
      vertex 226.482 34.7229 8.1
      vertex 227.133 33.6592 8.1
    endloop
  endfacet
  facet normal 0 0 1
    outer loop
      vertex 224.723 36.4817 8.1
      vertex 227.577 41.1172 8.1
      vertex 226.403 41.6036 8.1
    endloop
  endfacet
  facet normal 0 0 1
    outer loop
      vertex 230.453 38.6611 8.1
      vertex 225.671 35.6715 8.1
      vertex 226.482 34.7229 8.1
    endloop
  endfacet
  facet normal 0 0 1
    outer loop
      vertex 223.659 37.1335 8.1
      vertex 226.403 41.6036 8.1
      vertex 225.167 41.9003 8.1
    endloop
  endfacet
  facet normal 0 0 1
    outer loop
      vertex 228.661 40.453 8.1
      vertex 224.723 36.4817 8.1
      vertex 225.671 35.6715 8.1
    endloop
  endfacet
  facet normal 0 0 1
    outer loop
      vertex 223.659 37.1335 8.1
      vertex 225.167 41.9003 8.1
      vertex 223.9 42 8.1
    endloop
  endfacet
  facet normal 0 0 1
    outer loop
      vertex 226.403 41.6036 8.1
      vertex 223.659 37.1335 8.1
      vertex 224.723 36.4817 8.1
    endloop
  endfacet
  facet normal 0 0 1
    outer loop
      vertex 223.9 42 8.1
      vertex 222.507 37.6109 8.1
      vertex 223.659 37.1335 8.1
    endloop
  endfacet
  facet normal 0 0 1
    outer loop
      vertex 223.9 42 8.1
      vertex 221.294 37.9021 8.1
      vertex 222.507 37.6109 8.1
    endloop
  endfacet
  facet normal 0 0 1
    outer loop
      vertex 223.9 42 8.1
      vertex 220.05 38 8.1
      vertex 221.294 37.9021 8.1
    endloop
  endfacet
  facet normal 0 0 1
    outer loop
      vertex 223.9 42 8.1
      vertex 99.95 38 8.1
      vertex 220.05 38 8.1
    endloop
  endfacet
  facet normal -0 0 1
    outer loop
      vertex 96.0999 42 8.1
      vertex 99.95 38 8.1
      vertex 223.9 42 8.1
    endloop
  endfacet
  facet normal 0 0 1
    outer loop
      vertex 96.0999 42 8.1
      vertex 98.7063 37.9021 8.1
      vertex 99.95 38 8.1
    endloop
  endfacet
  facet normal 0 0 1
    outer loop
      vertex 96.0999 42 8.1
      vertex 97.4933 37.6109 8.1
      vertex 98.7063 37.9021 8.1
    endloop
  endfacet
  facet normal 0 0 1
    outer loop
      vertex 96.0999 42 8.1
      vertex 96.3408 37.1335 8.1
      vertex 97.4933 37.6109 8.1
    endloop
  endfacet
  facet normal -0 0 1
    outer loop
      vertex 94.8329 41.9003 8.1
      vertex 96.3408 37.1335 8.1
      vertex 96.0999 42 8.1
    endloop
  endfacet
  facet normal -0 0 1
    outer loop
      vertex 93.597 41.6036 8.1
      vertex 96.3408 37.1335 8.1
      vertex 94.8329 41.9003 8.1
    endloop
  endfacet
  facet normal 0 0 1
    outer loop
      vertex 96.3408 37.1335 8.1
      vertex 93.597 41.6036 8.1
      vertex 95.2771 36.4817 8.1
    endloop
  endfacet
  facet normal -0 0 1
    outer loop
      vertex 92.4227 41.1172 8.1
      vertex 95.2771 36.4817 8.1
      vertex 93.597 41.6036 8.1
    endloop
  endfacet
  facet normal -0 0 1
    outer loop
      vertex 91.3389 40.453 8.1
      vertex 95.2771 36.4817 8.1
      vertex 92.4227 41.1172 8.1
    endloop
  endfacet
  facet normal 0 0 1
    outer loop
      vertex 95.2771 36.4817 8.1
      vertex 91.3389 40.453 8.1
      vertex 94.3285 35.6715 8.1
    endloop
  endfacet
  facet normal -0 0 1
    outer loop
      vertex 90.3724 39.6276 8.1
      vertex 94.3285 35.6715 8.1
      vertex 91.3389 40.453 8.1
    endloop
  endfacet
  facet normal -0 0 1
    outer loop
      vertex 89.547 38.6611 8.1
      vertex 94.3285 35.6715 8.1
      vertex 90.3724 39.6276 8.1
    endloop
  endfacet
  facet normal 0 0 1
    outer loop
      vertex 94.3285 35.6715 8.1
      vertex 89.547 38.6611 8.1
      vertex 93.5183 34.7229 8.1
    endloop
  endfacet
  facet normal -0 0 1
    outer loop
      vertex 88.8829 37.5773 8.1
      vertex 93.5183 34.7229 8.1
      vertex 89.547 38.6611 8.1
    endloop
  endfacet
  facet normal 0 0 1
    outer loop
      vertex 93.5183 34.7229 8.1
      vertex 88.3964 36.403 8.1
      vertex 92.8665 33.6592 8.1
    endloop
  endfacet
  facet normal -0 0 1
    outer loop
      vertex 88.3964 36.403 8.1
      vertex 93.5183 34.7229 8.1
      vertex 88.8829 37.5773 8.1
    endloop
  endfacet
  facet normal -0 0 1
    outer loop
      vertex 226.482 -34.7229 8.1
      vertex 231.604 -36.403 8.1
      vertex 227.133 -33.6592 8.1
    endloop
  endfacet
  facet normal 0 0 1
    outer loop
      vertex 231.604 -36.403 8.1
      vertex 226.482 -34.7229 8.1
      vertex 231.117 -37.5773 8.1
    endloop
  endfacet
  facet normal 0 0 1
    outer loop
      vertex 231.117 -37.5773 8.1
      vertex 226.482 -34.7229 8.1
      vertex 230.453 -38.6611 8.1
    endloop
  endfacet
  facet normal -0 0 1
    outer loop
      vertex 225.671 -35.6715 8.1
      vertex 230.453 -38.6611 8.1
      vertex 226.482 -34.7229 8.1
    endloop
  endfacet
  facet normal 0 0 1
    outer loop
      vertex 230.453 -38.6611 8.1
      vertex 225.671 -35.6715 8.1
      vertex 229.628 -39.6276 8.1
    endloop
  endfacet
  facet normal 0 0 1
    outer loop
      vertex 229.628 -39.6276 8.1
      vertex 225.671 -35.6715 8.1
      vertex 228.661 -40.453 8.1
    endloop
  endfacet
  facet normal -0 0 1
    outer loop
      vertex 224.723 -36.4817 8.1
      vertex 228.661 -40.453 8.1
      vertex 225.671 -35.6715 8.1
    endloop
  endfacet
  facet normal 0 0 1
    outer loop
      vertex 228.661 -40.453 8.1
      vertex 224.723 -36.4817 8.1
      vertex 227.577 -41.1172 8.1
    endloop
  endfacet
  facet normal 0 0 1
    outer loop
      vertex 227.577 -41.1172 8.1
      vertex 224.723 -36.4817 8.1
      vertex 226.403 -41.6036 8.1
    endloop
  endfacet
  facet normal -0 0 1
    outer loop
      vertex 223.659 -37.1335 8.1
      vertex 226.403 -41.6036 8.1
      vertex 224.723 -36.4817 8.1
    endloop
  endfacet
  facet normal 0 0 1
    outer loop
      vertex 226.403 -41.6036 8.1
      vertex 223.659 -37.1335 8.1
      vertex 225.167 -41.9003 8.1
    endloop
  endfacet
  facet normal 0 0 1
    outer loop
      vertex 225.167 -41.9003 8.1
      vertex 223.659 -37.1335 8.1
      vertex 223.9 -42 8.1
    endloop
  endfacet
  facet normal -0 0 1
    outer loop
      vertex 222.507 -37.6109 8.1
      vertex 223.9 -42 8.1
      vertex 223.659 -37.1335 8.1
    endloop
  endfacet
  facet normal -0 0 1
    outer loop
      vertex 221.294 -37.9021 8.1
      vertex 223.9 -42 8.1
      vertex 222.507 -37.6109 8.1
    endloop
  endfacet
  facet normal -0 0 1
    outer loop
      vertex 220.05 -38 8.1
      vertex 223.9 -42 8.1
      vertex 221.294 -37.9021 8.1
    endloop
  endfacet
  facet normal -0 0 1
    outer loop
      vertex 99.95 -38 8.1
      vertex 223.9 -42 8.1
      vertex 220.05 -38 8.1
    endloop
  endfacet
  facet normal 0 0 1
    outer loop
      vertex 99.95 -38 8.1
      vertex 96.0999 -42 8.1
      vertex 223.9 -42 8.1
    endloop
  endfacet
  facet normal 0 0 1
    outer loop
      vertex 98.7063 -37.9021 8.1
      vertex 96.0999 -42 8.1
      vertex 99.95 -38 8.1
    endloop
  endfacet
  facet normal 0 0 1
    outer loop
      vertex 97.4933 -37.6109 8.1
      vertex 96.0999 -42 8.1
      vertex 98.7063 -37.9021 8.1
    endloop
  endfacet
  facet normal 0 0 1
    outer loop
      vertex 96.3408 -37.1335 8.1
      vertex 96.0999 -42 8.1
      vertex 97.4933 -37.6109 8.1
    endloop
  endfacet
  facet normal 0 0 1
    outer loop
      vertex 93.597 -41.6036 8.1
      vertex 96.3408 -37.1335 8.1
      vertex 95.2771 -36.4817 8.1
    endloop
  endfacet
  facet normal 0 0 1
    outer loop
      vertex 96.3408 -37.1335 8.1
      vertex 94.8329 -41.9003 8.1
      vertex 96.0999 -42 8.1
    endloop
  endfacet
  facet normal 0 0 1
    outer loop
      vertex 91.3389 -40.453 8.1
      vertex 95.2771 -36.4817 8.1
      vertex 94.3285 -35.6715 8.1
    endloop
  endfacet
  facet normal 0 0 1
    outer loop
      vertex 96.3408 -37.1335 8.1
      vertex 93.597 -41.6036 8.1
      vertex 94.8329 -41.9003 8.1
    endloop
  endfacet
  facet normal 0 0 1
    outer loop
      vertex 89.547 -38.6611 8.1
      vertex 94.3285 -35.6715 8.1
      vertex 93.5183 -34.7229 8.1
    endloop
  endfacet
  facet normal 0 0 1
    outer loop
      vertex 88.3964 -36.403 8.1
      vertex 93.5183 -34.7229 8.1
      vertex 92.8665 -33.6592 8.1
    endloop
  endfacet
  facet normal 0 0 1
    outer loop
      vertex 95.2771 -36.4817 8.1
      vertex 92.4227 -41.1172 8.1
      vertex 93.597 -41.6036 8.1
    endloop
  endfacet
  facet normal 0 0 1
    outer loop
      vertex 88 -33.9001 8.1
      vertex 92.8665 -33.6592 8.1
      vertex 92.3891 -32.5067 8.1
    endloop
  endfacet
  facet normal 0 0 1
    outer loop
      vertex 88 -33.9001 8.1
      vertex 92.3891 -32.5067 8.1
      vertex 92.0979 -31.2937 8.1
    endloop
  endfacet
  facet normal 0 0 1
    outer loop
      vertex 88 -33.9001 8.1
      vertex 92.0979 -31.2937 8.1
      vertex 92 -30.05 8.1
    endloop
  endfacet
  facet normal 0 0 1
    outer loop
      vertex 95.2771 -36.4817 8.1
      vertex 91.3389 -40.453 8.1
      vertex 92.4227 -41.1172 8.1
    endloop
  endfacet
  facet normal 0 0 1
    outer loop
      vertex 92 30.05 8.1
      vertex 88 33.9001 8.1
      vertex 92 -30.05 8.1
    endloop
  endfacet
  facet normal -0 0 1
    outer loop
      vertex 88.0997 35.1671 8.1
      vertex 92.8665 33.6592 8.1
      vertex 88.3964 36.403 8.1
    endloop
  endfacet
  facet normal 0 0 1
    outer loop
      vertex 88 -33.9001 8.1
      vertex 92 -30.05 8.1
      vertex 88 33.9001 8.1
    endloop
  endfacet
  facet normal -0 0 1
    outer loop
      vertex 88 33.9001 8.1
      vertex 92.8665 33.6592 8.1
      vertex 88.0997 35.1671 8.1
    endloop
  endfacet
  facet normal 0 0 1
    outer loop
      vertex 92.8665 -33.6592 8.1
      vertex 88 -33.9001 8.1
      vertex 88.0997 -35.1671 8.1
    endloop
  endfacet
  facet normal 0 0 1
    outer loop
      vertex 92.8665 33.6592 8.1
      vertex 88 33.9001 8.1
      vertex 92.3891 32.5067 8.1
    endloop
  endfacet
  facet normal 0 0 1
    outer loop
      vertex 94.3285 -35.6715 8.1
      vertex 90.3724 -39.6276 8.1
      vertex 91.3389 -40.453 8.1
    endloop
  endfacet
  facet normal 0 0 1
    outer loop
      vertex 92.3891 32.5067 8.1
      vertex 88 33.9001 8.1
      vertex 92.0979 31.2937 8.1
    endloop
  endfacet
  facet normal 0 0 1
    outer loop
      vertex 94.3285 -35.6715 8.1
      vertex 89.547 -38.6611 8.1
      vertex 90.3724 -39.6276 8.1
    endloop
  endfacet
  facet normal 0 0 1
    outer loop
      vertex 92.0979 31.2937 8.1
      vertex 88 33.9001 8.1
      vertex 92 30.05 8.1
    endloop
  endfacet
  facet normal 0 0 1
    outer loop
      vertex 93.5183 -34.7229 8.1
      vertex 88.8829 -37.5773 8.1
      vertex 89.547 -38.6611 8.1
    endloop
  endfacet
  facet normal 0 0 1
    outer loop
      vertex 93.5183 -34.7229 8.1
      vertex 88.3964 -36.403 8.1
      vertex 88.8829 -37.5773 8.1
    endloop
  endfacet
  facet normal 0 0 1
    outer loop
      vertex 92.8665 -33.6592 8.1
      vertex 88.0997 -35.1671 8.1
      vertex 88.3964 -36.403 8.1
    endloop
  endfacet
  facet normal -1 0 0
    outer loop
      vertex 88 -33.9001 0
      vertex 88 33.9001 8.1
      vertex 88 33.9001 0
    endloop
  endfacet
  facet normal -1 -0 0
    outer loop
      vertex 88 33.9001 8.1
      vertex 88 -33.9001 0
      vertex 88 -33.9001 8.1
    endloop
  endfacet
  facet normal -0.0784473 0.996918 0
    outer loop
      vertex 96.0999 42 0
      vertex 94.8329 41.9003 8.1
      vertex 96.0999 42 8.1
    endloop
  endfacet
  facet normal -0.0784473 0.996918 0
    outer loop
      vertex 94.8329 41.9003 8.1
      vertex 96.0999 42 0
      vertex 94.8329 41.9003 0
    endloop
  endfacet
  facet normal 1 -0 0
    outer loop
      vertex 232 -33.9001 8.1
      vertex 232 33.9001 0
      vertex 232 33.9001 8.1
    endloop
  endfacet
  facet normal 1 0 0
    outer loop
      vertex 232 33.9001 0
      vertex 232 -33.9001 8.1
      vertex 232 -33.9001 0
    endloop
  endfacet
  facet normal -0.233435 -0.972372 0
    outer loop
      vertex 93.597 -41.6036 0
      vertex 94.8329 -41.9003 8.1
      vertex 93.597 -41.6036 8.1
    endloop
  endfacet
  facet normal -0.233435 -0.972372 -0
    outer loop
      vertex 94.8329 -41.9003 8.1
      vertex 93.597 -41.6036 0
      vertex 94.8329 -41.9003 0
    endloop
  endfacet
  facet normal -0.760433 -0.649417 0
    outer loop
      vertex 90.3724 -39.6276 0
      vertex 89.547 -38.6611 8.1
      vertex 89.547 -38.6611 0
    endloop
  endfacet
  facet normal -0.760433 -0.649417 0
    outer loop
      vertex 89.547 -38.6611 8.1
      vertex 90.3724 -39.6276 0
      vertex 90.3724 -39.6276 8.1
    endloop
  endfacet
  facet normal -0.923855 -0.382743 0
    outer loop
      vertex 88.8829 -37.5773 0
      vertex 88.3964 -36.403 8.1
      vertex 88.3964 -36.403 0
    endloop
  endfacet
  facet normal -0.923855 -0.382743 0
    outer loop
      vertex 88.3964 -36.403 8.1
      vertex 88.8829 -37.5773 0
      vertex 88.8829 -37.5773 8.1
    endloop
  endfacet
  facet normal -0.522525 0.852624 0
    outer loop
      vertex 92.4227 41.1172 0
      vertex 91.3389 40.453 8.1
      vertex 92.4227 41.1172 8.1
    endloop
  endfacet
  facet normal -0.522525 0.852624 0
    outer loop
      vertex 91.3389 40.453 8.1
      vertex 92.4227 41.1172 0
      vertex 91.3389 40.453 0
    endloop
  endfacet
  facet normal 0.522455 0.852667 -0
    outer loop
      vertex 228.661 40.453 0
      vertex 227.577 41.1172 8.1
      vertex 228.661 40.453 8.1
    endloop
  endfacet
  facet normal 0.522455 0.852667 0
    outer loop
      vertex 227.577 41.1172 8.1
      vertex 228.661 40.453 0
      vertex 227.577 41.1172 0
    endloop
  endfacet
  facet normal 0.0784473 0.996918 -0
    outer loop
      vertex 225.167 41.9003 0
      vertex 223.9 42 8.1
      vertex 225.167 41.9003 8.1
    endloop
  endfacet
  facet normal 0.0784473 0.996918 0
    outer loop
      vertex 223.9 42 8.1
      vertex 225.167 41.9003 0
      vertex 223.9 42 0
    endloop
  endfacet
  facet normal 0 1 -0
    outer loop
      vertex 223.9 42 0
      vertex 96.0999 42 8.1
      vertex 223.9 42 8.1
    endloop
  endfacet
  facet normal 0 1 0
    outer loop
      vertex 96.0999 42 8.1
      vertex 223.9 42 0
      vertex 96.0999 42 0
    endloop
  endfacet
  facet normal 0.852694 -0.522411 0
    outer loop
      vertex 230.453 -38.6611 8.1
      vertex 231.117 -37.5773 0
      vertex 231.117 -37.5773 8.1
    endloop
  endfacet
  facet normal 0.852694 -0.522411 0
    outer loop
      vertex 231.117 -37.5773 0
      vertex 230.453 -38.6611 8.1
      vertex 230.453 -38.6611 0
    endloop
  endfacet
  facet normal 0.972497 -0.232915 0
    outer loop
      vertex 231.604 -36.403 8.1
      vertex 231.9 -35.1671 0
      vertex 231.9 -35.1671 8.1
    endloop
  endfacet
  facet normal 0.972497 -0.232915 0
    outer loop
      vertex 231.9 -35.1671 0
      vertex 231.604 -36.403 8.1
      vertex 231.604 -36.403 0
    endloop
  endfacet
  facet normal 0 -1 0
    outer loop
      vertex 96.0999 -42 0
      vertex 223.9 -42 8.1
      vertex 96.0999 -42 8.1
    endloop
  endfacet
  facet normal 0 -1 -0
    outer loop
      vertex 223.9 -42 8.1
      vertex 96.0999 -42 0
      vertex 223.9 -42 0
    endloop
  endfacet
  facet normal -0.0784473 -0.996918 0
    outer loop
      vertex 94.8329 -41.9003 0
      vertex 96.0999 -42 8.1
      vertex 94.8329 -41.9003 8.1
    endloop
  endfacet
  facet normal -0.0784473 -0.996918 -0
    outer loop
      vertex 96.0999 -42 8.1
      vertex 94.8329 -41.9003 0
      vertex 96.0999 -42 0
    endloop
  endfacet
  facet normal -0.649417 -0.760433 0
    outer loop
      vertex 90.3724 -39.6276 0
      vertex 91.3389 -40.453 8.1
      vertex 90.3724 -39.6276 8.1
    endloop
  endfacet
  facet normal -0.649417 -0.760433 -0
    outer loop
      vertex 91.3389 -40.453 8.1
      vertex 90.3724 -39.6276 0
      vertex 91.3389 -40.453 0
    endloop
  endfacet
  facet normal -0.972372 0.233435 0
    outer loop
      vertex 88.0997 35.1671 0
      vertex 88.3964 36.403 8.1
      vertex 88.3964 36.403 0
    endloop
  endfacet
  facet normal -0.972372 0.233435 0
    outer loop
      vertex 88.3964 36.403 8.1
      vertex 88.0997 35.1671 0
      vertex 88.0997 35.1671 8.1
    endloop
  endfacet
  facet normal -0.923855 0.382743 0
    outer loop
      vertex 88.3964 36.403 0
      vertex 88.8829 37.5773 8.1
      vertex 88.8829 37.5773 0
    endloop
  endfacet
  facet normal -0.923855 0.382743 0
    outer loop
      vertex 88.8829 37.5773 8.1
      vertex 88.3964 36.403 0
      vertex 88.3964 36.403 8.1
    endloop
  endfacet
  facet normal -0.760433 0.649417 0
    outer loop
      vertex 89.547 38.6611 0
      vertex 90.3724 39.6276 8.1
      vertex 90.3724 39.6276 0
    endloop
  endfacet
  facet normal -0.760433 0.649417 0
    outer loop
      vertex 90.3724 39.6276 8.1
      vertex 89.547 38.6611 0
      vertex 89.547 38.6611 8.1
    endloop
  endfacet
  facet normal -0.649417 0.760433 0
    outer loop
      vertex 91.3389 40.453 0
      vertex 90.3724 39.6276 8.1
      vertex 91.3389 40.453 8.1
    endloop
  endfacet
  facet normal -0.649417 0.760433 0
    outer loop
      vertex 90.3724 39.6276 8.1
      vertex 91.3389 40.453 0
      vertex 90.3724 39.6276 0
    endloop
  endfacet
  facet normal 0.233418 0.972377 -0
    outer loop
      vertex 226.403 41.6036 0
      vertex 225.167 41.9003 8.1
      vertex 226.403 41.6036 8.1
    endloop
  endfacet
  facet normal 0.233418 0.972377 0
    outer loop
      vertex 225.167 41.9003 8.1
      vertex 226.403 41.6036 0
      vertex 225.167 41.9003 0
    endloop
  endfacet
  facet normal 0.522455 -0.852667 0
    outer loop
      vertex 227.577 -41.1172 0
      vertex 228.661 -40.453 8.1
      vertex 227.577 -41.1172 8.1
    endloop
  endfacet
  facet normal 0.522455 -0.852667 0
    outer loop
      vertex 228.661 -40.453 8.1
      vertex 227.577 -41.1172 0
      vertex 228.661 -40.453 0
    endloop
  endfacet
  facet normal 0.923716 0.383079 0
    outer loop
      vertex 231.604 36.403 8.1
      vertex 231.117 37.5773 0
      vertex 231.117 37.5773 8.1
    endloop
  endfacet
  facet normal 0.923716 0.383079 0
    outer loop
      vertex 231.117 37.5773 0
      vertex 231.604 36.403 8.1
      vertex 231.604 36.403 0
    endloop
  endfacet
  facet normal 0.38276 -0.923848 0
    outer loop
      vertex 226.403 -41.6036 0
      vertex 227.577 -41.1172 8.1
      vertex 226.403 -41.6036 8.1
    endloop
  endfacet
  facet normal 0.38276 -0.923848 0
    outer loop
      vertex 227.577 -41.1172 8.1
      vertex 226.403 -41.6036 0
      vertex 227.577 -41.1172 0
    endloop
  endfacet
  facet normal -0.996918 -0.0784473 0
    outer loop
      vertex 88.0997 -35.1671 0
      vertex 88 -33.9001 8.1
      vertex 88 -33.9001 0
    endloop
  endfacet
  facet normal -0.996918 -0.0784473 0
    outer loop
      vertex 88 -33.9001 8.1
      vertex 88.0997 -35.1671 0
      vertex 88.0997 -35.1671 8.1
    endloop
  endfacet
  facet normal -0.972372 -0.233435 0
    outer loop
      vertex 88.3964 -36.403 0
      vertex 88.0997 -35.1671 8.1
      vertex 88.0997 -35.1671 0
    endloop
  endfacet
  facet normal -0.972372 -0.233435 0
    outer loop
      vertex 88.0997 -35.1671 8.1
      vertex 88.3964 -36.403 0
      vertex 88.3964 -36.403 8.1
    endloop
  endfacet
  facet normal -0.852659 -0.522468 0
    outer loop
      vertex 89.547 -38.6611 0
      vertex 88.8829 -37.5773 8.1
      vertex 88.8829 -37.5773 0
    endloop
  endfacet
  facet normal -0.852659 -0.522468 0
    outer loop
      vertex 88.8829 -37.5773 8.1
      vertex 89.547 -38.6611 0
      vertex 89.547 -38.6611 8.1
    endloop
  endfacet
  facet normal -0.852659 0.522468 0
    outer loop
      vertex 88.8829 37.5773 0
      vertex 89.547 38.6611 8.1
      vertex 89.547 38.6611 0
    endloop
  endfacet
  facet normal -0.852659 0.522468 0
    outer loop
      vertex 89.547 38.6611 8.1
      vertex 88.8829 37.5773 0
      vertex 88.8829 37.5773 8.1
    endloop
  endfacet
  facet normal -0.382676 0.923883 0
    outer loop
      vertex 93.597 41.6036 0
      vertex 92.4227 41.1172 8.1
      vertex 93.597 41.6036 8.1
    endloop
  endfacet
  facet normal -0.382676 0.923883 0
    outer loop
      vertex 92.4227 41.1172 8.1
      vertex 93.597 41.6036 0
      vertex 92.4227 41.1172 0
    endloop
  endfacet
  facet normal -0.233435 0.972372 0
    outer loop
      vertex 94.8329 41.9003 0
      vertex 93.597 41.6036 8.1
      vertex 94.8329 41.9003 8.1
    endloop
  endfacet
  facet normal -0.233435 0.972372 0
    outer loop
      vertex 93.597 41.6036 8.1
      vertex 94.8329 41.9003 0
      vertex 93.597 41.6036 0
    endloop
  endfacet
  facet normal 0.760588 -0.649235 0
    outer loop
      vertex 229.628 -39.6276 8.1
      vertex 230.453 -38.6611 0
      vertex 230.453 -38.6611 8.1
    endloop
  endfacet
  facet normal 0.760588 -0.649235 0
    outer loop
      vertex 230.453 -38.6611 0
      vertex 229.628 -39.6276 8.1
      vertex 229.628 -39.6276 0
    endloop
  endfacet
  facet normal 0.9969 -0.0786819 0
    outer loop
      vertex 231.9 -35.1671 8.1
      vertex 232 -33.9001 0
      vertex 232 -33.9001 8.1
    endloop
  endfacet
  facet normal 0.9969 -0.0786819 0
    outer loop
      vertex 232 -33.9001 0
      vertex 231.9 -35.1671 8.1
      vertex 231.9 -35.1671 0
    endloop
  endfacet
  facet normal 0.972497 0.232915 0
    outer loop
      vertex 231.9 35.1671 8.1
      vertex 231.604 36.403 0
      vertex 231.604 36.403 8.1
    endloop
  endfacet
  facet normal 0.972497 0.232915 0
    outer loop
      vertex 231.604 36.403 0
      vertex 231.9 35.1671 8.1
      vertex 231.9 35.1671 0
    endloop
  endfacet
  facet normal 0.9969 0.0786819 0
    outer loop
      vertex 232 33.9001 8.1
      vertex 231.9 35.1671 0
      vertex 231.9 35.1671 8.1
    endloop
  endfacet
  facet normal 0.9969 0.0786819 0
    outer loop
      vertex 231.9 35.1671 0
      vertex 232 33.9001 8.1
      vertex 232 33.9001 0
    endloop
  endfacet
  facet normal 0.233418 -0.972377 0
    outer loop
      vertex 225.167 -41.9003 0
      vertex 226.403 -41.6036 8.1
      vertex 225.167 -41.9003 8.1
    endloop
  endfacet
  facet normal 0.233418 -0.972377 0
    outer loop
      vertex 226.403 -41.6036 8.1
      vertex 225.167 -41.9003 0
      vertex 226.403 -41.6036 0
    endloop
  endfacet
  facet normal 0.0784473 -0.996918 0
    outer loop
      vertex 223.9 -42 0
      vertex 225.167 -41.9003 8.1
      vertex 223.9 -42 8.1
    endloop
  endfacet
  facet normal 0.0784473 -0.996918 0
    outer loop
      vertex 225.167 -41.9003 8.1
      vertex 223.9 -42 0
      vertex 225.167 -41.9003 0
    endloop
  endfacet
  facet normal 0 0 -1
    outer loop
      vertex 223.9 -42 0
      vertex 232 -33.9001 0
      vertex 231.9 -35.1671 0
    endloop
  endfacet
  facet normal -0 0 -1
    outer loop
      vertex 232 -33.9001 0
      vertex 223.9 -42 0
      vertex 232 33.9001 0
    endloop
  endfacet
  facet normal 0 0 -1
    outer loop
      vertex 223.9 -42 0
      vertex 231.9 -35.1671 0
      vertex 231.604 -36.403 0
    endloop
  endfacet
  facet normal 0 0 -1
    outer loop
      vertex 223.9 42 0
      vertex 232 33.9001 0
      vertex 223.9 -42 0
    endloop
  endfacet
  facet normal 0 0 -1
    outer loop
      vertex 223.9 -42 0
      vertex 231.604 -36.403 0
      vertex 231.117 -37.5773 0
    endloop
  endfacet
  facet normal 0 0 -1
    outer loop
      vertex 232 33.9001 0
      vertex 223.9 42 0
      vertex 231.9 35.1671 0
    endloop
  endfacet
  facet normal 0 0 -1
    outer loop
      vertex 223.9 -42 0
      vertex 231.117 -37.5773 0
      vertex 230.453 -38.6611 0
    endloop
  endfacet
  facet normal 0 0 -1
    outer loop
      vertex 231.9 35.1671 0
      vertex 223.9 42 0
      vertex 231.604 36.403 0
    endloop
  endfacet
  facet normal 0 0 -1
    outer loop
      vertex 223.9 -42 0
      vertex 230.453 -38.6611 0
      vertex 229.628 -39.6276 0
    endloop
  endfacet
  facet normal 0 0 -1
    outer loop
      vertex 231.604 36.403 0
      vertex 223.9 42 0
      vertex 231.117 37.5773 0
    endloop
  endfacet
  facet normal 0 0 -1
    outer loop
      vertex 223.9 -42 0
      vertex 229.628 -39.6276 0
      vertex 228.661 -40.453 0
    endloop
  endfacet
  facet normal 0 0 -1
    outer loop
      vertex 231.117 37.5773 0
      vertex 223.9 42 0
      vertex 230.453 38.6611 0
    endloop
  endfacet
  facet normal 0 0 -1
    outer loop
      vertex 223.9 -42 0
      vertex 228.661 -40.453 0
      vertex 227.577 -41.1172 0
    endloop
  endfacet
  facet normal 0 0 -1
    outer loop
      vertex 230.453 38.6611 0
      vertex 223.9 42 0
      vertex 229.628 39.6276 0
    endloop
  endfacet
  facet normal 0 0 -1
    outer loop
      vertex 223.9 -42 0
      vertex 227.577 -41.1172 0
      vertex 226.403 -41.6036 0
    endloop
  endfacet
  facet normal 0 0 -1
    outer loop
      vertex 229.628 39.6276 0
      vertex 223.9 42 0
      vertex 228.661 40.453 0
    endloop
  endfacet
  facet normal 0 0 -1
    outer loop
      vertex 223.9 -42 0
      vertex 226.403 -41.6036 0
      vertex 225.167 -41.9003 0
    endloop
  endfacet
  facet normal 0 0 -1
    outer loop
      vertex 228.661 40.453 0
      vertex 223.9 42 0
      vertex 227.577 41.1172 0
    endloop
  endfacet
  facet normal 0 0 -1
    outer loop
      vertex 227.577 41.1172 0
      vertex 223.9 42 0
      vertex 226.403 41.6036 0
    endloop
  endfacet
  facet normal 0 0 -1
    outer loop
      vertex 226.403 41.6036 0
      vertex 223.9 42 0
      vertex 225.167 41.9003 0
    endloop
  endfacet
  facet normal 0 0 -1
    outer loop
      vertex 96.0999 -42 0
      vertex 223.9 42 0
      vertex 223.9 -42 0
    endloop
  endfacet
  facet normal 0 0 -1
    outer loop
      vertex 96.0999 -42 0
      vertex 96.0999 42 0
      vertex 223.9 42 0
    endloop
  endfacet
  facet normal 0 0 -1
    outer loop
      vertex 88 -33.9001 0
      vertex 96.0999 -42 0
      vertex 94.8329 -41.9003 0
    endloop
  endfacet
  facet normal 0 0 -1
    outer loop
      vertex 96.0999 -42 0
      vertex 88 -33.9001 0
      vertex 96.0999 42 0
    endloop
  endfacet
  facet normal 0 0 -1
    outer loop
      vertex 88 -33.9001 0
      vertex 94.8329 -41.9003 0
      vertex 93.597 -41.6036 0
    endloop
  endfacet
  facet normal 0 0 -1
    outer loop
      vertex 88 33.9001 0
      vertex 96.0999 42 0
      vertex 88 -33.9001 0
    endloop
  endfacet
  facet normal 0 0 -1
    outer loop
      vertex 88 -33.9001 0
      vertex 93.597 -41.6036 0
      vertex 92.4227 -41.1172 0
    endloop
  endfacet
  facet normal 0 0 -1
    outer loop
      vertex 96.0999 42 0
      vertex 88 33.9001 0
      vertex 94.8329 41.9003 0
    endloop
  endfacet
  facet normal 0 0 -1
    outer loop
      vertex 88 -33.9001 0
      vertex 92.4227 -41.1172 0
      vertex 91.3389 -40.453 0
    endloop
  endfacet
  facet normal 0 0 -1
    outer loop
      vertex 94.8329 41.9003 0
      vertex 88 33.9001 0
      vertex 93.597 41.6036 0
    endloop
  endfacet
  facet normal 0 0 -1
    outer loop
      vertex 88 -33.9001 0
      vertex 91.3389 -40.453 0
      vertex 90.3724 -39.6276 0
    endloop
  endfacet
  facet normal 0 0 -1
    outer loop
      vertex 93.597 41.6036 0
      vertex 88 33.9001 0
      vertex 92.4227 41.1172 0
    endloop
  endfacet
  facet normal 0 0 -1
    outer loop
      vertex 88 -33.9001 0
      vertex 90.3724 -39.6276 0
      vertex 89.547 -38.6611 0
    endloop
  endfacet
  facet normal 0 0 -1
    outer loop
      vertex 92.4227 41.1172 0
      vertex 88 33.9001 0
      vertex 91.3389 40.453 0
    endloop
  endfacet
  facet normal 0 0 -1
    outer loop
      vertex 88 -33.9001 0
      vertex 89.547 -38.6611 0
      vertex 88.8829 -37.5773 0
    endloop
  endfacet
  facet normal 0 0 -1
    outer loop
      vertex 91.3389 40.453 0
      vertex 88 33.9001 0
      vertex 90.3724 39.6276 0
    endloop
  endfacet
  facet normal 0 0 -1
    outer loop
      vertex 88 -33.9001 0
      vertex 88.8829 -37.5773 0
      vertex 88.3964 -36.403 0
    endloop
  endfacet
  facet normal 0 0 -1
    outer loop
      vertex 90.3724 39.6276 0
      vertex 88 33.9001 0
      vertex 89.547 38.6611 0
    endloop
  endfacet
  facet normal 0 0 -1
    outer loop
      vertex 88 -33.9001 0
      vertex 88.3964 -36.403 0
      vertex 88.0997 -35.1671 0
    endloop
  endfacet
  facet normal 0 0 -1
    outer loop
      vertex 89.547 38.6611 0
      vertex 88 33.9001 0
      vertex 88.8829 37.5773 0
    endloop
  endfacet
  facet normal 0 0 -1
    outer loop
      vertex 88.8829 37.5773 0
      vertex 88 33.9001 0
      vertex 88.3964 36.403 0
    endloop
  endfacet
  facet normal 0 0 -1
    outer loop
      vertex 88.3964 36.403 0
      vertex 88 33.9001 0
      vertex 88.0997 35.1671 0
    endloop
  endfacet
  facet normal 0.923716 -0.383079 0
    outer loop
      vertex 231.117 -37.5773 8.1
      vertex 231.604 -36.403 0
      vertex 231.604 -36.403 8.1
    endloop
  endfacet
  facet normal 0.923716 -0.383079 0
    outer loop
      vertex 231.604 -36.403 0
      vertex 231.117 -37.5773 8.1
      vertex 231.117 -37.5773 0
    endloop
  endfacet
  facet normal 0.649222 -0.760599 0
    outer loop
      vertex 228.661 -40.453 0
      vertex 229.628 -39.6276 8.1
      vertex 228.661 -40.453 8.1
    endloop
  endfacet
  facet normal 0.649222 -0.760599 0
    outer loop
      vertex 229.628 -39.6276 8.1
      vertex 228.661 -40.453 0
      vertex 229.628 -39.6276 0
    endloop
  endfacet
  facet normal 0.649222 0.760599 -0
    outer loop
      vertex 229.628 39.6276 0
      vertex 228.661 40.453 8.1
      vertex 229.628 39.6276 8.1
    endloop
  endfacet
  facet normal 0.649222 0.760599 0
    outer loop
      vertex 228.661 40.453 8.1
      vertex 229.628 39.6276 0
      vertex 228.661 40.453 0
    endloop
  endfacet
  facet normal 0.760588 0.649235 0
    outer loop
      vertex 230.453 38.6611 8.1
      vertex 229.628 39.6276 0
      vertex 229.628 39.6276 8.1
    endloop
  endfacet
  facet normal 0.760588 0.649235 0
    outer loop
      vertex 229.628 39.6276 0
      vertex 230.453 38.6611 8.1
      vertex 230.453 38.6611 0
    endloop
  endfacet
  facet normal 0.852694 0.522411 0
    outer loop
      vertex 231.117 37.5773 8.1
      vertex 230.453 38.6611 0
      vertex 230.453 38.6611 8.1
    endloop
  endfacet
  facet normal 0.852694 0.522411 0
    outer loop
      vertex 230.453 38.6611 0
      vertex 231.117 37.5773 8.1
      vertex 231.117 37.5773 0
    endloop
  endfacet
  facet normal 0.522594 0.852581 -0
    outer loop
      vertex 165.04 6.93732 8.1
      vertex 163.893 7.64038 11.1
      vertex 165.04 6.93732 11.1
    endloop
  endfacet
  facet normal 0.522594 0.852581 0
    outer loop
      vertex 163.893 7.64038 11.1
      vertex 165.04 6.93732 8.1
      vertex 163.893 7.64038 8.1
    endloop
  endfacet
  facet normal 0.996892 -0.0787752 0
    outer loop
      vertex 168.469 -1.34142 11.1
      vertex 168.575 0 8.1
      vertex 168.575 0 11.1
    endloop
  endfacet
  facet normal 0.996892 -0.0787752 0
    outer loop
      vertex 168.575 0 8.1
      vertex 168.469 -1.34142 11.1
      vertex 168.469 -1.34142 8.1
    endloop
  endfacet
  facet normal -0.382723 0.923863 0
    outer loop
      vertex 157.35 8.15531 8.1
      vertex 156.107 7.64038 11.1
      vertex 157.35 8.15531 11.1
    endloop
  endfacet
  facet normal -0.382723 0.923863 0
    outer loop
      vertex 156.107 7.64038 11.1
      vertex 157.35 8.15531 8.1
      vertex 156.107 7.64038 8.1
    endloop
  endfacet
  facet normal -0.85266 0.522466 0
    outer loop
      vertex 152.36 3.89297 8.1
      vertex 153.063 5.04026 11.1
      vertex 153.063 5.04026 8.1
    endloop
  endfacet
  facet normal -0.85266 0.522466 0
    outer loop
      vertex 153.063 5.04026 11.1
      vertex 152.36 3.89297 8.1
      vertex 152.36 3.89297 11.1
    endloop
  endfacet
  facet normal 0.85266 0.522466 0
    outer loop
      vertex 167.64 3.89297 11.1
      vertex 166.937 5.04026 8.1
      vertex 166.937 5.04026 11.1
    endloop
  endfacet
  facet normal 0.85266 0.522466 0
    outer loop
      vertex 166.937 5.04026 8.1
      vertex 167.64 3.89297 11.1
      vertex 167.64 3.89297 8.1
    endloop
  endfacet
  facet normal 0.760361 0.6495 0
    outer loop
      vertex 166.937 5.04026 11.1
      vertex 166.063 6.06344 8.1
      vertex 166.063 6.06344 11.1
    endloop
  endfacet
  facet normal 0.760361 0.6495 0
    outer loop
      vertex 166.063 6.06344 8.1
      vertex 166.937 5.04026 11.1
      vertex 166.937 5.04026 8.1
    endloop
  endfacet
  facet normal 0.649515 0.760349 -0
    outer loop
      vertex 166.063 6.06344 8.1
      vertex 165.04 6.93732 11.1
      vertex 166.063 6.06344 11.1
    endloop
  endfacet
  facet normal 0.649515 0.760349 0
    outer loop
      vertex 165.04 6.93732 11.1
      vertex 166.063 6.06344 8.1
      vertex 165.04 6.93732 8.1
    endloop
  endfacet
  facet normal 0.382723 0.923863 -0
    outer loop
      vertex 163.893 7.64038 8.1
      vertex 162.65 8.15531 11.1
      vertex 163.893 7.64038 11.1
    endloop
  endfacet
  facet normal 0.382723 0.923863 0
    outer loop
      vertex 162.65 8.15531 11.1
      vertex 163.893 7.64038 8.1
      vertex 162.65 8.15531 8.1
    endloop
  endfacet
  facet normal 0.078482 0.996916 -0
    outer loop
      vertex 161.341 8.46943 8.1
      vertex 160 8.575 11.1
      vertex 161.341 8.46943 11.1
    endloop
  endfacet
  facet normal 0.078482 0.996916 0
    outer loop
      vertex 160 8.575 11.1
      vertex 161.341 8.46943 8.1
      vertex 160 8.575 8.1
    endloop
  endfacet
  facet normal -0.996892 0.0787752 0
    outer loop
      vertex 151.425 0 8.1
      vertex 151.531 1.34142 11.1
      vertex 151.531 1.34142 8.1
    endloop
  endfacet
  facet normal -0.996892 0.0787752 0
    outer loop
      vertex 151.531 1.34142 11.1
      vertex 151.425 0 8.1
      vertex 151.425 0 11.1
    endloop
  endfacet
  facet normal -0.760361 0.6495 0
    outer loop
      vertex 153.063 5.04026 8.1
      vertex 153.937 6.06344 11.1
      vertex 153.937 6.06344 8.1
    endloop
  endfacet
  facet normal -0.760361 0.6495 0
    outer loop
      vertex 153.937 6.06344 11.1
      vertex 153.063 5.04026 8.1
      vertex 153.063 5.04026 11.1
    endloop
  endfacet
  facet normal -0.522594 0.852581 0
    outer loop
      vertex 156.107 7.64038 8.1
      vertex 154.96 6.93732 11.1
      vertex 156.107 7.64038 11.1
    endloop
  endfacet
  facet normal -0.522594 0.852581 0
    outer loop
      vertex 154.96 6.93732 11.1
      vertex 156.107 7.64038 8.1
      vertex 154.96 6.93732 8.1
    endloop
  endfacet
  facet normal -0.078482 0.996916 0
    outer loop
      vertex 160 8.575 8.1
      vertex 158.659 8.46943 11.1
      vertex 160 8.575 11.1
    endloop
  endfacet
  facet normal -0.078482 0.996916 0
    outer loop
      vertex 158.659 8.46943 11.1
      vertex 160 8.575 8.1
      vertex 158.659 8.46943 8.1
    endloop
  endfacet
  facet normal -0.649515 0.760349 0
    outer loop
      vertex 154.96 6.93732 8.1
      vertex 153.937 6.06344 11.1
      vertex 154.96 6.93732 11.1
    endloop
  endfacet
  facet normal -0.649515 0.760349 0
    outer loop
      vertex 153.937 6.06344 11.1
      vertex 154.96 6.93732 8.1
      vertex 153.937 6.06344 8.1
    endloop
  endfacet
  facet normal 0.996892 0.0787752 0
    outer loop
      vertex 168.575 0 11.1
      vertex 168.469 1.34142 8.1
      vertex 168.469 1.34142 11.1
    endloop
  endfacet
  facet normal 0.996892 0.0787752 0
    outer loop
      vertex 168.469 1.34142 8.1
      vertex 168.575 0 11.1
      vertex 168.575 0 8.1
    endloop
  endfacet
  facet normal 0.078482 -0.996916 0
    outer loop
      vertex 160 -8.575 8.1
      vertex 161.341 -8.46943 11.1
      vertex 160 -8.575 11.1
    endloop
  endfacet
  facet normal 0.078482 -0.996916 0
    outer loop
      vertex 161.341 -8.46943 11.1
      vertex 160 -8.575 8.1
      vertex 161.341 -8.46943 8.1
    endloop
  endfacet
  facet normal 0.97239 -0.233362 0
    outer loop
      vertex 168.155 -2.64982 11.1
      vertex 168.469 -1.34142 8.1
      vertex 168.469 -1.34142 11.1
    endloop
  endfacet
  facet normal 0.97239 -0.233362 0
    outer loop
      vertex 168.469 -1.34142 8.1
      vertex 168.155 -2.64982 11.1
      vertex 168.155 -2.64982 8.1
    endloop
  endfacet
  facet normal 0.522594 -0.852581 0
    outer loop
      vertex 163.893 -7.64038 8.1
      vertex 165.04 -6.93732 11.1
      vertex 163.893 -7.64038 11.1
    endloop
  endfacet
  facet normal 0.522594 -0.852581 0
    outer loop
      vertex 165.04 -6.93732 11.1
      vertex 163.893 -7.64038 8.1
      vertex 165.04 -6.93732 8.1
    endloop
  endfacet
  facet normal -0.078482 -0.996916 0
    outer loop
      vertex 158.659 -8.46943 8.1
      vertex 160 -8.575 11.1
      vertex 158.659 -8.46943 11.1
    endloop
  endfacet
  facet normal -0.078482 -0.996916 -0
    outer loop
      vertex 160 -8.575 11.1
      vertex 158.659 -8.46943 8.1
      vertex 160 -8.575 8.1
    endloop
  endfacet
  facet normal -0.649515 -0.760349 0
    outer loop
      vertex 153.937 -6.06344 8.1
      vertex 154.96 -6.93732 11.1
      vertex 153.937 -6.06344 11.1
    endloop
  endfacet
  facet normal -0.649515 -0.760349 -0
    outer loop
      vertex 154.96 -6.93732 11.1
      vertex 153.937 -6.06344 8.1
      vertex 154.96 -6.93732 8.1
    endloop
  endfacet
  facet normal -0.85266 -0.522466 0
    outer loop
      vertex 153.063 -5.04026 8.1
      vertex 152.36 -3.89297 11.1
      vertex 152.36 -3.89297 8.1
    endloop
  endfacet
  facet normal -0.85266 -0.522466 0
    outer loop
      vertex 152.36 -3.89297 11.1
      vertex 153.063 -5.04026 8.1
      vertex 153.063 -5.04026 11.1
    endloop
  endfacet
  facet normal -0.996892 -0.0787752 0
    outer loop
      vertex 151.531 -1.34142 8.1
      vertex 151.425 0 11.1
      vertex 151.425 0 8.1
    endloop
  endfacet
  facet normal -0.996892 -0.0787752 0
    outer loop
      vertex 151.425 0 11.1
      vertex 151.531 -1.34142 8.1
      vertex 151.531 -1.34142 11.1
    endloop
  endfacet
  facet normal 0.923861 0.382728 0
    outer loop
      vertex 168.155 2.64982 11.1
      vertex 167.64 3.89297 8.1
      vertex 167.64 3.89297 11.1
    endloop
  endfacet
  facet normal 0.923861 0.382728 0
    outer loop
      vertex 167.64 3.89297 8.1
      vertex 168.155 2.64982 11.1
      vertex 168.155 2.64982 8.1
    endloop
  endfacet
  facet normal 0.233345 0.972394 -0
    outer loop
      vertex 162.65 8.15531 8.1
      vertex 161.341 8.46943 11.1
      vertex 162.65 8.15531 11.1
    endloop
  endfacet
  facet normal 0.233345 0.972394 0
    outer loop
      vertex 161.341 8.46943 11.1
      vertex 162.65 8.15531 8.1
      vertex 161.341 8.46943 8.1
    endloop
  endfacet
  facet normal 0 0 1
    outer loop
      vertex 167.65 0 11.1
      vertex 168.575 0 11.1
      vertex 168.469 1.34142 11.1
    endloop
  endfacet
  facet normal 0 0 1
    outer loop
      vertex 167.556 1.19672 11.1
      vertex 168.469 1.34142 11.1
      vertex 168.155 2.64982 11.1
    endloop
  endfacet
  facet normal 0 0 1
    outer loop
      vertex 168.575 0 11.1
      vertex 167.65 0 11.1
      vertex 168.469 -1.34142 11.1
    endloop
  endfacet
  facet normal -0 0 1
    outer loop
      vertex 167.556 -1.19672 11.1
      vertex 168.469 -1.34142 11.1
      vertex 167.65 0 11.1
    endloop
  endfacet
  facet normal 0 0 1
    outer loop
      vertex 167.276 2.36398 11.1
      vertex 168.155 2.64982 11.1
      vertex 167.64 3.89297 11.1
    endloop
  endfacet
  facet normal 0 0 1
    outer loop
      vertex 168.469 1.34142 11.1
      vertex 167.556 1.19672 11.1
      vertex 167.65 0 11.1
    endloop
  endfacet
  facet normal 0 0 1
    outer loop
      vertex 168.155 2.64982 11.1
      vertex 167.276 2.36398 11.1
      vertex 167.556 1.19672 11.1
    endloop
  endfacet
  facet normal 0 0 1
    outer loop
      vertex 166.816 3.47303 11.1
      vertex 167.64 3.89297 11.1
      vertex 166.937 5.04026 11.1
    endloop
  endfacet
  facet normal 0 0 1
    outer loop
      vertex 167.64 3.89297 11.1
      vertex 166.816 3.47303 11.1
      vertex 167.276 2.36398 11.1
    endloop
  endfacet
  facet normal 0 0 1
    outer loop
      vertex 166.937 5.04026 11.1
      vertex 166.189 4.49656 11.1
      vertex 166.816 3.47303 11.1
    endloop
  endfacet
  facet normal 0 0 1
    outer loop
      vertex 166.063 6.06344 11.1
      vertex 166.189 4.49656 11.1
      vertex 166.937 5.04026 11.1
    endloop
  endfacet
  facet normal 0 0 1
    outer loop
      vertex 166.063 6.06344 11.1
      vertex 165.409 5.40937 11.1
      vertex 166.189 4.49656 11.1
    endloop
  endfacet
  facet normal 0 0 1
    outer loop
      vertex 165.04 6.93732 11.1
      vertex 165.409 5.40937 11.1
      vertex 166.063 6.06344 11.1
    endloop
  endfacet
  facet normal 0 0 1
    outer loop
      vertex 165.04 6.93732 11.1
      vertex 164.497 6.18898 11.1
      vertex 165.409 5.40937 11.1
    endloop
  endfacet
  facet normal 0 0 1
    outer loop
      vertex 163.893 7.64038 11.1
      vertex 164.497 6.18898 11.1
      vertex 165.04 6.93732 11.1
    endloop
  endfacet
  facet normal 0 0 1
    outer loop
      vertex 163.893 7.64038 11.1
      vertex 163.473 6.8162 11.1
      vertex 164.497 6.18898 11.1
    endloop
  endfacet
  facet normal 0 0 1
    outer loop
      vertex 162.65 8.15531 11.1
      vertex 163.473 6.8162 11.1
      vertex 163.893 7.64038 11.1
    endloop
  endfacet
  facet normal 0 0 1
    outer loop
      vertex 162.65 8.15531 11.1
      vertex 162.364 7.27558 11.1
      vertex 163.473 6.8162 11.1
    endloop
  endfacet
  facet normal 0 0 1
    outer loop
      vertex 161.341 8.46943 11.1
      vertex 162.364 7.27558 11.1
      vertex 162.65 8.15531 11.1
    endloop
  endfacet
  facet normal 0 0 1
    outer loop
      vertex 161.341 8.46943 11.1
      vertex 161.197 7.55582 11.1
      vertex 162.364 7.27558 11.1
    endloop
  endfacet
  facet normal 0 0 1
    outer loop
      vertex 160 8.575 11.1
      vertex 161.197 7.55582 11.1
      vertex 161.341 8.46943 11.1
    endloop
  endfacet
  facet normal 0 0 1
    outer loop
      vertex 160 8.575 11.1
      vertex 160 7.65 11.1
      vertex 161.197 7.55582 11.1
    endloop
  endfacet
  facet normal 0 0 1
    outer loop
      vertex 160 8.575 11.1
      vertex 158.803 7.55582 11.1
      vertex 160 7.65 11.1
    endloop
  endfacet
  facet normal -0 0 1
    outer loop
      vertex 158.659 8.46943 11.1
      vertex 158.803 7.55582 11.1
      vertex 160 8.575 11.1
    endloop
  endfacet
  facet normal 0 0 1
    outer loop
      vertex 158.659 8.46943 11.1
      vertex 157.636 7.27558 11.1
      vertex 158.803 7.55582 11.1
    endloop
  endfacet
  facet normal -0 0 1
    outer loop
      vertex 157.35 8.15531 11.1
      vertex 157.636 7.27558 11.1
      vertex 158.659 8.46943 11.1
    endloop
  endfacet
  facet normal 0 0 1
    outer loop
      vertex 157.35 8.15531 11.1
      vertex 156.527 6.8162 11.1
      vertex 157.636 7.27558 11.1
    endloop
  endfacet
  facet normal -0 0 1
    outer loop
      vertex 156.107 7.64038 11.1
      vertex 156.527 6.8162 11.1
      vertex 157.35 8.15531 11.1
    endloop
  endfacet
  facet normal 0 0 1
    outer loop
      vertex 156.107 7.64038 11.1
      vertex 155.503 6.18898 11.1
      vertex 156.527 6.8162 11.1
    endloop
  endfacet
  facet normal -0 0 1
    outer loop
      vertex 154.96 6.93732 11.1
      vertex 155.503 6.18898 11.1
      vertex 156.107 7.64038 11.1
    endloop
  endfacet
  facet normal 0 0 1
    outer loop
      vertex 154.96 6.93732 11.1
      vertex 154.591 5.40937 11.1
      vertex 155.503 6.18898 11.1
    endloop
  endfacet
  facet normal -0 0 1
    outer loop
      vertex 153.937 6.06344 11.1
      vertex 154.591 5.40937 11.1
      vertex 154.96 6.93732 11.1
    endloop
  endfacet
  facet normal 0 0 1
    outer loop
      vertex 153.937 6.06344 11.1
      vertex 153.811 4.49656 11.1
      vertex 154.591 5.40937 11.1
    endloop
  endfacet
  facet normal -0 0 1
    outer loop
      vertex 153.063 5.04026 11.1
      vertex 153.811 4.49656 11.1
      vertex 153.937 6.06344 11.1
    endloop
  endfacet
  facet normal 0 0 1
    outer loop
      vertex 153.811 4.49656 11.1
      vertex 153.063 5.04026 11.1
      vertex 153.184 3.47303 11.1
    endloop
  endfacet
  facet normal -0 0 1
    outer loop
      vertex 152.36 3.89297 11.1
      vertex 153.184 3.47303 11.1
      vertex 153.063 5.04026 11.1
    endloop
  endfacet
  facet normal 0 0 1
    outer loop
      vertex 153.184 3.47303 11.1
      vertex 152.36 3.89297 11.1
      vertex 152.724 2.36398 11.1
    endloop
  endfacet
  facet normal -0 0 1
    outer loop
      vertex 151.845 2.64982 11.1
      vertex 152.724 2.36398 11.1
      vertex 152.36 3.89297 11.1
    endloop
  endfacet
  facet normal 0 0 1
    outer loop
      vertex 152.724 2.36398 11.1
      vertex 151.845 2.64982 11.1
      vertex 152.444 1.19672 11.1
    endloop
  endfacet
  facet normal -0 0 1
    outer loop
      vertex 151.531 1.34142 11.1
      vertex 152.444 1.19672 11.1
      vertex 151.845 2.64982 11.1
    endloop
  endfacet
  facet normal 0 0 1
    outer loop
      vertex 168.469 -1.34142 11.1
      vertex 167.556 -1.19672 11.1
      vertex 168.155 -2.64982 11.1
    endloop
  endfacet
  facet normal -0 0 1
    outer loop
      vertex 167.276 -2.36398 11.1
      vertex 168.155 -2.64982 11.1
      vertex 167.556 -1.19672 11.1
    endloop
  endfacet
  facet normal 0 0 1
    outer loop
      vertex 168.155 -2.64982 11.1
      vertex 167.276 -2.36398 11.1
      vertex 167.64 -3.89297 11.1
    endloop
  endfacet
  facet normal -0 0 1
    outer loop
      vertex 166.816 -3.47303 11.1
      vertex 167.64 -3.89297 11.1
      vertex 167.276 -2.36398 11.1
    endloop
  endfacet
  facet normal 0 0 1
    outer loop
      vertex 167.64 -3.89297 11.1
      vertex 166.816 -3.47303 11.1
      vertex 166.937 -5.04026 11.1
    endloop
  endfacet
  facet normal -0 0 1
    outer loop
      vertex 166.189 -4.49656 11.1
      vertex 166.937 -5.04026 11.1
      vertex 166.816 -3.47303 11.1
    endloop
  endfacet
  facet normal 0 0 1
    outer loop
      vertex 166.189 -4.49656 11.1
      vertex 166.063 -6.06344 11.1
      vertex 166.937 -5.04026 11.1
    endloop
  endfacet
  facet normal -0 0 1
    outer loop
      vertex 165.409 -5.40937 11.1
      vertex 166.063 -6.06344 11.1
      vertex 166.189 -4.49656 11.1
    endloop
  endfacet
  facet normal 0 0 1
    outer loop
      vertex 165.409 -5.40937 11.1
      vertex 165.04 -6.93732 11.1
      vertex 166.063 -6.06344 11.1
    endloop
  endfacet
  facet normal -0 0 1
    outer loop
      vertex 164.497 -6.18898 11.1
      vertex 165.04 -6.93732 11.1
      vertex 165.409 -5.40937 11.1
    endloop
  endfacet
  facet normal 0 0 1
    outer loop
      vertex 164.497 -6.18898 11.1
      vertex 163.893 -7.64038 11.1
      vertex 165.04 -6.93732 11.1
    endloop
  endfacet
  facet normal -0 0 1
    outer loop
      vertex 163.473 -6.8162 11.1
      vertex 163.893 -7.64038 11.1
      vertex 164.497 -6.18898 11.1
    endloop
  endfacet
  facet normal 0 0 1
    outer loop
      vertex 163.473 -6.8162 11.1
      vertex 162.65 -8.15531 11.1
      vertex 163.893 -7.64038 11.1
    endloop
  endfacet
  facet normal -0 0 1
    outer loop
      vertex 162.364 -7.27558 11.1
      vertex 162.65 -8.15531 11.1
      vertex 163.473 -6.8162 11.1
    endloop
  endfacet
  facet normal 0 0 1
    outer loop
      vertex 162.364 -7.27558 11.1
      vertex 161.341 -8.46943 11.1
      vertex 162.65 -8.15531 11.1
    endloop
  endfacet
  facet normal -0 0 1
    outer loop
      vertex 161.197 -7.55582 11.1
      vertex 161.341 -8.46943 11.1
      vertex 162.364 -7.27558 11.1
    endloop
  endfacet
  facet normal -0 0 1
    outer loop
      vertex 160 -7.65 11.1
      vertex 161.341 -8.46943 11.1
      vertex 161.197 -7.55582 11.1
    endloop
  endfacet
  facet normal 0 0 1
    outer loop
      vertex 160 -7.65 11.1
      vertex 160 -8.575 11.1
      vertex 161.341 -8.46943 11.1
    endloop
  endfacet
  facet normal 0 0 1
    outer loop
      vertex 158.803 -7.55582 11.1
      vertex 160 -8.575 11.1
      vertex 160 -7.65 11.1
    endloop
  endfacet
  facet normal 0 0 1
    outer loop
      vertex 158.803 -7.55582 11.1
      vertex 158.659 -8.46943 11.1
      vertex 160 -8.575 11.1
    endloop
  endfacet
  facet normal 0 0 1
    outer loop
      vertex 157.636 -7.27558 11.1
      vertex 158.659 -8.46943 11.1
      vertex 158.803 -7.55582 11.1
    endloop
  endfacet
  facet normal 0 0 1
    outer loop
      vertex 157.636 -7.27558 11.1
      vertex 157.35 -8.15531 11.1
      vertex 158.659 -8.46943 11.1
    endloop
  endfacet
  facet normal 0 0 1
    outer loop
      vertex 156.527 -6.8162 11.1
      vertex 157.35 -8.15531 11.1
      vertex 157.636 -7.27558 11.1
    endloop
  endfacet
  facet normal 0 0 1
    outer loop
      vertex 156.527 -6.8162 11.1
      vertex 156.107 -7.64038 11.1
      vertex 157.35 -8.15531 11.1
    endloop
  endfacet
  facet normal 0 0 1
    outer loop
      vertex 155.503 -6.18898 11.1
      vertex 156.107 -7.64038 11.1
      vertex 156.527 -6.8162 11.1
    endloop
  endfacet
  facet normal 0 0 1
    outer loop
      vertex 155.503 -6.18898 11.1
      vertex 154.96 -6.93732 11.1
      vertex 156.107 -7.64038 11.1
    endloop
  endfacet
  facet normal 0 0 1
    outer loop
      vertex 154.591 -5.40937 11.1
      vertex 154.96 -6.93732 11.1
      vertex 155.503 -6.18898 11.1
    endloop
  endfacet
  facet normal 0 0 1
    outer loop
      vertex 154.591 -5.40937 11.1
      vertex 153.937 -6.06344 11.1
      vertex 154.96 -6.93732 11.1
    endloop
  endfacet
  facet normal 0 0 1
    outer loop
      vertex 153.811 -4.49656 11.1
      vertex 153.937 -6.06344 11.1
      vertex 154.591 -5.40937 11.1
    endloop
  endfacet
  facet normal 0 0 1
    outer loop
      vertex 153.063 -5.04026 11.1
      vertex 153.811 -4.49656 11.1
      vertex 153.184 -3.47303 11.1
    endloop
  endfacet
  facet normal 0 0 1
    outer loop
      vertex 153.811 -4.49656 11.1
      vertex 153.063 -5.04026 11.1
      vertex 153.937 -6.06344 11.1
    endloop
  endfacet
  facet normal 0 0 1
    outer loop
      vertex 152.36 -3.89297 11.1
      vertex 153.184 -3.47303 11.1
      vertex 152.724 -2.36398 11.1
    endloop
  endfacet
  facet normal 0 0 1
    outer loop
      vertex 151.845 -2.64982 11.1
      vertex 152.724 -2.36398 11.1
      vertex 152.444 -1.19672 11.1
    endloop
  endfacet
  facet normal 0 0 1
    outer loop
      vertex 153.184 -3.47303 11.1
      vertex 152.36 -3.89297 11.1
      vertex 153.063 -5.04026 11.1
    endloop
  endfacet
  facet normal 0 0 1
    outer loop
      vertex 151.531 -1.34142 11.1
      vertex 152.444 -1.19672 11.1
      vertex 152.35 0 11.1
    endloop
  endfacet
  facet normal 0 0 1
    outer loop
      vertex 152.444 1.19672 11.1
      vertex 151.531 1.34142 11.1
      vertex 152.35 0 11.1
    endloop
  endfacet
  facet normal 0 0 1
    outer loop
      vertex 152.724 -2.36398 11.1
      vertex 151.845 -2.64982 11.1
      vertex 152.36 -3.89297 11.1
    endloop
  endfacet
  facet normal 0 0 1
    outer loop
      vertex 151.425 0 11.1
      vertex 152.35 0 11.1
      vertex 151.531 1.34142 11.1
    endloop
  endfacet
  facet normal 0 0 1
    outer loop
      vertex 152.444 -1.19672 11.1
      vertex 151.531 -1.34142 11.1
      vertex 151.845 -2.64982 11.1
    endloop
  endfacet
  facet normal 0 0 1
    outer loop
      vertex 152.35 0 11.1
      vertex 151.425 0 11.1
      vertex 151.531 -1.34142 11.1
    endloop
  endfacet
  facet normal -0.923861 0.382728 0
    outer loop
      vertex 151.845 2.64982 8.1
      vertex 152.36 3.89297 11.1
      vertex 152.36 3.89297 8.1
    endloop
  endfacet
  facet normal -0.923861 0.382728 0
    outer loop
      vertex 152.36 3.89297 11.1
      vertex 151.845 2.64982 8.1
      vertex 151.845 2.64982 11.1
    endloop
  endfacet
  facet normal -0.97239 0.233362 0
    outer loop
      vertex 151.531 1.34142 8.1
      vertex 151.845 2.64982 11.1
      vertex 151.845 2.64982 8.1
    endloop
  endfacet
  facet normal -0.97239 0.233362 0
    outer loop
      vertex 151.845 2.64982 11.1
      vertex 151.531 1.34142 8.1
      vertex 151.531 1.34142 11.1
    endloop
  endfacet
  facet normal -0.233345 0.972394 0
    outer loop
      vertex 158.659 8.46943 8.1
      vertex 157.35 8.15531 11.1
      vertex 158.659 8.46943 11.1
    endloop
  endfacet
  facet normal -0.233345 0.972394 0
    outer loop
      vertex 157.35 8.15531 11.1
      vertex 158.659 8.46943 8.1
      vertex 157.35 8.15531 8.1
    endloop
  endfacet
  facet normal 0.85266 -0.522466 0
    outer loop
      vertex 166.937 -5.04026 11.1
      vertex 167.64 -3.89297 8.1
      vertex 167.64 -3.89297 11.1
    endloop
  endfacet
  facet normal 0.85266 -0.522466 0
    outer loop
      vertex 167.64 -3.89297 8.1
      vertex 166.937 -5.04026 11.1
      vertex 166.937 -5.04026 8.1
    endloop
  endfacet
  facet normal 0.923861 -0.382728 0
    outer loop
      vertex 167.64 -3.89297 11.1
      vertex 168.155 -2.64982 8.1
      vertex 168.155 -2.64982 11.1
    endloop
  endfacet
  facet normal 0.923861 -0.382728 0
    outer loop
      vertex 168.155 -2.64982 8.1
      vertex 167.64 -3.89297 11.1
      vertex 167.64 -3.89297 8.1
    endloop
  endfacet
  facet normal 0.233345 -0.972394 0
    outer loop
      vertex 161.341 -8.46943 8.1
      vertex 162.65 -8.15531 11.1
      vertex 161.341 -8.46943 11.1
    endloop
  endfacet
  facet normal 0.233345 -0.972394 0
    outer loop
      vertex 162.65 -8.15531 11.1
      vertex 161.341 -8.46943 8.1
      vertex 162.65 -8.15531 8.1
    endloop
  endfacet
  facet normal 0.649515 -0.760349 0
    outer loop
      vertex 165.04 -6.93732 8.1
      vertex 166.063 -6.06344 11.1
      vertex 165.04 -6.93732 11.1
    endloop
  endfacet
  facet normal 0.649515 -0.760349 0
    outer loop
      vertex 166.063 -6.06344 11.1
      vertex 165.04 -6.93732 8.1
      vertex 166.063 -6.06344 8.1
    endloop
  endfacet
  facet normal -0.382723 -0.923863 0
    outer loop
      vertex 156.107 -7.64038 8.1
      vertex 157.35 -8.15531 11.1
      vertex 156.107 -7.64038 11.1
    endloop
  endfacet
  facet normal -0.382723 -0.923863 -0
    outer loop
      vertex 157.35 -8.15531 11.1
      vertex 156.107 -7.64038 8.1
      vertex 157.35 -8.15531 8.1
    endloop
  endfacet
  facet normal -0.522594 -0.852581 0
    outer loop
      vertex 154.96 -6.93732 8.1
      vertex 156.107 -7.64038 11.1
      vertex 154.96 -6.93732 11.1
    endloop
  endfacet
  facet normal -0.522594 -0.852581 -0
    outer loop
      vertex 156.107 -7.64038 11.1
      vertex 154.96 -6.93732 8.1
      vertex 156.107 -7.64038 8.1
    endloop
  endfacet
  facet normal -0.97239 -0.233362 0
    outer loop
      vertex 151.845 -2.64982 8.1
      vertex 151.531 -1.34142 11.1
      vertex 151.531 -1.34142 8.1
    endloop
  endfacet
  facet normal -0.97239 -0.233362 0
    outer loop
      vertex 151.531 -1.34142 11.1
      vertex 151.845 -2.64982 8.1
      vertex 151.845 -2.64982 11.1
    endloop
  endfacet
  facet normal -0.760361 -0.6495 0
    outer loop
      vertex 153.937 -6.06344 8.1
      vertex 153.063 -5.04026 11.1
      vertex 153.063 -5.04026 8.1
    endloop
  endfacet
  facet normal -0.760361 -0.6495 0
    outer loop
      vertex 153.063 -5.04026 11.1
      vertex 153.937 -6.06344 8.1
      vertex 153.937 -6.06344 11.1
    endloop
  endfacet
  facet normal 0.97239 0.233362 0
    outer loop
      vertex 168.469 1.34142 11.1
      vertex 168.155 2.64982 8.1
      vertex 168.155 2.64982 11.1
    endloop
  endfacet
  facet normal 0.97239 0.233362 0
    outer loop
      vertex 168.155 2.64982 8.1
      vertex 168.469 1.34142 11.1
      vertex 168.469 1.34142 8.1
    endloop
  endfacet
  facet normal 0.382723 -0.923863 0
    outer loop
      vertex 162.65 -8.15531 8.1
      vertex 163.893 -7.64038 11.1
      vertex 162.65 -8.15531 11.1
    endloop
  endfacet
  facet normal 0.382723 -0.923863 0
    outer loop
      vertex 163.893 -7.64038 11.1
      vertex 162.65 -8.15531 8.1
      vertex 163.893 -7.64038 8.1
    endloop
  endfacet
  facet normal 0.760361 -0.6495 0
    outer loop
      vertex 166.063 -6.06344 11.1
      vertex 166.937 -5.04026 8.1
      vertex 166.937 -5.04026 11.1
    endloop
  endfacet
  facet normal 0.760361 -0.6495 0
    outer loop
      vertex 166.937 -5.04026 8.1
      vertex 166.063 -6.06344 11.1
      vertex 166.063 -6.06344 8.1
    endloop
  endfacet
  facet normal -0.233345 -0.972394 0
    outer loop
      vertex 157.35 -8.15531 8.1
      vertex 158.659 -8.46943 11.1
      vertex 157.35 -8.15531 11.1
    endloop
  endfacet
  facet normal -0.233345 -0.972394 -0
    outer loop
      vertex 158.659 -8.46943 11.1
      vertex 157.35 -8.15531 8.1
      vertex 158.659 -8.46943 8.1
    endloop
  endfacet
  facet normal -0.923861 -0.382728 0
    outer loop
      vertex 152.36 -3.89297 8.1
      vertex 151.845 -2.64982 11.1
      vertex 151.845 -2.64982 8.1
    endloop
  endfacet
  facet normal -0.923861 -0.382728 0
    outer loop
      vertex 151.845 -2.64982 11.1
      vertex 152.36 -3.89297 8.1
      vertex 152.36 -3.89297 11.1
    endloop
  endfacet
  facet normal -0.996929 -0.0783068 0
    outer loop
      vertex 167.65 0 5.9
      vertex 167.556 1.19672 11.1
      vertex 167.556 1.19672 5.9
    endloop
  endfacet
  facet normal -0.996929 -0.0783068 0
    outer loop
      vertex 167.556 1.19672 11.1
      vertex 167.65 0 5.9
      vertex 167.65 0 11.1
    endloop
  endfacet
  facet normal 0.996929 -0.0783068 0
    outer loop
      vertex 152.35 0 11.1
      vertex 152.444 1.19672 5.9
      vertex 152.444 1.19672 11.1
    endloop
  endfacet
  facet normal 0.996929 -0.0783068 0
    outer loop
      vertex 152.444 1.19672 5.9
      vertex 152.35 0 11.1
      vertex 152.35 0 5.9
    endloop
  endfacet
  facet normal 0.0784376 -0.996919 0
    outer loop
      vertex 158.803 7.55582 5.9
      vertex 160 7.65 11.1
      vertex 158.803 7.55582 11.1
    endloop
  endfacet
  facet normal 0.0784376 -0.996919 0
    outer loop
      vertex 160 7.65 11.1
      vertex 158.803 7.55582 5.9
      vertex 160 7.65 5.9
    endloop
  endfacet
  facet normal -0.0784376 0.996919 0
    outer loop
      vertex 161.197 -7.55582 5.9
      vertex 160 -7.65 11.1
      vertex 161.197 -7.55582 11.1
    endloop
  endfacet
  facet normal -0.0784376 0.996919 0
    outer loop
      vertex 160 -7.65 11.1
      vertex 161.197 -7.55582 5.9
      vertex 160 -7.65 5.9
    endloop
  endfacet
  facet normal -0.64978 -0.760123 0
    outer loop
      vertex 164.497 6.18898 5.9
      vertex 165.409 5.40937 11.1
      vertex 164.497 6.18898 11.1
    endloop
  endfacet
  facet normal -0.64978 -0.760123 -0
    outer loop
      vertex 165.409 5.40937 11.1
      vertex 164.497 6.18898 5.9
      vertex 165.409 5.40937 5.9
    endloop
  endfacet
  facet normal 0.64978 -0.760123 0
    outer loop
      vertex 154.591 5.40937 5.9
      vertex 155.503 6.18898 11.1
      vertex 154.591 5.40937 11.1
    endloop
  endfacet
  facet normal 0.64978 -0.760123 0
    outer loop
      vertex 155.503 6.18898 11.1
      vertex 154.591 5.40937 5.9
      vertex 155.503 6.18898 5.9
    endloop
  endfacet
  facet normal 0.382696 -0.923874 0
    outer loop
      vertex 156.527 6.8162 5.9
      vertex 157.636 7.27558 11.1
      vertex 156.527 6.8162 11.1
    endloop
  endfacet
  facet normal 0.382696 -0.923874 0
    outer loop
      vertex 157.636 7.27558 11.1
      vertex 156.527 6.8162 5.9
      vertex 157.636 7.27558 5.9
    endloop
  endfacet
  facet normal -0.852722 0.522365 0
    outer loop
      vertex 166.189 -4.49656 5.9
      vertex 166.816 -3.47303 11.1
      vertex 166.816 -3.47303 5.9
    endloop
  endfacet
  facet normal -0.852722 0.522365 0
    outer loop
      vertex 166.816 -3.47303 11.1
      vertex 166.189 -4.49656 5.9
      vertex 166.189 -4.49656 11.1
    endloop
  endfacet
  facet normal -0.923698 -0.383122 0
    outer loop
      vertex 167.276 2.36398 5.9
      vertex 166.816 3.47303 11.1
      vertex 166.816 3.47303 5.9
    endloop
  endfacet
  facet normal -0.923698 -0.383122 0
    outer loop
      vertex 166.816 3.47303 11.1
      vertex 167.276 2.36398 5.9
      vertex 167.276 2.36398 11.1
    endloop
  endfacet
  facet normal -0.972414 -0.233261 0
    outer loop
      vertex 167.556 1.19672 5.9
      vertex 167.276 2.36398 11.1
      vertex 167.276 2.36398 5.9
    endloop
  endfacet
  facet normal -0.972414 -0.233261 0
    outer loop
      vertex 167.276 2.36398 11.1
      vertex 167.556 1.19672 5.9
      vertex 167.556 1.19672 11.1
    endloop
  endfacet
  facet normal -0.382696 -0.923874 0
    outer loop
      vertex 162.364 7.27558 5.9
      vertex 163.473 6.8162 11.1
      vertex 162.364 7.27558 11.1
    endloop
  endfacet
  facet normal -0.382696 -0.923874 -0
    outer loop
      vertex 163.473 6.8162 11.1
      vertex 162.364 7.27558 5.9
      vertex 163.473 6.8162 5.9
    endloop
  endfacet
  facet normal -0.233499 -0.972357 0
    outer loop
      vertex 161.197 7.55582 5.9
      vertex 162.364 7.27558 11.1
      vertex 161.197 7.55582 11.1
    endloop
  endfacet
  facet normal -0.233499 -0.972357 -0
    outer loop
      vertex 162.364 7.27558 11.1
      vertex 161.197 7.55582 5.9
      vertex 162.364 7.27558 5.9
    endloop
  endfacet
  facet normal -0.522324 -0.852747 0
    outer loop
      vertex 163.473 6.8162 5.9
      vertex 164.497 6.18898 11.1
      vertex 163.473 6.8162 11.1
    endloop
  endfacet
  facet normal -0.522324 -0.852747 -0
    outer loop
      vertex 164.497 6.18898 11.1
      vertex 163.473 6.8162 5.9
      vertex 164.497 6.18898 5.9
    endloop
  endfacet
  facet normal 0.923698 -0.383122 0
    outer loop
      vertex 152.724 2.36398 11.1
      vertex 153.184 3.47303 5.9
      vertex 153.184 3.47303 11.1
    endloop
  endfacet
  facet normal 0.923698 -0.383122 0
    outer loop
      vertex 153.184 3.47303 5.9
      vertex 152.724 2.36398 11.1
      vertex 152.724 2.36398 5.9
    endloop
  endfacet
  facet normal 0.972414 -0.233261 0
    outer loop
      vertex 152.444 1.19672 11.1
      vertex 152.724 2.36398 5.9
      vertex 152.724 2.36398 11.1
    endloop
  endfacet
  facet normal 0.972414 -0.233261 0
    outer loop
      vertex 152.724 2.36398 5.9
      vertex 152.444 1.19672 11.1
      vertex 152.444 1.19672 5.9
    endloop
  endfacet
  facet normal 0.522324 -0.852747 0
    outer loop
      vertex 155.503 6.18898 5.9
      vertex 156.527 6.8162 11.1
      vertex 155.503 6.18898 11.1
    endloop
  endfacet
  facet normal 0.522324 -0.852747 0
    outer loop
      vertex 156.527 6.8162 11.1
      vertex 155.503 6.18898 5.9
      vertex 156.527 6.8162 5.9
    endloop
  endfacet
  facet normal 0.233499 -0.972357 0
    outer loop
      vertex 157.636 7.27558 5.9
      vertex 158.803 7.55582 11.1
      vertex 157.636 7.27558 11.1
    endloop
  endfacet
  facet normal 0.233499 -0.972357 0
    outer loop
      vertex 158.803 7.55582 11.1
      vertex 157.636 7.27558 5.9
      vertex 158.803 7.55582 5.9
    endloop
  endfacet
  facet normal -0.972414 0.233261 0
    outer loop
      vertex 167.276 -2.36398 5.9
      vertex 167.556 -1.19672 11.1
      vertex 167.556 -1.19672 5.9
    endloop
  endfacet
  facet normal -0.972414 0.233261 0
    outer loop
      vertex 167.556 -1.19672 11.1
      vertex 167.276 -2.36398 5.9
      vertex 167.276 -2.36398 11.1
    endloop
  endfacet
  facet normal 0 0 1
    outer loop
      vertex 167.556 1.19672 5.9
      vertex 167.556 -1.19672 5.9
      vertex 167.65 0 5.9
    endloop
  endfacet
  facet normal 0 0 1
    outer loop
      vertex 167.276 2.36398 5.9
      vertex 167.556 -1.19672 5.9
      vertex 167.556 1.19672 5.9
    endloop
  endfacet
  facet normal 0 0 1
    outer loop
      vertex 167.276 2.36398 5.9
      vertex 167.276 -2.36398 5.9
      vertex 167.556 -1.19672 5.9
    endloop
  endfacet
  facet normal 0 0 1
    outer loop
      vertex 166.816 3.47303 5.9
      vertex 167.276 -2.36398 5.9
      vertex 167.276 2.36398 5.9
    endloop
  endfacet
  facet normal 0 0 1
    outer loop
      vertex 166.816 3.47303 5.9
      vertex 166.816 -3.47303 5.9
      vertex 167.276 -2.36398 5.9
    endloop
  endfacet
  facet normal 0 0 1
    outer loop
      vertex 166.189 4.49656 5.9
      vertex 166.816 -3.47303 5.9
      vertex 166.816 3.47303 5.9
    endloop
  endfacet
  facet normal 0 0 1
    outer loop
      vertex 166.189 4.49656 5.9
      vertex 166.189 -4.49656 5.9
      vertex 166.816 -3.47303 5.9
    endloop
  endfacet
  facet normal 0 0 1
    outer loop
      vertex 165.409 5.40937 5.9
      vertex 166.189 -4.49656 5.9
      vertex 166.189 4.49656 5.9
    endloop
  endfacet
  facet normal 0 0 1
    outer loop
      vertex 165.409 5.40937 5.9
      vertex 165.409 -5.40937 5.9
      vertex 166.189 -4.49656 5.9
    endloop
  endfacet
  facet normal 0 0 1
    outer loop
      vertex 164.497 6.18898 5.9
      vertex 165.409 -5.40937 5.9
      vertex 165.409 5.40937 5.9
    endloop
  endfacet
  facet normal 0 0 1
    outer loop
      vertex 164.497 6.18898 5.9
      vertex 164.497 -6.18898 5.9
      vertex 165.409 -5.40937 5.9
    endloop
  endfacet
  facet normal 0 0 1
    outer loop
      vertex 163.473 6.8162 5.9
      vertex 164.497 -6.18898 5.9
      vertex 164.497 6.18898 5.9
    endloop
  endfacet
  facet normal 0 0 1
    outer loop
      vertex 163.473 6.8162 5.9
      vertex 163.473 -6.8162 5.9
      vertex 164.497 -6.18898 5.9
    endloop
  endfacet
  facet normal 0 0 1
    outer loop
      vertex 162.364 7.27558 5.9
      vertex 163.473 -6.8162 5.9
      vertex 163.473 6.8162 5.9
    endloop
  endfacet
  facet normal 0 0 1
    outer loop
      vertex 162.364 7.27558 5.9
      vertex 162.364 -7.27558 5.9
      vertex 163.473 -6.8162 5.9
    endloop
  endfacet
  facet normal 0 0 1
    outer loop
      vertex 161.197 7.55582 5.9
      vertex 162.364 -7.27558 5.9
      vertex 162.364 7.27558 5.9
    endloop
  endfacet
  facet normal 0 0 1
    outer loop
      vertex 161.197 7.55582 5.9
      vertex 161.197 -7.55582 5.9
      vertex 162.364 -7.27558 5.9
    endloop
  endfacet
  facet normal 0 0 1
    outer loop
      vertex 160 7.65 5.9
      vertex 161.197 -7.55582 5.9
      vertex 161.197 7.55582 5.9
    endloop
  endfacet
  facet normal 0 0 1
    outer loop
      vertex 160 7.65 5.9
      vertex 160 -7.65 5.9
      vertex 161.197 -7.55582 5.9
    endloop
  endfacet
  facet normal -0 0 1
    outer loop
      vertex 158.803 7.55582 5.9
      vertex 160 -7.65 5.9
      vertex 160 7.65 5.9
    endloop
  endfacet
  facet normal 0 0 1
    outer loop
      vertex 158.803 7.55582 5.9
      vertex 158.803 -7.55582 5.9
      vertex 160 -7.65 5.9
    endloop
  endfacet
  facet normal -0 0 1
    outer loop
      vertex 157.636 7.27558 5.9
      vertex 158.803 -7.55582 5.9
      vertex 158.803 7.55582 5.9
    endloop
  endfacet
  facet normal 0 0 1
    outer loop
      vertex 157.636 7.27558 5.9
      vertex 157.636 -7.27558 5.9
      vertex 158.803 -7.55582 5.9
    endloop
  endfacet
  facet normal -0 0 1
    outer loop
      vertex 156.527 6.8162 5.9
      vertex 157.636 -7.27558 5.9
      vertex 157.636 7.27558 5.9
    endloop
  endfacet
  facet normal 0 0 1
    outer loop
      vertex 156.527 6.8162 5.9
      vertex 156.527 -6.8162 5.9
      vertex 157.636 -7.27558 5.9
    endloop
  endfacet
  facet normal -0 0 1
    outer loop
      vertex 155.503 6.18898 5.9
      vertex 156.527 -6.8162 5.9
      vertex 156.527 6.8162 5.9
    endloop
  endfacet
  facet normal 0 0 1
    outer loop
      vertex 155.503 6.18898 5.9
      vertex 155.503 -6.18898 5.9
      vertex 156.527 -6.8162 5.9
    endloop
  endfacet
  facet normal -0 0 1
    outer loop
      vertex 154.591 5.40937 5.9
      vertex 155.503 -6.18898 5.9
      vertex 155.503 6.18898 5.9
    endloop
  endfacet
  facet normal 0 0 1
    outer loop
      vertex 154.591 5.40937 5.9
      vertex 154.591 -5.40937 5.9
      vertex 155.503 -6.18898 5.9
    endloop
  endfacet
  facet normal -0 0 1
    outer loop
      vertex 153.811 4.49656 5.9
      vertex 154.591 -5.40937 5.9
      vertex 154.591 5.40937 5.9
    endloop
  endfacet
  facet normal 0 0 1
    outer loop
      vertex 153.811 4.49656 5.9
      vertex 153.811 -4.49656 5.9
      vertex 154.591 -5.40937 5.9
    endloop
  endfacet
  facet normal -0 0 1
    outer loop
      vertex 153.184 3.47303 5.9
      vertex 153.811 -4.49656 5.9
      vertex 153.811 4.49656 5.9
    endloop
  endfacet
  facet normal 0 0 1
    outer loop
      vertex 153.184 3.47303 5.9
      vertex 153.184 -3.47303 5.9
      vertex 153.811 -4.49656 5.9
    endloop
  endfacet
  facet normal -0 0 1
    outer loop
      vertex 152.724 2.36398 5.9
      vertex 153.184 -3.47303 5.9
      vertex 153.184 3.47303 5.9
    endloop
  endfacet
  facet normal 0 0 1
    outer loop
      vertex 152.724 2.36398 5.9
      vertex 152.724 -2.36398 5.9
      vertex 153.184 -3.47303 5.9
    endloop
  endfacet
  facet normal -0 0 1
    outer loop
      vertex 152.444 1.19672 5.9
      vertex 152.724 -2.36398 5.9
      vertex 152.724 2.36398 5.9
    endloop
  endfacet
  facet normal 0 0 1
    outer loop
      vertex 152.444 1.19672 5.9
      vertex 152.444 -1.19672 5.9
      vertex 152.724 -2.36398 5.9
    endloop
  endfacet
  facet normal 0 -0 1
    outer loop
      vertex 152.444 -1.19672 5.9
      vertex 152.444 1.19672 5.9
      vertex 152.35 0 5.9
    endloop
  endfacet
  facet normal -0.233499 0.972357 0
    outer loop
      vertex 162.364 -7.27558 5.9
      vertex 161.197 -7.55582 11.1
      vertex 162.364 -7.27558 11.1
    endloop
  endfacet
  facet normal -0.233499 0.972357 0
    outer loop
      vertex 161.197 -7.55582 11.1
      vertex 162.364 -7.27558 5.9
      vertex 161.197 -7.55582 5.9
    endloop
  endfacet
  facet normal -0.760247 -0.649634 0
    outer loop
      vertex 166.189 4.49656 5.9
      vertex 165.409 5.40937 11.1
      vertex 165.409 5.40937 5.9
    endloop
  endfacet
  facet normal -0.760247 -0.649634 0
    outer loop
      vertex 165.409 5.40937 11.1
      vertex 166.189 4.49656 5.9
      vertex 166.189 4.49656 11.1
    endloop
  endfacet
  facet normal -0.852722 -0.522365 0
    outer loop
      vertex 166.816 3.47303 5.9
      vertex 166.189 4.49656 11.1
      vertex 166.189 4.49656 5.9
    endloop
  endfacet
  facet normal -0.852722 -0.522365 0
    outer loop
      vertex 166.189 4.49656 11.1
      vertex 166.816 3.47303 5.9
      vertex 166.816 3.47303 11.1
    endloop
  endfacet
  facet normal -0.0784376 -0.996919 0
    outer loop
      vertex 160 7.65 5.9
      vertex 161.197 7.55582 11.1
      vertex 160 7.65 11.1
    endloop
  endfacet
  facet normal -0.0784376 -0.996919 -0
    outer loop
      vertex 161.197 7.55582 11.1
      vertex 160 7.65 5.9
      vertex 161.197 7.55582 5.9
    endloop
  endfacet
  facet normal 0.852722 -0.522365 0
    outer loop
      vertex 153.184 3.47303 11.1
      vertex 153.811 4.49656 5.9
      vertex 153.811 4.49656 11.1
    endloop
  endfacet
  facet normal 0.852722 -0.522365 0
    outer loop
      vertex 153.811 4.49656 5.9
      vertex 153.184 3.47303 11.1
      vertex 153.184 3.47303 5.9
    endloop
  endfacet
  facet normal 0.760247 -0.649634 0
    outer loop
      vertex 153.811 4.49656 11.1
      vertex 154.591 5.40937 5.9
      vertex 154.591 5.40937 11.1
    endloop
  endfacet
  facet normal 0.760247 -0.649634 0
    outer loop
      vertex 154.591 5.40937 5.9
      vertex 153.811 4.49656 11.1
      vertex 153.811 4.49656 5.9
    endloop
  endfacet
  facet normal -0.996929 0.0783068 0
    outer loop
      vertex 167.556 -1.19672 5.9
      vertex 167.65 0 11.1
      vertex 167.65 0 5.9
    endloop
  endfacet
  facet normal -0.996929 0.0783068 0
    outer loop
      vertex 167.65 0 11.1
      vertex 167.556 -1.19672 5.9
      vertex 167.556 -1.19672 11.1
    endloop
  endfacet
  facet normal -0.522324 0.852747 0
    outer loop
      vertex 164.497 -6.18898 5.9
      vertex 163.473 -6.8162 11.1
      vertex 164.497 -6.18898 11.1
    endloop
  endfacet
  facet normal -0.522324 0.852747 0
    outer loop
      vertex 163.473 -6.8162 11.1
      vertex 164.497 -6.18898 5.9
      vertex 163.473 -6.8162 5.9
    endloop
  endfacet
  facet normal -0.760247 0.649634 0
    outer loop
      vertex 165.409 -5.40937 5.9
      vertex 166.189 -4.49656 11.1
      vertex 166.189 -4.49656 5.9
    endloop
  endfacet
  facet normal -0.760247 0.649634 0
    outer loop
      vertex 166.189 -4.49656 11.1
      vertex 165.409 -5.40937 5.9
      vertex 165.409 -5.40937 11.1
    endloop
  endfacet
  facet normal -0.923698 0.383122 0
    outer loop
      vertex 166.816 -3.47303 5.9
      vertex 167.276 -2.36398 11.1
      vertex 167.276 -2.36398 5.9
    endloop
  endfacet
  facet normal -0.923698 0.383122 0
    outer loop
      vertex 167.276 -2.36398 11.1
      vertex 166.816 -3.47303 5.9
      vertex 166.816 -3.47303 11.1
    endloop
  endfacet
  facet normal 0.64978 0.760123 -0
    outer loop
      vertex 155.503 -6.18898 5.9
      vertex 154.591 -5.40937 11.1
      vertex 155.503 -6.18898 11.1
    endloop
  endfacet
  facet normal 0.64978 0.760123 0
    outer loop
      vertex 154.591 -5.40937 11.1
      vertex 155.503 -6.18898 5.9
      vertex 154.591 -5.40937 5.9
    endloop
  endfacet
  facet normal 0.923698 0.383122 0
    outer loop
      vertex 153.184 -3.47303 11.1
      vertex 152.724 -2.36398 5.9
      vertex 152.724 -2.36398 11.1
    endloop
  endfacet
  facet normal 0.923698 0.383122 0
    outer loop
      vertex 152.724 -2.36398 5.9
      vertex 153.184 -3.47303 11.1
      vertex 153.184 -3.47303 5.9
    endloop
  endfacet
  facet normal 0.852722 0.522365 0
    outer loop
      vertex 153.811 -4.49656 11.1
      vertex 153.184 -3.47303 5.9
      vertex 153.184 -3.47303 11.1
    endloop
  endfacet
  facet normal 0.852722 0.522365 0
    outer loop
      vertex 153.184 -3.47303 5.9
      vertex 153.811 -4.49656 11.1
      vertex 153.811 -4.49656 5.9
    endloop
  endfacet
  facet normal -0.382696 0.923874 0
    outer loop
      vertex 163.473 -6.8162 5.9
      vertex 162.364 -7.27558 11.1
      vertex 163.473 -6.8162 11.1
    endloop
  endfacet
  facet normal -0.382696 0.923874 0
    outer loop
      vertex 162.364 -7.27558 11.1
      vertex 163.473 -6.8162 5.9
      vertex 162.364 -7.27558 5.9
    endloop
  endfacet
  facet normal 0.233499 0.972357 -0
    outer loop
      vertex 158.803 -7.55582 5.9
      vertex 157.636 -7.27558 11.1
      vertex 158.803 -7.55582 11.1
    endloop
  endfacet
  facet normal 0.233499 0.972357 0
    outer loop
      vertex 157.636 -7.27558 11.1
      vertex 158.803 -7.55582 5.9
      vertex 157.636 -7.27558 5.9
    endloop
  endfacet
  facet normal 0.760247 0.649634 0
    outer loop
      vertex 154.591 -5.40937 11.1
      vertex 153.811 -4.49656 5.9
      vertex 153.811 -4.49656 11.1
    endloop
  endfacet
  facet normal 0.760247 0.649634 0
    outer loop
      vertex 153.811 -4.49656 5.9
      vertex 154.591 -5.40937 11.1
      vertex 154.591 -5.40937 5.9
    endloop
  endfacet
  facet normal 0.972414 0.233261 0
    outer loop
      vertex 152.724 -2.36398 11.1
      vertex 152.444 -1.19672 5.9
      vertex 152.444 -1.19672 11.1
    endloop
  endfacet
  facet normal 0.972414 0.233261 0
    outer loop
      vertex 152.444 -1.19672 5.9
      vertex 152.724 -2.36398 11.1
      vertex 152.724 -2.36398 5.9
    endloop
  endfacet
  facet normal 0.996929 0.0783068 0
    outer loop
      vertex 152.444 -1.19672 11.1
      vertex 152.35 0 5.9
      vertex 152.35 0 11.1
    endloop
  endfacet
  facet normal 0.996929 0.0783068 0
    outer loop
      vertex 152.35 0 5.9
      vertex 152.444 -1.19672 11.1
      vertex 152.444 -1.19672 5.9
    endloop
  endfacet
  facet normal -0.64978 0.760123 0
    outer loop
      vertex 165.409 -5.40937 5.9
      vertex 164.497 -6.18898 11.1
      vertex 165.409 -5.40937 11.1
    endloop
  endfacet
  facet normal -0.64978 0.760123 0
    outer loop
      vertex 164.497 -6.18898 11.1
      vertex 165.409 -5.40937 5.9
      vertex 164.497 -6.18898 5.9
    endloop
  endfacet
  facet normal 0.0784376 0.996919 -0
    outer loop
      vertex 160 -7.65 5.9
      vertex 158.803 -7.55582 11.1
      vertex 160 -7.65 11.1
    endloop
  endfacet
  facet normal 0.0784376 0.996919 0
    outer loop
      vertex 158.803 -7.55582 11.1
      vertex 160 -7.65 5.9
      vertex 158.803 -7.55582 5.9
    endloop
  endfacet
  facet normal 0.382696 0.923874 -0
    outer loop
      vertex 157.636 -7.27558 5.9
      vertex 156.527 -6.8162 11.1
      vertex 157.636 -7.27558 11.1
    endloop
  endfacet
  facet normal 0.382696 0.923874 0
    outer loop
      vertex 156.527 -6.8162 11.1
      vertex 157.636 -7.27558 5.9
      vertex 156.527 -6.8162 5.9
    endloop
  endfacet
  facet normal 0.522324 0.852747 -0
    outer loop
      vertex 156.527 -6.8162 5.9
      vertex 155.503 -6.18898 11.1
      vertex 156.527 -6.8162 11.1
    endloop
  endfacet
  facet normal 0.522324 0.852747 0
    outer loop
      vertex 155.503 -6.18898 11.1
      vertex 156.527 -6.8162 5.9
      vertex 155.503 -6.18898 5.9
    endloop
  endfacet
endsolid OpenSCAD_Model
