solid OpenSCAD_Model
  facet normal -1 -0 0
    outer loop
      vertex -60 -6 5.96
      vertex -60 -29.4 0
      vertex -60 -6 19.96
    endloop
  endfacet
  facet normal -1 -0 0
    outer loop
      vertex -60 -5.92613 5.02139
      vertex -60 -29.4 0
      vertex -60 -6 5.96
    endloop
  endfacet
  facet normal -1 -0 0
    outer loop
      vertex -60 -5.70634 4.1059
      vertex -60 -29.4 0
      vertex -60 -5.92613 5.02139
    endloop
  endfacet
  facet normal -1 -0 0
    outer loop
      vertex -60 -5.34604 3.23606
      vertex -60 -29.4 0
      vertex -60 -5.70634 4.1059
    endloop
  endfacet
  facet normal -1 -0 0
    outer loop
      vertex -60 -4.8541 2.43329
      vertex -60 -29.4 0
      vertex -60 -5.34604 3.23606
    endloop
  endfacet
  facet normal -1 -0 0
    outer loop
      vertex -60 -4.24264 1.71736
      vertex -60 -29.4 0
      vertex -60 -4.8541 2.43329
    endloop
  endfacet
  facet normal -1 -0 0
    outer loop
      vertex -60 -3.52671 1.1059
      vertex -60 -29.4 0
      vertex -60 -4.24264 1.71736
    endloop
  endfacet
  facet normal -1 -0 0
    outer loop
      vertex -60 -2.72394 0.61396
      vertex -60 -29.4 0
      vertex -60 -3.52671 1.1059
    endloop
  endfacet
  facet normal -1 -0 0
    outer loop
      vertex -60 -1.8541 0.25366
      vertex -60 -29.4 0
      vertex -60 -2.72394 0.61396
    endloop
  endfacet
  facet normal -1 -0 0
    outer loop
      vertex -60 -0.938606 0.0338697
      vertex -60 -29.4 0
      vertex -60 -1.8541 0.25366
    endloop
  endfacet
  facet normal -1 0 0
    outer loop
      vertex -60 -29.4 0
      vertex -60 -0.938606 0.0338697
      vertex -60 -0.508249 0
    endloop
  endfacet
  facet normal -1 0 0
    outer loop
      vertex -60 6 19.96
      vertex -60 29.4 0
      vertex -60 6 5.96
    endloop
  endfacet
  facet normal -1 0 0
    outer loop
      vertex -60 29.4 0
      vertex -60 5.92613 5.02139
      vertex -60 6 5.96
    endloop
  endfacet
  facet normal -1 0 0
    outer loop
      vertex -60 29.4 0
      vertex -60 5.70634 4.1059
      vertex -60 5.92613 5.02139
    endloop
  endfacet
  facet normal -1 0 0
    outer loop
      vertex -60 29.4 0
      vertex -60 5.34604 3.23606
      vertex -60 5.70634 4.1059
    endloop
  endfacet
  facet normal -1 0 0
    outer loop
      vertex -60 29.4 0
      vertex -60 4.8541 2.43329
      vertex -60 5.34604 3.23606
    endloop
  endfacet
  facet normal -1 0 0
    outer loop
      vertex -60 29.4 0
      vertex -60 4.24264 1.71736
      vertex -60 4.8541 2.43329
    endloop
  endfacet
  facet normal -1 0 0
    outer loop
      vertex -60 29.4 0
      vertex -60 3.52671 1.1059
      vertex -60 4.24264 1.71736
    endloop
  endfacet
  facet normal -1 0 0
    outer loop
      vertex -60 29.4 0
      vertex -60 2.72394 0.61396
      vertex -60 3.52671 1.1059
    endloop
  endfacet
  facet normal -1 0 0
    outer loop
      vertex -60 29.4 0
      vertex -60 1.8541 0.25366
      vertex -60 2.72394 0.61396
    endloop
  endfacet
  facet normal -1 0 0
    outer loop
      vertex -60 29.4 0
      vertex -60 0.938606 0.0338697
      vertex -60 1.8541 0.25366
    endloop
  endfacet
  facet normal -1 0 -0
    outer loop
      vertex -60 0.938606 0.0338697
      vertex -60 29.4 0
      vertex -60 0.508249 0
    endloop
  endfacet
  facet normal -1 0 0
    outer loop
      vertex -60 5.92613 20.8986
      vertex -60 29.4 0
      vertex -60 6 19.96
    endloop
  endfacet
  facet normal -1 0 0
    outer loop
      vertex -60 29.4 0
      vertex -60 5.92613 20.8986
      vertex -60 29.4 45
    endloop
  endfacet
  facet normal -1 0 0
    outer loop
      vertex -60 5.70634 21.8141
      vertex -60 29.4 45
      vertex -60 5.92613 20.8986
    endloop
  endfacet
  facet normal -1 0 0
    outer loop
      vertex -60 5.34604 22.6839
      vertex -60 29.4 45
      vertex -60 5.70634 21.8141
    endloop
  endfacet
  facet normal -1 0 0
    outer loop
      vertex -60 4.8541 23.4867
      vertex -60 29.4 45
      vertex -60 5.34604 22.6839
    endloop
  endfacet
  facet normal -1 0 0
    outer loop
      vertex -60 4.24264 24.2026
      vertex -60 29.4 45
      vertex -60 4.8541 23.4867
    endloop
  endfacet
  facet normal -1 0 0
    outer loop
      vertex -60 3.52671 24.8141
      vertex -60 29.4 45
      vertex -60 4.24264 24.2026
    endloop
  endfacet
  facet normal -1 0 0
    outer loop
      vertex -60 2.72394 25.306
      vertex -60 29.4 45
      vertex -60 3.52671 24.8141
    endloop
  endfacet
  facet normal -1 0 0
    outer loop
      vertex -60 1.8541 25.6663
      vertex -60 29.4 45
      vertex -60 2.72394 25.306
    endloop
  endfacet
  facet normal -1 0 0
    outer loop
      vertex -60 0.938606 25.8861
      vertex -60 29.4 45
      vertex -60 1.8541 25.6663
    endloop
  endfacet
  facet normal -1 0 0
    outer loop
      vertex -60 0 25.96
      vertex -60 29.4 45
      vertex -60 0.938606 25.8861
    endloop
  endfacet
  facet normal -1 0 0
    outer loop
      vertex -60 -29.4 45
      vertex -60 0 25.96
      vertex -60 -0.938606 25.8861
    endloop
  endfacet
  facet normal -1 0 0
    outer loop
      vertex -60 -29.4 45
      vertex -60 -0.938606 25.8861
      vertex -60 -1.8541 25.6663
    endloop
  endfacet
  facet normal -1 0 0
    outer loop
      vertex -60 -29.4 45
      vertex -60 -1.8541 25.6663
      vertex -60 -2.72394 25.306
    endloop
  endfacet
  facet normal -1 0 0
    outer loop
      vertex -60 -29.4 45
      vertex -60 -2.72394 25.306
      vertex -60 -3.52671 24.8141
    endloop
  endfacet
  facet normal -1 0 0
    outer loop
      vertex -60 -29.4 0
      vertex -60 -5.92613 20.8986
      vertex -60 -6 19.96
    endloop
  endfacet
  facet normal -1 0 0
    outer loop
      vertex -60 -29.4 45
      vertex -60 -5.92613 20.8986
      vertex -60 -29.4 0
    endloop
  endfacet
  facet normal -1 0 0
    outer loop
      vertex -60 -5.92613 20.8986
      vertex -60 -29.4 45
      vertex -60 -5.70634 21.8141
    endloop
  endfacet
  facet normal -1 0 0
    outer loop
      vertex -60 -5.70634 21.8141
      vertex -60 -29.4 45
      vertex -60 -5.34604 22.6839
    endloop
  endfacet
  facet normal -1 0 0
    outer loop
      vertex -60 -5.34604 22.6839
      vertex -60 -29.4 45
      vertex -60 -4.8541 23.4867
    endloop
  endfacet
  facet normal -1 0 0
    outer loop
      vertex -60 0 25.96
      vertex -60 -29.4 45
      vertex -60 29.4 45
    endloop
  endfacet
  facet normal -1 0 0
    outer loop
      vertex -60 -4.24264 24.2026
      vertex -60 -29.4 45
      vertex -60 -3.52671 24.8141
    endloop
  endfacet
  facet normal -1 0 0
    outer loop
      vertex -60 -4.8541 23.4867
      vertex -60 -29.4 45
      vertex -60 -4.24264 24.2026
    endloop
  endfacet
  facet normal 0.996919 0.0784412 0
    outer loop
      vertex 60 29.4 45
      vertex 59.9003 30.6671 0
      vertex 59.9003 30.6671 45
    endloop
  endfacet
  facet normal 0.996919 0.0784412 0
    outer loop
      vertex 59.9003 30.6671 0
      vertex 60 29.4 45
      vertex 60 29.4 0
    endloop
  endfacet
  facet normal -0 0 1
    outer loop
      vertex 57.7536 30.053 45
      vertex 60 29.4 45
      vertex 59.9003 30.6671 45
    endloop
  endfacet
  facet normal 0 0 1
    outer loop
      vertex 60 29.4 45
      vertex 58.15 27.55 45
      vertex 60 -29.4 45
    endloop
  endfacet
  facet normal 0 0 1
    outer loop
      vertex 57.7536 30.053 45
      vertex 59.9003 30.6671 45
      vertex 59.6036 31.903 45
    endloop
  endfacet
  facet normal -0 0 1
    outer loop
      vertex 58.15 -27.55 45
      vertex 60 -29.4 45
      vertex 58.15 27.55 45
    endloop
  endfacet
  facet normal 0 0 1
    outer loop
      vertex 57.2672 31.2273 45
      vertex 59.6036 31.903 45
      vertex 59.1172 33.0773 45
    endloop
  endfacet
  facet normal -0 0 1
    outer loop
      vertex 58.0503 -28.8171 45
      vertex 60 -29.4 45
      vertex 58.15 -27.55 45
    endloop
  endfacet
  facet normal 0 0 1
    outer loop
      vertex 56.603 32.3111 45
      vertex 59.1172 33.0773 45
      vertex 58.453 34.1611 45
    endloop
  endfacet
  facet normal 0 0 1
    outer loop
      vertex 57.7536 -30.053 45
      vertex 60 -29.4 45
      vertex 58.0503 -28.8171 45
    endloop
  endfacet
  facet normal 0 0 1
    outer loop
      vertex 60 -29.4 45
      vertex 57.7536 -30.053 45
      vertex 59.9003 -30.6671 45
    endloop
  endfacet
  facet normal 0 0 1
    outer loop
      vertex 60 29.4 45
      vertex 58.0503 28.8171 45
      vertex 58.15 27.55 45
    endloop
  endfacet
  facet normal 0 0 1
    outer loop
      vertex 60 29.4 45
      vertex 57.7536 30.053 45
      vertex 58.0503 28.8171 45
    endloop
  endfacet
  facet normal 0 0 1
    outer loop
      vertex 55.7776 33.2776 45
      vertex 58.453 34.1611 45
      vertex 57.6276 35.1276 45
    endloop
  endfacet
  facet normal 0 0 1
    outer loop
      vertex 59.6036 31.903 45
      vertex 57.2672 31.2273 45
      vertex 57.7536 30.053 45
    endloop
  endfacet
  facet normal 0 0 1
    outer loop
      vertex 55.7776 33.2776 45
      vertex 57.6276 35.1276 45
      vertex 56.6611 35.953 45
    endloop
  endfacet
  facet normal 0 0 1
    outer loop
      vertex 59.1172 33.0773 45
      vertex 56.603 32.3111 45
      vertex 57.2672 31.2273 45
    endloop
  endfacet
  facet normal 0 0 1
    outer loop
      vertex 58.453 34.1611 45
      vertex 55.7776 33.2776 45
      vertex 56.603 32.3111 45
    endloop
  endfacet
  facet normal 0 0 1
    outer loop
      vertex 54.8111 34.103 45
      vertex 56.6611 35.953 45
      vertex 55.5773 36.6172 45
    endloop
  endfacet
  facet normal 0 0 1
    outer loop
      vertex 56.6611 35.953 45
      vertex 54.8111 34.103 45
      vertex 55.7776 33.2776 45
    endloop
  endfacet
  facet normal 0 0 1
    outer loop
      vertex 53.7273 34.7672 45
      vertex 55.5773 36.6172 45
      vertex 54.403 37.1036 45
    endloop
  endfacet
  facet normal 0 0 1
    outer loop
      vertex 55.5773 36.6172 45
      vertex 53.7273 34.7672 45
      vertex 54.8111 34.103 45
    endloop
  endfacet
  facet normal 0 0 1
    outer loop
      vertex 52.553 35.2536 45
      vertex 54.403 37.1036 45
      vertex 53.1671 37.4003 45
    endloop
  endfacet
  facet normal 0 0 1
    outer loop
      vertex 54.403 37.1036 45
      vertex 52.553 35.2536 45
      vertex 53.7273 34.7672 45
    endloop
  endfacet
  facet normal 0 0 1
    outer loop
      vertex 51.9 37.5 45
      vertex 52.553 35.2536 45
      vertex 53.1671 37.4003 45
    endloop
  endfacet
  facet normal 0 0 1
    outer loop
      vertex 51.9 37.5 45
      vertex 51.3171 35.5503 45
      vertex 52.553 35.2536 45
    endloop
  endfacet
  facet normal 0 0 1
    outer loop
      vertex 51.9 37.5 45
      vertex 50.05 35.65 45
      vertex 51.3171 35.5503 45
    endloop
  endfacet
  facet normal 0 0 1
    outer loop
      vertex 51.9 37.5 45
      vertex -50.05 35.65 45
      vertex 50.05 35.65 45
    endloop
  endfacet
  facet normal -0 0 1
    outer loop
      vertex -51.9 37.5 45
      vertex -50.05 35.65 45
      vertex 51.9 37.5 45
    endloop
  endfacet
  facet normal 0 0 1
    outer loop
      vertex -51.9 37.5 45
      vertex -51.3171 35.5503 45
      vertex -50.05 35.65 45
    endloop
  endfacet
  facet normal 0 0 1
    outer loop
      vertex -51.9 37.5 45
      vertex -52.553 35.2536 45
      vertex -51.3171 35.5503 45
    endloop
  endfacet
  facet normal -0 0 1
    outer loop
      vertex -53.1671 37.4003 45
      vertex -52.553 35.2536 45
      vertex -51.9 37.5 45
    endloop
  endfacet
  facet normal -0 0 1
    outer loop
      vertex -54.403 37.1036 45
      vertex -52.553 35.2536 45
      vertex -53.1671 37.4003 45
    endloop
  endfacet
  facet normal 0 0 1
    outer loop
      vertex -52.553 35.2536 45
      vertex -54.403 37.1036 45
      vertex -53.7273 34.7672 45
    endloop
  endfacet
  facet normal -0 0 1
    outer loop
      vertex -55.5773 36.6172 45
      vertex -53.7273 34.7672 45
      vertex -54.403 37.1036 45
    endloop
  endfacet
  facet normal 0 0 1
    outer loop
      vertex -53.7273 34.7672 45
      vertex -55.5773 36.6172 45
      vertex -54.8111 34.103 45
    endloop
  endfacet
  facet normal -0 0 1
    outer loop
      vertex -56.6611 35.953 45
      vertex -54.8111 34.103 45
      vertex -55.5773 36.6172 45
    endloop
  endfacet
  facet normal 0 0 1
    outer loop
      vertex -54.8111 34.103 45
      vertex -56.6611 35.953 45
      vertex -55.7776 33.2776 45
    endloop
  endfacet
  facet normal -0 0 1
    outer loop
      vertex -57.6276 35.1276 45
      vertex -55.7776 33.2776 45
      vertex -56.6611 35.953 45
    endloop
  endfacet
  facet normal -0 0 1
    outer loop
      vertex -58.453 34.1611 45
      vertex -55.7776 33.2776 45
      vertex -57.6276 35.1276 45
    endloop
  endfacet
  facet normal 0 0 1
    outer loop
      vertex -55.7776 33.2776 45
      vertex -58.453 34.1611 45
      vertex -56.603 32.3111 45
    endloop
  endfacet
  facet normal -0 0 1
    outer loop
      vertex -59.1172 33.0773 45
      vertex -56.603 32.3111 45
      vertex -58.453 34.1611 45
    endloop
  endfacet
  facet normal 0 0 1
    outer loop
      vertex -56.603 32.3111 45
      vertex -59.1172 33.0773 45
      vertex -57.2672 31.2273 45
    endloop
  endfacet
  facet normal -0 0 1
    outer loop
      vertex -59.6036 31.903 45
      vertex -57.2672 31.2273 45
      vertex -59.1172 33.0773 45
    endloop
  endfacet
  facet normal -0 0 1
    outer loop
      vertex -59.9003 30.6671 45
      vertex -57.7536 30.053 45
      vertex -59.6036 31.903 45
    endloop
  endfacet
  facet normal 0 0 1
    outer loop
      vertex -57.2672 31.2273 45
      vertex -59.6036 31.903 45
      vertex -57.7536 30.053 45
    endloop
  endfacet
  facet normal 0 0 1
    outer loop
      vertex 59.9003 -30.6671 45
      vertex 57.7536 -30.053 45
      vertex 59.6036 -31.903 45
    endloop
  endfacet
  facet normal -0 0 1
    outer loop
      vertex 57.2672 -31.2273 45
      vertex 59.6036 -31.903 45
      vertex 57.7536 -30.053 45
    endloop
  endfacet
  facet normal 0 0 1
    outer loop
      vertex 59.6036 -31.903 45
      vertex 57.2672 -31.2273 45
      vertex 59.1172 -33.0773 45
    endloop
  endfacet
  facet normal -0 0 1
    outer loop
      vertex 56.603 -32.3111 45
      vertex 59.1172 -33.0773 45
      vertex 57.2672 -31.2273 45
    endloop
  endfacet
  facet normal 0 0 1
    outer loop
      vertex 59.1172 -33.0773 45
      vertex 56.603 -32.3111 45
      vertex 58.453 -34.1611 45
    endloop
  endfacet
  facet normal -0 0 1
    outer loop
      vertex 55.7776 -33.2776 45
      vertex 58.453 -34.1611 45
      vertex 56.603 -32.3111 45
    endloop
  endfacet
  facet normal 0 0 1
    outer loop
      vertex 58.453 -34.1611 45
      vertex 55.7776 -33.2776 45
      vertex 57.6276 -35.1276 45
    endloop
  endfacet
  facet normal 0 0 1
    outer loop
      vertex 57.6276 -35.1276 45
      vertex 55.7776 -33.2776 45
      vertex 56.6611 -35.953 45
    endloop
  endfacet
  facet normal -0 0 1
    outer loop
      vertex 54.8111 -34.103 45
      vertex 56.6611 -35.953 45
      vertex 55.7776 -33.2776 45
    endloop
  endfacet
  facet normal 0 0 1
    outer loop
      vertex 56.6611 -35.953 45
      vertex 54.8111 -34.103 45
      vertex 55.5773 -36.6172 45
    endloop
  endfacet
  facet normal -0 0 1
    outer loop
      vertex 53.7273 -34.7672 45
      vertex 55.5773 -36.6172 45
      vertex 54.8111 -34.103 45
    endloop
  endfacet
  facet normal 0 0 1
    outer loop
      vertex 55.5773 -36.6172 45
      vertex 53.7273 -34.7672 45
      vertex 54.403 -37.1036 45
    endloop
  endfacet
  facet normal -0 0 1
    outer loop
      vertex 52.553 -35.2536 45
      vertex 54.403 -37.1036 45
      vertex 53.7273 -34.7672 45
    endloop
  endfacet
  facet normal 0 0 1
    outer loop
      vertex 54.403 -37.1036 45
      vertex 52.553 -35.2536 45
      vertex 53.1671 -37.4003 45
    endloop
  endfacet
  facet normal 0 0 1
    outer loop
      vertex 52.553 -35.2536 45
      vertex 51.9 -37.5 45
      vertex 53.1671 -37.4003 45
    endloop
  endfacet
  facet normal -0 0 1
    outer loop
      vertex 51.3171 -35.5503 45
      vertex 51.9 -37.5 45
      vertex 52.553 -35.2536 45
    endloop
  endfacet
  facet normal -0 0 1
    outer loop
      vertex 50.05 -35.65 45
      vertex 51.9 -37.5 45
      vertex 51.3171 -35.5503 45
    endloop
  endfacet
  facet normal -0 0 1
    outer loop
      vertex -50.05 -35.65 45
      vertex 51.9 -37.5 45
      vertex 50.05 -35.65 45
    endloop
  endfacet
  facet normal 0 0 1
    outer loop
      vertex -50.05 -35.65 45
      vertex -51.9 -37.5 45
      vertex 51.9 -37.5 45
    endloop
  endfacet
  facet normal 0 0 1
    outer loop
      vertex -51.3171 -35.5503 45
      vertex -51.9 -37.5 45
      vertex -50.05 -35.65 45
    endloop
  endfacet
  facet normal 0 0 1
    outer loop
      vertex -52.553 -35.2536 45
      vertex -51.9 -37.5 45
      vertex -51.3171 -35.5503 45
    endloop
  endfacet
  facet normal 0 0 1
    outer loop
      vertex -52.553 -35.2536 45
      vertex -53.1671 -37.4003 45
      vertex -51.9 -37.5 45
    endloop
  endfacet
  facet normal 0 0 1
    outer loop
      vertex -54.403 -37.1036 45
      vertex -52.553 -35.2536 45
      vertex -53.7273 -34.7672 45
    endloop
  endfacet
  facet normal 0 0 1
    outer loop
      vertex -52.553 -35.2536 45
      vertex -54.403 -37.1036 45
      vertex -53.1671 -37.4003 45
    endloop
  endfacet
  facet normal 0 0 1
    outer loop
      vertex -55.5773 -36.6172 45
      vertex -53.7273 -34.7672 45
      vertex -54.8111 -34.103 45
    endloop
  endfacet
  facet normal 0 0 1
    outer loop
      vertex -53.7273 -34.7672 45
      vertex -55.5773 -36.6172 45
      vertex -54.403 -37.1036 45
    endloop
  endfacet
  facet normal 0 0 1
    outer loop
      vertex -56.6611 -35.953 45
      vertex -54.8111 -34.103 45
      vertex -55.7776 -33.2776 45
    endloop
  endfacet
  facet normal 0 0 1
    outer loop
      vertex -58.453 -34.1611 45
      vertex -55.7776 -33.2776 45
      vertex -56.603 -32.3111 45
    endloop
  endfacet
  facet normal 0 0 1
    outer loop
      vertex -54.8111 -34.103 45
      vertex -56.6611 -35.953 45
      vertex -55.5773 -36.6172 45
    endloop
  endfacet
  facet normal 0 0 1
    outer loop
      vertex -59.1172 -33.0773 45
      vertex -56.603 -32.3111 45
      vertex -57.2672 -31.2273 45
    endloop
  endfacet
  facet normal 0 0 1
    outer loop
      vertex -55.7776 -33.2776 45
      vertex -57.6276 -35.1276 45
      vertex -56.6611 -35.953 45
    endloop
  endfacet
  facet normal 0 0 1
    outer loop
      vertex -59.6036 -31.903 45
      vertex -57.2672 -31.2273 45
      vertex -57.7536 -30.053 45
    endloop
  endfacet
  facet normal -0 0 1
    outer loop
      vertex -60 -29.4 45
      vertex -57.7536 -30.053 45
      vertex -58.0503 -28.8171 45
    endloop
  endfacet
  facet normal 0 0 1
    outer loop
      vertex -60 -29.4 45
      vertex -58.0503 -28.8171 45
      vertex -58.15 -27.55 45
    endloop
  endfacet
  facet normal 0 0 1
    outer loop
      vertex -55.7776 -33.2776 45
      vertex -58.453 -34.1611 45
      vertex -57.6276 -35.1276 45
    endloop
  endfacet
  facet normal 0 0 1
    outer loop
      vertex -58.15 27.55 45
      vertex -60 29.4 45
      vertex -58.15 -27.55 45
    endloop
  endfacet
  facet normal 0 0 1
    outer loop
      vertex -60 29.4 45
      vertex -57.7536 30.053 45
      vertex -59.9003 30.6671 45
    endloop
  endfacet
  facet normal 0 0 1
    outer loop
      vertex -60 -29.4 45
      vertex -58.15 -27.55 45
      vertex -60 29.4 45
    endloop
  endfacet
  facet normal 0 0 1
    outer loop
      vertex -57.7536 30.053 45
      vertex -60 29.4 45
      vertex -58.0503 28.8171 45
    endloop
  endfacet
  facet normal 0 0 1
    outer loop
      vertex -57.7536 -30.053 45
      vertex -60 -29.4 45
      vertex -59.9003 -30.6671 45
    endloop
  endfacet
  facet normal 0 0 1
    outer loop
      vertex -58.0503 28.8171 45
      vertex -60 29.4 45
      vertex -58.15 27.55 45
    endloop
  endfacet
  facet normal 0 0 1
    outer loop
      vertex -56.603 -32.3111 45
      vertex -59.1172 -33.0773 45
      vertex -58.453 -34.1611 45
    endloop
  endfacet
  facet normal 0 0 1
    outer loop
      vertex -57.2672 -31.2273 45
      vertex -59.6036 -31.903 45
      vertex -59.1172 -33.0773 45
    endloop
  endfacet
  facet normal 0 0 1
    outer loop
      vertex -57.7536 -30.053 45
      vertex -59.9003 -30.6671 45
      vertex -59.6036 -31.903 45
    endloop
  endfacet
  facet normal 0 -1 0
    outer loop
      vertex -51.9 -37.5 45
      vertex 0 -37.5 25.96
      vertex 51.9 -37.5 45
    endloop
  endfacet
  facet normal 0 -1 0
    outer loop
      vertex -51.9 -37.5 45
      vertex -0.938606 -37.5 25.8861
      vertex 0 -37.5 25.96
    endloop
  endfacet
  facet normal 0 -1 0
    outer loop
      vertex -51.9 -37.5 45
      vertex -1.8541 -37.5 25.6663
      vertex -0.938606 -37.5 25.8861
    endloop
  endfacet
  facet normal 0 -1 0
    outer loop
      vertex -51.9 -37.5 45
      vertex -2.72394 -37.5 25.306
      vertex -1.8541 -37.5 25.6663
    endloop
  endfacet
  facet normal 0 -1 0
    outer loop
      vertex -51.9 -37.5 45
      vertex -3.52671 -37.5 24.8141
      vertex -2.72394 -37.5 25.306
    endloop
  endfacet
  facet normal 0 -1 0
    outer loop
      vertex -51.9 -37.5 45
      vertex -4.24264 -37.5 24.2026
      vertex -3.52671 -37.5 24.8141
    endloop
  endfacet
  facet normal 0 -1 0
    outer loop
      vertex -51.9 -37.5 45
      vertex -4.8541 -37.5 23.4867
      vertex -4.24264 -37.5 24.2026
    endloop
  endfacet
  facet normal 0 -1 0
    outer loop
      vertex -51.9 -37.5 45
      vertex -5.34604 -37.5 22.6839
      vertex -4.8541 -37.5 23.4867
    endloop
  endfacet
  facet normal 0 -1 0
    outer loop
      vertex -51.9 -37.5 45
      vertex -5.70634 -37.5 21.8141
      vertex -5.34604 -37.5 22.6839
    endloop
  endfacet
  facet normal 0 -1 0
    outer loop
      vertex -51.9 -37.5 45
      vertex -5.92613 -37.5 20.8986
      vertex -5.70634 -37.5 21.8141
    endloop
  endfacet
  facet normal 0 -1 0
    outer loop
      vertex -51.9 -37.5 45
      vertex -6 -37.5 19.96
      vertex -5.92613 -37.5 20.8986
    endloop
  endfacet
  facet normal 0 -1 0
    outer loop
      vertex -51.9 -37.5 0
      vertex -6 -37.5 19.96
      vertex -51.9 -37.5 45
    endloop
  endfacet
  facet normal 0 -1 -0
    outer loop
      vertex -6 -37.5 19.96
      vertex -51.9 -37.5 0
      vertex -6 -37.5 5.96
    endloop
  endfacet
  facet normal 0 -1 -0
    outer loop
      vertex -6 -37.5 5.96
      vertex -51.9 -37.5 0
      vertex -5.92613 -37.5 5.02139
    endloop
  endfacet
  facet normal 0 -1 -0
    outer loop
      vertex -5.92613 -37.5 5.02139
      vertex -51.9 -37.5 0
      vertex -5.70634 -37.5 4.1059
    endloop
  endfacet
  facet normal 0 -1 -0
    outer loop
      vertex -5.70634 -37.5 4.1059
      vertex -51.9 -37.5 0
      vertex -5.34604 -37.5 3.23606
    endloop
  endfacet
  facet normal 0 -1 -0
    outer loop
      vertex -5.34604 -37.5 3.23606
      vertex -51.9 -37.5 0
      vertex -4.8541 -37.5 2.43329
    endloop
  endfacet
  facet normal 0 -1 -0
    outer loop
      vertex -4.8541 -37.5 2.43329
      vertex -51.9 -37.5 0
      vertex -4.24264 -37.5 1.71736
    endloop
  endfacet
  facet normal 0 -1 0
    outer loop
      vertex -51.9 -37.5 0
      vertex -3.52671 -37.5 1.1059
      vertex -4.24264 -37.5 1.71736
    endloop
  endfacet
  facet normal 0 -1 0
    outer loop
      vertex -51.9 -37.5 0
      vertex -2.72394 -37.5 0.61396
      vertex -3.52671 -37.5 1.1059
    endloop
  endfacet
  facet normal 0 -1 0
    outer loop
      vertex -51.9 -37.5 0
      vertex -1.8541 -37.5 0.25366
      vertex -2.72394 -37.5 0.61396
    endloop
  endfacet
  facet normal 0 -1 0
    outer loop
      vertex -51.9 -37.5 0
      vertex -0.938606 -37.5 0.0338697
      vertex -1.8541 -37.5 0.25366
    endloop
  endfacet
  facet normal 0 -1 -0
    outer loop
      vertex -0.938606 -37.5 0.0338697
      vertex -51.9 -37.5 0
      vertex -0.508249 -37.5 0
    endloop
  endfacet
  facet normal 0 -1 0
    outer loop
      vertex 0.938606 -37.5 25.8861
      vertex 51.9 -37.5 45
      vertex 0 -37.5 25.96
    endloop
  endfacet
  facet normal 0 -1 0
    outer loop
      vertex 1.8541 -37.5 25.6663
      vertex 51.9 -37.5 45
      vertex 0.938606 -37.5 25.8861
    endloop
  endfacet
  facet normal 0 -1 0
    outer loop
      vertex 2.72394 -37.5 25.306
      vertex 51.9 -37.5 45
      vertex 1.8541 -37.5 25.6663
    endloop
  endfacet
  facet normal 0 -1 0
    outer loop
      vertex 3.52671 -37.5 24.8141
      vertex 51.9 -37.5 45
      vertex 2.72394 -37.5 25.306
    endloop
  endfacet
  facet normal 0 -1 0
    outer loop
      vertex 4.24264 -37.5 24.2026
      vertex 51.9 -37.5 45
      vertex 3.52671 -37.5 24.8141
    endloop
  endfacet
  facet normal 0 -1 0
    outer loop
      vertex 4.8541 -37.5 23.4867
      vertex 51.9 -37.5 45
      vertex 4.24264 -37.5 24.2026
    endloop
  endfacet
  facet normal 0 -1 0
    outer loop
      vertex 5.34604 -37.5 22.6839
      vertex 51.9 -37.5 45
      vertex 4.8541 -37.5 23.4867
    endloop
  endfacet
  facet normal 0 -1 0
    outer loop
      vertex 5.70634 -37.5 21.8141
      vertex 51.9 -37.5 45
      vertex 5.34604 -37.5 22.6839
    endloop
  endfacet
  facet normal 0 -1 0
    outer loop
      vertex 5.92613 -37.5 20.8986
      vertex 51.9 -37.5 45
      vertex 5.70634 -37.5 21.8141
    endloop
  endfacet
  facet normal 0 -1 0
    outer loop
      vertex 6 -37.5 19.96
      vertex 51.9 -37.5 45
      vertex 5.92613 -37.5 20.8986
    endloop
  endfacet
  facet normal 0 -1 0
    outer loop
      vertex 51.9 -37.5 0
      vertex 6 -37.5 19.96
      vertex 6 -37.5 5.96
    endloop
  endfacet
  facet normal 0 -1 0
    outer loop
      vertex 51.9 -37.5 0
      vertex 6 -37.5 5.96
      vertex 5.92613 -37.5 5.02139
    endloop
  endfacet
  facet normal 0 -1 0
    outer loop
      vertex 51.9 -37.5 0
      vertex 5.92613 -37.5 5.02139
      vertex 5.70634 -37.5 4.1059
    endloop
  endfacet
  facet normal 0 -1 0
    outer loop
      vertex 51.9 -37.5 0
      vertex 5.70634 -37.5 4.1059
      vertex 5.34604 -37.5 3.23606
    endloop
  endfacet
  facet normal 0 -1 0
    outer loop
      vertex 51.9 -37.5 0
      vertex 5.34604 -37.5 3.23606
      vertex 4.8541 -37.5 2.43329
    endloop
  endfacet
  facet normal 0 -1 0
    outer loop
      vertex 51.9 -37.5 0
      vertex 4.8541 -37.5 2.43329
      vertex 4.24264 -37.5 1.71736
    endloop
  endfacet
  facet normal 0 -1 0
    outer loop
      vertex 6 -37.5 19.96
      vertex 51.9 -37.5 0
      vertex 51.9 -37.5 45
    endloop
  endfacet
  facet normal 0 -1 0
    outer loop
      vertex 3.52671 -37.5 1.1059
      vertex 51.9 -37.5 0
      vertex 4.24264 -37.5 1.71736
    endloop
  endfacet
  facet normal 0 -1 0
    outer loop
      vertex 2.72394 -37.5 0.61396
      vertex 51.9 -37.5 0
      vertex 3.52671 -37.5 1.1059
    endloop
  endfacet
  facet normal 0 -1 0
    outer loop
      vertex 1.8541 -37.5 0.25366
      vertex 51.9 -37.5 0
      vertex 2.72394 -37.5 0.61396
    endloop
  endfacet
  facet normal 0 -1 0
    outer loop
      vertex 0.938606 -37.5 0.0338697
      vertex 51.9 -37.5 0
      vertex 1.8541 -37.5 0.25366
    endloop
  endfacet
  facet normal 0 -1 0
    outer loop
      vertex 51.9 -37.5 0
      vertex 0.938606 -37.5 0.0338697
      vertex 0.508249 -37.5 0
    endloop
  endfacet
  facet normal 0 1 0
    outer loop
      vertex 51.9 37.5 45
      vertex 0 37.5 25.96
      vertex -51.9 37.5 45
    endloop
  endfacet
  facet normal 0 1 0
    outer loop
      vertex 51.9 37.5 45
      vertex 0.938606 37.5 25.8861
      vertex 0 37.5 25.96
    endloop
  endfacet
  facet normal 0 1 0
    outer loop
      vertex 51.9 37.5 45
      vertex 1.8541 37.5 25.6663
      vertex 0.938606 37.5 25.8861
    endloop
  endfacet
  facet normal 0 1 0
    outer loop
      vertex 51.9 37.5 45
      vertex 2.72394 37.5 25.306
      vertex 1.8541 37.5 25.6663
    endloop
  endfacet
  facet normal 0 1 0
    outer loop
      vertex 51.9 37.5 45
      vertex 3.52671 37.5 24.8141
      vertex 2.72394 37.5 25.306
    endloop
  endfacet
  facet normal 0 1 0
    outer loop
      vertex 51.9 37.5 45
      vertex 4.24264 37.5 24.2026
      vertex 3.52671 37.5 24.8141
    endloop
  endfacet
  facet normal 0 1 0
    outer loop
      vertex 51.9 37.5 45
      vertex 4.8541 37.5 23.4867
      vertex 4.24264 37.5 24.2026
    endloop
  endfacet
  facet normal 0 1 0
    outer loop
      vertex 51.9 37.5 45
      vertex 5.34604 37.5 22.6839
      vertex 4.8541 37.5 23.4867
    endloop
  endfacet
  facet normal 0 1 0
    outer loop
      vertex 51.9 37.5 45
      vertex 5.70634 37.5 21.8141
      vertex 5.34604 37.5 22.6839
    endloop
  endfacet
  facet normal 0 1 0
    outer loop
      vertex 51.9 37.5 45
      vertex 5.92613 37.5 20.8986
      vertex 5.70634 37.5 21.8141
    endloop
  endfacet
  facet normal 0 1 0
    outer loop
      vertex 51.9 37.5 45
      vertex 6 37.5 19.96
      vertex 5.92613 37.5 20.8986
    endloop
  endfacet
  facet normal 0 1 -0
    outer loop
      vertex 51.9 37.5 0
      vertex 6 37.5 19.96
      vertex 51.9 37.5 45
    endloop
  endfacet
  facet normal 0 1 0
    outer loop
      vertex 6 37.5 19.96
      vertex 51.9 37.5 0
      vertex 6 37.5 5.96
    endloop
  endfacet
  facet normal 0 1 0
    outer loop
      vertex 6 37.5 5.96
      vertex 51.9 37.5 0
      vertex 5.92613 37.5 5.02139
    endloop
  endfacet
  facet normal 0 1 0
    outer loop
      vertex 5.92613 37.5 5.02139
      vertex 51.9 37.5 0
      vertex 5.70634 37.5 4.1059
    endloop
  endfacet
  facet normal 0 1 0
    outer loop
      vertex 5.70634 37.5 4.1059
      vertex 51.9 37.5 0
      vertex 5.34604 37.5 3.23606
    endloop
  endfacet
  facet normal 0 1 0
    outer loop
      vertex 5.34604 37.5 3.23606
      vertex 51.9 37.5 0
      vertex 4.8541 37.5 2.43329
    endloop
  endfacet
  facet normal 0 1 0
    outer loop
      vertex 4.8541 37.5 2.43329
      vertex 51.9 37.5 0
      vertex 4.24264 37.5 1.71736
    endloop
  endfacet
  facet normal 0 1 0
    outer loop
      vertex 51.9 37.5 0
      vertex 3.52671 37.5 1.1059
      vertex 4.24264 37.5 1.71736
    endloop
  endfacet
  facet normal 0 1 0
    outer loop
      vertex 51.9 37.5 0
      vertex 2.72394 37.5 0.61396
      vertex 3.52671 37.5 1.1059
    endloop
  endfacet
  facet normal 0 1 0
    outer loop
      vertex 51.9 37.5 0
      vertex 1.8541 37.5 0.25366
      vertex 2.72394 37.5 0.61396
    endloop
  endfacet
  facet normal 0 1 0
    outer loop
      vertex 51.9 37.5 0
      vertex 0.938606 37.5 0.0338697
      vertex 1.8541 37.5 0.25366
    endloop
  endfacet
  facet normal 0 1 0
    outer loop
      vertex 0.938606 37.5 0.0338697
      vertex 51.9 37.5 0
      vertex 0.508249 37.5 0
    endloop
  endfacet
  facet normal 0 1 -0
    outer loop
      vertex -0.938606 37.5 25.8861
      vertex -51.9 37.5 45
      vertex 0 37.5 25.96
    endloop
  endfacet
  facet normal 0 1 -0
    outer loop
      vertex -1.8541 37.5 25.6663
      vertex -51.9 37.5 45
      vertex -0.938606 37.5 25.8861
    endloop
  endfacet
  facet normal 0 1 -0
    outer loop
      vertex -2.72394 37.5 25.306
      vertex -51.9 37.5 45
      vertex -1.8541 37.5 25.6663
    endloop
  endfacet
  facet normal 0 1 -0
    outer loop
      vertex -3.52671 37.5 24.8141
      vertex -51.9 37.5 45
      vertex -2.72394 37.5 25.306
    endloop
  endfacet
  facet normal 0 1 -0
    outer loop
      vertex -4.24264 37.5 24.2026
      vertex -51.9 37.5 45
      vertex -3.52671 37.5 24.8141
    endloop
  endfacet
  facet normal 0 1 -0
    outer loop
      vertex -4.8541 37.5 23.4867
      vertex -51.9 37.5 45
      vertex -4.24264 37.5 24.2026
    endloop
  endfacet
  facet normal 0 1 -0
    outer loop
      vertex -5.34604 37.5 22.6839
      vertex -51.9 37.5 45
      vertex -4.8541 37.5 23.4867
    endloop
  endfacet
  facet normal 0 1 -0
    outer loop
      vertex -5.70634 37.5 21.8141
      vertex -51.9 37.5 45
      vertex -5.34604 37.5 22.6839
    endloop
  endfacet
  facet normal 0 1 -0
    outer loop
      vertex -5.92613 37.5 20.8986
      vertex -51.9 37.5 45
      vertex -5.70634 37.5 21.8141
    endloop
  endfacet
  facet normal 0 1 -0
    outer loop
      vertex -6 37.5 19.96
      vertex -51.9 37.5 45
      vertex -5.92613 37.5 20.8986
    endloop
  endfacet
  facet normal 0 1 0
    outer loop
      vertex -51.9 37.5 0
      vertex -6 37.5 19.96
      vertex -6 37.5 5.96
    endloop
  endfacet
  facet normal 0 1 0
    outer loop
      vertex -51.9 37.5 0
      vertex -6 37.5 5.96
      vertex -5.92613 37.5 5.02139
    endloop
  endfacet
  facet normal 0 1 0
    outer loop
      vertex -51.9 37.5 0
      vertex -5.92613 37.5 5.02139
      vertex -5.70634 37.5 4.1059
    endloop
  endfacet
  facet normal 0 1 0
    outer loop
      vertex -51.9 37.5 0
      vertex -5.70634 37.5 4.1059
      vertex -5.34604 37.5 3.23606
    endloop
  endfacet
  facet normal 0 1 0
    outer loop
      vertex -51.9 37.5 0
      vertex -5.34604 37.5 3.23606
      vertex -4.8541 37.5 2.43329
    endloop
  endfacet
  facet normal 0 1 0
    outer loop
      vertex -51.9 37.5 0
      vertex -4.8541 37.5 2.43329
      vertex -4.24264 37.5 1.71736
    endloop
  endfacet
  facet normal 0 1 0
    outer loop
      vertex -6 37.5 19.96
      vertex -51.9 37.5 0
      vertex -51.9 37.5 45
    endloop
  endfacet
  facet normal 0 1 0
    outer loop
      vertex -3.52671 37.5 1.1059
      vertex -51.9 37.5 0
      vertex -4.24264 37.5 1.71736
    endloop
  endfacet
  facet normal 0 1 0
    outer loop
      vertex -2.72394 37.5 0.61396
      vertex -51.9 37.5 0
      vertex -3.52671 37.5 1.1059
    endloop
  endfacet
  facet normal 0 1 0
    outer loop
      vertex -1.8541 37.5 0.25366
      vertex -51.9 37.5 0
      vertex -2.72394 37.5 0.61396
    endloop
  endfacet
  facet normal 0 1 0
    outer loop
      vertex -0.938606 37.5 0.0338697
      vertex -51.9 37.5 0
      vertex -1.8541 37.5 0.25366
    endloop
  endfacet
  facet normal 0 1 0
    outer loop
      vertex -51.9 37.5 0
      vertex -0.938606 37.5 0.0338697
      vertex -0.508249 37.5 0
    endloop
  endfacet
  facet normal 0.649417 0.760433 -0
    outer loop
      vertex 57.6276 35.1276 0
      vertex 56.6611 35.953 45
      vertex 57.6276 35.1276 45
    endloop
  endfacet
  facet normal 0.649417 0.760433 0
    outer loop
      vertex 56.6611 35.953 45
      vertex 57.6276 35.1276 0
      vertex 56.6611 35.953 0
    endloop
  endfacet
  facet normal 1 -0 0
    outer loop
      vertex 60 5.92613 20.8986
      vertex 60 29.4 0
      vertex 60 29.4 45
    endloop
  endfacet
  facet normal 1 0 0
    outer loop
      vertex 60 29.4 0
      vertex 60 5.92613 20.8986
      vertex 60 6 19.96
    endloop
  endfacet
  facet normal 1 0 0
    outer loop
      vertex 60 29.4 45
      vertex 60 5.70634 21.8141
      vertex 60 5.92613 20.8986
    endloop
  endfacet
  facet normal 1 0 0
    outer loop
      vertex 60 29.4 45
      vertex 60 5.34604 22.6839
      vertex 60 5.70634 21.8141
    endloop
  endfacet
  facet normal 1 0 0
    outer loop
      vertex 60 29.4 45
      vertex 60 4.8541 23.4867
      vertex 60 5.34604 22.6839
    endloop
  endfacet
  facet normal 1 0 0
    outer loop
      vertex 60 29.4 45
      vertex 60 4.24264 24.2026
      vertex 60 4.8541 23.4867
    endloop
  endfacet
  facet normal 1 0 0
    outer loop
      vertex 60 29.4 45
      vertex 60 3.52671 24.8141
      vertex 60 4.24264 24.2026
    endloop
  endfacet
  facet normal 1 0 0
    outer loop
      vertex 60 29.4 45
      vertex 60 2.72394 25.306
      vertex 60 3.52671 24.8141
    endloop
  endfacet
  facet normal 1 0 0
    outer loop
      vertex 60 29.4 45
      vertex 60 1.8541 25.6663
      vertex 60 2.72394 25.306
    endloop
  endfacet
  facet normal 1 0 0
    outer loop
      vertex 60 29.4 45
      vertex 60 0.938606 25.8861
      vertex 60 1.8541 25.6663
    endloop
  endfacet
  facet normal 1 0 0
    outer loop
      vertex 60 29.4 45
      vertex 60 0 25.96
      vertex 60 0.938606 25.8861
    endloop
  endfacet
  facet normal 1 -0 0
    outer loop
      vertex 60 -29.4 45
      vertex 60 0 25.96
      vertex 60 29.4 45
    endloop
  endfacet
  facet normal 1 0 0
    outer loop
      vertex 60 0 25.96
      vertex 60 -29.4 45
      vertex 60 -0.938606 25.8861
    endloop
  endfacet
  facet normal 1 0 0
    outer loop
      vertex 60 -0.938606 25.8861
      vertex 60 -29.4 45
      vertex 60 -1.8541 25.6663
    endloop
  endfacet
  facet normal 1 0 0
    outer loop
      vertex 60 -1.8541 25.6663
      vertex 60 -29.4 45
      vertex 60 -2.72394 25.306
    endloop
  endfacet
  facet normal 1 0 0
    outer loop
      vertex 60 -5.92613 20.8986
      vertex 60 -29.4 0
      vertex 60 -6 19.96
    endloop
  endfacet
  facet normal 1 0 0
    outer loop
      vertex 60 -29.4 0
      vertex 60 -5.92613 20.8986
      vertex 60 -29.4 45
    endloop
  endfacet
  facet normal 1 0 0
    outer loop
      vertex 60 -5.70634 21.8141
      vertex 60 -29.4 45
      vertex 60 -5.92613 20.8986
    endloop
  endfacet
  facet normal 1 0 0
    outer loop
      vertex 60 -5.34604 22.6839
      vertex 60 -29.4 45
      vertex 60 -5.70634 21.8141
    endloop
  endfacet
  facet normal 1 0 0
    outer loop
      vertex 60 -4.8541 23.4867
      vertex 60 -29.4 45
      vertex 60 -5.34604 22.6839
    endloop
  endfacet
  facet normal 1 0 0
    outer loop
      vertex 60 -4.24264 24.2026
      vertex 60 -29.4 45
      vertex 60 -4.8541 23.4867
    endloop
  endfacet
  facet normal 1 0 0
    outer loop
      vertex 60 -3.52671 24.8141
      vertex 60 -29.4 45
      vertex 60 -4.24264 24.2026
    endloop
  endfacet
  facet normal 1 0 0
    outer loop
      vertex 60 -2.72394 25.306
      vertex 60 -29.4 45
      vertex 60 -3.52671 24.8141
    endloop
  endfacet
  facet normal 1 -0 0
    outer loop
      vertex 60 6 5.96
      vertex 60 29.4 0
      vertex 60 6 19.96
    endloop
  endfacet
  facet normal 1 -0 0
    outer loop
      vertex 60 5.92613 5.02139
      vertex 60 29.4 0
      vertex 60 6 5.96
    endloop
  endfacet
  facet normal 1 -0 0
    outer loop
      vertex 60 5.70634 4.1059
      vertex 60 29.4 0
      vertex 60 5.92613 5.02139
    endloop
  endfacet
  facet normal 1 -0 0
    outer loop
      vertex 60 5.34604 3.23606
      vertex 60 29.4 0
      vertex 60 5.70634 4.1059
    endloop
  endfacet
  facet normal 1 -0 0
    outer loop
      vertex 60 4.8541 2.43329
      vertex 60 29.4 0
      vertex 60 5.34604 3.23606
    endloop
  endfacet
  facet normal 1 -0 0
    outer loop
      vertex 60 4.24264 1.71736
      vertex 60 29.4 0
      vertex 60 4.8541 2.43329
    endloop
  endfacet
  facet normal 1 -0 0
    outer loop
      vertex 60 3.52671 1.1059
      vertex 60 29.4 0
      vertex 60 4.24264 1.71736
    endloop
  endfacet
  facet normal 1 -0 0
    outer loop
      vertex 60 2.72394 0.61396
      vertex 60 29.4 0
      vertex 60 3.52671 1.1059
    endloop
  endfacet
  facet normal 1 -0 0
    outer loop
      vertex 60 1.8541 0.25366
      vertex 60 29.4 0
      vertex 60 2.72394 0.61396
    endloop
  endfacet
  facet normal 1 -0 0
    outer loop
      vertex 60 0.938606 0.0338697
      vertex 60 29.4 0
      vertex 60 1.8541 0.25366
    endloop
  endfacet
  facet normal 1 0 0
    outer loop
      vertex 60 29.4 0
      vertex 60 0.938606 0.0338697
      vertex 60 0.508249 0
    endloop
  endfacet
  facet normal 1 0 0
    outer loop
      vertex 60 -6 19.96
      vertex 60 -29.4 0
      vertex 60 -6 5.96
    endloop
  endfacet
  facet normal 1 0 0
    outer loop
      vertex 60 -6 5.96
      vertex 60 -29.4 0
      vertex 60 -5.92613 5.02139
    endloop
  endfacet
  facet normal 1 0 0
    outer loop
      vertex 60 -5.92613 5.02139
      vertex 60 -29.4 0
      vertex 60 -5.70634 4.1059
    endloop
  endfacet
  facet normal 1 0 0
    outer loop
      vertex 60 -0.938606 0.0338697
      vertex 60 -29.4 0
      vertex 60 -0.508249 0
    endloop
  endfacet
  facet normal 1 0 0
    outer loop
      vertex 60 -1.8541 0.25366
      vertex 60 -29.4 0
      vertex 60 -0.938606 0.0338697
    endloop
  endfacet
  facet normal 1 0 0
    outer loop
      vertex 60 -2.72394 0.61396
      vertex 60 -29.4 0
      vertex 60 -1.8541 0.25366
    endloop
  endfacet
  facet normal 1 0 0
    outer loop
      vertex 60 -3.52671 1.1059
      vertex 60 -29.4 0
      vertex 60 -2.72394 0.61396
    endloop
  endfacet
  facet normal 1 0 0
    outer loop
      vertex 60 -4.24264 1.71736
      vertex 60 -29.4 0
      vertex 60 -3.52671 1.1059
    endloop
  endfacet
  facet normal 1 0 0
    outer loop
      vertex 60 -4.8541 2.43329
      vertex 60 -29.4 0
      vertex 60 -4.24264 1.71736
    endloop
  endfacet
  facet normal 1 0 0
    outer loop
      vertex 60 -5.34604 3.23606
      vertex 60 -29.4 0
      vertex 60 -4.8541 2.43329
    endloop
  endfacet
  facet normal 1 0 0
    outer loop
      vertex 60 -5.70634 4.1059
      vertex 60 -29.4 0
      vertex 60 -5.34604 3.23606
    endloop
  endfacet
  facet normal -0.649417 -0.760433 0
    outer loop
      vertex -57.6276 -35.1276 0
      vertex -56.6611 -35.953 45
      vertex -57.6276 -35.1276 45
    endloop
  endfacet
  facet normal -0.649417 -0.760433 -0
    outer loop
      vertex -56.6611 -35.953 45
      vertex -57.6276 -35.1276 0
      vertex -56.6611 -35.953 0
    endloop
  endfacet
  facet normal 0 0 -1
    outer loop
      vertex 51.9 -37.5 0
      vertex 60 -29.4 0
      vertex 59.9003 -30.6671 0
    endloop
  endfacet
  facet normal 0 0 -1
    outer loop
      vertex 51.9 -37.5 0
      vertex 59.9003 -30.6671 0
      vertex 59.6036 -31.903 0
    endloop
  endfacet
  facet normal 0 0 -1
    outer loop
      vertex 51.9 -37.5 0
      vertex 59.6036 -31.903 0
      vertex 59.1172 -33.0773 0
    endloop
  endfacet
  facet normal 0 0 -1
    outer loop
      vertex 51.9 -37.5 0
      vertex 59.1172 -33.0773 0
      vertex 58.453 -34.1611 0
    endloop
  endfacet
  facet normal 0 0 -1
    outer loop
      vertex 60 -29.4 0
      vertex 58.11 -0.508249 0
      vertex 60 -0.508249 0
    endloop
  endfacet
  facet normal -0 0 -1
    outer loop
      vertex 60 -29.4 0
      vertex 51.9 -37.5 0
      vertex 58.11 -0.508249 0
    endloop
  endfacet
  facet normal 0 0 -1
    outer loop
      vertex 51.9 -37.5 0
      vertex 58.453 -34.1611 0
      vertex 57.6276 -35.1276 0
    endloop
  endfacet
  facet normal 0 0 -1
    outer loop
      vertex 58.11 0.508249 0
      vertex 60 29.4 0
      vertex 60 0.508249 0
    endloop
  endfacet
  facet normal 0 0 -1
    outer loop
      vertex 51.9 37.5 0
      vertex 60 29.4 0
      vertex 58.11 0.508249 0
    endloop
  endfacet
  facet normal 0 0 -1
    outer loop
      vertex 60 29.4 0
      vertex 51.9 37.5 0
      vertex 59.9003 30.6671 0
    endloop
  endfacet
  facet normal 0 0 -1
    outer loop
      vertex 59.9003 30.6671 0
      vertex 51.9 37.5 0
      vertex 59.6036 31.903 0
    endloop
  endfacet
  facet normal 0 0 -1
    outer loop
      vertex 59.6036 31.903 0
      vertex 51.9 37.5 0
      vertex 59.1172 33.0773 0
    endloop
  endfacet
  facet normal 0 0 -1
    outer loop
      vertex 3.69768 -1.88406 0
      vertex 58.11 -0.508249 0
      vertex 51.9 -37.5 0
    endloop
  endfacet
  facet normal 0 0 -1
    outer loop
      vertex 4.09891 0.649202 0
      vertex 58.11 0.508249 0
      vertex 4.15 0 0
    endloop
  endfacet
  facet normal 0 0 -1
    outer loop
      vertex 51.9 -37.5 0
      vertex 57.6276 -35.1276 0
      vertex 56.6611 -35.953 0
    endloop
  endfacet
  facet normal 0 -0 -1
    outer loop
      vertex 3.94688 -1.28242 0
      vertex 58.11 -0.508249 0
      vertex 3.69768 -1.88406 0
    endloop
  endfacet
  facet normal 0 0 -1
    outer loop
      vertex 51.9 -37.5 0
      vertex 56.6611 -35.953 0
      vertex 55.5773 -36.6172 0
    endloop
  endfacet
  facet normal 0 0 -1
    outer loop
      vertex 3.94688 1.28242 0
      vertex 58.11 0.508249 0
      vertex 4.09891 0.649202 0
    endloop
  endfacet
  facet normal 0 0 -1
    outer loop
      vertex 51.9 -37.5 0
      vertex 55.5773 -36.6172 0
      vertex 54.403 -37.1036 0
    endloop
  endfacet
  facet normal 0 0 -1
    outer loop
      vertex 58.453 34.1611 0
      vertex 51.9 37.5 0
      vertex 57.6276 35.1276 0
    endloop
  endfacet
  facet normal 0 0 -1
    outer loop
      vertex 51.9 -37.5 0
      vertex 54.403 -37.1036 0
      vertex 53.1671 -37.4003 0
    endloop
  endfacet
  facet normal 0 0 -1
    outer loop
      vertex 56.6611 35.953 0
      vertex 51.9 37.5 0
      vertex 55.5773 36.6172 0
    endloop
  endfacet
  facet normal 0 0 -1
    outer loop
      vertex 55.5773 36.6172 0
      vertex 51.9 37.5 0
      vertex 54.403 37.1036 0
    endloop
  endfacet
  facet normal 0 0 -1
    outer loop
      vertex 54.403 37.1036 0
      vertex 51.9 37.5 0
      vertex 53.1671 37.4003 0
    endloop
  endfacet
  facet normal 0 0 -1
    outer loop
      vertex 57.6276 35.1276 0
      vertex 51.9 37.5 0
      vertex 56.6611 35.953 0
    endloop
  endfacet
  facet normal 0 0 -1
    outer loop
      vertex 58.11 -0.508249 0
      vertex 4.15 0 0
      vertex 58.11 0.508249 0
    endloop
  endfacet
  facet normal 0 -0 -1
    outer loop
      vertex 4.15 0 0
      vertex 58.11 -0.508249 0
      vertex 4.09891 -0.649202 0
    endloop
  endfacet
  facet normal 0 -0 -1
    outer loop
      vertex 4.09891 -0.649202 0
      vertex 58.11 -0.508249 0
      vertex 3.94688 -1.28242 0
    endloop
  endfacet
  facet normal 0 0 -1
    outer loop
      vertex 51.9 -37.5 0
      vertex 3.35742 -2.43931 0
      vertex 3.69768 -1.88406 0
    endloop
  endfacet
  facet normal 0 0 -1
    outer loop
      vertex 0.508249 -35.61 0
      vertex 3.35742 -2.43931 0
      vertex 51.9 -37.5 0
    endloop
  endfacet
  facet normal 0 0 -1
    outer loop
      vertex 3.35742 -2.43931 0
      vertex 0.508249 -35.61 0
      vertex 2.93449 -2.93449 0
    endloop
  endfacet
  facet normal 0 0 -1
    outer loop
      vertex 2.93449 -2.93449 0
      vertex 0.508249 -35.61 0
      vertex 2.43931 -3.35742 0
    endloop
  endfacet
  facet normal 0 0 -1
    outer loop
      vertex 2.43931 -3.35742 0
      vertex 0.508249 -35.61 0
      vertex 1.88406 -3.69768 0
    endloop
  endfacet
  facet normal 0 0 -1
    outer loop
      vertex 1.88406 -3.69768 0
      vertex 0.508249 -35.61 0
      vertex 1.28242 -3.94688 0
    endloop
  endfacet
  facet normal 0 0 -1
    outer loop
      vertex 0.508249 -35.61 0
      vertex 51.9 -37.5 0
      vertex 0.508249 -37.5 0
    endloop
  endfacet
  facet normal 0 0 -1
    outer loop
      vertex 1.28242 -3.94688 0
      vertex 0.508249 -35.61 0
      vertex 0.649202 -4.09891 0
    endloop
  endfacet
  facet normal 0 0 -1
    outer loop
      vertex 0.508249 -35.61 0
      vertex 0 -4.15 0
      vertex 0.649202 -4.09891 0
    endloop
  endfacet
  facet normal 0 0 -1
    outer loop
      vertex -0.508249 -35.61 0
      vertex 0 -4.15 0
      vertex 0.508249 -35.61 0
    endloop
  endfacet
  facet normal -0 0 -1
    outer loop
      vertex 0 -4.15 0
      vertex -0.508249 -35.61 0
      vertex -0.649202 -4.09891 0
    endloop
  endfacet
  facet normal 0 0 -1
    outer loop
      vertex -60 29.4 0
      vertex -51.9 37.5 0
      vertex -58.11 0.508249 0
    endloop
  endfacet
  facet normal 0 0 -1
    outer loop
      vertex -51.9 37.5 0
      vertex -60 29.4 0
      vertex -57.6276 35.1276 0
    endloop
  endfacet
  facet normal 0 0 -1
    outer loop
      vertex -57.6276 35.1276 0
      vertex -60 29.4 0
      vertex -58.453 34.1611 0
    endloop
  endfacet
  facet normal 0 0 -1
    outer loop
      vertex -58.453 34.1611 0
      vertex -60 29.4 0
      vertex -59.1172 33.0773 0
    endloop
  endfacet
  facet normal 0 0 -1
    outer loop
      vertex -59.1172 33.0773 0
      vertex -60 29.4 0
      vertex -59.6036 31.903 0
    endloop
  endfacet
  facet normal 0 0 -1
    outer loop
      vertex -60 29.4 0
      vertex -58.11 0.508249 0
      vertex -60 0.508249 0
    endloop
  endfacet
  facet normal 0 0 -1
    outer loop
      vertex -59.6036 31.903 0
      vertex -60 29.4 0
      vertex -59.9003 30.6671 0
    endloop
  endfacet
  facet normal 0 0 -1
    outer loop
      vertex -51.9 -37.5 0
      vertex -0.508249 -35.61 0
      vertex -0.508249 -37.5 0
    endloop
  endfacet
  facet normal 0 0 -1
    outer loop
      vertex -0.508249 -35.61 0
      vertex -1.28242 -3.94688 0
      vertex -0.649202 -4.09891 0
    endloop
  endfacet
  facet normal 0 0 -1
    outer loop
      vertex -0.508249 -35.61 0
      vertex -1.88406 -3.69768 0
      vertex -1.28242 -3.94688 0
    endloop
  endfacet
  facet normal 0 0 -1
    outer loop
      vertex -0.508249 -35.61 0
      vertex -2.43931 -3.35742 0
      vertex -1.88406 -3.69768 0
    endloop
  endfacet
  facet normal 0 0 -1
    outer loop
      vertex -0.508249 -35.61 0
      vertex -2.93449 -2.93449 0
      vertex -2.43931 -3.35742 0
    endloop
  endfacet
  facet normal 0 0 -1
    outer loop
      vertex -0.508249 -35.61 0
      vertex -3.35742 -2.43931 0
      vertex -2.93449 -2.93449 0
    endloop
  endfacet
  facet normal -0 0 -1
    outer loop
      vertex -0.508249 -35.61 0
      vertex -51.9 -37.5 0
      vertex -3.35742 -2.43931 0
    endloop
  endfacet
  facet normal -0 0 -1
    outer loop
      vertex -3.35742 -2.43931 0
      vertex -51.9 -37.5 0
      vertex -3.69768 -1.88406 0
    endloop
  endfacet
  facet normal 0 0 -1
    outer loop
      vertex -58.11 -0.508249 0
      vertex -3.69768 -1.88406 0
      vertex -51.9 -37.5 0
    endloop
  endfacet
  facet normal 0 0 -1
    outer loop
      vertex -3.94688 -1.28242 0
      vertex -58.11 -0.508249 0
      vertex -4.09891 -0.649202 0
    endloop
  endfacet
  facet normal 0 0 -1
    outer loop
      vertex -3.69768 -1.88406 0
      vertex -58.11 -0.508249 0
      vertex -3.94688 -1.28242 0
    endloop
  endfacet
  facet normal 0 0 -1
    outer loop
      vertex 0 4.15 0
      vertex 0.508249 35.61 0
      vertex 0.649202 4.09891 0
    endloop
  endfacet
  facet normal 0 0 -1
    outer loop
      vertex 0 4.15 0
      vertex -0.508249 35.61 0
      vertex 0.508249 35.61 0
    endloop
  endfacet
  facet normal 0 0 -1
    outer loop
      vertex -0.649202 4.09891 0
      vertex -0.508249 35.61 0
      vertex 0 4.15 0
    endloop
  endfacet
  facet normal 0 0 -1
    outer loop
      vertex -1.28242 3.94688 0
      vertex -0.508249 35.61 0
      vertex -0.649202 4.09891 0
    endloop
  endfacet
  facet normal 0 0 -1
    outer loop
      vertex -1.88406 3.69768 0
      vertex -0.508249 35.61 0
      vertex -1.28242 3.94688 0
    endloop
  endfacet
  facet normal 0 0 -1
    outer loop
      vertex -2.43931 3.35742 0
      vertex -0.508249 35.61 0
      vertex -1.88406 3.69768 0
    endloop
  endfacet
  facet normal 0 0 -1
    outer loop
      vertex -2.93449 2.93449 0
      vertex -0.508249 35.61 0
      vertex -2.43931 3.35742 0
    endloop
  endfacet
  facet normal 0 0 -1
    outer loop
      vertex -3.35742 2.43931 0
      vertex -0.508249 35.61 0
      vertex -2.93449 2.93449 0
    endloop
  endfacet
  facet normal 0 0 -1
    outer loop
      vertex -51.9 37.5 0
      vertex -0.508249 35.61 0
      vertex -3.35742 2.43931 0
    endloop
  endfacet
  facet normal 0 0 -1
    outer loop
      vertex -51.9 37.5 0
      vertex -3.35742 2.43931 0
      vertex -3.69768 1.88406 0
    endloop
  endfacet
  facet normal -0 0 -1
    outer loop
      vertex -4.09891 0.649202 0
      vertex -58.11 0.508249 0
      vertex -3.94688 1.28242 0
    endloop
  endfacet
  facet normal 0 0 -1
    outer loop
      vertex -4.15 0 0
      vertex -58.11 0.508249 0
      vertex -4.09891 0.649202 0
    endloop
  endfacet
  facet normal 0 0 -1
    outer loop
      vertex -4.09891 -0.649202 0
      vertex -58.11 -0.508249 0
      vertex -4.15 0 0
    endloop
  endfacet
  facet normal 0 0 -1
    outer loop
      vertex -58.11 0.508249 0
      vertex -4.15 0 0
      vertex -58.11 -0.508249 0
    endloop
  endfacet
  facet normal -0 0 -1
    outer loop
      vertex -3.94688 1.28242 0
      vertex -58.11 0.508249 0
      vertex -3.69768 1.88406 0
    endloop
  endfacet
  facet normal 0 0 -1
    outer loop
      vertex -60 -29.4 0
      vertex -51.9 -37.5 0
      vertex -53.1671 -37.4003 0
    endloop
  endfacet
  facet normal 0 0 -1
    outer loop
      vertex -0.508249 35.61 0
      vertex -51.9 37.5 0
      vertex -0.508249 37.5 0
    endloop
  endfacet
  facet normal 0 0 -1
    outer loop
      vertex -60 -29.4 0
      vertex -53.1671 -37.4003 0
      vertex -54.403 -37.1036 0
    endloop
  endfacet
  facet normal -0 0 -1
    outer loop
      vertex -3.69768 1.88406 0
      vertex -58.11 0.508249 0
      vertex -51.9 37.5 0
    endloop
  endfacet
  facet normal 0 0 -1
    outer loop
      vertex -60 -29.4 0
      vertex -54.403 -37.1036 0
      vertex -55.5773 -36.6172 0
    endloop
  endfacet
  facet normal 0 0 -1
    outer loop
      vertex -51.9 37.5 0
      vertex -57.6276 35.1276 0
      vertex -53.1671 37.4003 0
    endloop
  endfacet
  facet normal 0 0 -1
    outer loop
      vertex -60 -29.4 0
      vertex -55.5773 -36.6172 0
      vertex -56.6611 -35.953 0
    endloop
  endfacet
  facet normal 0 0 -1
    outer loop
      vertex -53.1671 37.4003 0
      vertex -57.6276 35.1276 0
      vertex -54.403 37.1036 0
    endloop
  endfacet
  facet normal 0 0 -1
    outer loop
      vertex -60 -29.4 0
      vertex -56.6611 -35.953 0
      vertex -57.6276 -35.1276 0
    endloop
  endfacet
  facet normal 0 0 -1
    outer loop
      vertex -54.403 37.1036 0
      vertex -57.6276 35.1276 0
      vertex -55.5773 36.6172 0
    endloop
  endfacet
  facet normal 0 0 -1
    outer loop
      vertex -55.5773 36.6172 0
      vertex -57.6276 35.1276 0
      vertex -56.6611 35.953 0
    endloop
  endfacet
  facet normal 0 0 -1
    outer loop
      vertex -60 -29.4 0
      vertex -57.6276 -35.1276 0
      vertex -58.453 -34.1611 0
    endloop
  endfacet
  facet normal 0 0 -1
    outer loop
      vertex -60 -29.4 0
      vertex -58.453 -34.1611 0
      vertex -59.1172 -33.0773 0
    endloop
  endfacet
  facet normal 0 0 -1
    outer loop
      vertex -60 -29.4 0
      vertex -59.1172 -33.0773 0
      vertex -59.6036 -31.903 0
    endloop
  endfacet
  facet normal 0 0 -1
    outer loop
      vertex -60 -29.4 0
      vertex -59.6036 -31.903 0
      vertex -59.9003 -30.6671 0
    endloop
  endfacet
  facet normal 0 0 -1
    outer loop
      vertex -51.9 -37.5 0
      vertex -60 -29.4 0
      vertex -58.11 -0.508249 0
    endloop
  endfacet
  facet normal -0 0 -1
    outer loop
      vertex -58.11 -0.508249 0
      vertex -60 -29.4 0
      vertex -60 -0.508249 0
    endloop
  endfacet
  facet normal 0 0 -1
    outer loop
      vertex 59.1172 33.0773 0
      vertex 51.9 37.5 0
      vertex 58.453 34.1611 0
    endloop
  endfacet
  facet normal 0 0 -1
    outer loop
      vertex 3.69768 1.88406 0
      vertex 58.11 0.508249 0
      vertex 3.94688 1.28242 0
    endloop
  endfacet
  facet normal 0 0 -1
    outer loop
      vertex 58.11 0.508249 0
      vertex 3.69768 1.88406 0
      vertex 51.9 37.5 0
    endloop
  endfacet
  facet normal 0 0 -1
    outer loop
      vertex 3.35742 2.43931 0
      vertex 51.9 37.5 0
      vertex 3.69768 1.88406 0
    endloop
  endfacet
  facet normal 0 0 -1
    outer loop
      vertex 0.508249 35.61 0
      vertex 3.35742 2.43931 0
      vertex 2.93449 2.93449 0
    endloop
  endfacet
  facet normal 0 0 -1
    outer loop
      vertex 0.508249 35.61 0
      vertex 2.93449 2.93449 0
      vertex 2.43931 3.35742 0
    endloop
  endfacet
  facet normal 0 0 -1
    outer loop
      vertex 0.508249 35.61 0
      vertex 2.43931 3.35742 0
      vertex 1.88406 3.69768 0
    endloop
  endfacet
  facet normal 0 0 -1
    outer loop
      vertex 0.508249 35.61 0
      vertex 1.88406 3.69768 0
      vertex 1.28242 3.94688 0
    endloop
  endfacet
  facet normal 0 0 -1
    outer loop
      vertex 0.508249 35.61 0
      vertex 1.28242 3.94688 0
      vertex 0.649202 4.09891 0
    endloop
  endfacet
  facet normal 0 0 -1
    outer loop
      vertex 3.35742 2.43931 0
      vertex 0.508249 35.61 0
      vertex 51.9 37.5 0
    endloop
  endfacet
  facet normal -0 0 -1
    outer loop
      vertex 51.9 37.5 0
      vertex 0.508249 35.61 0
      vertex 0.508249 37.5 0
    endloop
  endfacet
  facet normal -0.382676 0.923883 0
    outer loop
      vertex -54.403 37.1036 0
      vertex -55.5773 36.6172 45
      vertex -54.403 37.1036 45
    endloop
  endfacet
  facet normal -0.382676 0.923883 0
    outer loop
      vertex -55.5773 36.6172 45
      vertex -54.403 37.1036 0
      vertex -55.5773 36.6172 0
    endloop
  endfacet
  facet normal -0.996919 0.0784412 0
    outer loop
      vertex -60 29.4 0
      vertex -59.9003 30.6671 45
      vertex -59.9003 30.6671 0
    endloop
  endfacet
  facet normal -0.996919 0.0784412 0
    outer loop
      vertex -59.9003 30.6671 45
      vertex -60 29.4 0
      vertex -60 29.4 45
    endloop
  endfacet
  facet normal -0.522525 0.852624 0
    outer loop
      vertex -55.5773 36.6172 0
      vertex -56.6611 35.953 45
      vertex -55.5773 36.6172 45
    endloop
  endfacet
  facet normal -0.522525 0.852624 0
    outer loop
      vertex -56.6611 35.953 45
      vertex -55.5773 36.6172 0
      vertex -56.6611 35.953 0
    endloop
  endfacet
  facet normal -0.760433 0.649417 0
    outer loop
      vertex -58.453 34.1611 0
      vertex -57.6276 35.1276 45
      vertex -57.6276 35.1276 0
    endloop
  endfacet
  facet normal -0.760433 0.649417 0
    outer loop
      vertex -57.6276 35.1276 45
      vertex -58.453 34.1611 0
      vertex -58.453 34.1611 45
    endloop
  endfacet
  facet normal 0.0784412 0.996919 -0
    outer loop
      vertex 53.1671 37.4003 0
      vertex 51.9 37.5 45
      vertex 53.1671 37.4003 45
    endloop
  endfacet
  facet normal 0.0784412 0.996919 0
    outer loop
      vertex 51.9 37.5 45
      vertex 53.1671 37.4003 0
      vertex 51.9 37.5 0
    endloop
  endfacet
  facet normal 0.522525 0.852624 -0
    outer loop
      vertex 56.6611 35.953 0
      vertex 55.5773 36.6172 45
      vertex 56.6611 35.953 45
    endloop
  endfacet
  facet normal 0.522525 0.852624 0
    outer loop
      vertex 55.5773 36.6172 45
      vertex 56.6611 35.953 0
      vertex 55.5773 36.6172 0
    endloop
  endfacet
  facet normal 0.996919 -0.0784412 0
    outer loop
      vertex 59.9003 -30.6671 45
      vertex 60 -29.4 0
      vertex 60 -29.4 45
    endloop
  endfacet
  facet normal 0.996919 -0.0784412 0
    outer loop
      vertex 60 -29.4 0
      vertex 59.9003 -30.6671 45
      vertex 59.9003 -30.6671 0
    endloop
  endfacet
  facet normal 0.233435 -0.972372 0
    outer loop
      vertex 53.1671 -37.4003 0
      vertex 54.403 -37.1036 45
      vertex 53.1671 -37.4003 45
    endloop
  endfacet
  facet normal 0.233435 -0.972372 0
    outer loop
      vertex 54.403 -37.1036 45
      vertex 53.1671 -37.4003 0
      vertex 54.403 -37.1036 0
    endloop
  endfacet
  facet normal 0.382676 -0.923883 0
    outer loop
      vertex 54.403 -37.1036 0
      vertex 55.5773 -36.6172 45
      vertex 54.403 -37.1036 45
    endloop
  endfacet
  facet normal 0.382676 -0.923883 0
    outer loop
      vertex 55.5773 -36.6172 45
      vertex 54.403 -37.1036 0
      vertex 55.5773 -36.6172 0
    endloop
  endfacet
  facet normal 0.0784412 -0.996919 0
    outer loop
      vertex 51.9 -37.5 0
      vertex 53.1671 -37.4003 45
      vertex 51.9 -37.5 45
    endloop
  endfacet
  facet normal 0.0784412 -0.996919 0
    outer loop
      vertex 53.1671 -37.4003 45
      vertex 51.9 -37.5 0
      vertex 53.1671 -37.4003 0
    endloop
  endfacet
  facet normal 0.522525 -0.852624 0
    outer loop
      vertex 55.5773 -36.6172 0
      vertex 56.6611 -35.953 45
      vertex 55.5773 -36.6172 45
    endloop
  endfacet
  facet normal 0.522525 -0.852624 0
    outer loop
      vertex 56.6611 -35.953 45
      vertex 55.5773 -36.6172 0
      vertex 56.6611 -35.953 0
    endloop
  endfacet
  facet normal -0.233435 -0.972372 0
    outer loop
      vertex -54.403 -37.1036 0
      vertex -53.1671 -37.4003 45
      vertex -54.403 -37.1036 45
    endloop
  endfacet
  facet normal -0.233435 -0.972372 -0
    outer loop
      vertex -53.1671 -37.4003 45
      vertex -54.403 -37.1036 0
      vertex -53.1671 -37.4003 0
    endloop
  endfacet
  facet normal -0.522525 -0.852624 0
    outer loop
      vertex -56.6611 -35.953 0
      vertex -55.5773 -36.6172 45
      vertex -56.6611 -35.953 45
    endloop
  endfacet
  facet normal -0.522525 -0.852624 -0
    outer loop
      vertex -55.5773 -36.6172 45
      vertex -56.6611 -35.953 0
      vertex -55.5773 -36.6172 0
    endloop
  endfacet
  facet normal -0.0784412 0.996919 0
    outer loop
      vertex -51.9 37.5 0
      vertex -53.1671 37.4003 45
      vertex -51.9 37.5 45
    endloop
  endfacet
  facet normal -0.0784412 0.996919 0
    outer loop
      vertex -53.1671 37.4003 45
      vertex -51.9 37.5 0
      vertex -53.1671 37.4003 0
    endloop
  endfacet
  facet normal -0.972372 0.233435 0
    outer loop
      vertex -59.9003 30.6671 0
      vertex -59.6036 31.903 45
      vertex -59.6036 31.903 0
    endloop
  endfacet
  facet normal -0.972372 0.233435 0
    outer loop
      vertex -59.6036 31.903 45
      vertex -59.9003 30.6671 0
      vertex -59.9003 30.6671 45
    endloop
  endfacet
  facet normal -0.923883 0.382676 0
    outer loop
      vertex -59.6036 31.903 0
      vertex -59.1172 33.0773 45
      vertex -59.1172 33.0773 0
    endloop
  endfacet
  facet normal -0.923883 0.382676 0
    outer loop
      vertex -59.1172 33.0773 45
      vertex -59.6036 31.903 0
      vertex -59.6036 31.903 45
    endloop
  endfacet
  facet normal -0.852624 0.522525 0
    outer loop
      vertex -59.1172 33.0773 0
      vertex -58.453 34.1611 45
      vertex -58.453 34.1611 0
    endloop
  endfacet
  facet normal -0.852624 0.522525 0
    outer loop
      vertex -58.453 34.1611 45
      vertex -59.1172 33.0773 0
      vertex -59.1172 33.0773 45
    endloop
  endfacet
  facet normal -0.649417 0.760433 0
    outer loop
      vertex -56.6611 35.953 0
      vertex -57.6276 35.1276 45
      vertex -56.6611 35.953 45
    endloop
  endfacet
  facet normal -0.649417 0.760433 0
    outer loop
      vertex -57.6276 35.1276 45
      vertex -56.6611 35.953 0
      vertex -57.6276 35.1276 0
    endloop
  endfacet
  facet normal 0.760433 0.649417 0
    outer loop
      vertex 58.453 34.1611 45
      vertex 57.6276 35.1276 0
      vertex 57.6276 35.1276 45
    endloop
  endfacet
  facet normal 0.760433 0.649417 0
    outer loop
      vertex 57.6276 35.1276 0
      vertex 58.453 34.1611 45
      vertex 58.453 34.1611 0
    endloop
  endfacet
  facet normal 0.382676 0.923883 -0
    outer loop
      vertex 55.5773 36.6172 0
      vertex 54.403 37.1036 45
      vertex 55.5773 36.6172 45
    endloop
  endfacet
  facet normal 0.382676 0.923883 0
    outer loop
      vertex 54.403 37.1036 45
      vertex 55.5773 36.6172 0
      vertex 54.403 37.1036 0
    endloop
  endfacet
  facet normal 0.233435 0.972372 -0
    outer loop
      vertex 54.403 37.1036 0
      vertex 53.1671 37.4003 45
      vertex 54.403 37.1036 45
    endloop
  endfacet
  facet normal 0.233435 0.972372 0
    outer loop
      vertex 53.1671 37.4003 45
      vertex 54.403 37.1036 0
      vertex 53.1671 37.4003 0
    endloop
  endfacet
  facet normal 0.649417 -0.760433 0
    outer loop
      vertex 56.6611 -35.953 0
      vertex 57.6276 -35.1276 45
      vertex 56.6611 -35.953 45
    endloop
  endfacet
  facet normal 0.649417 -0.760433 0
    outer loop
      vertex 57.6276 -35.1276 45
      vertex 56.6611 -35.953 0
      vertex 57.6276 -35.1276 0
    endloop
  endfacet
  facet normal 0.852624 -0.522525 0
    outer loop
      vertex 58.453 -34.1611 45
      vertex 59.1172 -33.0773 0
      vertex 59.1172 -33.0773 45
    endloop
  endfacet
  facet normal 0.852624 -0.522525 0
    outer loop
      vertex 59.1172 -33.0773 0
      vertex 58.453 -34.1611 45
      vertex 58.453 -34.1611 0
    endloop
  endfacet
  facet normal 0.972372 -0.233435 0
    outer loop
      vertex 59.6036 -31.903 45
      vertex 59.9003 -30.6671 0
      vertex 59.9003 -30.6671 45
    endloop
  endfacet
  facet normal 0.972372 -0.233435 0
    outer loop
      vertex 59.9003 -30.6671 0
      vertex 59.6036 -31.903 45
      vertex 59.6036 -31.903 0
    endloop
  endfacet
  facet normal -0.382676 -0.923883 0
    outer loop
      vertex -55.5773 -36.6172 0
      vertex -54.403 -37.1036 45
      vertex -55.5773 -36.6172 45
    endloop
  endfacet
  facet normal -0.382676 -0.923883 -0
    outer loop
      vertex -54.403 -37.1036 45
      vertex -55.5773 -36.6172 0
      vertex -54.403 -37.1036 0
    endloop
  endfacet
  facet normal -0.0784412 -0.996919 0
    outer loop
      vertex -53.1671 -37.4003 0
      vertex -51.9 -37.5 45
      vertex -53.1671 -37.4003 45
    endloop
  endfacet
  facet normal -0.0784412 -0.996919 -0
    outer loop
      vertex -51.9 -37.5 45
      vertex -53.1671 -37.4003 0
      vertex -51.9 -37.5 0
    endloop
  endfacet
  facet normal -0.760433 -0.649417 0
    outer loop
      vertex -57.6276 -35.1276 0
      vertex -58.453 -34.1611 45
      vertex -58.453 -34.1611 0
    endloop
  endfacet
  facet normal -0.760433 -0.649417 0
    outer loop
      vertex -58.453 -34.1611 45
      vertex -57.6276 -35.1276 0
      vertex -57.6276 -35.1276 45
    endloop
  endfacet
  facet normal -0.972372 -0.233435 0
    outer loop
      vertex -59.6036 -31.903 0
      vertex -59.9003 -30.6671 45
      vertex -59.9003 -30.6671 0
    endloop
  endfacet
  facet normal -0.972372 -0.233435 0
    outer loop
      vertex -59.9003 -30.6671 45
      vertex -59.6036 -31.903 0
      vertex -59.6036 -31.903 45
    endloop
  endfacet
  facet normal -0.996919 -0.0784412 0
    outer loop
      vertex -59.9003 -30.6671 0
      vertex -60 -29.4 45
      vertex -60 -29.4 0
    endloop
  endfacet
  facet normal -0.996919 -0.0784412 0
    outer loop
      vertex -60 -29.4 45
      vertex -59.9003 -30.6671 0
      vertex -59.9003 -30.6671 45
    endloop
  endfacet
  facet normal -0.233435 0.972372 0
    outer loop
      vertex -53.1671 37.4003 0
      vertex -54.403 37.1036 45
      vertex -53.1671 37.4003 45
    endloop
  endfacet
  facet normal -0.233435 0.972372 0
    outer loop
      vertex -54.403 37.1036 45
      vertex -53.1671 37.4003 0
      vertex -54.403 37.1036 0
    endloop
  endfacet
  facet normal 0.923883 0.382676 0
    outer loop
      vertex 59.6036 31.903 45
      vertex 59.1172 33.0773 0
      vertex 59.1172 33.0773 45
    endloop
  endfacet
  facet normal 0.923883 0.382676 0
    outer loop
      vertex 59.1172 33.0773 0
      vertex 59.6036 31.903 45
      vertex 59.6036 31.903 0
    endloop
  endfacet
  facet normal 0.972372 0.233435 0
    outer loop
      vertex 59.9003 30.6671 45
      vertex 59.6036 31.903 0
      vertex 59.6036 31.903 45
    endloop
  endfacet
  facet normal 0.972372 0.233435 0
    outer loop
      vertex 59.6036 31.903 0
      vertex 59.9003 30.6671 45
      vertex 59.9003 30.6671 0
    endloop
  endfacet
  facet normal 0.760433 -0.649417 0
    outer loop
      vertex 57.6276 -35.1276 45
      vertex 58.453 -34.1611 0
      vertex 58.453 -34.1611 45
    endloop
  endfacet
  facet normal 0.760433 -0.649417 0
    outer loop
      vertex 58.453 -34.1611 0
      vertex 57.6276 -35.1276 45
      vertex 57.6276 -35.1276 0
    endloop
  endfacet
  facet normal -0.852624 -0.522525 0
    outer loop
      vertex -58.453 -34.1611 0
      vertex -59.1172 -33.0773 45
      vertex -59.1172 -33.0773 0
    endloop
  endfacet
  facet normal -0.852624 -0.522525 0
    outer loop
      vertex -59.1172 -33.0773 45
      vertex -58.453 -34.1611 0
      vertex -58.453 -34.1611 45
    endloop
  endfacet
  facet normal -0.923883 -0.382676 0
    outer loop
      vertex -59.1172 -33.0773 0
      vertex -59.6036 -31.903 45
      vertex -59.6036 -31.903 0
    endloop
  endfacet
  facet normal -0.923883 -0.382676 0
    outer loop
      vertex -59.6036 -31.903 45
      vertex -59.1172 -33.0773 0
      vertex -59.1172 -33.0773 45
    endloop
  endfacet
  facet normal 0.852624 0.522525 0
    outer loop
      vertex 59.1172 33.0773 45
      vertex 58.453 34.1611 0
      vertex 58.453 34.1611 45
    endloop
  endfacet
  facet normal 0.852624 0.522525 0
    outer loop
      vertex 58.453 34.1611 0
      vertex 59.1172 33.0773 45
      vertex 59.1172 33.0773 0
    endloop
  endfacet
  facet normal 0.923883 -0.382676 0
    outer loop
      vertex 59.1172 -33.0773 45
      vertex 59.6036 -31.903 0
      vertex 59.6036 -31.903 45
    endloop
  endfacet
  facet normal 0.923883 -0.382676 0
    outer loop
      vertex 59.6036 -31.903 0
      vertex 59.1172 -33.0773 45
      vertex 59.1172 -33.0773 0
    endloop
  endfacet
  facet normal 1 -0 0
    outer loop
      vertex -58.15 5.92613 20.8986
      vertex -58.15 27.55 1.85
      vertex -58.15 27.55 45
    endloop
  endfacet
  facet normal 1 0 0
    outer loop
      vertex -58.15 27.55 1.85
      vertex -58.15 5.92613 20.8986
      vertex -58.15 6 19.96
    endloop
  endfacet
  facet normal 1 0 0
    outer loop
      vertex -58.15 27.55 45
      vertex -58.15 5.70634 21.8141
      vertex -58.15 5.92613 20.8986
    endloop
  endfacet
  facet normal 1 0 0
    outer loop
      vertex -58.15 27.55 45
      vertex -58.15 5.34604 22.6839
      vertex -58.15 5.70634 21.8141
    endloop
  endfacet
  facet normal 1 0 0
    outer loop
      vertex -58.15 27.55 45
      vertex -58.15 4.8541 23.4867
      vertex -58.15 5.34604 22.6839
    endloop
  endfacet
  facet normal 1 0 0
    outer loop
      vertex -58.15 27.55 45
      vertex -58.15 4.24264 24.2026
      vertex -58.15 4.8541 23.4867
    endloop
  endfacet
  facet normal 1 0 0
    outer loop
      vertex -58.15 27.55 45
      vertex -58.15 3.52671 24.8141
      vertex -58.15 4.24264 24.2026
    endloop
  endfacet
  facet normal 1 0 0
    outer loop
      vertex -58.15 27.55 45
      vertex -58.15 2.72394 25.306
      vertex -58.15 3.52671 24.8141
    endloop
  endfacet
  facet normal 1 0 0
    outer loop
      vertex -58.15 27.55 45
      vertex -58.15 1.8541 25.6663
      vertex -58.15 2.72394 25.306
    endloop
  endfacet
  facet normal 1 0 0
    outer loop
      vertex -58.15 27.55 45
      vertex -58.15 0.938606 25.8861
      vertex -58.15 1.8541 25.6663
    endloop
  endfacet
  facet normal 1 0 0
    outer loop
      vertex -58.15 27.55 45
      vertex -58.15 0 25.96
      vertex -58.15 0.938606 25.8861
    endloop
  endfacet
  facet normal 1 -0 0
    outer loop
      vertex -58.15 -27.55 45
      vertex -58.15 0 25.96
      vertex -58.15 27.55 45
    endloop
  endfacet
  facet normal 1 0 0
    outer loop
      vertex -58.15 0 25.96
      vertex -58.15 -27.55 45
      vertex -58.15 -0.938606 25.8861
    endloop
  endfacet
  facet normal 1 0 0
    outer loop
      vertex -58.15 -0.938606 25.8861
      vertex -58.15 -27.55 45
      vertex -58.15 -1.8541 25.6663
    endloop
  endfacet
  facet normal 1 0 0
    outer loop
      vertex -58.15 -1.8541 25.6663
      vertex -58.15 -27.55 45
      vertex -58.15 -2.72394 25.306
    endloop
  endfacet
  facet normal 1 0 0
    outer loop
      vertex -58.15 -5.92613 20.8986
      vertex -58.15 -27.55 1.85
      vertex -58.15 -6 19.96
    endloop
  endfacet
  facet normal 1 0 0
    outer loop
      vertex -58.15 -27.55 1.85
      vertex -58.15 -5.92613 20.8986
      vertex -58.15 -27.55 45
    endloop
  endfacet
  facet normal 1 0 0
    outer loop
      vertex -58.15 -5.70634 21.8141
      vertex -58.15 -27.55 45
      vertex -58.15 -5.92613 20.8986
    endloop
  endfacet
  facet normal 1 0 0
    outer loop
      vertex -58.15 -5.34604 22.6839
      vertex -58.15 -27.55 45
      vertex -58.15 -5.70634 21.8141
    endloop
  endfacet
  facet normal 1 0 0
    outer loop
      vertex -58.15 -4.8541 23.4867
      vertex -58.15 -27.55 45
      vertex -58.15 -5.34604 22.6839
    endloop
  endfacet
  facet normal 1 0 0
    outer loop
      vertex -58.15 -4.24264 24.2026
      vertex -58.15 -27.55 45
      vertex -58.15 -4.8541 23.4867
    endloop
  endfacet
  facet normal 1 0 0
    outer loop
      vertex -58.15 -3.52671 24.8141
      vertex -58.15 -27.55 45
      vertex -58.15 -4.24264 24.2026
    endloop
  endfacet
  facet normal 1 0 0
    outer loop
      vertex -58.15 -2.72394 25.306
      vertex -58.15 -27.55 45
      vertex -58.15 -3.52671 24.8141
    endloop
  endfacet
  facet normal 1 -0 0
    outer loop
      vertex -58.15 6 5.96
      vertex -58.15 27.55 1.85
      vertex -58.15 6 19.96
    endloop
  endfacet
  facet normal 1 -0 0
    outer loop
      vertex -58.15 5.92613 5.02139
      vertex -58.15 27.55 1.85
      vertex -58.15 6 5.96
    endloop
  endfacet
  facet normal 1 -0 0
    outer loop
      vertex -58.15 5.70634 4.1059
      vertex -58.15 27.55 1.85
      vertex -58.15 5.92613 5.02139
    endloop
  endfacet
  facet normal 1 -0 0
    outer loop
      vertex -58.15 5.34604 3.23606
      vertex -58.15 27.55 1.85
      vertex -58.15 5.70634 4.1059
    endloop
  endfacet
  facet normal 1 -0 0
    outer loop
      vertex -58.15 4.8541 2.43329
      vertex -58.15 27.55 1.85
      vertex -58.15 5.34604 3.23606
    endloop
  endfacet
  facet normal 1 0 0
    outer loop
      vertex -58.15 27.55 1.85
      vertex -58.15 4.8541 2.43329
      vertex -58.15 4.35593 1.85
    endloop
  endfacet
  facet normal 1 0 0
    outer loop
      vertex -58.15 -6 19.96
      vertex -58.15 -27.55 1.85
      vertex -58.15 -6 5.96
    endloop
  endfacet
  facet normal 1 0 0
    outer loop
      vertex -58.15 -6 5.96
      vertex -58.15 -27.55 1.85
      vertex -58.15 -5.92613 5.02139
    endloop
  endfacet
  facet normal 1 0 0
    outer loop
      vertex -58.15 -5.92613 5.02139
      vertex -58.15 -27.55 1.85
      vertex -58.15 -5.70634 4.1059
    endloop
  endfacet
  facet normal 1 0 0
    outer loop
      vertex -58.15 -4.8541 2.43329
      vertex -58.15 -27.55 1.85
      vertex -58.15 -4.35593 1.85
    endloop
  endfacet
  facet normal 1 0 0
    outer loop
      vertex -58.15 -5.34604 3.23606
      vertex -58.15 -27.55 1.85
      vertex -58.15 -4.8541 2.43329
    endloop
  endfacet
  facet normal 1 0 0
    outer loop
      vertex -58.15 -5.70634 4.1059
      vertex -58.15 -27.55 1.85
      vertex -58.15 -5.34604 3.23606
    endloop
  endfacet
  facet normal -0.996919 -0.0784412 0
    outer loop
      vertex 58.15 27.55 1.85
      vertex 58.0503 28.8171 45
      vertex 58.0503 28.8171 1.85
    endloop
  endfacet
  facet normal -0.996919 -0.0784412 0
    outer loop
      vertex 58.0503 28.8171 45
      vertex 58.15 27.55 1.85
      vertex 58.15 27.55 45
    endloop
  endfacet
  facet normal -0.649417 -0.760433 0
    outer loop
      vertex 54.8111 34.103 1.85
      vertex 55.7776 33.2776 45
      vertex 54.8111 34.103 45
    endloop
  endfacet
  facet normal -0.649417 -0.760433 -0
    outer loop
      vertex 55.7776 33.2776 45
      vertex 54.8111 34.103 1.85
      vertex 55.7776 33.2776 1.85
    endloop
  endfacet
  facet normal 0 1 -0
    outer loop
      vertex -0.938606 -35.65 25.8861
      vertex -50.05 -35.65 45
      vertex 0 -35.65 25.96
    endloop
  endfacet
  facet normal 0 1 0
    outer loop
      vertex 50.05 -35.65 45
      vertex 0.938606 -35.65 25.8861
      vertex 0 -35.65 25.96
    endloop
  endfacet
  facet normal 0 1 0
    outer loop
      vertex 50.05 -35.65 45
      vertex 1.8541 -35.65 25.6663
      vertex 0.938606 -35.65 25.8861
    endloop
  endfacet
  facet normal 0 1 0
    outer loop
      vertex 50.05 -35.65 45
      vertex 2.72394 -35.65 25.306
      vertex 1.8541 -35.65 25.6663
    endloop
  endfacet
  facet normal 0 1 0
    outer loop
      vertex 50.05 -35.65 45
      vertex 3.52671 -35.65 24.8141
      vertex 2.72394 -35.65 25.306
    endloop
  endfacet
  facet normal 0 1 0
    outer loop
      vertex 48.55 -35.65 36.85
      vertex 4.24264 -35.65 24.2026
      vertex 3.52671 -35.65 24.8141
    endloop
  endfacet
  facet normal 0 1 0
    outer loop
      vertex 48.55 -35.65 36.85
      vertex 4.8541 -35.65 23.4867
      vertex 4.24264 -35.65 24.2026
    endloop
  endfacet
  facet normal 0 1 0
    outer loop
      vertex 48.55 -35.65 36.85
      vertex 5.34604 -35.65 22.6839
      vertex 4.8541 -35.65 23.4867
    endloop
  endfacet
  facet normal 0 1 0
    outer loop
      vertex 48.55 -35.65 36.85
      vertex 5.70634 -35.65 21.8141
      vertex 5.34604 -35.65 22.6839
    endloop
  endfacet
  facet normal 0 1 0
    outer loop
      vertex 48.55 -35.65 36.85
      vertex 5.92613 -35.65 20.8986
      vertex 5.70634 -35.65 21.8141
    endloop
  endfacet
  facet normal 0 1 0
    outer loop
      vertex 48.55 -35.65 36.85
      vertex 6 -35.65 19.96
      vertex 5.92613 -35.65 20.8986
    endloop
  endfacet
  facet normal 0 1 -0
    outer loop
      vertex 48.55 -35.65 1.85
      vertex 6 -35.65 19.96
      vertex 48.55 -35.65 36.85
    endloop
  endfacet
  facet normal 0 1 0
    outer loop
      vertex 6 -35.65 19.96
      vertex 48.55 -35.65 1.85
      vertex 6 -35.65 5.96
    endloop
  endfacet
  facet normal 0 1 0
    outer loop
      vertex 6 -35.65 5.96
      vertex 48.55 -35.65 1.85
      vertex 5.92613 -35.65 5.02139
    endloop
  endfacet
  facet normal 0 1 0
    outer loop
      vertex 5.92613 -35.65 5.02139
      vertex 48.55 -35.65 1.85
      vertex 5.70634 -35.65 4.1059
    endloop
  endfacet
  facet normal 0 1 0
    outer loop
      vertex 5.70634 -35.65 4.1059
      vertex 48.55 -35.65 1.85
      vertex 5.34604 -35.65 3.23606
    endloop
  endfacet
  facet normal 0 1 0
    outer loop
      vertex 5.34604 -35.65 3.23606
      vertex 48.55 -35.65 1.85
      vertex 4.8541 -35.65 2.43329
    endloop
  endfacet
  facet normal 0 1 0
    outer loop
      vertex 4.8541 -35.65 2.43329
      vertex 48.55 -35.65 1.85
      vertex 4.35593 -35.65 1.85
    endloop
  endfacet
  facet normal 0 1 0
    outer loop
      vertex 48.55 -35.65 36.85
      vertex 50.05 -35.65 45
      vertex 50.05 -35.65 36.85
    endloop
  endfacet
  facet normal 0 1 0
    outer loop
      vertex 3.52671 -35.65 24.8141
      vertex 50.05 -35.65 45
      vertex 48.55 -35.65 36.85
    endloop
  endfacet
  facet normal 0 1 0
    outer loop
      vertex 50.05 -35.65 45
      vertex 0 -35.65 25.96
      vertex -50.05 -35.65 45
    endloop
  endfacet
  facet normal 0 1 0
    outer loop
      vertex -50.05 -35.65 45
      vertex -48.55 -35.65 36.85
      vertex -50.05 -35.65 36.85
    endloop
  endfacet
  facet normal 0 1 -0
    outer loop
      vertex -1.8541 -35.65 25.6663
      vertex -50.05 -35.65 45
      vertex -0.938606 -35.65 25.8861
    endloop
  endfacet
  facet normal 0 1 -0
    outer loop
      vertex -2.72394 -35.65 25.306
      vertex -50.05 -35.65 45
      vertex -1.8541 -35.65 25.6663
    endloop
  endfacet
  facet normal 0 1 -0
    outer loop
      vertex -3.52671 -35.65 24.8141
      vertex -50.05 -35.65 45
      vertex -2.72394 -35.65 25.306
    endloop
  endfacet
  facet normal 0 1 0
    outer loop
      vertex -50.05 -35.65 45
      vertex -3.52671 -35.65 24.8141
      vertex -48.55 -35.65 36.85
    endloop
  endfacet
  facet normal 0 1 -0
    outer loop
      vertex -4.24264 -35.65 24.2026
      vertex -48.55 -35.65 36.85
      vertex -3.52671 -35.65 24.8141
    endloop
  endfacet
  facet normal 0 1 -0
    outer loop
      vertex -4.8541 -35.65 23.4867
      vertex -48.55 -35.65 36.85
      vertex -4.24264 -35.65 24.2026
    endloop
  endfacet
  facet normal 0 1 -0
    outer loop
      vertex -5.34604 -35.65 22.6839
      vertex -48.55 -35.65 36.85
      vertex -4.8541 -35.65 23.4867
    endloop
  endfacet
  facet normal 0 1 -0
    outer loop
      vertex -5.70634 -35.65 21.8141
      vertex -48.55 -35.65 36.85
      vertex -5.34604 -35.65 22.6839
    endloop
  endfacet
  facet normal 0 1 -0
    outer loop
      vertex -5.92613 -35.65 20.8986
      vertex -48.55 -35.65 36.85
      vertex -5.70634 -35.65 21.8141
    endloop
  endfacet
  facet normal 0 1 -0
    outer loop
      vertex -6 -35.65 19.96
      vertex -48.55 -35.65 36.85
      vertex -5.92613 -35.65 20.8986
    endloop
  endfacet
  facet normal 0 1 0
    outer loop
      vertex -48.55 -35.65 1.85
      vertex -6 -35.65 19.96
      vertex -6 -35.65 5.96
    endloop
  endfacet
  facet normal 0 1 0
    outer loop
      vertex -48.55 -35.65 1.85
      vertex -6 -35.65 5.96
      vertex -5.92613 -35.65 5.02139
    endloop
  endfacet
  facet normal 0 1 0
    outer loop
      vertex -48.55 -35.65 1.85
      vertex -5.92613 -35.65 5.02139
      vertex -5.70634 -35.65 4.1059
    endloop
  endfacet
  facet normal 0 1 0
    outer loop
      vertex -48.55 -35.65 1.85
      vertex -5.70634 -35.65 4.1059
      vertex -5.34604 -35.65 3.23606
    endloop
  endfacet
  facet normal 0 1 0
    outer loop
      vertex -48.55 -35.65 1.85
      vertex -5.34604 -35.65 3.23606
      vertex -4.8541 -35.65 2.43329
    endloop
  endfacet
  facet normal 0 1 0
    outer loop
      vertex -48.55 -35.65 1.85
      vertex -4.8541 -35.65 2.43329
      vertex -4.35593 -35.65 1.85
    endloop
  endfacet
  facet normal 0 1 0
    outer loop
      vertex -6 -35.65 19.96
      vertex -48.55 -35.65 1.85
      vertex -48.55 -35.65 36.85
    endloop
  endfacet
  facet normal 0 -1 0
    outer loop
      vertex 0.938606 35.65 25.8861
      vertex 50.05 35.65 45
      vertex 0 35.65 25.96
    endloop
  endfacet
  facet normal 0 -1 0
    outer loop
      vertex -50.05 35.65 45
      vertex -0.938606 35.65 25.8861
      vertex 0 35.65 25.96
    endloop
  endfacet
  facet normal 0 -1 0
    outer loop
      vertex -50.05 35.65 45
      vertex -1.8541 35.65 25.6663
      vertex -0.938606 35.65 25.8861
    endloop
  endfacet
  facet normal 0 -1 0
    outer loop
      vertex -50.05 35.65 45
      vertex -2.72394 35.65 25.306
      vertex -1.8541 35.65 25.6663
    endloop
  endfacet
  facet normal 0 -1 0
    outer loop
      vertex -50.05 35.65 45
      vertex -3.52671 35.65 24.8141
      vertex -2.72394 35.65 25.306
    endloop
  endfacet
  facet normal 0 -1 0
    outer loop
      vertex -48.55 35.65 36.85
      vertex -4.24264 35.65 24.2026
      vertex -3.52671 35.65 24.8141
    endloop
  endfacet
  facet normal 0 -1 0
    outer loop
      vertex -48.55 35.65 36.85
      vertex -4.8541 35.65 23.4867
      vertex -4.24264 35.65 24.2026
    endloop
  endfacet
  facet normal 0 -1 0
    outer loop
      vertex -48.55 35.65 36.85
      vertex -5.34604 35.65 22.6839
      vertex -4.8541 35.65 23.4867
    endloop
  endfacet
  facet normal 0 -1 0
    outer loop
      vertex -48.55 35.65 36.85
      vertex -5.70634 35.65 21.8141
      vertex -5.34604 35.65 22.6839
    endloop
  endfacet
  facet normal 0 -1 0
    outer loop
      vertex -48.55 35.65 36.85
      vertex -5.92613 35.65 20.8986
      vertex -5.70634 35.65 21.8141
    endloop
  endfacet
  facet normal 0 -1 0
    outer loop
      vertex -48.55 35.65 36.85
      vertex -6 35.65 19.96
      vertex -5.92613 35.65 20.8986
    endloop
  endfacet
  facet normal 0 -1 0
    outer loop
      vertex -48.55 35.65 1.85
      vertex -6 35.65 19.96
      vertex -48.55 35.65 36.85
    endloop
  endfacet
  facet normal 0 -1 -0
    outer loop
      vertex -6 35.65 19.96
      vertex -48.55 35.65 1.85
      vertex -6 35.65 5.96
    endloop
  endfacet
  facet normal 0 -1 -0
    outer loop
      vertex -6 35.65 5.96
      vertex -48.55 35.65 1.85
      vertex -5.92613 35.65 5.02139
    endloop
  endfacet
  facet normal 0 -1 -0
    outer loop
      vertex -5.92613 35.65 5.02139
      vertex -48.55 35.65 1.85
      vertex -5.70634 35.65 4.1059
    endloop
  endfacet
  facet normal 0 -1 -0
    outer loop
      vertex -5.70634 35.65 4.1059
      vertex -48.55 35.65 1.85
      vertex -5.34604 35.65 3.23606
    endloop
  endfacet
  facet normal 0 -1 -0
    outer loop
      vertex -5.34604 35.65 3.23606
      vertex -48.55 35.65 1.85
      vertex -4.8541 35.65 2.43329
    endloop
  endfacet
  facet normal 0 -1 -0
    outer loop
      vertex -4.8541 35.65 2.43329
      vertex -48.55 35.65 1.85
      vertex -4.35593 35.65 1.85
    endloop
  endfacet
  facet normal 0 -1 0
    outer loop
      vertex -48.55 35.65 36.85
      vertex -50.05 35.65 45
      vertex -50.05 35.65 36.85
    endloop
  endfacet
  facet normal 0 -1 0
    outer loop
      vertex -3.52671 35.65 24.8141
      vertex -50.05 35.65 45
      vertex -48.55 35.65 36.85
    endloop
  endfacet
  facet normal 0 -1 0
    outer loop
      vertex -50.05 35.65 45
      vertex 0 35.65 25.96
      vertex 50.05 35.65 45
    endloop
  endfacet
  facet normal 0 -1 -0
    outer loop
      vertex 50.05 35.65 45
      vertex 48.55 35.65 36.85
      vertex 50.05 35.65 36.85
    endloop
  endfacet
  facet normal 0 -1 0
    outer loop
      vertex 1.8541 35.65 25.6663
      vertex 50.05 35.65 45
      vertex 0.938606 35.65 25.8861
    endloop
  endfacet
  facet normal 0 -1 0
    outer loop
      vertex 2.72394 35.65 25.306
      vertex 50.05 35.65 45
      vertex 1.8541 35.65 25.6663
    endloop
  endfacet
  facet normal 0 -1 0
    outer loop
      vertex 3.52671 35.65 24.8141
      vertex 50.05 35.65 45
      vertex 2.72394 35.65 25.306
    endloop
  endfacet
  facet normal 0 -1 0
    outer loop
      vertex 50.05 35.65 45
      vertex 3.52671 35.65 24.8141
      vertex 48.55 35.65 36.85
    endloop
  endfacet
  facet normal 0 -1 0
    outer loop
      vertex 4.24264 35.65 24.2026
      vertex 48.55 35.65 36.85
      vertex 3.52671 35.65 24.8141
    endloop
  endfacet
  facet normal 0 -1 0
    outer loop
      vertex 4.8541 35.65 23.4867
      vertex 48.55 35.65 36.85
      vertex 4.24264 35.65 24.2026
    endloop
  endfacet
  facet normal 0 -1 0
    outer loop
      vertex 5.34604 35.65 22.6839
      vertex 48.55 35.65 36.85
      vertex 4.8541 35.65 23.4867
    endloop
  endfacet
  facet normal 0 -1 0
    outer loop
      vertex 5.70634 35.65 21.8141
      vertex 48.55 35.65 36.85
      vertex 5.34604 35.65 22.6839
    endloop
  endfacet
  facet normal 0 -1 0
    outer loop
      vertex 5.92613 35.65 20.8986
      vertex 48.55 35.65 36.85
      vertex 5.70634 35.65 21.8141
    endloop
  endfacet
  facet normal 0 -1 0
    outer loop
      vertex 6 35.65 19.96
      vertex 48.55 35.65 36.85
      vertex 5.92613 35.65 20.8986
    endloop
  endfacet
  facet normal 0 -1 0
    outer loop
      vertex 48.55 35.65 1.85
      vertex 6 35.65 19.96
      vertex 6 35.65 5.96
    endloop
  endfacet
  facet normal 0 -1 0
    outer loop
      vertex 48.55 35.65 1.85
      vertex 6 35.65 5.96
      vertex 5.92613 35.65 5.02139
    endloop
  endfacet
  facet normal 0 -1 0
    outer loop
      vertex 48.55 35.65 1.85
      vertex 5.92613 35.65 5.02139
      vertex 5.70634 35.65 4.1059
    endloop
  endfacet
  facet normal 0 -1 0
    outer loop
      vertex 48.55 35.65 1.85
      vertex 5.70634 35.65 4.1059
      vertex 5.34604 35.65 3.23606
    endloop
  endfacet
  facet normal 0 -1 0
    outer loop
      vertex 48.55 35.65 1.85
      vertex 5.34604 35.65 3.23606
      vertex 4.8541 35.65 2.43329
    endloop
  endfacet
  facet normal 0 -1 0
    outer loop
      vertex 48.55 35.65 1.85
      vertex 4.8541 35.65 2.43329
      vertex 4.35593 35.65 1.85
    endloop
  endfacet
  facet normal 0 -1 0
    outer loop
      vertex 6 35.65 19.96
      vertex 48.55 35.65 1.85
      vertex 48.55 35.65 36.85
    endloop
  endfacet
  facet normal 0.996919 -0.0784412 0
    outer loop
      vertex -58.15 27.55 45
      vertex -58.0503 28.8171 1.85
      vertex -58.0503 28.8171 45
    endloop
  endfacet
  facet normal 0.996919 -0.0784412 0
    outer loop
      vertex -58.0503 28.8171 1.85
      vertex -58.15 27.55 45
      vertex -58.15 27.55 1.85
    endloop
  endfacet
  facet normal -0.233435 -0.972372 0
    outer loop
      vertex 51.3171 35.5503 1.85
      vertex 52.553 35.2536 45
      vertex 51.3171 35.5503 45
    endloop
  endfacet
  facet normal -0.233435 -0.972372 -0
    outer loop
      vertex 52.553 35.2536 45
      vertex 51.3171 35.5503 1.85
      vertex 52.553 35.2536 1.85
    endloop
  endfacet
  facet normal -0.972372 -0.233435 0
    outer loop
      vertex 58.0503 28.8171 1.85
      vertex 57.7536 30.053 45
      vertex 57.7536 30.053 1.85
    endloop
  endfacet
  facet normal -0.972372 -0.233435 0
    outer loop
      vertex 57.7536 30.053 45
      vertex 58.0503 28.8171 1.85
      vertex 58.0503 28.8171 45
    endloop
  endfacet
  facet normal -1 -0 0
    outer loop
      vertex 58.15 -6 5.96
      vertex 58.15 -27.55 1.85
      vertex 58.15 -6 19.96
    endloop
  endfacet
  facet normal -1 -0 0
    outer loop
      vertex 58.15 -5.92613 5.02139
      vertex 58.15 -27.55 1.85
      vertex 58.15 -6 5.96
    endloop
  endfacet
  facet normal -1 -0 0
    outer loop
      vertex 58.15 -5.70634 4.1059
      vertex 58.15 -27.55 1.85
      vertex 58.15 -5.92613 5.02139
    endloop
  endfacet
  facet normal -1 -0 0
    outer loop
      vertex 58.15 -5.34604 3.23606
      vertex 58.15 -27.55 1.85
      vertex 58.15 -5.70634 4.1059
    endloop
  endfacet
  facet normal -1 -0 0
    outer loop
      vertex 58.15 -4.8541 2.43329
      vertex 58.15 -27.55 1.85
      vertex 58.15 -5.34604 3.23606
    endloop
  endfacet
  facet normal -1 0 0
    outer loop
      vertex 58.15 -27.55 1.85
      vertex 58.15 -4.8541 2.43329
      vertex 58.15 -4.35593 1.85
    endloop
  endfacet
  facet normal -1 0 0
    outer loop
      vertex 58.15 6 19.96
      vertex 58.15 27.55 1.85
      vertex 58.15 6 5.96
    endloop
  endfacet
  facet normal -1 0 0
    outer loop
      vertex 58.15 27.55 1.85
      vertex 58.15 5.92613 5.02139
      vertex 58.15 6 5.96
    endloop
  endfacet
  facet normal -1 0 0
    outer loop
      vertex 58.15 27.55 1.85
      vertex 58.15 5.70634 4.1059
      vertex 58.15 5.92613 5.02139
    endloop
  endfacet
  facet normal -1 0 0
    outer loop
      vertex 58.15 27.55 1.85
      vertex 58.15 5.34604 3.23606
      vertex 58.15 5.70634 4.1059
    endloop
  endfacet
  facet normal -1 0 0
    outer loop
      vertex 58.15 27.55 1.85
      vertex 58.15 4.8541 2.43329
      vertex 58.15 5.34604 3.23606
    endloop
  endfacet
  facet normal -1 0 -0
    outer loop
      vertex 58.15 4.8541 2.43329
      vertex 58.15 27.55 1.85
      vertex 58.15 4.35593 1.85
    endloop
  endfacet
  facet normal -1 0 0
    outer loop
      vertex 58.15 5.92613 20.8986
      vertex 58.15 27.55 1.85
      vertex 58.15 6 19.96
    endloop
  endfacet
  facet normal -1 0 0
    outer loop
      vertex 58.15 27.55 1.85
      vertex 58.15 5.92613 20.8986
      vertex 58.15 27.55 45
    endloop
  endfacet
  facet normal -1 0 0
    outer loop
      vertex 58.15 5.70634 21.8141
      vertex 58.15 27.55 45
      vertex 58.15 5.92613 20.8986
    endloop
  endfacet
  facet normal -1 0 0
    outer loop
      vertex 58.15 5.34604 22.6839
      vertex 58.15 27.55 45
      vertex 58.15 5.70634 21.8141
    endloop
  endfacet
  facet normal -1 0 0
    outer loop
      vertex 58.15 4.8541 23.4867
      vertex 58.15 27.55 45
      vertex 58.15 5.34604 22.6839
    endloop
  endfacet
  facet normal -1 0 0
    outer loop
      vertex 58.15 4.24264 24.2026
      vertex 58.15 27.55 45
      vertex 58.15 4.8541 23.4867
    endloop
  endfacet
  facet normal -1 0 0
    outer loop
      vertex 58.15 3.52671 24.8141
      vertex 58.15 27.55 45
      vertex 58.15 4.24264 24.2026
    endloop
  endfacet
  facet normal -1 0 0
    outer loop
      vertex 58.15 2.72394 25.306
      vertex 58.15 27.55 45
      vertex 58.15 3.52671 24.8141
    endloop
  endfacet
  facet normal -1 0 0
    outer loop
      vertex 58.15 1.8541 25.6663
      vertex 58.15 27.55 45
      vertex 58.15 2.72394 25.306
    endloop
  endfacet
  facet normal -1 0 0
    outer loop
      vertex 58.15 0.938606 25.8861
      vertex 58.15 27.55 45
      vertex 58.15 1.8541 25.6663
    endloop
  endfacet
  facet normal -1 0 0
    outer loop
      vertex 58.15 0 25.96
      vertex 58.15 27.55 45
      vertex 58.15 0.938606 25.8861
    endloop
  endfacet
  facet normal -1 0 0
    outer loop
      vertex 58.15 -27.55 45
      vertex 58.15 0 25.96
      vertex 58.15 -0.938606 25.8861
    endloop
  endfacet
  facet normal -1 0 0
    outer loop
      vertex 58.15 -27.55 45
      vertex 58.15 -0.938606 25.8861
      vertex 58.15 -1.8541 25.6663
    endloop
  endfacet
  facet normal -1 0 0
    outer loop
      vertex 58.15 -27.55 45
      vertex 58.15 -1.8541 25.6663
      vertex 58.15 -2.72394 25.306
    endloop
  endfacet
  facet normal -1 0 0
    outer loop
      vertex 58.15 -27.55 45
      vertex 58.15 -2.72394 25.306
      vertex 58.15 -3.52671 24.8141
    endloop
  endfacet
  facet normal -1 0 0
    outer loop
      vertex 58.15 -27.55 1.85
      vertex 58.15 -5.92613 20.8986
      vertex 58.15 -6 19.96
    endloop
  endfacet
  facet normal -1 0 0
    outer loop
      vertex 58.15 -27.55 45
      vertex 58.15 -5.92613 20.8986
      vertex 58.15 -27.55 1.85
    endloop
  endfacet
  facet normal -1 0 0
    outer loop
      vertex 58.15 -5.92613 20.8986
      vertex 58.15 -27.55 45
      vertex 58.15 -5.70634 21.8141
    endloop
  endfacet
  facet normal -1 0 0
    outer loop
      vertex 58.15 -5.70634 21.8141
      vertex 58.15 -27.55 45
      vertex 58.15 -5.34604 22.6839
    endloop
  endfacet
  facet normal -1 0 0
    outer loop
      vertex 58.15 -5.34604 22.6839
      vertex 58.15 -27.55 45
      vertex 58.15 -4.8541 23.4867
    endloop
  endfacet
  facet normal -1 0 0
    outer loop
      vertex 58.15 0 25.96
      vertex 58.15 -27.55 45
      vertex 58.15 27.55 45
    endloop
  endfacet
  facet normal -1 0 0
    outer loop
      vertex 58.15 -4.24264 24.2026
      vertex 58.15 -27.55 45
      vertex 58.15 -3.52671 24.8141
    endloop
  endfacet
  facet normal -1 0 0
    outer loop
      vertex 58.15 -4.8541 23.4867
      vertex 58.15 -27.55 45
      vertex 58.15 -4.24264 24.2026
    endloop
  endfacet
  facet normal -0.996919 0.0784412 0
    outer loop
      vertex 58.0503 -28.8171 1.85
      vertex 58.15 -27.55 45
      vertex 58.15 -27.55 1.85
    endloop
  endfacet
  facet normal -0.996919 0.0784412 0
    outer loop
      vertex 58.15 -27.55 45
      vertex 58.0503 -28.8171 1.85
      vertex 58.0503 -28.8171 45
    endloop
  endfacet
  facet normal 0.649417 0.760433 -0
    outer loop
      vertex -54.8111 -34.103 1.85
      vertex -55.7776 -33.2776 45
      vertex -54.8111 -34.103 45
    endloop
  endfacet
  facet normal 0.649417 0.760433 0
    outer loop
      vertex -55.7776 -33.2776 45
      vertex -54.8111 -34.103 1.85
      vertex -55.7776 -33.2776 1.85
    endloop
  endfacet
  facet normal 0.382676 0.923883 -0
    outer loop
      vertex -52.553 -35.2536 1.85
      vertex -53.7273 -34.7672 45
      vertex -52.553 -35.2536 45
    endloop
  endfacet
  facet normal 0.382676 0.923883 0
    outer loop
      vertex -53.7273 -34.7672 45
      vertex -52.553 -35.2536 1.85
      vertex -53.7273 -34.7672 1.85
    endloop
  endfacet
  facet normal 0.382676 -0.923883 0
    outer loop
      vertex -53.7273 34.7672 1.85
      vertex -52.553 35.2536 45
      vertex -53.7273 34.7672 45
    endloop
  endfacet
  facet normal 0.382676 -0.923883 0
    outer loop
      vertex -52.553 35.2536 45
      vertex -53.7273 34.7672 1.85
      vertex -52.553 35.2536 1.85
    endloop
  endfacet
  facet normal 0.923883 -0.382676 0
    outer loop
      vertex -57.7536 30.053 45
      vertex -57.2672 31.2273 1.85
      vertex -57.2672 31.2273 45
    endloop
  endfacet
  facet normal 0.923883 -0.382676 0
    outer loop
      vertex -57.2672 31.2273 1.85
      vertex -57.7536 30.053 45
      vertex -57.7536 30.053 1.85
    endloop
  endfacet
  facet normal 0.852624 -0.522525 0
    outer loop
      vertex -57.2672 31.2273 45
      vertex -56.603 32.3111 1.85
      vertex -56.603 32.3111 45
    endloop
  endfacet
  facet normal 0.852624 -0.522525 0
    outer loop
      vertex -56.603 32.3111 1.85
      vertex -57.2672 31.2273 45
      vertex -57.2672 31.2273 1.85
    endloop
  endfacet
  facet normal -0.923883 -0.382676 0
    outer loop
      vertex 57.7536 30.053 1.85
      vertex 57.2672 31.2273 45
      vertex 57.2672 31.2273 1.85
    endloop
  endfacet
  facet normal -0.923883 -0.382676 0
    outer loop
      vertex 57.2672 31.2273 45
      vertex 57.7536 30.053 1.85
      vertex 57.7536 30.053 45
    endloop
  endfacet
  facet normal -0.382676 0.923883 0
    outer loop
      vertex 53.7273 -34.7672 1.85
      vertex 52.553 -35.2536 45
      vertex 53.7273 -34.7672 45
    endloop
  endfacet
  facet normal -0.382676 0.923883 0
    outer loop
      vertex 52.553 -35.2536 45
      vertex 53.7273 -34.7672 1.85
      vertex 52.553 -35.2536 1.85
    endloop
  endfacet
  facet normal -0.0784412 0.996919 0
    outer loop
      vertex 51.3171 -35.5503 45
      vertex 50.05 -35.65 36.85
      vertex 50.05 -35.65 45
    endloop
  endfacet
  facet normal -0.0784412 0.996919 0
    outer loop
      vertex 51.3171 -35.5503 1.85
      vertex 50.05 -35.65 36.85
      vertex 51.3171 -35.5503 45
    endloop
  endfacet
  facet normal -0.0784412 0.996919 0
    outer loop
      vertex 50.05 -35.65 36.85
      vertex 51.3171 -35.5503 1.85
      vertex 50.05 -35.65 1.85
    endloop
  endfacet
  facet normal -0.522525 0.852624 0
    outer loop
      vertex 54.8111 -34.103 1.85
      vertex 53.7273 -34.7672 45
      vertex 54.8111 -34.103 45
    endloop
  endfacet
  facet normal -0.522525 0.852624 0
    outer loop
      vertex 53.7273 -34.7672 45
      vertex 54.8111 -34.103 1.85
      vertex 53.7273 -34.7672 1.85
    endloop
  endfacet
  facet normal -0.923883 0.382676 0
    outer loop
      vertex 57.2672 -31.2273 1.85
      vertex 57.7536 -30.053 45
      vertex 57.7536 -30.053 1.85
    endloop
  endfacet
  facet normal -0.923883 0.382676 0
    outer loop
      vertex 57.7536 -30.053 45
      vertex 57.2672 -31.2273 1.85
      vertex 57.2672 -31.2273 45
    endloop
  endfacet
  facet normal -0.972372 0.233435 0
    outer loop
      vertex 57.7536 -30.053 1.85
      vertex 58.0503 -28.8171 45
      vertex 58.0503 -28.8171 1.85
    endloop
  endfacet
  facet normal -0.972372 0.233435 0
    outer loop
      vertex 58.0503 -28.8171 45
      vertex 57.7536 -30.053 1.85
      vertex 57.7536 -30.053 45
    endloop
  endfacet
  facet normal 0.233435 0.972372 -0
    outer loop
      vertex -51.3171 -35.5503 1.85
      vertex -52.553 -35.2536 45
      vertex -51.3171 -35.5503 45
    endloop
  endfacet
  facet normal 0.233435 0.972372 0
    outer loop
      vertex -52.553 -35.2536 45
      vertex -51.3171 -35.5503 1.85
      vertex -52.553 -35.2536 1.85
    endloop
  endfacet
  facet normal 0.852624 0.522525 0
    outer loop
      vertex -56.603 -32.3111 45
      vertex -57.2672 -31.2273 1.85
      vertex -57.2672 -31.2273 45
    endloop
  endfacet
  facet normal 0.852624 0.522525 0
    outer loop
      vertex -57.2672 -31.2273 1.85
      vertex -56.603 -32.3111 45
      vertex -56.603 -32.3111 1.85
    endloop
  endfacet
  facet normal 0.760433 0.649417 0
    outer loop
      vertex -55.7776 -33.2776 45
      vertex -56.603 -32.3111 1.85
      vertex -56.603 -32.3111 45
    endloop
  endfacet
  facet normal 0.760433 0.649417 0
    outer loop
      vertex -56.603 -32.3111 1.85
      vertex -55.7776 -33.2776 45
      vertex -55.7776 -33.2776 1.85
    endloop
  endfacet
  facet normal -0 0 1
    outer loop
      vertex 50.05 20.65 1.85
      vertex 58.15 4.35593 1.85
      vertex 58.15 27.55 1.85
    endloop
  endfacet
  facet normal 0 0 1
    outer loop
      vertex 58.15 4.35593 1.85
      vertex 50.05 20.65 1.85
      vertex 58.11 4.35593 1.85
    endloop
  endfacet
  facet normal 0 0 1
    outer loop
      vertex 50.05 20.65 1.85
      vertex 58.15 27.55 1.85
      vertex 58.0503 28.8171 1.85
    endloop
  endfacet
  facet normal 0 0 1
    outer loop
      vertex 50.05 -20.65 1.85
      vertex 58.15 -4.35593 1.85
      vertex 58.11 -4.35593 1.85
    endloop
  endfacet
  facet normal -0 0 1
    outer loop
      vertex 48.55 20.65 1.85
      vertex 58.11 4.35593 1.85
      vertex 50.05 20.65 1.85
    endloop
  endfacet
  facet normal 0 0 1
    outer loop
      vertex 58.11 4.35593 1.85
      vertex 48.55 20.65 1.85
      vertex 58.11 -4.35593 1.85
    endloop
  endfacet
  facet normal 0 0 1
    outer loop
      vertex 50.05 20.65 1.85
      vertex 58.0503 28.8171 1.85
      vertex 57.7536 30.053 1.85
    endloop
  endfacet
  facet normal 0 0 1
    outer loop
      vertex 58.15 -4.35593 1.85
      vertex 50.05 -20.65 1.85
      vertex 58.15 -27.55 1.85
    endloop
  endfacet
  facet normal 0 0 1
    outer loop
      vertex 50.05 20.65 1.85
      vertex 57.7536 30.053 1.85
      vertex 57.2672 31.2273 1.85
    endloop
  endfacet
  facet normal 0 0 1
    outer loop
      vertex 58.15 -27.55 1.85
      vertex 50.05 -20.65 1.85
      vertex 58.0503 -28.8171 1.85
    endloop
  endfacet
  facet normal 0 0 1
    outer loop
      vertex 50.05 20.65 1.85
      vertex 57.2672 31.2273 1.85
      vertex 56.603 32.3111 1.85
    endloop
  endfacet
  facet normal 0 0 1
    outer loop
      vertex 58.0503 -28.8171 1.85
      vertex 50.05 -20.65 1.85
      vertex 57.7536 -30.053 1.85
    endloop
  endfacet
  facet normal 0 0 1
    outer loop
      vertex 50.05 20.65 1.85
      vertex 56.603 32.3111 1.85
      vertex 55.7776 33.2776 1.85
    endloop
  endfacet
  facet normal 0 0 1
    outer loop
      vertex 57.7536 -30.053 1.85
      vertex 50.05 -20.65 1.85
      vertex 57.2672 -31.2273 1.85
    endloop
  endfacet
  facet normal 0 0 1
    outer loop
      vertex 50.05 20.65 1.85
      vertex 55.7776 33.2776 1.85
      vertex 54.8111 34.103 1.85
    endloop
  endfacet
  facet normal 0 0 1
    outer loop
      vertex 57.2672 -31.2273 1.85
      vertex 50.05 -20.65 1.85
      vertex 56.603 -32.3111 1.85
    endloop
  endfacet
  facet normal 0 0 1
    outer loop
      vertex 50.05 20.65 1.85
      vertex 54.8111 34.103 1.85
      vertex 53.7273 34.7672 1.85
    endloop
  endfacet
  facet normal 0 0 1
    outer loop
      vertex 56.603 -32.3111 1.85
      vertex 50.05 -20.65 1.85
      vertex 55.7776 -33.2776 1.85
    endloop
  endfacet
  facet normal 0 0 1
    outer loop
      vertex 50.05 20.65 1.85
      vertex 53.7273 34.7672 1.85
      vertex 52.553 35.2536 1.85
    endloop
  endfacet
  facet normal 0 0 1
    outer loop
      vertex 55.7776 -33.2776 1.85
      vertex 50.05 -20.65 1.85
      vertex 54.8111 -34.103 1.85
    endloop
  endfacet
  facet normal 0 0 1
    outer loop
      vertex 50.05 20.65 1.85
      vertex 52.553 35.2536 1.85
      vertex 51.3171 35.5503 1.85
    endloop
  endfacet
  facet normal 0 0 1
    outer loop
      vertex 54.8111 -34.103 1.85
      vertex 50.05 -20.65 1.85
      vertex 53.7273 -34.7672 1.85
    endloop
  endfacet
  facet normal 0 0 1
    outer loop
      vertex 50.05 20.65 1.85
      vertex 51.3171 35.5503 1.85
      vertex 50.05 35.65 1.85
    endloop
  endfacet
  facet normal 0 0 1
    outer loop
      vertex 53.7273 -34.7672 1.85
      vertex 50.05 -20.65 1.85
      vertex 52.553 -35.2536 1.85
    endloop
  endfacet
  facet normal 0 0 1
    outer loop
      vertex 52.553 -35.2536 1.85
      vertex 50.05 -20.65 1.85
      vertex 51.3171 -35.5503 1.85
    endloop
  endfacet
  facet normal 0 0 1
    outer loop
      vertex 51.3171 -35.5503 1.85
      vertex 50.05 -20.65 1.85
      vertex 50.05 -35.65 1.85
    endloop
  endfacet
  facet normal -0 0 1
    outer loop
      vertex -51.3171 35.5503 1.85
      vertex -50.05 20.65 1.85
      vertex -50.05 35.65 1.85
    endloop
  endfacet
  facet normal 0 0 1
    outer loop
      vertex -50.05 20.65 1.85
      vertex -58.11 4.35593 1.85
      vertex -50.05 -20.65 1.85
    endloop
  endfacet
  facet normal -0 0 1
    outer loop
      vertex -52.553 35.2536 1.85
      vertex -50.05 20.65 1.85
      vertex -51.3171 35.5503 1.85
    endloop
  endfacet
  facet normal -0 0 1
    outer loop
      vertex -58.11 -4.35593 1.85
      vertex -50.05 -20.65 1.85
      vertex -58.11 4.35593 1.85
    endloop
  endfacet
  facet normal -0 0 1
    outer loop
      vertex -53.7273 34.7672 1.85
      vertex -50.05 20.65 1.85
      vertex -52.553 35.2536 1.85
    endloop
  endfacet
  facet normal -0 0 1
    outer loop
      vertex -58.15 -4.35593 1.85
      vertex -50.05 -20.65 1.85
      vertex -58.11 -4.35593 1.85
    endloop
  endfacet
  facet normal -0 0 1
    outer loop
      vertex -54.8111 34.103 1.85
      vertex -50.05 20.65 1.85
      vertex -53.7273 34.7672 1.85
    endloop
  endfacet
  facet normal 0 -0 1
    outer loop
      vertex -58.0503 -28.8171 1.85
      vertex -50.05 -20.65 1.85
      vertex -58.15 -27.55 1.85
    endloop
  endfacet
  facet normal -0 0 1
    outer loop
      vertex -55.7776 33.2776 1.85
      vertex -50.05 20.65 1.85
      vertex -54.8111 34.103 1.85
    endloop
  endfacet
  facet normal 0 0 1
    outer loop
      vertex -50.05 -20.65 1.85
      vertex -51.3171 -35.5503 1.85
      vertex -50.05 -35.65 1.85
    endloop
  endfacet
  facet normal -0 0 1
    outer loop
      vertex -56.603 32.3111 1.85
      vertex -50.05 20.65 1.85
      vertex -55.7776 33.2776 1.85
    endloop
  endfacet
  facet normal 0 0 1
    outer loop
      vertex -50.05 -20.65 1.85
      vertex -52.553 -35.2536 1.85
      vertex -51.3171 -35.5503 1.85
    endloop
  endfacet
  facet normal -0 0 1
    outer loop
      vertex -57.2672 31.2273 1.85
      vertex -50.05 20.65 1.85
      vertex -56.603 32.3111 1.85
    endloop
  endfacet
  facet normal 0 0 1
    outer loop
      vertex -50.05 -20.65 1.85
      vertex -53.7273 -34.7672 1.85
      vertex -52.553 -35.2536 1.85
    endloop
  endfacet
  facet normal -0 0 1
    outer loop
      vertex -57.7536 30.053 1.85
      vertex -50.05 20.65 1.85
      vertex -57.2672 31.2273 1.85
    endloop
  endfacet
  facet normal 0 0 1
    outer loop
      vertex -50.05 -20.65 1.85
      vertex -54.8111 -34.103 1.85
      vertex -53.7273 -34.7672 1.85
    endloop
  endfacet
  facet normal -0 0 1
    outer loop
      vertex -58.0503 28.8171 1.85
      vertex -50.05 20.65 1.85
      vertex -57.7536 30.053 1.85
    endloop
  endfacet
  facet normal 0 0 1
    outer loop
      vertex -50.05 -20.65 1.85
      vertex -55.7776 -33.2776 1.85
      vertex -54.8111 -34.103 1.85
    endloop
  endfacet
  facet normal 0 0 1
    outer loop
      vertex -50.05 20.65 1.85
      vertex -58.0503 28.8171 1.85
      vertex -58.15 27.55 1.85
    endloop
  endfacet
  facet normal 0 0 1
    outer loop
      vertex -50.05 -20.65 1.85
      vertex -56.603 -32.3111 1.85
      vertex -55.7776 -33.2776 1.85
    endloop
  endfacet
  facet normal 0 0 1
    outer loop
      vertex -50.05 -20.65 1.85
      vertex -57.2672 -31.2273 1.85
      vertex -56.603 -32.3111 1.85
    endloop
  endfacet
  facet normal 0 0 1
    outer loop
      vertex -58.15 4.35593 1.85
      vertex -50.05 20.65 1.85
      vertex -58.15 27.55 1.85
    endloop
  endfacet
  facet normal 0 0 1
    outer loop
      vertex -50.05 20.65 1.85
      vertex -58.15 4.35593 1.85
      vertex -58.11 4.35593 1.85
    endloop
  endfacet
  facet normal -0 0 1
    outer loop
      vertex -50.05 20.65 1.85
      vertex -48.55 -20.65 1.85
      vertex -48.55 20.65 1.85
    endloop
  endfacet
  facet normal 0 0 1
    outer loop
      vertex -48.55 -20.65 1.85
      vertex -50.05 20.65 1.85
      vertex -50.05 -20.65 1.85
    endloop
  endfacet
  facet normal 0 0 1
    outer loop
      vertex -50.05 -20.65 1.85
      vertex -57.7536 -30.053 1.85
      vertex -57.2672 -31.2273 1.85
    endloop
  endfacet
  facet normal 0 0 1
    outer loop
      vertex -50.05 -20.65 1.85
      vertex -58.15 -4.35593 1.85
      vertex -58.15 -27.55 1.85
    endloop
  endfacet
  facet normal 0 0 1
    outer loop
      vertex -50.05 -20.65 1.85
      vertex -58.0503 -28.8171 1.85
      vertex -57.7536 -30.053 1.85
    endloop
  endfacet
  facet normal -0 0 1
    outer loop
      vertex -48.55 35.65 1.85
      vertex -4.35593 35.61 1.85
      vertex -4.35593 35.65 1.85
    endloop
  endfacet
  facet normal 0 0 1
    outer loop
      vertex -4.35593 35.61 1.85
      vertex -48.55 20.65 1.85
      vertex -4.8541 3.52671 1.85
    endloop
  endfacet
  facet normal 0 0 1
    outer loop
      vertex -4.8541 3.52671 1.85
      vertex -48.55 20.65 1.85
      vertex -5.34604 2.72394 1.85
    endloop
  endfacet
  facet normal 0 0 1
    outer loop
      vertex -5.34604 2.72394 1.85
      vertex -48.55 20.65 1.85
      vertex -5.70634 1.8541 1.85
    endloop
  endfacet
  facet normal 0 0 1
    outer loop
      vertex -5.70634 1.8541 1.85
      vertex -48.55 20.65 1.85
      vertex -5.92613 0.938606 1.85
    endloop
  endfacet
  facet normal 0 0 1
    outer loop
      vertex -4.35593 35.61 1.85
      vertex -48.55 35.65 1.85
      vertex -48.55 20.65 1.85
    endloop
  endfacet
  facet normal -0 0 1
    outer loop
      vertex 4.24264 -4.24264 1.85
      vertex 4.35593 -35.61 1.85
      vertex 4.8541 -3.52671 1.85
    endloop
  endfacet
  facet normal -0 0 1
    outer loop
      vertex 3.52671 -4.8541 1.85
      vertex 4.35593 -35.61 1.85
      vertex 4.24264 -4.24264 1.85
    endloop
  endfacet
  facet normal -0 0 1
    outer loop
      vertex 2.72394 -5.34604 1.85
      vertex 4.35593 -35.61 1.85
      vertex 3.52671 -4.8541 1.85
    endloop
  endfacet
  facet normal -0 0 1
    outer loop
      vertex 1.8541 -5.70634 1.85
      vertex 4.35593 -35.61 1.85
      vertex 2.72394 -5.34604 1.85
    endloop
  endfacet
  facet normal -0 0 1
    outer loop
      vertex 0.938606 -5.92613 1.85
      vertex 4.35593 -35.61 1.85
      vertex 1.8541 -5.70634 1.85
    endloop
  endfacet
  facet normal -0 0 1
    outer loop
      vertex 0 -6 1.85
      vertex 4.35593 -35.61 1.85
      vertex 0.938606 -5.92613 1.85
    endloop
  endfacet
  facet normal 0 0 1
    outer loop
      vertex -4.35593 -35.61 1.85
      vertex 0 -6 1.85
      vertex -0.938606 -5.92613 1.85
    endloop
  endfacet
  facet normal 0 0 1
    outer loop
      vertex -4.35593 -35.61 1.85
      vertex -0.938606 -5.92613 1.85
      vertex -1.8541 -5.70634 1.85
    endloop
  endfacet
  facet normal 0 0 1
    outer loop
      vertex -4.35593 -35.61 1.85
      vertex -1.8541 -5.70634 1.85
      vertex -2.72394 -5.34604 1.85
    endloop
  endfacet
  facet normal 0 0 1
    outer loop
      vertex -4.35593 -35.61 1.85
      vertex -2.72394 -5.34604 1.85
      vertex -3.52671 -4.8541 1.85
    endloop
  endfacet
  facet normal 0 0 1
    outer loop
      vertex -4.35593 -35.61 1.85
      vertex -3.52671 -4.8541 1.85
      vertex -4.24264 -4.24264 1.85
    endloop
  endfacet
  facet normal 0 0 1
    outer loop
      vertex 0 -6 1.85
      vertex -4.35593 -35.61 1.85
      vertex 4.35593 -35.61 1.85
    endloop
  endfacet
  facet normal 0 0 1
    outer loop
      vertex -4.8541 -3.52671 1.85
      vertex -4.35593 -35.61 1.85
      vertex -4.24264 -4.24264 1.85
    endloop
  endfacet
  facet normal -0 0 1
    outer loop
      vertex -48.55 -20.65 1.85
      vertex -4.35593 -35.61 1.85
      vertex -4.8541 -3.52671 1.85
    endloop
  endfacet
  facet normal 0 0 1
    outer loop
      vertex -48.55 -20.65 1.85
      vertex -4.8541 -3.52671 1.85
      vertex -5.34604 -2.72394 1.85
    endloop
  endfacet
  facet normal 0 0 1
    outer loop
      vertex -48.55 -20.65 1.85
      vertex -5.34604 -2.72394 1.85
      vertex -5.70634 -1.8541 1.85
    endloop
  endfacet
  facet normal 0 0 1
    outer loop
      vertex -48.55 -20.65 1.85
      vertex -5.70634 -1.8541 1.85
      vertex -5.92613 -0.938606 1.85
    endloop
  endfacet
  facet normal 0 0 1
    outer loop
      vertex -48.55 -20.65 1.85
      vertex -5.92613 -0.938606 1.85
      vertex -6 0 1.85
    endloop
  endfacet
  facet normal 0 0 1
    outer loop
      vertex -5.92613 0.938606 1.85
      vertex -48.55 20.65 1.85
      vertex -6 0 1.85
    endloop
  endfacet
  facet normal 0 0 1
    outer loop
      vertex -48.55 -20.65 1.85
      vertex -6 0 1.85
      vertex -48.55 20.65 1.85
    endloop
  endfacet
  facet normal 0 0 1
    outer loop
      vertex -48.55 -35.65 1.85
      vertex -4.35593 -35.61 1.85
      vertex -48.55 -20.65 1.85
    endloop
  endfacet
  facet normal 0 0 1
    outer loop
      vertex -4.35593 -35.61 1.85
      vertex -48.55 -35.65 1.85
      vertex -4.35593 -35.65 1.85
    endloop
  endfacet
  facet normal -0 0 1
    outer loop
      vertex 4.35593 35.61 1.85
      vertex 48.55 20.65 1.85
      vertex 48.55 35.65 1.85
    endloop
  endfacet
  facet normal 0 -0 1
    outer loop
      vertex 6 0 1.85
      vertex 48.55 20.65 1.85
      vertex 5.92613 0.938606 1.85
    endloop
  endfacet
  facet normal -0 0 1
    outer loop
      vertex 5.92613 -0.938606 1.85
      vertex 48.55 -20.65 1.85
      vertex 6 0 1.85
    endloop
  endfacet
  facet normal 0 0 1
    outer loop
      vertex 48.55 20.65 1.85
      vertex 6 0 1.85
      vertex 48.55 -20.65 1.85
    endloop
  endfacet
  facet normal 0 0 1
    outer loop
      vertex 48.55 20.65 1.85
      vertex 5.70634 1.8541 1.85
      vertex 5.92613 0.938606 1.85
    endloop
  endfacet
  facet normal 0 0 1
    outer loop
      vertex 48.55 20.65 1.85
      vertex 5.34604 2.72394 1.85
      vertex 5.70634 1.8541 1.85
    endloop
  endfacet
  facet normal 0 0 1
    outer loop
      vertex 48.55 20.65 1.85
      vertex 4.8541 3.52671 1.85
      vertex 5.34604 2.72394 1.85
    endloop
  endfacet
  facet normal 0 0 1
    outer loop
      vertex 4.35593 35.61 1.85
      vertex 48.55 35.65 1.85
      vertex 4.35593 35.65 1.85
    endloop
  endfacet
  facet normal 0 0 1
    outer loop
      vertex 48.55 20.65 1.85
      vertex 4.35593 35.61 1.85
      vertex 4.8541 3.52671 1.85
    endloop
  endfacet
  facet normal 0 0 1
    outer loop
      vertex 4.35593 35.61 1.85
      vertex 4.24264 4.24264 1.85
      vertex 4.8541 3.52671 1.85
    endloop
  endfacet
  facet normal 0 0 1
    outer loop
      vertex 4.35593 35.61 1.85
      vertex 3.52671 4.8541 1.85
      vertex 4.24264 4.24264 1.85
    endloop
  endfacet
  facet normal 0 0 1
    outer loop
      vertex 4.35593 35.61 1.85
      vertex 2.72394 5.34604 1.85
      vertex 3.52671 4.8541 1.85
    endloop
  endfacet
  facet normal 0 0 1
    outer loop
      vertex 4.35593 35.61 1.85
      vertex 1.8541 5.70634 1.85
      vertex 2.72394 5.34604 1.85
    endloop
  endfacet
  facet normal 0 0 1
    outer loop
      vertex 4.35593 35.61 1.85
      vertex 0.938606 5.92613 1.85
      vertex 1.8541 5.70634 1.85
    endloop
  endfacet
  facet normal 0 0 1
    outer loop
      vertex 4.35593 35.61 1.85
      vertex 0 6 1.85
      vertex 0.938606 5.92613 1.85
    endloop
  endfacet
  facet normal -0 0 1
    outer loop
      vertex -4.35593 35.61 1.85
      vertex 0 6 1.85
      vertex 4.35593 35.61 1.85
    endloop
  endfacet
  facet normal 0 0 1
    outer loop
      vertex 0 6 1.85
      vertex -4.35593 35.61 1.85
      vertex -0.938606 5.92613 1.85
    endloop
  endfacet
  facet normal 0 0 1
    outer loop
      vertex -0.938606 5.92613 1.85
      vertex -4.35593 35.61 1.85
      vertex -1.8541 5.70634 1.85
    endloop
  endfacet
  facet normal 0 0 1
    outer loop
      vertex -1.8541 5.70634 1.85
      vertex -4.35593 35.61 1.85
      vertex -2.72394 5.34604 1.85
    endloop
  endfacet
  facet normal 0 0 1
    outer loop
      vertex -2.72394 5.34604 1.85
      vertex -4.35593 35.61 1.85
      vertex -3.52671 4.8541 1.85
    endloop
  endfacet
  facet normal 0 0 1
    outer loop
      vertex -3.52671 4.8541 1.85
      vertex -4.35593 35.61 1.85
      vertex -4.24264 4.24264 1.85
    endloop
  endfacet
  facet normal 0 0 1
    outer loop
      vertex -4.24264 4.24264 1.85
      vertex -4.35593 35.61 1.85
      vertex -4.8541 3.52671 1.85
    endloop
  endfacet
  facet normal 0 0 1
    outer loop
      vertex 48.55 -20.65 1.85
      vertex 58.11 -4.35593 1.85
      vertex 48.55 20.65 1.85
    endloop
  endfacet
  facet normal 0 0 1
    outer loop
      vertex 58.11 -4.35593 1.85
      vertex 48.55 -20.65 1.85
      vertex 50.05 -20.65 1.85
    endloop
  endfacet
  facet normal -0 0 1
    outer loop
      vertex 5.70634 -1.8541 1.85
      vertex 48.55 -20.65 1.85
      vertex 5.92613 -0.938606 1.85
    endloop
  endfacet
  facet normal -0 0 1
    outer loop
      vertex 5.34604 -2.72394 1.85
      vertex 48.55 -20.65 1.85
      vertex 5.70634 -1.8541 1.85
    endloop
  endfacet
  facet normal -0 0 1
    outer loop
      vertex 4.8541 -3.52671 1.85
      vertex 48.55 -20.65 1.85
      vertex 5.34604 -2.72394 1.85
    endloop
  endfacet
  facet normal 0 0 1
    outer loop
      vertex 4.35593 -35.61 1.85
      vertex 48.55 -20.65 1.85
      vertex 4.8541 -3.52671 1.85
    endloop
  endfacet
  facet normal 0 0 1
    outer loop
      vertex 48.55 -20.65 1.85
      vertex 4.35593 -35.61 1.85
      vertex 48.55 -35.65 1.85
    endloop
  endfacet
  facet normal 0 0 1
    outer loop
      vertex 48.55 -35.65 1.85
      vertex 4.35593 -35.61 1.85
      vertex 4.35593 -35.65 1.85
    endloop
  endfacet
  facet normal 0.972372 -0.233435 0
    outer loop
      vertex -58.0503 28.8171 45
      vertex -57.7536 30.053 1.85
      vertex -57.7536 30.053 45
    endloop
  endfacet
  facet normal 0.972372 -0.233435 0
    outer loop
      vertex -57.7536 30.053 1.85
      vertex -58.0503 28.8171 45
      vertex -58.0503 28.8171 1.85
    endloop
  endfacet
  facet normal 0.760433 -0.649417 0
    outer loop
      vertex -56.603 32.3111 45
      vertex -55.7776 33.2776 1.85
      vertex -55.7776 33.2776 45
    endloop
  endfacet
  facet normal 0.760433 -0.649417 0
    outer loop
      vertex -55.7776 33.2776 1.85
      vertex -56.603 32.3111 45
      vertex -56.603 32.3111 1.85
    endloop
  endfacet
  facet normal 0.649417 -0.760433 0
    outer loop
      vertex -55.7776 33.2776 1.85
      vertex -54.8111 34.103 45
      vertex -55.7776 33.2776 45
    endloop
  endfacet
  facet normal 0.649417 -0.760433 0
    outer loop
      vertex -54.8111 34.103 45
      vertex -55.7776 33.2776 1.85
      vertex -54.8111 34.103 1.85
    endloop
  endfacet
  facet normal 0.522525 -0.852624 0
    outer loop
      vertex -54.8111 34.103 1.85
      vertex -53.7273 34.7672 45
      vertex -54.8111 34.103 45
    endloop
  endfacet
  facet normal 0.522525 -0.852624 0
    outer loop
      vertex -53.7273 34.7672 45
      vertex -54.8111 34.103 1.85
      vertex -53.7273 34.7672 1.85
    endloop
  endfacet
  facet normal -0.852624 -0.522525 0
    outer loop
      vertex 57.2672 31.2273 1.85
      vertex 56.603 32.3111 45
      vertex 56.603 32.3111 1.85
    endloop
  endfacet
  facet normal -0.852624 -0.522525 0
    outer loop
      vertex 56.603 32.3111 45
      vertex 57.2672 31.2273 1.85
      vertex 57.2672 31.2273 45
    endloop
  endfacet
  facet normal -0.0784412 -0.996919 0
    outer loop
      vertex 50.05 35.65 36.85
      vertex 51.3171 35.5503 45
      vertex 50.05 35.65 45
    endloop
  endfacet
  facet normal -0.0784412 -0.996919 0
    outer loop
      vertex 51.3171 35.5503 1.85
      vertex 50.05 35.65 36.85
      vertex 50.05 35.65 1.85
    endloop
  endfacet
  facet normal -0.0784412 -0.996919 0
    outer loop
      vertex 50.05 35.65 36.85
      vertex 51.3171 35.5503 1.85
      vertex 51.3171 35.5503 45
    endloop
  endfacet
  facet normal -0.233435 0.972372 0
    outer loop
      vertex 52.553 -35.2536 1.85
      vertex 51.3171 -35.5503 45
      vertex 52.553 -35.2536 45
    endloop
  endfacet
  facet normal -0.233435 0.972372 0
    outer loop
      vertex 51.3171 -35.5503 45
      vertex 52.553 -35.2536 1.85
      vertex 51.3171 -35.5503 1.85
    endloop
  endfacet
  facet normal -0.852624 0.522525 0
    outer loop
      vertex 56.603 -32.3111 1.85
      vertex 57.2672 -31.2273 45
      vertex 57.2672 -31.2273 1.85
    endloop
  endfacet
  facet normal -0.852624 0.522525 0
    outer loop
      vertex 57.2672 -31.2273 45
      vertex 56.603 -32.3111 1.85
      vertex 56.603 -32.3111 45
    endloop
  endfacet
  facet normal 0.522525 0.852624 -0
    outer loop
      vertex -53.7273 -34.7672 1.85
      vertex -54.8111 -34.103 45
      vertex -53.7273 -34.7672 45
    endloop
  endfacet
  facet normal 0.522525 0.852624 0
    outer loop
      vertex -54.8111 -34.103 45
      vertex -53.7273 -34.7672 1.85
      vertex -54.8111 -34.103 1.85
    endloop
  endfacet
  facet normal 0.0784412 0.996919 -0
    outer loop
      vertex -50.05 -35.65 36.85
      vertex -51.3171 -35.5503 45
      vertex -50.05 -35.65 45
    endloop
  endfacet
  facet normal 0.0784412 0.996919 0
    outer loop
      vertex -51.3171 -35.5503 1.85
      vertex -50.05 -35.65 36.85
      vertex -50.05 -35.65 1.85
    endloop
  endfacet
  facet normal 0.0784412 0.996919 0
    outer loop
      vertex -50.05 -35.65 36.85
      vertex -51.3171 -35.5503 1.85
      vertex -51.3171 -35.5503 45
    endloop
  endfacet
  facet normal 0.923883 0.382676 0
    outer loop
      vertex -57.2672 -31.2273 45
      vertex -57.7536 -30.053 1.85
      vertex -57.7536 -30.053 45
    endloop
  endfacet
  facet normal 0.923883 0.382676 0
    outer loop
      vertex -57.7536 -30.053 1.85
      vertex -57.2672 -31.2273 45
      vertex -57.2672 -31.2273 1.85
    endloop
  endfacet
  facet normal 0.233435 -0.972372 0
    outer loop
      vertex -52.553 35.2536 1.85
      vertex -51.3171 35.5503 45
      vertex -52.553 35.2536 45
    endloop
  endfacet
  facet normal 0.233435 -0.972372 0
    outer loop
      vertex -51.3171 35.5503 45
      vertex -52.553 35.2536 1.85
      vertex -51.3171 35.5503 1.85
    endloop
  endfacet
  facet normal 0.0784412 -0.996919 0
    outer loop
      vertex -51.3171 35.5503 45
      vertex -50.05 35.65 36.85
      vertex -50.05 35.65 45
    endloop
  endfacet
  facet normal 0.0784412 -0.996919 0
    outer loop
      vertex -51.3171 35.5503 1.85
      vertex -50.05 35.65 36.85
      vertex -51.3171 35.5503 45
    endloop
  endfacet
  facet normal 0.0784412 -0.996919 0
    outer loop
      vertex -50.05 35.65 36.85
      vertex -51.3171 35.5503 1.85
      vertex -50.05 35.65 1.85
    endloop
  endfacet
  facet normal -0.760433 -0.649417 0
    outer loop
      vertex 56.603 32.3111 1.85
      vertex 55.7776 33.2776 45
      vertex 55.7776 33.2776 1.85
    endloop
  endfacet
  facet normal -0.760433 -0.649417 0
    outer loop
      vertex 55.7776 33.2776 45
      vertex 56.603 32.3111 1.85
      vertex 56.603 32.3111 45
    endloop
  endfacet
  facet normal -0.382676 -0.923883 0
    outer loop
      vertex 52.553 35.2536 1.85
      vertex 53.7273 34.7672 45
      vertex 52.553 35.2536 45
    endloop
  endfacet
  facet normal -0.382676 -0.923883 -0
    outer loop
      vertex 53.7273 34.7672 45
      vertex 52.553 35.2536 1.85
      vertex 53.7273 34.7672 1.85
    endloop
  endfacet
  facet normal -0.522525 -0.852624 0
    outer loop
      vertex 53.7273 34.7672 1.85
      vertex 54.8111 34.103 45
      vertex 53.7273 34.7672 45
    endloop
  endfacet
  facet normal -0.522525 -0.852624 -0
    outer loop
      vertex 54.8111 34.103 45
      vertex 53.7273 34.7672 1.85
      vertex 54.8111 34.103 1.85
    endloop
  endfacet
  facet normal 0.972372 0.233435 0
    outer loop
      vertex -57.7536 -30.053 45
      vertex -58.0503 -28.8171 1.85
      vertex -58.0503 -28.8171 45
    endloop
  endfacet
  facet normal 0.972372 0.233435 0
    outer loop
      vertex -58.0503 -28.8171 1.85
      vertex -57.7536 -30.053 45
      vertex -57.7536 -30.053 1.85
    endloop
  endfacet
  facet normal 0.996919 0.0784412 0
    outer loop
      vertex -58.0503 -28.8171 45
      vertex -58.15 -27.55 1.85
      vertex -58.15 -27.55 45
    endloop
  endfacet
  facet normal 0.996919 0.0784412 0
    outer loop
      vertex -58.15 -27.55 1.85
      vertex -58.0503 -28.8171 45
      vertex -58.0503 -28.8171 1.85
    endloop
  endfacet
  facet normal -0.760433 0.649417 0
    outer loop
      vertex 55.7776 -33.2776 1.85
      vertex 56.603 -32.3111 45
      vertex 56.603 -32.3111 1.85
    endloop
  endfacet
  facet normal -0.760433 0.649417 0
    outer loop
      vertex 56.603 -32.3111 45
      vertex 55.7776 -33.2776 1.85
      vertex 55.7776 -33.2776 45
    endloop
  endfacet
  facet normal -0.649417 0.760433 0
    outer loop
      vertex 55.7776 -33.2776 1.85
      vertex 54.8111 -34.103 45
      vertex 55.7776 -33.2776 45
    endloop
  endfacet
  facet normal -0.649417 0.760433 0
    outer loop
      vertex 54.8111 -34.103 45
      vertex 55.7776 -33.2776 1.85
      vertex 54.8111 -34.103 1.85
    endloop
  endfacet
  facet normal 0 -0.919145 0.393919
    outer loop
      vertex -50.05 20.65 1.85
      vertex -48.55 35.65 36.85
      vertex -50.05 35.65 36.85
    endloop
  endfacet
  facet normal 0 -0.919145 0.393919
    outer loop
      vertex -48.55 35.65 36.85
      vertex -50.05 20.65 1.85
      vertex -48.55 20.65 1.85
    endloop
  endfacet
  facet normal -1 0 0
    outer loop
      vertex -50.05 35.65 1.85
      vertex -50.05 20.65 1.85
      vertex -50.05 35.65 36.85
    endloop
  endfacet
  facet normal 1 0 0
    outer loop
      vertex -48.55 35.65 36.85
      vertex -48.55 20.65 1.85
      vertex -48.55 35.65 1.85
    endloop
  endfacet
  facet normal 1 0 0
    outer loop
      vertex -48.55 -35.65 36.85
      vertex -48.55 -35.65 1.85
      vertex -48.55 -20.65 1.85
    endloop
  endfacet
  facet normal -1 0 0
    outer loop
      vertex -50.05 -20.65 1.85
      vertex -50.05 -35.65 1.85
      vertex -50.05 -35.65 36.85
    endloop
  endfacet
  facet normal 0 0.919145 0.393919
    outer loop
      vertex -48.55 -20.65 1.85
      vertex -50.05 -35.65 36.85
      vertex -48.55 -35.65 36.85
    endloop
  endfacet
  facet normal 0 0.919145 0.393919
    outer loop
      vertex -50.05 -35.65 36.85
      vertex -48.55 -20.65 1.85
      vertex -50.05 -20.65 1.85
    endloop
  endfacet
  facet normal 0 -0.919145 0.393919
    outer loop
      vertex 48.55 20.65 1.85
      vertex 50.05 35.65 36.85
      vertex 48.55 35.65 36.85
    endloop
  endfacet
  facet normal 0 -0.919145 0.393919
    outer loop
      vertex 50.05 35.65 36.85
      vertex 48.55 20.65 1.85
      vertex 50.05 20.65 1.85
    endloop
  endfacet
  facet normal -1 0 0
    outer loop
      vertex 48.55 35.65 1.85
      vertex 48.55 20.65 1.85
      vertex 48.55 35.65 36.85
    endloop
  endfacet
  facet normal 1 0 0
    outer loop
      vertex 50.05 35.65 36.85
      vertex 50.05 20.65 1.85
      vertex 50.05 35.65 1.85
    endloop
  endfacet
  facet normal 1 0 0
    outer loop
      vertex 50.05 -35.65 36.85
      vertex 50.05 -35.65 1.85
      vertex 50.05 -20.65 1.85
    endloop
  endfacet
  facet normal -1 0 0
    outer loop
      vertex 48.55 -20.65 1.85
      vertex 48.55 -35.65 1.85
      vertex 48.55 -35.65 36.85
    endloop
  endfacet
  facet normal 0 0.919145 0.393919
    outer loop
      vertex 50.05 -20.65 1.85
      vertex 48.55 -35.65 36.85
      vertex 50.05 -35.65 36.85
    endloop
  endfacet
  facet normal 0 0.919145 0.393919
    outer loop
      vertex 48.55 -35.65 36.85
      vertex 50.05 -20.65 1.85
      vertex 48.55 -20.65 1.85
    endloop
  endfacet
  facet normal 0.996917 0.0784592 0
    outer loop
      vertex 6 0 45
      vertex 5.92613 0.938606 1.85
      vertex 5.92613 0.938606 45
    endloop
  endfacet
  facet normal 0.996917 0.0784592 0
    outer loop
      vertex 5.92613 0.938606 1.85
      vertex 6 0 45
      vertex 6 0 1.85
    endloop
  endfacet
  facet normal -0.996917 0.0784592 0
    outer loop
      vertex -6 0 1.85
      vertex -5.92613 0.938606 45
      vertex -5.92613 0.938606 1.85
    endloop
  endfacet
  facet normal -0.996917 0.0784592 0
    outer loop
      vertex -5.92613 0.938606 45
      vertex -6 0 1.85
      vertex -6 0 45
    endloop
  endfacet
  facet normal 0.0784592 0.996917 -0
    outer loop
      vertex 0.938606 5.92613 1.85
      vertex 0 6 45
      vertex 0.938606 5.92613 45
    endloop
  endfacet
  facet normal 0.0784592 0.996917 0
    outer loop
      vertex 0 6 45
      vertex 0.938606 5.92613 1.85
      vertex 0 6 1.85
    endloop
  endfacet
  facet normal 0.760407 0.649447 0
    outer loop
      vertex 4.8541 3.52671 45
      vertex 4.24264 4.24264 1.85
      vertex 4.24264 4.24264 45
    endloop
  endfacet
  facet normal 0.760407 0.649447 0
    outer loop
      vertex 4.24264 4.24264 1.85
      vertex 4.8541 3.52671 45
      vertex 4.8541 3.52671 1.85
    endloop
  endfacet
  facet normal -0.649447 0.760407 0
    outer loop
      vertex -3.52671 4.8541 1.85
      vertex -4.24264 4.24264 45
      vertex -3.52671 4.8541 45
    endloop
  endfacet
  facet normal -0.649447 0.760407 0
    outer loop
      vertex -4.24264 4.24264 45
      vertex -3.52671 4.8541 1.85
      vertex -4.24264 4.24264 1.85
    endloop
  endfacet
  facet normal -0.382684 0.923879 0
    outer loop
      vertex -1.8541 5.70634 1.85
      vertex -2.72394 5.34604 45
      vertex -1.8541 5.70634 45
    endloop
  endfacet
  facet normal -0.382684 0.923879 0
    outer loop
      vertex -2.72394 5.34604 45
      vertex -1.8541 5.70634 1.85
      vertex -2.72394 5.34604 1.85
    endloop
  endfacet
  facet normal 0.923879 0.382684 0
    outer loop
      vertex 5.70634 1.8541 45
      vertex 5.34604 2.72394 1.85
      vertex 5.34604 2.72394 45
    endloop
  endfacet
  facet normal 0.923879 0.382684 0
    outer loop
      vertex 5.34604 2.72394 1.85
      vertex 5.70634 1.8541 45
      vertex 5.70634 1.8541 1.85
    endloop
  endfacet
  facet normal 0.97237 0.233445 0
    outer loop
      vertex 5.92613 0.938606 45
      vertex 5.70634 1.8541 1.85
      vertex 5.70634 1.8541 45
    endloop
  endfacet
  facet normal 0.97237 0.233445 0
    outer loop
      vertex 5.70634 1.8541 1.85
      vertex 5.92613 0.938606 45
      vertex 5.92613 0.938606 1.85
    endloop
  endfacet
  facet normal 0.852639 0.5225 0
    outer loop
      vertex 5.34604 2.72394 45
      vertex 4.8541 3.52671 1.85
      vertex 4.8541 3.52671 45
    endloop
  endfacet
  facet normal 0.852639 0.5225 0
    outer loop
      vertex 4.8541 3.52671 1.85
      vertex 5.34604 2.72394 45
      vertex 5.34604 2.72394 1.85
    endloop
  endfacet
  facet normal 0.5225 0.852639 -0
    outer loop
      vertex 3.52671 4.8541 1.85
      vertex 2.72394 5.34604 45
      vertex 3.52671 4.8541 45
    endloop
  endfacet
  facet normal 0.5225 0.852639 0
    outer loop
      vertex 2.72394 5.34604 45
      vertex 3.52671 4.8541 1.85
      vertex 2.72394 5.34604 1.85
    endloop
  endfacet
  facet normal 0.382684 0.923879 -0
    outer loop
      vertex 2.72394 5.34604 1.85
      vertex 1.8541 5.70634 45
      vertex 2.72394 5.34604 45
    endloop
  endfacet
  facet normal 0.382684 0.923879 0
    outer loop
      vertex 1.8541 5.70634 45
      vertex 2.72394 5.34604 1.85
      vertex 1.8541 5.70634 1.85
    endloop
  endfacet
  facet normal 0.649447 0.760407 -0
    outer loop
      vertex 4.24264 4.24264 1.85
      vertex 3.52671 4.8541 45
      vertex 4.24264 4.24264 45
    endloop
  endfacet
  facet normal 0.649447 0.760407 0
    outer loop
      vertex 3.52671 4.8541 45
      vertex 4.24264 4.24264 1.85
      vertex 3.52671 4.8541 1.85
    endloop
  endfacet
  facet normal -0.852639 0.5225 0
    outer loop
      vertex -5.34604 2.72394 1.85
      vertex -4.8541 3.52671 45
      vertex -4.8541 3.52671 1.85
    endloop
  endfacet
  facet normal -0.852639 0.5225 0
    outer loop
      vertex -4.8541 3.52671 45
      vertex -5.34604 2.72394 1.85
      vertex -5.34604 2.72394 45
    endloop
  endfacet
  facet normal -0.760407 0.649447 0
    outer loop
      vertex -4.8541 3.52671 1.85
      vertex -4.24264 4.24264 45
      vertex -4.24264 4.24264 1.85
    endloop
  endfacet
  facet normal -0.760407 0.649447 0
    outer loop
      vertex -4.24264 4.24264 45
      vertex -4.8541 3.52671 1.85
      vertex -4.8541 3.52671 45
    endloop
  endfacet
  facet normal -0.923879 0.382684 0
    outer loop
      vertex -5.70634 1.8541 1.85
      vertex -5.34604 2.72394 45
      vertex -5.34604 2.72394 1.85
    endloop
  endfacet
  facet normal -0.923879 0.382684 0
    outer loop
      vertex -5.34604 2.72394 45
      vertex -5.70634 1.8541 1.85
      vertex -5.70634 1.8541 45
    endloop
  endfacet
  facet normal -0.5225 0.852639 0
    outer loop
      vertex -2.72394 5.34604 1.85
      vertex -3.52671 4.8541 45
      vertex -2.72394 5.34604 45
    endloop
  endfacet
  facet normal -0.5225 0.852639 0
    outer loop
      vertex -3.52671 4.8541 45
      vertex -2.72394 5.34604 1.85
      vertex -3.52671 4.8541 1.85
    endloop
  endfacet
  facet normal -0.233445 0.97237 0
    outer loop
      vertex -0.938606 5.92613 1.85
      vertex -1.8541 5.70634 45
      vertex -0.938606 5.92613 45
    endloop
  endfacet
  facet normal -0.233445 0.97237 0
    outer loop
      vertex -1.8541 5.70634 45
      vertex -0.938606 5.92613 1.85
      vertex -1.8541 5.70634 1.85
    endloop
  endfacet
  facet normal 0.5225 -0.852639 0
    outer loop
      vertex 2.72394 -5.34604 1.85
      vertex 3.52671 -4.8541 45
      vertex 2.72394 -5.34604 45
    endloop
  endfacet
  facet normal 0.5225 -0.852639 0
    outer loop
      vertex 3.52671 -4.8541 45
      vertex 2.72394 -5.34604 1.85
      vertex 3.52671 -4.8541 1.85
    endloop
  endfacet
  facet normal 0.852639 -0.5225 0
    outer loop
      vertex 4.8541 -3.52671 45
      vertex 5.34604 -2.72394 1.85
      vertex 5.34604 -2.72394 45
    endloop
  endfacet
  facet normal 0.852639 -0.5225 0
    outer loop
      vertex 5.34604 -2.72394 1.85
      vertex 4.8541 -3.52671 45
      vertex 4.8541 -3.52671 1.85
    endloop
  endfacet
  facet normal -0.649447 -0.760407 0
    outer loop
      vertex -4.24264 -4.24264 1.85
      vertex -3.52671 -4.8541 45
      vertex -4.24264 -4.24264 45
    endloop
  endfacet
  facet normal -0.649447 -0.760407 -0
    outer loop
      vertex -3.52671 -4.8541 45
      vertex -4.24264 -4.24264 1.85
      vertex -3.52671 -4.8541 1.85
    endloop
  endfacet
  facet normal -0.382684 -0.923879 0
    outer loop
      vertex -2.72394 -5.34604 1.85
      vertex -1.8541 -5.70634 45
      vertex -2.72394 -5.34604 45
    endloop
  endfacet
  facet normal -0.382684 -0.923879 -0
    outer loop
      vertex -1.8541 -5.70634 45
      vertex -2.72394 -5.34604 1.85
      vertex -1.8541 -5.70634 1.85
    endloop
  endfacet
  facet normal -0.852639 -0.5225 0
    outer loop
      vertex -4.8541 -3.52671 1.85
      vertex -5.34604 -2.72394 45
      vertex -5.34604 -2.72394 1.85
    endloop
  endfacet
  facet normal -0.852639 -0.5225 0
    outer loop
      vertex -5.34604 -2.72394 45
      vertex -4.8541 -3.52671 1.85
      vertex -4.8541 -3.52671 45
    endloop
  endfacet
  facet normal -0.760407 -0.649447 0
    outer loop
      vertex -4.24264 -4.24264 1.85
      vertex -4.8541 -3.52671 45
      vertex -4.8541 -3.52671 1.85
    endloop
  endfacet
  facet normal -0.760407 -0.649447 0
    outer loop
      vertex -4.8541 -3.52671 45
      vertex -4.24264 -4.24264 1.85
      vertex -4.24264 -4.24264 45
    endloop
  endfacet
  facet normal 0.233445 0.97237 -0
    outer loop
      vertex 1.8541 5.70634 1.85
      vertex 0.938606 5.92613 45
      vertex 1.8541 5.70634 45
    endloop
  endfacet
  facet normal 0.233445 0.97237 0
    outer loop
      vertex 0.938606 5.92613 45
      vertex 1.8541 5.70634 1.85
      vertex 0.938606 5.92613 1.85
    endloop
  endfacet
  facet normal -0.97237 0.233445 0
    outer loop
      vertex -5.92613 0.938606 1.85
      vertex -5.70634 1.8541 45
      vertex -5.70634 1.8541 1.85
    endloop
  endfacet
  facet normal -0.97237 0.233445 0
    outer loop
      vertex -5.70634 1.8541 45
      vertex -5.92613 0.938606 1.85
      vertex -5.92613 0.938606 45
    endloop
  endfacet
  facet normal 0 0 1
    outer loop
      vertex 4.15 0 45
      vertex 6 0 45
      vertex 5.92613 0.938606 45
    endloop
  endfacet
  facet normal 0 0 1
    outer loop
      vertex 4.09891 0.649202 45
      vertex 5.92613 0.938606 45
      vertex 5.70634 1.8541 45
    endloop
  endfacet
  facet normal 0 0 1
    outer loop
      vertex 6 0 45
      vertex 4.15 0 45
      vertex 5.92613 -0.938606 45
    endloop
  endfacet
  facet normal 0 0 1
    outer loop
      vertex 3.94688 1.28242 45
      vertex 5.70634 1.8541 45
      vertex 5.34604 2.72394 45
    endloop
  endfacet
  facet normal -0 0 1
    outer loop
      vertex 4.09891 -0.649202 45
      vertex 5.92613 -0.938606 45
      vertex 4.15 0 45
    endloop
  endfacet
  facet normal 0 0 1
    outer loop
      vertex 3.69768 1.88406 45
      vertex 5.34604 2.72394 45
      vertex 4.8541 3.52671 45
    endloop
  endfacet
  facet normal 0 0 1
    outer loop
      vertex 5.92613 -0.938606 45
      vertex 4.09891 -0.649202 45
      vertex 5.70634 -1.8541 45
    endloop
  endfacet
  facet normal 0 0 1
    outer loop
      vertex 3.35742 2.43931 45
      vertex 4.8541 3.52671 45
      vertex 4.24264 4.24264 45
    endloop
  endfacet
  facet normal -0 0 1
    outer loop
      vertex 3.94688 -1.28242 45
      vertex 5.70634 -1.8541 45
      vertex 4.09891 -0.649202 45
    endloop
  endfacet
  facet normal 0 0 1
    outer loop
      vertex 5.70634 -1.8541 45
      vertex 3.94688 -1.28242 45
      vertex 5.34604 -2.72394 45
    endloop
  endfacet
  facet normal 0 0 1
    outer loop
      vertex 5.92613 0.938606 45
      vertex 4.09891 0.649202 45
      vertex 4.15 0 45
    endloop
  endfacet
  facet normal 0 0 1
    outer loop
      vertex 5.70634 1.8541 45
      vertex 3.94688 1.28242 45
      vertex 4.09891 0.649202 45
    endloop
  endfacet
  facet normal 0 0 1
    outer loop
      vertex 5.34604 2.72394 45
      vertex 3.69768 1.88406 45
      vertex 3.94688 1.28242 45
    endloop
  endfacet
  facet normal 0 0 1
    outer loop
      vertex 2.93449 2.93449 45
      vertex 4.24264 4.24264 45
      vertex 3.52671 4.8541 45
    endloop
  endfacet
  facet normal 0 0 1
    outer loop
      vertex 4.8541 3.52671 45
      vertex 3.35742 2.43931 45
      vertex 3.69768 1.88406 45
    endloop
  endfacet
  facet normal 0 0 1
    outer loop
      vertex 4.24264 4.24264 45
      vertex 2.93449 2.93449 45
      vertex 3.35742 2.43931 45
    endloop
  endfacet
  facet normal 0 0 1
    outer loop
      vertex 2.43931 3.35742 45
      vertex 3.52671 4.8541 45
      vertex 2.72394 5.34604 45
    endloop
  endfacet
  facet normal 0 0 1
    outer loop
      vertex 3.52671 4.8541 45
      vertex 2.43931 3.35742 45
      vertex 2.93449 2.93449 45
    endloop
  endfacet
  facet normal 0 0 1
    outer loop
      vertex 2.72394 5.34604 45
      vertex 1.88406 3.69768 45
      vertex 2.43931 3.35742 45
    endloop
  endfacet
  facet normal 0 0 1
    outer loop
      vertex 1.8541 5.70634 45
      vertex 1.88406 3.69768 45
      vertex 2.72394 5.34604 45
    endloop
  endfacet
  facet normal 0 0 1
    outer loop
      vertex 1.8541 5.70634 45
      vertex 1.28242 3.94688 45
      vertex 1.88406 3.69768 45
    endloop
  endfacet
  facet normal 0 0 1
    outer loop
      vertex 0.938606 5.92613 45
      vertex 1.28242 3.94688 45
      vertex 1.8541 5.70634 45
    endloop
  endfacet
  facet normal 0 0 1
    outer loop
      vertex 0.938606 5.92613 45
      vertex 0.649202 4.09891 45
      vertex 1.28242 3.94688 45
    endloop
  endfacet
  facet normal 0 0 1
    outer loop
      vertex 0 6 45
      vertex 0.649202 4.09891 45
      vertex 0.938606 5.92613 45
    endloop
  endfacet
  facet normal 0 0 1
    outer loop
      vertex 0 6 45
      vertex 0 4.15 45
      vertex 0.649202 4.09891 45
    endloop
  endfacet
  facet normal 0 0 1
    outer loop
      vertex 0 6 45
      vertex -0.649202 4.09891 45
      vertex 0 4.15 45
    endloop
  endfacet
  facet normal -0 0 1
    outer loop
      vertex -0.938606 5.92613 45
      vertex -0.649202 4.09891 45
      vertex 0 6 45
    endloop
  endfacet
  facet normal 0 0 1
    outer loop
      vertex -0.938606 5.92613 45
      vertex -1.28242 3.94688 45
      vertex -0.649202 4.09891 45
    endloop
  endfacet
  facet normal -0 0 1
    outer loop
      vertex -1.8541 5.70634 45
      vertex -1.28242 3.94688 45
      vertex -0.938606 5.92613 45
    endloop
  endfacet
  facet normal 0 0 1
    outer loop
      vertex -1.8541 5.70634 45
      vertex -1.88406 3.69768 45
      vertex -1.28242 3.94688 45
    endloop
  endfacet
  facet normal -0 0 1
    outer loop
      vertex -2.72394 5.34604 45
      vertex -1.88406 3.69768 45
      vertex -1.8541 5.70634 45
    endloop
  endfacet
  facet normal 0 0 1
    outer loop
      vertex -1.88406 3.69768 45
      vertex -2.72394 5.34604 45
      vertex -2.43931 3.35742 45
    endloop
  endfacet
  facet normal -0 0 1
    outer loop
      vertex -3.52671 4.8541 45
      vertex -2.43931 3.35742 45
      vertex -2.72394 5.34604 45
    endloop
  endfacet
  facet normal 0 0 1
    outer loop
      vertex -2.43931 3.35742 45
      vertex -3.52671 4.8541 45
      vertex -2.93449 2.93449 45
    endloop
  endfacet
  facet normal -0 0 1
    outer loop
      vertex -4.24264 4.24264 45
      vertex -2.93449 2.93449 45
      vertex -3.52671 4.8541 45
    endloop
  endfacet
  facet normal 0 0 1
    outer loop
      vertex -2.93449 2.93449 45
      vertex -4.24264 4.24264 45
      vertex -3.35742 2.43931 45
    endloop
  endfacet
  facet normal -0 0 1
    outer loop
      vertex -4.8541 3.52671 45
      vertex -3.35742 2.43931 45
      vertex -4.24264 4.24264 45
    endloop
  endfacet
  facet normal 0 0 1
    outer loop
      vertex -3.35742 2.43931 45
      vertex -4.8541 3.52671 45
      vertex -3.69768 1.88406 45
    endloop
  endfacet
  facet normal 0 0 1
    outer loop
      vertex -3.69768 1.88406 45
      vertex -5.34604 2.72394 45
      vertex -3.94688 1.28242 45
    endloop
  endfacet
  facet normal -0 0 1
    outer loop
      vertex -5.34604 2.72394 45
      vertex -3.69768 1.88406 45
      vertex -4.8541 3.52671 45
    endloop
  endfacet
  facet normal -0 0 1
    outer loop
      vertex 3.69768 -1.88406 45
      vertex 5.34604 -2.72394 45
      vertex 3.94688 -1.28242 45
    endloop
  endfacet
  facet normal 0 0 1
    outer loop
      vertex 5.34604 -2.72394 45
      vertex 3.69768 -1.88406 45
      vertex 4.8541 -3.52671 45
    endloop
  endfacet
  facet normal -0 0 1
    outer loop
      vertex 3.35742 -2.43931 45
      vertex 4.8541 -3.52671 45
      vertex 3.69768 -1.88406 45
    endloop
  endfacet
  facet normal 0 0 1
    outer loop
      vertex 4.8541 -3.52671 45
      vertex 3.35742 -2.43931 45
      vertex 4.24264 -4.24264 45
    endloop
  endfacet
  facet normal -0 0 1
    outer loop
      vertex 2.93449 -2.93449 45
      vertex 4.24264 -4.24264 45
      vertex 3.35742 -2.43931 45
    endloop
  endfacet
  facet normal 0 0 1
    outer loop
      vertex 4.24264 -4.24264 45
      vertex 2.93449 -2.93449 45
      vertex 3.52671 -4.8541 45
    endloop
  endfacet
  facet normal -0 0 1
    outer loop
      vertex 2.43931 -3.35742 45
      vertex 3.52671 -4.8541 45
      vertex 2.93449 -2.93449 45
    endloop
  endfacet
  facet normal 0 0 1
    outer loop
      vertex 3.52671 -4.8541 45
      vertex 2.43931 -3.35742 45
      vertex 2.72394 -5.34604 45
    endloop
  endfacet
  facet normal -0 0 1
    outer loop
      vertex 1.88406 -3.69768 45
      vertex 2.72394 -5.34604 45
      vertex 2.43931 -3.35742 45
    endloop
  endfacet
  facet normal 0 0 1
    outer loop
      vertex 1.88406 -3.69768 45
      vertex 1.8541 -5.70634 45
      vertex 2.72394 -5.34604 45
    endloop
  endfacet
  facet normal -0 0 1
    outer loop
      vertex 1.28242 -3.94688 45
      vertex 1.8541 -5.70634 45
      vertex 1.88406 -3.69768 45
    endloop
  endfacet
  facet normal 0 0 1
    outer loop
      vertex 1.28242 -3.94688 45
      vertex 0.938606 -5.92613 45
      vertex 1.8541 -5.70634 45
    endloop
  endfacet
  facet normal -0 0 1
    outer loop
      vertex 0.649202 -4.09891 45
      vertex 0.938606 -5.92613 45
      vertex 1.28242 -3.94688 45
    endloop
  endfacet
  facet normal -0 0 1
    outer loop
      vertex 0 -4.15 45
      vertex 0.938606 -5.92613 45
      vertex 0.649202 -4.09891 45
    endloop
  endfacet
  facet normal 0 0 1
    outer loop
      vertex 0 -4.15 45
      vertex 0 -6 45
      vertex 0.938606 -5.92613 45
    endloop
  endfacet
  facet normal 0 0 1
    outer loop
      vertex -0.649202 -4.09891 45
      vertex 0 -6 45
      vertex 0 -4.15 45
    endloop
  endfacet
  facet normal 0 0 1
    outer loop
      vertex -0.649202 -4.09891 45
      vertex -0.938606 -5.92613 45
      vertex 0 -6 45
    endloop
  endfacet
  facet normal 0 0 1
    outer loop
      vertex -1.28242 -3.94688 45
      vertex -0.938606 -5.92613 45
      vertex -0.649202 -4.09891 45
    endloop
  endfacet
  facet normal 0 0 1
    outer loop
      vertex -1.28242 -3.94688 45
      vertex -1.8541 -5.70634 45
      vertex -0.938606 -5.92613 45
    endloop
  endfacet
  facet normal 0 0 1
    outer loop
      vertex -1.88406 -3.69768 45
      vertex -1.8541 -5.70634 45
      vertex -1.28242 -3.94688 45
    endloop
  endfacet
  facet normal 0 0 1
    outer loop
      vertex -2.72394 -5.34604 45
      vertex -1.88406 -3.69768 45
      vertex -2.43931 -3.35742 45
    endloop
  endfacet
  facet normal 0 0 1
    outer loop
      vertex -1.88406 -3.69768 45
      vertex -2.72394 -5.34604 45
      vertex -1.8541 -5.70634 45
    endloop
  endfacet
  facet normal 0 0 1
    outer loop
      vertex -3.52671 -4.8541 45
      vertex -2.43931 -3.35742 45
      vertex -2.93449 -2.93449 45
    endloop
  endfacet
  facet normal 0 0 1
    outer loop
      vertex -4.24264 -4.24264 45
      vertex -2.93449 -2.93449 45
      vertex -3.35742 -2.43931 45
    endloop
  endfacet
  facet normal 0 0 1
    outer loop
      vertex -2.43931 -3.35742 45
      vertex -3.52671 -4.8541 45
      vertex -2.72394 -5.34604 45
    endloop
  endfacet
  facet normal 0 0 1
    outer loop
      vertex -4.8541 -3.52671 45
      vertex -3.35742 -2.43931 45
      vertex -3.69768 -1.88406 45
    endloop
  endfacet
  facet normal 0 0 1
    outer loop
      vertex -5.34604 -2.72394 45
      vertex -3.69768 -1.88406 45
      vertex -3.94688 -1.28242 45
    endloop
  endfacet
  facet normal 0 0 1
    outer loop
      vertex -5.70634 -1.8541 45
      vertex -3.94688 -1.28242 45
      vertex -4.09891 -0.649202 45
    endloop
  endfacet
  facet normal 0 0 1
    outer loop
      vertex -2.93449 -2.93449 45
      vertex -4.24264 -4.24264 45
      vertex -3.52671 -4.8541 45
    endloop
  endfacet
  facet normal 0 0 1
    outer loop
      vertex -5.92613 -0.938606 45
      vertex -4.09891 -0.649202 45
      vertex -4.15 0 45
    endloop
  endfacet
  facet normal -0 0 1
    outer loop
      vertex -5.70634 1.8541 45
      vertex -3.94688 1.28242 45
      vertex -5.34604 2.72394 45
    endloop
  endfacet
  facet normal 0 0 1
    outer loop
      vertex -3.94688 1.28242 45
      vertex -5.70634 1.8541 45
      vertex -4.09891 0.649202 45
    endloop
  endfacet
  facet normal 0 0 1
    outer loop
      vertex -3.35742 -2.43931 45
      vertex -4.8541 -3.52671 45
      vertex -4.24264 -4.24264 45
    endloop
  endfacet
  facet normal -0 0 1
    outer loop
      vertex -5.92613 0.938606 45
      vertex -4.09891 0.649202 45
      vertex -5.70634 1.8541 45
    endloop
  endfacet
  facet normal 0 0 1
    outer loop
      vertex -3.69768 -1.88406 45
      vertex -5.34604 -2.72394 45
      vertex -4.8541 -3.52671 45
    endloop
  endfacet
  facet normal 0 0 1
    outer loop
      vertex -4.09891 0.649202 45
      vertex -5.92613 0.938606 45
      vertex -4.15 0 45
    endloop
  endfacet
  facet normal 0 0 1
    outer loop
      vertex -3.94688 -1.28242 45
      vertex -5.70634 -1.8541 45
      vertex -5.34604 -2.72394 45
    endloop
  endfacet
  facet normal 0 0 1
    outer loop
      vertex -6 0 45
      vertex -4.15 0 45
      vertex -5.92613 0.938606 45
    endloop
  endfacet
  facet normal 0 0 1
    outer loop
      vertex -4.09891 -0.649202 45
      vertex -5.92613 -0.938606 45
      vertex -5.70634 -1.8541 45
    endloop
  endfacet
  facet normal 0 0 1
    outer loop
      vertex -4.15 0 45
      vertex -6 0 45
      vertex -5.92613 -0.938606 45
    endloop
  endfacet
  facet normal -0.0784592 0.996917 0
    outer loop
      vertex 0 6 1.85
      vertex -0.938606 5.92613 45
      vertex 0 6 45
    endloop
  endfacet
  facet normal -0.0784592 0.996917 0
    outer loop
      vertex -0.938606 5.92613 45
      vertex 0 6 1.85
      vertex -0.938606 5.92613 1.85
    endloop
  endfacet
  facet normal 0.996917 -0.0784592 0
    outer loop
      vertex 5.92613 -0.938606 45
      vertex 6 0 1.85
      vertex 6 0 45
    endloop
  endfacet
  facet normal 0.996917 -0.0784592 0
    outer loop
      vertex 6 0 1.85
      vertex 5.92613 -0.938606 45
      vertex 5.92613 -0.938606 1.85
    endloop
  endfacet
  facet normal 0.0784592 -0.996917 0
    outer loop
      vertex 0 -6 1.85
      vertex 0.938606 -5.92613 45
      vertex 0 -6 45
    endloop
  endfacet
  facet normal 0.0784592 -0.996917 0
    outer loop
      vertex 0.938606 -5.92613 45
      vertex 0 -6 1.85
      vertex 0.938606 -5.92613 1.85
    endloop
  endfacet
  facet normal 0.382684 -0.923879 0
    outer loop
      vertex 1.8541 -5.70634 1.85
      vertex 2.72394 -5.34604 45
      vertex 1.8541 -5.70634 45
    endloop
  endfacet
  facet normal 0.382684 -0.923879 0
    outer loop
      vertex 2.72394 -5.34604 45
      vertex 1.8541 -5.70634 1.85
      vertex 2.72394 -5.34604 1.85
    endloop
  endfacet
  facet normal 0.649447 -0.760407 0
    outer loop
      vertex 3.52671 -4.8541 1.85
      vertex 4.24264 -4.24264 45
      vertex 3.52671 -4.8541 45
    endloop
  endfacet
  facet normal 0.649447 -0.760407 0
    outer loop
      vertex 4.24264 -4.24264 45
      vertex 3.52671 -4.8541 1.85
      vertex 4.24264 -4.24264 1.85
    endloop
  endfacet
  facet normal 0.923879 -0.382684 0
    outer loop
      vertex 5.34604 -2.72394 45
      vertex 5.70634 -1.8541 1.85
      vertex 5.70634 -1.8541 45
    endloop
  endfacet
  facet normal 0.923879 -0.382684 0
    outer loop
      vertex 5.70634 -1.8541 1.85
      vertex 5.34604 -2.72394 45
      vertex 5.34604 -2.72394 1.85
    endloop
  endfacet
  facet normal 0.760407 -0.649447 0
    outer loop
      vertex 4.24264 -4.24264 45
      vertex 4.8541 -3.52671 1.85
      vertex 4.8541 -3.52671 45
    endloop
  endfacet
  facet normal 0.760407 -0.649447 0
    outer loop
      vertex 4.8541 -3.52671 1.85
      vertex 4.24264 -4.24264 45
      vertex 4.24264 -4.24264 1.85
    endloop
  endfacet
  facet normal -0.5225 -0.852639 0
    outer loop
      vertex -3.52671 -4.8541 1.85
      vertex -2.72394 -5.34604 45
      vertex -3.52671 -4.8541 45
    endloop
  endfacet
  facet normal -0.5225 -0.852639 -0
    outer loop
      vertex -2.72394 -5.34604 45
      vertex -3.52671 -4.8541 1.85
      vertex -2.72394 -5.34604 1.85
    endloop
  endfacet
  facet normal -0.233445 -0.97237 0
    outer loop
      vertex -1.8541 -5.70634 1.85
      vertex -0.938606 -5.92613 45
      vertex -1.8541 -5.70634 45
    endloop
  endfacet
  facet normal -0.233445 -0.97237 -0
    outer loop
      vertex -0.938606 -5.92613 45
      vertex -1.8541 -5.70634 1.85
      vertex -0.938606 -5.92613 1.85
    endloop
  endfacet
  facet normal -0.923879 -0.382684 0
    outer loop
      vertex -5.34604 -2.72394 1.85
      vertex -5.70634 -1.8541 45
      vertex -5.70634 -1.8541 1.85
    endloop
  endfacet
  facet normal -0.923879 -0.382684 0
    outer loop
      vertex -5.70634 -1.8541 45
      vertex -5.34604 -2.72394 1.85
      vertex -5.34604 -2.72394 45
    endloop
  endfacet
  facet normal -0.996917 -0.0784592 0
    outer loop
      vertex -5.92613 -0.938606 1.85
      vertex -6 0 45
      vertex -6 0 1.85
    endloop
  endfacet
  facet normal -0.996917 -0.0784592 0
    outer loop
      vertex -6 0 45
      vertex -5.92613 -0.938606 1.85
      vertex -5.92613 -0.938606 45
    endloop
  endfacet
  facet normal 0.233445 -0.97237 0
    outer loop
      vertex 0.938606 -5.92613 1.85
      vertex 1.8541 -5.70634 45
      vertex 0.938606 -5.92613 45
    endloop
  endfacet
  facet normal 0.233445 -0.97237 0
    outer loop
      vertex 1.8541 -5.70634 45
      vertex 0.938606 -5.92613 1.85
      vertex 1.8541 -5.70634 1.85
    endloop
  endfacet
  facet normal 0.97237 -0.233445 0
    outer loop
      vertex 5.70634 -1.8541 45
      vertex 5.92613 -0.938606 1.85
      vertex 5.92613 -0.938606 45
    endloop
  endfacet
  facet normal 0.97237 -0.233445 0
    outer loop
      vertex 5.92613 -0.938606 1.85
      vertex 5.70634 -1.8541 45
      vertex 5.70634 -1.8541 1.85
    endloop
  endfacet
  facet normal -0.0784592 -0.996917 0
    outer loop
      vertex -0.938606 -5.92613 1.85
      vertex 0 -6 45
      vertex -0.938606 -5.92613 45
    endloop
  endfacet
  facet normal -0.0784592 -0.996917 -0
    outer loop
      vertex 0 -6 45
      vertex -0.938606 -5.92613 1.85
      vertex 0 -6 1.85
    endloop
  endfacet
  facet normal -0.97237 -0.233445 0
    outer loop
      vertex -5.70634 -1.8541 1.85
      vertex -5.92613 -0.938606 45
      vertex -5.92613 -0.938606 1.85
    endloop
  endfacet
  facet normal -0.97237 -0.233445 0
    outer loop
      vertex -5.92613 -0.938606 45
      vertex -5.70634 -1.8541 1.85
      vertex -5.70634 -1.8541 45
    endloop
  endfacet
  facet normal -0.996918 -0.0784541 0
    outer loop
      vertex 4.15 0 0
      vertex 4.09891 0.649202 45
      vertex 4.09891 0.649202 0
    endloop
  endfacet
  facet normal -0.996918 -0.0784541 0
    outer loop
      vertex 4.09891 0.649202 45
      vertex 4.15 0 0
      vertex 4.15 0 45
    endloop
  endfacet
  facet normal 0.996918 -0.0784541 0
    outer loop
      vertex -4.15 0 45
      vertex -4.09891 0.649202 0
      vertex -4.09891 0.649202 45
    endloop
  endfacet
  facet normal 0.996918 -0.0784541 0
    outer loop
      vertex -4.09891 0.649202 0
      vertex -4.15 0 45
      vertex -4.15 0 0
    endloop
  endfacet
  facet normal 0.0784541 -0.996918 0
    outer loop
      vertex -0.649202 4.09891 0
      vertex 0 4.15 45
      vertex -0.649202 4.09891 45
    endloop
  endfacet
  facet normal 0.0784541 -0.996918 0
    outer loop
      vertex 0 4.15 45
      vertex -0.649202 4.09891 0
      vertex 0 4.15 0
    endloop
  endfacet
  facet normal -0.649454 -0.760401 0
    outer loop
      vertex 2.43931 3.35742 0
      vertex 2.93449 2.93449 45
      vertex 2.43931 3.35742 45
    endloop
  endfacet
  facet normal -0.649454 -0.760401 -0
    outer loop
      vertex 2.93449 2.93449 45
      vertex 2.43931 3.35742 0
      vertex 2.93449 2.93449 0
    endloop
  endfacet
  facet normal 0.649454 -0.760401 0
    outer loop
      vertex -2.93449 2.93449 0
      vertex -2.43931 3.35742 45
      vertex -2.93449 2.93449 45
    endloop
  endfacet
  facet normal 0.649454 -0.760401 0
    outer loop
      vertex -2.43931 3.35742 45
      vertex -2.93449 2.93449 0
      vertex -2.43931 3.35742 0
    endloop
  endfacet
  facet normal 0.382674 -0.923884 0
    outer loop
      vertex -1.88406 3.69768 0
      vertex -1.28242 3.94688 45
      vertex -1.88406 3.69768 45
    endloop
  endfacet
  facet normal 0.382674 -0.923884 0
    outer loop
      vertex -1.28242 3.94688 45
      vertex -1.88406 3.69768 0
      vertex -1.28242 3.94688 0
    endloop
  endfacet
  facet normal -0.923884 -0.382674 0
    outer loop
      vertex 3.94688 1.28242 0
      vertex 3.69768 1.88406 45
      vertex 3.69768 1.88406 0
    endloop
  endfacet
  facet normal -0.923884 -0.382674 0
    outer loop
      vertex 3.69768 1.88406 45
      vertex 3.94688 1.28242 0
      vertex 3.94688 1.28242 45
    endloop
  endfacet
  facet normal -0.972367 -0.233457 0
    outer loop
      vertex 4.09891 0.649202 0
      vertex 3.94688 1.28242 45
      vertex 3.94688 1.28242 0
    endloop
  endfacet
  facet normal -0.972367 -0.233457 0
    outer loop
      vertex 3.94688 1.28242 45
      vertex 4.09891 0.649202 0
      vertex 4.09891 0.649202 45
    endloop
  endfacet
  facet normal -0.233457 -0.972367 0
    outer loop
      vertex 0.649202 4.09891 0
      vertex 1.28242 3.94688 45
      vertex 0.649202 4.09891 45
    endloop
  endfacet
  facet normal -0.233457 -0.972367 -0
    outer loop
      vertex 1.28242 3.94688 45
      vertex 0.649202 4.09891 0
      vertex 1.28242 3.94688 0
    endloop
  endfacet
  facet normal -0.0784541 -0.996918 0
    outer loop
      vertex 0 4.15 0
      vertex 0.649202 4.09891 45
      vertex 0 4.15 45
    endloop
  endfacet
  facet normal -0.0784541 -0.996918 -0
    outer loop
      vertex 0.649202 4.09891 45
      vertex 0 4.15 0
      vertex 0.649202 4.09891 0
    endloop
  endfacet
  facet normal -0.382674 -0.923884 0
    outer loop
      vertex 1.28242 3.94688 0
      vertex 1.88406 3.69768 45
      vertex 1.28242 3.94688 45
    endloop
  endfacet
  facet normal -0.382674 -0.923884 -0
    outer loop
      vertex 1.88406 3.69768 45
      vertex 1.28242 3.94688 0
      vertex 1.88406 3.69768 0
    endloop
  endfacet
  facet normal 0.923884 -0.382674 0
    outer loop
      vertex -3.94688 1.28242 45
      vertex -3.69768 1.88406 0
      vertex -3.69768 1.88406 45
    endloop
  endfacet
  facet normal 0.923884 -0.382674 0
    outer loop
      vertex -3.69768 1.88406 0
      vertex -3.94688 1.28242 45
      vertex -3.94688 1.28242 0
    endloop
  endfacet
  facet normal 0.852639 -0.522501 0
    outer loop
      vertex -3.69768 1.88406 45
      vertex -3.35742 2.43931 0
      vertex -3.35742 2.43931 45
    endloop
  endfacet
  facet normal 0.852639 -0.522501 0
    outer loop
      vertex -3.35742 2.43931 0
      vertex -3.69768 1.88406 45
      vertex -3.69768 1.88406 0
    endloop
  endfacet
  facet normal 0.972367 -0.233457 0
    outer loop
      vertex -4.09891 0.649202 45
      vertex -3.94688 1.28242 0
      vertex -3.94688 1.28242 45
    endloop
  endfacet
  facet normal 0.972367 -0.233457 0
    outer loop
      vertex -3.94688 1.28242 0
      vertex -4.09891 0.649202 45
      vertex -4.09891 0.649202 0
    endloop
  endfacet
  facet normal 0.522501 -0.852639 0
    outer loop
      vertex -2.43931 3.35742 0
      vertex -1.88406 3.69768 45
      vertex -2.43931 3.35742 45
    endloop
  endfacet
  facet normal 0.522501 -0.852639 0
    outer loop
      vertex -1.88406 3.69768 45
      vertex -2.43931 3.35742 0
      vertex -1.88406 3.69768 0
    endloop
  endfacet
  facet normal 0.233457 -0.972367 0
    outer loop
      vertex -1.28242 3.94688 0
      vertex -0.649202 4.09891 45
      vertex -1.28242 3.94688 45
    endloop
  endfacet
  facet normal 0.233457 -0.972367 0
    outer loop
      vertex -0.649202 4.09891 45
      vertex -1.28242 3.94688 0
      vertex -0.649202 4.09891 0
    endloop
  endfacet
  facet normal 0.233457 0.972367 -0
    outer loop
      vertex -0.649202 -4.09891 0
      vertex -1.28242 -3.94688 45
      vertex -0.649202 -4.09891 45
    endloop
  endfacet
  facet normal 0.233457 0.972367 0
    outer loop
      vertex -1.28242 -3.94688 45
      vertex -0.649202 -4.09891 0
      vertex -1.28242 -3.94688 0
    endloop
  endfacet
  facet normal -0.760401 -0.649454 0
    outer loop
      vertex 3.35742 2.43931 0
      vertex 2.93449 2.93449 45
      vertex 2.93449 2.93449 0
    endloop
  endfacet
  facet normal -0.760401 -0.649454 0
    outer loop
      vertex 2.93449 2.93449 45
      vertex 3.35742 2.43931 0
      vertex 3.35742 2.43931 45
    endloop
  endfacet
  facet normal -0.852639 -0.522501 0
    outer loop
      vertex 3.69768 1.88406 0
      vertex 3.35742 2.43931 45
      vertex 3.35742 2.43931 0
    endloop
  endfacet
  facet normal -0.852639 -0.522501 0
    outer loop
      vertex 3.35742 2.43931 45
      vertex 3.69768 1.88406 0
      vertex 3.69768 1.88406 45
    endloop
  endfacet
  facet normal -0.972367 0.233457 0
    outer loop
      vertex 3.94688 -1.28242 0
      vertex 4.09891 -0.649202 45
      vertex 4.09891 -0.649202 0
    endloop
  endfacet
  facet normal -0.972367 0.233457 0
    outer loop
      vertex 4.09891 -0.649202 45
      vertex 3.94688 -1.28242 0
      vertex 3.94688 -1.28242 45
    endloop
  endfacet
  facet normal -0.923884 0.382674 0
    outer loop
      vertex 3.69768 -1.88406 0
      vertex 3.94688 -1.28242 45
      vertex 3.94688 -1.28242 0
    endloop
  endfacet
  facet normal -0.923884 0.382674 0
    outer loop
      vertex 3.94688 -1.28242 45
      vertex 3.69768 -1.88406 0
      vertex 3.69768 -1.88406 45
    endloop
  endfacet
  facet normal -0.996918 0.0784541 0
    outer loop
      vertex 4.09891 -0.649202 0
      vertex 4.15 0 45
      vertex 4.15 0 0
    endloop
  endfacet
  facet normal -0.996918 0.0784541 0
    outer loop
      vertex 4.15 0 45
      vertex 4.09891 -0.649202 0
      vertex 4.09891 -0.649202 45
    endloop
  endfacet
  facet normal 0.923884 0.382674 0
    outer loop
      vertex -3.69768 -1.88406 45
      vertex -3.94688 -1.28242 0
      vertex -3.94688 -1.28242 45
    endloop
  endfacet
  facet normal 0.923884 0.382674 0
    outer loop
      vertex -3.94688 -1.28242 0
      vertex -3.69768 -1.88406 45
      vertex -3.69768 -1.88406 0
    endloop
  endfacet
  facet normal 0.996918 0.0784541 0
    outer loop
      vertex -4.09891 -0.649202 45
      vertex -4.15 0 0
      vertex -4.15 0 45
    endloop
  endfacet
  facet normal 0.996918 0.0784541 0
    outer loop
      vertex -4.15 0 0
      vertex -4.09891 -0.649202 45
      vertex -4.09891 -0.649202 0
    endloop
  endfacet
  facet normal 0.972367 0.233457 0
    outer loop
      vertex -3.94688 -1.28242 45
      vertex -4.09891 -0.649202 0
      vertex -4.09891 -0.649202 45
    endloop
  endfacet
  facet normal 0.972367 0.233457 0
    outer loop
      vertex -4.09891 -0.649202 0
      vertex -3.94688 -1.28242 45
      vertex -3.94688 -1.28242 0
    endloop
  endfacet
  facet normal -0.233457 0.972367 0
    outer loop
      vertex 1.28242 -3.94688 0
      vertex 0.649202 -4.09891 45
      vertex 1.28242 -3.94688 45
    endloop
  endfacet
  facet normal -0.233457 0.972367 0
    outer loop
      vertex 0.649202 -4.09891 45
      vertex 1.28242 -3.94688 0
      vertex 0.649202 -4.09891 0
    endloop
  endfacet
  facet normal -0.522501 -0.852639 0
    outer loop
      vertex 1.88406 3.69768 0
      vertex 2.43931 3.35742 45
      vertex 1.88406 3.69768 45
    endloop
  endfacet
  facet normal -0.522501 -0.852639 -0
    outer loop
      vertex 2.43931 3.35742 45
      vertex 1.88406 3.69768 0
      vertex 2.43931 3.35742 0
    endloop
  endfacet
  facet normal 0.760401 -0.649454 0
    outer loop
      vertex -3.35742 2.43931 45
      vertex -2.93449 2.93449 0
      vertex -2.93449 2.93449 45
    endloop
  endfacet
  facet normal 0.760401 -0.649454 0
    outer loop
      vertex -2.93449 2.93449 0
      vertex -3.35742 2.43931 45
      vertex -3.35742 2.43931 0
    endloop
  endfacet
  facet normal -0.522501 0.852639 0
    outer loop
      vertex 2.43931 -3.35742 0
      vertex 1.88406 -3.69768 45
      vertex 2.43931 -3.35742 45
    endloop
  endfacet
  facet normal -0.522501 0.852639 0
    outer loop
      vertex 1.88406 -3.69768 45
      vertex 2.43931 -3.35742 0
      vertex 1.88406 -3.69768 0
    endloop
  endfacet
  facet normal -0.760401 0.649454 0
    outer loop
      vertex 2.93449 -2.93449 0
      vertex 3.35742 -2.43931 45
      vertex 3.35742 -2.43931 0
    endloop
  endfacet
  facet normal -0.760401 0.649454 0
    outer loop
      vertex 3.35742 -2.43931 45
      vertex 2.93449 -2.93449 0
      vertex 2.93449 -2.93449 45
    endloop
  endfacet
  facet normal 0.0784541 0.996918 -0
    outer loop
      vertex 0 -4.15 0
      vertex -0.649202 -4.09891 45
      vertex 0 -4.15 45
    endloop
  endfacet
  facet normal 0.0784541 0.996918 0
    outer loop
      vertex -0.649202 -4.09891 45
      vertex 0 -4.15 0
      vertex -0.649202 -4.09891 0
    endloop
  endfacet
  facet normal 0.522501 0.852639 -0
    outer loop
      vertex -1.88406 -3.69768 0
      vertex -2.43931 -3.35742 45
      vertex -1.88406 -3.69768 45
    endloop
  endfacet
  facet normal 0.522501 0.852639 0
    outer loop
      vertex -2.43931 -3.35742 45
      vertex -1.88406 -3.69768 0
      vertex -2.43931 -3.35742 0
    endloop
  endfacet
  facet normal -0.382674 0.923884 0
    outer loop
      vertex 1.88406 -3.69768 0
      vertex 1.28242 -3.94688 45
      vertex 1.88406 -3.69768 45
    endloop
  endfacet
  facet normal -0.382674 0.923884 0
    outer loop
      vertex 1.28242 -3.94688 45
      vertex 1.88406 -3.69768 0
      vertex 1.28242 -3.94688 0
    endloop
  endfacet
  facet normal -0.852639 0.522501 0
    outer loop
      vertex 3.35742 -2.43931 0
      vertex 3.69768 -1.88406 45
      vertex 3.69768 -1.88406 0
    endloop
  endfacet
  facet normal -0.852639 0.522501 0
    outer loop
      vertex 3.69768 -1.88406 45
      vertex 3.35742 -2.43931 0
      vertex 3.35742 -2.43931 45
    endloop
  endfacet
  facet normal -0.649454 0.760401 0
    outer loop
      vertex 2.93449 -2.93449 0
      vertex 2.43931 -3.35742 45
      vertex 2.93449 -2.93449 45
    endloop
  endfacet
  facet normal -0.649454 0.760401 0
    outer loop
      vertex 2.43931 -3.35742 45
      vertex 2.93449 -2.93449 0
      vertex 2.43931 -3.35742 0
    endloop
  endfacet
  facet normal -0.0784541 0.996918 0
    outer loop
      vertex 0.649202 -4.09891 0
      vertex 0 -4.15 45
      vertex 0.649202 -4.09891 45
    endloop
  endfacet
  facet normal -0.0784541 0.996918 0
    outer loop
      vertex 0 -4.15 45
      vertex 0.649202 -4.09891 0
      vertex 0 -4.15 0
    endloop
  endfacet
  facet normal 0.382674 0.923884 -0
    outer loop
      vertex -1.28242 -3.94688 0
      vertex -1.88406 -3.69768 45
      vertex -1.28242 -3.94688 45
    endloop
  endfacet
  facet normal 0.382674 0.923884 0
    outer loop
      vertex -1.88406 -3.69768 45
      vertex -1.28242 -3.94688 0
      vertex -1.88406 -3.69768 0
    endloop
  endfacet
  facet normal 0.649454 0.760401 -0
    outer loop
      vertex -2.43931 -3.35742 0
      vertex -2.93449 -2.93449 45
      vertex -2.43931 -3.35742 45
    endloop
  endfacet
  facet normal 0.649454 0.760401 0
    outer loop
      vertex -2.93449 -2.93449 45
      vertex -2.43931 -3.35742 0
      vertex -2.93449 -2.93449 0
    endloop
  endfacet
  facet normal 0.760401 0.649454 0
    outer loop
      vertex -2.93449 -2.93449 45
      vertex -3.35742 -2.43931 0
      vertex -3.35742 -2.43931 45
    endloop
  endfacet
  facet normal 0.760401 0.649454 0
    outer loop
      vertex -3.35742 -2.43931 0
      vertex -2.93449 -2.93449 45
      vertex -2.93449 -2.93449 0
    endloop
  endfacet
  facet normal 0.852639 0.522501 0
    outer loop
      vertex -3.35742 -2.43931 45
      vertex -3.69768 -1.88406 0
      vertex -3.69768 -1.88406 45
    endloop
  endfacet
  facet normal 0.852639 0.522501 0
    outer loop
      vertex -3.69768 -1.88406 0
      vertex -3.35742 -2.43931 45
      vertex -3.35742 -2.43931 0
    endloop
  endfacet
  facet normal -1 0 0
    outer loop
      vertex 6 35.65 5.96
      vertex 6 37.5 19.96
      vertex 6 37.5 5.96
    endloop
  endfacet
  facet normal -1 -0 0
    outer loop
      vertex 6 37.5 19.96
      vertex 6 35.65 5.96
      vertex 6 35.65 19.96
    endloop
  endfacet
  facet normal 0.5225 0 0.852639
    outer loop
      vertex -3.52671 37.5 1.1059
      vertex -2.72394 35.61 0.61396
      vertex -2.72394 37.5 0.61396
    endloop
  endfacet
  facet normal 0.5225 0 0.852639
    outer loop
      vertex -2.72394 35.61 0.61396
      vertex -3.52671 37.5 1.1059
      vertex -3.52671 35.61 1.1059
    endloop
  endfacet
  facet normal -0.996917 0 0.0784589
    outer loop
      vertex 5.92613 35.65 5.02139
      vertex 6 37.5 5.96
      vertex 5.92613 37.5 5.02139
    endloop
  endfacet
  facet normal -0.996917 0 0.0784589
    outer loop
      vertex 6 37.5 5.96
      vertex 5.92613 35.65 5.02139
      vertex 6 35.65 5.96
    endloop
  endfacet
  facet normal 0.760394 0 -0.649463
    outer loop
      vertex -4.24264 35.65 24.2026
      vertex -4.8541 37.5 23.4867
      vertex -4.24264 37.5 24.2026
    endloop
  endfacet
  facet normal 0.760394 0 -0.649463
    outer loop
      vertex -4.8541 37.5 23.4867
      vertex -4.24264 35.65 24.2026
      vertex -4.8541 35.65 23.4867
    endloop
  endfacet
  facet normal -0.760407 -2.09859e-06 0.649447
    outer loop
      vertex 4.24264 37.5 1.71736
      vertex 4.35593 35.65 1.85
      vertex 4.8541 37.5 2.43329
    endloop
  endfacet
  facet normal -0.760393 0 0.649464
    outer loop
      vertex 4.24264 35.61 1.71736
      vertex 4.35593 35.65 1.85
      vertex 4.24264 37.5 1.71736
    endloop
  endfacet
  facet normal -0.760393 0 0.649464
    outer loop
      vertex 4.35593 35.65 1.85
      vertex 4.24264 35.61 1.71736
      vertex 4.35593 35.61 1.85
    endloop
  endfacet
  facet normal -0.76041 0 0.649443
    outer loop
      vertex 4.8541 37.5 2.43329
      vertex 4.35593 35.65 1.85
      vertex 4.8541 35.65 2.43329
    endloop
  endfacet
  facet normal 0.382684 0 0.923879
    outer loop
      vertex -2.72394 37.5 0.61396
      vertex -1.8541 35.61 0.25366
      vertex -1.8541 37.5 0.25366
    endloop
  endfacet
  facet normal 0.382684 0 0.923879
    outer loop
      vertex -1.8541 35.61 0.25366
      vertex -2.72394 37.5 0.61396
      vertex -2.72394 35.61 0.61396
    endloop
  endfacet
  facet normal -0.382684 0 -0.923879
    outer loop
      vertex 1.8541 35.65 25.6663
      vertex 2.72394 37.5 25.306
      vertex 2.72394 35.65 25.306
    endloop
  endfacet
  facet normal -0.382684 0 -0.923879
    outer loop
      vertex 2.72394 37.5 25.306
      vertex 1.8541 35.65 25.6663
      vertex 1.8541 37.5 25.6663
    endloop
  endfacet
  facet normal -0.923879 0 0.382684
    outer loop
      vertex 5.34604 35.65 3.23606
      vertex 5.70634 37.5 4.1059
      vertex 5.34604 37.5 3.23606
    endloop
  endfacet
  facet normal -0.923879 0 0.382684
    outer loop
      vertex 5.70634 37.5 4.1059
      vertex 5.34604 35.65 3.23606
      vertex 5.70634 35.65 4.1059
    endloop
  endfacet
  facet normal 0.923873 0 -0.382699
    outer loop
      vertex -5.34604 35.65 22.6839
      vertex -5.70634 37.5 21.8141
      vertex -5.34604 37.5 22.6839
    endloop
  endfacet
  facet normal 0.923873 0 -0.382699
    outer loop
      vertex -5.70634 37.5 21.8141
      vertex -5.34604 35.65 22.6839
      vertex -5.70634 35.65 21.8141
    endloop
  endfacet
  facet normal 1 -0 0
    outer loop
      vertex -6 35.65 19.96
      vertex -6 37.5 5.96
      vertex -6 37.5 19.96
    endloop
  endfacet
  facet normal 1 0 0
    outer loop
      vertex -6 37.5 5.96
      vertex -6 35.65 19.96
      vertex -6 35.65 5.96
    endloop
  endfacet
  facet normal 0.996917 0 -0.0784597
    outer loop
      vertex -5.92613 35.65 20.8986
      vertex -6 37.5 19.96
      vertex -5.92613 37.5 20.8986
    endloop
  endfacet
  facet normal 0.996917 0 -0.0784597
    outer loop
      vertex -6 37.5 19.96
      vertex -5.92613 35.65 20.8986
      vertex -6 35.65 19.96
    endloop
  endfacet
  facet normal 0.852639 -0 0.5225
    outer loop
      vertex -5.34604 35.65 3.23606
      vertex -4.8541 37.5 2.43329
      vertex -5.34604 37.5 3.23606
    endloop
  endfacet
  facet normal 0.852639 0 0.5225
    outer loop
      vertex -4.8541 37.5 2.43329
      vertex -5.34604 35.65 3.23606
      vertex -4.8541 35.65 2.43329
    endloop
  endfacet
  facet normal 0.76041 0 0.649443
    outer loop
      vertex -4.35593 35.65 1.85
      vertex -4.8541 37.5 2.43329
      vertex -4.8541 35.65 2.43329
    endloop
  endfacet
  facet normal 0.760407 -2.09859e-06 0.649447
    outer loop
      vertex -4.8541 37.5 2.43329
      vertex -4.35593 35.65 1.85
      vertex -4.24264 37.5 1.71736
    endloop
  endfacet
  facet normal 0.760393 0 0.649464
    outer loop
      vertex -4.24264 35.61 1.71736
      vertex -4.35593 35.65 1.85
      vertex -4.35593 35.61 1.85
    endloop
  endfacet
  facet normal 0.760393 0 0.649464
    outer loop
      vertex -4.35593 35.65 1.85
      vertex -4.24264 35.61 1.71736
      vertex -4.24264 37.5 1.71736
    endloop
  endfacet
  facet normal 0.0784588 0 0.996917
    outer loop
      vertex -0.938606 37.5 0.0338697
      vertex -0.508249 35.61 0
      vertex -0.508249 37.5 0
    endloop
  endfacet
  facet normal 0.0784588 0 0.996917
    outer loop
      vertex -0.508249 35.61 0
      vertex -0.938606 37.5 0.0338697
      vertex -0.938606 35.61 0.0338697
    endloop
  endfacet
  facet normal -0.0784588 0 0.996917
    outer loop
      vertex 0.508249 37.5 0
      vertex 0.938606 35.61 0.0338697
      vertex 0.938606 37.5 0.0338697
    endloop
  endfacet
  facet normal -0.0784588 0 0.996917
    outer loop
      vertex 0.938606 35.61 0.0338697
      vertex 0.508249 37.5 0
      vertex 0.508249 35.61 0
    endloop
  endfacet
  facet normal -0.382684 0 0.923879
    outer loop
      vertex 1.8541 37.5 0.25366
      vertex 2.72394 35.61 0.61396
      vertex 2.72394 37.5 0.61396
    endloop
  endfacet
  facet normal -0.382684 0 0.923879
    outer loop
      vertex 2.72394 35.61 0.61396
      vertex 1.8541 37.5 0.25366
      vertex 1.8541 35.61 0.25366
    endloop
  endfacet
  facet normal -0.996917 0 -0.0784597
    outer loop
      vertex 6 35.65 19.96
      vertex 5.92613 37.5 20.8986
      vertex 6 37.5 19.96
    endloop
  endfacet
  facet normal -0.996917 -0 -0.0784597
    outer loop
      vertex 5.92613 37.5 20.8986
      vertex 6 35.65 19.96
      vertex 5.92613 35.65 20.8986
    endloop
  endfacet
  facet normal -0.97237 0 0.233446
    outer loop
      vertex 5.70634 35.65 4.1059
      vertex 5.92613 37.5 5.02139
      vertex 5.70634 37.5 4.1059
    endloop
  endfacet
  facet normal -0.97237 0 0.233446
    outer loop
      vertex 5.92613 37.5 5.02139
      vertex 5.70634 35.65 4.1059
      vertex 5.92613 35.65 5.02139
    endloop
  endfacet
  facet normal 0.649471 0 -0.760386
    outer loop
      vertex -4.24264 35.65 24.2026
      vertex -3.52671 37.5 24.8141
      vertex -3.52671 35.65 24.8141
    endloop
  endfacet
  facet normal 0.649471 0 -0.760386
    outer loop
      vertex -3.52671 37.5 24.8141
      vertex -4.24264 35.65 24.2026
      vertex -4.24264 37.5 24.2026
    endloop
  endfacet
  facet normal -0.0784909 0 -0.996915
    outer loop
      vertex 0 35.65 25.96
      vertex 0.938606 37.5 25.8861
      vertex 0.938606 35.65 25.8861
    endloop
  endfacet
  facet normal -0.0784909 0 -0.996915
    outer loop
      vertex 0.938606 37.5 25.8861
      vertex 0 35.65 25.96
      vertex 0 37.5 25.96
    endloop
  endfacet
  facet normal 0.852648 0 -0.522486
    outer loop
      vertex -4.8541 35.65 23.4867
      vertex -5.34604 37.5 22.6839
      vertex -4.8541 37.5 23.4867
    endloop
  endfacet
  facet normal 0.852648 0 -0.522486
    outer loop
      vertex -5.34604 37.5 22.6839
      vertex -4.8541 35.65 23.4867
      vertex -5.34604 35.65 22.6839
    endloop
  endfacet
  facet normal 0 1 0
    outer loop
      vertex 3.52671 35.61 1.1059
      vertex 4.35593 35.61 1.85
      vertex 4.24264 35.61 1.71736
    endloop
  endfacet
  facet normal 0 1 0
    outer loop
      vertex 0.508249 35.61 0
      vertex 4.35593 35.61 1.85
      vertex 3.52671 35.61 1.1059
    endloop
  endfacet
  facet normal 0 1 0
    outer loop
      vertex 4.35593 35.61 1.85
      vertex 0.508249 35.61 0
      vertex -4.35593 35.61 1.85
    endloop
  endfacet
  facet normal 0 1 0
    outer loop
      vertex -4.35593 35.61 1.85
      vertex -3.52671 35.61 1.1059
      vertex -4.24264 35.61 1.71736
    endloop
  endfacet
  facet normal 0 1 0
    outer loop
      vertex 0.508249 35.61 0
      vertex 3.52671 35.61 1.1059
      vertex 2.72394 35.61 0.61396
    endloop
  endfacet
  facet normal 0 1 -0
    outer loop
      vertex -0.508249 35.61 0
      vertex -4.35593 35.61 1.85
      vertex 0.508249 35.61 0
    endloop
  endfacet
  facet normal 0 1 0
    outer loop
      vertex 0.508249 35.61 0
      vertex 2.72394 35.61 0.61396
      vertex 1.8541 35.61 0.25366
    endloop
  endfacet
  facet normal 0 1 0
    outer loop
      vertex -4.35593 35.61 1.85
      vertex -0.508249 35.61 0
      vertex -3.52671 35.61 1.1059
    endloop
  endfacet
  facet normal 0 1 0
    outer loop
      vertex 0.508249 35.61 0
      vertex 1.8541 35.61 0.25366
      vertex 0.938606 35.61 0.0338697
    endloop
  endfacet
  facet normal 0 1 0
    outer loop
      vertex -3.52671 35.61 1.1059
      vertex -0.508249 35.61 0
      vertex -2.72394 35.61 0.61396
    endloop
  endfacet
  facet normal 0 1 0
    outer loop
      vertex -2.72394 35.61 0.61396
      vertex -0.508249 35.61 0
      vertex -1.8541 35.61 0.25366
    endloop
  endfacet
  facet normal 0 1 0
    outer loop
      vertex -1.8541 35.61 0.25366
      vertex -0.508249 35.61 0
      vertex -0.938606 35.61 0.0338697
    endloop
  endfacet
  facet normal 0.923879 -0 0.382684
    outer loop
      vertex -5.70634 35.65 4.1059
      vertex -5.34604 37.5 3.23606
      vertex -5.70634 37.5 4.1059
    endloop
  endfacet
  facet normal 0.923879 0 0.382684
    outer loop
      vertex -5.34604 37.5 3.23606
      vertex -5.70634 35.65 4.1059
      vertex -5.34604 35.65 3.23606
    endloop
  endfacet
  facet normal 0.233445 0 0.97237
    outer loop
      vertex -1.8541 37.5 0.25366
      vertex -0.938606 35.61 0.0338697
      vertex -0.938606 37.5 0.0338697
    endloop
  endfacet
  facet normal 0.233445 0 0.97237
    outer loop
      vertex -0.938606 35.61 0.0338697
      vertex -1.8541 37.5 0.25366
      vertex -1.8541 35.61 0.25366
    endloop
  endfacet
  facet normal -0.923873 0 -0.382699
    outer loop
      vertex 5.70634 35.65 21.8141
      vertex 5.34604 37.5 22.6839
      vertex 5.70634 37.5 21.8141
    endloop
  endfacet
  facet normal -0.923873 -0 -0.382699
    outer loop
      vertex 5.34604 37.5 22.6839
      vertex 5.70634 35.65 21.8141
      vertex 5.34604 35.65 22.6839
    endloop
  endfacet
  facet normal -0.852648 0 -0.522486
    outer loop
      vertex 5.34604 35.65 22.6839
      vertex 4.8541 37.5 23.4867
      vertex 5.34604 37.5 22.6839
    endloop
  endfacet
  facet normal -0.852648 -0 -0.522486
    outer loop
      vertex 4.8541 37.5 23.4867
      vertex 5.34604 35.65 22.6839
      vertex 4.8541 35.65 23.4867
    endloop
  endfacet
  facet normal -0.97237 0 -0.233443
    outer loop
      vertex 5.92613 35.65 20.8986
      vertex 5.70634 37.5 21.8141
      vertex 5.92613 37.5 20.8986
    endloop
  endfacet
  facet normal -0.97237 -0 -0.233443
    outer loop
      vertex 5.70634 37.5 21.8141
      vertex 5.92613 35.65 20.8986
      vertex 5.70634 35.65 21.8141
    endloop
  endfacet
  facet normal -0.649471 0 -0.760386
    outer loop
      vertex 3.52671 35.65 24.8141
      vertex 4.24264 37.5 24.2026
      vertex 4.24264 35.65 24.2026
    endloop
  endfacet
  facet normal -0.649471 0 -0.760386
    outer loop
      vertex 4.24264 37.5 24.2026
      vertex 3.52671 35.65 24.8141
      vertex 3.52671 37.5 24.8141
    endloop
  endfacet
  facet normal -0.760394 0 -0.649463
    outer loop
      vertex 4.8541 35.65 23.4867
      vertex 4.24264 37.5 24.2026
      vertex 4.8541 37.5 23.4867
    endloop
  endfacet
  facet normal -0.760394 -0 -0.649463
    outer loop
      vertex 4.24264 37.5 24.2026
      vertex 4.8541 35.65 23.4867
      vertex 4.24264 35.65 24.2026
    endloop
  endfacet
  facet normal -0.522469 0 -0.852658
    outer loop
      vertex 2.72394 35.65 25.306
      vertex 3.52671 37.5 24.8141
      vertex 3.52671 35.65 24.8141
    endloop
  endfacet
  facet normal -0.522469 0 -0.852658
    outer loop
      vertex 3.52671 37.5 24.8141
      vertex 2.72394 35.65 25.306
      vertex 2.72394 37.5 25.306
    endloop
  endfacet
  facet normal -0.852639 0 0.5225
    outer loop
      vertex 4.8541 35.65 2.43329
      vertex 5.34604 37.5 3.23606
      vertex 4.8541 37.5 2.43329
    endloop
  endfacet
  facet normal -0.852639 0 0.5225
    outer loop
      vertex 5.34604 37.5 3.23606
      vertex 4.8541 35.65 2.43329
      vertex 5.34604 35.65 3.23606
    endloop
  endfacet
  facet normal 0.522469 0 -0.852658
    outer loop
      vertex -3.52671 35.65 24.8141
      vertex -2.72394 37.5 25.306
      vertex -2.72394 35.65 25.306
    endloop
  endfacet
  facet normal 0.522469 0 -0.852658
    outer loop
      vertex -2.72394 37.5 25.306
      vertex -3.52671 35.65 24.8141
      vertex -3.52671 37.5 24.8141
    endloop
  endfacet
  facet normal 0.382684 0 -0.923879
    outer loop
      vertex -2.72394 35.65 25.306
      vertex -1.8541 37.5 25.6663
      vertex -1.8541 35.65 25.6663
    endloop
  endfacet
  facet normal 0.382684 0 -0.923879
    outer loop
      vertex -1.8541 37.5 25.6663
      vertex -2.72394 35.65 25.306
      vertex -2.72394 37.5 25.306
    endloop
  endfacet
  facet normal 0.233455 0 -0.972368
    outer loop
      vertex -1.8541 35.65 25.6663
      vertex -0.938606 37.5 25.8861
      vertex -0.938606 35.65 25.8861
    endloop
  endfacet
  facet normal 0.233455 0 -0.972368
    outer loop
      vertex -0.938606 37.5 25.8861
      vertex -1.8541 35.65 25.6663
      vertex -1.8541 37.5 25.6663
    endloop
  endfacet
  facet normal 0.97237 0 -0.233443
    outer loop
      vertex -5.70634 35.65 21.8141
      vertex -5.92613 37.5 20.8986
      vertex -5.70634 37.5 21.8141
    endloop
  endfacet
  facet normal 0.97237 0 -0.233443
    outer loop
      vertex -5.92613 37.5 20.8986
      vertex -5.70634 35.65 21.8141
      vertex -5.92613 35.65 20.8986
    endloop
  endfacet
  facet normal 0.996917 -0 0.0784589
    outer loop
      vertex -6 35.65 5.96
      vertex -5.92613 37.5 5.02139
      vertex -6 37.5 5.96
    endloop
  endfacet
  facet normal 0.996917 0 0.0784589
    outer loop
      vertex -5.92613 37.5 5.02139
      vertex -6 35.65 5.96
      vertex -5.92613 35.65 5.02139
    endloop
  endfacet
  facet normal 0.97237 -0 0.233446
    outer loop
      vertex -5.92613 35.65 5.02139
      vertex -5.70634 37.5 4.1059
      vertex -5.92613 37.5 5.02139
    endloop
  endfacet
  facet normal 0.97237 0 0.233446
    outer loop
      vertex -5.70634 37.5 4.1059
      vertex -5.92613 35.65 5.02139
      vertex -5.70634 35.65 4.1059
    endloop
  endfacet
  facet normal 0.649447 0 0.760407
    outer loop
      vertex -4.24264 37.5 1.71736
      vertex -3.52671 35.61 1.1059
      vertex -3.52671 37.5 1.1059
    endloop
  endfacet
  facet normal 0.649447 0 0.760407
    outer loop
      vertex -3.52671 35.61 1.1059
      vertex -4.24264 37.5 1.71736
      vertex -4.24264 35.61 1.71736
    endloop
  endfacet
  facet normal -0.5225 0 0.852639
    outer loop
      vertex 2.72394 37.5 0.61396
      vertex 3.52671 35.61 1.1059
      vertex 3.52671 37.5 1.1059
    endloop
  endfacet
  facet normal -0.5225 0 0.852639
    outer loop
      vertex 3.52671 35.61 1.1059
      vertex 2.72394 37.5 0.61396
      vertex 2.72394 35.61 0.61396
    endloop
  endfacet
  facet normal -0.649447 0 0.760407
    outer loop
      vertex 3.52671 37.5 1.1059
      vertex 4.24264 35.61 1.71736
      vertex 4.24264 37.5 1.71736
    endloop
  endfacet
  facet normal -0.649447 0 0.760407
    outer loop
      vertex 4.24264 35.61 1.71736
      vertex 3.52671 37.5 1.1059
      vertex 3.52671 35.61 1.1059
    endloop
  endfacet
  facet normal -0.233445 0 0.97237
    outer loop
      vertex 0.938606 37.5 0.0338697
      vertex 1.8541 35.61 0.25366
      vertex 1.8541 37.5 0.25366
    endloop
  endfacet
  facet normal -0.233445 0 0.97237
    outer loop
      vertex 1.8541 35.61 0.25366
      vertex 0.938606 37.5 0.0338697
      vertex 0.938606 35.61 0.0338697
    endloop
  endfacet
  facet normal -0.233455 0 -0.972368
    outer loop
      vertex 0.938606 35.65 25.8861
      vertex 1.8541 37.5 25.6663
      vertex 1.8541 35.65 25.6663
    endloop
  endfacet
  facet normal -0.233455 0 -0.972368
    outer loop
      vertex 1.8541 37.5 25.6663
      vertex 0.938606 35.65 25.8861
      vertex 0.938606 37.5 25.8861
    endloop
  endfacet
  facet normal 0.0784909 0 -0.996915
    outer loop
      vertex -0.938606 35.65 25.8861
      vertex 0 37.5 25.96
      vertex 0 35.65 25.96
    endloop
  endfacet
  facet normal 0.0784909 0 -0.996915
    outer loop
      vertex 0 37.5 25.96
      vertex -0.938606 35.65 25.8861
      vertex -0.938606 37.5 25.8861
    endloop
  endfacet
  facet normal -1 0 0
    outer loop
      vertex 6 -37.5 5.96
      vertex 6 -35.65 19.96
      vertex 6 -35.65 5.96
    endloop
  endfacet
  facet normal -1 -0 0
    outer loop
      vertex 6 -35.65 19.96
      vertex 6 -37.5 5.96
      vertex 6 -37.5 19.96
    endloop
  endfacet
  facet normal 0.5225 0 0.852639
    outer loop
      vertex -3.52671 -35.61 1.1059
      vertex -2.72394 -37.5 0.61396
      vertex -2.72394 -35.61 0.61396
    endloop
  endfacet
  facet normal 0.5225 0 0.852639
    outer loop
      vertex -2.72394 -37.5 0.61396
      vertex -3.52671 -35.61 1.1059
      vertex -3.52671 -37.5 1.1059
    endloop
  endfacet
  facet normal -0.996917 0 0.0784589
    outer loop
      vertex 5.92613 -37.5 5.02139
      vertex 6 -35.65 5.96
      vertex 5.92613 -35.65 5.02139
    endloop
  endfacet
  facet normal -0.996917 0 0.0784589
    outer loop
      vertex 6 -35.65 5.96
      vertex 5.92613 -37.5 5.02139
      vertex 6 -37.5 5.96
    endloop
  endfacet
  facet normal 0.760394 0 -0.649463
    outer loop
      vertex -4.24264 -37.5 24.2026
      vertex -4.8541 -35.65 23.4867
      vertex -4.24264 -35.65 24.2026
    endloop
  endfacet
  facet normal 0.760394 0 -0.649463
    outer loop
      vertex -4.8541 -35.65 23.4867
      vertex -4.24264 -37.5 24.2026
      vertex -4.8541 -37.5 23.4867
    endloop
  endfacet
  facet normal -0.760393 0 0.649464
    outer loop
      vertex 4.24264 -35.61 1.71736
      vertex 4.35593 -35.65 1.85
      vertex 4.35593 -35.61 1.85
    endloop
  endfacet
  facet normal -0.760393 0 0.649464
    outer loop
      vertex 4.24264 -37.5 1.71736
      vertex 4.35593 -35.65 1.85
      vertex 4.24264 -35.61 1.71736
    endloop
  endfacet
  facet normal -0.760407 2.09859e-06 0.649447
    outer loop
      vertex 4.8541 -37.5 2.43329
      vertex 4.35593 -35.65 1.85
      vertex 4.24264 -37.5 1.71736
    endloop
  endfacet
  facet normal -0.76041 0 0.649443
    outer loop
      vertex 4.35593 -35.65 1.85
      vertex 4.8541 -37.5 2.43329
      vertex 4.8541 -35.65 2.43329
    endloop
  endfacet
  facet normal 0.382684 0 0.923879
    outer loop
      vertex -2.72394 -35.61 0.61396
      vertex -1.8541 -37.5 0.25366
      vertex -1.8541 -35.61 0.25366
    endloop
  endfacet
  facet normal 0.382684 0 0.923879
    outer loop
      vertex -1.8541 -37.5 0.25366
      vertex -2.72394 -35.61 0.61396
      vertex -2.72394 -37.5 0.61396
    endloop
  endfacet
  facet normal -0.382684 0 -0.923879
    outer loop
      vertex 1.8541 -37.5 25.6663
      vertex 2.72394 -35.65 25.306
      vertex 2.72394 -37.5 25.306
    endloop
  endfacet
  facet normal -0.382684 0 -0.923879
    outer loop
      vertex 2.72394 -35.65 25.306
      vertex 1.8541 -37.5 25.6663
      vertex 1.8541 -35.65 25.6663
    endloop
  endfacet
  facet normal -0.923879 0 0.382684
    outer loop
      vertex 5.34604 -37.5 3.23606
      vertex 5.70634 -35.65 4.1059
      vertex 5.34604 -35.65 3.23606
    endloop
  endfacet
  facet normal -0.923879 0 0.382684
    outer loop
      vertex 5.70634 -35.65 4.1059
      vertex 5.34604 -37.5 3.23606
      vertex 5.70634 -37.5 4.1059
    endloop
  endfacet
  facet normal 0.923873 0 -0.382699
    outer loop
      vertex -5.34604 -37.5 22.6839
      vertex -5.70634 -35.65 21.8141
      vertex -5.34604 -35.65 22.6839
    endloop
  endfacet
  facet normal 0.923873 0 -0.382699
    outer loop
      vertex -5.70634 -35.65 21.8141
      vertex -5.34604 -37.5 22.6839
      vertex -5.70634 -37.5 21.8141
    endloop
  endfacet
  facet normal 0.996917 0 -0.0784597
    outer loop
      vertex -5.92613 -37.5 20.8986
      vertex -6 -35.65 19.96
      vertex -5.92613 -35.65 20.8986
    endloop
  endfacet
  facet normal 0.996917 0 -0.0784597
    outer loop
      vertex -6 -35.65 19.96
      vertex -5.92613 -37.5 20.8986
      vertex -6 -37.5 19.96
    endloop
  endfacet
  facet normal 1 -0 0
    outer loop
      vertex -6 -37.5 19.96
      vertex -6 -35.65 5.96
      vertex -6 -35.65 19.96
    endloop
  endfacet
  facet normal 1 0 0
    outer loop
      vertex -6 -35.65 5.96
      vertex -6 -37.5 19.96
      vertex -6 -37.5 5.96
    endloop
  endfacet
  facet normal 0.852639 -0 0.5225
    outer loop
      vertex -5.34604 -37.5 3.23606
      vertex -4.8541 -35.65 2.43329
      vertex -5.34604 -35.65 3.23606
    endloop
  endfacet
  facet normal 0.852639 0 0.5225
    outer loop
      vertex -4.8541 -35.65 2.43329
      vertex -5.34604 -37.5 3.23606
      vertex -4.8541 -37.5 2.43329
    endloop
  endfacet
  facet normal 0.76041 0 0.649443
    outer loop
      vertex -4.8541 -35.65 2.43329
      vertex -4.8541 -37.5 2.43329
      vertex -4.35593 -35.65 1.85
    endloop
  endfacet
  facet normal 0.760393 -0 0.649464
    outer loop
      vertex -4.35593 -35.65 1.85
      vertex -4.24264 -35.61 1.71736
      vertex -4.35593 -35.61 1.85
    endloop
  endfacet
  facet normal 0.760407 2.09859e-06 0.649447
    outer loop
      vertex -4.24264 -37.5 1.71736
      vertex -4.35593 -35.65 1.85
      vertex -4.8541 -37.5 2.43329
    endloop
  endfacet
  facet normal 0.760393 0 0.649464
    outer loop
      vertex -4.35593 -35.65 1.85
      vertex -4.24264 -37.5 1.71736
      vertex -4.24264 -35.61 1.71736
    endloop
  endfacet
  facet normal 0.0784588 0 0.996917
    outer loop
      vertex -0.938606 -35.61 0.0338697
      vertex -0.508249 -37.5 0
      vertex -0.508249 -35.61 0
    endloop
  endfacet
  facet normal 0.0784588 0 0.996917
    outer loop
      vertex -0.508249 -37.5 0
      vertex -0.938606 -35.61 0.0338697
      vertex -0.938606 -37.5 0.0338697
    endloop
  endfacet
  facet normal -0.0784588 0 0.996917
    outer loop
      vertex 0.508249 -35.61 0
      vertex 0.938606 -37.5 0.0338697
      vertex 0.938606 -35.61 0.0338697
    endloop
  endfacet
  facet normal -0.0784588 0 0.996917
    outer loop
      vertex 0.938606 -37.5 0.0338697
      vertex 0.508249 -35.61 0
      vertex 0.508249 -37.5 0
    endloop
  endfacet
  facet normal -0.382684 0 0.923879
    outer loop
      vertex 1.8541 -35.61 0.25366
      vertex 2.72394 -37.5 0.61396
      vertex 2.72394 -35.61 0.61396
    endloop
  endfacet
  facet normal -0.382684 0 0.923879
    outer loop
      vertex 2.72394 -37.5 0.61396
      vertex 1.8541 -35.61 0.25366
      vertex 1.8541 -37.5 0.25366
    endloop
  endfacet
  facet normal -0.996917 0 -0.0784597
    outer loop
      vertex 6 -37.5 19.96
      vertex 5.92613 -35.65 20.8986
      vertex 6 -35.65 19.96
    endloop
  endfacet
  facet normal -0.996917 -0 -0.0784597
    outer loop
      vertex 5.92613 -35.65 20.8986
      vertex 6 -37.5 19.96
      vertex 5.92613 -37.5 20.8986
    endloop
  endfacet
  facet normal -0.97237 0 0.233446
    outer loop
      vertex 5.70634 -37.5 4.1059
      vertex 5.92613 -35.65 5.02139
      vertex 5.70634 -35.65 4.1059
    endloop
  endfacet
  facet normal -0.97237 0 0.233446
    outer loop
      vertex 5.92613 -35.65 5.02139
      vertex 5.70634 -37.5 4.1059
      vertex 5.92613 -37.5 5.02139
    endloop
  endfacet
  facet normal 0.649471 0 -0.760386
    outer loop
      vertex -4.24264 -37.5 24.2026
      vertex -3.52671 -35.65 24.8141
      vertex -3.52671 -37.5 24.8141
    endloop
  endfacet
  facet normal 0.649471 0 -0.760386
    outer loop
      vertex -3.52671 -35.65 24.8141
      vertex -4.24264 -37.5 24.2026
      vertex -4.24264 -35.65 24.2026
    endloop
  endfacet
  facet normal -0.0784909 0 -0.996915
    outer loop
      vertex 0 -37.5 25.96
      vertex 0.938606 -35.65 25.8861
      vertex 0.938606 -37.5 25.8861
    endloop
  endfacet
  facet normal -0.0784909 0 -0.996915
    outer loop
      vertex 0.938606 -35.65 25.8861
      vertex 0 -37.5 25.96
      vertex 0 -35.65 25.96
    endloop
  endfacet
  facet normal 0.852648 0 -0.522486
    outer loop
      vertex -4.8541 -37.5 23.4867
      vertex -5.34604 -35.65 22.6839
      vertex -4.8541 -35.65 23.4867
    endloop
  endfacet
  facet normal 0.852648 0 -0.522486
    outer loop
      vertex -5.34604 -35.65 22.6839
      vertex -4.8541 -37.5 23.4867
      vertex -5.34604 -37.5 22.6839
    endloop
  endfacet
  facet normal 0.923879 -0 0.382684
    outer loop
      vertex -5.70634 -37.5 4.1059
      vertex -5.34604 -35.65 3.23606
      vertex -5.70634 -35.65 4.1059
    endloop
  endfacet
  facet normal 0.923879 0 0.382684
    outer loop
      vertex -5.34604 -35.65 3.23606
      vertex -5.70634 -37.5 4.1059
      vertex -5.34604 -37.5 3.23606
    endloop
  endfacet
  facet normal 0 -1 0
    outer loop
      vertex -3.52671 -35.61 1.1059
      vertex -4.35593 -35.61 1.85
      vertex -4.24264 -35.61 1.71736
    endloop
  endfacet
  facet normal 0 -1 0
    outer loop
      vertex -0.508249 -35.61 0
      vertex -4.35593 -35.61 1.85
      vertex -3.52671 -35.61 1.1059
    endloop
  endfacet
  facet normal 0 -1 0
    outer loop
      vertex -4.35593 -35.61 1.85
      vertex -0.508249 -35.61 0
      vertex 4.35593 -35.61 1.85
    endloop
  endfacet
  facet normal 0 -1 0
    outer loop
      vertex 4.35593 -35.61 1.85
      vertex 3.52671 -35.61 1.1059
      vertex 4.24264 -35.61 1.71736
    endloop
  endfacet
  facet normal 0 -1 0
    outer loop
      vertex -0.508249 -35.61 0
      vertex -3.52671 -35.61 1.1059
      vertex -2.72394 -35.61 0.61396
    endloop
  endfacet
  facet normal 0 -1 0
    outer loop
      vertex 0.508249 -35.61 0
      vertex 4.35593 -35.61 1.85
      vertex -0.508249 -35.61 0
    endloop
  endfacet
  facet normal 0 -1 0
    outer loop
      vertex -0.508249 -35.61 0
      vertex -2.72394 -35.61 0.61396
      vertex -1.8541 -35.61 0.25366
    endloop
  endfacet
  facet normal 0 -1 0
    outer loop
      vertex 4.35593 -35.61 1.85
      vertex 0.508249 -35.61 0
      vertex 3.52671 -35.61 1.1059
    endloop
  endfacet
  facet normal 0 -1 0
    outer loop
      vertex -0.508249 -35.61 0
      vertex -1.8541 -35.61 0.25366
      vertex -0.938606 -35.61 0.0338697
    endloop
  endfacet
  facet normal 0 -1 0
    outer loop
      vertex 3.52671 -35.61 1.1059
      vertex 0.508249 -35.61 0
      vertex 2.72394 -35.61 0.61396
    endloop
  endfacet
  facet normal 0 -1 0
    outer loop
      vertex 2.72394 -35.61 0.61396
      vertex 0.508249 -35.61 0
      vertex 1.8541 -35.61 0.25366
    endloop
  endfacet
  facet normal 0 -1 0
    outer loop
      vertex 1.8541 -35.61 0.25366
      vertex 0.508249 -35.61 0
      vertex 0.938606 -35.61 0.0338697
    endloop
  endfacet
  facet normal 0.233445 0 0.97237
    outer loop
      vertex -1.8541 -35.61 0.25366
      vertex -0.938606 -37.5 0.0338697
      vertex -0.938606 -35.61 0.0338697
    endloop
  endfacet
  facet normal 0.233445 0 0.97237
    outer loop
      vertex -0.938606 -37.5 0.0338697
      vertex -1.8541 -35.61 0.25366
      vertex -1.8541 -37.5 0.25366
    endloop
  endfacet
  facet normal -0.923873 0 -0.382699
    outer loop
      vertex 5.70634 -37.5 21.8141
      vertex 5.34604 -35.65 22.6839
      vertex 5.70634 -35.65 21.8141
    endloop
  endfacet
  facet normal -0.923873 -0 -0.382699
    outer loop
      vertex 5.34604 -35.65 22.6839
      vertex 5.70634 -37.5 21.8141
      vertex 5.34604 -37.5 22.6839
    endloop
  endfacet
  facet normal -0.852648 0 -0.522486
    outer loop
      vertex 5.34604 -37.5 22.6839
      vertex 4.8541 -35.65 23.4867
      vertex 5.34604 -35.65 22.6839
    endloop
  endfacet
  facet normal -0.852648 -0 -0.522486
    outer loop
      vertex 4.8541 -35.65 23.4867
      vertex 5.34604 -37.5 22.6839
      vertex 4.8541 -37.5 23.4867
    endloop
  endfacet
  facet normal -0.97237 0 -0.233443
    outer loop
      vertex 5.92613 -37.5 20.8986
      vertex 5.70634 -35.65 21.8141
      vertex 5.92613 -35.65 20.8986
    endloop
  endfacet
  facet normal -0.97237 -0 -0.233443
    outer loop
      vertex 5.70634 -35.65 21.8141
      vertex 5.92613 -37.5 20.8986
      vertex 5.70634 -37.5 21.8141
    endloop
  endfacet
  facet normal -0.649471 0 -0.760386
    outer loop
      vertex 3.52671 -37.5 24.8141
      vertex 4.24264 -35.65 24.2026
      vertex 4.24264 -37.5 24.2026
    endloop
  endfacet
  facet normal -0.649471 0 -0.760386
    outer loop
      vertex 4.24264 -35.65 24.2026
      vertex 3.52671 -37.5 24.8141
      vertex 3.52671 -35.65 24.8141
    endloop
  endfacet
  facet normal -0.760394 0 -0.649463
    outer loop
      vertex 4.8541 -37.5 23.4867
      vertex 4.24264 -35.65 24.2026
      vertex 4.8541 -35.65 23.4867
    endloop
  endfacet
  facet normal -0.760394 -0 -0.649463
    outer loop
      vertex 4.24264 -35.65 24.2026
      vertex 4.8541 -37.5 23.4867
      vertex 4.24264 -37.5 24.2026
    endloop
  endfacet
  facet normal -0.522469 0 -0.852658
    outer loop
      vertex 2.72394 -37.5 25.306
      vertex 3.52671 -35.65 24.8141
      vertex 3.52671 -37.5 24.8141
    endloop
  endfacet
  facet normal -0.522469 0 -0.852658
    outer loop
      vertex 3.52671 -35.65 24.8141
      vertex 2.72394 -37.5 25.306
      vertex 2.72394 -35.65 25.306
    endloop
  endfacet
  facet normal -0.852639 0 0.5225
    outer loop
      vertex 4.8541 -37.5 2.43329
      vertex 5.34604 -35.65 3.23606
      vertex 4.8541 -35.65 2.43329
    endloop
  endfacet
  facet normal -0.852639 0 0.5225
    outer loop
      vertex 5.34604 -35.65 3.23606
      vertex 4.8541 -37.5 2.43329
      vertex 5.34604 -37.5 3.23606
    endloop
  endfacet
  facet normal 0.522469 0 -0.852658
    outer loop
      vertex -3.52671 -37.5 24.8141
      vertex -2.72394 -35.65 25.306
      vertex -2.72394 -37.5 25.306
    endloop
  endfacet
  facet normal 0.522469 0 -0.852658
    outer loop
      vertex -2.72394 -35.65 25.306
      vertex -3.52671 -37.5 24.8141
      vertex -3.52671 -35.65 24.8141
    endloop
  endfacet
  facet normal 0.382684 0 -0.923879
    outer loop
      vertex -2.72394 -37.5 25.306
      vertex -1.8541 -35.65 25.6663
      vertex -1.8541 -37.5 25.6663
    endloop
  endfacet
  facet normal 0.382684 0 -0.923879
    outer loop
      vertex -1.8541 -35.65 25.6663
      vertex -2.72394 -37.5 25.306
      vertex -2.72394 -35.65 25.306
    endloop
  endfacet
  facet normal 0.97237 0 -0.233443
    outer loop
      vertex -5.70634 -37.5 21.8141
      vertex -5.92613 -35.65 20.8986
      vertex -5.70634 -35.65 21.8141
    endloop
  endfacet
  facet normal 0.97237 0 -0.233443
    outer loop
      vertex -5.92613 -35.65 20.8986
      vertex -5.70634 -37.5 21.8141
      vertex -5.92613 -37.5 20.8986
    endloop
  endfacet
  facet normal 0.996917 -0 0.0784589
    outer loop
      vertex -6 -37.5 5.96
      vertex -5.92613 -35.65 5.02139
      vertex -6 -35.65 5.96
    endloop
  endfacet
  facet normal 0.996917 0 0.0784589
    outer loop
      vertex -5.92613 -35.65 5.02139
      vertex -6 -37.5 5.96
      vertex -5.92613 -37.5 5.02139
    endloop
  endfacet
  facet normal 0.97237 -0 0.233446
    outer loop
      vertex -5.92613 -37.5 5.02139
      vertex -5.70634 -35.65 4.1059
      vertex -5.92613 -35.65 5.02139
    endloop
  endfacet
  facet normal 0.97237 0 0.233446
    outer loop
      vertex -5.70634 -35.65 4.1059
      vertex -5.92613 -37.5 5.02139
      vertex -5.70634 -37.5 4.1059
    endloop
  endfacet
  facet normal 0.649447 0 0.760407
    outer loop
      vertex -4.24264 -35.61 1.71736
      vertex -3.52671 -37.5 1.1059
      vertex -3.52671 -35.61 1.1059
    endloop
  endfacet
  facet normal 0.649447 0 0.760407
    outer loop
      vertex -3.52671 -37.5 1.1059
      vertex -4.24264 -35.61 1.71736
      vertex -4.24264 -37.5 1.71736
    endloop
  endfacet
  facet normal -0.649447 0 0.760407
    outer loop
      vertex 3.52671 -35.61 1.1059
      vertex 4.24264 -37.5 1.71736
      vertex 4.24264 -35.61 1.71736
    endloop
  endfacet
  facet normal -0.649447 0 0.760407
    outer loop
      vertex 4.24264 -37.5 1.71736
      vertex 3.52671 -35.61 1.1059
      vertex 3.52671 -37.5 1.1059
    endloop
  endfacet
  facet normal -0.233445 0 0.97237
    outer loop
      vertex 0.938606 -35.61 0.0338697
      vertex 1.8541 -37.5 0.25366
      vertex 1.8541 -35.61 0.25366
    endloop
  endfacet
  facet normal -0.233445 0 0.97237
    outer loop
      vertex 1.8541 -37.5 0.25366
      vertex 0.938606 -35.61 0.0338697
      vertex 0.938606 -37.5 0.0338697
    endloop
  endfacet
  facet normal -0.233455 0 -0.972368
    outer loop
      vertex 0.938606 -37.5 25.8861
      vertex 1.8541 -35.65 25.6663
      vertex 1.8541 -37.5 25.6663
    endloop
  endfacet
  facet normal -0.233455 0 -0.972368
    outer loop
      vertex 1.8541 -35.65 25.6663
      vertex 0.938606 -37.5 25.8861
      vertex 0.938606 -35.65 25.8861
    endloop
  endfacet
  facet normal -0.5225 0 0.852639
    outer loop
      vertex 2.72394 -35.61 0.61396
      vertex 3.52671 -37.5 1.1059
      vertex 3.52671 -35.61 1.1059
    endloop
  endfacet
  facet normal -0.5225 0 0.852639
    outer loop
      vertex 3.52671 -37.5 1.1059
      vertex 2.72394 -35.61 0.61396
      vertex 2.72394 -37.5 0.61396
    endloop
  endfacet
  facet normal 0.0784909 0 -0.996915
    outer loop
      vertex -0.938606 -37.5 25.8861
      vertex 0 -35.65 25.96
      vertex 0 -37.5 25.96
    endloop
  endfacet
  facet normal 0.0784909 0 -0.996915
    outer loop
      vertex 0 -35.65 25.96
      vertex -0.938606 -37.5 25.8861
      vertex -0.938606 -35.65 25.8861
    endloop
  endfacet
  facet normal 0.233455 0 -0.972368
    outer loop
      vertex -1.8541 -37.5 25.6663
      vertex -0.938606 -35.65 25.8861
      vertex -0.938606 -37.5 25.8861
    endloop
  endfacet
  facet normal 0.233455 0 -0.972368
    outer loop
      vertex -0.938606 -35.65 25.8861
      vertex -1.8541 -37.5 25.6663
      vertex -1.8541 -35.65 25.6663
    endloop
  endfacet
  facet normal 0 0.923879 0.382684
    outer loop
      vertex 60 -5.34604 3.23606
      vertex 58.15 -5.70634 4.1059
      vertex 60 -5.70634 4.1059
    endloop
  endfacet
  facet normal 0 0.923879 0.382684
    outer loop
      vertex 58.15 -5.70634 4.1059
      vertex 60 -5.34604 3.23606
      vertex 58.15 -5.34604 3.23606
    endloop
  endfacet
  facet normal 0 0.996917 -0.0784597
    outer loop
      vertex 60 -6 19.96
      vertex 58.15 -5.92613 20.8986
      vertex 60 -5.92613 20.8986
    endloop
  endfacet
  facet normal 0 0.996917 -0.0784597
    outer loop
      vertex 58.15 -5.92613 20.8986
      vertex 60 -6 19.96
      vertex 58.15 -6 19.96
    endloop
  endfacet
  facet normal 1 0 0
    outer loop
      vertex 58.11 4.35593 1.85
      vertex 58.11 3.52671 1.1059
      vertex 58.11 4.24264 1.71736
    endloop
  endfacet
  facet normal 1 0 0
    outer loop
      vertex 58.11 4.35593 1.85
      vertex 58.11 2.72394 0.61396
      vertex 58.11 3.52671 1.1059
    endloop
  endfacet
  facet normal 1 0 0
    outer loop
      vertex 58.11 4.35593 1.85
      vertex 58.11 1.8541 0.25366
      vertex 58.11 2.72394 0.61396
    endloop
  endfacet
  facet normal 1 0 0
    outer loop
      vertex 58.11 0.508249 0
      vertex 58.11 1.8541 0.25366
      vertex 58.11 4.35593 1.85
    endloop
  endfacet
  facet normal 1 0 0
    outer loop
      vertex 58.11 1.8541 0.25366
      vertex 58.11 0.508249 0
      vertex 58.11 0.938606 0.0338697
    endloop
  endfacet
  facet normal 1 0 0
    outer loop
      vertex 58.11 4.35593 1.85
      vertex 58.11 -0.508249 0
      vertex 58.11 0.508249 0
    endloop
  endfacet
  facet normal 1 -0 0
    outer loop
      vertex 58.11 -4.35593 1.85
      vertex 58.11 -0.508249 0
      vertex 58.11 4.35593 1.85
    endloop
  endfacet
  facet normal 1 0 0
    outer loop
      vertex 58.11 -0.508249 0
      vertex 58.11 -1.8541 0.25366
      vertex 58.11 -0.938606 0.0338697
    endloop
  endfacet
  facet normal 1 0 0
    outer loop
      vertex 58.11 -0.508249 0
      vertex 58.11 -2.72394 0.61396
      vertex 58.11 -1.8541 0.25366
    endloop
  endfacet
  facet normal 1 0 0
    outer loop
      vertex 58.11 -0.508249 0
      vertex 58.11 -3.52671 1.1059
      vertex 58.11 -2.72394 0.61396
    endloop
  endfacet
  facet normal 1 0 0
    outer loop
      vertex 58.11 -0.508249 0
      vertex 58.11 -4.35593 1.85
      vertex 58.11 -3.52671 1.1059
    endloop
  endfacet
  facet normal 1 0 0
    outer loop
      vertex 58.11 -3.52671 1.1059
      vertex 58.11 -4.35593 1.85
      vertex 58.11 -4.24264 1.71736
    endloop
  endfacet
  facet normal 0 1 -0
    outer loop
      vertex 60 -6 5.96
      vertex 58.15 -6 19.96
      vertex 60 -6 19.96
    endloop
  endfacet
  facet normal 0 1 0
    outer loop
      vertex 58.15 -6 19.96
      vertex 60 -6 5.96
      vertex 58.15 -6 5.96
    endloop
  endfacet
  facet normal 0 0.649471 -0.760386
    outer loop
      vertex 58.15 -4.24264 24.2026
      vertex 60 -3.52671 24.8141
      vertex 60 -4.24264 24.2026
    endloop
  endfacet
  facet normal 0 0.649471 -0.760386
    outer loop
      vertex 60 -3.52671 24.8141
      vertex 58.15 -4.24264 24.2026
      vertex 58.15 -3.52671 24.8141
    endloop
  endfacet
  facet normal -0 0.0784588 0.996917
    outer loop
      vertex 58.11 -0.508249 0
      vertex 60 -0.938606 0.0338697
      vertex 60 -0.508249 0
    endloop
  endfacet
  facet normal 0 0.0784588 0.996917
    outer loop
      vertex 60 -0.938606 0.0338697
      vertex 58.11 -0.508249 0
      vertex 58.11 -0.938606 0.0338697
    endloop
  endfacet
  facet normal -0 0.5225 0.852639
    outer loop
      vertex 58.11 -2.72394 0.61396
      vertex 60 -3.52671 1.1059
      vertex 60 -2.72394 0.61396
    endloop
  endfacet
  facet normal 0 0.5225 0.852639
    outer loop
      vertex 60 -3.52671 1.1059
      vertex 58.11 -2.72394 0.61396
      vertex 58.11 -3.52671 1.1059
    endloop
  endfacet
  facet normal 0 -0.97237 0.233446
    outer loop
      vertex 58.15 5.70634 4.1059
      vertex 60 5.92613 5.02139
      vertex 58.15 5.92613 5.02139
    endloop
  endfacet
  facet normal 0 -0.97237 0.233446
    outer loop
      vertex 60 5.92613 5.02139
      vertex 58.15 5.70634 4.1059
      vertex 60 5.70634 4.1059
    endloop
  endfacet
  facet normal 0 -0.649447 0.760407
    outer loop
      vertex 58.11 4.24264 1.71736
      vertex 60 3.52671 1.1059
      vertex 60 4.24264 1.71736
    endloop
  endfacet
  facet normal 0 -0.649447 0.760407
    outer loop
      vertex 60 3.52671 1.1059
      vertex 58.11 4.24264 1.71736
      vertex 58.11 3.52671 1.1059
    endloop
  endfacet
  facet normal 0 0.996917 0.0784589
    outer loop
      vertex 60 -5.92613 5.02139
      vertex 58.15 -6 5.96
      vertex 60 -6 5.96
    endloop
  endfacet
  facet normal 0 0.996917 0.0784589
    outer loop
      vertex 58.15 -6 5.96
      vertex 60 -5.92613 5.02139
      vertex 58.15 -5.92613 5.02139
    endloop
  endfacet
  facet normal 0 -0.923873 -0.382699
    outer loop
      vertex 58.15 5.70634 21.8141
      vertex 60 5.34604 22.6839
      vertex 58.15 5.34604 22.6839
    endloop
  endfacet
  facet normal 0 -0.923873 -0.382699
    outer loop
      vertex 60 5.34604 22.6839
      vertex 58.15 5.70634 21.8141
      vertex 60 5.70634 21.8141
    endloop
  endfacet
  facet normal 0 -0.97237 -0.233443
    outer loop
      vertex 58.15 5.92613 20.8986
      vertex 60 5.70634 21.8141
      vertex 58.15 5.70634 21.8141
    endloop
  endfacet
  facet normal 0 -0.97237 -0.233443
    outer loop
      vertex 60 5.70634 21.8141
      vertex 58.15 5.92613 20.8986
      vertex 60 5.92613 20.8986
    endloop
  endfacet
  facet normal 0 -0.996917 0.0784589
    outer loop
      vertex 58.15 5.92613 5.02139
      vertex 60 6 5.96
      vertex 58.15 6 5.96
    endloop
  endfacet
  facet normal 0 -0.996917 0.0784589
    outer loop
      vertex 60 6 5.96
      vertex 58.15 5.92613 5.02139
      vertex 60 5.92613 5.02139
    endloop
  endfacet
  facet normal 0 -0.382684 -0.923879
    outer loop
      vertex 58.15 1.8541 25.6663
      vertex 60 2.72394 25.306
      vertex 60 1.8541 25.6663
    endloop
  endfacet
  facet normal -0 -0.382684 -0.923879
    outer loop
      vertex 60 2.72394 25.306
      vertex 58.15 1.8541 25.6663
      vertex 58.15 2.72394 25.306
    endloop
  endfacet
  facet normal -0 0.382684 0.923879
    outer loop
      vertex 58.11 -1.8541 0.25366
      vertex 60 -2.72394 0.61396
      vertex 60 -1.8541 0.25366
    endloop
  endfacet
  facet normal 0 0.382684 0.923879
    outer loop
      vertex 60 -2.72394 0.61396
      vertex 58.11 -1.8541 0.25366
      vertex 58.11 -2.72394 0.61396
    endloop
  endfacet
  facet normal -0 0.649447 0.760407
    outer loop
      vertex 58.11 -3.52671 1.1059
      vertex 60 -4.24264 1.71736
      vertex 60 -3.52671 1.1059
    endloop
  endfacet
  facet normal 0 0.649447 0.760407
    outer loop
      vertex 60 -4.24264 1.71736
      vertex 58.11 -3.52671 1.1059
      vertex 58.11 -4.24264 1.71736
    endloop
  endfacet
  facet normal 0 0.852639 0.5225
    outer loop
      vertex 60 -4.8541 2.43329
      vertex 58.15 -5.34604 3.23606
      vertex 60 -5.34604 3.23606
    endloop
  endfacet
  facet normal 0 0.852639 0.5225
    outer loop
      vertex 58.15 -5.34604 3.23606
      vertex 60 -4.8541 2.43329
      vertex 58.15 -4.8541 2.43329
    endloop
  endfacet
  facet normal 0 -0.852639 0.5225
    outer loop
      vertex 58.15 4.8541 2.43329
      vertex 60 5.34604 3.23606
      vertex 58.15 5.34604 3.23606
    endloop
  endfacet
  facet normal 0 -0.852639 0.5225
    outer loop
      vertex 60 5.34604 3.23606
      vertex 58.15 4.8541 2.43329
      vertex 60 4.8541 2.43329
    endloop
  endfacet
  facet normal 0 -0.760393 0.649464
    outer loop
      vertex 58.11 4.35593 1.85
      vertex 58.11 4.24264 1.71736
      vertex 58.15 4.35593 1.85
    endloop
  endfacet
  facet normal 0 -0.76041 0.649443
    outer loop
      vertex 58.15 4.35593 1.85
      vertex 60 4.8541 2.43329
      vertex 58.15 4.8541 2.43329
    endloop
  endfacet
  facet normal 0 -0.760393 0.649464
    outer loop
      vertex 60 4.24264 1.71736
      vertex 58.15 4.35593 1.85
      vertex 58.11 4.24264 1.71736
    endloop
  endfacet
  facet normal -2.09859e-06 -0.760407 0.649447
    outer loop
      vertex 58.15 4.35593 1.85
      vertex 60 4.24264 1.71736
      vertex 60 4.8541 2.43329
    endloop
  endfacet
  facet normal 0 -0.923879 0.382684
    outer loop
      vertex 58.15 5.34604 3.23606
      vertex 60 5.70634 4.1059
      vertex 58.15 5.70634 4.1059
    endloop
  endfacet
  facet normal 0 -0.923879 0.382684
    outer loop
      vertex 60 5.70634 4.1059
      vertex 58.15 5.34604 3.23606
      vertex 60 5.34604 3.23606
    endloop
  endfacet
  facet normal 0 -0.233445 0.97237
    outer loop
      vertex 58.11 1.8541 0.25366
      vertex 60 0.938606 0.0338697
      vertex 60 1.8541 0.25366
    endloop
  endfacet
  facet normal 0 -0.233445 0.97237
    outer loop
      vertex 60 0.938606 0.0338697
      vertex 58.11 1.8541 0.25366
      vertex 58.11 0.938606 0.0338697
    endloop
  endfacet
  facet normal 0 -0.5225 0.852639
    outer loop
      vertex 58.11 3.52671 1.1059
      vertex 60 2.72394 0.61396
      vertex 60 3.52671 1.1059
    endloop
  endfacet
  facet normal 0 -0.5225 0.852639
    outer loop
      vertex 60 2.72394 0.61396
      vertex 58.11 3.52671 1.1059
      vertex 58.11 2.72394 0.61396
    endloop
  endfacet
  facet normal 0 0.97237 0.233446
    outer loop
      vertex 60 -5.70634 4.1059
      vertex 58.15 -5.92613 5.02139
      vertex 60 -5.92613 5.02139
    endloop
  endfacet
  facet normal 0 0.97237 0.233446
    outer loop
      vertex 58.15 -5.92613 5.02139
      vertex 60 -5.70634 4.1059
      vertex 58.15 -5.70634 4.1059
    endloop
  endfacet
  facet normal 0 0.97237 -0.233443
    outer loop
      vertex 60 -5.92613 20.8986
      vertex 58.15 -5.70634 21.8141
      vertex 60 -5.70634 21.8141
    endloop
  endfacet
  facet normal 0 0.97237 -0.233443
    outer loop
      vertex 58.15 -5.70634 21.8141
      vertex 60 -5.92613 20.8986
      vertex 58.15 -5.92613 20.8986
    endloop
  endfacet
  facet normal 0 -0.996917 -0.0784597
    outer loop
      vertex 58.15 6 19.96
      vertex 60 5.92613 20.8986
      vertex 58.15 5.92613 20.8986
    endloop
  endfacet
  facet normal 0 -0.996917 -0.0784597
    outer loop
      vertex 60 5.92613 20.8986
      vertex 58.15 6 19.96
      vertex 60 6 19.96
    endloop
  endfacet
  facet normal 0 -1 0
    outer loop
      vertex 58.15 6 5.96
      vertex 60 6 19.96
      vertex 58.15 6 19.96
    endloop
  endfacet
  facet normal 0 -1 -0
    outer loop
      vertex 60 6 19.96
      vertex 58.15 6 5.96
      vertex 60 6 5.96
    endloop
  endfacet
  facet normal 0 -0.852648 -0.522486
    outer loop
      vertex 58.15 5.34604 22.6839
      vertex 60 4.8541 23.4867
      vertex 58.15 4.8541 23.4867
    endloop
  endfacet
  facet normal 0 -0.852648 -0.522486
    outer loop
      vertex 60 4.8541 23.4867
      vertex 58.15 5.34604 22.6839
      vertex 60 5.34604 22.6839
    endloop
  endfacet
  facet normal 0 -0.760394 -0.649463
    outer loop
      vertex 58.15 4.8541 23.4867
      vertex 60 4.24264 24.2026
      vertex 58.15 4.24264 24.2026
    endloop
  endfacet
  facet normal 0 -0.760394 -0.649463
    outer loop
      vertex 60 4.24264 24.2026
      vertex 58.15 4.8541 23.4867
      vertex 60 4.8541 23.4867
    endloop
  endfacet
  facet normal 0 0.0784909 -0.996915
    outer loop
      vertex 58.15 -0.938606 25.8861
      vertex 60 0 25.96
      vertex 60 -0.938606 25.8861
    endloop
  endfacet
  facet normal 0 0.0784909 -0.996915
    outer loop
      vertex 60 0 25.96
      vertex 58.15 -0.938606 25.8861
      vertex 58.15 0 25.96
    endloop
  endfacet
  facet normal 0 0.923873 -0.382699
    outer loop
      vertex 60 -5.70634 21.8141
      vertex 58.15 -5.34604 22.6839
      vertex 60 -5.34604 22.6839
    endloop
  endfacet
  facet normal 0 0.923873 -0.382699
    outer loop
      vertex 58.15 -5.34604 22.6839
      vertex 60 -5.70634 21.8141
      vertex 58.15 -5.70634 21.8141
    endloop
  endfacet
  facet normal 0 -0.0784588 0.996917
    outer loop
      vertex 58.11 0.938606 0.0338697
      vertex 60 0.508249 0
      vertex 60 0.938606 0.0338697
    endloop
  endfacet
  facet normal 0 -0.0784588 0.996917
    outer loop
      vertex 60 0.508249 0
      vertex 58.11 0.938606 0.0338697
      vertex 58.11 0.508249 0
    endloop
  endfacet
  facet normal -0 0.233445 0.97237
    outer loop
      vertex 58.11 -0.938606 0.0338697
      vertex 60 -1.8541 0.25366
      vertex 60 -0.938606 0.0338697
    endloop
  endfacet
  facet normal 0 0.233445 0.97237
    outer loop
      vertex 60 -1.8541 0.25366
      vertex 58.11 -0.938606 0.0338697
      vertex 58.11 -1.8541 0.25366
    endloop
  endfacet
  facet normal 0 -0.382684 0.923879
    outer loop
      vertex 58.11 2.72394 0.61396
      vertex 60 1.8541 0.25366
      vertex 60 2.72394 0.61396
    endloop
  endfacet
  facet normal 0 -0.382684 0.923879
    outer loop
      vertex 60 1.8541 0.25366
      vertex 58.11 2.72394 0.61396
      vertex 58.11 1.8541 0.25366
    endloop
  endfacet
  facet normal 0 -0.522469 -0.852658
    outer loop
      vertex 58.15 2.72394 25.306
      vertex 60 3.52671 24.8141
      vertex 60 2.72394 25.306
    endloop
  endfacet
  facet normal -0 -0.522469 -0.852658
    outer loop
      vertex 60 3.52671 24.8141
      vertex 58.15 2.72394 25.306
      vertex 58.15 3.52671 24.8141
    endloop
  endfacet
  facet normal 0 -0.649471 -0.760386
    outer loop
      vertex 58.15 3.52671 24.8141
      vertex 60 4.24264 24.2026
      vertex 60 3.52671 24.8141
    endloop
  endfacet
  facet normal -0 -0.649471 -0.760386
    outer loop
      vertex 60 4.24264 24.2026
      vertex 58.15 3.52671 24.8141
      vertex 58.15 4.24264 24.2026
    endloop
  endfacet
  facet normal 0 0.522469 -0.852658
    outer loop
      vertex 58.15 -3.52671 24.8141
      vertex 60 -2.72394 25.306
      vertex 60 -3.52671 24.8141
    endloop
  endfacet
  facet normal 0 0.522469 -0.852658
    outer loop
      vertex 60 -2.72394 25.306
      vertex 58.15 -3.52671 24.8141
      vertex 58.15 -2.72394 25.306
    endloop
  endfacet
  facet normal 0 0.382684 -0.923879
    outer loop
      vertex 58.15 -2.72394 25.306
      vertex 60 -1.8541 25.6663
      vertex 60 -2.72394 25.306
    endloop
  endfacet
  facet normal 0 0.382684 -0.923879
    outer loop
      vertex 60 -1.8541 25.6663
      vertex 58.15 -2.72394 25.306
      vertex 58.15 -1.8541 25.6663
    endloop
  endfacet
  facet normal 0 0.852648 -0.522486
    outer loop
      vertex 60 -5.34604 22.6839
      vertex 58.15 -4.8541 23.4867
      vertex 60 -4.8541 23.4867
    endloop
  endfacet
  facet normal 0 0.852648 -0.522486
    outer loop
      vertex 58.15 -4.8541 23.4867
      vertex 60 -5.34604 22.6839
      vertex 58.15 -5.34604 22.6839
    endloop
  endfacet
  facet normal 0 0.760394 -0.649463
    outer loop
      vertex 60 -4.8541 23.4867
      vertex 58.15 -4.24264 24.2026
      vertex 60 -4.24264 24.2026
    endloop
  endfacet
  facet normal 0 0.760394 -0.649463
    outer loop
      vertex 58.15 -4.24264 24.2026
      vertex 60 -4.8541 23.4867
      vertex 58.15 -4.8541 23.4867
    endloop
  endfacet
  facet normal 0 0.76041 0.649443
    outer loop
      vertex 60 -4.8541 2.43329
      vertex 58.15 -4.35593 1.85
      vertex 58.15 -4.8541 2.43329
    endloop
  endfacet
  facet normal -2.09859e-06 0.760407 0.649447
    outer loop
      vertex 60 -4.24264 1.71736
      vertex 58.15 -4.35593 1.85
      vertex 60 -4.8541 2.43329
    endloop
  endfacet
  facet normal -0 0.760393 0.649464
    outer loop
      vertex 58.11 -4.24264 1.71736
      vertex 58.15 -4.35593 1.85
      vertex 60 -4.24264 1.71736
    endloop
  endfacet
  facet normal 0 0.760393 0.649464
    outer loop
      vertex 58.15 -4.35593 1.85
      vertex 58.11 -4.24264 1.71736
      vertex 58.11 -4.35593 1.85
    endloop
  endfacet
  facet normal 0 -0.0784909 -0.996915
    outer loop
      vertex 58.15 0 25.96
      vertex 60 0.938606 25.8861
      vertex 60 0 25.96
    endloop
  endfacet
  facet normal -0 -0.0784909 -0.996915
    outer loop
      vertex 60 0.938606 25.8861
      vertex 58.15 0 25.96
      vertex 58.15 0.938606 25.8861
    endloop
  endfacet
  facet normal 0 -0.233455 -0.972368
    outer loop
      vertex 58.15 0.938606 25.8861
      vertex 60 1.8541 25.6663
      vertex 60 0.938606 25.8861
    endloop
  endfacet
  facet normal -0 -0.233455 -0.972368
    outer loop
      vertex 60 1.8541 25.6663
      vertex 58.15 0.938606 25.8861
      vertex 58.15 1.8541 25.6663
    endloop
  endfacet
  facet normal 0 0.233455 -0.972368
    outer loop
      vertex 58.15 -1.8541 25.6663
      vertex 60 -0.938606 25.8861
      vertex 60 -1.8541 25.6663
    endloop
  endfacet
  facet normal 0 0.233455 -0.972368
    outer loop
      vertex 60 -0.938606 25.8861
      vertex 58.15 -1.8541 25.6663
      vertex 58.15 -0.938606 25.8861
    endloop
  endfacet
  facet normal 0 0.923879 0.382684
    outer loop
      vertex -58.15 -5.34604 3.23606
      vertex -60 -5.70634 4.1059
      vertex -58.15 -5.70634 4.1059
    endloop
  endfacet
  facet normal 0 0.923879 0.382684
    outer loop
      vertex -60 -5.70634 4.1059
      vertex -58.15 -5.34604 3.23606
      vertex -60 -5.34604 3.23606
    endloop
  endfacet
  facet normal 0 0.996917 -0.0784597
    outer loop
      vertex -58.15 -6 19.96
      vertex -60 -5.92613 20.8986
      vertex -58.15 -5.92613 20.8986
    endloop
  endfacet
  facet normal 0 0.996917 -0.0784597
    outer loop
      vertex -60 -5.92613 20.8986
      vertex -58.15 -6 19.96
      vertex -60 -6 19.96
    endloop
  endfacet
  facet normal -1 0 0
    outer loop
      vertex -58.11 3.52671 1.1059
      vertex -58.11 4.35593 1.85
      vertex -58.11 4.24264 1.71736
    endloop
  endfacet
  facet normal -1 0 0
    outer loop
      vertex -58.11 2.72394 0.61396
      vertex -58.11 4.35593 1.85
      vertex -58.11 3.52671 1.1059
    endloop
  endfacet
  facet normal -1 0 0
    outer loop
      vertex -58.11 1.8541 0.25366
      vertex -58.11 4.35593 1.85
      vertex -58.11 2.72394 0.61396
    endloop
  endfacet
  facet normal -1 0 0
    outer loop
      vertex -58.11 0.508249 0
      vertex -58.11 1.8541 0.25366
      vertex -58.11 0.938606 0.0338697
    endloop
  endfacet
  facet normal -1 -0 0
    outer loop
      vertex -58.11 1.8541 0.25366
      vertex -58.11 0.508249 0
      vertex -58.11 4.35593 1.85
    endloop
  endfacet
  facet normal -1 0 0
    outer loop
      vertex -58.11 -0.508249 0
      vertex -58.11 4.35593 1.85
      vertex -58.11 0.508249 0
    endloop
  endfacet
  facet normal -1 0 0
    outer loop
      vertex -58.11 -1.8541 0.25366
      vertex -58.11 -0.508249 0
      vertex -58.11 -0.938606 0.0338697
    endloop
  endfacet
  facet normal -1 0 0
    outer loop
      vertex -58.11 -2.72394 0.61396
      vertex -58.11 -0.508249 0
      vertex -58.11 -1.8541 0.25366
    endloop
  endfacet
  facet normal -1 0 0
    outer loop
      vertex -58.11 -3.52671 1.1059
      vertex -58.11 -0.508249 0
      vertex -58.11 -2.72394 0.61396
    endloop
  endfacet
  facet normal -1 0 0
    outer loop
      vertex -58.11 -4.35593 1.85
      vertex -58.11 -0.508249 0
      vertex -58.11 -3.52671 1.1059
    endloop
  endfacet
  facet normal -1 0 0
    outer loop
      vertex -58.11 -4.35593 1.85
      vertex -58.11 -3.52671 1.1059
      vertex -58.11 -4.24264 1.71736
    endloop
  endfacet
  facet normal -1 0 0
    outer loop
      vertex -58.11 -0.508249 0
      vertex -58.11 -4.35593 1.85
      vertex -58.11 4.35593 1.85
    endloop
  endfacet
  facet normal 0 1 -0
    outer loop
      vertex -58.15 -6 5.96
      vertex -60 -6 19.96
      vertex -58.15 -6 19.96
    endloop
  endfacet
  facet normal 0 1 0
    outer loop
      vertex -60 -6 19.96
      vertex -58.15 -6 5.96
      vertex -60 -6 5.96
    endloop
  endfacet
  facet normal 0 0.649471 -0.760386
    outer loop
      vertex -60 -4.24264 24.2026
      vertex -58.15 -3.52671 24.8141
      vertex -58.15 -4.24264 24.2026
    endloop
  endfacet
  facet normal 0 0.649471 -0.760386
    outer loop
      vertex -58.15 -3.52671 24.8141
      vertex -60 -4.24264 24.2026
      vertex -60 -3.52671 24.8141
    endloop
  endfacet
  facet normal -0 0.0784588 0.996917
    outer loop
      vertex -60 -0.508249 0
      vertex -58.11 -0.938606 0.0338697
      vertex -58.11 -0.508249 0
    endloop
  endfacet
  facet normal 0 0.0784588 0.996917
    outer loop
      vertex -58.11 -0.938606 0.0338697
      vertex -60 -0.508249 0
      vertex -60 -0.938606 0.0338697
    endloop
  endfacet
  facet normal -0 0.5225 0.852639
    outer loop
      vertex -60 -2.72394 0.61396
      vertex -58.11 -3.52671 1.1059
      vertex -58.11 -2.72394 0.61396
    endloop
  endfacet
  facet normal 0 0.5225 0.852639
    outer loop
      vertex -58.11 -3.52671 1.1059
      vertex -60 -2.72394 0.61396
      vertex -60 -3.52671 1.1059
    endloop
  endfacet
  facet normal 0 -0.97237 0.233446
    outer loop
      vertex -60 5.70634 4.1059
      vertex -58.15 5.92613 5.02139
      vertex -60 5.92613 5.02139
    endloop
  endfacet
  facet normal 0 -0.97237 0.233446
    outer loop
      vertex -58.15 5.92613 5.02139
      vertex -60 5.70634 4.1059
      vertex -58.15 5.70634 4.1059
    endloop
  endfacet
  facet normal 0 -0.649447 0.760407
    outer loop
      vertex -60 4.24264 1.71736
      vertex -58.11 3.52671 1.1059
      vertex -58.11 4.24264 1.71736
    endloop
  endfacet
  facet normal 0 -0.649447 0.760407
    outer loop
      vertex -58.11 3.52671 1.1059
      vertex -60 4.24264 1.71736
      vertex -60 3.52671 1.1059
    endloop
  endfacet
  facet normal 0 0.996917 0.0784589
    outer loop
      vertex -58.15 -5.92613 5.02139
      vertex -60 -6 5.96
      vertex -58.15 -6 5.96
    endloop
  endfacet
  facet normal 0 0.996917 0.0784589
    outer loop
      vertex -60 -6 5.96
      vertex -58.15 -5.92613 5.02139
      vertex -60 -5.92613 5.02139
    endloop
  endfacet
  facet normal 0 0.923873 -0.382699
    outer loop
      vertex -58.15 -5.70634 21.8141
      vertex -60 -5.34604 22.6839
      vertex -58.15 -5.34604 22.6839
    endloop
  endfacet
  facet normal 0 0.923873 -0.382699
    outer loop
      vertex -60 -5.34604 22.6839
      vertex -58.15 -5.70634 21.8141
      vertex -60 -5.70634 21.8141
    endloop
  endfacet
  facet normal 0 -0.923873 -0.382699
    outer loop
      vertex -60 5.70634 21.8141
      vertex -58.15 5.34604 22.6839
      vertex -60 5.34604 22.6839
    endloop
  endfacet
  facet normal 0 -0.923873 -0.382699
    outer loop
      vertex -58.15 5.34604 22.6839
      vertex -60 5.70634 21.8141
      vertex -58.15 5.70634 21.8141
    endloop
  endfacet
  facet normal 0 -0.97237 -0.233443
    outer loop
      vertex -60 5.92613 20.8986
      vertex -58.15 5.70634 21.8141
      vertex -60 5.70634 21.8141
    endloop
  endfacet
  facet normal 0 -0.97237 -0.233443
    outer loop
      vertex -58.15 5.70634 21.8141
      vertex -60 5.92613 20.8986
      vertex -58.15 5.92613 20.8986
    endloop
  endfacet
  facet normal 0 -0.996917 0.0784589
    outer loop
      vertex -60 5.92613 5.02139
      vertex -58.15 6 5.96
      vertex -60 6 5.96
    endloop
  endfacet
  facet normal 0 -0.996917 0.0784589
    outer loop
      vertex -58.15 6 5.96
      vertex -60 5.92613 5.02139
      vertex -58.15 5.92613 5.02139
    endloop
  endfacet
  facet normal 0 -0.382684 -0.923879
    outer loop
      vertex -60 1.8541 25.6663
      vertex -58.15 2.72394 25.306
      vertex -58.15 1.8541 25.6663
    endloop
  endfacet
  facet normal -0 -0.382684 -0.923879
    outer loop
      vertex -58.15 2.72394 25.306
      vertex -60 1.8541 25.6663
      vertex -60 2.72394 25.306
    endloop
  endfacet
  facet normal -0 0.382684 0.923879
    outer loop
      vertex -60 -1.8541 0.25366
      vertex -58.11 -2.72394 0.61396
      vertex -58.11 -1.8541 0.25366
    endloop
  endfacet
  facet normal 0 0.382684 0.923879
    outer loop
      vertex -58.11 -2.72394 0.61396
      vertex -60 -1.8541 0.25366
      vertex -60 -2.72394 0.61396
    endloop
  endfacet
  facet normal -0 0.649447 0.760407
    outer loop
      vertex -60 -3.52671 1.1059
      vertex -58.11 -4.24264 1.71736
      vertex -58.11 -3.52671 1.1059
    endloop
  endfacet
  facet normal 0 0.649447 0.760407
    outer loop
      vertex -58.11 -4.24264 1.71736
      vertex -60 -3.52671 1.1059
      vertex -60 -4.24264 1.71736
    endloop
  endfacet
  facet normal 0 0.852639 0.5225
    outer loop
      vertex -58.15 -4.8541 2.43329
      vertex -60 -5.34604 3.23606
      vertex -58.15 -5.34604 3.23606
    endloop
  endfacet
  facet normal 0 0.852639 0.5225
    outer loop
      vertex -60 -5.34604 3.23606
      vertex -58.15 -4.8541 2.43329
      vertex -60 -4.8541 2.43329
    endloop
  endfacet
  facet normal 0 -0.852639 0.5225
    outer loop
      vertex -60 4.8541 2.43329
      vertex -58.15 5.34604 3.23606
      vertex -60 5.34604 3.23606
    endloop
  endfacet
  facet normal 0 -0.852639 0.5225
    outer loop
      vertex -58.15 5.34604 3.23606
      vertex -60 4.8541 2.43329
      vertex -58.15 4.8541 2.43329
    endloop
  endfacet
  facet normal 0 -0.76041 0.649443
    outer loop
      vertex -60 4.8541 2.43329
      vertex -58.15 4.35593 1.85
      vertex -58.15 4.8541 2.43329
    endloop
  endfacet
  facet normal 2.09859e-06 -0.760407 0.649447
    outer loop
      vertex -60 4.24264 1.71736
      vertex -58.15 4.35593 1.85
      vertex -60 4.8541 2.43329
    endloop
  endfacet
  facet normal 0 -0.760393 0.649464
    outer loop
      vertex -58.11 4.24264 1.71736
      vertex -58.15 4.35593 1.85
      vertex -60 4.24264 1.71736
    endloop
  endfacet
  facet normal 0 -0.760393 0.649464
    outer loop
      vertex -58.15 4.35593 1.85
      vertex -58.11 4.24264 1.71736
      vertex -58.11 4.35593 1.85
    endloop
  endfacet
  facet normal 0 -0.923879 0.382684
    outer loop
      vertex -60 5.34604 3.23606
      vertex -58.15 5.70634 4.1059
      vertex -60 5.70634 4.1059
    endloop
  endfacet
  facet normal 0 -0.923879 0.382684
    outer loop
      vertex -58.15 5.70634 4.1059
      vertex -60 5.34604 3.23606
      vertex -58.15 5.34604 3.23606
    endloop
  endfacet
  facet normal 0 -0.233445 0.97237
    outer loop
      vertex -60 1.8541 0.25366
      vertex -58.11 0.938606 0.0338697
      vertex -58.11 1.8541 0.25366
    endloop
  endfacet
  facet normal 0 -0.233445 0.97237
    outer loop
      vertex -58.11 0.938606 0.0338697
      vertex -60 1.8541 0.25366
      vertex -60 0.938606 0.0338697
    endloop
  endfacet
  facet normal 0 -0.5225 0.852639
    outer loop
      vertex -60 3.52671 1.1059
      vertex -58.11 2.72394 0.61396
      vertex -58.11 3.52671 1.1059
    endloop
  endfacet
  facet normal 0 -0.5225 0.852639
    outer loop
      vertex -58.11 2.72394 0.61396
      vertex -60 3.52671 1.1059
      vertex -60 2.72394 0.61396
    endloop
  endfacet
  facet normal 0 -0.382684 0.923879
    outer loop
      vertex -60 2.72394 0.61396
      vertex -58.11 1.8541 0.25366
      vertex -58.11 2.72394 0.61396
    endloop
  endfacet
  facet normal 0 -0.382684 0.923879
    outer loop
      vertex -58.11 1.8541 0.25366
      vertex -60 2.72394 0.61396
      vertex -60 1.8541 0.25366
    endloop
  endfacet
  facet normal 0 0.97237 0.233446
    outer loop
      vertex -58.15 -5.70634 4.1059
      vertex -60 -5.92613 5.02139
      vertex -58.15 -5.92613 5.02139
    endloop
  endfacet
  facet normal 0 0.97237 0.233446
    outer loop
      vertex -60 -5.92613 5.02139
      vertex -58.15 -5.70634 4.1059
      vertex -60 -5.70634 4.1059
    endloop
  endfacet
  facet normal 0 0.97237 -0.233443
    outer loop
      vertex -58.15 -5.92613 20.8986
      vertex -60 -5.70634 21.8141
      vertex -58.15 -5.70634 21.8141
    endloop
  endfacet
  facet normal 0 0.97237 -0.233443
    outer loop
      vertex -60 -5.70634 21.8141
      vertex -58.15 -5.92613 20.8986
      vertex -60 -5.92613 20.8986
    endloop
  endfacet
  facet normal 0 -1 0
    outer loop
      vertex -60 6 5.96
      vertex -58.15 6 19.96
      vertex -60 6 19.96
    endloop
  endfacet
  facet normal 0 -1 -0
    outer loop
      vertex -58.15 6 19.96
      vertex -60 6 5.96
      vertex -58.15 6 5.96
    endloop
  endfacet
  facet normal 0 -0.852648 -0.522486
    outer loop
      vertex -60 5.34604 22.6839
      vertex -58.15 4.8541 23.4867
      vertex -60 4.8541 23.4867
    endloop
  endfacet
  facet normal 0 -0.852648 -0.522486
    outer loop
      vertex -58.15 4.8541 23.4867
      vertex -60 5.34604 22.6839
      vertex -58.15 5.34604 22.6839
    endloop
  endfacet
  facet normal 0 -0.760394 -0.649463
    outer loop
      vertex -60 4.8541 23.4867
      vertex -58.15 4.24264 24.2026
      vertex -60 4.24264 24.2026
    endloop
  endfacet
  facet normal 0 -0.760394 -0.649463
    outer loop
      vertex -58.15 4.24264 24.2026
      vertex -60 4.8541 23.4867
      vertex -58.15 4.8541 23.4867
    endloop
  endfacet
  facet normal 0 0.0784909 -0.996915
    outer loop
      vertex -60 -0.938606 25.8861
      vertex -58.15 0 25.96
      vertex -58.15 -0.938606 25.8861
    endloop
  endfacet
  facet normal 0 0.0784909 -0.996915
    outer loop
      vertex -58.15 0 25.96
      vertex -60 -0.938606 25.8861
      vertex -60 0 25.96
    endloop
  endfacet
  facet normal 0 -0.0784588 0.996917
    outer loop
      vertex -60 0.938606 0.0338697
      vertex -58.11 0.508249 0
      vertex -58.11 0.938606 0.0338697
    endloop
  endfacet
  facet normal 0 -0.0784588 0.996917
    outer loop
      vertex -58.11 0.508249 0
      vertex -60 0.938606 0.0338697
      vertex -60 0.508249 0
    endloop
  endfacet
  facet normal -0 0.233445 0.97237
    outer loop
      vertex -60 -0.938606 0.0338697
      vertex -58.11 -1.8541 0.25366
      vertex -58.11 -0.938606 0.0338697
    endloop
  endfacet
  facet normal 0 0.233445 0.97237
    outer loop
      vertex -58.11 -1.8541 0.25366
      vertex -60 -0.938606 0.0338697
      vertex -60 -1.8541 0.25366
    endloop
  endfacet
  facet normal 0 -0.996917 -0.0784597
    outer loop
      vertex -60 6 19.96
      vertex -58.15 5.92613 20.8986
      vertex -60 5.92613 20.8986
    endloop
  endfacet
  facet normal 0 -0.996917 -0.0784597
    outer loop
      vertex -58.15 5.92613 20.8986
      vertex -60 6 19.96
      vertex -58.15 6 19.96
    endloop
  endfacet
  facet normal 0 -0.522469 -0.852658
    outer loop
      vertex -60 2.72394 25.306
      vertex -58.15 3.52671 24.8141
      vertex -58.15 2.72394 25.306
    endloop
  endfacet
  facet normal -0 -0.522469 -0.852658
    outer loop
      vertex -58.15 3.52671 24.8141
      vertex -60 2.72394 25.306
      vertex -60 3.52671 24.8141
    endloop
  endfacet
  facet normal 0 -0.649471 -0.760386
    outer loop
      vertex -60 3.52671 24.8141
      vertex -58.15 4.24264 24.2026
      vertex -58.15 3.52671 24.8141
    endloop
  endfacet
  facet normal -0 -0.649471 -0.760386
    outer loop
      vertex -58.15 4.24264 24.2026
      vertex -60 3.52671 24.8141
      vertex -60 4.24264 24.2026
    endloop
  endfacet
  facet normal 0 0.522469 -0.852658
    outer loop
      vertex -60 -3.52671 24.8141
      vertex -58.15 -2.72394 25.306
      vertex -58.15 -3.52671 24.8141
    endloop
  endfacet
  facet normal 0 0.522469 -0.852658
    outer loop
      vertex -58.15 -2.72394 25.306
      vertex -60 -3.52671 24.8141
      vertex -60 -2.72394 25.306
    endloop
  endfacet
  facet normal 0 0.382684 -0.923879
    outer loop
      vertex -60 -2.72394 25.306
      vertex -58.15 -1.8541 25.6663
      vertex -58.15 -2.72394 25.306
    endloop
  endfacet
  facet normal 0 0.382684 -0.923879
    outer loop
      vertex -58.15 -1.8541 25.6663
      vertex -60 -2.72394 25.306
      vertex -60 -1.8541 25.6663
    endloop
  endfacet
  facet normal 0 0.852648 -0.522486
    outer loop
      vertex -58.15 -5.34604 22.6839
      vertex -60 -4.8541 23.4867
      vertex -58.15 -4.8541 23.4867
    endloop
  endfacet
  facet normal 0 0.852648 -0.522486
    outer loop
      vertex -60 -4.8541 23.4867
      vertex -58.15 -5.34604 22.6839
      vertex -60 -5.34604 22.6839
    endloop
  endfacet
  facet normal 0 0.760394 -0.649463
    outer loop
      vertex -58.15 -4.8541 23.4867
      vertex -60 -4.24264 24.2026
      vertex -58.15 -4.24264 24.2026
    endloop
  endfacet
  facet normal 0 0.760394 -0.649463
    outer loop
      vertex -60 -4.24264 24.2026
      vertex -58.15 -4.8541 23.4867
      vertex -60 -4.8541 23.4867
    endloop
  endfacet
  facet normal 0 0.760393 0.649464
    outer loop
      vertex -58.11 -4.35593 1.85
      vertex -58.11 -4.24264 1.71736
      vertex -58.15 -4.35593 1.85
    endloop
  endfacet
  facet normal 0 0.76041 0.649443
    outer loop
      vertex -58.15 -4.35593 1.85
      vertex -60 -4.8541 2.43329
      vertex -58.15 -4.8541 2.43329
    endloop
  endfacet
  facet normal -0 0.760393 0.649464
    outer loop
      vertex -60 -4.24264 1.71736
      vertex -58.15 -4.35593 1.85
      vertex -58.11 -4.24264 1.71736
    endloop
  endfacet
  facet normal 2.09859e-06 0.760407 0.649447
    outer loop
      vertex -58.15 -4.35593 1.85
      vertex -60 -4.24264 1.71736
      vertex -60 -4.8541 2.43329
    endloop
  endfacet
  facet normal 0 -0.0784909 -0.996915
    outer loop
      vertex -60 0 25.96
      vertex -58.15 0.938606 25.8861
      vertex -58.15 0 25.96
    endloop
  endfacet
  facet normal -0 -0.0784909 -0.996915
    outer loop
      vertex -58.15 0.938606 25.8861
      vertex -60 0 25.96
      vertex -60 0.938606 25.8861
    endloop
  endfacet
  facet normal 0 -0.233455 -0.972368
    outer loop
      vertex -60 0.938606 25.8861
      vertex -58.15 1.8541 25.6663
      vertex -58.15 0.938606 25.8861
    endloop
  endfacet
  facet normal -0 -0.233455 -0.972368
    outer loop
      vertex -58.15 1.8541 25.6663
      vertex -60 0.938606 25.8861
      vertex -60 1.8541 25.6663
    endloop
  endfacet
  facet normal 0 0.233455 -0.972368
    outer loop
      vertex -60 -1.8541 25.6663
      vertex -58.15 -0.938606 25.8861
      vertex -58.15 -1.8541 25.6663
    endloop
  endfacet
  facet normal 0 0.233455 -0.972368
    outer loop
      vertex -58.15 -0.938606 25.8861
      vertex -60 -1.8541 25.6663
      vertex -60 -0.938606 25.8861
    endloop
  endfacet
endsolid OpenSCAD_Model
