solid OpenSCAD_Model
  facet normal -0.522525 -0.852624 0
    outer loop
      vertex -21.7111 -23.503 12.85
      vertex -20.6273 -24.1672 15.85
      vertex -21.7111 -23.503 15.85
    endloop
  endfacet
  facet normal -0.522525 -0.852624 -0
    outer loop
      vertex -20.6273 -24.1672 15.85
      vertex -21.7111 -23.503 12.85
      vertex -20.6273 -24.1672 12.85
    endloop
  endfacet
  facet normal -0.649417 -0.760433 0
    outer loop
      vertex -22.6776 -22.6776 12.85
      vertex -21.7111 -23.503 15.85
      vertex -22.6776 -22.6776 15.85
    endloop
  endfacet
  facet normal -0.649417 -0.760433 -0
    outer loop
      vertex -21.7111 -23.503 15.85
      vertex -22.6776 -22.6776 12.85
      vertex -21.7111 -23.503 12.85
    endloop
  endfacet
  facet normal 0.760433 -0.649417 0
    outer loop
      vertex 22.6776 -22.6776 15.85
      vertex 23.503 -21.7111 12.85
      vertex 23.503 -21.7111 15.85
    endloop
  endfacet
  facet normal 0.760433 -0.649417 0
    outer loop
      vertex 23.503 -21.7111 12.85
      vertex 22.6776 -22.6776 15.85
      vertex 22.6776 -22.6776 12.85
    endloop
  endfacet
  facet normal -0.996918 -0.0784473 0
    outer loop
      vertex -24.9503 -18.2171 12.85
      vertex -25.05 -16.9501 15.85
      vertex -25.05 -16.9501 12.85
    endloop
  endfacet
  facet normal -0.996918 -0.0784473 0
    outer loop
      vertex -25.05 -16.9501 15.85
      vertex -24.9503 -18.2171 12.85
      vertex -24.9503 -18.2171 15.85
    endloop
  endfacet
  facet normal -0 0 1
    outer loop
      vertex 24.0253 17.2921 15.85
      vertex 25.05 16.9501 15.85
      vertex 24.9503 18.2171 15.85
    endloop
  endfacet
  facet normal 0 0 1
    outer loop
      vertex 25.05 16.9501 15.85
      vertex 24.125 16.0251 15.85
      vertex 25.05 -16.9501 15.85
    endloop
  endfacet
  facet normal -0 0 1
    outer loop
      vertex 23.7286 18.528 15.85
      vertex 24.9503 18.2171 15.85
      vertex 24.6536 19.453 15.85
    endloop
  endfacet
  facet normal -0 0 1
    outer loop
      vertex 24.125 -16.0251 15.85
      vertex 25.05 -16.9501 15.85
      vertex 24.125 16.0251 15.85
    endloop
  endfacet
  facet normal -0 0 1
    outer loop
      vertex 23.2422 19.7023 15.85
      vertex 24.6536 19.453 15.85
      vertex 24.1672 20.6273 15.85
    endloop
  endfacet
  facet normal 0 0 1
    outer loop
      vertex 24.0253 -17.2921 15.85
      vertex 25.05 -16.9501 15.85
      vertex 24.125 -16.0251 15.85
    endloop
  endfacet
  facet normal 0 0 1
    outer loop
      vertex 25.05 -16.9501 15.85
      vertex 24.0253 -17.2921 15.85
      vertex 24.9503 -18.2171 15.85
    endloop
  endfacet
  facet normal 0 0 1
    outer loop
      vertex 25.05 16.9501 15.85
      vertex 24.0253 17.2921 15.85
      vertex 24.125 16.0251 15.85
    endloop
  endfacet
  facet normal 0 0 1
    outer loop
      vertex 24.9503 18.2171 15.85
      vertex 23.7286 18.528 15.85
      vertex 24.0253 17.2921 15.85
    endloop
  endfacet
  facet normal -0 0 1
    outer loop
      vertex 22.578 20.7861 15.85
      vertex 24.1672 20.6273 15.85
      vertex 23.503 21.7111 15.85
    endloop
  endfacet
  facet normal 0 0 1
    outer loop
      vertex 24.6536 19.453 15.85
      vertex 23.2422 19.7023 15.85
      vertex 23.7286 18.528 15.85
    endloop
  endfacet
  facet normal -0 0 1
    outer loop
      vertex 21.7526 21.7526 15.85
      vertex 23.503 21.7111 15.85
      vertex 22.6776 22.6776 15.85
    endloop
  endfacet
  facet normal 0 0 1
    outer loop
      vertex 24.1672 20.6273 15.85
      vertex 22.578 20.7861 15.85
      vertex 23.2422 19.7023 15.85
    endloop
  endfacet
  facet normal 0 0 1
    outer loop
      vertex 23.503 21.7111 15.85
      vertex 21.7526 21.7526 15.85
      vertex 22.578 20.7861 15.85
    endloop
  endfacet
  facet normal 0 0 1
    outer loop
      vertex 21.7111 23.503 15.85
      vertex 21.7526 21.7526 15.85
      vertex 22.6776 22.6776 15.85
    endloop
  endfacet
  facet normal 0 0 1
    outer loop
      vertex 21.7111 23.503 15.85
      vertex 20.7861 22.578 15.85
      vertex 21.7526 21.7526 15.85
    endloop
  endfacet
  facet normal 0 0 1
    outer loop
      vertex 20.6273 24.1672 15.85
      vertex 20.7861 22.578 15.85
      vertex 21.7111 23.503 15.85
    endloop
  endfacet
  facet normal 0 0 1
    outer loop
      vertex 20.6273 24.1672 15.85
      vertex 19.7023 23.2422 15.85
      vertex 20.7861 22.578 15.85
    endloop
  endfacet
  facet normal 0 0 1
    outer loop
      vertex 19.453 24.6536 15.85
      vertex 19.7023 23.2422 15.85
      vertex 20.6273 24.1672 15.85
    endloop
  endfacet
  facet normal 0 0 1
    outer loop
      vertex 19.453 24.6536 15.85
      vertex 18.528 23.7286 15.85
      vertex 19.7023 23.2422 15.85
    endloop
  endfacet
  facet normal 0 0 1
    outer loop
      vertex 18.2171 24.9503 15.85
      vertex 18.528 23.7286 15.85
      vertex 19.453 24.6536 15.85
    endloop
  endfacet
  facet normal 0 0 1
    outer loop
      vertex 18.2171 24.9503 15.85
      vertex 17.2921 24.0253 15.85
      vertex 18.528 23.7286 15.85
    endloop
  endfacet
  facet normal 0 0 1
    outer loop
      vertex 16.9501 25.05 15.85
      vertex 17.2921 24.0253 15.85
      vertex 18.2171 24.9503 15.85
    endloop
  endfacet
  facet normal 0 0 1
    outer loop
      vertex 16.9501 25.05 15.85
      vertex 16.0251 24.125 15.85
      vertex 17.2921 24.0253 15.85
    endloop
  endfacet
  facet normal 0 0 1
    outer loop
      vertex 16.9501 25.05 15.85
      vertex -16.0251 24.125 15.85
      vertex 16.0251 24.125 15.85
    endloop
  endfacet
  facet normal -0 0 1
    outer loop
      vertex -16.9501 25.05 15.85
      vertex -16.0251 24.125 15.85
      vertex 16.9501 25.05 15.85
    endloop
  endfacet
  facet normal 0 0 1
    outer loop
      vertex -16.9501 25.05 15.85
      vertex -17.2921 24.0253 15.85
      vertex -16.0251 24.125 15.85
    endloop
  endfacet
  facet normal -0 0 1
    outer loop
      vertex -18.2171 24.9503 15.85
      vertex -17.2921 24.0253 15.85
      vertex -16.9501 25.05 15.85
    endloop
  endfacet
  facet normal 0 0 1
    outer loop
      vertex -18.2171 24.9503 15.85
      vertex -18.528 23.7286 15.85
      vertex -17.2921 24.0253 15.85
    endloop
  endfacet
  facet normal -0 0 1
    outer loop
      vertex -19.453 24.6536 15.85
      vertex -18.528 23.7286 15.85
      vertex -18.2171 24.9503 15.85
    endloop
  endfacet
  facet normal 0 0 1
    outer loop
      vertex -19.453 24.6536 15.85
      vertex -19.7023 23.2422 15.85
      vertex -18.528 23.7286 15.85
    endloop
  endfacet
  facet normal -0 0 1
    outer loop
      vertex -20.6273 24.1672 15.85
      vertex -19.7023 23.2422 15.85
      vertex -19.453 24.6536 15.85
    endloop
  endfacet
  facet normal 0 0 1
    outer loop
      vertex -20.6273 24.1672 15.85
      vertex -20.7861 22.578 15.85
      vertex -19.7023 23.2422 15.85
    endloop
  endfacet
  facet normal -0 0 1
    outer loop
      vertex -21.7111 23.503 15.85
      vertex -20.7861 22.578 15.85
      vertex -20.6273 24.1672 15.85
    endloop
  endfacet
  facet normal 0 0 1
    outer loop
      vertex -21.7111 23.503 15.85
      vertex -21.7526 21.7526 15.85
      vertex -20.7861 22.578 15.85
    endloop
  endfacet
  facet normal -0 0 1
    outer loop
      vertex -22.6776 22.6776 15.85
      vertex -21.7526 21.7526 15.85
      vertex -21.7111 23.503 15.85
    endloop
  endfacet
  facet normal 0 0 1
    outer loop
      vertex -23.503 21.7111 15.85
      vertex -21.7526 21.7526 15.85
      vertex -22.6776 22.6776 15.85
    endloop
  endfacet
  facet normal 0 0 1
    outer loop
      vertex -21.7526 21.7526 15.85
      vertex -23.503 21.7111 15.85
      vertex -22.578 20.7861 15.85
    endloop
  endfacet
  facet normal 0 0 1
    outer loop
      vertex -24.1672 20.6273 15.85
      vertex -22.578 20.7861 15.85
      vertex -23.503 21.7111 15.85
    endloop
  endfacet
  facet normal 0 0 1
    outer loop
      vertex -22.578 20.7861 15.85
      vertex -24.1672 20.6273 15.85
      vertex -23.2422 19.7023 15.85
    endloop
  endfacet
  facet normal 0 0 1
    outer loop
      vertex -24.6536 19.453 15.85
      vertex -23.2422 19.7023 15.85
      vertex -24.1672 20.6273 15.85
    endloop
  endfacet
  facet normal 0 0 1
    outer loop
      vertex -23.7286 18.528 15.85
      vertex -24.9503 18.2171 15.85
      vertex -24.0253 17.2921 15.85
    endloop
  endfacet
  facet normal 0 0 1
    outer loop
      vertex -24.9503 18.2171 15.85
      vertex -23.7286 18.528 15.85
      vertex -24.6536 19.453 15.85
    endloop
  endfacet
  facet normal 0 0 1
    outer loop
      vertex -23.2422 19.7023 15.85
      vertex -24.6536 19.453 15.85
      vertex -23.7286 18.528 15.85
    endloop
  endfacet
  facet normal 0 0 1
    outer loop
      vertex 23.7286 -18.528 15.85
      vertex 24.9503 -18.2171 15.85
      vertex 24.0253 -17.2921 15.85
    endloop
  endfacet
  facet normal 0 0 1
    outer loop
      vertex 24.9503 -18.2171 15.85
      vertex 23.7286 -18.528 15.85
      vertex 24.6536 -19.453 15.85
    endloop
  endfacet
  facet normal 0 0 1
    outer loop
      vertex 23.2422 -19.7023 15.85
      vertex 24.6536 -19.453 15.85
      vertex 23.7286 -18.528 15.85
    endloop
  endfacet
  facet normal 0 0 1
    outer loop
      vertex 24.6536 -19.453 15.85
      vertex 23.2422 -19.7023 15.85
      vertex 24.1672 -20.6273 15.85
    endloop
  endfacet
  facet normal 0 0 1
    outer loop
      vertex 22.578 -20.7861 15.85
      vertex 24.1672 -20.6273 15.85
      vertex 23.2422 -19.7023 15.85
    endloop
  endfacet
  facet normal 0 0 1
    outer loop
      vertex 24.1672 -20.6273 15.85
      vertex 22.578 -20.7861 15.85
      vertex 23.503 -21.7111 15.85
    endloop
  endfacet
  facet normal 0 0 1
    outer loop
      vertex 21.7526 -21.7526 15.85
      vertex 23.503 -21.7111 15.85
      vertex 22.578 -20.7861 15.85
    endloop
  endfacet
  facet normal 0 0 1
    outer loop
      vertex 23.503 -21.7111 15.85
      vertex 21.7526 -21.7526 15.85
      vertex 22.6776 -22.6776 15.85
    endloop
  endfacet
  facet normal 0 0 1
    outer loop
      vertex 21.7526 -21.7526 15.85
      vertex 21.7111 -23.503 15.85
      vertex 22.6776 -22.6776 15.85
    endloop
  endfacet
  facet normal -0 0 1
    outer loop
      vertex 20.7861 -22.578 15.85
      vertex 21.7111 -23.503 15.85
      vertex 21.7526 -21.7526 15.85
    endloop
  endfacet
  facet normal 0 0 1
    outer loop
      vertex 20.7861 -22.578 15.85
      vertex 20.6273 -24.1672 15.85
      vertex 21.7111 -23.503 15.85
    endloop
  endfacet
  facet normal -0 0 1
    outer loop
      vertex 19.7023 -23.2422 15.85
      vertex 20.6273 -24.1672 15.85
      vertex 20.7861 -22.578 15.85
    endloop
  endfacet
  facet normal 0 0 1
    outer loop
      vertex 19.7023 -23.2422 15.85
      vertex 19.453 -24.6536 15.85
      vertex 20.6273 -24.1672 15.85
    endloop
  endfacet
  facet normal -0 0 1
    outer loop
      vertex 18.528 -23.7286 15.85
      vertex 19.453 -24.6536 15.85
      vertex 19.7023 -23.2422 15.85
    endloop
  endfacet
  facet normal 0 0 1
    outer loop
      vertex 18.528 -23.7286 15.85
      vertex 18.2171 -24.9503 15.85
      vertex 19.453 -24.6536 15.85
    endloop
  endfacet
  facet normal -0 0 1
    outer loop
      vertex 17.2921 -24.0253 15.85
      vertex 18.2171 -24.9503 15.85
      vertex 18.528 -23.7286 15.85
    endloop
  endfacet
  facet normal 0 0 1
    outer loop
      vertex 17.2921 -24.0253 15.85
      vertex 16.9501 -25.05 15.85
      vertex 18.2171 -24.9503 15.85
    endloop
  endfacet
  facet normal -0 0 1
    outer loop
      vertex 16.0251 -24.125 15.85
      vertex 16.9501 -25.05 15.85
      vertex 17.2921 -24.0253 15.85
    endloop
  endfacet
  facet normal -0 0 1
    outer loop
      vertex -16.0251 -24.125 15.85
      vertex 16.9501 -25.05 15.85
      vertex 16.0251 -24.125 15.85
    endloop
  endfacet
  facet normal 0 0 1
    outer loop
      vertex -16.0251 -24.125 15.85
      vertex -16.9501 -25.05 15.85
      vertex 16.9501 -25.05 15.85
    endloop
  endfacet
  facet normal 0 0 1
    outer loop
      vertex -17.2921 -24.0253 15.85
      vertex -16.9501 -25.05 15.85
      vertex -16.0251 -24.125 15.85
    endloop
  endfacet
  facet normal 0 0 1
    outer loop
      vertex -17.2921 -24.0253 15.85
      vertex -18.2171 -24.9503 15.85
      vertex -16.9501 -25.05 15.85
    endloop
  endfacet
  facet normal 0 0 1
    outer loop
      vertex -18.528 -23.7286 15.85
      vertex -18.2171 -24.9503 15.85
      vertex -17.2921 -24.0253 15.85
    endloop
  endfacet
  facet normal 0 0 1
    outer loop
      vertex -18.528 -23.7286 15.85
      vertex -19.453 -24.6536 15.85
      vertex -18.2171 -24.9503 15.85
    endloop
  endfacet
  facet normal 0 0 1
    outer loop
      vertex -19.7023 -23.2422 15.85
      vertex -19.453 -24.6536 15.85
      vertex -18.528 -23.7286 15.85
    endloop
  endfacet
  facet normal 0 0 1
    outer loop
      vertex -19.7023 -23.2422 15.85
      vertex -20.6273 -24.1672 15.85
      vertex -19.453 -24.6536 15.85
    endloop
  endfacet
  facet normal 0 0 1
    outer loop
      vertex -20.7861 -22.578 15.85
      vertex -20.6273 -24.1672 15.85
      vertex -19.7023 -23.2422 15.85
    endloop
  endfacet
  facet normal 0 0 1
    outer loop
      vertex -20.7861 -22.578 15.85
      vertex -21.7111 -23.503 15.85
      vertex -20.6273 -24.1672 15.85
    endloop
  endfacet
  facet normal 0 0 1
    outer loop
      vertex -21.7526 -21.7526 15.85
      vertex -21.7111 -23.503 15.85
      vertex -20.7861 -22.578 15.85
    endloop
  endfacet
  facet normal -0 0 1
    outer loop
      vertex -23.503 -21.7111 15.85
      vertex -21.7526 -21.7526 15.85
      vertex -22.578 -20.7861 15.85
    endloop
  endfacet
  facet normal 0 0 1
    outer loop
      vertex -21.7526 -21.7526 15.85
      vertex -22.6776 -22.6776 15.85
      vertex -21.7111 -23.503 15.85
    endloop
  endfacet
  facet normal -0 0 1
    outer loop
      vertex -24.1672 -20.6273 15.85
      vertex -22.578 -20.7861 15.85
      vertex -23.2422 -19.7023 15.85
    endloop
  endfacet
  facet normal 0 0 1
    outer loop
      vertex -21.7526 -21.7526 15.85
      vertex -23.503 -21.7111 15.85
      vertex -22.6776 -22.6776 15.85
    endloop
  endfacet
  facet normal -0 0 1
    outer loop
      vertex -24.6536 -19.453 15.85
      vertex -23.2422 -19.7023 15.85
      vertex -23.7286 -18.528 15.85
    endloop
  endfacet
  facet normal -0 0 1
    outer loop
      vertex -24.9503 -18.2171 15.85
      vertex -23.7286 -18.528 15.85
      vertex -24.0253 -17.2921 15.85
    endloop
  endfacet
  facet normal 0 0 1
    outer loop
      vertex -22.578 -20.7861 15.85
      vertex -24.1672 -20.6273 15.85
      vertex -23.503 -21.7111 15.85
    endloop
  endfacet
  facet normal -0 0 1
    outer loop
      vertex -25.05 -16.9501 15.85
      vertex -24.0253 -17.2921 15.85
      vertex -24.125 -16.0251 15.85
    endloop
  endfacet
  facet normal 0 0 1
    outer loop
      vertex -24.125 16.0251 15.85
      vertex -25.05 16.9501 15.85
      vertex -24.125 -16.0251 15.85
    endloop
  endfacet
  facet normal 0 0 1
    outer loop
      vertex -25.05 16.9501 15.85
      vertex -24.0253 17.2921 15.85
      vertex -24.9503 18.2171 15.85
    endloop
  endfacet
  facet normal 0 0 1
    outer loop
      vertex -25.05 -16.9501 15.85
      vertex -24.125 -16.0251 15.85
      vertex -25.05 16.9501 15.85
    endloop
  endfacet
  facet normal 0 0 1
    outer loop
      vertex -24.0253 17.2921 15.85
      vertex -25.05 16.9501 15.85
      vertex -24.125 16.0251 15.85
    endloop
  endfacet
  facet normal 0 0 1
    outer loop
      vertex -24.0253 -17.2921 15.85
      vertex -25.05 -16.9501 15.85
      vertex -24.9503 -18.2171 15.85
    endloop
  endfacet
  facet normal 0 0 1
    outer loop
      vertex -23.2422 -19.7023 15.85
      vertex -24.6536 -19.453 15.85
      vertex -24.1672 -20.6273 15.85
    endloop
  endfacet
  facet normal 0 0 1
    outer loop
      vertex -23.7286 -18.528 15.85
      vertex -24.9503 -18.2171 15.85
      vertex -24.6536 -19.453 15.85
    endloop
  endfacet
  facet normal 0.649417 -0.760433 0
    outer loop
      vertex 21.7111 -23.503 12.85
      vertex 22.6776 -22.6776 15.85
      vertex 21.7111 -23.503 15.85
    endloop
  endfacet
  facet normal 0.649417 -0.760433 0
    outer loop
      vertex 22.6776 -22.6776 15.85
      vertex 21.7111 -23.503 12.85
      vertex 22.6776 -22.6776 12.85
    endloop
  endfacet
  facet normal -0.852624 -0.522525 0
    outer loop
      vertex -23.503 -21.7111 12.85
      vertex -24.1672 -20.6273 15.85
      vertex -24.1672 -20.6273 12.85
    endloop
  endfacet
  facet normal -0.852624 -0.522525 0
    outer loop
      vertex -24.1672 -20.6273 15.85
      vertex -23.503 -21.7111 12.85
      vertex -23.503 -21.7111 15.85
    endloop
  endfacet
  facet normal -1 0 0
    outer loop
      vertex -25.05 -16.9501 12.85
      vertex -25.05 16.9501 15.85
      vertex -25.05 16.9501 12.85
    endloop
  endfacet
  facet normal -1 -0 0
    outer loop
      vertex -25.05 16.9501 15.85
      vertex -25.05 -16.9501 12.85
      vertex -25.05 -16.9501 15.85
    endloop
  endfacet
  facet normal 0 1 -0
    outer loop
      vertex 16.9501 25.05 12.85
      vertex -16.9501 25.05 15.85
      vertex 16.9501 25.05 15.85
    endloop
  endfacet
  facet normal 0 1 0
    outer loop
      vertex -16.9501 25.05 15.85
      vertex 16.9501 25.05 12.85
      vertex -16.9501 25.05 12.85
    endloop
  endfacet
  facet normal -0.649417 0.760433 0
    outer loop
      vertex -21.7111 23.503 12.85
      vertex -22.6776 22.6776 15.85
      vertex -21.7111 23.503 15.85
    endloop
  endfacet
  facet normal -0.649417 0.760433 0
    outer loop
      vertex -22.6776 22.6776 15.85
      vertex -21.7111 23.503 12.85
      vertex -22.6776 22.6776 12.85
    endloop
  endfacet
  facet normal 0 -1 0
    outer loop
      vertex -16.9501 -25.05 12.85
      vertex 16.9501 -25.05 15.85
      vertex -16.9501 -25.05 15.85
    endloop
  endfacet
  facet normal 0 -1 -0
    outer loop
      vertex 16.9501 -25.05 15.85
      vertex -16.9501 -25.05 12.85
      vertex 16.9501 -25.05 12.85
    endloop
  endfacet
  facet normal 0.522525 -0.852624 0
    outer loop
      vertex 20.6273 -24.1672 12.85
      vertex 21.7111 -23.503 15.85
      vertex 20.6273 -24.1672 15.85
    endloop
  endfacet
  facet normal 0.522525 -0.852624 0
    outer loop
      vertex 21.7111 -23.503 15.85
      vertex 20.6273 -24.1672 12.85
      vertex 21.7111 -23.503 12.85
    endloop
  endfacet
  facet normal 1 -0 0
    outer loop
      vertex 25.05 -16.9501 15.85
      vertex 25.05 16.9501 12.85
      vertex 25.05 16.9501 15.85
    endloop
  endfacet
  facet normal 1 0 0
    outer loop
      vertex 25.05 16.9501 12.85
      vertex 25.05 -16.9501 15.85
      vertex 25.05 -16.9501 12.85
    endloop
  endfacet
  facet normal 0.649417 0.760433 -0
    outer loop
      vertex 22.6776 22.6776 12.85
      vertex 21.7111 23.503 15.85
      vertex 22.6776 22.6776 15.85
    endloop
  endfacet
  facet normal 0.649417 0.760433 0
    outer loop
      vertex 21.7111 23.503 15.85
      vertex 22.6776 22.6776 12.85
      vertex 21.7111 23.503 12.85
    endloop
  endfacet
  facet normal -0.923883 -0.382676 0
    outer loop
      vertex -24.1672 -20.6273 12.85
      vertex -24.6536 -19.453 15.85
      vertex -24.6536 -19.453 12.85
    endloop
  endfacet
  facet normal -0.923883 -0.382676 0
    outer loop
      vertex -24.6536 -19.453 15.85
      vertex -24.1672 -20.6273 12.85
      vertex -24.1672 -20.6273 15.85
    endloop
  endfacet
  facet normal -0.996918 0.0784473 0
    outer loop
      vertex -25.05 16.9501 12.85
      vertex -24.9503 18.2171 15.85
      vertex -24.9503 18.2171 12.85
    endloop
  endfacet
  facet normal -0.996918 0.0784473 0
    outer loop
      vertex -24.9503 18.2171 15.85
      vertex -25.05 16.9501 12.85
      vertex -25.05 16.9501 15.85
    endloop
  endfacet
  facet normal 0.0784473 0.996918 -0
    outer loop
      vertex 18.2171 24.9503 12.85
      vertex 16.9501 25.05 15.85
      vertex 18.2171 24.9503 15.85
    endloop
  endfacet
  facet normal 0.0784473 0.996918 0
    outer loop
      vertex 16.9501 25.05 15.85
      vertex 18.2171 24.9503 12.85
      vertex 16.9501 25.05 12.85
    endloop
  endfacet
  facet normal -0.382676 0.923883 0
    outer loop
      vertex -19.453 24.6536 12.85
      vertex -20.6273 24.1672 15.85
      vertex -19.453 24.6536 15.85
    endloop
  endfacet
  facet normal -0.382676 0.923883 0
    outer loop
      vertex -20.6273 24.1672 15.85
      vertex -19.453 24.6536 12.85
      vertex -20.6273 24.1672 12.85
    endloop
  endfacet
  facet normal -0.522525 0.852624 0
    outer loop
      vertex -20.6273 24.1672 12.85
      vertex -21.7111 23.503 15.85
      vertex -20.6273 24.1672 15.85
    endloop
  endfacet
  facet normal -0.522525 0.852624 0
    outer loop
      vertex -21.7111 23.503 15.85
      vertex -20.6273 24.1672 12.85
      vertex -21.7111 23.503 12.85
    endloop
  endfacet
  facet normal -0.382676 -0.923883 0
    outer loop
      vertex -20.6273 -24.1672 12.85
      vertex -19.453 -24.6536 15.85
      vertex -20.6273 -24.1672 15.85
    endloop
  endfacet
  facet normal -0.382676 -0.923883 -0
    outer loop
      vertex -19.453 -24.6536 15.85
      vertex -20.6273 -24.1672 12.85
      vertex -19.453 -24.6536 12.85
    endloop
  endfacet
  facet normal 0.382676 -0.923883 0
    outer loop
      vertex 19.453 -24.6536 12.85
      vertex 20.6273 -24.1672 15.85
      vertex 19.453 -24.6536 15.85
    endloop
  endfacet
  facet normal 0.382676 -0.923883 0
    outer loop
      vertex 20.6273 -24.1672 15.85
      vertex 19.453 -24.6536 12.85
      vertex 20.6273 -24.1672 12.85
    endloop
  endfacet
  facet normal 0.923883 -0.382676 0
    outer loop
      vertex 24.1672 -20.6273 15.85
      vertex 24.6536 -19.453 12.85
      vertex 24.6536 -19.453 15.85
    endloop
  endfacet
  facet normal 0.923883 -0.382676 0
    outer loop
      vertex 24.6536 -19.453 12.85
      vertex 24.1672 -20.6273 15.85
      vertex 24.1672 -20.6273 12.85
    endloop
  endfacet
  facet normal 0.996918 -0.0784473 0
    outer loop
      vertex 24.9503 -18.2171 15.85
      vertex 25.05 -16.9501 12.85
      vertex 25.05 -16.9501 15.85
    endloop
  endfacet
  facet normal 0.996918 -0.0784473 0
    outer loop
      vertex 25.05 -16.9501 12.85
      vertex 24.9503 -18.2171 15.85
      vertex 24.9503 -18.2171 12.85
    endloop
  endfacet
  facet normal 0.923883 0.382676 0
    outer loop
      vertex 24.6536 19.453 15.85
      vertex 24.1672 20.6273 12.85
      vertex 24.1672 20.6273 15.85
    endloop
  endfacet
  facet normal 0.923883 0.382676 0
    outer loop
      vertex 24.1672 20.6273 12.85
      vertex 24.6536 19.453 15.85
      vertex 24.6536 19.453 12.85
    endloop
  endfacet
  facet normal -0.760433 -0.649417 0
    outer loop
      vertex -22.6776 -22.6776 12.85
      vertex -23.503 -21.7111 15.85
      vertex -23.503 -21.7111 12.85
    endloop
  endfacet
  facet normal -0.760433 -0.649417 0
    outer loop
      vertex -23.503 -21.7111 15.85
      vertex -22.6776 -22.6776 12.85
      vertex -22.6776 -22.6776 15.85
    endloop
  endfacet
  facet normal -0.972372 -0.233435 0
    outer loop
      vertex -24.6536 -19.453 12.85
      vertex -24.9503 -18.2171 15.85
      vertex -24.9503 -18.2171 12.85
    endloop
  endfacet
  facet normal -0.972372 -0.233435 0
    outer loop
      vertex -24.9503 -18.2171 15.85
      vertex -24.6536 -19.453 12.85
      vertex -24.6536 -19.453 15.85
    endloop
  endfacet
  facet normal -0.923883 0.382676 0
    outer loop
      vertex -24.6536 19.453 12.85
      vertex -24.1672 20.6273 15.85
      vertex -24.1672 20.6273 12.85
    endloop
  endfacet
  facet normal -0.923883 0.382676 0
    outer loop
      vertex -24.1672 20.6273 15.85
      vertex -24.6536 19.453 12.85
      vertex -24.6536 19.453 15.85
    endloop
  endfacet
  facet normal -0.852624 0.522525 0
    outer loop
      vertex -24.1672 20.6273 12.85
      vertex -23.503 21.7111 15.85
      vertex -23.503 21.7111 12.85
    endloop
  endfacet
  facet normal -0.852624 0.522525 0
    outer loop
      vertex -23.503 21.7111 15.85
      vertex -24.1672 20.6273 12.85
      vertex -24.1672 20.6273 15.85
    endloop
  endfacet
  facet normal -0.760433 0.649417 0
    outer loop
      vertex -23.503 21.7111 12.85
      vertex -22.6776 22.6776 15.85
      vertex -22.6776 22.6776 12.85
    endloop
  endfacet
  facet normal -0.760433 0.649417 0
    outer loop
      vertex -22.6776 22.6776 15.85
      vertex -23.503 21.7111 12.85
      vertex -23.503 21.7111 15.85
    endloop
  endfacet
  facet normal 0.233435 0.972372 -0
    outer loop
      vertex 19.453 24.6536 12.85
      vertex 18.2171 24.9503 15.85
      vertex 19.453 24.6536 15.85
    endloop
  endfacet
  facet normal 0.233435 0.972372 0
    outer loop
      vertex 18.2171 24.9503 15.85
      vertex 19.453 24.6536 12.85
      vertex 18.2171 24.9503 12.85
    endloop
  endfacet
  facet normal 0.382676 0.923883 -0
    outer loop
      vertex 20.6273 24.1672 12.85
      vertex 19.453 24.6536 15.85
      vertex 20.6273 24.1672 15.85
    endloop
  endfacet
  facet normal 0.382676 0.923883 0
    outer loop
      vertex 19.453 24.6536 15.85
      vertex 20.6273 24.1672 12.85
      vertex 19.453 24.6536 12.85
    endloop
  endfacet
  facet normal 0.522525 0.852624 -0
    outer loop
      vertex 21.7111 23.503 12.85
      vertex 20.6273 24.1672 15.85
      vertex 21.7111 23.503 15.85
    endloop
  endfacet
  facet normal 0.522525 0.852624 0
    outer loop
      vertex 20.6273 24.1672 15.85
      vertex 21.7111 23.503 12.85
      vertex 20.6273 24.1672 12.85
    endloop
  endfacet
  facet normal -0.233435 0.972372 0
    outer loop
      vertex -18.2171 24.9503 12.85
      vertex -19.453 24.6536 15.85
      vertex -18.2171 24.9503 15.85
    endloop
  endfacet
  facet normal -0.233435 0.972372 0
    outer loop
      vertex -19.453 24.6536 15.85
      vertex -18.2171 24.9503 12.85
      vertex -19.453 24.6536 12.85
    endloop
  endfacet
  facet normal -0.0784473 0.996918 0
    outer loop
      vertex -16.9501 25.05 12.85
      vertex -18.2171 24.9503 15.85
      vertex -16.9501 25.05 15.85
    endloop
  endfacet
  facet normal -0.0784473 0.996918 0
    outer loop
      vertex -18.2171 24.9503 15.85
      vertex -16.9501 25.05 12.85
      vertex -18.2171 24.9503 12.85
    endloop
  endfacet
  facet normal -0.0784473 -0.996918 0
    outer loop
      vertex -18.2171 -24.9503 12.85
      vertex -16.9501 -25.05 15.85
      vertex -18.2171 -24.9503 15.85
    endloop
  endfacet
  facet normal -0.0784473 -0.996918 -0
    outer loop
      vertex -16.9501 -25.05 15.85
      vertex -18.2171 -24.9503 12.85
      vertex -16.9501 -25.05 12.85
    endloop
  endfacet
  facet normal -0.233435 -0.972372 0
    outer loop
      vertex -19.453 -24.6536 12.85
      vertex -18.2171 -24.9503 15.85
      vertex -19.453 -24.6536 15.85
    endloop
  endfacet
  facet normal -0.233435 -0.972372 -0
    outer loop
      vertex -18.2171 -24.9503 15.85
      vertex -19.453 -24.6536 12.85
      vertex -18.2171 -24.9503 12.85
    endloop
  endfacet
  facet normal 0.972372 -0.233435 0
    outer loop
      vertex 24.6536 -19.453 15.85
      vertex 24.9503 -18.2171 12.85
      vertex 24.9503 -18.2171 15.85
    endloop
  endfacet
  facet normal 0.972372 -0.233435 0
    outer loop
      vertex 24.9503 -18.2171 12.85
      vertex 24.6536 -19.453 15.85
      vertex 24.6536 -19.453 12.85
    endloop
  endfacet
  facet normal 0.852624 -0.522525 0
    outer loop
      vertex 23.503 -21.7111 15.85
      vertex 24.1672 -20.6273 12.85
      vertex 24.1672 -20.6273 15.85
    endloop
  endfacet
  facet normal 0.852624 -0.522525 0
    outer loop
      vertex 24.1672 -20.6273 12.85
      vertex 23.503 -21.7111 15.85
      vertex 23.503 -21.7111 12.85
    endloop
  endfacet
  facet normal 0.972372 0.233435 0
    outer loop
      vertex 24.9503 18.2171 15.85
      vertex 24.6536 19.453 12.85
      vertex 24.6536 19.453 15.85
    endloop
  endfacet
  facet normal 0.972372 0.233435 0
    outer loop
      vertex 24.6536 19.453 12.85
      vertex 24.9503 18.2171 15.85
      vertex 24.9503 18.2171 12.85
    endloop
  endfacet
  facet normal 0.996918 0.0784473 0
    outer loop
      vertex 25.05 16.9501 15.85
      vertex 24.9503 18.2171 12.85
      vertex 24.9503 18.2171 15.85
    endloop
  endfacet
  facet normal 0.996918 0.0784473 0
    outer loop
      vertex 24.9503 18.2171 12.85
      vertex 25.05 16.9501 15.85
      vertex 25.05 16.9501 12.85
    endloop
  endfacet
  facet normal 0.760433 0.649417 0
    outer loop
      vertex 23.503 21.7111 15.85
      vertex 22.6776 22.6776 12.85
      vertex 22.6776 22.6776 15.85
    endloop
  endfacet
  facet normal 0.760433 0.649417 0
    outer loop
      vertex 22.6776 22.6776 12.85
      vertex 23.503 21.7111 15.85
      vertex 23.503 21.7111 12.85
    endloop
  endfacet
  facet normal 0.852624 0.522525 0
    outer loop
      vertex 24.1672 20.6273 15.85
      vertex 23.503 21.7111 12.85
      vertex 23.503 21.7111 15.85
    endloop
  endfacet
  facet normal 0.852624 0.522525 0
    outer loop
      vertex 23.503 21.7111 12.85
      vertex 24.1672 20.6273 15.85
      vertex 24.1672 20.6273 12.85
    endloop
  endfacet
  facet normal -0.972372 0.233435 0
    outer loop
      vertex -24.9503 18.2171 12.85
      vertex -24.6536 19.453 15.85
      vertex -24.6536 19.453 12.85
    endloop
  endfacet
  facet normal -0.972372 0.233435 0
    outer loop
      vertex -24.6536 19.453 15.85
      vertex -24.9503 18.2171 12.85
      vertex -24.9503 18.2171 15.85
    endloop
  endfacet
  facet normal 0.233435 -0.972372 0
    outer loop
      vertex 18.2171 -24.9503 12.85
      vertex 19.453 -24.6536 15.85
      vertex 18.2171 -24.9503 15.85
    endloop
  endfacet
  facet normal 0.233435 -0.972372 0
    outer loop
      vertex 19.453 -24.6536 15.85
      vertex 18.2171 -24.9503 12.85
      vertex 19.453 -24.6536 12.85
    endloop
  endfacet
  facet normal 0.0784473 -0.996918 0
    outer loop
      vertex 16.9501 -25.05 12.85
      vertex 18.2171 -24.9503 15.85
      vertex 16.9501 -25.05 15.85
    endloop
  endfacet
  facet normal 0.0784473 -0.996918 0
    outer loop
      vertex 18.2171 -24.9503 15.85
      vertex 16.9501 -25.05 12.85
      vertex 18.2171 -24.9503 12.85
    endloop
  endfacet
  facet normal 0.522525 0.852624 -0
    outer loop
      vertex -19.7023 -23.2422 12.85
      vertex -20.7861 -22.578 15.85
      vertex -19.7023 -23.2422 15.85
    endloop
  endfacet
  facet normal 0.522525 0.852624 0
    outer loop
      vertex -20.7861 -22.578 15.85
      vertex -19.7023 -23.2422 12.85
      vertex -20.7861 -22.578 12.85
    endloop
  endfacet
  facet normal 0.649417 0.760433 -0
    outer loop
      vertex -20.7861 -22.578 12.85
      vertex -21.7526 -21.7526 15.85
      vertex -20.7861 -22.578 15.85
    endloop
  endfacet
  facet normal 0.649417 0.760433 0
    outer loop
      vertex -21.7526 -21.7526 15.85
      vertex -20.7861 -22.578 12.85
      vertex -21.7526 -21.7526 12.85
    endloop
  endfacet
  facet normal 0.996918 0.0784473 0
    outer loop
      vertex -24.0253 -17.2921 15.85
      vertex -24.125 -16.0251 12.85
      vertex -24.125 -16.0251 15.85
    endloop
  endfacet
  facet normal 0.996918 0.0784473 0
    outer loop
      vertex -24.125 -16.0251 12.85
      vertex -24.0253 -17.2921 15.85
      vertex -24.0253 -17.2921 12.85
    endloop
  endfacet
  facet normal -0.0784473 0.996918 0
    outer loop
      vertex 17.2921 -24.0253 12.85
      vertex 16.0251 -24.125 15.85
      vertex 17.2921 -24.0253 15.85
    endloop
  endfacet
  facet normal -0.0784473 0.996918 0
    outer loop
      vertex 16.0251 -24.125 15.85
      vertex 17.2921 -24.0253 12.85
      vertex 16.0251 -24.125 12.85
    endloop
  endfacet
  facet normal -0.522525 0.852624 0
    outer loop
      vertex 20.7861 -22.578 12.85
      vertex 19.7023 -23.2422 15.85
      vertex 20.7861 -22.578 15.85
    endloop
  endfacet
  facet normal -0.522525 0.852624 0
    outer loop
      vertex 19.7023 -23.2422 15.85
      vertex 20.7861 -22.578 12.85
      vertex 19.7023 -23.2422 12.85
    endloop
  endfacet
  facet normal 0.852624 0.522525 0
    outer loop
      vertex -22.578 -20.7861 15.85
      vertex -23.2422 -19.7023 12.85
      vertex -23.2422 -19.7023 15.85
    endloop
  endfacet
  facet normal 0.852624 0.522525 0
    outer loop
      vertex -23.2422 -19.7023 12.85
      vertex -22.578 -20.7861 15.85
      vertex -22.578 -20.7861 12.85
    endloop
  endfacet
  facet normal 1 -0 0
    outer loop
      vertex -24.125 -16.0251 15.85
      vertex -24.125 16.0251 12.85
      vertex -24.125 16.0251 15.85
    endloop
  endfacet
  facet normal 1 0 0
    outer loop
      vertex -24.125 16.0251 12.85
      vertex -24.125 -16.0251 15.85
      vertex -24.125 -16.0251 12.85
    endloop
  endfacet
  facet normal 0 -1 0
    outer loop
      vertex -16.0251 24.125 12.85
      vertex 16.0251 24.125 15.85
      vertex -16.0251 24.125 15.85
    endloop
  endfacet
  facet normal 0 -1 -0
    outer loop
      vertex 16.0251 24.125 15.85
      vertex -16.0251 24.125 12.85
      vertex 16.0251 24.125 12.85
    endloop
  endfacet
  facet normal 0.0784473 -0.996918 0
    outer loop
      vertex -17.2921 24.0253 12.85
      vertex -16.0251 24.125 15.85
      vertex -17.2921 24.0253 15.85
    endloop
  endfacet
  facet normal 0.0784473 -0.996918 0
    outer loop
      vertex -16.0251 24.125 15.85
      vertex -17.2921 24.0253 12.85
      vertex -16.0251 24.125 12.85
    endloop
  endfacet
  facet normal 0.649417 -0.760433 0
    outer loop
      vertex -21.7526 21.7526 12.85
      vertex -20.7861 22.578 15.85
      vertex -21.7526 21.7526 15.85
    endloop
  endfacet
  facet normal 0.649417 -0.760433 0
    outer loop
      vertex -20.7861 22.578 15.85
      vertex -21.7526 21.7526 12.85
      vertex -20.7861 22.578 12.85
    endloop
  endfacet
  facet normal 0 1 -0
    outer loop
      vertex 16.0251 -24.125 12.85
      vertex -16.0251 -24.125 15.85
      vertex 16.0251 -24.125 15.85
    endloop
  endfacet
  facet normal 0 1 0
    outer loop
      vertex -16.0251 -24.125 15.85
      vertex 16.0251 -24.125 12.85
      vertex -16.0251 -24.125 12.85
    endloop
  endfacet
  facet normal -1 0 0
    outer loop
      vertex 24.125 -16.0251 12.85
      vertex 24.125 16.0251 15.85
      vertex 24.125 16.0251 12.85
    endloop
  endfacet
  facet normal -1 -0 0
    outer loop
      vertex 24.125 16.0251 15.85
      vertex 24.125 -16.0251 12.85
      vertex 24.125 -16.0251 15.85
    endloop
  endfacet
  facet normal -0.996918 -0.0784473 0
    outer loop
      vertex 24.125 16.0251 12.85
      vertex 24.0253 17.2921 15.85
      vertex 24.0253 17.2921 12.85
    endloop
  endfacet
  facet normal -0.996918 -0.0784473 0
    outer loop
      vertex 24.0253 17.2921 15.85
      vertex 24.125 16.0251 12.85
      vertex 24.125 16.0251 15.85
    endloop
  endfacet
  facet normal -0.649417 -0.760433 0
    outer loop
      vertex 20.7861 22.578 12.85
      vertex 21.7526 21.7526 15.85
      vertex 20.7861 22.578 15.85
    endloop
  endfacet
  facet normal -0.649417 -0.760433 -0
    outer loop
      vertex 21.7526 21.7526 15.85
      vertex 20.7861 22.578 12.85
      vertex 21.7526 21.7526 12.85
    endloop
  endfacet
  facet normal 0.760433 0.649417 0
    outer loop
      vertex -21.7526 -21.7526 15.85
      vertex -22.578 -20.7861 12.85
      vertex -22.578 -20.7861 15.85
    endloop
  endfacet
  facet normal 0.760433 0.649417 0
    outer loop
      vertex -22.578 -20.7861 12.85
      vertex -21.7526 -21.7526 15.85
      vertex -21.7526 -21.7526 12.85
    endloop
  endfacet
  facet normal 0.923883 0.382676 0
    outer loop
      vertex -23.2422 -19.7023 15.85
      vertex -23.7286 -18.528 12.85
      vertex -23.7286 -18.528 15.85
    endloop
  endfacet
  facet normal 0.923883 0.382676 0
    outer loop
      vertex -23.7286 -18.528 12.85
      vertex -23.2422 -19.7023 15.85
      vertex -23.2422 -19.7023 12.85
    endloop
  endfacet
  facet normal 0.923883 -0.382676 0
    outer loop
      vertex -23.7286 18.528 15.85
      vertex -23.2422 19.7023 12.85
      vertex -23.2422 19.7023 15.85
    endloop
  endfacet
  facet normal 0.923883 -0.382676 0
    outer loop
      vertex -23.2422 19.7023 12.85
      vertex -23.7286 18.528 15.85
      vertex -23.7286 18.528 12.85
    endloop
  endfacet
  facet normal -0.233435 -0.972372 0
    outer loop
      vertex 17.2921 24.0253 12.85
      vertex 18.528 23.7286 15.85
      vertex 17.2921 24.0253 15.85
    endloop
  endfacet
  facet normal -0.233435 -0.972372 -0
    outer loop
      vertex 18.528 23.7286 15.85
      vertex 17.2921 24.0253 12.85
      vertex 18.528 23.7286 12.85
    endloop
  endfacet
  facet normal -0.0784473 -0.996918 0
    outer loop
      vertex 16.0251 24.125 12.85
      vertex 17.2921 24.0253 15.85
      vertex 16.0251 24.125 15.85
    endloop
  endfacet
  facet normal -0.0784473 -0.996918 -0
    outer loop
      vertex 17.2921 24.0253 15.85
      vertex 16.0251 24.125 12.85
      vertex 17.2921 24.0253 12.85
    endloop
  endfacet
  facet normal 0.382676 -0.923883 0
    outer loop
      vertex -19.7023 23.2422 12.85
      vertex -18.528 23.7286 15.85
      vertex -19.7023 23.2422 15.85
    endloop
  endfacet
  facet normal 0.382676 -0.923883 0
    outer loop
      vertex -18.528 23.7286 15.85
      vertex -19.7023 23.2422 12.85
      vertex -18.528 23.7286 12.85
    endloop
  endfacet
  facet normal 0.522525 -0.852624 0
    outer loop
      vertex -20.7861 22.578 12.85
      vertex -19.7023 23.2422 15.85
      vertex -20.7861 22.578 15.85
    endloop
  endfacet
  facet normal 0.522525 -0.852624 0
    outer loop
      vertex -19.7023 23.2422 15.85
      vertex -20.7861 22.578 12.85
      vertex -19.7023 23.2422 12.85
    endloop
  endfacet
  facet normal 0.382676 0.923883 -0
    outer loop
      vertex -18.528 -23.7286 12.85
      vertex -19.7023 -23.2422 15.85
      vertex -18.528 -23.7286 15.85
    endloop
  endfacet
  facet normal 0.382676 0.923883 0
    outer loop
      vertex -19.7023 -23.2422 15.85
      vertex -18.528 -23.7286 12.85
      vertex -19.7023 -23.2422 12.85
    endloop
  endfacet
  facet normal -0.649417 0.760433 0
    outer loop
      vertex 21.7526 -21.7526 12.85
      vertex 20.7861 -22.578 15.85
      vertex 21.7526 -21.7526 15.85
    endloop
  endfacet
  facet normal -0.649417 0.760433 0
    outer loop
      vertex 20.7861 -22.578 15.85
      vertex 21.7526 -21.7526 12.85
      vertex 20.7861 -22.578 12.85
    endloop
  endfacet
  facet normal -0.382676 0.923883 0
    outer loop
      vertex 19.7023 -23.2422 12.85
      vertex 18.528 -23.7286 15.85
      vertex 19.7023 -23.2422 15.85
    endloop
  endfacet
  facet normal -0.382676 0.923883 0
    outer loop
      vertex 18.528 -23.7286 15.85
      vertex 19.7023 -23.2422 12.85
      vertex 18.528 -23.7286 12.85
    endloop
  endfacet
  facet normal 0.0784473 0.996918 -0
    outer loop
      vertex -16.0251 -24.125 12.85
      vertex -17.2921 -24.0253 15.85
      vertex -16.0251 -24.125 15.85
    endloop
  endfacet
  facet normal 0.0784473 0.996918 0
    outer loop
      vertex -17.2921 -24.0253 15.85
      vertex -16.0251 -24.125 12.85
      vertex -17.2921 -24.0253 12.85
    endloop
  endfacet
  facet normal -0.923883 0.382676 0
    outer loop
      vertex 23.2422 -19.7023 12.85
      vertex 23.7286 -18.528 15.85
      vertex 23.7286 -18.528 12.85
    endloop
  endfacet
  facet normal -0.923883 0.382676 0
    outer loop
      vertex 23.7286 -18.528 15.85
      vertex 23.2422 -19.7023 12.85
      vertex 23.2422 -19.7023 15.85
    endloop
  endfacet
  facet normal -0.923883 -0.382676 0
    outer loop
      vertex 23.7286 18.528 12.85
      vertex 23.2422 19.7023 15.85
      vertex 23.2422 19.7023 12.85
    endloop
  endfacet
  facet normal -0.923883 -0.382676 0
    outer loop
      vertex 23.2422 19.7023 15.85
      vertex 23.7286 18.528 12.85
      vertex 23.7286 18.528 15.85
    endloop
  endfacet
  facet normal -0.972372 -0.233435 0
    outer loop
      vertex 24.0253 17.2921 12.85
      vertex 23.7286 18.528 15.85
      vertex 23.7286 18.528 12.85
    endloop
  endfacet
  facet normal -0.972372 -0.233435 0
    outer loop
      vertex 23.7286 18.528 15.85
      vertex 24.0253 17.2921 12.85
      vertex 24.0253 17.2921 15.85
    endloop
  endfacet
  facet normal -0.760433 -0.649417 0
    outer loop
      vertex 22.578 20.7861 12.85
      vertex 21.7526 21.7526 15.85
      vertex 21.7526 21.7526 12.85
    endloop
  endfacet
  facet normal -0.760433 -0.649417 0
    outer loop
      vertex 21.7526 21.7526 15.85
      vertex 22.578 20.7861 12.85
      vertex 22.578 20.7861 15.85
    endloop
  endfacet
  facet normal -0.852624 -0.522525 0
    outer loop
      vertex 23.2422 19.7023 12.85
      vertex 22.578 20.7861 15.85
      vertex 22.578 20.7861 12.85
    endloop
  endfacet
  facet normal -0.852624 -0.522525 0
    outer loop
      vertex 22.578 20.7861 15.85
      vertex 23.2422 19.7023 12.85
      vertex 23.2422 19.7023 15.85
    endloop
  endfacet
  facet normal 0 0 1
    outer loop
      vertex 16.0251 24.125 12.85
      vertex 24.125 16.0251 12.85
      vertex 24.0253 17.2921 12.85
    endloop
  endfacet
  facet normal 0 0 1
    outer loop
      vertex 24.125 16.0251 12.85
      vertex 16.0251 24.125 12.85
      vertex 24.125 -16.0251 12.85
    endloop
  endfacet
  facet normal 0 0 1
    outer loop
      vertex 16.0251 24.125 12.85
      vertex 24.0253 17.2921 12.85
      vertex 23.7286 18.528 12.85
    endloop
  endfacet
  facet normal 0 0 1
    outer loop
      vertex 16.0251 -24.125 12.85
      vertex 24.125 -16.0251 12.85
      vertex 16.0251 24.125 12.85
    endloop
  endfacet
  facet normal 0 0 1
    outer loop
      vertex 16.0251 24.125 12.85
      vertex 23.7286 18.528 12.85
      vertex 23.2422 19.7023 12.85
    endloop
  endfacet
  facet normal 0 0 1
    outer loop
      vertex 24.125 -16.0251 12.85
      vertex 16.0251 -24.125 12.85
      vertex 24.0253 -17.2921 12.85
    endloop
  endfacet
  facet normal 0 0 1
    outer loop
      vertex 16.0251 24.125 12.85
      vertex 23.2422 19.7023 12.85
      vertex 22.578 20.7861 12.85
    endloop
  endfacet
  facet normal 0 0 1
    outer loop
      vertex 24.0253 -17.2921 12.85
      vertex 16.0251 -24.125 12.85
      vertex 23.7286 -18.528 12.85
    endloop
  endfacet
  facet normal 0 0 1
    outer loop
      vertex 16.0251 24.125 12.85
      vertex 22.578 20.7861 12.85
      vertex 21.7526 21.7526 12.85
    endloop
  endfacet
  facet normal 0 0 1
    outer loop
      vertex 23.7286 -18.528 12.85
      vertex 16.0251 -24.125 12.85
      vertex 23.2422 -19.7023 12.85
    endloop
  endfacet
  facet normal 0 0 1
    outer loop
      vertex 16.0251 24.125 12.85
      vertex 21.7526 21.7526 12.85
      vertex 20.7861 22.578 12.85
    endloop
  endfacet
  facet normal 0 0 1
    outer loop
      vertex 23.2422 -19.7023 12.85
      vertex 16.0251 -24.125 12.85
      vertex 22.578 -20.7861 12.85
    endloop
  endfacet
  facet normal 0 0 1
    outer loop
      vertex 16.0251 24.125 12.85
      vertex 20.7861 22.578 12.85
      vertex 19.7023 23.2422 12.85
    endloop
  endfacet
  facet normal 0 0 1
    outer loop
      vertex 22.578 -20.7861 12.85
      vertex 16.0251 -24.125 12.85
      vertex 21.7526 -21.7526 12.85
    endloop
  endfacet
  facet normal 0 0 1
    outer loop
      vertex 16.0251 24.125 12.85
      vertex 19.7023 23.2422 12.85
      vertex 18.528 23.7286 12.85
    endloop
  endfacet
  facet normal 0 0 1
    outer loop
      vertex 21.7526 -21.7526 12.85
      vertex 16.0251 -24.125 12.85
      vertex 20.7861 -22.578 12.85
    endloop
  endfacet
  facet normal 0 0 1
    outer loop
      vertex 16.0251 24.125 12.85
      vertex 18.528 23.7286 12.85
      vertex 17.2921 24.0253 12.85
    endloop
  endfacet
  facet normal 0 0 1
    outer loop
      vertex 20.7861 -22.578 12.85
      vertex 16.0251 -24.125 12.85
      vertex 19.7023 -23.2422 12.85
    endloop
  endfacet
  facet normal 0 0 1
    outer loop
      vertex 19.7023 -23.2422 12.85
      vertex 16.0251 -24.125 12.85
      vertex 18.528 -23.7286 12.85
    endloop
  endfacet
  facet normal 0 0 1
    outer loop
      vertex 18.528 -23.7286 12.85
      vertex 16.0251 -24.125 12.85
      vertex 17.2921 -24.0253 12.85
    endloop
  endfacet
  facet normal -0 0 1
    outer loop
      vertex -16.0251 24.125 12.85
      vertex 16.0251 -24.125 12.85
      vertex 16.0251 24.125 12.85
    endloop
  endfacet
  facet normal 0 0 1
    outer loop
      vertex -16.0251 24.125 12.85
      vertex -16.0251 -24.125 12.85
      vertex 16.0251 -24.125 12.85
    endloop
  endfacet
  facet normal 0 0 1
    outer loop
      vertex -24.125 16.0251 12.85
      vertex -16.0251 24.125 12.85
      vertex -17.2921 24.0253 12.85
    endloop
  endfacet
  facet normal 0 0 1
    outer loop
      vertex -16.0251 24.125 12.85
      vertex -24.125 16.0251 12.85
      vertex -16.0251 -24.125 12.85
    endloop
  endfacet
  facet normal 0 0 1
    outer loop
      vertex -24.125 16.0251 12.85
      vertex -17.2921 24.0253 12.85
      vertex -18.528 23.7286 12.85
    endloop
  endfacet
  facet normal -0 0 1
    outer loop
      vertex -24.125 -16.0251 12.85
      vertex -16.0251 -24.125 12.85
      vertex -24.125 16.0251 12.85
    endloop
  endfacet
  facet normal 0 0 1
    outer loop
      vertex -24.125 16.0251 12.85
      vertex -18.528 23.7286 12.85
      vertex -19.7023 23.2422 12.85
    endloop
  endfacet
  facet normal 0 0 1
    outer loop
      vertex -16.0251 -24.125 12.85
      vertex -24.125 -16.0251 12.85
      vertex -17.2921 -24.0253 12.85
    endloop
  endfacet
  facet normal 0 0 1
    outer loop
      vertex -24.125 16.0251 12.85
      vertex -19.7023 23.2422 12.85
      vertex -20.7861 22.578 12.85
    endloop
  endfacet
  facet normal 0 0 1
    outer loop
      vertex -17.2921 -24.0253 12.85
      vertex -24.125 -16.0251 12.85
      vertex -18.528 -23.7286 12.85
    endloop
  endfacet
  facet normal 0 0 1
    outer loop
      vertex -24.125 16.0251 12.85
      vertex -20.7861 22.578 12.85
      vertex -21.7526 21.7526 12.85
    endloop
  endfacet
  facet normal 0 0 1
    outer loop
      vertex -18.528 -23.7286 12.85
      vertex -24.125 -16.0251 12.85
      vertex -19.7023 -23.2422 12.85
    endloop
  endfacet
  facet normal 0 0 1
    outer loop
      vertex -24.125 16.0251 12.85
      vertex -21.7526 21.7526 12.85
      vertex -22.578 20.7861 12.85
    endloop
  endfacet
  facet normal 0 0 1
    outer loop
      vertex -19.7023 -23.2422 12.85
      vertex -24.125 -16.0251 12.85
      vertex -20.7861 -22.578 12.85
    endloop
  endfacet
  facet normal 0 0 1
    outer loop
      vertex -24.125 16.0251 12.85
      vertex -22.578 20.7861 12.85
      vertex -23.2422 19.7023 12.85
    endloop
  endfacet
  facet normal 0 0 1
    outer loop
      vertex -20.7861 -22.578 12.85
      vertex -24.125 -16.0251 12.85
      vertex -21.7526 -21.7526 12.85
    endloop
  endfacet
  facet normal 0 0 1
    outer loop
      vertex -24.125 16.0251 12.85
      vertex -23.2422 19.7023 12.85
      vertex -23.7286 18.528 12.85
    endloop
  endfacet
  facet normal 0 0 1
    outer loop
      vertex -21.7526 -21.7526 12.85
      vertex -24.125 -16.0251 12.85
      vertex -22.578 -20.7861 12.85
    endloop
  endfacet
  facet normal 0 0 1
    outer loop
      vertex -24.125 16.0251 12.85
      vertex -23.7286 18.528 12.85
      vertex -24.0253 17.2921 12.85
    endloop
  endfacet
  facet normal 0 0 1
    outer loop
      vertex -22.578 -20.7861 12.85
      vertex -24.125 -16.0251 12.85
      vertex -23.2422 -19.7023 12.85
    endloop
  endfacet
  facet normal 0 0 1
    outer loop
      vertex -23.2422 -19.7023 12.85
      vertex -24.125 -16.0251 12.85
      vertex -23.7286 -18.528 12.85
    endloop
  endfacet
  facet normal 0 0 1
    outer loop
      vertex -23.7286 -18.528 12.85
      vertex -24.125 -16.0251 12.85
      vertex -24.0253 -17.2921 12.85
    endloop
  endfacet
  facet normal 0.972372 0.233435 0
    outer loop
      vertex -23.7286 -18.528 15.85
      vertex -24.0253 -17.2921 12.85
      vertex -24.0253 -17.2921 15.85
    endloop
  endfacet
  facet normal 0.972372 0.233435 0
    outer loop
      vertex -24.0253 -17.2921 12.85
      vertex -23.7286 -18.528 15.85
      vertex -23.7286 -18.528 12.85
    endloop
  endfacet
  facet normal 0.972372 -0.233435 0
    outer loop
      vertex -24.0253 17.2921 15.85
      vertex -23.7286 18.528 12.85
      vertex -23.7286 18.528 15.85
    endloop
  endfacet
  facet normal 0.972372 -0.233435 0
    outer loop
      vertex -23.7286 18.528 12.85
      vertex -24.0253 17.2921 15.85
      vertex -24.0253 17.2921 12.85
    endloop
  endfacet
  facet normal 0.852624 -0.522525 0
    outer loop
      vertex -23.2422 19.7023 15.85
      vertex -22.578 20.7861 12.85
      vertex -22.578 20.7861 15.85
    endloop
  endfacet
  facet normal 0.852624 -0.522525 0
    outer loop
      vertex -22.578 20.7861 12.85
      vertex -23.2422 19.7023 15.85
      vertex -23.2422 19.7023 12.85
    endloop
  endfacet
  facet normal 0.760433 -0.649417 0
    outer loop
      vertex -22.578 20.7861 15.85
      vertex -21.7526 21.7526 12.85
      vertex -21.7526 21.7526 15.85
    endloop
  endfacet
  facet normal 0.760433 -0.649417 0
    outer loop
      vertex -21.7526 21.7526 12.85
      vertex -22.578 20.7861 15.85
      vertex -22.578 20.7861 12.85
    endloop
  endfacet
  facet normal -0.382676 -0.923883 0
    outer loop
      vertex 18.528 23.7286 12.85
      vertex 19.7023 23.2422 15.85
      vertex 18.528 23.7286 15.85
    endloop
  endfacet
  facet normal -0.382676 -0.923883 -0
    outer loop
      vertex 19.7023 23.2422 15.85
      vertex 18.528 23.7286 12.85
      vertex 19.7023 23.2422 12.85
    endloop
  endfacet
  facet normal -0.522525 -0.852624 0
    outer loop
      vertex 19.7023 23.2422 12.85
      vertex 20.7861 22.578 15.85
      vertex 19.7023 23.2422 15.85
    endloop
  endfacet
  facet normal -0.522525 -0.852624 -0
    outer loop
      vertex 20.7861 22.578 15.85
      vertex 19.7023 23.2422 12.85
      vertex 20.7861 22.578 12.85
    endloop
  endfacet
  facet normal 0.233435 -0.972372 0
    outer loop
      vertex -18.528 23.7286 12.85
      vertex -17.2921 24.0253 15.85
      vertex -18.528 23.7286 15.85
    endloop
  endfacet
  facet normal 0.233435 -0.972372 0
    outer loop
      vertex -17.2921 24.0253 15.85
      vertex -18.528 23.7286 12.85
      vertex -17.2921 24.0253 12.85
    endloop
  endfacet
  facet normal -0.233435 0.972372 0
    outer loop
      vertex 18.528 -23.7286 12.85
      vertex 17.2921 -24.0253 15.85
      vertex 18.528 -23.7286 15.85
    endloop
  endfacet
  facet normal -0.233435 0.972372 0
    outer loop
      vertex 17.2921 -24.0253 15.85
      vertex 18.528 -23.7286 12.85
      vertex 17.2921 -24.0253 12.85
    endloop
  endfacet
  facet normal 0.233435 0.972372 -0
    outer loop
      vertex -17.2921 -24.0253 12.85
      vertex -18.528 -23.7286 15.85
      vertex -17.2921 -24.0253 15.85
    endloop
  endfacet
  facet normal 0.233435 0.972372 0
    outer loop
      vertex -18.528 -23.7286 15.85
      vertex -17.2921 -24.0253 12.85
      vertex -18.528 -23.7286 12.85
    endloop
  endfacet
  facet normal -0.972372 0.233435 0
    outer loop
      vertex 23.7286 -18.528 12.85
      vertex 24.0253 -17.2921 15.85
      vertex 24.0253 -17.2921 12.85
    endloop
  endfacet
  facet normal -0.972372 0.233435 0
    outer loop
      vertex 24.0253 -17.2921 15.85
      vertex 23.7286 -18.528 12.85
      vertex 23.7286 -18.528 15.85
    endloop
  endfacet
  facet normal -0.852624 0.522525 0
    outer loop
      vertex 22.578 -20.7861 12.85
      vertex 23.2422 -19.7023 15.85
      vertex 23.2422 -19.7023 12.85
    endloop
  endfacet
  facet normal -0.852624 0.522525 0
    outer loop
      vertex 23.2422 -19.7023 15.85
      vertex 22.578 -20.7861 12.85
      vertex 22.578 -20.7861 15.85
    endloop
  endfacet
  facet normal -0.760433 0.649417 0
    outer loop
      vertex 21.7526 -21.7526 12.85
      vertex 22.578 -20.7861 15.85
      vertex 22.578 -20.7861 12.85
    endloop
  endfacet
  facet normal -0.760433 0.649417 0
    outer loop
      vertex 22.578 -20.7861 15.85
      vertex 21.7526 -21.7526 12.85
      vertex 21.7526 -21.7526 15.85
    endloop
  endfacet
  facet normal 0.996918 -0.0784473 0
    outer loop
      vertex -24.125 16.0251 15.85
      vertex -24.0253 17.2921 12.85
      vertex -24.0253 17.2921 15.85
    endloop
  endfacet
  facet normal 0.996918 -0.0784473 0
    outer loop
      vertex -24.0253 17.2921 12.85
      vertex -24.125 16.0251 15.85
      vertex -24.125 16.0251 12.85
    endloop
  endfacet
  facet normal -0.996918 0.0784473 0
    outer loop
      vertex 24.0253 -17.2921 12.85
      vertex 24.125 -16.0251 15.85
      vertex 24.125 -16.0251 12.85
    endloop
  endfacet
  facet normal -0.996918 0.0784473 0
    outer loop
      vertex 24.125 -16.0251 15.85
      vertex 24.0253 -17.2921 12.85
      vertex 24.0253 -17.2921 15.85
    endloop
  endfacet
  facet normal -0.522525 -0.852624 0
    outer loop
      vertex -23.5611 -25.353 9.53674e-07
      vertex -22.4773 -26.0172 12.85
      vertex -23.5611 -25.353 12.85
    endloop
  endfacet
  facet normal -0.522525 -0.852624 -0
    outer loop
      vertex -22.4773 -26.0172 12.85
      vertex -23.5611 -25.353 9.53674e-07
      vertex -22.4773 -26.0172 9.53674e-07
    endloop
  endfacet
  facet normal -0 0 1
    outer loop
      vertex 24.6536 19.453 12.85
      vertex 26.9 18.8001 12.85
      vertex 26.8003 20.0671 12.85
    endloop
  endfacet
  facet normal 0 0 1
    outer loop
      vertex 26.9 18.8001 12.85
      vertex 25.05 16.9501 12.85
      vertex 26.9 -18.8001 12.85
    endloop
  endfacet
  facet normal 0 0 1
    outer loop
      vertex 24.6536 19.453 12.85
      vertex 26.8003 20.0671 12.85
      vertex 26.5036 21.303 12.85
    endloop
  endfacet
  facet normal -0 0 1
    outer loop
      vertex 25.05 -16.9501 12.85
      vertex 26.9 -18.8001 12.85
      vertex 25.05 16.9501 12.85
    endloop
  endfacet
  facet normal 0 0 1
    outer loop
      vertex 24.1672 20.6273 12.85
      vertex 26.5036 21.303 12.85
      vertex 26.0172 22.4773 12.85
    endloop
  endfacet
  facet normal -0 0 1
    outer loop
      vertex 24.9503 -18.2171 12.85
      vertex 26.9 -18.8001 12.85
      vertex 25.05 -16.9501 12.85
    endloop
  endfacet
  facet normal 0 0 1
    outer loop
      vertex 23.503 21.7111 12.85
      vertex 26.0172 22.4773 12.85
      vertex 25.353 23.5611 12.85
    endloop
  endfacet
  facet normal 0 0 1
    outer loop
      vertex 24.6536 -19.453 12.85
      vertex 26.9 -18.8001 12.85
      vertex 24.9503 -18.2171 12.85
    endloop
  endfacet
  facet normal 0 0 1
    outer loop
      vertex 26.9 -18.8001 12.85
      vertex 24.6536 -19.453 12.85
      vertex 26.8003 -20.0671 12.85
    endloop
  endfacet
  facet normal 0 0 1
    outer loop
      vertex 26.9 18.8001 12.85
      vertex 24.9503 18.2171 12.85
      vertex 25.05 16.9501 12.85
    endloop
  endfacet
  facet normal 0 0 1
    outer loop
      vertex 26.9 18.8001 12.85
      vertex 24.6536 19.453 12.85
      vertex 24.9503 18.2171 12.85
    endloop
  endfacet
  facet normal 0 0 1
    outer loop
      vertex 22.6776 22.6776 12.85
      vertex 25.353 23.5611 12.85
      vertex 24.5276 24.5276 12.85
    endloop
  endfacet
  facet normal 0 0 1
    outer loop
      vertex 26.5036 21.303 12.85
      vertex 24.1672 20.6273 12.85
      vertex 24.6536 19.453 12.85
    endloop
  endfacet
  facet normal 0 0 1
    outer loop
      vertex 22.6776 22.6776 12.85
      vertex 24.5276 24.5276 12.85
      vertex 23.5611 25.353 12.85
    endloop
  endfacet
  facet normal 0 0 1
    outer loop
      vertex 26.0172 22.4773 12.85
      vertex 23.503 21.7111 12.85
      vertex 24.1672 20.6273 12.85
    endloop
  endfacet
  facet normal 0 0 1
    outer loop
      vertex 25.353 23.5611 12.85
      vertex 22.6776 22.6776 12.85
      vertex 23.503 21.7111 12.85
    endloop
  endfacet
  facet normal 0 0 1
    outer loop
      vertex 21.7111 23.503 12.85
      vertex 23.5611 25.353 12.85
      vertex 22.4773 26.0172 12.85
    endloop
  endfacet
  facet normal 0 0 1
    outer loop
      vertex 23.5611 25.353 12.85
      vertex 21.7111 23.503 12.85
      vertex 22.6776 22.6776 12.85
    endloop
  endfacet
  facet normal 0 0 1
    outer loop
      vertex 20.6273 24.1672 12.85
      vertex 22.4773 26.0172 12.85
      vertex 21.303 26.5036 12.85
    endloop
  endfacet
  facet normal 0 0 1
    outer loop
      vertex 22.4773 26.0172 12.85
      vertex 20.6273 24.1672 12.85
      vertex 21.7111 23.503 12.85
    endloop
  endfacet
  facet normal 0 0 1
    outer loop
      vertex 19.453 24.6536 12.85
      vertex 21.303 26.5036 12.85
      vertex 20.0671 26.8003 12.85
    endloop
  endfacet
  facet normal 0 0 1
    outer loop
      vertex 21.303 26.5036 12.85
      vertex 19.453 24.6536 12.85
      vertex 20.6273 24.1672 12.85
    endloop
  endfacet
  facet normal 0 0 1
    outer loop
      vertex 18.8001 26.9 12.85
      vertex 19.453 24.6536 12.85
      vertex 20.0671 26.8003 12.85
    endloop
  endfacet
  facet normal 0 0 1
    outer loop
      vertex 18.8001 26.9 12.85
      vertex 18.2171 24.9503 12.85
      vertex 19.453 24.6536 12.85
    endloop
  endfacet
  facet normal 0 0 1
    outer loop
      vertex 18.8001 26.9 12.85
      vertex 16.9501 25.05 12.85
      vertex 18.2171 24.9503 12.85
    endloop
  endfacet
  facet normal 0 0 1
    outer loop
      vertex 18.8001 26.9 12.85
      vertex -16.9501 25.05 12.85
      vertex 16.9501 25.05 12.85
    endloop
  endfacet
  facet normal -0 0 1
    outer loop
      vertex -18.8001 26.9 12.85
      vertex -16.9501 25.05 12.85
      vertex 18.8001 26.9 12.85
    endloop
  endfacet
  facet normal 0 0 1
    outer loop
      vertex -18.8001 26.9 12.85
      vertex -18.2171 24.9503 12.85
      vertex -16.9501 25.05 12.85
    endloop
  endfacet
  facet normal 0 0 1
    outer loop
      vertex -18.8001 26.9 12.85
      vertex -19.453 24.6536 12.85
      vertex -18.2171 24.9503 12.85
    endloop
  endfacet
  facet normal -0 0 1
    outer loop
      vertex -20.0671 26.8003 12.85
      vertex -19.453 24.6536 12.85
      vertex -18.8001 26.9 12.85
    endloop
  endfacet
  facet normal -0 0 1
    outer loop
      vertex -21.303 26.5036 12.85
      vertex -19.453 24.6536 12.85
      vertex -20.0671 26.8003 12.85
    endloop
  endfacet
  facet normal 0 0 1
    outer loop
      vertex -19.453 24.6536 12.85
      vertex -21.303 26.5036 12.85
      vertex -20.6273 24.1672 12.85
    endloop
  endfacet
  facet normal -0 0 1
    outer loop
      vertex -22.4773 26.0172 12.85
      vertex -20.6273 24.1672 12.85
      vertex -21.303 26.5036 12.85
    endloop
  endfacet
  facet normal 0 0 1
    outer loop
      vertex -20.6273 24.1672 12.85
      vertex -22.4773 26.0172 12.85
      vertex -21.7111 23.503 12.85
    endloop
  endfacet
  facet normal -0 0 1
    outer loop
      vertex -23.5611 25.353 12.85
      vertex -21.7111 23.503 12.85
      vertex -22.4773 26.0172 12.85
    endloop
  endfacet
  facet normal 0 0 1
    outer loop
      vertex -21.7111 23.503 12.85
      vertex -23.5611 25.353 12.85
      vertex -22.6776 22.6776 12.85
    endloop
  endfacet
  facet normal -0 0 1
    outer loop
      vertex -24.5276 24.5276 12.85
      vertex -22.6776 22.6776 12.85
      vertex -23.5611 25.353 12.85
    endloop
  endfacet
  facet normal -0 0 1
    outer loop
      vertex -25.353 23.5611 12.85
      vertex -22.6776 22.6776 12.85
      vertex -24.5276 24.5276 12.85
    endloop
  endfacet
  facet normal 0 0 1
    outer loop
      vertex -22.6776 22.6776 12.85
      vertex -25.353 23.5611 12.85
      vertex -23.503 21.7111 12.85
    endloop
  endfacet
  facet normal -0 0 1
    outer loop
      vertex -26.0172 22.4773 12.85
      vertex -23.503 21.7111 12.85
      vertex -25.353 23.5611 12.85
    endloop
  endfacet
  facet normal 0 0 1
    outer loop
      vertex -23.503 21.7111 12.85
      vertex -26.0172 22.4773 12.85
      vertex -24.1672 20.6273 12.85
    endloop
  endfacet
  facet normal -0 0 1
    outer loop
      vertex -26.5036 21.303 12.85
      vertex -24.1672 20.6273 12.85
      vertex -26.0172 22.4773 12.85
    endloop
  endfacet
  facet normal -0 0 1
    outer loop
      vertex -26.8003 20.0671 12.85
      vertex -24.6536 19.453 12.85
      vertex -26.5036 21.303 12.85
    endloop
  endfacet
  facet normal 0 0 1
    outer loop
      vertex -24.1672 20.6273 12.85
      vertex -26.5036 21.303 12.85
      vertex -24.6536 19.453 12.85
    endloop
  endfacet
  facet normal 0 0 1
    outer loop
      vertex 26.8003 -20.0671 12.85
      vertex 24.6536 -19.453 12.85
      vertex 26.5036 -21.303 12.85
    endloop
  endfacet
  facet normal -0 0 1
    outer loop
      vertex 24.1672 -20.6273 12.85
      vertex 26.5036 -21.303 12.85
      vertex 24.6536 -19.453 12.85
    endloop
  endfacet
  facet normal 0 0 1
    outer loop
      vertex 26.5036 -21.303 12.85
      vertex 24.1672 -20.6273 12.85
      vertex 26.0172 -22.4773 12.85
    endloop
  endfacet
  facet normal -0 0 1
    outer loop
      vertex 23.503 -21.7111 12.85
      vertex 26.0172 -22.4773 12.85
      vertex 24.1672 -20.6273 12.85
    endloop
  endfacet
  facet normal 0 0 1
    outer loop
      vertex 26.0172 -22.4773 12.85
      vertex 23.503 -21.7111 12.85
      vertex 25.353 -23.5611 12.85
    endloop
  endfacet
  facet normal -0 0 1
    outer loop
      vertex 22.6776 -22.6776 12.85
      vertex 25.353 -23.5611 12.85
      vertex 23.503 -21.7111 12.85
    endloop
  endfacet
  facet normal 0 0 1
    outer loop
      vertex 25.353 -23.5611 12.85
      vertex 22.6776 -22.6776 12.85
      vertex 24.5276 -24.5276 12.85
    endloop
  endfacet
  facet normal 0 0 1
    outer loop
      vertex 24.5276 -24.5276 12.85
      vertex 22.6776 -22.6776 12.85
      vertex 23.5611 -25.353 12.85
    endloop
  endfacet
  facet normal -0 0 1
    outer loop
      vertex 21.7111 -23.503 12.85
      vertex 23.5611 -25.353 12.85
      vertex 22.6776 -22.6776 12.85
    endloop
  endfacet
  facet normal 0 0 1
    outer loop
      vertex 23.5611 -25.353 12.85
      vertex 21.7111 -23.503 12.85
      vertex 22.4773 -26.0172 12.85
    endloop
  endfacet
  facet normal -0 0 1
    outer loop
      vertex 20.6273 -24.1672 12.85
      vertex 22.4773 -26.0172 12.85
      vertex 21.7111 -23.503 12.85
    endloop
  endfacet
  facet normal 0 0 1
    outer loop
      vertex 22.4773 -26.0172 12.85
      vertex 20.6273 -24.1672 12.85
      vertex 21.303 -26.5036 12.85
    endloop
  endfacet
  facet normal -0 0 1
    outer loop
      vertex 19.453 -24.6536 12.85
      vertex 21.303 -26.5036 12.85
      vertex 20.6273 -24.1672 12.85
    endloop
  endfacet
  facet normal 0 0 1
    outer loop
      vertex 21.303 -26.5036 12.85
      vertex 19.453 -24.6536 12.85
      vertex 20.0671 -26.8003 12.85
    endloop
  endfacet
  facet normal 0 0 1
    outer loop
      vertex 19.453 -24.6536 12.85
      vertex 18.8001 -26.9 12.85
      vertex 20.0671 -26.8003 12.85
    endloop
  endfacet
  facet normal -0 0 1
    outer loop
      vertex 18.2171 -24.9503 12.85
      vertex 18.8001 -26.9 12.85
      vertex 19.453 -24.6536 12.85
    endloop
  endfacet
  facet normal -0 0 1
    outer loop
      vertex 16.9501 -25.05 12.85
      vertex 18.8001 -26.9 12.85
      vertex 18.2171 -24.9503 12.85
    endloop
  endfacet
  facet normal -0 0 1
    outer loop
      vertex -16.9501 -25.05 12.85
      vertex 18.8001 -26.9 12.85
      vertex 16.9501 -25.05 12.85
    endloop
  endfacet
  facet normal 0 0 1
    outer loop
      vertex -16.9501 -25.05 12.85
      vertex -18.8001 -26.9 12.85
      vertex 18.8001 -26.9 12.85
    endloop
  endfacet
  facet normal 0 0 1
    outer loop
      vertex -18.2171 -24.9503 12.85
      vertex -18.8001 -26.9 12.85
      vertex -16.9501 -25.05 12.85
    endloop
  endfacet
  facet normal 0 0 1
    outer loop
      vertex -19.453 -24.6536 12.85
      vertex -18.8001 -26.9 12.85
      vertex -18.2171 -24.9503 12.85
    endloop
  endfacet
  facet normal 0 0 1
    outer loop
      vertex -19.453 -24.6536 12.85
      vertex -20.0671 -26.8003 12.85
      vertex -18.8001 -26.9 12.85
    endloop
  endfacet
  facet normal 0 0 1
    outer loop
      vertex -21.303 -26.5036 12.85
      vertex -19.453 -24.6536 12.85
      vertex -20.6273 -24.1672 12.85
    endloop
  endfacet
  facet normal 0 0 1
    outer loop
      vertex -19.453 -24.6536 12.85
      vertex -21.303 -26.5036 12.85
      vertex -20.0671 -26.8003 12.85
    endloop
  endfacet
  facet normal 0 0 1
    outer loop
      vertex -22.4773 -26.0172 12.85
      vertex -20.6273 -24.1672 12.85
      vertex -21.7111 -23.503 12.85
    endloop
  endfacet
  facet normal 0 0 1
    outer loop
      vertex -20.6273 -24.1672 12.85
      vertex -22.4773 -26.0172 12.85
      vertex -21.303 -26.5036 12.85
    endloop
  endfacet
  facet normal 0 0 1
    outer loop
      vertex -23.5611 -25.353 12.85
      vertex -21.7111 -23.503 12.85
      vertex -22.6776 -22.6776 12.85
    endloop
  endfacet
  facet normal 0 0 1
    outer loop
      vertex -25.353 -23.5611 12.85
      vertex -22.6776 -22.6776 12.85
      vertex -23.503 -21.7111 12.85
    endloop
  endfacet
  facet normal 0 0 1
    outer loop
      vertex -21.7111 -23.503 12.85
      vertex -23.5611 -25.353 12.85
      vertex -22.4773 -26.0172 12.85
    endloop
  endfacet
  facet normal 0 0 1
    outer loop
      vertex -26.0172 -22.4773 12.85
      vertex -23.503 -21.7111 12.85
      vertex -24.1672 -20.6273 12.85
    endloop
  endfacet
  facet normal 0 0 1
    outer loop
      vertex -22.6776 -22.6776 12.85
      vertex -24.5276 -24.5276 12.85
      vertex -23.5611 -25.353 12.85
    endloop
  endfacet
  facet normal 0 0 1
    outer loop
      vertex -26.5036 -21.303 12.85
      vertex -24.1672 -20.6273 12.85
      vertex -24.6536 -19.453 12.85
    endloop
  endfacet
  facet normal -0 0 1
    outer loop
      vertex -26.9 -18.8001 12.85
      vertex -24.6536 -19.453 12.85
      vertex -24.9503 -18.2171 12.85
    endloop
  endfacet
  facet normal 0 0 1
    outer loop
      vertex -26.9 -18.8001 12.85
      vertex -24.9503 -18.2171 12.85
      vertex -25.05 -16.9501 12.85
    endloop
  endfacet
  facet normal 0 0 1
    outer loop
      vertex -22.6776 -22.6776 12.85
      vertex -25.353 -23.5611 12.85
      vertex -24.5276 -24.5276 12.85
    endloop
  endfacet
  facet normal 0 0 1
    outer loop
      vertex -25.05 16.9501 12.85
      vertex -26.9 18.8001 12.85
      vertex -25.05 -16.9501 12.85
    endloop
  endfacet
  facet normal 0 0 1
    outer loop
      vertex -26.9 18.8001 12.85
      vertex -24.6536 19.453 12.85
      vertex -26.8003 20.0671 12.85
    endloop
  endfacet
  facet normal 0 0 1
    outer loop
      vertex -26.9 -18.8001 12.85
      vertex -25.05 -16.9501 12.85
      vertex -26.9 18.8001 12.85
    endloop
  endfacet
  facet normal 0 0 1
    outer loop
      vertex -24.6536 19.453 12.85
      vertex -26.9 18.8001 12.85
      vertex -24.9503 18.2171 12.85
    endloop
  endfacet
  facet normal 0 0 1
    outer loop
      vertex -24.6536 -19.453 12.85
      vertex -26.9 -18.8001 12.85
      vertex -26.8003 -20.0671 12.85
    endloop
  endfacet
  facet normal 0 0 1
    outer loop
      vertex -24.9503 18.2171 12.85
      vertex -26.9 18.8001 12.85
      vertex -25.05 16.9501 12.85
    endloop
  endfacet
  facet normal 0 0 1
    outer loop
      vertex -23.503 -21.7111 12.85
      vertex -26.0172 -22.4773 12.85
      vertex -25.353 -23.5611 12.85
    endloop
  endfacet
  facet normal 0 0 1
    outer loop
      vertex -24.1672 -20.6273 12.85
      vertex -26.5036 -21.303 12.85
      vertex -26.0172 -22.4773 12.85
    endloop
  endfacet
  facet normal 0 0 1
    outer loop
      vertex -24.6536 -19.453 12.85
      vertex -26.8003 -20.0671 12.85
      vertex -26.5036 -21.303 12.85
    endloop
  endfacet
  facet normal -1 0 0
    outer loop
      vertex -26.9 -18.8001 9.53674e-07
      vertex -26.9 18.8001 12.85
      vertex -26.9 18.8001 9.53674e-07
    endloop
  endfacet
  facet normal -1 -0 0
    outer loop
      vertex -26.9 18.8001 12.85
      vertex -26.9 -18.8001 9.53674e-07
      vertex -26.9 -18.8001 12.85
    endloop
  endfacet
  facet normal -0.852624 0.522525 0
    outer loop
      vertex -26.0172 22.4773 9.53674e-07
      vertex -25.353 23.5611 12.85
      vertex -25.353 23.5611 9.53674e-07
    endloop
  endfacet
  facet normal -0.852624 0.522525 0
    outer loop
      vertex -25.353 23.5611 12.85
      vertex -26.0172 22.4773 9.53674e-07
      vertex -26.0172 22.4773 12.85
    endloop
  endfacet
  facet normal 0.382676 0.923883 -0
    outer loop
      vertex 22.4773 26.0172 9.53674e-07
      vertex 21.303 26.5036 12.85
      vertex 22.4773 26.0172 12.85
    endloop
  endfacet
  facet normal 0.382676 0.923883 0
    outer loop
      vertex 21.303 26.5036 12.85
      vertex 22.4773 26.0172 9.53674e-07
      vertex 21.303 26.5036 9.53674e-07
    endloop
  endfacet
  facet normal 0 1 -0
    outer loop
      vertex 18.8001 26.9 9.53674e-07
      vertex -18.8001 26.9 12.85
      vertex 18.8001 26.9 12.85
    endloop
  endfacet
  facet normal 0 1 0
    outer loop
      vertex -18.8001 26.9 12.85
      vertex 18.8001 26.9 9.53674e-07
      vertex -18.8001 26.9 9.53674e-07
    endloop
  endfacet
  facet normal 0.382676 -0.923883 0
    outer loop
      vertex 21.303 -26.5036 9.53674e-07
      vertex 22.4773 -26.0172 12.85
      vertex 21.303 -26.5036 12.85
    endloop
  endfacet
  facet normal 0.382676 -0.923883 0
    outer loop
      vertex 22.4773 -26.0172 12.85
      vertex 21.303 -26.5036 9.53674e-07
      vertex 22.4773 -26.0172 9.53674e-07
    endloop
  endfacet
  facet normal 0 -1 0
    outer loop
      vertex -18.8001 -26.9 9.53674e-07
      vertex 18.8001 -26.9 12.85
      vertex -18.8001 -26.9 12.85
    endloop
  endfacet
  facet normal 0 -1 -0
    outer loop
      vertex 18.8001 -26.9 12.85
      vertex -18.8001 -26.9 9.53674e-07
      vertex 18.8001 -26.9 9.53674e-07
    endloop
  endfacet
  facet normal 1 -0 0
    outer loop
      vertex 26.9 -18.8001 12.85
      vertex 26.9 18.8001 9.53674e-07
      vertex 26.9 18.8001 12.85
    endloop
  endfacet
  facet normal 1 0 0
    outer loop
      vertex 26.9 18.8001 9.53674e-07
      vertex 26.9 -18.8001 12.85
      vertex 26.9 -18.8001 9.53674e-07
    endloop
  endfacet
  facet normal -0.649417 -0.760433 0
    outer loop
      vertex -24.5276 -24.5276 9.53674e-07
      vertex -23.5611 -25.353 12.85
      vertex -24.5276 -24.5276 12.85
    endloop
  endfacet
  facet normal -0.649417 -0.760433 -0
    outer loop
      vertex -23.5611 -25.353 12.85
      vertex -24.5276 -24.5276 9.53674e-07
      vertex -23.5611 -25.353 9.53674e-07
    endloop
  endfacet
  facet normal -0.923883 -0.382676 0
    outer loop
      vertex -26.0172 -22.4773 9.53674e-07
      vertex -26.5036 -21.303 12.85
      vertex -26.5036 -21.303 9.53674e-07
    endloop
  endfacet
  facet normal -0.923883 -0.382676 0
    outer loop
      vertex -26.5036 -21.303 12.85
      vertex -26.0172 -22.4773 9.53674e-07
      vertex -26.0172 -22.4773 12.85
    endloop
  endfacet
  facet normal -0.760433 0.649417 0
    outer loop
      vertex -25.353 23.5611 9.53674e-07
      vertex -24.5276 24.5276 12.85
      vertex -24.5276 24.5276 9.53674e-07
    endloop
  endfacet
  facet normal -0.760433 0.649417 0
    outer loop
      vertex -24.5276 24.5276 12.85
      vertex -25.353 23.5611 9.53674e-07
      vertex -25.353 23.5611 12.85
    endloop
  endfacet
  facet normal -0.996918 0.0784473 0
    outer loop
      vertex -26.9 18.8001 9.53674e-07
      vertex -26.8003 20.0671 12.85
      vertex -26.8003 20.0671 9.53674e-07
    endloop
  endfacet
  facet normal -0.996918 0.0784473 0
    outer loop
      vertex -26.8003 20.0671 12.85
      vertex -26.9 18.8001 9.53674e-07
      vertex -26.9 18.8001 12.85
    endloop
  endfacet
  facet normal 0.522525 0.852624 -0
    outer loop
      vertex 23.5611 25.353 9.53674e-07
      vertex 22.4773 26.0172 12.85
      vertex 23.5611 25.353 12.85
    endloop
  endfacet
  facet normal 0.522525 0.852624 0
    outer loop
      vertex 22.4773 26.0172 12.85
      vertex 23.5611 25.353 9.53674e-07
      vertex 22.4773 26.0172 9.53674e-07
    endloop
  endfacet
  facet normal 0.0784473 0.996918 -0
    outer loop
      vertex 20.0671 26.8003 9.53674e-07
      vertex 18.8001 26.9 12.85
      vertex 20.0671 26.8003 12.85
    endloop
  endfacet
  facet normal 0.0784473 0.996918 0
    outer loop
      vertex 18.8001 26.9 12.85
      vertex 20.0671 26.8003 9.53674e-07
      vertex 18.8001 26.9 9.53674e-07
    endloop
  endfacet
  facet normal -0.649417 0.760433 0
    outer loop
      vertex -23.5611 25.353 9.53674e-07
      vertex -24.5276 24.5276 12.85
      vertex -23.5611 25.353 12.85
    endloop
  endfacet
  facet normal -0.649417 0.760433 0
    outer loop
      vertex -24.5276 24.5276 12.85
      vertex -23.5611 25.353 9.53674e-07
      vertex -24.5276 24.5276 9.53674e-07
    endloop
  endfacet
  facet normal -0.522525 0.852624 0
    outer loop
      vertex -22.4773 26.0172 9.53674e-07
      vertex -23.5611 25.353 12.85
      vertex -22.4773 26.0172 12.85
    endloop
  endfacet
  facet normal -0.522525 0.852624 0
    outer loop
      vertex -23.5611 25.353 12.85
      vertex -22.4773 26.0172 9.53674e-07
      vertex -23.5611 25.353 9.53674e-07
    endloop
  endfacet
  facet normal -0.382676 0.923883 0
    outer loop
      vertex -21.303 26.5036 9.53674e-07
      vertex -22.4773 26.0172 12.85
      vertex -21.303 26.5036 12.85
    endloop
  endfacet
  facet normal -0.382676 0.923883 0
    outer loop
      vertex -22.4773 26.0172 12.85
      vertex -21.303 26.5036 9.53674e-07
      vertex -22.4773 26.0172 9.53674e-07
    endloop
  endfacet
  facet normal -0.382676 -0.923883 0
    outer loop
      vertex -22.4773 -26.0172 9.53674e-07
      vertex -21.303 -26.5036 12.85
      vertex -22.4773 -26.0172 12.85
    endloop
  endfacet
  facet normal -0.382676 -0.923883 -0
    outer loop
      vertex -21.303 -26.5036 12.85
      vertex -22.4773 -26.0172 9.53674e-07
      vertex -21.303 -26.5036 9.53674e-07
    endloop
  endfacet
  facet normal -0.0784473 -0.996918 0
    outer loop
      vertex -20.0671 -26.8003 9.53674e-07
      vertex -18.8001 -26.9 12.85
      vertex -20.0671 -26.8003 12.85
    endloop
  endfacet
  facet normal -0.0784473 -0.996918 -0
    outer loop
      vertex -18.8001 -26.9 12.85
      vertex -20.0671 -26.8003 9.53674e-07
      vertex -18.8001 -26.9 9.53674e-07
    endloop
  endfacet
  facet normal 0.0784473 -0.996918 0
    outer loop
      vertex 18.8001 -26.9 9.53674e-07
      vertex 20.0671 -26.8003 12.85
      vertex 18.8001 -26.9 12.85
    endloop
  endfacet
  facet normal 0.0784473 -0.996918 0
    outer loop
      vertex 20.0671 -26.8003 12.85
      vertex 18.8001 -26.9 9.53674e-07
      vertex 20.0671 -26.8003 9.53674e-07
    endloop
  endfacet
  facet normal 0.760433 -0.649417 0
    outer loop
      vertex 24.5276 -24.5276 12.85
      vertex 25.353 -23.5611 9.53674e-07
      vertex 25.353 -23.5611 12.85
    endloop
  endfacet
  facet normal 0.760433 -0.649417 0
    outer loop
      vertex 25.353 -23.5611 9.53674e-07
      vertex 24.5276 -24.5276 12.85
      vertex 24.5276 -24.5276 9.53674e-07
    endloop
  endfacet
  facet normal 0.996918 -0.0784473 0
    outer loop
      vertex 26.8003 -20.0671 12.85
      vertex 26.9 -18.8001 9.53674e-07
      vertex 26.9 -18.8001 12.85
    endloop
  endfacet
  facet normal 0.996918 -0.0784473 0
    outer loop
      vertex 26.9 -18.8001 9.53674e-07
      vertex 26.8003 -20.0671 12.85
      vertex 26.8003 -20.0671 9.53674e-07
    endloop
  endfacet
  facet normal 0.923883 -0.382676 0
    outer loop
      vertex 26.0172 -22.4773 12.85
      vertex 26.5036 -21.303 9.53674e-07
      vertex 26.5036 -21.303 12.85
    endloop
  endfacet
  facet normal 0.923883 -0.382676 0
    outer loop
      vertex 26.5036 -21.303 9.53674e-07
      vertex 26.0172 -22.4773 12.85
      vertex 26.0172 -22.4773 9.53674e-07
    endloop
  endfacet
  facet normal 0.649417 0.760433 -0
    outer loop
      vertex 24.5276 24.5276 9.53674e-07
      vertex 23.5611 25.353 12.85
      vertex 24.5276 24.5276 12.85
    endloop
  endfacet
  facet normal 0.649417 0.760433 0
    outer loop
      vertex 23.5611 25.353 12.85
      vertex 24.5276 24.5276 9.53674e-07
      vertex 23.5611 25.353 9.53674e-07
    endloop
  endfacet
  facet normal 0.923883 0.382676 0
    outer loop
      vertex 26.5036 21.303 12.85
      vertex 26.0172 22.4773 9.53674e-07
      vertex 26.0172 22.4773 12.85
    endloop
  endfacet
  facet normal 0.923883 0.382676 0
    outer loop
      vertex 26.0172 22.4773 9.53674e-07
      vertex 26.5036 21.303 12.85
      vertex 26.5036 21.303 9.53674e-07
    endloop
  endfacet
  facet normal -0.760433 -0.649417 0
    outer loop
      vertex -24.5276 -24.5276 9.53674e-07
      vertex -25.353 -23.5611 12.85
      vertex -25.353 -23.5611 9.53674e-07
    endloop
  endfacet
  facet normal -0.760433 -0.649417 0
    outer loop
      vertex -25.353 -23.5611 12.85
      vertex -24.5276 -24.5276 9.53674e-07
      vertex -24.5276 -24.5276 12.85
    endloop
  endfacet
  facet normal -0.852624 -0.522525 0
    outer loop
      vertex -25.353 -23.5611 9.53674e-07
      vertex -26.0172 -22.4773 12.85
      vertex -26.0172 -22.4773 9.53674e-07
    endloop
  endfacet
  facet normal -0.852624 -0.522525 0
    outer loop
      vertex -26.0172 -22.4773 12.85
      vertex -25.353 -23.5611 9.53674e-07
      vertex -25.353 -23.5611 12.85
    endloop
  endfacet
  facet normal -0.972372 -0.233435 0
    outer loop
      vertex -26.5036 -21.303 9.53674e-07
      vertex -26.8003 -20.0671 12.85
      vertex -26.8003 -20.0671 9.53674e-07
    endloop
  endfacet
  facet normal -0.972372 -0.233435 0
    outer loop
      vertex -26.8003 -20.0671 12.85
      vertex -26.5036 -21.303 9.53674e-07
      vertex -26.5036 -21.303 12.85
    endloop
  endfacet
  facet normal -0.996918 -0.0784473 0
    outer loop
      vertex -26.8003 -20.0671 9.53674e-07
      vertex -26.9 -18.8001 12.85
      vertex -26.9 -18.8001 9.53674e-07
    endloop
  endfacet
  facet normal -0.996918 -0.0784473 0
    outer loop
      vertex -26.9 -18.8001 12.85
      vertex -26.8003 -20.0671 9.53674e-07
      vertex -26.8003 -20.0671 12.85
    endloop
  endfacet
  facet normal -0.923883 0.382676 0
    outer loop
      vertex -26.5036 21.303 9.53674e-07
      vertex -26.0172 22.4773 12.85
      vertex -26.0172 22.4773 9.53674e-07
    endloop
  endfacet
  facet normal -0.923883 0.382676 0
    outer loop
      vertex -26.0172 22.4773 12.85
      vertex -26.5036 21.303 9.53674e-07
      vertex -26.5036 21.303 12.85
    endloop
  endfacet
  facet normal 0.233435 0.972372 -0
    outer loop
      vertex 21.303 26.5036 9.53674e-07
      vertex 20.0671 26.8003 12.85
      vertex 21.303 26.5036 12.85
    endloop
  endfacet
  facet normal 0.233435 0.972372 0
    outer loop
      vertex 20.0671 26.8003 12.85
      vertex 21.303 26.5036 9.53674e-07
      vertex 20.0671 26.8003 9.53674e-07
    endloop
  endfacet
  facet normal -0.233435 0.972372 0
    outer loop
      vertex -20.0671 26.8003 9.53674e-07
      vertex -21.303 26.5036 12.85
      vertex -20.0671 26.8003 12.85
    endloop
  endfacet
  facet normal -0.233435 0.972372 0
    outer loop
      vertex -21.303 26.5036 12.85
      vertex -20.0671 26.8003 9.53674e-07
      vertex -21.303 26.5036 9.53674e-07
    endloop
  endfacet
  facet normal -0.0784473 0.996918 0
    outer loop
      vertex -18.8001 26.9 9.53674e-07
      vertex -20.0671 26.8003 12.85
      vertex -18.8001 26.9 12.85
    endloop
  endfacet
  facet normal -0.0784473 0.996918 0
    outer loop
      vertex -20.0671 26.8003 12.85
      vertex -18.8001 26.9 9.53674e-07
      vertex -20.0671 26.8003 9.53674e-07
    endloop
  endfacet
  facet normal 0.649417 -0.760433 0
    outer loop
      vertex 23.5611 -25.353 9.53674e-07
      vertex 24.5276 -24.5276 12.85
      vertex 23.5611 -25.353 12.85
    endloop
  endfacet
  facet normal 0.649417 -0.760433 0
    outer loop
      vertex 24.5276 -24.5276 12.85
      vertex 23.5611 -25.353 9.53674e-07
      vertex 24.5276 -24.5276 9.53674e-07
    endloop
  endfacet
  facet normal 0.522525 -0.852624 0
    outer loop
      vertex 22.4773 -26.0172 9.53674e-07
      vertex 23.5611 -25.353 12.85
      vertex 22.4773 -26.0172 12.85
    endloop
  endfacet
  facet normal 0.522525 -0.852624 0
    outer loop
      vertex 23.5611 -25.353 12.85
      vertex 22.4773 -26.0172 9.53674e-07
      vertex 23.5611 -25.353 9.53674e-07
    endloop
  endfacet
  facet normal -0.233435 -0.972372 0
    outer loop
      vertex -21.303 -26.5036 9.53674e-07
      vertex -20.0671 -26.8003 12.85
      vertex -21.303 -26.5036 12.85
    endloop
  endfacet
  facet normal -0.233435 -0.972372 -0
    outer loop
      vertex -20.0671 -26.8003 12.85
      vertex -21.303 -26.5036 9.53674e-07
      vertex -20.0671 -26.8003 9.53674e-07
    endloop
  endfacet
  facet normal 0.233435 -0.972372 0
    outer loop
      vertex 20.0671 -26.8003 9.53674e-07
      vertex 21.303 -26.5036 12.85
      vertex 20.0671 -26.8003 12.85
    endloop
  endfacet
  facet normal 0.233435 -0.972372 0
    outer loop
      vertex 21.303 -26.5036 12.85
      vertex 20.0671 -26.8003 9.53674e-07
      vertex 21.303 -26.5036 9.53674e-07
    endloop
  endfacet
  facet normal 0.972372 -0.233435 0
    outer loop
      vertex 26.5036 -21.303 12.85
      vertex 26.8003 -20.0671 9.53674e-07
      vertex 26.8003 -20.0671 12.85
    endloop
  endfacet
  facet normal 0.972372 -0.233435 0
    outer loop
      vertex 26.8003 -20.0671 9.53674e-07
      vertex 26.5036 -21.303 12.85
      vertex 26.5036 -21.303 9.53674e-07
    endloop
  endfacet
  facet normal 0.852624 -0.522525 0
    outer loop
      vertex 25.353 -23.5611 12.85
      vertex 26.0172 -22.4773 9.53674e-07
      vertex 26.0172 -22.4773 12.85
    endloop
  endfacet
  facet normal 0.852624 -0.522525 0
    outer loop
      vertex 26.0172 -22.4773 9.53674e-07
      vertex 25.353 -23.5611 12.85
      vertex 25.353 -23.5611 9.53674e-07
    endloop
  endfacet
  facet normal 0.760433 0.649417 0
    outer loop
      vertex 25.353 23.5611 12.85
      vertex 24.5276 24.5276 9.53674e-07
      vertex 24.5276 24.5276 12.85
    endloop
  endfacet
  facet normal 0.760433 0.649417 0
    outer loop
      vertex 24.5276 24.5276 9.53674e-07
      vertex 25.353 23.5611 12.85
      vertex 25.353 23.5611 9.53674e-07
    endloop
  endfacet
  facet normal 0.852624 0.522525 0
    outer loop
      vertex 26.0172 22.4773 12.85
      vertex 25.353 23.5611 9.53674e-07
      vertex 25.353 23.5611 12.85
    endloop
  endfacet
  facet normal 0.852624 0.522525 0
    outer loop
      vertex 25.353 23.5611 9.53674e-07
      vertex 26.0172 22.4773 12.85
      vertex 26.0172 22.4773 9.53674e-07
    endloop
  endfacet
  facet normal 0.972372 0.233435 0
    outer loop
      vertex 26.8003 20.0671 12.85
      vertex 26.5036 21.303 9.53674e-07
      vertex 26.5036 21.303 12.85
    endloop
  endfacet
  facet normal 0.972372 0.233435 0
    outer loop
      vertex 26.5036 21.303 9.53674e-07
      vertex 26.8003 20.0671 12.85
      vertex 26.8003 20.0671 9.53674e-07
    endloop
  endfacet
  facet normal 0.996918 0.0784473 0
    outer loop
      vertex 26.9 18.8001 12.85
      vertex 26.8003 20.0671 9.53674e-07
      vertex 26.8003 20.0671 12.85
    endloop
  endfacet
  facet normal 0.996918 0.0784473 0
    outer loop
      vertex 26.8003 20.0671 9.53674e-07
      vertex 26.9 18.8001 12.85
      vertex 26.9 18.8001 9.53674e-07
    endloop
  endfacet
  facet normal -0.972372 0.233435 0
    outer loop
      vertex -26.8003 20.0671 9.53674e-07
      vertex -26.5036 21.303 12.85
      vertex -26.5036 21.303 9.53674e-07
    endloop
  endfacet
  facet normal -0.972372 0.233435 0
    outer loop
      vertex -26.5036 21.303 12.85
      vertex -26.8003 20.0671 9.53674e-07
      vertex -26.8003 20.0671 12.85
    endloop
  endfacet
  facet normal 0 0 -1
    outer loop
      vertex 20.875 -20.875 9.53674e-07
      vertex 26.9 -18.8001 9.53674e-07
      vertex 26.8003 -20.0671 9.53674e-07
    endloop
  endfacet
  facet normal -0 0 -1
    outer loop
      vertex 26.9 -18.8001 9.53674e-07
      vertex 20.875 -20.875 9.53674e-07
      vertex 26.9 18.8001 9.53674e-07
    endloop
  endfacet
  facet normal 0 0 -1
    outer loop
      vertex 20.875 -20.875 9.53674e-07
      vertex 26.8003 -20.0671 9.53674e-07
      vertex 26.5036 -21.303 9.53674e-07
    endloop
  endfacet
  facet normal 0 0 -1
    outer loop
      vertex 20.875 20.875 9.53674e-07
      vertex 26.9 18.8001 9.53674e-07
      vertex 20.875 -20.875 9.53674e-07
    endloop
  endfacet
  facet normal 0 0 -1
    outer loop
      vertex 20.875 -20.875 9.53674e-07
      vertex 26.5036 -21.303 9.53674e-07
      vertex 26.0172 -22.4773 9.53674e-07
    endloop
  endfacet
  facet normal 0 0 -1
    outer loop
      vertex 26.9 18.8001 9.53674e-07
      vertex 20.875 20.875 9.53674e-07
      vertex 26.8003 20.0671 9.53674e-07
    endloop
  endfacet
  facet normal 0 0 -1
    outer loop
      vertex 20.875 -20.875 9.53674e-07
      vertex 26.0172 -22.4773 9.53674e-07
      vertex 25.353 -23.5611 9.53674e-07
    endloop
  endfacet
  facet normal 0 0 -1
    outer loop
      vertex 26.8003 20.0671 9.53674e-07
      vertex 20.875 20.875 9.53674e-07
      vertex 26.5036 21.303 9.53674e-07
    endloop
  endfacet
  facet normal 0 0 -1
    outer loop
      vertex 20.875 -20.875 9.53674e-07
      vertex 25.353 -23.5611 9.53674e-07
      vertex 24.5276 -24.5276 9.53674e-07
    endloop
  endfacet
  facet normal -0 0 -1
    outer loop
      vertex 26.5036 21.303 9.53674e-07
      vertex 20.875 20.875 9.53674e-07
      vertex 26.0172 22.4773 9.53674e-07
    endloop
  endfacet
  facet normal 0 0 -1
    outer loop
      vertex 20.875 -20.875 9.53674e-07
      vertex 24.5276 -24.5276 9.53674e-07
      vertex 23.5611 -25.353 9.53674e-07
    endloop
  endfacet
  facet normal -0 0 -1
    outer loop
      vertex 26.0172 22.4773 9.53674e-07
      vertex 20.875 20.875 9.53674e-07
      vertex 25.353 23.5611 9.53674e-07
    endloop
  endfacet
  facet normal 0 0 -1
    outer loop
      vertex 20.875 -20.875 9.53674e-07
      vertex 23.5611 -25.353 9.53674e-07
      vertex 22.4773 -26.0172 9.53674e-07
    endloop
  endfacet
  facet normal -0 0 -1
    outer loop
      vertex 25.353 23.5611 9.53674e-07
      vertex 20.875 20.875 9.53674e-07
      vertex 24.5276 24.5276 9.53674e-07
    endloop
  endfacet
  facet normal 0 0 -1
    outer loop
      vertex 20.875 -20.875 9.53674e-07
      vertex 22.4773 -26.0172 9.53674e-07
      vertex 21.303 -26.5036 9.53674e-07
    endloop
  endfacet
  facet normal -0 0 -1
    outer loop
      vertex 24.5276 24.5276 9.53674e-07
      vertex 20.875 20.875 9.53674e-07
      vertex 23.5611 25.353 9.53674e-07
    endloop
  endfacet
  facet normal -0 0 -1
    outer loop
      vertex 23.5611 25.353 9.53674e-07
      vertex 20.875 20.875 9.53674e-07
      vertex 22.4773 26.0172 9.53674e-07
    endloop
  endfacet
  facet normal 0 0 -1
    outer loop
      vertex 20.0671 -26.8003 9.53674e-07
      vertex 20.875 -20.875 9.53674e-07
      vertex 21.303 -26.5036 9.53674e-07
    endloop
  endfacet
  facet normal 0 0 -1
    outer loop
      vertex 18.8001 -26.9 9.53674e-07
      vertex 20.875 -20.875 9.53674e-07
      vertex 20.0671 -26.8003 9.53674e-07
    endloop
  endfacet
  facet normal 0 0 -1
    outer loop
      vertex -18.8001 -26.9 9.53674e-07
      vertex 20.875 -20.875 9.53674e-07
      vertex 18.8001 -26.9 9.53674e-07
    endloop
  endfacet
  facet normal 0 0 -1
    outer loop
      vertex -20.875 -20.875 9.53674e-07
      vertex -18.8001 -26.9 9.53674e-07
      vertex -20.0671 -26.8003 9.53674e-07
    endloop
  endfacet
  facet normal 0 0 -1
    outer loop
      vertex -18.8001 -26.9 9.53674e-07
      vertex -20.875 -20.875 9.53674e-07
      vertex 20.875 -20.875 9.53674e-07
    endloop
  endfacet
  facet normal 0 0 -1
    outer loop
      vertex -22.4773 -26.0172 9.53674e-07
      vertex -20.875 -20.875 9.53674e-07
      vertex -21.303 -26.5036 9.53674e-07
    endloop
  endfacet
  facet normal 0 0 -1
    outer loop
      vertex -21.303 -26.5036 9.53674e-07
      vertex -20.875 -20.875 9.53674e-07
      vertex -20.0671 -26.8003 9.53674e-07
    endloop
  endfacet
  facet normal -0 0 -1
    outer loop
      vertex 22.4773 26.0172 9.53674e-07
      vertex 20.875 20.875 9.53674e-07
      vertex 21.303 26.5036 9.53674e-07
    endloop
  endfacet
  facet normal 0 0 -1
    outer loop
      vertex 20.875 20.875 9.53674e-07
      vertex 20.0671 26.8003 9.53674e-07
      vertex 21.303 26.5036 9.53674e-07
    endloop
  endfacet
  facet normal 0 0 -1
    outer loop
      vertex 20.875 20.875 9.53674e-07
      vertex 18.8001 26.9 9.53674e-07
      vertex 20.0671 26.8003 9.53674e-07
    endloop
  endfacet
  facet normal 0 0 -1
    outer loop
      vertex 20.875 20.875 9.53674e-07
      vertex -18.8001 26.9 9.53674e-07
      vertex 18.8001 26.9 9.53674e-07
    endloop
  endfacet
  facet normal 0 0 -1
    outer loop
      vertex -20.875 20.875 9.53674e-07
      vertex -18.8001 26.9 9.53674e-07
      vertex 20.875 20.875 9.53674e-07
    endloop
  endfacet
  facet normal 0 0 -1
    outer loop
      vertex -18.8001 26.9 9.53674e-07
      vertex -20.875 20.875 9.53674e-07
      vertex -20.0671 26.8003 9.53674e-07
    endloop
  endfacet
  facet normal 0 0 -1
    outer loop
      vertex -20.875 20.875 9.53674e-07
      vertex -21.303 26.5036 9.53674e-07
      vertex -20.0671 26.8003 9.53674e-07
    endloop
  endfacet
  facet normal 0 0 -1
    outer loop
      vertex -20.875 -20.875 9.53674e-07
      vertex -26.9 -18.8001 9.53674e-07
      vertex -20.875 20.875 9.53674e-07
    endloop
  endfacet
  facet normal 0 0 -1
    outer loop
      vertex -23.5611 -25.353 9.53674e-07
      vertex -20.875 -20.875 9.53674e-07
      vertex -22.4773 -26.0172 9.53674e-07
    endloop
  endfacet
  facet normal 0 0 -1
    outer loop
      vertex -26.9 18.8001 9.53674e-07
      vertex -20.875 20.875 9.53674e-07
      vertex -26.9 -18.8001 9.53674e-07
    endloop
  endfacet
  facet normal 0 0 -1
    outer loop
      vertex -24.5276 -24.5276 9.53674e-07
      vertex -20.875 -20.875 9.53674e-07
      vertex -23.5611 -25.353 9.53674e-07
    endloop
  endfacet
  facet normal 0 -0 -1
    outer loop
      vertex -26.8003 20.0671 9.53674e-07
      vertex -20.875 20.875 9.53674e-07
      vertex -26.9 18.8001 9.53674e-07
    endloop
  endfacet
  facet normal 0 0 -1
    outer loop
      vertex -25.353 -23.5611 9.53674e-07
      vertex -20.875 -20.875 9.53674e-07
      vertex -24.5276 -24.5276 9.53674e-07
    endloop
  endfacet
  facet normal 0 0 -1
    outer loop
      vertex -20.875 20.875 9.53674e-07
      vertex -22.4773 26.0172 9.53674e-07
      vertex -21.303 26.5036 9.53674e-07
    endloop
  endfacet
  facet normal 0 0 -1
    outer loop
      vertex -26.0172 -22.4773 9.53674e-07
      vertex -20.875 -20.875 9.53674e-07
      vertex -25.353 -23.5611 9.53674e-07
    endloop
  endfacet
  facet normal 0 0 -1
    outer loop
      vertex -20.875 20.875 9.53674e-07
      vertex -23.5611 25.353 9.53674e-07
      vertex -22.4773 26.0172 9.53674e-07
    endloop
  endfacet
  facet normal 0 0 -1
    outer loop
      vertex -26.5036 -21.303 9.53674e-07
      vertex -20.875 -20.875 9.53674e-07
      vertex -26.0172 -22.4773 9.53674e-07
    endloop
  endfacet
  facet normal 0 0 -1
    outer loop
      vertex -20.875 20.875 9.53674e-07
      vertex -24.5276 24.5276 9.53674e-07
      vertex -23.5611 25.353 9.53674e-07
    endloop
  endfacet
  facet normal 0 0 -1
    outer loop
      vertex -26.8003 -20.0671 9.53674e-07
      vertex -20.875 -20.875 9.53674e-07
      vertex -26.5036 -21.303 9.53674e-07
    endloop
  endfacet
  facet normal 0 0 -1
    outer loop
      vertex -20.875 20.875 9.53674e-07
      vertex -25.353 23.5611 9.53674e-07
      vertex -24.5276 24.5276 9.53674e-07
    endloop
  endfacet
  facet normal 0 0 -1
    outer loop
      vertex -20.875 -20.875 9.53674e-07
      vertex -26.8003 -20.0671 9.53674e-07
      vertex -26.9 -18.8001 9.53674e-07
    endloop
  endfacet
  facet normal 0 0 -1
    outer loop
      vertex -20.875 20.875 9.53674e-07
      vertex -26.0172 22.4773 9.53674e-07
      vertex -25.353 23.5611 9.53674e-07
    endloop
  endfacet
  facet normal 0 0 -1
    outer loop
      vertex -20.875 20.875 9.53674e-07
      vertex -26.5036 21.303 9.53674e-07
      vertex -26.0172 22.4773 9.53674e-07
    endloop
  endfacet
  facet normal -0 0 -1
    outer loop
      vertex -20.875 20.875 9.53674e-07
      vertex -26.8003 20.0671 9.53674e-07
      vertex -26.5036 21.303 9.53674e-07
    endloop
  endfacet
  facet normal 1 -0 0
    outer loop
      vertex -20.875 -20.875 3.24
      vertex -20.875 20.875 9.53674e-07
      vertex -20.875 20.875 3.24
    endloop
  endfacet
  facet normal 1 0 0
    outer loop
      vertex -20.875 20.875 9.53674e-07
      vertex -20.875 -20.875 3.24
      vertex -20.875 -20.875 9.53674e-07
    endloop
  endfacet
  facet normal 0 0 -1
    outer loop
      vertex 20.875 -20.875 3.24
      vertex 18.725 -18.725 3.24
      vertex 20.875 20.875 3.24
    endloop
  endfacet
  facet normal 0 0 -1
    outer loop
      vertex 20.875 -20.875 3.24
      vertex -18.725 -18.725 3.24
      vertex 18.725 -18.725 3.24
    endloop
  endfacet
  facet normal -0 0 -1
    outer loop
      vertex -18.725 -18.725 3.24
      vertex -20.875 -20.875 3.24
      vertex -18.725 18.725 3.24
    endloop
  endfacet
  facet normal 0 0 -1
    outer loop
      vertex -20.875 -20.875 3.24
      vertex -18.725 -18.725 3.24
      vertex 20.875 -20.875 3.24
    endloop
  endfacet
  facet normal 0 0 -1
    outer loop
      vertex 18.725 18.725 3.24
      vertex 20.875 20.875 3.24
      vertex 18.725 -18.725 3.24
    endloop
  endfacet
  facet normal 0 0 -1
    outer loop
      vertex -18.725 18.725 3.24
      vertex 20.875 20.875 3.24
      vertex 18.725 18.725 3.24
    endloop
  endfacet
  facet normal 0 0 -1
    outer loop
      vertex -18.725 18.725 3.24
      vertex -20.875 20.875 3.24
      vertex 20.875 20.875 3.24
    endloop
  endfacet
  facet normal 0 0 -1
    outer loop
      vertex -20.875 20.875 3.24
      vertex -18.725 18.725 3.24
      vertex -20.875 -20.875 3.24
    endloop
  endfacet
  facet normal -1 0 0
    outer loop
      vertex 20.875 -20.875 9.53674e-07
      vertex 20.875 20.875 3.24
      vertex 20.875 20.875 9.53674e-07
    endloop
  endfacet
  facet normal -1 -0 0
    outer loop
      vertex 20.875 20.875 3.24
      vertex 20.875 -20.875 9.53674e-07
      vertex 20.875 -20.875 3.24
    endloop
  endfacet
  facet normal 0 -1 0
    outer loop
      vertex -20.875 20.875 9.53674e-07
      vertex 20.875 20.875 3.24
      vertex -20.875 20.875 3.24
    endloop
  endfacet
  facet normal 0 -1 -0
    outer loop
      vertex 20.875 20.875 3.24
      vertex -20.875 20.875 9.53674e-07
      vertex 20.875 20.875 9.53674e-07
    endloop
  endfacet
  facet normal 0 1 -0
    outer loop
      vertex 20.875 -20.875 9.53674e-07
      vertex -20.875 -20.875 3.24
      vertex 20.875 -20.875 3.24
    endloop
  endfacet
  facet normal 0 1 0
    outer loop
      vertex -20.875 -20.875 3.24
      vertex 20.875 -20.875 9.53674e-07
      vertex -20.875 -20.875 9.53674e-07
    endloop
  endfacet
  facet normal 1 -0 0
    outer loop
      vertex -18.725 -18.725 4.34
      vertex -18.725 18.725 3.24
      vertex -18.725 18.725 4.34
    endloop
  endfacet
  facet normal 1 0 0
    outer loop
      vertex -18.725 18.725 3.24
      vertex -18.725 -18.725 4.34
      vertex -18.725 -18.725 3.24
    endloop
  endfacet
  facet normal 0 0 -1
    outer loop
      vertex -18.725 -18.725 4.34
      vertex 18.725 18.725 4.34
      vertex 18.725 -18.725 4.34
    endloop
  endfacet
  facet normal -0 0 -1
    outer loop
      vertex 18.725 18.725 4.34
      vertex -18.725 -18.725 4.34
      vertex -18.725 18.725 4.34
    endloop
  endfacet
  facet normal -1 0 0
    outer loop
      vertex 18.725 -18.725 3.24
      vertex 18.725 18.725 4.34
      vertex 18.725 18.725 3.24
    endloop
  endfacet
  facet normal -1 -0 0
    outer loop
      vertex 18.725 18.725 4.34
      vertex 18.725 -18.725 3.24
      vertex 18.725 -18.725 4.34
    endloop
  endfacet
  facet normal 0 -1 0
    outer loop
      vertex -18.725 18.725 3.24
      vertex 18.725 18.725 4.34
      vertex -18.725 18.725 4.34
    endloop
  endfacet
  facet normal 0 -1 -0
    outer loop
      vertex 18.725 18.725 4.34
      vertex -18.725 18.725 3.24
      vertex 18.725 18.725 3.24
    endloop
  endfacet
  facet normal 0 1 -0
    outer loop
      vertex 18.725 -18.725 3.24
      vertex -18.725 -18.725 4.34
      vertex 18.725 -18.725 4.34
    endloop
  endfacet
  facet normal 0 1 0
    outer loop
      vertex -18.725 -18.725 4.34
      vertex 18.725 -18.725 3.24
      vertex -18.725 -18.725 3.24
    endloop
  endfacet
endsolid OpenSCAD_Model
