solid OpenSCAD_Model
  facet normal -0.522525 -0.852624 0
    outer loop
      vertex -21.6611 -23.453 0
      vertex -20.5773 -24.1172 12
      vertex -21.6611 -23.453 12
    endloop
  endfacet
  facet normal -0.522525 -0.852624 -0
    outer loop
      vertex -20.5773 -24.1172 12
      vertex -21.6611 -23.453 0
      vertex -20.5773 -24.1172 0
    endloop
  endfacet
  facet normal -0.233435 -0.972372 0
    outer loop
      vertex -19.403 -24.6036 0
      vertex -18.1671 -24.9003 12
      vertex -19.403 -24.6036 12
    endloop
  endfacet
  facet normal -0.233435 -0.972372 -0
    outer loop
      vertex -18.1671 -24.9003 12
      vertex -19.403 -24.6036 0
      vertex -18.1671 -24.9003 0
    endloop
  endfacet
  facet normal -0.382676 -0.923883 0
    outer loop
      vertex -20.5773 -24.1172 0
      vertex -19.403 -24.6036 12
      vertex -20.5773 -24.1172 12
    endloop
  endfacet
  facet normal -0.382676 -0.923883 -0
    outer loop
      vertex -19.403 -24.6036 12
      vertex -20.5773 -24.1172 0
      vertex -19.403 -24.6036 0
    endloop
  endfacet
  facet normal 0.996918 0.0784473 0
    outer loop
      vertex 25 16.9001 12
      vertex 24.9003 18.1671 0
      vertex 24.9003 18.1671 12
    endloop
  endfacet
  facet normal 0.996918 0.0784473 0
    outer loop
      vertex 24.9003 18.1671 0
      vertex 25 16.9001 12
      vertex 25 16.9001 0
    endloop
  endfacet
  facet normal -0.0784473 -0.996918 0
    outer loop
      vertex -18.1671 -24.9003 0
      vertex -16.9001 -25 12
      vertex -18.1671 -24.9003 12
    endloop
  endfacet
  facet normal -0.0784473 -0.996918 -0
    outer loop
      vertex -16.9001 -25 12
      vertex -18.1671 -24.9003 0
      vertex -16.9001 -25 0
    endloop
  endfacet
  facet normal -0.649417 -0.760433 0
    outer loop
      vertex -22.6276 -22.6276 0
      vertex -21.6611 -23.453 12
      vertex -22.6276 -22.6276 12
    endloop
  endfacet
  facet normal -0.649417 -0.760433 -0
    outer loop
      vertex -21.6611 -23.453 12
      vertex -22.6276 -22.6276 0
      vertex -21.6611 -23.453 0
    endloop
  endfacet
  facet normal -0.852624 -0.522525 0
    outer loop
      vertex -23.453 -21.6611 0
      vertex -24.1172 -20.5773 12
      vertex -24.1172 -20.5773 0
    endloop
  endfacet
  facet normal -0.852624 -0.522525 0
    outer loop
      vertex -24.1172 -20.5773 12
      vertex -23.453 -21.6611 0
      vertex -23.453 -21.6611 12
    endloop
  endfacet
  facet normal -0 0 1
    outer loop
      vertex 22.7536 17.553 12
      vertex 25 16.9001 12
      vertex 24.9003 18.1671 12
    endloop
  endfacet
  facet normal 0 0 1
    outer loop
      vertex 25 16.9001 12
      vertex 23.15 15.0501 12
      vertex 25 -16.9001 12
    endloop
  endfacet
  facet normal 0 0 1
    outer loop
      vertex 22.7536 17.553 12
      vertex 24.9003 18.1671 12
      vertex 24.6036 19.403 12
    endloop
  endfacet
  facet normal -0 0 1
    outer loop
      vertex 23.15 -15.0501 12
      vertex 25 -16.9001 12
      vertex 23.15 15.0501 12
    endloop
  endfacet
  facet normal 0 0 1
    outer loop
      vertex 22.2672 18.7273 12
      vertex 24.6036 19.403 12
      vertex 24.1172 20.5773 12
    endloop
  endfacet
  facet normal -0 0 1
    outer loop
      vertex 23.0503 -16.3171 12
      vertex 25 -16.9001 12
      vertex 23.15 -15.0501 12
    endloop
  endfacet
  facet normal 0 0 1
    outer loop
      vertex 21.603 19.8111 12
      vertex 24.1172 20.5773 12
      vertex 23.453 21.6611 12
    endloop
  endfacet
  facet normal 0 0 1
    outer loop
      vertex 22.7536 -17.553 12
      vertex 25 -16.9001 12
      vertex 23.0503 -16.3171 12
    endloop
  endfacet
  facet normal 0 0 1
    outer loop
      vertex 25 -16.9001 12
      vertex 22.7536 -17.553 12
      vertex 24.9003 -18.1671 12
    endloop
  endfacet
  facet normal 0 0 1
    outer loop
      vertex 25 16.9001 12
      vertex 23.0503 16.3171 12
      vertex 23.15 15.0501 12
    endloop
  endfacet
  facet normal 0 0 1
    outer loop
      vertex 25 16.9001 12
      vertex 22.7536 17.553 12
      vertex 23.0503 16.3171 12
    endloop
  endfacet
  facet normal 0 0 1
    outer loop
      vertex 20.7776 20.7776 12
      vertex 23.453 21.6611 12
      vertex 22.6276 22.6276 12
    endloop
  endfacet
  facet normal 0 0 1
    outer loop
      vertex 24.6036 19.403 12
      vertex 22.2672 18.7273 12
      vertex 22.7536 17.553 12
    endloop
  endfacet
  facet normal 0 0 1
    outer loop
      vertex 20.7776 20.7776 12
      vertex 22.6276 22.6276 12
      vertex 21.6611 23.453 12
    endloop
  endfacet
  facet normal 0 0 1
    outer loop
      vertex 24.1172 20.5773 12
      vertex 21.603 19.8111 12
      vertex 22.2672 18.7273 12
    endloop
  endfacet
  facet normal 0 0 1
    outer loop
      vertex 23.453 21.6611 12
      vertex 20.7776 20.7776 12
      vertex 21.603 19.8111 12
    endloop
  endfacet
  facet normal 0 0 1
    outer loop
      vertex 19.8111 21.603 12
      vertex 21.6611 23.453 12
      vertex 20.5773 24.1172 12
    endloop
  endfacet
  facet normal 0 0 1
    outer loop
      vertex 21.6611 23.453 12
      vertex 19.8111 21.603 12
      vertex 20.7776 20.7776 12
    endloop
  endfacet
  facet normal 0 0 1
    outer loop
      vertex 18.7273 22.2672 12
      vertex 20.5773 24.1172 12
      vertex 19.403 24.6036 12
    endloop
  endfacet
  facet normal 0 0 1
    outer loop
      vertex 20.5773 24.1172 12
      vertex 18.7273 22.2672 12
      vertex 19.8111 21.603 12
    endloop
  endfacet
  facet normal 0 0 1
    outer loop
      vertex 17.553 22.7536 12
      vertex 19.403 24.6036 12
      vertex 18.1671 24.9003 12
    endloop
  endfacet
  facet normal 0 0 1
    outer loop
      vertex 19.403 24.6036 12
      vertex 17.553 22.7536 12
      vertex 18.7273 22.2672 12
    endloop
  endfacet
  facet normal 0 0 1
    outer loop
      vertex 16.9001 25 12
      vertex 17.553 22.7536 12
      vertex 18.1671 24.9003 12
    endloop
  endfacet
  facet normal 0 0 1
    outer loop
      vertex 16.9001 25 12
      vertex 16.3171 23.0503 12
      vertex 17.553 22.7536 12
    endloop
  endfacet
  facet normal 0 0 1
    outer loop
      vertex 16.9001 25 12
      vertex 15.0501 23.15 12
      vertex 16.3171 23.0503 12
    endloop
  endfacet
  facet normal 0 0 1
    outer loop
      vertex 16.9001 25 12
      vertex -15.0501 23.15 12
      vertex 15.0501 23.15 12
    endloop
  endfacet
  facet normal -0 0 1
    outer loop
      vertex -16.9001 25 12
      vertex -15.0501 23.15 12
      vertex 16.9001 25 12
    endloop
  endfacet
  facet normal 0 0 1
    outer loop
      vertex -16.9001 25 12
      vertex -16.3171 23.0503 12
      vertex -15.0501 23.15 12
    endloop
  endfacet
  facet normal 0 0 1
    outer loop
      vertex -16.9001 25 12
      vertex -17.553 22.7536 12
      vertex -16.3171 23.0503 12
    endloop
  endfacet
  facet normal -0 0 1
    outer loop
      vertex -18.1671 24.9003 12
      vertex -17.553 22.7536 12
      vertex -16.9001 25 12
    endloop
  endfacet
  facet normal -0 0 1
    outer loop
      vertex -19.403 24.6036 12
      vertex -17.553 22.7536 12
      vertex -18.1671 24.9003 12
    endloop
  endfacet
  facet normal 0 0 1
    outer loop
      vertex -17.553 22.7536 12
      vertex -19.403 24.6036 12
      vertex -18.7273 22.2672 12
    endloop
  endfacet
  facet normal -0 0 1
    outer loop
      vertex -20.5773 24.1172 12
      vertex -18.7273 22.2672 12
      vertex -19.403 24.6036 12
    endloop
  endfacet
  facet normal 0 0 1
    outer loop
      vertex -18.7273 22.2672 12
      vertex -20.5773 24.1172 12
      vertex -19.8111 21.603 12
    endloop
  endfacet
  facet normal -0 0 1
    outer loop
      vertex -21.6611 23.453 12
      vertex -19.8111 21.603 12
      vertex -20.5773 24.1172 12
    endloop
  endfacet
  facet normal 0 0 1
    outer loop
      vertex -19.8111 21.603 12
      vertex -21.6611 23.453 12
      vertex -20.7776 20.7776 12
    endloop
  endfacet
  facet normal -0 0 1
    outer loop
      vertex -22.6276 22.6276 12
      vertex -20.7776 20.7776 12
      vertex -21.6611 23.453 12
    endloop
  endfacet
  facet normal -0 0 1
    outer loop
      vertex -23.453 21.6611 12
      vertex -20.7776 20.7776 12
      vertex -22.6276 22.6276 12
    endloop
  endfacet
  facet normal 0 0 1
    outer loop
      vertex -20.7776 20.7776 12
      vertex -23.453 21.6611 12
      vertex -21.603 19.8111 12
    endloop
  endfacet
  facet normal -0 0 1
    outer loop
      vertex -24.1172 20.5773 12
      vertex -21.603 19.8111 12
      vertex -23.453 21.6611 12
    endloop
  endfacet
  facet normal 0 0 1
    outer loop
      vertex -21.603 19.8111 12
      vertex -24.1172 20.5773 12
      vertex -22.2672 18.7273 12
    endloop
  endfacet
  facet normal -0 0 1
    outer loop
      vertex -24.6036 19.403 12
      vertex -22.2672 18.7273 12
      vertex -24.1172 20.5773 12
    endloop
  endfacet
  facet normal -0 0 1
    outer loop
      vertex -24.9003 18.1671 12
      vertex -22.7536 17.553 12
      vertex -24.6036 19.403 12
    endloop
  endfacet
  facet normal 0 0 1
    outer loop
      vertex -22.2672 18.7273 12
      vertex -24.6036 19.403 12
      vertex -22.7536 17.553 12
    endloop
  endfacet
  facet normal 0 0 1
    outer loop
      vertex 24.9003 -18.1671 12
      vertex 22.7536 -17.553 12
      vertex 24.6036 -19.403 12
    endloop
  endfacet
  facet normal -0 0 1
    outer loop
      vertex 22.2672 -18.7273 12
      vertex 24.6036 -19.403 12
      vertex 22.7536 -17.553 12
    endloop
  endfacet
  facet normal 0 0 1
    outer loop
      vertex 24.6036 -19.403 12
      vertex 22.2672 -18.7273 12
      vertex 24.1172 -20.5773 12
    endloop
  endfacet
  facet normal -0 0 1
    outer loop
      vertex 21.603 -19.8111 12
      vertex 24.1172 -20.5773 12
      vertex 22.2672 -18.7273 12
    endloop
  endfacet
  facet normal 0 0 1
    outer loop
      vertex 24.1172 -20.5773 12
      vertex 21.603 -19.8111 12
      vertex 23.453 -21.6611 12
    endloop
  endfacet
  facet normal -0 0 1
    outer loop
      vertex 20.7776 -20.7776 12
      vertex 23.453 -21.6611 12
      vertex 21.603 -19.8111 12
    endloop
  endfacet
  facet normal 0 0 1
    outer loop
      vertex 23.453 -21.6611 12
      vertex 20.7776 -20.7776 12
      vertex 22.6276 -22.6276 12
    endloop
  endfacet
  facet normal 0 0 1
    outer loop
      vertex 22.6276 -22.6276 12
      vertex 20.7776 -20.7776 12
      vertex 21.6611 -23.453 12
    endloop
  endfacet
  facet normal -0 0 1
    outer loop
      vertex 19.8111 -21.603 12
      vertex 21.6611 -23.453 12
      vertex 20.7776 -20.7776 12
    endloop
  endfacet
  facet normal 0 0 1
    outer loop
      vertex 21.6611 -23.453 12
      vertex 19.8111 -21.603 12
      vertex 20.5773 -24.1172 12
    endloop
  endfacet
  facet normal -0 0 1
    outer loop
      vertex 18.7273 -22.2672 12
      vertex 20.5773 -24.1172 12
      vertex 19.8111 -21.603 12
    endloop
  endfacet
  facet normal 0 0 1
    outer loop
      vertex 20.5773 -24.1172 12
      vertex 18.7273 -22.2672 12
      vertex 19.403 -24.6036 12
    endloop
  endfacet
  facet normal -0 0 1
    outer loop
      vertex 17.553 -22.7536 12
      vertex 19.403 -24.6036 12
      vertex 18.7273 -22.2672 12
    endloop
  endfacet
  facet normal 0 0 1
    outer loop
      vertex 19.403 -24.6036 12
      vertex 17.553 -22.7536 12
      vertex 18.1671 -24.9003 12
    endloop
  endfacet
  facet normal 0 0 1
    outer loop
      vertex 17.553 -22.7536 12
      vertex 16.9001 -25 12
      vertex 18.1671 -24.9003 12
    endloop
  endfacet
  facet normal -0 0 1
    outer loop
      vertex 16.3171 -23.0503 12
      vertex 16.9001 -25 12
      vertex 17.553 -22.7536 12
    endloop
  endfacet
  facet normal -0 0 1
    outer loop
      vertex 15.0501 -23.15 12
      vertex 16.9001 -25 12
      vertex 16.3171 -23.0503 12
    endloop
  endfacet
  facet normal -0 0 1
    outer loop
      vertex -15.0501 -23.15 12
      vertex 16.9001 -25 12
      vertex 15.0501 -23.15 12
    endloop
  endfacet
  facet normal 0 0 1
    outer loop
      vertex -15.0501 -23.15 12
      vertex -16.9001 -25 12
      vertex 16.9001 -25 12
    endloop
  endfacet
  facet normal 0 0 1
    outer loop
      vertex -16.3171 -23.0503 12
      vertex -16.9001 -25 12
      vertex -15.0501 -23.15 12
    endloop
  endfacet
  facet normal 0 0 1
    outer loop
      vertex -17.553 -22.7536 12
      vertex -16.9001 -25 12
      vertex -16.3171 -23.0503 12
    endloop
  endfacet
  facet normal 0 0 1
    outer loop
      vertex -17.553 -22.7536 12
      vertex -18.1671 -24.9003 12
      vertex -16.9001 -25 12
    endloop
  endfacet
  facet normal 0 0 1
    outer loop
      vertex -19.403 -24.6036 12
      vertex -17.553 -22.7536 12
      vertex -18.7273 -22.2672 12
    endloop
  endfacet
  facet normal 0 0 1
    outer loop
      vertex -17.553 -22.7536 12
      vertex -19.403 -24.6036 12
      vertex -18.1671 -24.9003 12
    endloop
  endfacet
  facet normal 0 0 1
    outer loop
      vertex -20.5773 -24.1172 12
      vertex -18.7273 -22.2672 12
      vertex -19.8111 -21.603 12
    endloop
  endfacet
  facet normal 0 0 1
    outer loop
      vertex -18.7273 -22.2672 12
      vertex -20.5773 -24.1172 12
      vertex -19.403 -24.6036 12
    endloop
  endfacet
  facet normal 0 0 1
    outer loop
      vertex -21.6611 -23.453 12
      vertex -19.8111 -21.603 12
      vertex -20.7776 -20.7776 12
    endloop
  endfacet
  facet normal 0 0 1
    outer loop
      vertex -23.453 -21.6611 12
      vertex -20.7776 -20.7776 12
      vertex -21.603 -19.8111 12
    endloop
  endfacet
  facet normal 0 0 1
    outer loop
      vertex -19.8111 -21.603 12
      vertex -21.6611 -23.453 12
      vertex -20.5773 -24.1172 12
    endloop
  endfacet
  facet normal 0 0 1
    outer loop
      vertex -24.1172 -20.5773 12
      vertex -21.603 -19.8111 12
      vertex -22.2672 -18.7273 12
    endloop
  endfacet
  facet normal 0 0 1
    outer loop
      vertex -20.7776 -20.7776 12
      vertex -22.6276 -22.6276 12
      vertex -21.6611 -23.453 12
    endloop
  endfacet
  facet normal 0 0 1
    outer loop
      vertex -24.6036 -19.403 12
      vertex -22.2672 -18.7273 12
      vertex -22.7536 -17.553 12
    endloop
  endfacet
  facet normal -0 0 1
    outer loop
      vertex -25 -16.9001 12
      vertex -22.7536 -17.553 12
      vertex -23.0503 -16.3171 12
    endloop
  endfacet
  facet normal 0 0 1
    outer loop
      vertex -25 -16.9001 12
      vertex -23.0503 -16.3171 12
      vertex -23.15 -15.0501 12
    endloop
  endfacet
  facet normal 0 0 1
    outer loop
      vertex -20.7776 -20.7776 12
      vertex -23.453 -21.6611 12
      vertex -22.6276 -22.6276 12
    endloop
  endfacet
  facet normal 0 0 1
    outer loop
      vertex -23.15 15.0501 12
      vertex -25 16.9001 12
      vertex -23.15 -15.0501 12
    endloop
  endfacet
  facet normal 0 0 1
    outer loop
      vertex -25 16.9001 12
      vertex -22.7536 17.553 12
      vertex -24.9003 18.1671 12
    endloop
  endfacet
  facet normal 0 0 1
    outer loop
      vertex -25 -16.9001 12
      vertex -23.15 -15.0501 12
      vertex -25 16.9001 12
    endloop
  endfacet
  facet normal 0 0 1
    outer loop
      vertex -22.7536 17.553 12
      vertex -25 16.9001 12
      vertex -23.0503 16.3171 12
    endloop
  endfacet
  facet normal 0 0 1
    outer loop
      vertex -22.7536 -17.553 12
      vertex -25 -16.9001 12
      vertex -24.9003 -18.1671 12
    endloop
  endfacet
  facet normal 0 0 1
    outer loop
      vertex -23.0503 16.3171 12
      vertex -25 16.9001 12
      vertex -23.15 15.0501 12
    endloop
  endfacet
  facet normal 0 0 1
    outer loop
      vertex -21.603 -19.8111 12
      vertex -24.1172 -20.5773 12
      vertex -23.453 -21.6611 12
    endloop
  endfacet
  facet normal 0 0 1
    outer loop
      vertex -22.2672 -18.7273 12
      vertex -24.6036 -19.403 12
      vertex -24.1172 -20.5773 12
    endloop
  endfacet
  facet normal 0 0 1
    outer loop
      vertex -22.7536 -17.553 12
      vertex -24.9003 -18.1671 12
      vertex -24.6036 -19.403 12
    endloop
  endfacet
  facet normal 0.522525 0.852624 -0
    outer loop
      vertex 21.6611 23.453 0
      vertex 20.5773 24.1172 12
      vertex 21.6611 23.453 12
    endloop
  endfacet
  facet normal 0.522525 0.852624 0
    outer loop
      vertex 20.5773 24.1172 12
      vertex 21.6611 23.453 0
      vertex 20.5773 24.1172 0
    endloop
  endfacet
  facet normal 0 1 -0
    outer loop
      vertex 16.9001 25 0
      vertex -16.9001 25 12
      vertex 16.9001 25 12
    endloop
  endfacet
  facet normal 0 1 0
    outer loop
      vertex -16.9001 25 12
      vertex 16.9001 25 0
      vertex -16.9001 25 0
    endloop
  endfacet
  facet normal 0.649417 0.760433 -0
    outer loop
      vertex 22.6276 22.6276 0
      vertex 21.6611 23.453 12
      vertex 22.6276 22.6276 12
    endloop
  endfacet
  facet normal 0.649417 0.760433 0
    outer loop
      vertex 21.6611 23.453 12
      vertex 22.6276 22.6276 0
      vertex 21.6611 23.453 0
    endloop
  endfacet
  facet normal 0.522525 -0.852624 0
    outer loop
      vertex 20.5773 -24.1172 0
      vertex 21.6611 -23.453 12
      vertex 20.5773 -24.1172 12
    endloop
  endfacet
  facet normal 0.522525 -0.852624 0
    outer loop
      vertex 21.6611 -23.453 12
      vertex 20.5773 -24.1172 0
      vertex 21.6611 -23.453 0
    endloop
  endfacet
  facet normal 0.382676 -0.923883 0
    outer loop
      vertex 19.403 -24.6036 0
      vertex 20.5773 -24.1172 12
      vertex 19.403 -24.6036 12
    endloop
  endfacet
  facet normal 0.382676 -0.923883 0
    outer loop
      vertex 20.5773 -24.1172 12
      vertex 19.403 -24.6036 0
      vertex 20.5773 -24.1172 0
    endloop
  endfacet
  facet normal 0 -1 0
    outer loop
      vertex -16.9001 -25 0
      vertex 16.9001 -25 12
      vertex -16.9001 -25 12
    endloop
  endfacet
  facet normal 0 -1 -0
    outer loop
      vertex 16.9001 -25 12
      vertex -16.9001 -25 0
      vertex 16.9001 -25 0
    endloop
  endfacet
  facet normal -0.760433 -0.649417 0
    outer loop
      vertex -22.6276 -22.6276 0
      vertex -23.453 -21.6611 12
      vertex -23.453 -21.6611 0
    endloop
  endfacet
  facet normal -0.760433 -0.649417 0
    outer loop
      vertex -23.453 -21.6611 12
      vertex -22.6276 -22.6276 0
      vertex -22.6276 -22.6276 12
    endloop
  endfacet
  facet normal -1 0 0
    outer loop
      vertex -25 -16.9001 0
      vertex -25 16.9001 12
      vertex -25 16.9001 0
    endloop
  endfacet
  facet normal -1 -0 0
    outer loop
      vertex -25 16.9001 12
      vertex -25 -16.9001 0
      vertex -25 -16.9001 12
    endloop
  endfacet
  facet normal -0.923883 0.382676 0
    outer loop
      vertex -24.6036 19.403 0
      vertex -24.1172 20.5773 12
      vertex -24.1172 20.5773 0
    endloop
  endfacet
  facet normal -0.923883 0.382676 0
    outer loop
      vertex -24.1172 20.5773 12
      vertex -24.6036 19.403 0
      vertex -24.6036 19.403 12
    endloop
  endfacet
  facet normal -0.760433 0.649417 0
    outer loop
      vertex -23.453 21.6611 0
      vertex -22.6276 22.6276 12
      vertex -22.6276 22.6276 0
    endloop
  endfacet
  facet normal -0.760433 0.649417 0
    outer loop
      vertex -22.6276 22.6276 12
      vertex -23.453 21.6611 0
      vertex -23.453 21.6611 12
    endloop
  endfacet
  facet normal 0.233435 0.972372 -0
    outer loop
      vertex 19.403 24.6036 0
      vertex 18.1671 24.9003 12
      vertex 19.403 24.6036 12
    endloop
  endfacet
  facet normal 0.233435 0.972372 0
    outer loop
      vertex 18.1671 24.9003 12
      vertex 19.403 24.6036 0
      vertex 18.1671 24.9003 0
    endloop
  endfacet
  facet normal 0.0784473 0.996918 -0
    outer loop
      vertex 18.1671 24.9003 0
      vertex 16.9001 25 12
      vertex 18.1671 24.9003 12
    endloop
  endfacet
  facet normal 0.0784473 0.996918 0
    outer loop
      vertex 16.9001 25 12
      vertex 18.1671 24.9003 0
      vertex 16.9001 25 0
    endloop
  endfacet
  facet normal 0.382676 0.923883 -0
    outer loop
      vertex 20.5773 24.1172 0
      vertex 19.403 24.6036 12
      vertex 20.5773 24.1172 12
    endloop
  endfacet
  facet normal 0.382676 0.923883 0
    outer loop
      vertex 19.403 24.6036 12
      vertex 20.5773 24.1172 0
      vertex 19.403 24.6036 0
    endloop
  endfacet
  facet normal -0.649417 0.760433 0
    outer loop
      vertex -21.6611 23.453 0
      vertex -22.6276 22.6276 12
      vertex -21.6611 23.453 12
    endloop
  endfacet
  facet normal -0.649417 0.760433 0
    outer loop
      vertex -22.6276 22.6276 12
      vertex -21.6611 23.453 0
      vertex -22.6276 22.6276 0
    endloop
  endfacet
  facet normal -0.522525 0.852624 0
    outer loop
      vertex -20.5773 24.1172 0
      vertex -21.6611 23.453 12
      vertex -20.5773 24.1172 12
    endloop
  endfacet
  facet normal -0.522525 0.852624 0
    outer loop
      vertex -21.6611 23.453 12
      vertex -20.5773 24.1172 0
      vertex -21.6611 23.453 0
    endloop
  endfacet
  facet normal -0.382676 0.923883 0
    outer loop
      vertex -19.403 24.6036 0
      vertex -20.5773 24.1172 12
      vertex -19.403 24.6036 12
    endloop
  endfacet
  facet normal -0.382676 0.923883 0
    outer loop
      vertex -20.5773 24.1172 12
      vertex -19.403 24.6036 0
      vertex -20.5773 24.1172 0
    endloop
  endfacet
  facet normal -0.233435 0.972372 0
    outer loop
      vertex -18.1671 24.9003 0
      vertex -19.403 24.6036 12
      vertex -18.1671 24.9003 12
    endloop
  endfacet
  facet normal -0.233435 0.972372 0
    outer loop
      vertex -19.403 24.6036 12
      vertex -18.1671 24.9003 0
      vertex -19.403 24.6036 0
    endloop
  endfacet
  facet normal 1 -0 0
    outer loop
      vertex 25 -16.9001 12
      vertex 25 16.9001 0
      vertex 25 16.9001 12
    endloop
  endfacet
  facet normal 1 0 0
    outer loop
      vertex 25 16.9001 0
      vertex 25 -16.9001 12
      vertex 25 -16.9001 0
    endloop
  endfacet
  facet normal 0.760433 -0.649417 0
    outer loop
      vertex 22.6276 -22.6276 12
      vertex 23.453 -21.6611 0
      vertex 23.453 -21.6611 12
    endloop
  endfacet
  facet normal 0.760433 -0.649417 0
    outer loop
      vertex 23.453 -21.6611 0
      vertex 22.6276 -22.6276 12
      vertex 22.6276 -22.6276 0
    endloop
  endfacet
  facet normal 0.760433 0.649417 0
    outer loop
      vertex 23.453 21.6611 12
      vertex 22.6276 22.6276 0
      vertex 22.6276 22.6276 12
    endloop
  endfacet
  facet normal 0.760433 0.649417 0
    outer loop
      vertex 22.6276 22.6276 0
      vertex 23.453 21.6611 12
      vertex 23.453 21.6611 0
    endloop
  endfacet
  facet normal 0.923883 0.382676 0
    outer loop
      vertex 24.6036 19.403 12
      vertex 24.1172 20.5773 0
      vertex 24.1172 20.5773 12
    endloop
  endfacet
  facet normal 0.923883 0.382676 0
    outer loop
      vertex 24.1172 20.5773 0
      vertex 24.6036 19.403 12
      vertex 24.6036 19.403 0
    endloop
  endfacet
  facet normal 0.972372 0.233435 0
    outer loop
      vertex 24.9003 18.1671 12
      vertex 24.6036 19.403 0
      vertex 24.6036 19.403 12
    endloop
  endfacet
  facet normal 0.972372 0.233435 0
    outer loop
      vertex 24.6036 19.403 0
      vertex 24.9003 18.1671 12
      vertex 24.9003 18.1671 0
    endloop
  endfacet
  facet normal 0.649417 -0.760433 0
    outer loop
      vertex 21.6611 -23.453 0
      vertex 22.6276 -22.6276 12
      vertex 21.6611 -23.453 12
    endloop
  endfacet
  facet normal 0.649417 -0.760433 0
    outer loop
      vertex 22.6276 -22.6276 12
      vertex 21.6611 -23.453 0
      vertex 22.6276 -22.6276 0
    endloop
  endfacet
  facet normal 0.0784473 -0.996918 0
    outer loop
      vertex 16.9001 -25 0
      vertex 18.1671 -24.9003 12
      vertex 16.9001 -25 12
    endloop
  endfacet
  facet normal 0.0784473 -0.996918 0
    outer loop
      vertex 18.1671 -24.9003 12
      vertex 16.9001 -25 0
      vertex 18.1671 -24.9003 0
    endloop
  endfacet
  facet normal -0.996918 -0.0784473 0
    outer loop
      vertex -24.9003 -18.1671 0
      vertex -25 -16.9001 12
      vertex -25 -16.9001 0
    endloop
  endfacet
  facet normal -0.996918 -0.0784473 0
    outer loop
      vertex -25 -16.9001 12
      vertex -24.9003 -18.1671 0
      vertex -24.9003 -18.1671 12
    endloop
  endfacet
  facet normal 0 0 -1
    outer loop
      vertex 16.9001 -25 0
      vertex 25 -16.9001 0
      vertex 24.9003 -18.1671 0
    endloop
  endfacet
  facet normal -0 0 -1
    outer loop
      vertex 25 -16.9001 0
      vertex 16.9001 -25 0
      vertex 25 16.9001 0
    endloop
  endfacet
  facet normal 0 0 -1
    outer loop
      vertex 16.9001 -25 0
      vertex 24.9003 -18.1671 0
      vertex 24.6036 -19.403 0
    endloop
  endfacet
  facet normal 0 0 -1
    outer loop
      vertex 16.9001 25 0
      vertex 25 16.9001 0
      vertex 16.9001 -25 0
    endloop
  endfacet
  facet normal 0 0 -1
    outer loop
      vertex 16.9001 -25 0
      vertex 24.6036 -19.403 0
      vertex 24.1172 -20.5773 0
    endloop
  endfacet
  facet normal 0 0 -1
    outer loop
      vertex 25 16.9001 0
      vertex 16.9001 25 0
      vertex 24.9003 18.1671 0
    endloop
  endfacet
  facet normal 0 0 -1
    outer loop
      vertex 16.9001 -25 0
      vertex 24.1172 -20.5773 0
      vertex 23.453 -21.6611 0
    endloop
  endfacet
  facet normal 0 0 -1
    outer loop
      vertex 24.9003 18.1671 0
      vertex 16.9001 25 0
      vertex 24.6036 19.403 0
    endloop
  endfacet
  facet normal 0 0 -1
    outer loop
      vertex 16.9001 -25 0
      vertex 23.453 -21.6611 0
      vertex 22.6276 -22.6276 0
    endloop
  endfacet
  facet normal 0 0 -1
    outer loop
      vertex 24.6036 19.403 0
      vertex 16.9001 25 0
      vertex 24.1172 20.5773 0
    endloop
  endfacet
  facet normal 0 0 -1
    outer loop
      vertex 16.9001 -25 0
      vertex 22.6276 -22.6276 0
      vertex 21.6611 -23.453 0
    endloop
  endfacet
  facet normal 0 0 -1
    outer loop
      vertex 24.1172 20.5773 0
      vertex 16.9001 25 0
      vertex 23.453 21.6611 0
    endloop
  endfacet
  facet normal 0 0 -1
    outer loop
      vertex 16.9001 -25 0
      vertex 21.6611 -23.453 0
      vertex 20.5773 -24.1172 0
    endloop
  endfacet
  facet normal 0 0 -1
    outer loop
      vertex 23.453 21.6611 0
      vertex 16.9001 25 0
      vertex 22.6276 22.6276 0
    endloop
  endfacet
  facet normal 0 0 -1
    outer loop
      vertex 16.9001 -25 0
      vertex 20.5773 -24.1172 0
      vertex 19.403 -24.6036 0
    endloop
  endfacet
  facet normal 0 0 -1
    outer loop
      vertex 22.6276 22.6276 0
      vertex 16.9001 25 0
      vertex 21.6611 23.453 0
    endloop
  endfacet
  facet normal 0 0 -1
    outer loop
      vertex 16.9001 -25 0
      vertex 19.403 -24.6036 0
      vertex 18.1671 -24.9003 0
    endloop
  endfacet
  facet normal 0 0 -1
    outer loop
      vertex 21.6611 23.453 0
      vertex 16.9001 25 0
      vertex 20.5773 24.1172 0
    endloop
  endfacet
  facet normal 0 0 -1
    outer loop
      vertex 20.5773 24.1172 0
      vertex 16.9001 25 0
      vertex 19.403 24.6036 0
    endloop
  endfacet
  facet normal 0 0 -1
    outer loop
      vertex 19.403 24.6036 0
      vertex 16.9001 25 0
      vertex 18.1671 24.9003 0
    endloop
  endfacet
  facet normal 0 0 -1
    outer loop
      vertex -16.9001 -25 0
      vertex 16.9001 25 0
      vertex 16.9001 -25 0
    endloop
  endfacet
  facet normal 0 0 -1
    outer loop
      vertex -16.9001 -25 0
      vertex -16.9001 25 0
      vertex 16.9001 25 0
    endloop
  endfacet
  facet normal 0 0 -1
    outer loop
      vertex -25 -16.9001 0
      vertex -16.9001 -25 0
      vertex -18.1671 -24.9003 0
    endloop
  endfacet
  facet normal 0 0 -1
    outer loop
      vertex -16.9001 -25 0
      vertex -25 -16.9001 0
      vertex -16.9001 25 0
    endloop
  endfacet
  facet normal 0 0 -1
    outer loop
      vertex -25 -16.9001 0
      vertex -18.1671 -24.9003 0
      vertex -19.403 -24.6036 0
    endloop
  endfacet
  facet normal 0 0 -1
    outer loop
      vertex -25 16.9001 0
      vertex -16.9001 25 0
      vertex -25 -16.9001 0
    endloop
  endfacet
  facet normal 0 0 -1
    outer loop
      vertex -25 -16.9001 0
      vertex -19.403 -24.6036 0
      vertex -20.5773 -24.1172 0
    endloop
  endfacet
  facet normal 0 0 -1
    outer loop
      vertex -16.9001 25 0
      vertex -25 16.9001 0
      vertex -18.1671 24.9003 0
    endloop
  endfacet
  facet normal 0 0 -1
    outer loop
      vertex -25 -16.9001 0
      vertex -20.5773 -24.1172 0
      vertex -21.6611 -23.453 0
    endloop
  endfacet
  facet normal 0 0 -1
    outer loop
      vertex -18.1671 24.9003 0
      vertex -25 16.9001 0
      vertex -19.403 24.6036 0
    endloop
  endfacet
  facet normal 0 0 -1
    outer loop
      vertex -25 -16.9001 0
      vertex -21.6611 -23.453 0
      vertex -22.6276 -22.6276 0
    endloop
  endfacet
  facet normal 0 0 -1
    outer loop
      vertex -19.403 24.6036 0
      vertex -25 16.9001 0
      vertex -20.5773 24.1172 0
    endloop
  endfacet
  facet normal 0 0 -1
    outer loop
      vertex -25 -16.9001 0
      vertex -22.6276 -22.6276 0
      vertex -23.453 -21.6611 0
    endloop
  endfacet
  facet normal 0 0 -1
    outer loop
      vertex -20.5773 24.1172 0
      vertex -25 16.9001 0
      vertex -21.6611 23.453 0
    endloop
  endfacet
  facet normal 0 0 -1
    outer loop
      vertex -25 -16.9001 0
      vertex -23.453 -21.6611 0
      vertex -24.1172 -20.5773 0
    endloop
  endfacet
  facet normal 0 0 -1
    outer loop
      vertex -21.6611 23.453 0
      vertex -25 16.9001 0
      vertex -22.6276 22.6276 0
    endloop
  endfacet
  facet normal 0 0 -1
    outer loop
      vertex -25 -16.9001 0
      vertex -24.1172 -20.5773 0
      vertex -24.6036 -19.403 0
    endloop
  endfacet
  facet normal 0 0 -1
    outer loop
      vertex -22.6276 22.6276 0
      vertex -25 16.9001 0
      vertex -23.453 21.6611 0
    endloop
  endfacet
  facet normal 0 0 -1
    outer loop
      vertex -25 -16.9001 0
      vertex -24.6036 -19.403 0
      vertex -24.9003 -18.1671 0
    endloop
  endfacet
  facet normal 0 0 -1
    outer loop
      vertex -23.453 21.6611 0
      vertex -25 16.9001 0
      vertex -24.1172 20.5773 0
    endloop
  endfacet
  facet normal 0 0 -1
    outer loop
      vertex -24.1172 20.5773 0
      vertex -25 16.9001 0
      vertex -24.6036 19.403 0
    endloop
  endfacet
  facet normal 0 0 -1
    outer loop
      vertex -24.6036 19.403 0
      vertex -25 16.9001 0
      vertex -24.9003 18.1671 0
    endloop
  endfacet
  facet normal -0.852624 0.522525 0
    outer loop
      vertex -24.1172 20.5773 0
      vertex -23.453 21.6611 12
      vertex -23.453 21.6611 0
    endloop
  endfacet
  facet normal -0.852624 0.522525 0
    outer loop
      vertex -23.453 21.6611 12
      vertex -24.1172 20.5773 0
      vertex -24.1172 20.5773 12
    endloop
  endfacet
  facet normal -0.0784473 0.996918 0
    outer loop
      vertex -16.9001 25 0
      vertex -18.1671 24.9003 12
      vertex -16.9001 25 12
    endloop
  endfacet
  facet normal -0.0784473 0.996918 0
    outer loop
      vertex -18.1671 24.9003 12
      vertex -16.9001 25 0
      vertex -18.1671 24.9003 0
    endloop
  endfacet
  facet normal 0.923883 -0.382676 0
    outer loop
      vertex 24.1172 -20.5773 12
      vertex 24.6036 -19.403 0
      vertex 24.6036 -19.403 12
    endloop
  endfacet
  facet normal 0.923883 -0.382676 0
    outer loop
      vertex 24.6036 -19.403 0
      vertex 24.1172 -20.5773 12
      vertex 24.1172 -20.5773 0
    endloop
  endfacet
  facet normal 0.852624 -0.522525 0
    outer loop
      vertex 23.453 -21.6611 12
      vertex 24.1172 -20.5773 0
      vertex 24.1172 -20.5773 12
    endloop
  endfacet
  facet normal 0.852624 -0.522525 0
    outer loop
      vertex 24.1172 -20.5773 0
      vertex 23.453 -21.6611 12
      vertex 23.453 -21.6611 0
    endloop
  endfacet
  facet normal 0.852624 0.522525 0
    outer loop
      vertex 24.1172 20.5773 12
      vertex 23.453 21.6611 0
      vertex 23.453 21.6611 12
    endloop
  endfacet
  facet normal 0.852624 0.522525 0
    outer loop
      vertex 23.453 21.6611 0
      vertex 24.1172 20.5773 12
      vertex 24.1172 20.5773 0
    endloop
  endfacet
  facet normal 0.233435 -0.972372 0
    outer loop
      vertex 18.1671 -24.9003 0
      vertex 19.403 -24.6036 12
      vertex 18.1671 -24.9003 12
    endloop
  endfacet
  facet normal 0.233435 -0.972372 0
    outer loop
      vertex 19.403 -24.6036 12
      vertex 18.1671 -24.9003 0
      vertex 19.403 -24.6036 0
    endloop
  endfacet
  facet normal -0.923883 -0.382676 0
    outer loop
      vertex -24.1172 -20.5773 0
      vertex -24.6036 -19.403 12
      vertex -24.6036 -19.403 0
    endloop
  endfacet
  facet normal -0.923883 -0.382676 0
    outer loop
      vertex -24.6036 -19.403 12
      vertex -24.1172 -20.5773 0
      vertex -24.1172 -20.5773 12
    endloop
  endfacet
  facet normal -0.996918 0.0784473 0
    outer loop
      vertex -25 16.9001 0
      vertex -24.9003 18.1671 12
      vertex -24.9003 18.1671 0
    endloop
  endfacet
  facet normal -0.996918 0.0784473 0
    outer loop
      vertex -24.9003 18.1671 12
      vertex -25 16.9001 0
      vertex -25 16.9001 12
    endloop
  endfacet
  facet normal -0.972372 0.233435 0
    outer loop
      vertex -24.9003 18.1671 0
      vertex -24.6036 19.403 12
      vertex -24.6036 19.403 0
    endloop
  endfacet
  facet normal -0.972372 0.233435 0
    outer loop
      vertex -24.6036 19.403 12
      vertex -24.9003 18.1671 0
      vertex -24.9003 18.1671 12
    endloop
  endfacet
  facet normal 0.972372 -0.233435 0
    outer loop
      vertex 24.6036 -19.403 12
      vertex 24.9003 -18.1671 0
      vertex 24.9003 -18.1671 12
    endloop
  endfacet
  facet normal 0.972372 -0.233435 0
    outer loop
      vertex 24.9003 -18.1671 0
      vertex 24.6036 -19.403 12
      vertex 24.6036 -19.403 0
    endloop
  endfacet
  facet normal -0.972372 -0.233435 0
    outer loop
      vertex -24.6036 -19.403 0
      vertex -24.9003 -18.1671 12
      vertex -24.9003 -18.1671 0
    endloop
  endfacet
  facet normal -0.972372 -0.233435 0
    outer loop
      vertex -24.9003 -18.1671 12
      vertex -24.6036 -19.403 0
      vertex -24.6036 -19.403 12
    endloop
  endfacet
  facet normal 0.996918 -0.0784473 0
    outer loop
      vertex 24.9003 -18.1671 12
      vertex 25 -16.9001 0
      vertex 25 -16.9001 12
    endloop
  endfacet
  facet normal 0.996918 -0.0784473 0
    outer loop
      vertex 25 -16.9001 0
      vertex 24.9003 -18.1671 12
      vertex 24.9003 -18.1671 0
    endloop
  endfacet
  facet normal 0.522525 0.852624 -0
    outer loop
      vertex -18.7273 -22.2672 1.85
      vertex -19.8111 -21.603 12
      vertex -18.7273 -22.2672 12
    endloop
  endfacet
  facet normal 0.522525 0.852624 0
    outer loop
      vertex -19.8111 -21.603 12
      vertex -18.7273 -22.2672 1.85
      vertex -19.8111 -21.603 1.85
    endloop
  endfacet
  facet normal 0.233435 0.972372 -0
    outer loop
      vertex -16.3171 -23.0503 1.85
      vertex -17.553 -22.7536 12
      vertex -16.3171 -23.0503 12
    endloop
  endfacet
  facet normal 0.233435 0.972372 0
    outer loop
      vertex -17.553 -22.7536 12
      vertex -16.3171 -23.0503 1.85
      vertex -17.553 -22.7536 1.85
    endloop
  endfacet
  facet normal 0.382676 0.923883 -0
    outer loop
      vertex -17.553 -22.7536 1.85
      vertex -18.7273 -22.2672 12
      vertex -17.553 -22.7536 12
    endloop
  endfacet
  facet normal 0.382676 0.923883 0
    outer loop
      vertex -18.7273 -22.2672 12
      vertex -17.553 -22.7536 1.85
      vertex -18.7273 -22.2672 1.85
    endloop
  endfacet
  facet normal -1 0 0
    outer loop
      vertex 23.15 -15.0501 1.85
      vertex 23.15 15.0501 12
      vertex 23.15 15.0501 1.85
    endloop
  endfacet
  facet normal -1 -0 0
    outer loop
      vertex 23.15 15.0501 12
      vertex 23.15 -15.0501 1.85
      vertex 23.15 -15.0501 12
    endloop
  endfacet
  facet normal -0.996918 -0.0784473 0
    outer loop
      vertex 23.15 15.0501 1.85
      vertex 23.0503 16.3171 12
      vertex 23.0503 16.3171 1.85
    endloop
  endfacet
  facet normal -0.996918 -0.0784473 0
    outer loop
      vertex 23.0503 16.3171 12
      vertex 23.15 15.0501 1.85
      vertex 23.15 15.0501 12
    endloop
  endfacet
  facet normal 0.649417 0.760433 -0
    outer loop
      vertex -19.8111 -21.603 1.85
      vertex -20.7776 -20.7776 12
      vertex -19.8111 -21.603 12
    endloop
  endfacet
  facet normal 0.649417 0.760433 0
    outer loop
      vertex -20.7776 -20.7776 12
      vertex -19.8111 -21.603 1.85
      vertex -20.7776 -20.7776 1.85
    endloop
  endfacet
  facet normal 0.852624 0.522525 0
    outer loop
      vertex -21.603 -19.8111 12
      vertex -22.2672 -18.7273 1.85
      vertex -22.2672 -18.7273 12
    endloop
  endfacet
  facet normal 0.852624 0.522525 0
    outer loop
      vertex -22.2672 -18.7273 1.85
      vertex -21.603 -19.8111 12
      vertex -21.603 -19.8111 1.85
    endloop
  endfacet
  facet normal -0.522525 -0.852624 0
    outer loop
      vertex 18.7273 22.2672 1.85
      vertex 19.8111 21.603 12
      vertex 18.7273 22.2672 12
    endloop
  endfacet
  facet normal -0.522525 -0.852624 -0
    outer loop
      vertex 19.8111 21.603 12
      vertex 18.7273 22.2672 1.85
      vertex 19.8111 21.603 1.85
    endloop
  endfacet
  facet normal 0 -1 0
    outer loop
      vertex -15.0501 23.15 1.85
      vertex 15.0501 23.15 12
      vertex -15.0501 23.15 12
    endloop
  endfacet
  facet normal 0 -1 -0
    outer loop
      vertex 15.0501 23.15 12
      vertex -15.0501 23.15 1.85
      vertex 15.0501 23.15 1.85
    endloop
  endfacet
  facet normal -0.649417 -0.760433 0
    outer loop
      vertex 19.8111 21.603 1.85
      vertex 20.7776 20.7776 12
      vertex 19.8111 21.603 12
    endloop
  endfacet
  facet normal -0.649417 -0.760433 -0
    outer loop
      vertex 20.7776 20.7776 12
      vertex 19.8111 21.603 1.85
      vertex 20.7776 20.7776 1.85
    endloop
  endfacet
  facet normal -0.760433 0.649417 0
    outer loop
      vertex 20.7776 -20.7776 1.85
      vertex 21.603 -19.8111 12
      vertex 21.603 -19.8111 1.85
    endloop
  endfacet
  facet normal -0.760433 0.649417 0
    outer loop
      vertex 21.603 -19.8111 12
      vertex 20.7776 -20.7776 1.85
      vertex 20.7776 -20.7776 12
    endloop
  endfacet
  facet normal -0.923883 0.382676 0
    outer loop
      vertex 22.2672 -18.7273 1.85
      vertex 22.7536 -17.553 12
      vertex 22.7536 -17.553 1.85
    endloop
  endfacet
  facet normal -0.923883 0.382676 0
    outer loop
      vertex 22.7536 -17.553 12
      vertex 22.2672 -18.7273 1.85
      vertex 22.2672 -18.7273 12
    endloop
  endfacet
  facet normal -0.522525 0.852624 0
    outer loop
      vertex 19.8111 -21.603 1.85
      vertex 18.7273 -22.2672 12
      vertex 19.8111 -21.603 12
    endloop
  endfacet
  facet normal -0.522525 0.852624 0
    outer loop
      vertex 18.7273 -22.2672 12
      vertex 19.8111 -21.603 1.85
      vertex 18.7273 -22.2672 1.85
    endloop
  endfacet
  facet normal -0.382676 0.923883 0
    outer loop
      vertex 18.7273 -22.2672 1.85
      vertex 17.553 -22.7536 12
      vertex 18.7273 -22.2672 12
    endloop
  endfacet
  facet normal -0.382676 0.923883 0
    outer loop
      vertex 17.553 -22.7536 12
      vertex 18.7273 -22.2672 1.85
      vertex 17.553 -22.7536 1.85
    endloop
  endfacet
  facet normal 0 1 -0
    outer loop
      vertex 15.0501 -23.15 1.85
      vertex -15.0501 -23.15 12
      vertex 15.0501 -23.15 12
    endloop
  endfacet
  facet normal 0 1 0
    outer loop
      vertex -15.0501 -23.15 12
      vertex 15.0501 -23.15 1.85
      vertex -15.0501 -23.15 1.85
    endloop
  endfacet
  facet normal 0.760433 0.649417 0
    outer loop
      vertex -20.7776 -20.7776 12
      vertex -21.603 -19.8111 1.85
      vertex -21.603 -19.8111 12
    endloop
  endfacet
  facet normal 0.760433 0.649417 0
    outer loop
      vertex -21.603 -19.8111 1.85
      vertex -20.7776 -20.7776 12
      vertex -20.7776 -20.7776 1.85
    endloop
  endfacet
  facet normal 1 -0 0
    outer loop
      vertex -23.15 -15.0501 12
      vertex -23.15 15.0501 1.85
      vertex -23.15 15.0501 12
    endloop
  endfacet
  facet normal 1 0 0
    outer loop
      vertex -23.15 15.0501 1.85
      vertex -23.15 -15.0501 12
      vertex -23.15 -15.0501 1.85
    endloop
  endfacet
  facet normal 0.923883 -0.382676 0
    outer loop
      vertex -22.7536 17.553 12
      vertex -22.2672 18.7273 1.85
      vertex -22.2672 18.7273 12
    endloop
  endfacet
  facet normal 0.923883 -0.382676 0
    outer loop
      vertex -22.2672 18.7273 1.85
      vertex -22.7536 17.553 12
      vertex -22.7536 17.553 1.85
    endloop
  endfacet
  facet normal 0.760433 -0.649417 0
    outer loop
      vertex -21.603 19.8111 12
      vertex -20.7776 20.7776 1.85
      vertex -20.7776 20.7776 12
    endloop
  endfacet
  facet normal 0.760433 -0.649417 0
    outer loop
      vertex -20.7776 20.7776 1.85
      vertex -21.603 19.8111 12
      vertex -21.603 19.8111 1.85
    endloop
  endfacet
  facet normal 0.852624 -0.522525 0
    outer loop
      vertex -22.2672 18.7273 12
      vertex -21.603 19.8111 1.85
      vertex -21.603 19.8111 12
    endloop
  endfacet
  facet normal 0.852624 -0.522525 0
    outer loop
      vertex -21.603 19.8111 1.85
      vertex -22.2672 18.7273 12
      vertex -22.2672 18.7273 1.85
    endloop
  endfacet
  facet normal -0.233435 -0.972372 0
    outer loop
      vertex 16.3171 23.0503 1.85
      vertex 17.553 22.7536 12
      vertex 16.3171 23.0503 12
    endloop
  endfacet
  facet normal -0.233435 -0.972372 -0
    outer loop
      vertex 17.553 22.7536 12
      vertex 16.3171 23.0503 1.85
      vertex 17.553 22.7536 1.85
    endloop
  endfacet
  facet normal 0.649417 -0.760433 0
    outer loop
      vertex -20.7776 20.7776 1.85
      vertex -19.8111 21.603 12
      vertex -20.7776 20.7776 12
    endloop
  endfacet
  facet normal 0.649417 -0.760433 0
    outer loop
      vertex -19.8111 21.603 12
      vertex -20.7776 20.7776 1.85
      vertex -19.8111 21.603 1.85
    endloop
  endfacet
  facet normal 0.522525 -0.852624 0
    outer loop
      vertex -19.8111 21.603 1.85
      vertex -18.7273 22.2672 12
      vertex -19.8111 21.603 12
    endloop
  endfacet
  facet normal 0.522525 -0.852624 0
    outer loop
      vertex -18.7273 22.2672 12
      vertex -19.8111 21.603 1.85
      vertex -18.7273 22.2672 1.85
    endloop
  endfacet
  facet normal 0.382676 -0.923883 0
    outer loop
      vertex -18.7273 22.2672 1.85
      vertex -17.553 22.7536 12
      vertex -18.7273 22.2672 12
    endloop
  endfacet
  facet normal 0.382676 -0.923883 0
    outer loop
      vertex -17.553 22.7536 12
      vertex -18.7273 22.2672 1.85
      vertex -17.553 22.7536 1.85
    endloop
  endfacet
  facet normal 0.233435 -0.972372 0
    outer loop
      vertex -17.553 22.7536 1.85
      vertex -16.3171 23.0503 12
      vertex -17.553 22.7536 12
    endloop
  endfacet
  facet normal 0.233435 -0.972372 0
    outer loop
      vertex -16.3171 23.0503 12
      vertex -17.553 22.7536 1.85
      vertex -16.3171 23.0503 1.85
    endloop
  endfacet
  facet normal -0.852624 0.522525 0
    outer loop
      vertex 21.603 -19.8111 1.85
      vertex 22.2672 -18.7273 12
      vertex 22.2672 -18.7273 1.85
    endloop
  endfacet
  facet normal -0.852624 0.522525 0
    outer loop
      vertex 22.2672 -18.7273 12
      vertex 21.603 -19.8111 1.85
      vertex 21.603 -19.8111 12
    endloop
  endfacet
  facet normal -0.760433 -0.649417 0
    outer loop
      vertex 21.603 19.8111 1.85
      vertex 20.7776 20.7776 12
      vertex 20.7776 20.7776 1.85
    endloop
  endfacet
  facet normal -0.760433 -0.649417 0
    outer loop
      vertex 20.7776 20.7776 12
      vertex 21.603 19.8111 1.85
      vertex 21.603 19.8111 12
    endloop
  endfacet
  facet normal -0.923883 -0.382676 0
    outer loop
      vertex 22.7536 17.553 1.85
      vertex 22.2672 18.7273 12
      vertex 22.2672 18.7273 1.85
    endloop
  endfacet
  facet normal -0.923883 -0.382676 0
    outer loop
      vertex 22.2672 18.7273 12
      vertex 22.7536 17.553 1.85
      vertex 22.7536 17.553 12
    endloop
  endfacet
  facet normal -0.972372 -0.233435 0
    outer loop
      vertex 23.0503 16.3171 1.85
      vertex 22.7536 17.553 12
      vertex 22.7536 17.553 1.85
    endloop
  endfacet
  facet normal -0.972372 -0.233435 0
    outer loop
      vertex 22.7536 17.553 12
      vertex 23.0503 16.3171 1.85
      vertex 23.0503 16.3171 12
    endloop
  endfacet
  facet normal 0.0784473 0.996918 -0
    outer loop
      vertex -15.0501 -23.15 1.85
      vertex -16.3171 -23.0503 12
      vertex -15.0501 -23.15 12
    endloop
  endfacet
  facet normal 0.0784473 0.996918 0
    outer loop
      vertex -16.3171 -23.0503 12
      vertex -15.0501 -23.15 1.85
      vertex -16.3171 -23.0503 1.85
    endloop
  endfacet
  facet normal -0.649417 0.760433 0
    outer loop
      vertex 20.7776 -20.7776 1.85
      vertex 19.8111 -21.603 12
      vertex 20.7776 -20.7776 12
    endloop
  endfacet
  facet normal -0.649417 0.760433 0
    outer loop
      vertex 19.8111 -21.603 12
      vertex 20.7776 -20.7776 1.85
      vertex 19.8111 -21.603 1.85
    endloop
  endfacet
  facet normal -0.0784473 0.996918 0
    outer loop
      vertex 16.3171 -23.0503 1.85
      vertex 15.0501 -23.15 12
      vertex 16.3171 -23.0503 12
    endloop
  endfacet
  facet normal -0.0784473 0.996918 0
    outer loop
      vertex 15.0501 -23.15 12
      vertex 16.3171 -23.0503 1.85
      vertex 15.0501 -23.15 1.85
    endloop
  endfacet
  facet normal 0.996918 0.0784473 0
    outer loop
      vertex -23.0503 -16.3171 12
      vertex -23.15 -15.0501 1.85
      vertex -23.15 -15.0501 12
    endloop
  endfacet
  facet normal 0.996918 0.0784473 0
    outer loop
      vertex -23.15 -15.0501 1.85
      vertex -23.0503 -16.3171 12
      vertex -23.0503 -16.3171 1.85
    endloop
  endfacet
  facet normal 0 0 1
    outer loop
      vertex 15.0501 23.15 1.85
      vertex 23.15 15.0501 1.85
      vertex 23.0503 16.3171 1.85
    endloop
  endfacet
  facet normal 0 0 1
    outer loop
      vertex 23.15 15.0501 1.85
      vertex 15.0501 23.15 1.85
      vertex 23.15 -15.0501 1.85
    endloop
  endfacet
  facet normal 0 0 1
    outer loop
      vertex 15.0501 23.15 1.85
      vertex 23.0503 16.3171 1.85
      vertex 22.7536 17.553 1.85
    endloop
  endfacet
  facet normal 0 0 1
    outer loop
      vertex 15.0501 -23.15 1.85
      vertex 23.15 -15.0501 1.85
      vertex 15.0501 23.15 1.85
    endloop
  endfacet
  facet normal 0 0 1
    outer loop
      vertex 15.0501 23.15 1.85
      vertex 22.7536 17.553 1.85
      vertex 22.2672 18.7273 1.85
    endloop
  endfacet
  facet normal 0 0 1
    outer loop
      vertex 23.15 -15.0501 1.85
      vertex 15.0501 -23.15 1.85
      vertex 23.0503 -16.3171 1.85
    endloop
  endfacet
  facet normal 0 0 1
    outer loop
      vertex 15.0501 23.15 1.85
      vertex 22.2672 18.7273 1.85
      vertex 21.603 19.8111 1.85
    endloop
  endfacet
  facet normal 0 0 1
    outer loop
      vertex 23.0503 -16.3171 1.85
      vertex 15.0501 -23.15 1.85
      vertex 22.7536 -17.553 1.85
    endloop
  endfacet
  facet normal 0 0 1
    outer loop
      vertex 15.0501 23.15 1.85
      vertex 21.603 19.8111 1.85
      vertex 20.7776 20.7776 1.85
    endloop
  endfacet
  facet normal 0 0 1
    outer loop
      vertex 22.7536 -17.553 1.85
      vertex 15.0501 -23.15 1.85
      vertex 22.2672 -18.7273 1.85
    endloop
  endfacet
  facet normal 0 0 1
    outer loop
      vertex 15.0501 23.15 1.85
      vertex 20.7776 20.7776 1.85
      vertex 19.8111 21.603 1.85
    endloop
  endfacet
  facet normal 0 0 1
    outer loop
      vertex 22.2672 -18.7273 1.85
      vertex 15.0501 -23.15 1.85
      vertex 21.603 -19.8111 1.85
    endloop
  endfacet
  facet normal 0 0 1
    outer loop
      vertex 15.0501 23.15 1.85
      vertex 19.8111 21.603 1.85
      vertex 18.7273 22.2672 1.85
    endloop
  endfacet
  facet normal 0 0 1
    outer loop
      vertex 21.603 -19.8111 1.85
      vertex 15.0501 -23.15 1.85
      vertex 20.7776 -20.7776 1.85
    endloop
  endfacet
  facet normal 0 0 1
    outer loop
      vertex 15.0501 23.15 1.85
      vertex 18.7273 22.2672 1.85
      vertex 17.553 22.7536 1.85
    endloop
  endfacet
  facet normal 0 0 1
    outer loop
      vertex 20.7776 -20.7776 1.85
      vertex 15.0501 -23.15 1.85
      vertex 19.8111 -21.603 1.85
    endloop
  endfacet
  facet normal 0 0 1
    outer loop
      vertex 15.0501 23.15 1.85
      vertex 17.553 22.7536 1.85
      vertex 16.3171 23.0503 1.85
    endloop
  endfacet
  facet normal 0 0 1
    outer loop
      vertex 19.8111 -21.603 1.85
      vertex 15.0501 -23.15 1.85
      vertex 18.7273 -22.2672 1.85
    endloop
  endfacet
  facet normal 0 0 1
    outer loop
      vertex 18.7273 -22.2672 1.85
      vertex 15.0501 -23.15 1.85
      vertex 17.553 -22.7536 1.85
    endloop
  endfacet
  facet normal 0 0 1
    outer loop
      vertex 17.553 -22.7536 1.85
      vertex 15.0501 -23.15 1.85
      vertex 16.3171 -23.0503 1.85
    endloop
  endfacet
  facet normal -0 0 1
    outer loop
      vertex -15.0501 23.15 1.85
      vertex 15.0501 -23.15 1.85
      vertex 15.0501 23.15 1.85
    endloop
  endfacet
  facet normal 0 0 1
    outer loop
      vertex -15.0501 23.15 1.85
      vertex -15.0501 -23.15 1.85
      vertex 15.0501 -23.15 1.85
    endloop
  endfacet
  facet normal 0 0 1
    outer loop
      vertex -23.15 15.0501 1.85
      vertex -15.0501 23.15 1.85
      vertex -16.3171 23.0503 1.85
    endloop
  endfacet
  facet normal 0 0 1
    outer loop
      vertex -15.0501 23.15 1.85
      vertex -23.15 15.0501 1.85
      vertex -15.0501 -23.15 1.85
    endloop
  endfacet
  facet normal 0 0 1
    outer loop
      vertex -23.15 15.0501 1.85
      vertex -16.3171 23.0503 1.85
      vertex -17.553 22.7536 1.85
    endloop
  endfacet
  facet normal -0 0 1
    outer loop
      vertex -23.15 -15.0501 1.85
      vertex -15.0501 -23.15 1.85
      vertex -23.15 15.0501 1.85
    endloop
  endfacet
  facet normal 0 0 1
    outer loop
      vertex -23.15 15.0501 1.85
      vertex -17.553 22.7536 1.85
      vertex -18.7273 22.2672 1.85
    endloop
  endfacet
  facet normal 0 0 1
    outer loop
      vertex -15.0501 -23.15 1.85
      vertex -23.15 -15.0501 1.85
      vertex -16.3171 -23.0503 1.85
    endloop
  endfacet
  facet normal 0 0 1
    outer loop
      vertex -23.15 15.0501 1.85
      vertex -18.7273 22.2672 1.85
      vertex -19.8111 21.603 1.85
    endloop
  endfacet
  facet normal 0 0 1
    outer loop
      vertex -16.3171 -23.0503 1.85
      vertex -23.15 -15.0501 1.85
      vertex -17.553 -22.7536 1.85
    endloop
  endfacet
  facet normal 0 0 1
    outer loop
      vertex -23.15 15.0501 1.85
      vertex -19.8111 21.603 1.85
      vertex -20.7776 20.7776 1.85
    endloop
  endfacet
  facet normal 0 0 1
    outer loop
      vertex -17.553 -22.7536 1.85
      vertex -23.15 -15.0501 1.85
      vertex -18.7273 -22.2672 1.85
    endloop
  endfacet
  facet normal 0 0 1
    outer loop
      vertex -23.15 15.0501 1.85
      vertex -20.7776 20.7776 1.85
      vertex -21.603 19.8111 1.85
    endloop
  endfacet
  facet normal 0 0 1
    outer loop
      vertex -18.7273 -22.2672 1.85
      vertex -23.15 -15.0501 1.85
      vertex -19.8111 -21.603 1.85
    endloop
  endfacet
  facet normal 0 0 1
    outer loop
      vertex -23.15 15.0501 1.85
      vertex -21.603 19.8111 1.85
      vertex -22.2672 18.7273 1.85
    endloop
  endfacet
  facet normal 0 0 1
    outer loop
      vertex -19.8111 -21.603 1.85
      vertex -23.15 -15.0501 1.85
      vertex -20.7776 -20.7776 1.85
    endloop
  endfacet
  facet normal 0 0 1
    outer loop
      vertex -23.15 15.0501 1.85
      vertex -22.2672 18.7273 1.85
      vertex -22.7536 17.553 1.85
    endloop
  endfacet
  facet normal 0 0 1
    outer loop
      vertex -20.7776 -20.7776 1.85
      vertex -23.15 -15.0501 1.85
      vertex -21.603 -19.8111 1.85
    endloop
  endfacet
  facet normal 0 0 1
    outer loop
      vertex -23.15 15.0501 1.85
      vertex -22.7536 17.553 1.85
      vertex -23.0503 16.3171 1.85
    endloop
  endfacet
  facet normal 0 0 1
    outer loop
      vertex -21.603 -19.8111 1.85
      vertex -23.15 -15.0501 1.85
      vertex -22.2672 -18.7273 1.85
    endloop
  endfacet
  facet normal 0 0 1
    outer loop
      vertex -22.2672 -18.7273 1.85
      vertex -23.15 -15.0501 1.85
      vertex -22.7536 -17.553 1.85
    endloop
  endfacet
  facet normal 0 0 1
    outer loop
      vertex -22.7536 -17.553 1.85
      vertex -23.15 -15.0501 1.85
      vertex -23.0503 -16.3171 1.85
    endloop
  endfacet
  facet normal -0.382676 -0.923883 0
    outer loop
      vertex 17.553 22.7536 1.85
      vertex 18.7273 22.2672 12
      vertex 17.553 22.7536 12
    endloop
  endfacet
  facet normal -0.382676 -0.923883 -0
    outer loop
      vertex 18.7273 22.2672 12
      vertex 17.553 22.7536 1.85
      vertex 18.7273 22.2672 1.85
    endloop
  endfacet
  facet normal 0.0784473 -0.996918 0
    outer loop
      vertex -16.3171 23.0503 1.85
      vertex -15.0501 23.15 12
      vertex -16.3171 23.0503 12
    endloop
  endfacet
  facet normal 0.0784473 -0.996918 0
    outer loop
      vertex -15.0501 23.15 12
      vertex -16.3171 23.0503 1.85
      vertex -15.0501 23.15 1.85
    endloop
  endfacet
  facet normal -0.972372 0.233435 0
    outer loop
      vertex 22.7536 -17.553 1.85
      vertex 23.0503 -16.3171 12
      vertex 23.0503 -16.3171 1.85
    endloop
  endfacet
  facet normal -0.972372 0.233435 0
    outer loop
      vertex 23.0503 -16.3171 12
      vertex 22.7536 -17.553 1.85
      vertex 22.7536 -17.553 12
    endloop
  endfacet
  facet normal -0.852624 -0.522525 0
    outer loop
      vertex 22.2672 18.7273 1.85
      vertex 21.603 19.8111 12
      vertex 21.603 19.8111 1.85
    endloop
  endfacet
  facet normal -0.852624 -0.522525 0
    outer loop
      vertex 21.603 19.8111 12
      vertex 22.2672 18.7273 1.85
      vertex 22.2672 18.7273 12
    endloop
  endfacet
  facet normal -0.233435 0.972372 0
    outer loop
      vertex 17.553 -22.7536 1.85
      vertex 16.3171 -23.0503 12
      vertex 17.553 -22.7536 12
    endloop
  endfacet
  facet normal -0.233435 0.972372 0
    outer loop
      vertex 16.3171 -23.0503 12
      vertex 17.553 -22.7536 1.85
      vertex 16.3171 -23.0503 1.85
    endloop
  endfacet
  facet normal 0.923883 0.382676 0
    outer loop
      vertex -22.2672 -18.7273 12
      vertex -22.7536 -17.553 1.85
      vertex -22.7536 -17.553 12
    endloop
  endfacet
  facet normal 0.923883 0.382676 0
    outer loop
      vertex -22.7536 -17.553 1.85
      vertex -22.2672 -18.7273 12
      vertex -22.2672 -18.7273 1.85
    endloop
  endfacet
  facet normal 0.996918 -0.0784473 0
    outer loop
      vertex -23.15 15.0501 12
      vertex -23.0503 16.3171 1.85
      vertex -23.0503 16.3171 12
    endloop
  endfacet
  facet normal 0.996918 -0.0784473 0
    outer loop
      vertex -23.0503 16.3171 1.85
      vertex -23.15 15.0501 12
      vertex -23.15 15.0501 1.85
    endloop
  endfacet
  facet normal 0.972372 -0.233435 0
    outer loop
      vertex -23.0503 16.3171 12
      vertex -22.7536 17.553 1.85
      vertex -22.7536 17.553 12
    endloop
  endfacet
  facet normal 0.972372 -0.233435 0
    outer loop
      vertex -22.7536 17.553 1.85
      vertex -23.0503 16.3171 12
      vertex -23.0503 16.3171 1.85
    endloop
  endfacet
  facet normal -0.0784473 -0.996918 0
    outer loop
      vertex 15.0501 23.15 1.85
      vertex 16.3171 23.0503 12
      vertex 15.0501 23.15 12
    endloop
  endfacet
  facet normal -0.0784473 -0.996918 -0
    outer loop
      vertex 16.3171 23.0503 12
      vertex 15.0501 23.15 1.85
      vertex 16.3171 23.0503 1.85
    endloop
  endfacet
  facet normal -0.996918 0.0784473 0
    outer loop
      vertex 23.0503 -16.3171 1.85
      vertex 23.15 -15.0501 12
      vertex 23.15 -15.0501 1.85
    endloop
  endfacet
  facet normal -0.996918 0.0784473 0
    outer loop
      vertex 23.15 -15.0501 12
      vertex 23.0503 -16.3171 1.85
      vertex 23.0503 -16.3171 12
    endloop
  endfacet
  facet normal 0.972372 0.233435 0
    outer loop
      vertex -22.7536 -17.553 12
      vertex -23.0503 -16.3171 1.85
      vertex -23.0503 -16.3171 12
    endloop
  endfacet
  facet normal 0.972372 0.233435 0
    outer loop
      vertex -23.0503 -16.3171 1.85
      vertex -22.7536 -17.553 12
      vertex -22.7536 -17.553 1.85
    endloop
  endfacet
  facet normal -0.522525 -0.852624 0
    outer loop
      vertex 46.3389 -25.453 0
      vertex 47.4227 -26.1172 7
      vertex 46.3389 -25.453 7
    endloop
  endfacet
  facet normal -0.522525 -0.852624 -0
    outer loop
      vertex 47.4227 -26.1172 7
      vertex 46.3389 -25.453 0
      vertex 47.4227 -26.1172 0
    endloop
  endfacet
  facet normal -0.233435 -0.972372 0
    outer loop
      vertex 48.597 -26.6036 0
      vertex 49.8329 -26.9003 7
      vertex 48.597 -26.6036 7
    endloop
  endfacet
  facet normal -0.233435 -0.972372 -0
    outer loop
      vertex 49.8329 -26.9003 7
      vertex 48.597 -26.6036 0
      vertex 49.8329 -26.9003 0
    endloop
  endfacet
  facet normal -0.382676 -0.923883 0
    outer loop
      vertex 47.4227 -26.1172 0
      vertex 48.597 -26.6036 7
      vertex 47.4227 -26.1172 7
    endloop
  endfacet
  facet normal -0.382676 -0.923883 -0
    outer loop
      vertex 48.597 -26.6036 7
      vertex 47.4227 -26.1172 0
      vertex 48.597 -26.6036 0
    endloop
  endfacet
  facet normal 0.852659 0.522468 0
    outer loop
      vertex 96.1171 22.5773 7
      vertex 95.453 23.6611 0
      vertex 95.453 23.6611 7
    endloop
  endfacet
  facet normal 0.852659 0.522468 0
    outer loop
      vertex 95.453 23.6611 0
      vertex 96.1171 22.5773 7
      vertex 96.1171 22.5773 0
    endloop
  endfacet
  facet normal -0.649417 -0.760433 0
    outer loop
      vertex 45.3724 -24.6276 0
      vertex 46.3389 -25.453 7
      vertex 45.3724 -24.6276 7
    endloop
  endfacet
  facet normal -0.649417 -0.760433 -0
    outer loop
      vertex 46.3389 -25.453 7
      vertex 45.3724 -24.6276 0
      vertex 46.3389 -25.453 0
    endloop
  endfacet
  facet normal -0.852624 -0.522525 0
    outer loop
      vertex 44.547 -23.6611 0
      vertex 43.8828 -22.5773 7
      vertex 43.8828 -22.5773 0
    endloop
  endfacet
  facet normal -0.852624 -0.522525 0
    outer loop
      vertex 43.8828 -22.5773 7
      vertex 44.547 -23.6611 0
      vertex 44.547 -23.6611 7
    endloop
  endfacet
  facet normal -0 0 1
    outer loop
      vertex 94.7462 19.4494 7
      vertex 97 18.9001 7
      vertex 96.9003 20.1671 7
    endloop
  endfacet
  facet normal 0 0 1
    outer loop
      vertex 97 18.9001 7
      vertex 95.15 16.9 7
      vertex 97 -18.9001 7
    endloop
  endfacet
  facet normal 0 0 1
    outer loop
      vertex 94.7462 19.4494 7
      vertex 96.9003 20.1671 7
      vertex 96.6036 21.403 7
    endloop
  endfacet
  facet normal -0 0 1
    outer loop
      vertex 95.15 -16.9 7
      vertex 97 -18.9001 7
      vertex 95.15 16.9 7
    endloop
  endfacet
  facet normal 0 0 1
    outer loop
      vertex 94.2508 20.6454 7
      vertex 96.6036 21.403 7
      vertex 96.1171 22.5773 7
    endloop
  endfacet
  facet normal -0 0 1
    outer loop
      vertex 95.0484 -18.1906 7
      vertex 97 -18.9001 7
      vertex 95.15 -16.9 7
    endloop
  endfacet
  facet normal 0 0 1
    outer loop
      vertex 93.5744 21.7492 7
      vertex 96.1171 22.5773 7
      vertex 95.453 23.6611 7
    endloop
  endfacet
  facet normal 0 0 1
    outer loop
      vertex 94.7462 -19.4494 7
      vertex 97 -18.9001 7
      vertex 95.0484 -18.1906 7
    endloop
  endfacet
  facet normal 0 0 1
    outer loop
      vertex 97 -18.9001 7
      vertex 94.7462 -19.4494 7
      vertex 96.9003 -20.1671 7
    endloop
  endfacet
  facet normal 0 0 1
    outer loop
      vertex 97 18.9001 7
      vertex 95.0484 18.1906 7
      vertex 95.15 16.9 7
    endloop
  endfacet
  facet normal 0 0 1
    outer loop
      vertex 97 18.9001 7
      vertex 94.7462 19.4494 7
      vertex 95.0484 18.1906 7
    endloop
  endfacet
  facet normal 0 0 1
    outer loop
      vertex 92.7336 22.7336 7
      vertex 95.453 23.6611 7
      vertex 94.6276 24.6276 7
    endloop
  endfacet
  facet normal 0 0 1
    outer loop
      vertex 96.6036 21.403 7
      vertex 94.2508 20.6454 7
      vertex 94.7462 19.4494 7
    endloop
  endfacet
  facet normal 0 0 1
    outer loop
      vertex 92.7336 22.7336 7
      vertex 94.6276 24.6276 7
      vertex 93.6611 25.453 7
    endloop
  endfacet
  facet normal 0 0 1
    outer loop
      vertex 96.1171 22.5773 7
      vertex 93.5744 21.7492 7
      vertex 94.2508 20.6454 7
    endloop
  endfacet
  facet normal 0 0 1
    outer loop
      vertex 95.453 23.6611 7
      vertex 92.7336 22.7336 7
      vertex 93.5744 21.7492 7
    endloop
  endfacet
  facet normal 0 0 1
    outer loop
      vertex 91.7492 23.5744 7
      vertex 93.6611 25.453 7
      vertex 92.5773 26.1172 7
    endloop
  endfacet
  facet normal 0 0 1
    outer loop
      vertex 93.6611 25.453 7
      vertex 91.7492 23.5744 7
      vertex 92.7336 22.7336 7
    endloop
  endfacet
  facet normal 0 0 1
    outer loop
      vertex 90.6454 24.2508 7
      vertex 92.5773 26.1172 7
      vertex 91.403 26.6036 7
    endloop
  endfacet
  facet normal 0 0 1
    outer loop
      vertex 92.5773 26.1172 7
      vertex 90.6454 24.2508 7
      vertex 91.7492 23.5744 7
    endloop
  endfacet
  facet normal 0 0 1
    outer loop
      vertex 90.1671 26.9003 7
      vertex 90.6454 24.2508 7
      vertex 91.403 26.6036 7
    endloop
  endfacet
  facet normal 0 0 1
    outer loop
      vertex 90.1671 26.9003 7
      vertex 89.4494 24.7462 7
      vertex 90.6454 24.2508 7
    endloop
  endfacet
  facet normal 0 0 1
    outer loop
      vertex 88.9001 27 7
      vertex 89.4494 24.7462 7
      vertex 90.1671 26.9003 7
    endloop
  endfacet
  facet normal 0 0 1
    outer loop
      vertex 88.9001 27 7
      vertex 88.1906 25.0484 7
      vertex 89.4494 24.7462 7
    endloop
  endfacet
  facet normal 0 0 1
    outer loop
      vertex 88.9001 27 7
      vertex 86.9 25.15 7
      vertex 88.1906 25.0484 7
    endloop
  endfacet
  facet normal 0 0 1
    outer loop
      vertex 88.9001 27 7
      vertex 53.1 25.15 7
      vertex 86.9 25.15 7
    endloop
  endfacet
  facet normal -0 0 1
    outer loop
      vertex 51.0999 27 7
      vertex 53.1 25.15 7
      vertex 88.9001 27 7
    endloop
  endfacet
  facet normal 0 0 1
    outer loop
      vertex 51.0999 27 7
      vertex 51.8094 25.0484 7
      vertex 53.1 25.15 7
    endloop
  endfacet
  facet normal 0 0 1
    outer loop
      vertex 51.0999 27 7
      vertex 50.5506 24.7462 7
      vertex 51.8094 25.0484 7
    endloop
  endfacet
  facet normal -0 0 1
    outer loop
      vertex 49.8329 26.9003 7
      vertex 50.5506 24.7462 7
      vertex 51.0999 27 7
    endloop
  endfacet
  facet normal 0 0 1
    outer loop
      vertex 49.8329 26.9003 7
      vertex 49.3546 24.2508 7
      vertex 50.5506 24.7462 7
    endloop
  endfacet
  facet normal -0 0 1
    outer loop
      vertex 48.597 26.6036 7
      vertex 49.3546 24.2508 7
      vertex 49.8329 26.9003 7
    endloop
  endfacet
  facet normal -0 0 1
    outer loop
      vertex 47.4227 26.1172 7
      vertex 49.3546 24.2508 7
      vertex 48.597 26.6036 7
    endloop
  endfacet
  facet normal 0 0 1
    outer loop
      vertex 49.3546 24.2508 7
      vertex 47.4227 26.1172 7
      vertex 48.2508 23.5744 7
    endloop
  endfacet
  facet normal -0 0 1
    outer loop
      vertex 46.3389 25.453 7
      vertex 48.2508 23.5744 7
      vertex 47.4227 26.1172 7
    endloop
  endfacet
  facet normal 0 0 1
    outer loop
      vertex 48.2508 23.5744 7
      vertex 46.3389 25.453 7
      vertex 47.2664 22.7336 7
    endloop
  endfacet
  facet normal -0 0 1
    outer loop
      vertex 45.3724 24.6276 7
      vertex 47.2664 22.7336 7
      vertex 46.3389 25.453 7
    endloop
  endfacet
  facet normal -0 0 1
    outer loop
      vertex 44.547 23.6611 7
      vertex 47.2664 22.7336 7
      vertex 45.3724 24.6276 7
    endloop
  endfacet
  facet normal 0 0 1
    outer loop
      vertex 47.2664 22.7336 7
      vertex 44.547 23.6611 7
      vertex 46.4256 21.7492 7
    endloop
  endfacet
  facet normal -0 0 1
    outer loop
      vertex 43.8828 22.5773 7
      vertex 46.4256 21.7492 7
      vertex 44.547 23.6611 7
    endloop
  endfacet
  facet normal 0 0 1
    outer loop
      vertex 46.4256 21.7492 7
      vertex 43.8828 22.5773 7
      vertex 45.7492 20.6454 7
    endloop
  endfacet
  facet normal -0 0 1
    outer loop
      vertex 43.3964 21.403 7
      vertex 45.7492 20.6454 7
      vertex 43.8828 22.5773 7
    endloop
  endfacet
  facet normal -0 0 1
    outer loop
      vertex 43.0997 20.1671 7
      vertex 45.2538 19.4494 7
      vertex 43.3964 21.403 7
    endloop
  endfacet
  facet normal 0 0 1
    outer loop
      vertex 45.7492 20.6454 7
      vertex 43.3964 21.403 7
      vertex 45.2538 19.4494 7
    endloop
  endfacet
  facet normal 0 0 1
    outer loop
      vertex 96.9003 -20.1671 7
      vertex 94.7462 -19.4494 7
      vertex 96.6036 -21.403 7
    endloop
  endfacet
  facet normal -0 0 1
    outer loop
      vertex 94.2508 -20.6454 7
      vertex 96.6036 -21.403 7
      vertex 94.7462 -19.4494 7
    endloop
  endfacet
  facet normal 0 0 1
    outer loop
      vertex 96.6036 -21.403 7
      vertex 94.2508 -20.6454 7
      vertex 96.1171 -22.5773 7
    endloop
  endfacet
  facet normal -0 0 1
    outer loop
      vertex 93.5744 -21.7492 7
      vertex 96.1171 -22.5773 7
      vertex 94.2508 -20.6454 7
    endloop
  endfacet
  facet normal 0 0 1
    outer loop
      vertex 96.1171 -22.5773 7
      vertex 93.5744 -21.7492 7
      vertex 95.453 -23.6611 7
    endloop
  endfacet
  facet normal -0 0 1
    outer loop
      vertex 92.7336 -22.7336 7
      vertex 95.453 -23.6611 7
      vertex 93.5744 -21.7492 7
    endloop
  endfacet
  facet normal 0 0 1
    outer loop
      vertex 95.453 -23.6611 7
      vertex 92.7336 -22.7336 7
      vertex 94.6276 -24.6276 7
    endloop
  endfacet
  facet normal 0 0 1
    outer loop
      vertex 94.6276 -24.6276 7
      vertex 92.7336 -22.7336 7
      vertex 93.6611 -25.453 7
    endloop
  endfacet
  facet normal -0 0 1
    outer loop
      vertex 91.7492 -23.5744 7
      vertex 93.6611 -25.453 7
      vertex 92.7336 -22.7336 7
    endloop
  endfacet
  facet normal 0 0 1
    outer loop
      vertex 93.6611 -25.453 7
      vertex 91.7492 -23.5744 7
      vertex 92.5773 -26.1172 7
    endloop
  endfacet
  facet normal -0 0 1
    outer loop
      vertex 90.6454 -24.2508 7
      vertex 92.5773 -26.1172 7
      vertex 91.7492 -23.5744 7
    endloop
  endfacet
  facet normal 0 0 1
    outer loop
      vertex 92.5773 -26.1172 7
      vertex 90.6454 -24.2508 7
      vertex 91.403 -26.6036 7
    endloop
  endfacet
  facet normal 0 0 1
    outer loop
      vertex 90.6454 -24.2508 7
      vertex 90.1671 -26.9003 7
      vertex 91.403 -26.6036 7
    endloop
  endfacet
  facet normal -0 0 1
    outer loop
      vertex 89.4494 -24.7462 7
      vertex 90.1671 -26.9003 7
      vertex 90.6454 -24.2508 7
    endloop
  endfacet
  facet normal 0 0 1
    outer loop
      vertex 89.4494 -24.7462 7
      vertex 88.9001 -27 7
      vertex 90.1671 -26.9003 7
    endloop
  endfacet
  facet normal -0 0 1
    outer loop
      vertex 88.1906 -25.0484 7
      vertex 88.9001 -27 7
      vertex 89.4494 -24.7462 7
    endloop
  endfacet
  facet normal -0 0 1
    outer loop
      vertex 86.9 -25.15 7
      vertex 88.9001 -27 7
      vertex 88.1906 -25.0484 7
    endloop
  endfacet
  facet normal -0 0 1
    outer loop
      vertex 53.1 -25.15 7
      vertex 88.9001 -27 7
      vertex 86.9 -25.15 7
    endloop
  endfacet
  facet normal 0 0 1
    outer loop
      vertex 53.1 -25.15 7
      vertex 51.0999 -27 7
      vertex 88.9001 -27 7
    endloop
  endfacet
  facet normal 0 0 1
    outer loop
      vertex 51.8094 -25.0484 7
      vertex 51.0999 -27 7
      vertex 53.1 -25.15 7
    endloop
  endfacet
  facet normal 0 0 1
    outer loop
      vertex 50.5506 -24.7462 7
      vertex 51.0999 -27 7
      vertex 51.8094 -25.0484 7
    endloop
  endfacet
  facet normal 0 0 1
    outer loop
      vertex 50.5506 -24.7462 7
      vertex 49.8329 -26.9003 7
      vertex 51.0999 -27 7
    endloop
  endfacet
  facet normal 0 0 1
    outer loop
      vertex 49.3546 -24.2508 7
      vertex 49.8329 -26.9003 7
      vertex 50.5506 -24.7462 7
    endloop
  endfacet
  facet normal 0 0 1
    outer loop
      vertex 49.3546 -24.2508 7
      vertex 48.597 -26.6036 7
      vertex 49.8329 -26.9003 7
    endloop
  endfacet
  facet normal 0 0 1
    outer loop
      vertex 47.4227 -26.1172 7
      vertex 49.3546 -24.2508 7
      vertex 48.2508 -23.5744 7
    endloop
  endfacet
  facet normal 0 0 1
    outer loop
      vertex 49.3546 -24.2508 7
      vertex 47.4227 -26.1172 7
      vertex 48.597 -26.6036 7
    endloop
  endfacet
  facet normal 0 0 1
    outer loop
      vertex 46.3389 -25.453 7
      vertex 48.2508 -23.5744 7
      vertex 47.2664 -22.7336 7
    endloop
  endfacet
  facet normal 0 0 1
    outer loop
      vertex 44.547 -23.6611 7
      vertex 47.2664 -22.7336 7
      vertex 46.4256 -21.7492 7
    endloop
  endfacet
  facet normal 0 0 1
    outer loop
      vertex 48.2508 -23.5744 7
      vertex 46.3389 -25.453 7
      vertex 47.4227 -26.1172 7
    endloop
  endfacet
  facet normal 0 0 1
    outer loop
      vertex 43.8828 -22.5773 7
      vertex 46.4256 -21.7492 7
      vertex 45.7492 -20.6454 7
    endloop
  endfacet
  facet normal 0 0 1
    outer loop
      vertex 47.2664 -22.7336 7
      vertex 45.3724 -24.6276 7
      vertex 46.3389 -25.453 7
    endloop
  endfacet
  facet normal 0 0 1
    outer loop
      vertex 43.3964 -21.403 7
      vertex 45.7492 -20.6454 7
      vertex 45.2538 -19.4494 7
    endloop
  endfacet
  facet normal -0 0 1
    outer loop
      vertex 43 -18.9001 7
      vertex 45.2538 -19.4494 7
      vertex 44.9516 -18.1906 7
    endloop
  endfacet
  facet normal 0 0 1
    outer loop
      vertex 43 -18.9001 7
      vertex 44.9516 -18.1906 7
      vertex 44.85 -16.9 7
    endloop
  endfacet
  facet normal 0 0 1
    outer loop
      vertex 47.2664 -22.7336 7
      vertex 44.547 -23.6611 7
      vertex 45.3724 -24.6276 7
    endloop
  endfacet
  facet normal 0 0 1
    outer loop
      vertex 44.85 16.9 7
      vertex 43 18.9001 7
      vertex 44.85 -16.9 7
    endloop
  endfacet
  facet normal 0 0 1
    outer loop
      vertex 43 18.9001 7
      vertex 45.2538 19.4494 7
      vertex 43.0997 20.1671 7
    endloop
  endfacet
  facet normal 0 0 1
    outer loop
      vertex 43 -18.9001 7
      vertex 44.85 -16.9 7
      vertex 43 18.9001 7
    endloop
  endfacet
  facet normal 0 0 1
    outer loop
      vertex 45.2538 19.4494 7
      vertex 43 18.9001 7
      vertex 44.9516 18.1906 7
    endloop
  endfacet
  facet normal 0 0 1
    outer loop
      vertex 45.2538 -19.4494 7
      vertex 43 -18.9001 7
      vertex 43.0997 -20.1671 7
    endloop
  endfacet
  facet normal 0 0 1
    outer loop
      vertex 44.9516 18.1906 7
      vertex 43 18.9001 7
      vertex 44.85 16.9 7
    endloop
  endfacet
  facet normal 0 0 1
    outer loop
      vertex 46.4256 -21.7492 7
      vertex 43.8828 -22.5773 7
      vertex 44.547 -23.6611 7
    endloop
  endfacet
  facet normal 0 0 1
    outer loop
      vertex 45.7492 -20.6454 7
      vertex 43.3964 -21.403 7
      vertex 43.8828 -22.5773 7
    endloop
  endfacet
  facet normal 0 0 1
    outer loop
      vertex 45.2538 -19.4494 7
      vertex 43.0997 -20.1671 7
      vertex 43.3964 -21.403 7
    endloop
  endfacet
  facet normal -0.972372 0.233435 0
    outer loop
      vertex 43.0997 20.1671 0
      vertex 43.3964 21.403 7
      vertex 43.3964 21.403 0
    endloop
  endfacet
  facet normal -0.972372 0.233435 0
    outer loop
      vertex 43.3964 21.403 7
      vertex 43.0997 20.1671 0
      vertex 43.0997 20.1671 7
    endloop
  endfacet
  facet normal 0.522525 0.852624 -0
    outer loop
      vertex 93.6611 25.453 0
      vertex 92.5773 26.1172 7
      vertex 93.6611 25.453 7
    endloop
  endfacet
  facet normal 0.522525 0.852624 0
    outer loop
      vertex 92.5773 26.1172 7
      vertex 93.6611 25.453 0
      vertex 92.5773 26.1172 0
    endloop
  endfacet
  facet normal 0 1 -0
    outer loop
      vertex 88.9001 27 0
      vertex 51.0999 27 7
      vertex 88.9001 27 7
    endloop
  endfacet
  facet normal 0 1 0
    outer loop
      vertex 51.0999 27 7
      vertex 88.9001 27 0
      vertex 51.0999 27 0
    endloop
  endfacet
  facet normal 0.649417 0.760433 -0
    outer loop
      vertex 94.6276 24.6276 0
      vertex 93.6611 25.453 7
      vertex 94.6276 24.6276 7
    endloop
  endfacet
  facet normal 0.649417 0.760433 0
    outer loop
      vertex 93.6611 25.453 7
      vertex 94.6276 24.6276 0
      vertex 93.6611 25.453 0
    endloop
  endfacet
  facet normal -0.0784473 -0.996918 0
    outer loop
      vertex 49.8329 -26.9003 0
      vertex 51.0999 -27 7
      vertex 49.8329 -26.9003 7
    endloop
  endfacet
  facet normal -0.0784473 -0.996918 -0
    outer loop
      vertex 51.0999 -27 7
      vertex 49.8329 -26.9003 0
      vertex 51.0999 -27 0
    endloop
  endfacet
  facet normal 0 -1 0
    outer loop
      vertex 51.0999 -27 0
      vertex 88.9001 -27 7
      vertex 51.0999 -27 7
    endloop
  endfacet
  facet normal 0 -1 -0
    outer loop
      vertex 88.9001 -27 7
      vertex 51.0999 -27 0
      vertex 88.9001 -27 0
    endloop
  endfacet
  facet normal -0.760433 -0.649417 0
    outer loop
      vertex 45.3724 -24.6276 0
      vertex 44.547 -23.6611 7
      vertex 44.547 -23.6611 0
    endloop
  endfacet
  facet normal -0.760433 -0.649417 0
    outer loop
      vertex 44.547 -23.6611 7
      vertex 45.3724 -24.6276 0
      vertex 45.3724 -24.6276 7
    endloop
  endfacet
  facet normal -1 0 0
    outer loop
      vertex 43 -18.9001 0
      vertex 43 18.9001 7
      vertex 43 18.9001 0
    endloop
  endfacet
  facet normal -1 -0 0
    outer loop
      vertex 43 18.9001 7
      vertex 43 -18.9001 0
      vertex 43 -18.9001 7
    endloop
  endfacet
  facet normal -0.760433 0.649417 0
    outer loop
      vertex 44.547 23.6611 0
      vertex 45.3724 24.6276 7
      vertex 45.3724 24.6276 0
    endloop
  endfacet
  facet normal -0.760433 0.649417 0
    outer loop
      vertex 45.3724 24.6276 7
      vertex 44.547 23.6611 0
      vertex 44.547 23.6611 7
    endloop
  endfacet
  facet normal -0.852624 0.522525 0
    outer loop
      vertex 43.8828 22.5773 0
      vertex 44.547 23.6611 7
      vertex 44.547 23.6611 0
    endloop
  endfacet
  facet normal -0.852624 0.522525 0
    outer loop
      vertex 44.547 23.6611 7
      vertex 43.8828 22.5773 0
      vertex 43.8828 22.5773 7
    endloop
  endfacet
  facet normal 0.233435 0.972372 -0
    outer loop
      vertex 91.403 26.6036 0
      vertex 90.1671 26.9003 7
      vertex 91.403 26.6036 7
    endloop
  endfacet
  facet normal 0.233435 0.972372 0
    outer loop
      vertex 90.1671 26.9003 7
      vertex 91.403 26.6036 0
      vertex 90.1671 26.9003 0
    endloop
  endfacet
  facet normal 0.0784473 0.996918 -0
    outer loop
      vertex 90.1671 26.9003 0
      vertex 88.9001 27 7
      vertex 90.1671 26.9003 7
    endloop
  endfacet
  facet normal 0.0784473 0.996918 0
    outer loop
      vertex 88.9001 27 7
      vertex 90.1671 26.9003 0
      vertex 88.9001 27 0
    endloop
  endfacet
  facet normal 0.382676 0.923883 -0
    outer loop
      vertex 92.5773 26.1172 0
      vertex 91.403 26.6036 7
      vertex 92.5773 26.1172 7
    endloop
  endfacet
  facet normal 0.382676 0.923883 0
    outer loop
      vertex 91.403 26.6036 7
      vertex 92.5773 26.1172 0
      vertex 91.403 26.6036 0
    endloop
  endfacet
  facet normal -0.649417 0.760433 0
    outer loop
      vertex 46.3389 25.453 0
      vertex 45.3724 24.6276 7
      vertex 46.3389 25.453 7
    endloop
  endfacet
  facet normal -0.649417 0.760433 0
    outer loop
      vertex 45.3724 24.6276 7
      vertex 46.3389 25.453 0
      vertex 45.3724 24.6276 0
    endloop
  endfacet
  facet normal -0.522525 0.852624 0
    outer loop
      vertex 47.4227 26.1172 0
      vertex 46.3389 25.453 7
      vertex 47.4227 26.1172 7
    endloop
  endfacet
  facet normal -0.522525 0.852624 0
    outer loop
      vertex 46.3389 25.453 7
      vertex 47.4227 26.1172 0
      vertex 46.3389 25.453 0
    endloop
  endfacet
  facet normal -0.382676 0.923883 0
    outer loop
      vertex 48.597 26.6036 0
      vertex 47.4227 26.1172 7
      vertex 48.597 26.6036 7
    endloop
  endfacet
  facet normal -0.382676 0.923883 0
    outer loop
      vertex 47.4227 26.1172 7
      vertex 48.597 26.6036 0
      vertex 47.4227 26.1172 0
    endloop
  endfacet
  facet normal -0.233435 0.972372 0
    outer loop
      vertex 49.8329 26.9003 0
      vertex 48.597 26.6036 7
      vertex 49.8329 26.9003 7
    endloop
  endfacet
  facet normal -0.233435 0.972372 0
    outer loop
      vertex 48.597 26.6036 7
      vertex 49.8329 26.9003 0
      vertex 48.597 26.6036 0
    endloop
  endfacet
  facet normal 0.923855 0.382743 0
    outer loop
      vertex 96.6036 21.403 7
      vertex 96.1171 22.5773 0
      vertex 96.1171 22.5773 7
    endloop
  endfacet
  facet normal 0.923855 0.382743 0
    outer loop
      vertex 96.1171 22.5773 0
      vertex 96.6036 21.403 7
      vertex 96.6036 21.403 0
    endloop
  endfacet
  facet normal 0.972372 0.233435 0
    outer loop
      vertex 96.9003 20.1671 7
      vertex 96.6036 21.403 0
      vertex 96.6036 21.403 7
    endloop
  endfacet
  facet normal 0.972372 0.233435 0
    outer loop
      vertex 96.6036 21.403 0
      vertex 96.9003 20.1671 7
      vertex 96.9003 20.1671 0
    endloop
  endfacet
  facet normal 1 -0 0
    outer loop
      vertex 97 -18.9001 7
      vertex 97 18.9001 0
      vertex 97 18.9001 7
    endloop
  endfacet
  facet normal 1 0 0
    outer loop
      vertex 97 18.9001 0
      vertex 97 -18.9001 7
      vertex 97 -18.9001 0
    endloop
  endfacet
  facet normal 0.923855 -0.382743 0
    outer loop
      vertex 96.1171 -22.5773 7
      vertex 96.6036 -21.403 0
      vertex 96.6036 -21.403 7
    endloop
  endfacet
  facet normal 0.923855 -0.382743 0
    outer loop
      vertex 96.6036 -21.403 0
      vertex 96.1171 -22.5773 7
      vertex 96.1171 -22.5773 0
    endloop
  endfacet
  facet normal 0.522525 -0.852624 0
    outer loop
      vertex 92.5773 -26.1172 0
      vertex 93.6611 -25.453 7
      vertex 92.5773 -26.1172 7
    endloop
  endfacet
  facet normal 0.522525 -0.852624 0
    outer loop
      vertex 93.6611 -25.453 7
      vertex 92.5773 -26.1172 0
      vertex 93.6611 -25.453 0
    endloop
  endfacet
  facet normal 0 0 -1
    outer loop
      vertex 88.9001 -27 0
      vertex 97 -18.9001 0
      vertex 96.9003 -20.1671 0
    endloop
  endfacet
  facet normal -0 0 -1
    outer loop
      vertex 97 -18.9001 0
      vertex 88.9001 -27 0
      vertex 97 18.9001 0
    endloop
  endfacet
  facet normal 0 0 -1
    outer loop
      vertex 88.9001 -27 0
      vertex 96.9003 -20.1671 0
      vertex 96.6036 -21.403 0
    endloop
  endfacet
  facet normal 0 0 -1
    outer loop
      vertex 88.9001 27 0
      vertex 97 18.9001 0
      vertex 88.9001 -27 0
    endloop
  endfacet
  facet normal 0 0 -1
    outer loop
      vertex 88.9001 -27 0
      vertex 96.6036 -21.403 0
      vertex 96.1171 -22.5773 0
    endloop
  endfacet
  facet normal 0 0 -1
    outer loop
      vertex 97 18.9001 0
      vertex 88.9001 27 0
      vertex 96.9003 20.1671 0
    endloop
  endfacet
  facet normal 0 0 -1
    outer loop
      vertex 88.9001 -27 0
      vertex 96.1171 -22.5773 0
      vertex 95.453 -23.6611 0
    endloop
  endfacet
  facet normal 0 0 -1
    outer loop
      vertex 96.9003 20.1671 0
      vertex 88.9001 27 0
      vertex 96.6036 21.403 0
    endloop
  endfacet
  facet normal 0 0 -1
    outer loop
      vertex 88.9001 -27 0
      vertex 95.453 -23.6611 0
      vertex 94.6276 -24.6276 0
    endloop
  endfacet
  facet normal 0 0 -1
    outer loop
      vertex 96.6036 21.403 0
      vertex 88.9001 27 0
      vertex 96.1171 22.5773 0
    endloop
  endfacet
  facet normal 0 0 -1
    outer loop
      vertex 88.9001 -27 0
      vertex 94.6276 -24.6276 0
      vertex 93.6611 -25.453 0
    endloop
  endfacet
  facet normal 0 0 -1
    outer loop
      vertex 96.1171 22.5773 0
      vertex 88.9001 27 0
      vertex 95.453 23.6611 0
    endloop
  endfacet
  facet normal 0 0 -1
    outer loop
      vertex 88.9001 -27 0
      vertex 93.6611 -25.453 0
      vertex 92.5773 -26.1172 0
    endloop
  endfacet
  facet normal 0 0 -1
    outer loop
      vertex 95.453 23.6611 0
      vertex 88.9001 27 0
      vertex 94.6276 24.6276 0
    endloop
  endfacet
  facet normal 0 0 -1
    outer loop
      vertex 88.9001 -27 0
      vertex 92.5773 -26.1172 0
      vertex 91.403 -26.6036 0
    endloop
  endfacet
  facet normal 0 0 -1
    outer loop
      vertex 94.6276 24.6276 0
      vertex 88.9001 27 0
      vertex 93.6611 25.453 0
    endloop
  endfacet
  facet normal 0 0 -1
    outer loop
      vertex 88.9001 -27 0
      vertex 91.403 -26.6036 0
      vertex 90.1671 -26.9003 0
    endloop
  endfacet
  facet normal 0 0 -1
    outer loop
      vertex 93.6611 25.453 0
      vertex 88.9001 27 0
      vertex 92.5773 26.1172 0
    endloop
  endfacet
  facet normal 0 0 -1
    outer loop
      vertex 92.5773 26.1172 0
      vertex 88.9001 27 0
      vertex 91.403 26.6036 0
    endloop
  endfacet
  facet normal 0 0 -1
    outer loop
      vertex 91.403 26.6036 0
      vertex 88.9001 27 0
      vertex 90.1671 26.9003 0
    endloop
  endfacet
  facet normal 0 0 -1
    outer loop
      vertex 51.0999 -27 0
      vertex 88.9001 27 0
      vertex 88.9001 -27 0
    endloop
  endfacet
  facet normal 0 0 -1
    outer loop
      vertex 51.0999 -27 0
      vertex 51.0999 27 0
      vertex 88.9001 27 0
    endloop
  endfacet
  facet normal 0 0 -1
    outer loop
      vertex 43 -18.9001 0
      vertex 51.0999 -27 0
      vertex 49.8329 -26.9003 0
    endloop
  endfacet
  facet normal 0 0 -1
    outer loop
      vertex 51.0999 -27 0
      vertex 43 -18.9001 0
      vertex 51.0999 27 0
    endloop
  endfacet
  facet normal 0 0 -1
    outer loop
      vertex 43 -18.9001 0
      vertex 49.8329 -26.9003 0
      vertex 48.597 -26.6036 0
    endloop
  endfacet
  facet normal 0 0 -1
    outer loop
      vertex 43 18.9001 0
      vertex 51.0999 27 0
      vertex 43 -18.9001 0
    endloop
  endfacet
  facet normal 0 0 -1
    outer loop
      vertex 43 -18.9001 0
      vertex 48.597 -26.6036 0
      vertex 47.4227 -26.1172 0
    endloop
  endfacet
  facet normal 0 0 -1
    outer loop
      vertex 51.0999 27 0
      vertex 43 18.9001 0
      vertex 49.8329 26.9003 0
    endloop
  endfacet
  facet normal 0 0 -1
    outer loop
      vertex 43 -18.9001 0
      vertex 47.4227 -26.1172 0
      vertex 46.3389 -25.453 0
    endloop
  endfacet
  facet normal 0 0 -1
    outer loop
      vertex 49.8329 26.9003 0
      vertex 43 18.9001 0
      vertex 48.597 26.6036 0
    endloop
  endfacet
  facet normal 0 0 -1
    outer loop
      vertex 43 -18.9001 0
      vertex 46.3389 -25.453 0
      vertex 45.3724 -24.6276 0
    endloop
  endfacet
  facet normal 0 0 -1
    outer loop
      vertex 48.597 26.6036 0
      vertex 43 18.9001 0
      vertex 47.4227 26.1172 0
    endloop
  endfacet
  facet normal 0 0 -1
    outer loop
      vertex 43 -18.9001 0
      vertex 45.3724 -24.6276 0
      vertex 44.547 -23.6611 0
    endloop
  endfacet
  facet normal 0 0 -1
    outer loop
      vertex 47.4227 26.1172 0
      vertex 43 18.9001 0
      vertex 46.3389 25.453 0
    endloop
  endfacet
  facet normal 0 0 -1
    outer loop
      vertex 43 -18.9001 0
      vertex 44.547 -23.6611 0
      vertex 43.8828 -22.5773 0
    endloop
  endfacet
  facet normal 0 0 -1
    outer loop
      vertex 46.3389 25.453 0
      vertex 43 18.9001 0
      vertex 45.3724 24.6276 0
    endloop
  endfacet
  facet normal 0 0 -1
    outer loop
      vertex 43 -18.9001 0
      vertex 43.8828 -22.5773 0
      vertex 43.3964 -21.403 0
    endloop
  endfacet
  facet normal 0 0 -1
    outer loop
      vertex 45.3724 24.6276 0
      vertex 43 18.9001 0
      vertex 44.547 23.6611 0
    endloop
  endfacet
  facet normal 0 0 -1
    outer loop
      vertex 43 -18.9001 0
      vertex 43.3964 -21.403 0
      vertex 43.0997 -20.1671 0
    endloop
  endfacet
  facet normal 0 0 -1
    outer loop
      vertex 44.547 23.6611 0
      vertex 43 18.9001 0
      vertex 43.8828 22.5773 0
    endloop
  endfacet
  facet normal 0 0 -1
    outer loop
      vertex 43.8828 22.5773 0
      vertex 43 18.9001 0
      vertex 43.3964 21.403 0
    endloop
  endfacet
  facet normal 0 0 -1
    outer loop
      vertex 43.3964 21.403 0
      vertex 43 18.9001 0
      vertex 43.0997 20.1671 0
    endloop
  endfacet
  facet normal -0.923883 -0.382676 0
    outer loop
      vertex 43.8828 -22.5773 0
      vertex 43.3964 -21.403 7
      vertex 43.3964 -21.403 0
    endloop
  endfacet
  facet normal -0.923883 -0.382676 0
    outer loop
      vertex 43.3964 -21.403 7
      vertex 43.8828 -22.5773 0
      vertex 43.8828 -22.5773 7
    endloop
  endfacet
  facet normal -0.996918 0.0784473 0
    outer loop
      vertex 43 18.9001 0
      vertex 43.0997 20.1671 7
      vertex 43.0997 20.1671 0
    endloop
  endfacet
  facet normal -0.996918 0.0784473 0
    outer loop
      vertex 43.0997 20.1671 7
      vertex 43 18.9001 0
      vertex 43 18.9001 7
    endloop
  endfacet
  facet normal -0.923883 0.382676 0
    outer loop
      vertex 43.3964 21.403 0
      vertex 43.8828 22.5773 7
      vertex 43.8828 22.5773 0
    endloop
  endfacet
  facet normal -0.923883 0.382676 0
    outer loop
      vertex 43.8828 22.5773 7
      vertex 43.3964 21.403 0
      vertex 43.3964 21.403 7
    endloop
  endfacet
  facet normal -0.0784473 0.996918 0
    outer loop
      vertex 51.0999 27 0
      vertex 49.8329 26.9003 7
      vertex 51.0999 27 7
    endloop
  endfacet
  facet normal -0.0784473 0.996918 0
    outer loop
      vertex 49.8329 26.9003 7
      vertex 51.0999 27 0
      vertex 49.8329 26.9003 0
    endloop
  endfacet
  facet normal 0.996918 0.0784473 0
    outer loop
      vertex 97 18.9001 7
      vertex 96.9003 20.1671 0
      vertex 96.9003 20.1671 7
    endloop
  endfacet
  facet normal 0.996918 0.0784473 0
    outer loop
      vertex 96.9003 20.1671 0
      vertex 97 18.9001 7
      vertex 97 18.9001 0
    endloop
  endfacet
  facet normal 0.760433 0.649417 0
    outer loop
      vertex 95.453 23.6611 7
      vertex 94.6276 24.6276 0
      vertex 94.6276 24.6276 7
    endloop
  endfacet
  facet normal 0.760433 0.649417 0
    outer loop
      vertex 94.6276 24.6276 0
      vertex 95.453 23.6611 7
      vertex 95.453 23.6611 0
    endloop
  endfacet
  facet normal 0.760433 -0.649417 0
    outer loop
      vertex 94.6276 -24.6276 7
      vertex 95.453 -23.6611 0
      vertex 95.453 -23.6611 7
    endloop
  endfacet
  facet normal 0.760433 -0.649417 0
    outer loop
      vertex 95.453 -23.6611 0
      vertex 94.6276 -24.6276 7
      vertex 94.6276 -24.6276 0
    endloop
  endfacet
  facet normal 0.649417 -0.760433 0
    outer loop
      vertex 93.6611 -25.453 0
      vertex 94.6276 -24.6276 7
      vertex 93.6611 -25.453 7
    endloop
  endfacet
  facet normal 0.649417 -0.760433 0
    outer loop
      vertex 94.6276 -24.6276 7
      vertex 93.6611 -25.453 0
      vertex 94.6276 -24.6276 0
    endloop
  endfacet
  facet normal 0.852659 -0.522468 0
    outer loop
      vertex 95.453 -23.6611 7
      vertex 96.1171 -22.5773 0
      vertex 96.1171 -22.5773 7
    endloop
  endfacet
  facet normal 0.852659 -0.522468 0
    outer loop
      vertex 96.1171 -22.5773 0
      vertex 95.453 -23.6611 7
      vertex 95.453 -23.6611 0
    endloop
  endfacet
  facet normal 0.972372 -0.233435 0
    outer loop
      vertex 96.6036 -21.403 7
      vertex 96.9003 -20.1671 0
      vertex 96.9003 -20.1671 7
    endloop
  endfacet
  facet normal 0.972372 -0.233435 0
    outer loop
      vertex 96.9003 -20.1671 0
      vertex 96.6036 -21.403 7
      vertex 96.6036 -21.403 0
    endloop
  endfacet
  facet normal 0.996918 -0.0784473 0
    outer loop
      vertex 96.9003 -20.1671 7
      vertex 97 -18.9001 0
      vertex 97 -18.9001 7
    endloop
  endfacet
  facet normal 0.996918 -0.0784473 0
    outer loop
      vertex 97 -18.9001 0
      vertex 96.9003 -20.1671 7
      vertex 96.9003 -20.1671 0
    endloop
  endfacet
  facet normal 0.382676 -0.923883 0
    outer loop
      vertex 91.403 -26.6036 0
      vertex 92.5773 -26.1172 7
      vertex 91.403 -26.6036 7
    endloop
  endfacet
  facet normal 0.382676 -0.923883 0
    outer loop
      vertex 92.5773 -26.1172 7
      vertex 91.403 -26.6036 0
      vertex 92.5773 -26.1172 0
    endloop
  endfacet
  facet normal -0.972372 -0.233435 0
    outer loop
      vertex 43.3964 -21.403 0
      vertex 43.0997 -20.1671 7
      vertex 43.0997 -20.1671 0
    endloop
  endfacet
  facet normal -0.972372 -0.233435 0
    outer loop
      vertex 43.0997 -20.1671 7
      vertex 43.3964 -21.403 0
      vertex 43.3964 -21.403 7
    endloop
  endfacet
  facet normal -0.996918 -0.0784473 0
    outer loop
      vertex 43.0997 -20.1671 0
      vertex 43 -18.9001 7
      vertex 43 -18.9001 0
    endloop
  endfacet
  facet normal -0.996918 -0.0784473 0
    outer loop
      vertex 43 -18.9001 7
      vertex 43.0997 -20.1671 0
      vertex 43.0997 -20.1671 7
    endloop
  endfacet
  facet normal 0.233435 -0.972372 0
    outer loop
      vertex 90.1671 -26.9003 0
      vertex 91.403 -26.6036 7
      vertex 90.1671 -26.9003 7
    endloop
  endfacet
  facet normal 0.233435 -0.972372 0
    outer loop
      vertex 91.403 -26.6036 7
      vertex 90.1671 -26.9003 0
      vertex 91.403 -26.6036 0
    endloop
  endfacet
  facet normal 0.0784473 -0.996918 0
    outer loop
      vertex 88.9001 -27 0
      vertex 90.1671 -26.9003 7
      vertex 88.9001 -27 7
    endloop
  endfacet
  facet normal 0.0784473 -0.996918 0
    outer loop
      vertex 90.1671 -26.9003 7
      vertex 88.9001 -27 0
      vertex 90.1671 -26.9003 0
    endloop
  endfacet
  facet normal 0.233437 0.972372 -0
    outer loop
      vertex 51.8094 -25.0484 4
      vertex 50.5506 -24.7462 7
      vertex 51.8094 -25.0484 7
    endloop
  endfacet
  facet normal 0.233437 0.972372 0
    outer loop
      vertex 50.5506 -24.7462 7
      vertex 51.8094 -25.0484 4
      vertex 50.5506 -24.7462 4
    endloop
  endfacet
  facet normal 0.0784803 0.996916 -0
    outer loop
      vertex 53.1 -25.15 4
      vertex 51.8094 -25.0484 7
      vertex 53.1 -25.15 7
    endloop
  endfacet
  facet normal 0.0784803 0.996916 0
    outer loop
      vertex 51.8094 -25.0484 7
      vertex 53.1 -25.15 4
      vertex 51.8094 -25.0484 4
    endloop
  endfacet
  facet normal 0 0 1
    outer loop
      vertex 86.9 25.15 4
      vertex 95.15 16.9 4
      vertex 95.0484 18.1906 4
    endloop
  endfacet
  facet normal 0 0 1
    outer loop
      vertex 95.15 16.9 4
      vertex 86.9 25.15 4
      vertex 95.15 -16.9 4
    endloop
  endfacet
  facet normal 0 0 1
    outer loop
      vertex 86.9 25.15 4
      vertex 95.0484 18.1906 4
      vertex 94.7462 19.4494 4
    endloop
  endfacet
  facet normal 0 0 1
    outer loop
      vertex 86.9 -25.15 4
      vertex 95.15 -16.9 4
      vertex 86.9 25.15 4
    endloop
  endfacet
  facet normal 0 0 1
    outer loop
      vertex 86.9 25.15 4
      vertex 94.7462 19.4494 4
      vertex 94.2508 20.6454 4
    endloop
  endfacet
  facet normal 0 0 1
    outer loop
      vertex 95.15 -16.9 4
      vertex 86.9 -25.15 4
      vertex 95.0484 -18.1906 4
    endloop
  endfacet
  facet normal 0 0 1
    outer loop
      vertex 86.9 25.15 4
      vertex 94.2508 20.6454 4
      vertex 93.5744 21.7492 4
    endloop
  endfacet
  facet normal 0 0 1
    outer loop
      vertex 95.0484 -18.1906 4
      vertex 86.9 -25.15 4
      vertex 94.7462 -19.4494 4
    endloop
  endfacet
  facet normal 0 0 1
    outer loop
      vertex 86.9 25.15 4
      vertex 93.5744 21.7492 4
      vertex 92.7336 22.7336 4
    endloop
  endfacet
  facet normal 0 0 1
    outer loop
      vertex 94.7462 -19.4494 4
      vertex 86.9 -25.15 4
      vertex 94.2508 -20.6454 4
    endloop
  endfacet
  facet normal 0 0 1
    outer loop
      vertex 86.9 25.15 4
      vertex 92.7336 22.7336 4
      vertex 91.7492 23.5744 4
    endloop
  endfacet
  facet normal 0 0 1
    outer loop
      vertex 94.2508 -20.6454 4
      vertex 86.9 -25.15 4
      vertex 93.5744 -21.7492 4
    endloop
  endfacet
  facet normal 0 0 1
    outer loop
      vertex 86.9 25.15 4
      vertex 91.7492 23.5744 4
      vertex 90.6454 24.2508 4
    endloop
  endfacet
  facet normal 0 0 1
    outer loop
      vertex 93.5744 -21.7492 4
      vertex 86.9 -25.15 4
      vertex 92.7336 -22.7336 4
    endloop
  endfacet
  facet normal 0 0 1
    outer loop
      vertex 86.9 25.15 4
      vertex 90.6454 24.2508 4
      vertex 89.4494 24.7462 4
    endloop
  endfacet
  facet normal 0 0 1
    outer loop
      vertex 92.7336 -22.7336 4
      vertex 86.9 -25.15 4
      vertex 91.7492 -23.5744 4
    endloop
  endfacet
  facet normal 0 0 1
    outer loop
      vertex 86.9 25.15 4
      vertex 89.4494 24.7462 4
      vertex 88.1906 25.0484 4
    endloop
  endfacet
  facet normal 0 0 1
    outer loop
      vertex 91.7492 -23.5744 4
      vertex 86.9 -25.15 4
      vertex 90.6454 -24.2508 4
    endloop
  endfacet
  facet normal 0 0 1
    outer loop
      vertex 90.6454 -24.2508 4
      vertex 86.9 -25.15 4
      vertex 89.4494 -24.7462 4
    endloop
  endfacet
  facet normal 0 0 1
    outer loop
      vertex 89.4494 -24.7462 4
      vertex 86.9 -25.15 4
      vertex 88.1906 -25.0484 4
    endloop
  endfacet
  facet normal -0 0 1
    outer loop
      vertex 53.1 25.15 4
      vertex 86.9 -25.15 4
      vertex 86.9 25.15 4
    endloop
  endfacet
  facet normal 0 0 1
    outer loop
      vertex 53.1 25.15 4
      vertex 53.1 -25.15 4
      vertex 86.9 -25.15 4
    endloop
  endfacet
  facet normal 0 0 1
    outer loop
      vertex 44.85 16.9 4
      vertex 53.1 25.15 4
      vertex 51.8094 25.0484 4
    endloop
  endfacet
  facet normal 0 0 1
    outer loop
      vertex 53.1 25.15 4
      vertex 44.85 16.9 4
      vertex 53.1 -25.15 4
    endloop
  endfacet
  facet normal 0 0 1
    outer loop
      vertex 44.85 16.9 4
      vertex 51.8094 25.0484 4
      vertex 50.5506 24.7462 4
    endloop
  endfacet
  facet normal -0 0 1
    outer loop
      vertex 44.85 -16.9 4
      vertex 53.1 -25.15 4
      vertex 44.85 16.9 4
    endloop
  endfacet
  facet normal 0 0 1
    outer loop
      vertex 44.85 16.9 4
      vertex 50.5506 24.7462 4
      vertex 49.3546 24.2508 4
    endloop
  endfacet
  facet normal 0 0 1
    outer loop
      vertex 53.1 -25.15 4
      vertex 44.85 -16.9 4
      vertex 51.8094 -25.0484 4
    endloop
  endfacet
  facet normal 0 0 1
    outer loop
      vertex 44.85 16.9 4
      vertex 49.3546 24.2508 4
      vertex 48.2508 23.5744 4
    endloop
  endfacet
  facet normal 0 0 1
    outer loop
      vertex 51.8094 -25.0484 4
      vertex 44.85 -16.9 4
      vertex 50.5506 -24.7462 4
    endloop
  endfacet
  facet normal 0 0 1
    outer loop
      vertex 44.85 16.9 4
      vertex 48.2508 23.5744 4
      vertex 47.2664 22.7336 4
    endloop
  endfacet
  facet normal 0 0 1
    outer loop
      vertex 50.5506 -24.7462 4
      vertex 44.85 -16.9 4
      vertex 49.3546 -24.2508 4
    endloop
  endfacet
  facet normal 0 0 1
    outer loop
      vertex 44.85 16.9 4
      vertex 47.2664 22.7336 4
      vertex 46.4256 21.7492 4
    endloop
  endfacet
  facet normal 0 0 1
    outer loop
      vertex 49.3546 -24.2508 4
      vertex 44.85 -16.9 4
      vertex 48.2508 -23.5744 4
    endloop
  endfacet
  facet normal 0 0 1
    outer loop
      vertex 44.85 16.9 4
      vertex 46.4256 21.7492 4
      vertex 45.7492 20.6454 4
    endloop
  endfacet
  facet normal 0 0 1
    outer loop
      vertex 48.2508 -23.5744 4
      vertex 44.85 -16.9 4
      vertex 47.2664 -22.7336 4
    endloop
  endfacet
  facet normal 0 0 1
    outer loop
      vertex 44.85 16.9 4
      vertex 45.7492 20.6454 4
      vertex 45.2538 19.4494 4
    endloop
  endfacet
  facet normal 0 0 1
    outer loop
      vertex 47.2664 -22.7336 4
      vertex 44.85 -16.9 4
      vertex 46.4256 -21.7492 4
    endloop
  endfacet
  facet normal 0 0 1
    outer loop
      vertex 44.85 16.9 4
      vertex 45.2538 19.4494 4
      vertex 44.9516 18.1906 4
    endloop
  endfacet
  facet normal 0 0 1
    outer loop
      vertex 46.4256 -21.7492 4
      vertex 44.85 -16.9 4
      vertex 45.7492 -20.6454 4
    endloop
  endfacet
  facet normal 0 0 1
    outer loop
      vertex 45.7492 -20.6454 4
      vertex 44.85 -16.9 4
      vertex 45.2538 -19.4494 4
    endloop
  endfacet
  facet normal 0 0 1
    outer loop
      vertex 45.2538 -19.4494 4
      vertex 44.85 -16.9 4
      vertex 44.9516 -18.1906 4
    endloop
  endfacet
  facet normal -0.76039 0.649467 0
    outer loop
      vertex 92.7336 -22.7336 4
      vertex 93.5744 -21.7492 7
      vertex 93.5744 -21.7492 4
    endloop
  endfacet
  facet normal -0.76039 0.649467 0
    outer loop
      vertex 93.5744 -21.7492 7
      vertex 92.7336 -22.7336 4
      vertex 92.7336 -22.7336 7
    endloop
  endfacet
  facet normal 0.649467 0.76039 -0
    outer loop
      vertex 48.2508 -23.5744 4
      vertex 47.2664 -22.7336 7
      vertex 48.2508 -23.5744 7
    endloop
  endfacet
  facet normal 0.649467 0.76039 0
    outer loop
      vertex 47.2664 -22.7336 7
      vertex 48.2508 -23.5744 4
      vertex 47.2664 -22.7336 4
    endloop
  endfacet
  facet normal 0.972372 0.233437 0
    outer loop
      vertex 45.2538 -19.4494 7
      vertex 44.9516 -18.1906 4
      vertex 44.9516 -18.1906 7
    endloop
  endfacet
  facet normal 0.972372 0.233437 0
    outer loop
      vertex 44.9516 -18.1906 4
      vertex 45.2538 -19.4494 7
      vertex 45.2538 -19.4494 4
    endloop
  endfacet
  facet normal -0.0784803 0.996916 0
    outer loop
      vertex 88.1906 -25.0484 4
      vertex 86.9 -25.15 7
      vertex 88.1906 -25.0484 7
    endloop
  endfacet
  facet normal -0.0784803 0.996916 0
    outer loop
      vertex 86.9 -25.15 7
      vertex 88.1906 -25.0484 4
      vertex 86.9 -25.15 4
    endloop
  endfacet
  facet normal 0.522493 0.852643 -0
    outer loop
      vertex 49.3546 -24.2508 4
      vertex 48.2508 -23.5744 7
      vertex 49.3546 -24.2508 7
    endloop
  endfacet
  facet normal 0.522493 0.852643 0
    outer loop
      vertex 48.2508 -23.5744 7
      vertex 49.3546 -24.2508 4
      vertex 48.2508 -23.5744 4
    endloop
  endfacet
  facet normal 0.923879 0.382684 0
    outer loop
      vertex 45.7492 -20.6454 7
      vertex 45.2538 -19.4494 4
      vertex 45.2538 -19.4494 7
    endloop
  endfacet
  facet normal 0.923879 0.382684 0
    outer loop
      vertex 45.2538 -19.4494 4
      vertex 45.7492 -20.6454 7
      vertex 45.7492 -20.6454 4
    endloop
  endfacet
  facet normal 0.852643 0.522493 0
    outer loop
      vertex 46.4256 -21.7492 7
      vertex 45.7492 -20.6454 4
      vertex 45.7492 -20.6454 7
    endloop
  endfacet
  facet normal 0.852643 0.522493 0
    outer loop
      vertex 45.7492 -20.6454 4
      vertex 46.4256 -21.7492 7
      vertex 46.4256 -21.7492 4
    endloop
  endfacet
  facet normal 0.996916 0.0784803 0
    outer loop
      vertex 44.9516 -18.1906 7
      vertex 44.85 -16.9 4
      vertex 44.85 -16.9 7
    endloop
  endfacet
  facet normal 0.996916 0.0784803 0
    outer loop
      vertex 44.85 -16.9 4
      vertex 44.9516 -18.1906 7
      vertex 44.9516 -18.1906 4
    endloop
  endfacet
  facet normal 0.649467 -0.76039 0
    outer loop
      vertex 47.2664 22.7336 4
      vertex 48.2508 23.5744 7
      vertex 47.2664 22.7336 7
    endloop
  endfacet
  facet normal 0.649467 -0.76039 0
    outer loop
      vertex 48.2508 23.5744 7
      vertex 47.2664 22.7336 4
      vertex 48.2508 23.5744 4
    endloop
  endfacet
  facet normal 1 -0 0
    outer loop
      vertex 44.85 -16.9 7
      vertex 44.85 16.9 4
      vertex 44.85 16.9 7
    endloop
  endfacet
  facet normal 1 0 0
    outer loop
      vertex 44.85 16.9 4
      vertex 44.85 -16.9 7
      vertex 44.85 -16.9 4
    endloop
  endfacet
  facet normal 0 1 -0
    outer loop
      vertex 86.9 -25.15 4
      vertex 53.1 -25.15 7
      vertex 86.9 -25.15 7
    endloop
  endfacet
  facet normal 0 1 0
    outer loop
      vertex 53.1 -25.15 7
      vertex 86.9 -25.15 4
      vertex 53.1 -25.15 4
    endloop
  endfacet
  facet normal 0.382684 0.923879 -0
    outer loop
      vertex 50.5506 -24.7462 4
      vertex 49.3546 -24.2508 7
      vertex 50.5506 -24.7462 7
    endloop
  endfacet
  facet normal 0.382684 0.923879 0
    outer loop
      vertex 49.3546 -24.2508 7
      vertex 50.5506 -24.7462 4
      vertex 49.3546 -24.2508 4
    endloop
  endfacet
  facet normal 0.76039 0.649467 0
    outer loop
      vertex 47.2664 -22.7336 7
      vertex 46.4256 -21.7492 4
      vertex 46.4256 -21.7492 7
    endloop
  endfacet
  facet normal 0.76039 0.649467 0
    outer loop
      vertex 46.4256 -21.7492 4
      vertex 47.2664 -22.7336 7
      vertex 47.2664 -22.7336 4
    endloop
  endfacet
  facet normal 0 -1 0
    outer loop
      vertex 53.1 25.15 4
      vertex 86.9 25.15 7
      vertex 53.1 25.15 7
    endloop
  endfacet
  facet normal 0 -1 -0
    outer loop
      vertex 86.9 25.15 7
      vertex 53.1 25.15 4
      vertex 86.9 25.15 4
    endloop
  endfacet
  facet normal 0.996916 -0.0784803 0
    outer loop
      vertex 44.85 16.9 7
      vertex 44.9516 18.1906 4
      vertex 44.9516 18.1906 7
    endloop
  endfacet
  facet normal 0.996916 -0.0784803 0
    outer loop
      vertex 44.9516 18.1906 4
      vertex 44.85 16.9 7
      vertex 44.85 16.9 4
    endloop
  endfacet
  facet normal -0.649467 0.76039 0
    outer loop
      vertex 92.7336 -22.7336 4
      vertex 91.7492 -23.5744 7
      vertex 92.7336 -22.7336 7
    endloop
  endfacet
  facet normal -0.649467 0.76039 0
    outer loop
      vertex 91.7492 -23.5744 7
      vertex 92.7336 -22.7336 4
      vertex 91.7492 -23.5744 4
    endloop
  endfacet
  facet normal -0.233437 0.972372 0
    outer loop
      vertex 89.4494 -24.7462 4
      vertex 88.1906 -25.0484 7
      vertex 89.4494 -24.7462 7
    endloop
  endfacet
  facet normal -0.233437 0.972372 0
    outer loop
      vertex 88.1906 -25.0484 7
      vertex 89.4494 -24.7462 4
      vertex 88.1906 -25.0484 4
    endloop
  endfacet
  facet normal -0.649467 -0.76039 0
    outer loop
      vertex 91.7492 23.5744 4
      vertex 92.7336 22.7336 7
      vertex 91.7492 23.5744 7
    endloop
  endfacet
  facet normal -0.649467 -0.76039 -0
    outer loop
      vertex 92.7336 22.7336 7
      vertex 91.7492 23.5744 4
      vertex 92.7336 22.7336 4
    endloop
  endfacet
  facet normal -0.0784803 -0.996916 0
    outer loop
      vertex 86.9 25.15 4
      vertex 88.1906 25.0484 7
      vertex 86.9 25.15 7
    endloop
  endfacet
  facet normal -0.0784803 -0.996916 -0
    outer loop
      vertex 88.1906 25.0484 7
      vertex 86.9 25.15 4
      vertex 88.1906 25.0484 4
    endloop
  endfacet
  facet normal 0.233437 -0.972372 0
    outer loop
      vertex 50.5506 24.7462 4
      vertex 51.8094 25.0484 7
      vertex 50.5506 24.7462 7
    endloop
  endfacet
  facet normal 0.233437 -0.972372 0
    outer loop
      vertex 51.8094 25.0484 7
      vertex 50.5506 24.7462 4
      vertex 51.8094 25.0484 4
    endloop
  endfacet
  facet normal 0.0784803 -0.996916 0
    outer loop
      vertex 51.8094 25.0484 4
      vertex 53.1 25.15 7
      vertex 51.8094 25.0484 7
    endloop
  endfacet
  facet normal 0.0784803 -0.996916 0
    outer loop
      vertex 53.1 25.15 7
      vertex 51.8094 25.0484 4
      vertex 53.1 25.15 4
    endloop
  endfacet
  facet normal 0.972372 -0.233437 0
    outer loop
      vertex 44.9516 18.1906 7
      vertex 45.2538 19.4494 4
      vertex 45.2538 19.4494 7
    endloop
  endfacet
  facet normal 0.972372 -0.233437 0
    outer loop
      vertex 45.2538 19.4494 4
      vertex 44.9516 18.1906 7
      vertex 44.9516 18.1906 4
    endloop
  endfacet
  facet normal 0.923879 -0.382684 0
    outer loop
      vertex 45.2538 19.4494 7
      vertex 45.7492 20.6454 4
      vertex 45.7492 20.6454 7
    endloop
  endfacet
  facet normal 0.923879 -0.382684 0
    outer loop
      vertex 45.7492 20.6454 4
      vertex 45.2538 19.4494 7
      vertex 45.2538 19.4494 4
    endloop
  endfacet
  facet normal 0.76039 -0.649467 0
    outer loop
      vertex 46.4256 21.7492 7
      vertex 47.2664 22.7336 4
      vertex 47.2664 22.7336 7
    endloop
  endfacet
  facet normal 0.76039 -0.649467 0
    outer loop
      vertex 47.2664 22.7336 4
      vertex 46.4256 21.7492 7
      vertex 46.4256 21.7492 4
    endloop
  endfacet
  facet normal -1 0 0
    outer loop
      vertex 95.15 -16.9 4
      vertex 95.15 16.9 7
      vertex 95.15 16.9 4
    endloop
  endfacet
  facet normal -1 -0 0
    outer loop
      vertex 95.15 16.9 7
      vertex 95.15 -16.9 4
      vertex 95.15 -16.9 7
    endloop
  endfacet
  facet normal -0.382684 -0.923879 0
    outer loop
      vertex 89.4494 24.7462 4
      vertex 90.6454 24.2508 7
      vertex 89.4494 24.7462 7
    endloop
  endfacet
  facet normal -0.382684 -0.923879 -0
    outer loop
      vertex 90.6454 24.2508 7
      vertex 89.4494 24.7462 4
      vertex 90.6454 24.2508 4
    endloop
  endfacet
  facet normal -0.233437 -0.972372 0
    outer loop
      vertex 88.1906 25.0484 4
      vertex 89.4494 24.7462 7
      vertex 88.1906 25.0484 7
    endloop
  endfacet
  facet normal -0.233437 -0.972372 -0
    outer loop
      vertex 89.4494 24.7462 7
      vertex 88.1906 25.0484 4
      vertex 89.4494 24.7462 4
    endloop
  endfacet
  facet normal 0.522493 -0.852643 0
    outer loop
      vertex 48.2508 23.5744 4
      vertex 49.3546 24.2508 7
      vertex 48.2508 23.5744 7
    endloop
  endfacet
  facet normal 0.522493 -0.852643 0
    outer loop
      vertex 49.3546 24.2508 7
      vertex 48.2508 23.5744 4
      vertex 49.3546 24.2508 4
    endloop
  endfacet
  facet normal 0.382684 -0.923879 0
    outer loop
      vertex 49.3546 24.2508 4
      vertex 50.5506 24.7462 7
      vertex 49.3546 24.2508 7
    endloop
  endfacet
  facet normal 0.382684 -0.923879 0
    outer loop
      vertex 50.5506 24.7462 7
      vertex 49.3546 24.2508 4
      vertex 50.5506 24.7462 4
    endloop
  endfacet
  facet normal 0.852643 -0.522493 0
    outer loop
      vertex 45.7492 20.6454 7
      vertex 46.4256 21.7492 4
      vertex 46.4256 21.7492 7
    endloop
  endfacet
  facet normal 0.852643 -0.522493 0
    outer loop
      vertex 46.4256 21.7492 4
      vertex 45.7492 20.6454 7
      vertex 45.7492 20.6454 4
    endloop
  endfacet
  facet normal -0.76039 -0.649467 0
    outer loop
      vertex 93.5744 21.7492 4
      vertex 92.7336 22.7336 7
      vertex 92.7336 22.7336 4
    endloop
  endfacet
  facet normal -0.76039 -0.649467 0
    outer loop
      vertex 92.7336 22.7336 7
      vertex 93.5744 21.7492 4
      vertex 93.5744 21.7492 7
    endloop
  endfacet
  facet normal -0.996916 -0.0784803 0
    outer loop
      vertex 95.15 16.9 4
      vertex 95.0484 18.1906 7
      vertex 95.0484 18.1906 4
    endloop
  endfacet
  facet normal -0.996916 -0.0784803 0
    outer loop
      vertex 95.0484 18.1906 7
      vertex 95.15 16.9 4
      vertex 95.15 16.9 7
    endloop
  endfacet
  facet normal -0.972372 0.233437 0
    outer loop
      vertex 94.7462 -19.4494 4
      vertex 95.0484 -18.1906 7
      vertex 95.0484 -18.1906 4
    endloop
  endfacet
  facet normal -0.972372 0.233437 0
    outer loop
      vertex 95.0484 -18.1906 7
      vertex 94.7462 -19.4494 4
      vertex 94.7462 -19.4494 7
    endloop
  endfacet
  facet normal -0.996916 0.0784803 0
    outer loop
      vertex 95.0484 -18.1906 4
      vertex 95.15 -16.9 7
      vertex 95.15 -16.9 4
    endloop
  endfacet
  facet normal -0.996916 0.0784803 0
    outer loop
      vertex 95.15 -16.9 7
      vertex 95.0484 -18.1906 4
      vertex 95.0484 -18.1906 7
    endloop
  endfacet
  facet normal -0.522493 0.852643 0
    outer loop
      vertex 91.7492 -23.5744 4
      vertex 90.6454 -24.2508 7
      vertex 91.7492 -23.5744 7
    endloop
  endfacet
  facet normal -0.522493 0.852643 0
    outer loop
      vertex 90.6454 -24.2508 7
      vertex 91.7492 -23.5744 4
      vertex 90.6454 -24.2508 4
    endloop
  endfacet
  facet normal -0.382684 0.923879 0
    outer loop
      vertex 90.6454 -24.2508 4
      vertex 89.4494 -24.7462 7
      vertex 90.6454 -24.2508 7
    endloop
  endfacet
  facet normal -0.382684 0.923879 0
    outer loop
      vertex 89.4494 -24.7462 7
      vertex 90.6454 -24.2508 4
      vertex 89.4494 -24.7462 4
    endloop
  endfacet
  facet normal -0.522493 -0.852643 0
    outer loop
      vertex 90.6454 24.2508 4
      vertex 91.7492 23.5744 7
      vertex 90.6454 24.2508 7
    endloop
  endfacet
  facet normal -0.522493 -0.852643 -0
    outer loop
      vertex 91.7492 23.5744 7
      vertex 90.6454 24.2508 4
      vertex 91.7492 23.5744 4
    endloop
  endfacet
  facet normal -0.852643 -0.522493 0
    outer loop
      vertex 94.2508 20.6454 4
      vertex 93.5744 21.7492 7
      vertex 93.5744 21.7492 4
    endloop
  endfacet
  facet normal -0.852643 -0.522493 0
    outer loop
      vertex 93.5744 21.7492 7
      vertex 94.2508 20.6454 4
      vertex 94.2508 20.6454 7
    endloop
  endfacet
  facet normal -0.923879 -0.382684 0
    outer loop
      vertex 94.7462 19.4494 4
      vertex 94.2508 20.6454 7
      vertex 94.2508 20.6454 4
    endloop
  endfacet
  facet normal -0.923879 -0.382684 0
    outer loop
      vertex 94.2508 20.6454 7
      vertex 94.7462 19.4494 4
      vertex 94.7462 19.4494 7
    endloop
  endfacet
  facet normal -0.972372 -0.233437 0
    outer loop
      vertex 95.0484 18.1906 4
      vertex 94.7462 19.4494 7
      vertex 94.7462 19.4494 4
    endloop
  endfacet
  facet normal -0.972372 -0.233437 0
    outer loop
      vertex 94.7462 19.4494 7
      vertex 95.0484 18.1906 4
      vertex 95.0484 18.1906 7
    endloop
  endfacet
  facet normal -0.852643 0.522493 0
    outer loop
      vertex 93.5744 -21.7492 4
      vertex 94.2508 -20.6454 7
      vertex 94.2508 -20.6454 4
    endloop
  endfacet
  facet normal -0.852643 0.522493 0
    outer loop
      vertex 94.2508 -20.6454 7
      vertex 93.5744 -21.7492 4
      vertex 93.5744 -21.7492 7
    endloop
  endfacet
  facet normal -0.923879 0.382684 0
    outer loop
      vertex 94.2508 -20.6454 4
      vertex 94.7462 -19.4494 7
      vertex 94.7462 -19.4494 4
    endloop
  endfacet
  facet normal -0.923879 0.382684 0
    outer loop
      vertex 94.7462 -19.4494 7
      vertex 94.2508 -20.6454 4
      vertex 94.2508 -20.6454 7
    endloop
  endfacet
endsolid OpenSCAD_Model
