solid OpenSCAD_Model
  facet normal -0.522525 -0.852624 0
    outer loop
      vertex -21.6611 -23.453 0
      vertex -20.5773 -24.1172 12
      vertex -21.6611 -23.453 12
    endloop
  endfacet
  facet normal -0.522525 -0.852624 -0
    outer loop
      vertex -20.5773 -24.1172 12
      vertex -21.6611 -23.453 0
      vertex -20.5773 -24.1172 0
    endloop
  endfacet
  facet normal -0.233435 -0.972372 0
    outer loop
      vertex -19.403 -24.6036 0
      vertex -18.1671 -24.9003 12
      vertex -19.403 -24.6036 12
    endloop
  endfacet
  facet normal -0.233435 -0.972372 -0
    outer loop
      vertex -18.1671 -24.9003 12
      vertex -19.403 -24.6036 0
      vertex -18.1671 -24.9003 0
    endloop
  endfacet
  facet normal -0.382676 -0.923883 0
    outer loop
      vertex -20.5773 -24.1172 0
      vertex -19.403 -24.6036 12
      vertex -20.5773 -24.1172 12
    endloop
  endfacet
  facet normal -0.382676 -0.923883 -0
    outer loop
      vertex -19.403 -24.6036 12
      vertex -20.5773 -24.1172 0
      vertex -19.403 -24.6036 0
    endloop
  endfacet
  facet normal 1 -0 0
    outer loop
      vertex 25 -16.9001 12
      vertex 25 16.9001 0
      vertex 25 16.9001 12
    endloop
  endfacet
  facet normal 1 0 0
    outer loop
      vertex 25 16.9001 0
      vertex 25 -16.9001 12
      vertex 25 -16.9001 0
    endloop
  endfacet
  facet normal 0.996918 0.0784473 0
    outer loop
      vertex 25 16.9001 12
      vertex 24.9003 18.1671 0
      vertex 24.9003 18.1671 12
    endloop
  endfacet
  facet normal 0.996918 0.0784473 0
    outer loop
      vertex 24.9003 18.1671 0
      vertex 25 16.9001 12
      vertex 25 16.9001 0
    endloop
  endfacet
  facet normal -0.649417 -0.760433 0
    outer loop
      vertex -22.6276 -22.6276 0
      vertex -21.6611 -23.453 12
      vertex -22.6276 -22.6276 12
    endloop
  endfacet
  facet normal -0.649417 -0.760433 -0
    outer loop
      vertex -21.6611 -23.453 12
      vertex -22.6276 -22.6276 0
      vertex -21.6611 -23.453 0
    endloop
  endfacet
  facet normal -0.852624 -0.522525 0
    outer loop
      vertex -23.453 -21.6611 0
      vertex -24.1172 -20.5773 12
      vertex -24.1172 -20.5773 0
    endloop
  endfacet
  facet normal -0.852624 -0.522525 0
    outer loop
      vertex -24.1172 -20.5773 12
      vertex -23.453 -21.6611 0
      vertex -23.453 -21.6611 12
    endloop
  endfacet
  facet normal -0 0 1
    outer loop
      vertex 22.7536 17.553 12
      vertex 25 16.9001 12
      vertex 24.9003 18.1671 12
    endloop
  endfacet
  facet normal 0 0 1
    outer loop
      vertex 25 16.9001 12
      vertex 23.15 15.0501 12
      vertex 25 -16.9001 12
    endloop
  endfacet
  facet normal 0 0 1
    outer loop
      vertex 22.7536 17.553 12
      vertex 24.9003 18.1671 12
      vertex 24.6036 19.403 12
    endloop
  endfacet
  facet normal -0 0 1
    outer loop
      vertex 23.15 -15.0501 12
      vertex 25 -16.9001 12
      vertex 23.15 15.0501 12
    endloop
  endfacet
  facet normal 0 0 1
    outer loop
      vertex 22.2672 18.7273 12
      vertex 24.6036 19.403 12
      vertex 24.1172 20.5773 12
    endloop
  endfacet
  facet normal -0 0 1
    outer loop
      vertex 23.0503 -16.3171 12
      vertex 25 -16.9001 12
      vertex 23.15 -15.0501 12
    endloop
  endfacet
  facet normal 0 0 1
    outer loop
      vertex 21.603 19.8111 12
      vertex 24.1172 20.5773 12
      vertex 23.453 21.6611 12
    endloop
  endfacet
  facet normal 0 0 1
    outer loop
      vertex 22.7536 -17.553 12
      vertex 25 -16.9001 12
      vertex 23.0503 -16.3171 12
    endloop
  endfacet
  facet normal 0 0 1
    outer loop
      vertex 25 -16.9001 12
      vertex 22.7536 -17.553 12
      vertex 24.9003 -18.1671 12
    endloop
  endfacet
  facet normal 0 0 1
    outer loop
      vertex 25 16.9001 12
      vertex 23.0503 16.3171 12
      vertex 23.15 15.0501 12
    endloop
  endfacet
  facet normal 0 0 1
    outer loop
      vertex 25 16.9001 12
      vertex 22.7536 17.553 12
      vertex 23.0503 16.3171 12
    endloop
  endfacet
  facet normal 0 0 1
    outer loop
      vertex 20.7776 20.7776 12
      vertex 23.453 21.6611 12
      vertex 22.6276 22.6276 12
    endloop
  endfacet
  facet normal 0 0 1
    outer loop
      vertex 24.6036 19.403 12
      vertex 22.2672 18.7273 12
      vertex 22.7536 17.553 12
    endloop
  endfacet
  facet normal 0 0 1
    outer loop
      vertex 20.7776 20.7776 12
      vertex 22.6276 22.6276 12
      vertex 21.6611 23.453 12
    endloop
  endfacet
  facet normal 0 0 1
    outer loop
      vertex 24.1172 20.5773 12
      vertex 21.603 19.8111 12
      vertex 22.2672 18.7273 12
    endloop
  endfacet
  facet normal 0 0 1
    outer loop
      vertex 23.453 21.6611 12
      vertex 20.7776 20.7776 12
      vertex 21.603 19.8111 12
    endloop
  endfacet
  facet normal 0 0 1
    outer loop
      vertex 19.8111 21.603 12
      vertex 21.6611 23.453 12
      vertex 20.5773 24.1172 12
    endloop
  endfacet
  facet normal 0 0 1
    outer loop
      vertex 21.6611 23.453 12
      vertex 19.8111 21.603 12
      vertex 20.7776 20.7776 12
    endloop
  endfacet
  facet normal 0 0 1
    outer loop
      vertex 18.7273 22.2672 12
      vertex 20.5773 24.1172 12
      vertex 19.403 24.6036 12
    endloop
  endfacet
  facet normal 0 0 1
    outer loop
      vertex 20.5773 24.1172 12
      vertex 18.7273 22.2672 12
      vertex 19.8111 21.603 12
    endloop
  endfacet
  facet normal 0 0 1
    outer loop
      vertex 17.553 22.7536 12
      vertex 19.403 24.6036 12
      vertex 18.1671 24.9003 12
    endloop
  endfacet
  facet normal 0 0 1
    outer loop
      vertex 19.403 24.6036 12
      vertex 17.553 22.7536 12
      vertex 18.7273 22.2672 12
    endloop
  endfacet
  facet normal 0 0 1
    outer loop
      vertex 16.9001 25 12
      vertex 17.553 22.7536 12
      vertex 18.1671 24.9003 12
    endloop
  endfacet
  facet normal 0 0 1
    outer loop
      vertex 16.9001 25 12
      vertex 16.3171 23.0503 12
      vertex 17.553 22.7536 12
    endloop
  endfacet
  facet normal 0 0 1
    outer loop
      vertex 16.9001 25 12
      vertex 15.0501 23.15 12
      vertex 16.3171 23.0503 12
    endloop
  endfacet
  facet normal 0 0 1
    outer loop
      vertex 16.9001 25 12
      vertex -15.0501 23.15 12
      vertex 15.0501 23.15 12
    endloop
  endfacet
  facet normal -0 0 1
    outer loop
      vertex -16.9001 25 12
      vertex -15.0501 23.15 12
      vertex 16.9001 25 12
    endloop
  endfacet
  facet normal 0 0 1
    outer loop
      vertex -16.9001 25 12
      vertex -16.3171 23.0503 12
      vertex -15.0501 23.15 12
    endloop
  endfacet
  facet normal 0 0 1
    outer loop
      vertex -16.9001 25 12
      vertex -17.553 22.7536 12
      vertex -16.3171 23.0503 12
    endloop
  endfacet
  facet normal -0 0 1
    outer loop
      vertex -18.1671 24.9003 12
      vertex -17.553 22.7536 12
      vertex -16.9001 25 12
    endloop
  endfacet
  facet normal -0 0 1
    outer loop
      vertex -19.403 24.6036 12
      vertex -17.553 22.7536 12
      vertex -18.1671 24.9003 12
    endloop
  endfacet
  facet normal 0 0 1
    outer loop
      vertex -17.553 22.7536 12
      vertex -19.403 24.6036 12
      vertex -18.7273 22.2672 12
    endloop
  endfacet
  facet normal -0 0 1
    outer loop
      vertex -20.5773 24.1172 12
      vertex -18.7273 22.2672 12
      vertex -19.403 24.6036 12
    endloop
  endfacet
  facet normal 0 0 1
    outer loop
      vertex -18.7273 22.2672 12
      vertex -20.5773 24.1172 12
      vertex -19.8111 21.603 12
    endloop
  endfacet
  facet normal -0 0 1
    outer loop
      vertex -21.6611 23.453 12
      vertex -19.8111 21.603 12
      vertex -20.5773 24.1172 12
    endloop
  endfacet
  facet normal 0 0 1
    outer loop
      vertex -19.8111 21.603 12
      vertex -21.6611 23.453 12
      vertex -20.7776 20.7776 12
    endloop
  endfacet
  facet normal -0 0 1
    outer loop
      vertex -22.6276 22.6276 12
      vertex -20.7776 20.7776 12
      vertex -21.6611 23.453 12
    endloop
  endfacet
  facet normal -0 0 1
    outer loop
      vertex -23.453 21.6611 12
      vertex -20.7776 20.7776 12
      vertex -22.6276 22.6276 12
    endloop
  endfacet
  facet normal 0 0 1
    outer loop
      vertex -20.7776 20.7776 12
      vertex -23.453 21.6611 12
      vertex -21.603 19.8111 12
    endloop
  endfacet
  facet normal -0 0 1
    outer loop
      vertex -24.1172 20.5773 12
      vertex -21.603 19.8111 12
      vertex -23.453 21.6611 12
    endloop
  endfacet
  facet normal 0 0 1
    outer loop
      vertex -21.603 19.8111 12
      vertex -24.1172 20.5773 12
      vertex -22.2672 18.7273 12
    endloop
  endfacet
  facet normal -0 0 1
    outer loop
      vertex -24.6036 19.403 12
      vertex -22.2672 18.7273 12
      vertex -24.1172 20.5773 12
    endloop
  endfacet
  facet normal -0 0 1
    outer loop
      vertex -24.9003 18.1671 12
      vertex -22.7536 17.553 12
      vertex -24.6036 19.403 12
    endloop
  endfacet
  facet normal 0 0 1
    outer loop
      vertex -22.2672 18.7273 12
      vertex -24.6036 19.403 12
      vertex -22.7536 17.553 12
    endloop
  endfacet
  facet normal 0 0 1
    outer loop
      vertex 24.9003 -18.1671 12
      vertex 22.7536 -17.553 12
      vertex 24.6036 -19.403 12
    endloop
  endfacet
  facet normal -0 0 1
    outer loop
      vertex 22.2672 -18.7273 12
      vertex 24.6036 -19.403 12
      vertex 22.7536 -17.553 12
    endloop
  endfacet
  facet normal 0 0 1
    outer loop
      vertex 24.6036 -19.403 12
      vertex 22.2672 -18.7273 12
      vertex 24.1172 -20.5773 12
    endloop
  endfacet
  facet normal -0 0 1
    outer loop
      vertex 21.603 -19.8111 12
      vertex 24.1172 -20.5773 12
      vertex 22.2672 -18.7273 12
    endloop
  endfacet
  facet normal 0 0 1
    outer loop
      vertex 24.1172 -20.5773 12
      vertex 21.603 -19.8111 12
      vertex 23.453 -21.6611 12
    endloop
  endfacet
  facet normal -0 0 1
    outer loop
      vertex 20.7776 -20.7776 12
      vertex 23.453 -21.6611 12
      vertex 21.603 -19.8111 12
    endloop
  endfacet
  facet normal 0 0 1
    outer loop
      vertex 23.453 -21.6611 12
      vertex 20.7776 -20.7776 12
      vertex 22.6276 -22.6276 12
    endloop
  endfacet
  facet normal 0 0 1
    outer loop
      vertex 22.6276 -22.6276 12
      vertex 20.7776 -20.7776 12
      vertex 21.6611 -23.453 12
    endloop
  endfacet
  facet normal -0 0 1
    outer loop
      vertex 19.8111 -21.603 12
      vertex 21.6611 -23.453 12
      vertex 20.7776 -20.7776 12
    endloop
  endfacet
  facet normal 0 0 1
    outer loop
      vertex 21.6611 -23.453 12
      vertex 19.8111 -21.603 12
      vertex 20.5773 -24.1172 12
    endloop
  endfacet
  facet normal -0 0 1
    outer loop
      vertex 18.7273 -22.2672 12
      vertex 20.5773 -24.1172 12
      vertex 19.8111 -21.603 12
    endloop
  endfacet
  facet normal 0 0 1
    outer loop
      vertex 20.5773 -24.1172 12
      vertex 18.7273 -22.2672 12
      vertex 19.403 -24.6036 12
    endloop
  endfacet
  facet normal -0 0 1
    outer loop
      vertex 17.553 -22.7536 12
      vertex 19.403 -24.6036 12
      vertex 18.7273 -22.2672 12
    endloop
  endfacet
  facet normal 0 0 1
    outer loop
      vertex 19.403 -24.6036 12
      vertex 17.553 -22.7536 12
      vertex 18.1671 -24.9003 12
    endloop
  endfacet
  facet normal 0 0 1
    outer loop
      vertex 17.553 -22.7536 12
      vertex 16.9001 -25 12
      vertex 18.1671 -24.9003 12
    endloop
  endfacet
  facet normal -0 0 1
    outer loop
      vertex 16.3171 -23.0503 12
      vertex 16.9001 -25 12
      vertex 17.553 -22.7536 12
    endloop
  endfacet
  facet normal -0 0 1
    outer loop
      vertex 15.0501 -23.15 12
      vertex 16.9001 -25 12
      vertex 16.3171 -23.0503 12
    endloop
  endfacet
  facet normal -0 0 1
    outer loop
      vertex -15.0501 -23.15 12
      vertex 16.9001 -25 12
      vertex 15.0501 -23.15 12
    endloop
  endfacet
  facet normal 0 0 1
    outer loop
      vertex -15.0501 -23.15 12
      vertex -16.9001 -25 12
      vertex 16.9001 -25 12
    endloop
  endfacet
  facet normal 0 0 1
    outer loop
      vertex -16.3171 -23.0503 12
      vertex -16.9001 -25 12
      vertex -15.0501 -23.15 12
    endloop
  endfacet
  facet normal 0 0 1
    outer loop
      vertex -17.553 -22.7536 12
      vertex -16.9001 -25 12
      vertex -16.3171 -23.0503 12
    endloop
  endfacet
  facet normal 0 0 1
    outer loop
      vertex -17.553 -22.7536 12
      vertex -18.1671 -24.9003 12
      vertex -16.9001 -25 12
    endloop
  endfacet
  facet normal 0 0 1
    outer loop
      vertex -19.403 -24.6036 12
      vertex -17.553 -22.7536 12
      vertex -18.7273 -22.2672 12
    endloop
  endfacet
  facet normal 0 0 1
    outer loop
      vertex -17.553 -22.7536 12
      vertex -19.403 -24.6036 12
      vertex -18.1671 -24.9003 12
    endloop
  endfacet
  facet normal 0 0 1
    outer loop
      vertex -20.5773 -24.1172 12
      vertex -18.7273 -22.2672 12
      vertex -19.8111 -21.603 12
    endloop
  endfacet
  facet normal 0 0 1
    outer loop
      vertex -18.7273 -22.2672 12
      vertex -20.5773 -24.1172 12
      vertex -19.403 -24.6036 12
    endloop
  endfacet
  facet normal 0 0 1
    outer loop
      vertex -21.6611 -23.453 12
      vertex -19.8111 -21.603 12
      vertex -20.7776 -20.7776 12
    endloop
  endfacet
  facet normal 0 0 1
    outer loop
      vertex -23.453 -21.6611 12
      vertex -20.7776 -20.7776 12
      vertex -21.603 -19.8111 12
    endloop
  endfacet
  facet normal 0 0 1
    outer loop
      vertex -19.8111 -21.603 12
      vertex -21.6611 -23.453 12
      vertex -20.5773 -24.1172 12
    endloop
  endfacet
  facet normal 0 0 1
    outer loop
      vertex -24.1172 -20.5773 12
      vertex -21.603 -19.8111 12
      vertex -22.2672 -18.7273 12
    endloop
  endfacet
  facet normal 0 0 1
    outer loop
      vertex -20.7776 -20.7776 12
      vertex -22.6276 -22.6276 12
      vertex -21.6611 -23.453 12
    endloop
  endfacet
  facet normal 0 0 1
    outer loop
      vertex -24.6036 -19.403 12
      vertex -22.2672 -18.7273 12
      vertex -22.7536 -17.553 12
    endloop
  endfacet
  facet normal -0 0 1
    outer loop
      vertex -25 -16.9001 12
      vertex -22.7536 -17.553 12
      vertex -23.0503 -16.3171 12
    endloop
  endfacet
  facet normal 0 0 1
    outer loop
      vertex -25 -16.9001 12
      vertex -23.0503 -16.3171 12
      vertex -23.15 -15.0501 12
    endloop
  endfacet
  facet normal 0 0 1
    outer loop
      vertex -20.7776 -20.7776 12
      vertex -23.453 -21.6611 12
      vertex -22.6276 -22.6276 12
    endloop
  endfacet
  facet normal 0 0 1
    outer loop
      vertex -23.15 15.0501 12
      vertex -25 16.9001 12
      vertex -23.15 -15.0501 12
    endloop
  endfacet
  facet normal 0 0 1
    outer loop
      vertex -25 16.9001 12
      vertex -22.7536 17.553 12
      vertex -24.9003 18.1671 12
    endloop
  endfacet
  facet normal 0 0 1
    outer loop
      vertex -25 -16.9001 12
      vertex -23.15 -15.0501 12
      vertex -25 16.9001 12
    endloop
  endfacet
  facet normal 0 0 1
    outer loop
      vertex -22.7536 17.553 12
      vertex -25 16.9001 12
      vertex -23.0503 16.3171 12
    endloop
  endfacet
  facet normal 0 0 1
    outer loop
      vertex -22.7536 -17.553 12
      vertex -25 -16.9001 12
      vertex -24.9003 -18.1671 12
    endloop
  endfacet
  facet normal 0 0 1
    outer loop
      vertex -23.0503 16.3171 12
      vertex -25 16.9001 12
      vertex -23.15 15.0501 12
    endloop
  endfacet
  facet normal 0 0 1
    outer loop
      vertex -21.603 -19.8111 12
      vertex -24.1172 -20.5773 12
      vertex -23.453 -21.6611 12
    endloop
  endfacet
  facet normal 0 0 1
    outer loop
      vertex -22.2672 -18.7273 12
      vertex -24.6036 -19.403 12
      vertex -24.1172 -20.5773 12
    endloop
  endfacet
  facet normal 0 0 1
    outer loop
      vertex -22.7536 -17.553 12
      vertex -24.9003 -18.1671 12
      vertex -24.6036 -19.403 12
    endloop
  endfacet
  facet normal -0.972372 0.233435 0
    outer loop
      vertex -24.9003 18.1671 0
      vertex -24.6036 19.403 12
      vertex -24.6036 19.403 0
    endloop
  endfacet
  facet normal -0.972372 0.233435 0
    outer loop
      vertex -24.6036 19.403 12
      vertex -24.9003 18.1671 0
      vertex -24.9003 18.1671 12
    endloop
  endfacet
  facet normal 0.522525 0.852624 -0
    outer loop
      vertex 21.6611 23.453 0
      vertex 20.5773 24.1172 12
      vertex 21.6611 23.453 12
    endloop
  endfacet
  facet normal 0.522525 0.852624 0
    outer loop
      vertex 20.5773 24.1172 12
      vertex 21.6611 23.453 0
      vertex 20.5773 24.1172 0
    endloop
  endfacet
  facet normal 0 1 -0
    outer loop
      vertex 16.9001 25 0
      vertex -16.9001 25 12
      vertex 16.9001 25 12
    endloop
  endfacet
  facet normal 0 1 0
    outer loop
      vertex -16.9001 25 12
      vertex 16.9001 25 0
      vertex -16.9001 25 0
    endloop
  endfacet
  facet normal 0.649417 0.760433 -0
    outer loop
      vertex 22.6276 22.6276 0
      vertex 21.6611 23.453 12
      vertex 22.6276 22.6276 12
    endloop
  endfacet
  facet normal 0.649417 0.760433 0
    outer loop
      vertex 21.6611 23.453 12
      vertex 22.6276 22.6276 0
      vertex 21.6611 23.453 0
    endloop
  endfacet
  facet normal 0.522525 -0.852624 0
    outer loop
      vertex 20.5773 -24.1172 0
      vertex 21.6611 -23.453 12
      vertex 20.5773 -24.1172 12
    endloop
  endfacet
  facet normal 0.522525 -0.852624 0
    outer loop
      vertex 21.6611 -23.453 12
      vertex 20.5773 -24.1172 0
      vertex 21.6611 -23.453 0
    endloop
  endfacet
  facet normal 0.382676 -0.923883 0
    outer loop
      vertex 19.403 -24.6036 0
      vertex 20.5773 -24.1172 12
      vertex 19.403 -24.6036 12
    endloop
  endfacet
  facet normal 0.382676 -0.923883 0
    outer loop
      vertex 20.5773 -24.1172 12
      vertex 19.403 -24.6036 0
      vertex 20.5773 -24.1172 0
    endloop
  endfacet
  facet normal 0 -1 0
    outer loop
      vertex -16.9001 -25 0
      vertex 16.9001 -25 12
      vertex -16.9001 -25 12
    endloop
  endfacet
  facet normal 0 -1 -0
    outer loop
      vertex 16.9001 -25 12
      vertex -16.9001 -25 0
      vertex 16.9001 -25 0
    endloop
  endfacet
  facet normal -0.760433 -0.649417 0
    outer loop
      vertex -22.6276 -22.6276 0
      vertex -23.453 -21.6611 12
      vertex -23.453 -21.6611 0
    endloop
  endfacet
  facet normal -0.760433 -0.649417 0
    outer loop
      vertex -23.453 -21.6611 12
      vertex -22.6276 -22.6276 0
      vertex -22.6276 -22.6276 12
    endloop
  endfacet
  facet normal -1 0 0
    outer loop
      vertex -25 -16.9001 0
      vertex -25 16.9001 12
      vertex -25 16.9001 0
    endloop
  endfacet
  facet normal -1 -0 0
    outer loop
      vertex -25 16.9001 12
      vertex -25 -16.9001 0
      vertex -25 -16.9001 12
    endloop
  endfacet
  facet normal -0.923883 0.382676 0
    outer loop
      vertex -24.6036 19.403 0
      vertex -24.1172 20.5773 12
      vertex -24.1172 20.5773 0
    endloop
  endfacet
  facet normal -0.923883 0.382676 0
    outer loop
      vertex -24.1172 20.5773 12
      vertex -24.6036 19.403 0
      vertex -24.6036 19.403 12
    endloop
  endfacet
  facet normal -0.760433 0.649417 0
    outer loop
      vertex -23.453 21.6611 0
      vertex -22.6276 22.6276 12
      vertex -22.6276 22.6276 0
    endloop
  endfacet
  facet normal -0.760433 0.649417 0
    outer loop
      vertex -22.6276 22.6276 12
      vertex -23.453 21.6611 0
      vertex -23.453 21.6611 12
    endloop
  endfacet
  facet normal -0.852624 0.522525 0
    outer loop
      vertex -24.1172 20.5773 0
      vertex -23.453 21.6611 12
      vertex -23.453 21.6611 0
    endloop
  endfacet
  facet normal -0.852624 0.522525 0
    outer loop
      vertex -23.453 21.6611 12
      vertex -24.1172 20.5773 0
      vertex -24.1172 20.5773 12
    endloop
  endfacet
  facet normal 0.233435 0.972372 -0
    outer loop
      vertex 19.403 24.6036 0
      vertex 18.1671 24.9003 12
      vertex 19.403 24.6036 12
    endloop
  endfacet
  facet normal 0.233435 0.972372 0
    outer loop
      vertex 18.1671 24.9003 12
      vertex 19.403 24.6036 0
      vertex 18.1671 24.9003 0
    endloop
  endfacet
  facet normal 0.0784473 0.996918 -0
    outer loop
      vertex 18.1671 24.9003 0
      vertex 16.9001 25 12
      vertex 18.1671 24.9003 12
    endloop
  endfacet
  facet normal 0.0784473 0.996918 0
    outer loop
      vertex 16.9001 25 12
      vertex 18.1671 24.9003 0
      vertex 16.9001 25 0
    endloop
  endfacet
  facet normal 0.382676 0.923883 -0
    outer loop
      vertex 20.5773 24.1172 0
      vertex 19.403 24.6036 12
      vertex 20.5773 24.1172 12
    endloop
  endfacet
  facet normal 0.382676 0.923883 0
    outer loop
      vertex 19.403 24.6036 12
      vertex 20.5773 24.1172 0
      vertex 19.403 24.6036 0
    endloop
  endfacet
  facet normal -0.649417 0.760433 0
    outer loop
      vertex -21.6611 23.453 0
      vertex -22.6276 22.6276 12
      vertex -21.6611 23.453 12
    endloop
  endfacet
  facet normal -0.649417 0.760433 0
    outer loop
      vertex -22.6276 22.6276 12
      vertex -21.6611 23.453 0
      vertex -22.6276 22.6276 0
    endloop
  endfacet
  facet normal -0.522525 0.852624 0
    outer loop
      vertex -20.5773 24.1172 0
      vertex -21.6611 23.453 12
      vertex -20.5773 24.1172 12
    endloop
  endfacet
  facet normal -0.522525 0.852624 0
    outer loop
      vertex -21.6611 23.453 12
      vertex -20.5773 24.1172 0
      vertex -21.6611 23.453 0
    endloop
  endfacet
  facet normal -0.382676 0.923883 0
    outer loop
      vertex -19.403 24.6036 0
      vertex -20.5773 24.1172 12
      vertex -19.403 24.6036 12
    endloop
  endfacet
  facet normal -0.382676 0.923883 0
    outer loop
      vertex -20.5773 24.1172 12
      vertex -19.403 24.6036 0
      vertex -20.5773 24.1172 0
    endloop
  endfacet
  facet normal -0.233435 0.972372 0
    outer loop
      vertex -18.1671 24.9003 0
      vertex -19.403 24.6036 12
      vertex -18.1671 24.9003 12
    endloop
  endfacet
  facet normal -0.233435 0.972372 0
    outer loop
      vertex -19.403 24.6036 12
      vertex -18.1671 24.9003 0
      vertex -19.403 24.6036 0
    endloop
  endfacet
  facet normal 0.760433 -0.649417 0
    outer loop
      vertex 22.6276 -22.6276 12
      vertex 23.453 -21.6611 0
      vertex 23.453 -21.6611 12
    endloop
  endfacet
  facet normal 0.760433 -0.649417 0
    outer loop
      vertex 23.453 -21.6611 0
      vertex 22.6276 -22.6276 12
      vertex 22.6276 -22.6276 0
    endloop
  endfacet
  facet normal 0.923883 -0.382676 0
    outer loop
      vertex 24.1172 -20.5773 12
      vertex 24.6036 -19.403 0
      vertex 24.6036 -19.403 12
    endloop
  endfacet
  facet normal 0.923883 -0.382676 0
    outer loop
      vertex 24.6036 -19.403 0
      vertex 24.1172 -20.5773 12
      vertex 24.1172 -20.5773 0
    endloop
  endfacet
  facet normal 0.760433 0.649417 0
    outer loop
      vertex 23.453 21.6611 12
      vertex 22.6276 22.6276 0
      vertex 22.6276 22.6276 12
    endloop
  endfacet
  facet normal 0.760433 0.649417 0
    outer loop
      vertex 22.6276 22.6276 0
      vertex 23.453 21.6611 12
      vertex 23.453 21.6611 0
    endloop
  endfacet
  facet normal 0.923883 0.382676 0
    outer loop
      vertex 24.6036 19.403 12
      vertex 24.1172 20.5773 0
      vertex 24.1172 20.5773 12
    endloop
  endfacet
  facet normal 0.923883 0.382676 0
    outer loop
      vertex 24.1172 20.5773 0
      vertex 24.6036 19.403 12
      vertex 24.6036 19.403 0
    endloop
  endfacet
  facet normal 0.972372 0.233435 0
    outer loop
      vertex 24.9003 18.1671 12
      vertex 24.6036 19.403 0
      vertex 24.6036 19.403 12
    endloop
  endfacet
  facet normal 0.972372 0.233435 0
    outer loop
      vertex 24.6036 19.403 0
      vertex 24.9003 18.1671 12
      vertex 24.9003 18.1671 0
    endloop
  endfacet
  facet normal -0.0784473 -0.996918 0
    outer loop
      vertex -18.1671 -24.9003 0
      vertex -16.9001 -25 12
      vertex -18.1671 -24.9003 12
    endloop
  endfacet
  facet normal -0.0784473 -0.996918 -0
    outer loop
      vertex -16.9001 -25 12
      vertex -18.1671 -24.9003 0
      vertex -16.9001 -25 0
    endloop
  endfacet
  facet normal 0.649417 -0.760433 0
    outer loop
      vertex 21.6611 -23.453 0
      vertex 22.6276 -22.6276 12
      vertex 21.6611 -23.453 12
    endloop
  endfacet
  facet normal 0.649417 -0.760433 0
    outer loop
      vertex 22.6276 -22.6276 12
      vertex 21.6611 -23.453 0
      vertex 22.6276 -22.6276 0
    endloop
  endfacet
  facet normal 0.0784473 -0.996918 0
    outer loop
      vertex 16.9001 -25 0
      vertex 18.1671 -24.9003 12
      vertex 16.9001 -25 12
    endloop
  endfacet
  facet normal 0.0784473 -0.996918 0
    outer loop
      vertex 18.1671 -24.9003 12
      vertex 16.9001 -25 0
      vertex 18.1671 -24.9003 0
    endloop
  endfacet
  facet normal 0 0 -1
    outer loop
      vertex 16.9001 -25 0
      vertex 25 -16.9001 0
      vertex 24.9003 -18.1671 0
    endloop
  endfacet
  facet normal -0 0 -1
    outer loop
      vertex 25 -16.9001 0
      vertex 16.9001 -25 0
      vertex 25 16.9001 0
    endloop
  endfacet
  facet normal 0 0 -1
    outer loop
      vertex 16.9001 -25 0
      vertex 24.9003 -18.1671 0
      vertex 24.6036 -19.403 0
    endloop
  endfacet
  facet normal 0 0 -1
    outer loop
      vertex 16.9001 25 0
      vertex 25 16.9001 0
      vertex 16.9001 -25 0
    endloop
  endfacet
  facet normal 0 0 -1
    outer loop
      vertex 16.9001 -25 0
      vertex 24.6036 -19.403 0
      vertex 24.1172 -20.5773 0
    endloop
  endfacet
  facet normal 0 0 -1
    outer loop
      vertex 25 16.9001 0
      vertex 16.9001 25 0
      vertex 24.9003 18.1671 0
    endloop
  endfacet
  facet normal 0 0 -1
    outer loop
      vertex 16.9001 -25 0
      vertex 24.1172 -20.5773 0
      vertex 23.453 -21.6611 0
    endloop
  endfacet
  facet normal 0 0 -1
    outer loop
      vertex 24.9003 18.1671 0
      vertex 16.9001 25 0
      vertex 24.6036 19.403 0
    endloop
  endfacet
  facet normal 0 0 -1
    outer loop
      vertex 16.9001 -25 0
      vertex 23.453 -21.6611 0
      vertex 22.6276 -22.6276 0
    endloop
  endfacet
  facet normal 0 0 -1
    outer loop
      vertex 24.6036 19.403 0
      vertex 16.9001 25 0
      vertex 24.1172 20.5773 0
    endloop
  endfacet
  facet normal 0 0 -1
    outer loop
      vertex 16.9001 -25 0
      vertex 22.6276 -22.6276 0
      vertex 21.6611 -23.453 0
    endloop
  endfacet
  facet normal 0 0 -1
    outer loop
      vertex 24.1172 20.5773 0
      vertex 16.9001 25 0
      vertex 23.453 21.6611 0
    endloop
  endfacet
  facet normal 0 0 -1
    outer loop
      vertex 16.9001 -25 0
      vertex 21.6611 -23.453 0
      vertex 20.5773 -24.1172 0
    endloop
  endfacet
  facet normal 0 0 -1
    outer loop
      vertex 23.453 21.6611 0
      vertex 16.9001 25 0
      vertex 22.6276 22.6276 0
    endloop
  endfacet
  facet normal 0 0 -1
    outer loop
      vertex 16.9001 -25 0
      vertex 20.5773 -24.1172 0
      vertex 19.403 -24.6036 0
    endloop
  endfacet
  facet normal 0 0 -1
    outer loop
      vertex 22.6276 22.6276 0
      vertex 16.9001 25 0
      vertex 21.6611 23.453 0
    endloop
  endfacet
  facet normal 0 0 -1
    outer loop
      vertex 16.9001 -25 0
      vertex 19.403 -24.6036 0
      vertex 18.1671 -24.9003 0
    endloop
  endfacet
  facet normal 0 0 -1
    outer loop
      vertex 21.6611 23.453 0
      vertex 16.9001 25 0
      vertex 20.5773 24.1172 0
    endloop
  endfacet
  facet normal 0 0 -1
    outer loop
      vertex 20.5773 24.1172 0
      vertex 16.9001 25 0
      vertex 19.403 24.6036 0
    endloop
  endfacet
  facet normal 0 0 -1
    outer loop
      vertex 19.403 24.6036 0
      vertex 16.9001 25 0
      vertex 18.1671 24.9003 0
    endloop
  endfacet
  facet normal 0 0 -1
    outer loop
      vertex -16.9001 -25 0
      vertex 16.9001 25 0
      vertex 16.9001 -25 0
    endloop
  endfacet
  facet normal 0 0 -1
    outer loop
      vertex -16.9001 -25 0
      vertex -16.9001 25 0
      vertex 16.9001 25 0
    endloop
  endfacet
  facet normal 0 0 -1
    outer loop
      vertex -25 -16.9001 0
      vertex -16.9001 -25 0
      vertex -18.1671 -24.9003 0
    endloop
  endfacet
  facet normal 0 0 -1
    outer loop
      vertex -16.9001 -25 0
      vertex -25 -16.9001 0
      vertex -16.9001 25 0
    endloop
  endfacet
  facet normal 0 0 -1
    outer loop
      vertex -25 -16.9001 0
      vertex -18.1671 -24.9003 0
      vertex -19.403 -24.6036 0
    endloop
  endfacet
  facet normal 0 0 -1
    outer loop
      vertex -25 16.9001 0
      vertex -16.9001 25 0
      vertex -25 -16.9001 0
    endloop
  endfacet
  facet normal 0 0 -1
    outer loop
      vertex -25 -16.9001 0
      vertex -19.403 -24.6036 0
      vertex -20.5773 -24.1172 0
    endloop
  endfacet
  facet normal 0 0 -1
    outer loop
      vertex -16.9001 25 0
      vertex -25 16.9001 0
      vertex -18.1671 24.9003 0
    endloop
  endfacet
  facet normal 0 0 -1
    outer loop
      vertex -25 -16.9001 0
      vertex -20.5773 -24.1172 0
      vertex -21.6611 -23.453 0
    endloop
  endfacet
  facet normal 0 0 -1
    outer loop
      vertex -18.1671 24.9003 0
      vertex -25 16.9001 0
      vertex -19.403 24.6036 0
    endloop
  endfacet
  facet normal 0 0 -1
    outer loop
      vertex -25 -16.9001 0
      vertex -21.6611 -23.453 0
      vertex -22.6276 -22.6276 0
    endloop
  endfacet
  facet normal 0 0 -1
    outer loop
      vertex -19.403 24.6036 0
      vertex -25 16.9001 0
      vertex -20.5773 24.1172 0
    endloop
  endfacet
  facet normal 0 0 -1
    outer loop
      vertex -25 -16.9001 0
      vertex -22.6276 -22.6276 0
      vertex -23.453 -21.6611 0
    endloop
  endfacet
  facet normal 0 0 -1
    outer loop
      vertex -20.5773 24.1172 0
      vertex -25 16.9001 0
      vertex -21.6611 23.453 0
    endloop
  endfacet
  facet normal 0 0 -1
    outer loop
      vertex -25 -16.9001 0
      vertex -23.453 -21.6611 0
      vertex -24.1172 -20.5773 0
    endloop
  endfacet
  facet normal 0 0 -1
    outer loop
      vertex -21.6611 23.453 0
      vertex -25 16.9001 0
      vertex -22.6276 22.6276 0
    endloop
  endfacet
  facet normal 0 0 -1
    outer loop
      vertex -25 -16.9001 0
      vertex -24.1172 -20.5773 0
      vertex -24.6036 -19.403 0
    endloop
  endfacet
  facet normal 0 0 -1
    outer loop
      vertex -22.6276 22.6276 0
      vertex -25 16.9001 0
      vertex -23.453 21.6611 0
    endloop
  endfacet
  facet normal 0 0 -1
    outer loop
      vertex -25 -16.9001 0
      vertex -24.6036 -19.403 0
      vertex -24.9003 -18.1671 0
    endloop
  endfacet
  facet normal 0 0 -1
    outer loop
      vertex -23.453 21.6611 0
      vertex -25 16.9001 0
      vertex -24.1172 20.5773 0
    endloop
  endfacet
  facet normal 0 0 -1
    outer loop
      vertex -24.1172 20.5773 0
      vertex -25 16.9001 0
      vertex -24.6036 19.403 0
    endloop
  endfacet
  facet normal 0 0 -1
    outer loop
      vertex -24.6036 19.403 0
      vertex -25 16.9001 0
      vertex -24.9003 18.1671 0
    endloop
  endfacet
  facet normal -0.996918 0.0784473 0
    outer loop
      vertex -25 16.9001 0
      vertex -24.9003 18.1671 12
      vertex -24.9003 18.1671 0
    endloop
  endfacet
  facet normal -0.996918 0.0784473 0
    outer loop
      vertex -24.9003 18.1671 12
      vertex -25 16.9001 0
      vertex -25 16.9001 12
    endloop
  endfacet
  facet normal -0.0784473 0.996918 0
    outer loop
      vertex -16.9001 25 0
      vertex -18.1671 24.9003 12
      vertex -16.9001 25 12
    endloop
  endfacet
  facet normal -0.0784473 0.996918 0
    outer loop
      vertex -18.1671 24.9003 12
      vertex -16.9001 25 0
      vertex -18.1671 24.9003 0
    endloop
  endfacet
  facet normal 0.852624 -0.522525 0
    outer loop
      vertex 23.453 -21.6611 12
      vertex 24.1172 -20.5773 0
      vertex 24.1172 -20.5773 12
    endloop
  endfacet
  facet normal 0.852624 -0.522525 0
    outer loop
      vertex 24.1172 -20.5773 0
      vertex 23.453 -21.6611 12
      vertex 23.453 -21.6611 0
    endloop
  endfacet
  facet normal 0.972372 -0.233435 0
    outer loop
      vertex 24.6036 -19.403 12
      vertex 24.9003 -18.1671 0
      vertex 24.9003 -18.1671 12
    endloop
  endfacet
  facet normal 0.972372 -0.233435 0
    outer loop
      vertex 24.9003 -18.1671 0
      vertex 24.6036 -19.403 12
      vertex 24.6036 -19.403 0
    endloop
  endfacet
  facet normal 0.852624 0.522525 0
    outer loop
      vertex 24.1172 20.5773 12
      vertex 23.453 21.6611 0
      vertex 23.453 21.6611 12
    endloop
  endfacet
  facet normal 0.852624 0.522525 0
    outer loop
      vertex 23.453 21.6611 0
      vertex 24.1172 20.5773 12
      vertex 24.1172 20.5773 0
    endloop
  endfacet
  facet normal 0.233435 -0.972372 0
    outer loop
      vertex 18.1671 -24.9003 0
      vertex 19.403 -24.6036 12
      vertex 18.1671 -24.9003 12
    endloop
  endfacet
  facet normal 0.233435 -0.972372 0
    outer loop
      vertex 19.403 -24.6036 12
      vertex 18.1671 -24.9003 0
      vertex 19.403 -24.6036 0
    endloop
  endfacet
  facet normal -0.923883 -0.382676 0
    outer loop
      vertex -24.1172 -20.5773 0
      vertex -24.6036 -19.403 12
      vertex -24.6036 -19.403 0
    endloop
  endfacet
  facet normal -0.923883 -0.382676 0
    outer loop
      vertex -24.6036 -19.403 12
      vertex -24.1172 -20.5773 0
      vertex -24.1172 -20.5773 12
    endloop
  endfacet
  facet normal 0.996918 -0.0784473 0
    outer loop
      vertex 24.9003 -18.1671 12
      vertex 25 -16.9001 0
      vertex 25 -16.9001 12
    endloop
  endfacet
  facet normal 0.996918 -0.0784473 0
    outer loop
      vertex 25 -16.9001 0
      vertex 24.9003 -18.1671 12
      vertex 24.9003 -18.1671 0
    endloop
  endfacet
  facet normal -0.972372 -0.233435 0
    outer loop
      vertex -24.6036 -19.403 0
      vertex -24.9003 -18.1671 12
      vertex -24.9003 -18.1671 0
    endloop
  endfacet
  facet normal -0.972372 -0.233435 0
    outer loop
      vertex -24.9003 -18.1671 12
      vertex -24.6036 -19.403 0
      vertex -24.6036 -19.403 12
    endloop
  endfacet
  facet normal -0.996918 -0.0784473 0
    outer loop
      vertex -24.9003 -18.1671 0
      vertex -25 -16.9001 12
      vertex -25 -16.9001 0
    endloop
  endfacet
  facet normal -0.996918 -0.0784473 0
    outer loop
      vertex -25 -16.9001 12
      vertex -24.9003 -18.1671 0
      vertex -24.9003 -18.1671 12
    endloop
  endfacet
  facet normal 0.0784473 0.996918 -0
    outer loop
      vertex -15.0501 -23.15 1.85
      vertex -16.3171 -23.0503 12
      vertex -15.0501 -23.15 12
    endloop
  endfacet
  facet normal 0.0784473 0.996918 0
    outer loop
      vertex -16.3171 -23.0503 12
      vertex -15.0501 -23.15 1.85
      vertex -16.3171 -23.0503 1.85
    endloop
  endfacet
  facet normal 0.522525 0.852624 -0
    outer loop
      vertex -18.7273 -22.2672 1.85
      vertex -19.8111 -21.603 12
      vertex -18.7273 -22.2672 12
    endloop
  endfacet
  facet normal 0.522525 0.852624 0
    outer loop
      vertex -19.8111 -21.603 12
      vertex -18.7273 -22.2672 1.85
      vertex -19.8111 -21.603 1.85
    endloop
  endfacet
  facet normal 0.649417 0.760433 -0
    outer loop
      vertex -19.8111 -21.603 1.85
      vertex -20.7776 -20.7776 12
      vertex -19.8111 -21.603 12
    endloop
  endfacet
  facet normal 0.649417 0.760433 0
    outer loop
      vertex -20.7776 -20.7776 12
      vertex -19.8111 -21.603 1.85
      vertex -20.7776 -20.7776 1.85
    endloop
  endfacet
  facet normal 0.649417 -0.760433 0
    outer loop
      vertex -20.7776 20.7776 1.85
      vertex -19.8111 21.603 12
      vertex -20.7776 20.7776 12
    endloop
  endfacet
  facet normal 0.649417 -0.760433 0
    outer loop
      vertex -19.8111 21.603 12
      vertex -20.7776 20.7776 1.85
      vertex -19.8111 21.603 1.85
    endloop
  endfacet
  facet normal -0.649417 -0.760433 0
    outer loop
      vertex 19.8111 21.603 1.85
      vertex 20.7776 20.7776 12
      vertex 19.8111 21.603 12
    endloop
  endfacet
  facet normal -0.649417 -0.760433 -0
    outer loop
      vertex 20.7776 20.7776 12
      vertex 19.8111 21.603 1.85
      vertex 20.7776 20.7776 1.85
    endloop
  endfacet
  facet normal 0.382676 0.923883 -0
    outer loop
      vertex -17.553 -22.7536 1.85
      vertex -18.7273 -22.2672 12
      vertex -17.553 -22.7536 12
    endloop
  endfacet
  facet normal 0.382676 0.923883 0
    outer loop
      vertex -18.7273 -22.2672 12
      vertex -17.553 -22.7536 1.85
      vertex -18.7273 -22.2672 1.85
    endloop
  endfacet
  facet normal 0.852624 0.522525 0
    outer loop
      vertex -21.603 -19.8111 12
      vertex -22.2672 -18.7273 1.85
      vertex -22.2672 -18.7273 12
    endloop
  endfacet
  facet normal 0.852624 0.522525 0
    outer loop
      vertex -22.2672 -18.7273 1.85
      vertex -21.603 -19.8111 12
      vertex -21.603 -19.8111 1.85
    endloop
  endfacet
  facet normal -0.0784473 0.996918 0
    outer loop
      vertex 16.3171 -23.0503 1.85
      vertex 15.0501 -23.15 12
      vertex 16.3171 -23.0503 12
    endloop
  endfacet
  facet normal -0.0784473 0.996918 0
    outer loop
      vertex 15.0501 -23.15 12
      vertex 16.3171 -23.0503 1.85
      vertex 15.0501 -23.15 1.85
    endloop
  endfacet
  facet normal -0.522525 0.852624 0
    outer loop
      vertex 19.8111 -21.603 1.85
      vertex 18.7273 -22.2672 12
      vertex 19.8111 -21.603 12
    endloop
  endfacet
  facet normal -0.522525 0.852624 0
    outer loop
      vertex 18.7273 -22.2672 12
      vertex 19.8111 -21.603 1.85
      vertex 18.7273 -22.2672 1.85
    endloop
  endfacet
  facet normal 0.760433 0.649417 0
    outer loop
      vertex -20.7776 -20.7776 12
      vertex -21.603 -19.8111 1.85
      vertex -21.603 -19.8111 12
    endloop
  endfacet
  facet normal 0.760433 0.649417 0
    outer loop
      vertex -21.603 -19.8111 1.85
      vertex -20.7776 -20.7776 12
      vertex -20.7776 -20.7776 1.85
    endloop
  endfacet
  facet normal 1 -0 0
    outer loop
      vertex -23.15 -15.0501 12
      vertex -23.15 15.0501 1.85
      vertex -23.15 15.0501 12
    endloop
  endfacet
  facet normal 1 0 0
    outer loop
      vertex -23.15 15.0501 1.85
      vertex -23.15 -15.0501 12
      vertex -23.15 -15.0501 1.85
    endloop
  endfacet
  facet normal 0.996918 -0.0784473 0
    outer loop
      vertex -23.15 15.0501 12
      vertex -23.0503 16.3171 1.85
      vertex -23.0503 16.3171 12
    endloop
  endfacet
  facet normal 0.996918 -0.0784473 0
    outer loop
      vertex -23.0503 16.3171 1.85
      vertex -23.15 15.0501 12
      vertex -23.15 15.0501 1.85
    endloop
  endfacet
  facet normal 0 -1 0
    outer loop
      vertex -15.0501 23.15 1.85
      vertex 15.0501 23.15 12
      vertex -15.0501 23.15 12
    endloop
  endfacet
  facet normal 0 -1 -0
    outer loop
      vertex 15.0501 23.15 12
      vertex -15.0501 23.15 1.85
      vertex 15.0501 23.15 1.85
    endloop
  endfacet
  facet normal -1 0 0
    outer loop
      vertex 23.15 -15.0501 1.85
      vertex 23.15 15.0501 12
      vertex 23.15 15.0501 1.85
    endloop
  endfacet
  facet normal -1 -0 0
    outer loop
      vertex 23.15 15.0501 12
      vertex 23.15 -15.0501 1.85
      vertex 23.15 -15.0501 12
    endloop
  endfacet
  facet normal -0.649417 0.760433 0
    outer loop
      vertex 20.7776 -20.7776 1.85
      vertex 19.8111 -21.603 12
      vertex 20.7776 -20.7776 12
    endloop
  endfacet
  facet normal -0.649417 0.760433 0
    outer loop
      vertex 19.8111 -21.603 12
      vertex 20.7776 -20.7776 1.85
      vertex 19.8111 -21.603 1.85
    endloop
  endfacet
  facet normal 0 1 -0
    outer loop
      vertex 15.0501 -23.15 1.85
      vertex -15.0501 -23.15 12
      vertex 15.0501 -23.15 12
    endloop
  endfacet
  facet normal 0 1 0
    outer loop
      vertex -15.0501 -23.15 12
      vertex 15.0501 -23.15 1.85
      vertex -15.0501 -23.15 1.85
    endloop
  endfacet
  facet normal 0.233435 0.972372 -0
    outer loop
      vertex -16.3171 -23.0503 1.85
      vertex -17.553 -22.7536 12
      vertex -16.3171 -23.0503 12
    endloop
  endfacet
  facet normal 0.233435 0.972372 0
    outer loop
      vertex -17.553 -22.7536 12
      vertex -16.3171 -23.0503 1.85
      vertex -17.553 -22.7536 1.85
    endloop
  endfacet
  facet normal 0.923883 0.382676 0
    outer loop
      vertex -22.2672 -18.7273 12
      vertex -22.7536 -17.553 1.85
      vertex -22.7536 -17.553 12
    endloop
  endfacet
  facet normal 0.923883 0.382676 0
    outer loop
      vertex -22.7536 -17.553 1.85
      vertex -22.2672 -18.7273 12
      vertex -22.2672 -18.7273 1.85
    endloop
  endfacet
  facet normal 0.923883 -0.382676 0
    outer loop
      vertex -22.7536 17.553 12
      vertex -22.2672 18.7273 1.85
      vertex -22.2672 18.7273 12
    endloop
  endfacet
  facet normal 0.923883 -0.382676 0
    outer loop
      vertex -22.2672 18.7273 1.85
      vertex -22.7536 17.553 12
      vertex -22.7536 17.553 1.85
    endloop
  endfacet
  facet normal -0.0784473 -0.996918 0
    outer loop
      vertex 15.0501 23.15 1.85
      vertex 16.3171 23.0503 12
      vertex 15.0501 23.15 12
    endloop
  endfacet
  facet normal -0.0784473 -0.996918 -0
    outer loop
      vertex 16.3171 23.0503 12
      vertex 15.0501 23.15 1.85
      vertex 16.3171 23.0503 1.85
    endloop
  endfacet
  facet normal -0.923883 -0.382676 0
    outer loop
      vertex 22.7536 17.553 1.85
      vertex 22.2672 18.7273 12
      vertex 22.2672 18.7273 1.85
    endloop
  endfacet
  facet normal -0.923883 -0.382676 0
    outer loop
      vertex 22.2672 18.7273 12
      vertex 22.7536 17.553 1.85
      vertex 22.7536 17.553 12
    endloop
  endfacet
  facet normal -0.923883 0.382676 0
    outer loop
      vertex 22.2672 -18.7273 1.85
      vertex 22.7536 -17.553 12
      vertex 22.7536 -17.553 1.85
    endloop
  endfacet
  facet normal -0.923883 0.382676 0
    outer loop
      vertex 22.7536 -17.553 12
      vertex 22.2672 -18.7273 1.85
      vertex 22.2672 -18.7273 12
    endloop
  endfacet
  facet normal -0.996918 0.0784473 0
    outer loop
      vertex 23.0503 -16.3171 1.85
      vertex 23.15 -15.0501 12
      vertex 23.15 -15.0501 1.85
    endloop
  endfacet
  facet normal -0.996918 0.0784473 0
    outer loop
      vertex 23.15 -15.0501 12
      vertex 23.0503 -16.3171 1.85
      vertex 23.0503 -16.3171 12
    endloop
  endfacet
  facet normal -0.382676 0.923883 0
    outer loop
      vertex 18.7273 -22.2672 1.85
      vertex 17.553 -22.7536 12
      vertex 18.7273 -22.2672 12
    endloop
  endfacet
  facet normal -0.382676 0.923883 0
    outer loop
      vertex 17.553 -22.7536 12
      vertex 18.7273 -22.2672 1.85
      vertex 17.553 -22.7536 1.85
    endloop
  endfacet
  facet normal 0 0 1
    outer loop
      vertex 15.0501 23.15 1.85
      vertex 23.15 15.0501 1.85
      vertex 23.0503 16.3171 1.85
    endloop
  endfacet
  facet normal 0 0 1
    outer loop
      vertex 23.15 15.0501 1.85
      vertex 15.0501 23.15 1.85
      vertex 23.15 -15.0501 1.85
    endloop
  endfacet
  facet normal 0 0 1
    outer loop
      vertex 15.0501 23.15 1.85
      vertex 23.0503 16.3171 1.85
      vertex 22.7536 17.553 1.85
    endloop
  endfacet
  facet normal 0 0 1
    outer loop
      vertex 15.0501 -23.15 1.85
      vertex 23.15 -15.0501 1.85
      vertex 15.0501 23.15 1.85
    endloop
  endfacet
  facet normal 0 0 1
    outer loop
      vertex 15.0501 23.15 1.85
      vertex 22.7536 17.553 1.85
      vertex 22.2672 18.7273 1.85
    endloop
  endfacet
  facet normal 0 0 1
    outer loop
      vertex 23.15 -15.0501 1.85
      vertex 15.0501 -23.15 1.85
      vertex 23.0503 -16.3171 1.85
    endloop
  endfacet
  facet normal 0 0 1
    outer loop
      vertex 15.0501 23.15 1.85
      vertex 22.2672 18.7273 1.85
      vertex 21.603 19.8111 1.85
    endloop
  endfacet
  facet normal 0 0 1
    outer loop
      vertex 23.0503 -16.3171 1.85
      vertex 15.0501 -23.15 1.85
      vertex 22.7536 -17.553 1.85
    endloop
  endfacet
  facet normal 0 0 1
    outer loop
      vertex 15.0501 23.15 1.85
      vertex 21.603 19.8111 1.85
      vertex 20.7776 20.7776 1.85
    endloop
  endfacet
  facet normal 0 0 1
    outer loop
      vertex 22.7536 -17.553 1.85
      vertex 15.0501 -23.15 1.85
      vertex 22.2672 -18.7273 1.85
    endloop
  endfacet
  facet normal 0 0 1
    outer loop
      vertex 15.0501 23.15 1.85
      vertex 20.7776 20.7776 1.85
      vertex 19.8111 21.603 1.85
    endloop
  endfacet
  facet normal 0 0 1
    outer loop
      vertex 22.2672 -18.7273 1.85
      vertex 15.0501 -23.15 1.85
      vertex 21.603 -19.8111 1.85
    endloop
  endfacet
  facet normal 0 0 1
    outer loop
      vertex 15.0501 23.15 1.85
      vertex 19.8111 21.603 1.85
      vertex 18.7273 22.2672 1.85
    endloop
  endfacet
  facet normal 0 0 1
    outer loop
      vertex 21.603 -19.8111 1.85
      vertex 15.0501 -23.15 1.85
      vertex 20.7776 -20.7776 1.85
    endloop
  endfacet
  facet normal 0 0 1
    outer loop
      vertex 15.0501 23.15 1.85
      vertex 18.7273 22.2672 1.85
      vertex 17.553 22.7536 1.85
    endloop
  endfacet
  facet normal 0 0 1
    outer loop
      vertex 20.7776 -20.7776 1.85
      vertex 15.0501 -23.15 1.85
      vertex 19.8111 -21.603 1.85
    endloop
  endfacet
  facet normal 0 0 1
    outer loop
      vertex 15.0501 23.15 1.85
      vertex 17.553 22.7536 1.85
      vertex 16.3171 23.0503 1.85
    endloop
  endfacet
  facet normal 0 0 1
    outer loop
      vertex 19.8111 -21.603 1.85
      vertex 15.0501 -23.15 1.85
      vertex 18.7273 -22.2672 1.85
    endloop
  endfacet
  facet normal 0 0 1
    outer loop
      vertex 18.7273 -22.2672 1.85
      vertex 15.0501 -23.15 1.85
      vertex 17.553 -22.7536 1.85
    endloop
  endfacet
  facet normal 0 0 1
    outer loop
      vertex 17.553 -22.7536 1.85
      vertex 15.0501 -23.15 1.85
      vertex 16.3171 -23.0503 1.85
    endloop
  endfacet
  facet normal -0 0 1
    outer loop
      vertex -15.0501 23.15 1.85
      vertex 15.0501 -23.15 1.85
      vertex 15.0501 23.15 1.85
    endloop
  endfacet
  facet normal 0 0 1
    outer loop
      vertex -15.0501 23.15 1.85
      vertex -15.0501 -23.15 1.85
      vertex 15.0501 -23.15 1.85
    endloop
  endfacet
  facet normal 0 0 1
    outer loop
      vertex -23.15 15.0501 1.85
      vertex -15.0501 23.15 1.85
      vertex -16.3171 23.0503 1.85
    endloop
  endfacet
  facet normal 0 0 1
    outer loop
      vertex -15.0501 23.15 1.85
      vertex -23.15 15.0501 1.85
      vertex -15.0501 -23.15 1.85
    endloop
  endfacet
  facet normal 0 0 1
    outer loop
      vertex -23.15 15.0501 1.85
      vertex -16.3171 23.0503 1.85
      vertex -17.553 22.7536 1.85
    endloop
  endfacet
  facet normal -0 0 1
    outer loop
      vertex -23.15 -15.0501 1.85
      vertex -15.0501 -23.15 1.85
      vertex -23.15 15.0501 1.85
    endloop
  endfacet
  facet normal 0 0 1
    outer loop
      vertex -23.15 15.0501 1.85
      vertex -17.553 22.7536 1.85
      vertex -18.7273 22.2672 1.85
    endloop
  endfacet
  facet normal 0 0 1
    outer loop
      vertex -15.0501 -23.15 1.85
      vertex -23.15 -15.0501 1.85
      vertex -16.3171 -23.0503 1.85
    endloop
  endfacet
  facet normal 0 0 1
    outer loop
      vertex -23.15 15.0501 1.85
      vertex -18.7273 22.2672 1.85
      vertex -19.8111 21.603 1.85
    endloop
  endfacet
  facet normal 0 0 1
    outer loop
      vertex -16.3171 -23.0503 1.85
      vertex -23.15 -15.0501 1.85
      vertex -17.553 -22.7536 1.85
    endloop
  endfacet
  facet normal 0 0 1
    outer loop
      vertex -23.15 15.0501 1.85
      vertex -19.8111 21.603 1.85
      vertex -20.7776 20.7776 1.85
    endloop
  endfacet
  facet normal 0 0 1
    outer loop
      vertex -17.553 -22.7536 1.85
      vertex -23.15 -15.0501 1.85
      vertex -18.7273 -22.2672 1.85
    endloop
  endfacet
  facet normal 0 0 1
    outer loop
      vertex -23.15 15.0501 1.85
      vertex -20.7776 20.7776 1.85
      vertex -21.603 19.8111 1.85
    endloop
  endfacet
  facet normal 0 0 1
    outer loop
      vertex -18.7273 -22.2672 1.85
      vertex -23.15 -15.0501 1.85
      vertex -19.8111 -21.603 1.85
    endloop
  endfacet
  facet normal 0 0 1
    outer loop
      vertex -23.15 15.0501 1.85
      vertex -21.603 19.8111 1.85
      vertex -22.2672 18.7273 1.85
    endloop
  endfacet
  facet normal 0 0 1
    outer loop
      vertex -19.8111 -21.603 1.85
      vertex -23.15 -15.0501 1.85
      vertex -20.7776 -20.7776 1.85
    endloop
  endfacet
  facet normal 0 0 1
    outer loop
      vertex -23.15 15.0501 1.85
      vertex -22.2672 18.7273 1.85
      vertex -22.7536 17.553 1.85
    endloop
  endfacet
  facet normal 0 0 1
    outer loop
      vertex -20.7776 -20.7776 1.85
      vertex -23.15 -15.0501 1.85
      vertex -21.603 -19.8111 1.85
    endloop
  endfacet
  facet normal 0 0 1
    outer loop
      vertex -23.15 15.0501 1.85
      vertex -22.7536 17.553 1.85
      vertex -23.0503 16.3171 1.85
    endloop
  endfacet
  facet normal 0 0 1
    outer loop
      vertex -21.603 -19.8111 1.85
      vertex -23.15 -15.0501 1.85
      vertex -22.2672 -18.7273 1.85
    endloop
  endfacet
  facet normal 0 0 1
    outer loop
      vertex -22.2672 -18.7273 1.85
      vertex -23.15 -15.0501 1.85
      vertex -22.7536 -17.553 1.85
    endloop
  endfacet
  facet normal 0 0 1
    outer loop
      vertex -22.7536 -17.553 1.85
      vertex -23.15 -15.0501 1.85
      vertex -23.0503 -16.3171 1.85
    endloop
  endfacet
  facet normal 0.852624 -0.522525 0
    outer loop
      vertex -22.2672 18.7273 12
      vertex -21.603 19.8111 1.85
      vertex -21.603 19.8111 12
    endloop
  endfacet
  facet normal 0.852624 -0.522525 0
    outer loop
      vertex -21.603 19.8111 1.85
      vertex -22.2672 18.7273 12
      vertex -22.2672 18.7273 1.85
    endloop
  endfacet
  facet normal 0.760433 -0.649417 0
    outer loop
      vertex -21.603 19.8111 12
      vertex -20.7776 20.7776 1.85
      vertex -20.7776 20.7776 12
    endloop
  endfacet
  facet normal 0.760433 -0.649417 0
    outer loop
      vertex -20.7776 20.7776 1.85
      vertex -21.603 19.8111 12
      vertex -21.603 19.8111 1.85
    endloop
  endfacet
  facet normal 0.972372 -0.233435 0
    outer loop
      vertex -23.0503 16.3171 12
      vertex -22.7536 17.553 1.85
      vertex -22.7536 17.553 12
    endloop
  endfacet
  facet normal 0.972372 -0.233435 0
    outer loop
      vertex -22.7536 17.553 1.85
      vertex -23.0503 16.3171 12
      vertex -23.0503 16.3171 1.85
    endloop
  endfacet
  facet normal -0.233435 -0.972372 0
    outer loop
      vertex 16.3171 23.0503 1.85
      vertex 17.553 22.7536 12
      vertex 16.3171 23.0503 12
    endloop
  endfacet
  facet normal -0.233435 -0.972372 -0
    outer loop
      vertex 17.553 22.7536 12
      vertex 16.3171 23.0503 1.85
      vertex 17.553 22.7536 1.85
    endloop
  endfacet
  facet normal -0.382676 -0.923883 0
    outer loop
      vertex 17.553 22.7536 1.85
      vertex 18.7273 22.2672 12
      vertex 17.553 22.7536 12
    endloop
  endfacet
  facet normal -0.382676 -0.923883 -0
    outer loop
      vertex 18.7273 22.2672 12
      vertex 17.553 22.7536 1.85
      vertex 18.7273 22.2672 1.85
    endloop
  endfacet
  facet normal -0.522525 -0.852624 0
    outer loop
      vertex 18.7273 22.2672 1.85
      vertex 19.8111 21.603 12
      vertex 18.7273 22.2672 12
    endloop
  endfacet
  facet normal -0.522525 -0.852624 -0
    outer loop
      vertex 19.8111 21.603 12
      vertex 18.7273 22.2672 1.85
      vertex 19.8111 21.603 1.85
    endloop
  endfacet
  facet normal 0.522525 -0.852624 0
    outer loop
      vertex -19.8111 21.603 1.85
      vertex -18.7273 22.2672 12
      vertex -19.8111 21.603 12
    endloop
  endfacet
  facet normal 0.522525 -0.852624 0
    outer loop
      vertex -18.7273 22.2672 12
      vertex -19.8111 21.603 1.85
      vertex -18.7273 22.2672 1.85
    endloop
  endfacet
  facet normal 0.382676 -0.923883 0
    outer loop
      vertex -18.7273 22.2672 1.85
      vertex -17.553 22.7536 12
      vertex -18.7273 22.2672 12
    endloop
  endfacet
  facet normal 0.382676 -0.923883 0
    outer loop
      vertex -17.553 22.7536 12
      vertex -18.7273 22.2672 1.85
      vertex -17.553 22.7536 1.85
    endloop
  endfacet
  facet normal -0.760433 -0.649417 0
    outer loop
      vertex 21.603 19.8111 1.85
      vertex 20.7776 20.7776 12
      vertex 20.7776 20.7776 1.85
    endloop
  endfacet
  facet normal -0.760433 -0.649417 0
    outer loop
      vertex 20.7776 20.7776 12
      vertex 21.603 19.8111 1.85
      vertex 21.603 19.8111 12
    endloop
  endfacet
  facet normal -0.852624 -0.522525 0
    outer loop
      vertex 22.2672 18.7273 1.85
      vertex 21.603 19.8111 12
      vertex 21.603 19.8111 1.85
    endloop
  endfacet
  facet normal -0.852624 -0.522525 0
    outer loop
      vertex 21.603 19.8111 12
      vertex 22.2672 18.7273 1.85
      vertex 22.2672 18.7273 12
    endloop
  endfacet
  facet normal -0.972372 -0.233435 0
    outer loop
      vertex 23.0503 16.3171 1.85
      vertex 22.7536 17.553 12
      vertex 22.7536 17.553 1.85
    endloop
  endfacet
  facet normal -0.972372 -0.233435 0
    outer loop
      vertex 22.7536 17.553 12
      vertex 23.0503 16.3171 1.85
      vertex 23.0503 16.3171 12
    endloop
  endfacet
  facet normal -0.996918 -0.0784473 0
    outer loop
      vertex 23.15 15.0501 1.85
      vertex 23.0503 16.3171 12
      vertex 23.0503 16.3171 1.85
    endloop
  endfacet
  facet normal -0.996918 -0.0784473 0
    outer loop
      vertex 23.0503 16.3171 12
      vertex 23.15 15.0501 1.85
      vertex 23.15 15.0501 12
    endloop
  endfacet
  facet normal -0.972372 0.233435 0
    outer loop
      vertex 22.7536 -17.553 1.85
      vertex 23.0503 -16.3171 12
      vertex 23.0503 -16.3171 1.85
    endloop
  endfacet
  facet normal -0.972372 0.233435 0
    outer loop
      vertex 23.0503 -16.3171 12
      vertex 22.7536 -17.553 1.85
      vertex 22.7536 -17.553 12
    endloop
  endfacet
  facet normal -0.852624 0.522525 0
    outer loop
      vertex 21.603 -19.8111 1.85
      vertex 22.2672 -18.7273 12
      vertex 22.2672 -18.7273 1.85
    endloop
  endfacet
  facet normal -0.852624 0.522525 0
    outer loop
      vertex 22.2672 -18.7273 12
      vertex 21.603 -19.8111 1.85
      vertex 21.603 -19.8111 12
    endloop
  endfacet
  facet normal -0.760433 0.649417 0
    outer loop
      vertex 20.7776 -20.7776 1.85
      vertex 21.603 -19.8111 12
      vertex 21.603 -19.8111 1.85
    endloop
  endfacet
  facet normal -0.760433 0.649417 0
    outer loop
      vertex 21.603 -19.8111 12
      vertex 20.7776 -20.7776 1.85
      vertex 20.7776 -20.7776 12
    endloop
  endfacet
  facet normal -0.233435 0.972372 0
    outer loop
      vertex 17.553 -22.7536 1.85
      vertex 16.3171 -23.0503 12
      vertex 17.553 -22.7536 12
    endloop
  endfacet
  facet normal -0.233435 0.972372 0
    outer loop
      vertex 16.3171 -23.0503 12
      vertex 17.553 -22.7536 1.85
      vertex 16.3171 -23.0503 1.85
    endloop
  endfacet
  facet normal 0.972372 0.233435 0
    outer loop
      vertex -22.7536 -17.553 12
      vertex -23.0503 -16.3171 1.85
      vertex -23.0503 -16.3171 12
    endloop
  endfacet
  facet normal 0.972372 0.233435 0
    outer loop
      vertex -23.0503 -16.3171 1.85
      vertex -22.7536 -17.553 12
      vertex -22.7536 -17.553 1.85
    endloop
  endfacet
  facet normal 0.996918 0.0784473 0
    outer loop
      vertex -23.0503 -16.3171 12
      vertex -23.15 -15.0501 1.85
      vertex -23.15 -15.0501 12
    endloop
  endfacet
  facet normal 0.996918 0.0784473 0
    outer loop
      vertex -23.15 -15.0501 1.85
      vertex -23.0503 -16.3171 12
      vertex -23.0503 -16.3171 1.85
    endloop
  endfacet
  facet normal 0.233435 -0.972372 0
    outer loop
      vertex -17.553 22.7536 1.85
      vertex -16.3171 23.0503 12
      vertex -17.553 22.7536 12
    endloop
  endfacet
  facet normal 0.233435 -0.972372 0
    outer loop
      vertex -16.3171 23.0503 12
      vertex -17.553 22.7536 1.85
      vertex -16.3171 23.0503 1.85
    endloop
  endfacet
  facet normal 0.0784473 -0.996918 0
    outer loop
      vertex -16.3171 23.0503 1.85
      vertex -15.0501 23.15 12
      vertex -16.3171 23.0503 12
    endloop
  endfacet
  facet normal 0.0784473 -0.996918 0
    outer loop
      vertex -15.0501 23.15 12
      vertex -16.3171 23.0503 1.85
      vertex -15.0501 23.15 1.85
    endloop
  endfacet
  facet normal -0.923874 -0.382696 0
    outer loop
      vertex 47.8665 -18.6592 4
      vertex 47.3891 -17.5067 7
      vertex 47.3891 -17.5067 4
    endloop
  endfacet
  facet normal -0.923874 -0.382696 0
    outer loop
      vertex 47.3891 -17.5067 7
      vertex 47.8665 -18.6592 4
      vertex 47.8665 -18.6592 7
    endloop
  endfacet
  facet normal 0 1 -0
    outer loop
      vertex 85.05 23 4
      vertex 54.95 23 7
      vertex 85.05 23 7
    endloop
  endfacet
  facet normal 0 1 0
    outer loop
      vertex 54.95 23 7
      vertex 85.05 23 4
      vertex 54.95 23 4
    endloop
  endfacet
  facet normal 0 -1 0
    outer loop
      vertex 54.95 -23 4
      vertex 85.05 -23 7
      vertex 54.95 -23 7
    endloop
  endfacet
  facet normal 0 -1 -0
    outer loop
      vertex 85.05 -23 7
      vertex 54.95 -23 4
      vertex 85.05 -23 4
    endloop
  endfacet
  facet normal -0.852653 -0.522477 0
    outer loop
      vertex 48.5183 -19.7229 4
      vertex 47.8665 -18.6592 7
      vertex 47.8665 -18.6592 4
    endloop
  endfacet
  facet normal -0.852653 -0.522477 0
    outer loop
      vertex 47.8665 -18.6592 7
      vertex 48.5183 -19.7229 4
      vertex 48.5183 -19.7229 7
    endloop
  endfacet
  facet normal 0.996916 0.078474 0
    outer loop
      vertex 93 15.05 7
      vertex 92.9021 16.2937 4
      vertex 92.9021 16.2937 7
    endloop
  endfacet
  facet normal 0.996916 0.078474 0
    outer loop
      vertex 92.9021 16.2937 4
      vertex 93 15.05 7
      vertex 93 15.05 4
    endloop
  endfacet
  facet normal 0.760398 0.649457 0
    outer loop
      vertex 91.4817 19.7229 7
      vertex 90.6715 20.6715 4
      vertex 90.6715 20.6715 7
    endloop
  endfacet
  facet normal 0.760398 0.649457 0
    outer loop
      vertex 90.6715 20.6715 4
      vertex 91.4817 19.7229 7
      vertex 91.4817 19.7229 4
    endloop
  endfacet
  facet normal -0.078474 -0.996916 0
    outer loop
      vertex 53.7063 -22.9021 4
      vertex 54.95 -23 7
      vertex 53.7063 -22.9021 7
    endloop
  endfacet
  facet normal -0.078474 -0.996916 -0
    outer loop
      vertex 54.95 -23 7
      vertex 53.7063 -22.9021 4
      vertex 54.95 -23 4
    endloop
  endfacet
  facet normal -0.760398 -0.649457 0
    outer loop
      vertex 49.3285 -20.6715 4
      vertex 48.5183 -19.7229 7
      vertex 48.5183 -19.7229 4
    endloop
  endfacet
  facet normal -0.760398 -0.649457 0
    outer loop
      vertex 48.5183 -19.7229 7
      vertex 49.3285 -20.6715 4
      vertex 49.3285 -20.6715 7
    endloop
  endfacet
  facet normal -0.649457 -0.760398 0
    outer loop
      vertex 49.3285 -20.6715 4
      vertex 50.2771 -21.4817 7
      vertex 49.3285 -20.6715 7
    endloop
  endfacet
  facet normal -0.649457 -0.760398 -0
    outer loop
      vertex 50.2771 -21.4817 7
      vertex 49.3285 -20.6715 4
      vertex 50.2771 -21.4817 4
    endloop
  endfacet
  facet normal 0.760398 -0.649457 0
    outer loop
      vertex 90.6715 -20.6715 7
      vertex 91.4817 -19.7229 4
      vertex 91.4817 -19.7229 7
    endloop
  endfacet
  facet normal 0.760398 -0.649457 0
    outer loop
      vertex 91.4817 -19.7229 4
      vertex 90.6715 -20.6715 7
      vertex 90.6715 -20.6715 4
    endloop
  endfacet
  facet normal 1 -0 0
    outer loop
      vertex 93 -15.05 7
      vertex 93 15.05 4
      vertex 93 15.05 7
    endloop
  endfacet
  facet normal 1 0 0
    outer loop
      vertex 93 15.05 4
      vertex 93 -15.05 7
      vertex 93 -15.05 4
    endloop
  endfacet
  facet normal 0.649457 0.760398 -0
    outer loop
      vertex 90.6715 20.6715 4
      vertex 89.7229 21.4817 7
      vertex 90.6715 20.6715 7
    endloop
  endfacet
  facet normal 0.649457 0.760398 0
    outer loop
      vertex 89.7229 21.4817 7
      vertex 90.6715 20.6715 4
      vertex 89.7229 21.4817 4
    endloop
  endfacet
  facet normal -1 0 0
    outer loop
      vertex 47 -15.05 4
      vertex 47 15.05 7
      vertex 47 15.05 4
    endloop
  endfacet
  facet normal -1 -0 0
    outer loop
      vertex 47 15.05 7
      vertex 47 -15.05 4
      vertex 47 -15.05 7
    endloop
  endfacet
  facet normal -0 0 1
    outer loop
      vertex 91.15 15.0501 7
      vertex 93 15.05 7
      vertex 92.9021 16.2937 7
    endloop
  endfacet
  facet normal 0 0 1
    outer loop
      vertex 93 15.05 7
      vertex 91.15 15.0501 7
      vertex 93 -15.05 7
    endloop
  endfacet
  facet normal 0 0 1
    outer loop
      vertex 91.0749 16.0042 7
      vertex 92.9021 16.2937 7
      vertex 92.6109 17.5067 7
    endloop
  endfacet
  facet normal 0 0 1
    outer loop
      vertex 91.15 -15.0501 7
      vertex 93 -15.05 7
      vertex 91.15 15.0501 7
    endloop
  endfacet
  facet normal 0 0 1
    outer loop
      vertex 90.8514 16.935 7
      vertex 92.6109 17.5067 7
      vertex 92.1335 18.6592 7
    endloop
  endfacet
  facet normal 0 0 1
    outer loop
      vertex 93 -15.05 7
      vertex 91.15 -15.0501 7
      vertex 92.9021 -16.2937 7
    endloop
  endfacet
  facet normal 0 0 1
    outer loop
      vertex 90.4851 17.8193 7
      vertex 92.1335 18.6592 7
      vertex 91.4817 19.7229 7
    endloop
  endfacet
  facet normal -0 0 1
    outer loop
      vertex 91.0749 -16.0042 7
      vertex 92.9021 -16.2937 7
      vertex 91.15 -15.0501 7
    endloop
  endfacet
  facet normal 0 0 1
    outer loop
      vertex 92.9021 -16.2937 7
      vertex 91.0749 -16.0042 7
      vertex 92.6109 -17.5067 7
    endloop
  endfacet
  facet normal 0 0 1
    outer loop
      vertex 92.9021 16.2937 7
      vertex 91.0749 16.0042 7
      vertex 91.15 15.0501 7
    endloop
  endfacet
  facet normal 0 0 1
    outer loop
      vertex 92.6109 17.5067 7
      vertex 90.8514 16.935 7
      vertex 91.0749 16.0042 7
    endloop
  endfacet
  facet normal 0 0 1
    outer loop
      vertex 89.985 18.6355 7
      vertex 91.4817 19.7229 7
      vertex 90.6715 20.6715 7
    endloop
  endfacet
  facet normal 0 0 1
    outer loop
      vertex 92.1335 18.6592 7
      vertex 90.4851 17.8193 7
      vertex 90.8514 16.935 7
    endloop
  endfacet
  facet normal 0 0 1
    outer loop
      vertex 91.4817 19.7229 7
      vertex 89.985 18.6355 7
      vertex 90.4851 17.8193 7
    endloop
  endfacet
  facet normal 0 0 1
    outer loop
      vertex 89.3633 19.3633 7
      vertex 90.6715 20.6715 7
      vertex 89.7229 21.4817 7
    endloop
  endfacet
  facet normal 0 0 1
    outer loop
      vertex 90.6715 20.6715 7
      vertex 89.3633 19.3633 7
      vertex 89.985 18.6355 7
    endloop
  endfacet
  facet normal 0 0 1
    outer loop
      vertex 88.6355 19.985 7
      vertex 89.7229 21.4817 7
      vertex 88.6592 22.1335 7
    endloop
  endfacet
  facet normal 0 0 1
    outer loop
      vertex 89.7229 21.4817 7
      vertex 88.6355 19.985 7
      vertex 89.3633 19.3633 7
    endloop
  endfacet
  facet normal 0 0 1
    outer loop
      vertex 88.6592 22.1335 7
      vertex 87.8193 20.4851 7
      vertex 88.6355 19.985 7
    endloop
  endfacet
  facet normal 0 0 1
    outer loop
      vertex 87.5067 22.6109 7
      vertex 87.8193 20.4851 7
      vertex 88.6592 22.1335 7
    endloop
  endfacet
  facet normal 0 0 1
    outer loop
      vertex 87.5067 22.6109 7
      vertex 86.935 20.8514 7
      vertex 87.8193 20.4851 7
    endloop
  endfacet
  facet normal 0 0 1
    outer loop
      vertex 86.2937 22.9021 7
      vertex 86.935 20.8514 7
      vertex 87.5067 22.6109 7
    endloop
  endfacet
  facet normal 0 0 1
    outer loop
      vertex 86.2937 22.9021 7
      vertex 86.0042 21.0749 7
      vertex 86.935 20.8514 7
    endloop
  endfacet
  facet normal 0 0 1
    outer loop
      vertex 86.2937 22.9021 7
      vertex 85.0501 21.15 7
      vertex 86.0042 21.0749 7
    endloop
  endfacet
  facet normal 0 0 1
    outer loop
      vertex 85.05 23 7
      vertex 85.0501 21.15 7
      vertex 86.2937 22.9021 7
    endloop
  endfacet
  facet normal -0 0 1
    outer loop
      vertex 54.95 23 7
      vertex 85.0501 21.15 7
      vertex 85.05 23 7
    endloop
  endfacet
  facet normal 0 0 1
    outer loop
      vertex 54.95 23 7
      vertex 54.9499 21.15 7
      vertex 85.0501 21.15 7
    endloop
  endfacet
  facet normal 0 0 1
    outer loop
      vertex 54.95 23 7
      vertex 53.9958 21.0749 7
      vertex 54.9499 21.15 7
    endloop
  endfacet
  facet normal -0 0 1
    outer loop
      vertex 53.7063 22.9021 7
      vertex 53.9958 21.0749 7
      vertex 54.95 23 7
    endloop
  endfacet
  facet normal 0 0 1
    outer loop
      vertex 53.7063 22.9021 7
      vertex 53.065 20.8514 7
      vertex 53.9958 21.0749 7
    endloop
  endfacet
  facet normal -0 0 1
    outer loop
      vertex 52.4933 22.6109 7
      vertex 53.065 20.8514 7
      vertex 53.7063 22.9021 7
    endloop
  endfacet
  facet normal 0 0 1
    outer loop
      vertex 52.4933 22.6109 7
      vertex 52.1807 20.4851 7
      vertex 53.065 20.8514 7
    endloop
  endfacet
  facet normal -0 0 1
    outer loop
      vertex 51.3408 22.1335 7
      vertex 52.1807 20.4851 7
      vertex 52.4933 22.6109 7
    endloop
  endfacet
  facet normal 0 0 1
    outer loop
      vertex 52.1807 20.4851 7
      vertex 51.3408 22.1335 7
      vertex 51.3645 19.985 7
    endloop
  endfacet
  facet normal -0 0 1
    outer loop
      vertex 50.2771 21.4817 7
      vertex 51.3645 19.985 7
      vertex 51.3408 22.1335 7
    endloop
  endfacet
  facet normal 0 0 1
    outer loop
      vertex 51.3645 19.985 7
      vertex 50.2771 21.4817 7
      vertex 50.6367 19.3633 7
    endloop
  endfacet
  facet normal -0 0 1
    outer loop
      vertex 49.3285 20.6715 7
      vertex 50.6367 19.3633 7
      vertex 50.2771 21.4817 7
    endloop
  endfacet
  facet normal 0 0 1
    outer loop
      vertex 50.6367 19.3633 7
      vertex 49.3285 20.6715 7
      vertex 50.015 18.6355 7
    endloop
  endfacet
  facet normal -0 0 1
    outer loop
      vertex 48.5183 19.7229 7
      vertex 50.015 18.6355 7
      vertex 49.3285 20.6715 7
    endloop
  endfacet
  facet normal 0 0 1
    outer loop
      vertex 50.015 18.6355 7
      vertex 48.5183 19.7229 7
      vertex 49.5149 17.8193 7
    endloop
  endfacet
  facet normal -0 0 1
    outer loop
      vertex 47.8665 18.6592 7
      vertex 49.5149 17.8193 7
      vertex 48.5183 19.7229 7
    endloop
  endfacet
  facet normal 0 0 1
    outer loop
      vertex 49.1486 16.935 7
      vertex 47.3891 17.5067 7
      vertex 48.9251 16.0042 7
    endloop
  endfacet
  facet normal -0 0 1
    outer loop
      vertex 47.3891 17.5067 7
      vertex 49.1486 16.935 7
      vertex 47.8665 18.6592 7
    endloop
  endfacet
  facet normal 0 0 1
    outer loop
      vertex 49.5149 17.8193 7
      vertex 47.8665 18.6592 7
      vertex 49.1486 16.935 7
    endloop
  endfacet
  facet normal -0 0 1
    outer loop
      vertex 90.8514 -16.935 7
      vertex 92.6109 -17.5067 7
      vertex 91.0749 -16.0042 7
    endloop
  endfacet
  facet normal 0 0 1
    outer loop
      vertex 92.6109 -17.5067 7
      vertex 90.8514 -16.935 7
      vertex 92.1335 -18.6592 7
    endloop
  endfacet
  facet normal -0 0 1
    outer loop
      vertex 90.4851 -17.8193 7
      vertex 92.1335 -18.6592 7
      vertex 90.8514 -16.935 7
    endloop
  endfacet
  facet normal 0 0 1
    outer loop
      vertex 92.1335 -18.6592 7
      vertex 90.4851 -17.8193 7
      vertex 91.4817 -19.7229 7
    endloop
  endfacet
  facet normal -0 0 1
    outer loop
      vertex 89.985 -18.6355 7
      vertex 91.4817 -19.7229 7
      vertex 90.4851 -17.8193 7
    endloop
  endfacet
  facet normal 0 0 1
    outer loop
      vertex 91.4817 -19.7229 7
      vertex 89.985 -18.6355 7
      vertex 90.6715 -20.6715 7
    endloop
  endfacet
  facet normal -0 0 1
    outer loop
      vertex 89.3633 -19.3633 7
      vertex 90.6715 -20.6715 7
      vertex 89.985 -18.6355 7
    endloop
  endfacet
  facet normal 0 0 1
    outer loop
      vertex 90.6715 -20.6715 7
      vertex 89.3633 -19.3633 7
      vertex 89.7229 -21.4817 7
    endloop
  endfacet
  facet normal -0 0 1
    outer loop
      vertex 88.6355 -19.985 7
      vertex 89.7229 -21.4817 7
      vertex 89.3633 -19.3633 7
    endloop
  endfacet
  facet normal 0 0 1
    outer loop
      vertex 89.7229 -21.4817 7
      vertex 88.6355 -19.985 7
      vertex 88.6592 -22.1335 7
    endloop
  endfacet
  facet normal -0 0 1
    outer loop
      vertex 87.8193 -20.4851 7
      vertex 88.6592 -22.1335 7
      vertex 88.6355 -19.985 7
    endloop
  endfacet
  facet normal 0 0 1
    outer loop
      vertex 87.8193 -20.4851 7
      vertex 87.5067 -22.6109 7
      vertex 88.6592 -22.1335 7
    endloop
  endfacet
  facet normal -0 0 1
    outer loop
      vertex 86.935 -20.8514 7
      vertex 87.5067 -22.6109 7
      vertex 87.8193 -20.4851 7
    endloop
  endfacet
  facet normal 0 0 1
    outer loop
      vertex 86.935 -20.8514 7
      vertex 86.2937 -22.9021 7
      vertex 87.5067 -22.6109 7
    endloop
  endfacet
  facet normal -0 0 1
    outer loop
      vertex 86.0042 -21.0749 7
      vertex 86.2937 -22.9021 7
      vertex 86.935 -20.8514 7
    endloop
  endfacet
  facet normal -0 0 1
    outer loop
      vertex 85.0501 -21.15 7
      vertex 86.2937 -22.9021 7
      vertex 86.0042 -21.0749 7
    endloop
  endfacet
  facet normal 0 0 1
    outer loop
      vertex 85.0501 -21.15 7
      vertex 85.05 -23 7
      vertex 86.2937 -22.9021 7
    endloop
  endfacet
  facet normal 0 0 1
    outer loop
      vertex 85.0501 -21.15 7
      vertex 54.95 -23 7
      vertex 85.05 -23 7
    endloop
  endfacet
  facet normal -0 0 1
    outer loop
      vertex 54.9499 -21.15 7
      vertex 54.95 -23 7
      vertex 85.0501 -21.15 7
    endloop
  endfacet
  facet normal 0 0 1
    outer loop
      vertex 53.9958 -21.0749 7
      vertex 54.95 -23 7
      vertex 54.9499 -21.15 7
    endloop
  endfacet
  facet normal 0 0 1
    outer loop
      vertex 53.9958 -21.0749 7
      vertex 53.7063 -22.9021 7
      vertex 54.95 -23 7
    endloop
  endfacet
  facet normal 0 0 1
    outer loop
      vertex 53.065 -20.8514 7
      vertex 53.7063 -22.9021 7
      vertex 53.9958 -21.0749 7
    endloop
  endfacet
  facet normal 0 0 1
    outer loop
      vertex 53.065 -20.8514 7
      vertex 52.4933 -22.6109 7
      vertex 53.7063 -22.9021 7
    endloop
  endfacet
  facet normal 0 0 1
    outer loop
      vertex 52.1807 -20.4851 7
      vertex 52.4933 -22.6109 7
      vertex 53.065 -20.8514 7
    endloop
  endfacet
  facet normal 0 0 1
    outer loop
      vertex 51.3408 -22.1335 7
      vertex 52.1807 -20.4851 7
      vertex 51.3645 -19.985 7
    endloop
  endfacet
  facet normal 0 0 1
    outer loop
      vertex 52.1807 -20.4851 7
      vertex 51.3408 -22.1335 7
      vertex 52.4933 -22.6109 7
    endloop
  endfacet
  facet normal 0 0 1
    outer loop
      vertex 50.2771 -21.4817 7
      vertex 51.3645 -19.985 7
      vertex 50.6367 -19.3633 7
    endloop
  endfacet
  facet normal 0 0 1
    outer loop
      vertex 51.3645 -19.985 7
      vertex 50.2771 -21.4817 7
      vertex 51.3408 -22.1335 7
    endloop
  endfacet
  facet normal 0 0 1
    outer loop
      vertex 49.3285 -20.6715 7
      vertex 50.6367 -19.3633 7
      vertex 50.015 -18.6355 7
    endloop
  endfacet
  facet normal 0 0 1
    outer loop
      vertex 48.5183 -19.7229 7
      vertex 50.015 -18.6355 7
      vertex 49.5149 -17.8193 7
    endloop
  endfacet
  facet normal 0 0 1
    outer loop
      vertex 50.6367 -19.3633 7
      vertex 49.3285 -20.6715 7
      vertex 50.2771 -21.4817 7
    endloop
  endfacet
  facet normal 0 0 1
    outer loop
      vertex 47.8665 -18.6592 7
      vertex 49.5149 -17.8193 7
      vertex 49.1486 -16.935 7
    endloop
  endfacet
  facet normal 0 0 1
    outer loop
      vertex 47.3891 -17.5067 7
      vertex 49.1486 -16.935 7
      vertex 48.9251 -16.0042 7
    endloop
  endfacet
  facet normal 0 0 1
    outer loop
      vertex 50.015 -18.6355 7
      vertex 48.5183 -19.7229 7
      vertex 49.3285 -20.6715 7
    endloop
  endfacet
  facet normal 0 0 1
    outer loop
      vertex 47.0979 -16.2937 7
      vertex 48.9251 -16.0042 7
      vertex 48.85 -15.0501 7
    endloop
  endfacet
  facet normal 0 0 1
    outer loop
      vertex 48.85 15.0501 7
      vertex 47 15.05 7
      vertex 48.85 -15.0501 7
    endloop
  endfacet
  facet normal -0 0 1
    outer loop
      vertex 47.0979 16.2937 7
      vertex 48.9251 16.0042 7
      vertex 47.3891 17.5067 7
    endloop
  endfacet
  facet normal -0 0 1
    outer loop
      vertex 47 -15.05 7
      vertex 48.85 -15.0501 7
      vertex 47 15.05 7
    endloop
  endfacet
  facet normal 0 0 1
    outer loop
      vertex 48.9251 16.0042 7
      vertex 47.0979 16.2937 7
      vertex 48.85 15.0501 7
    endloop
  endfacet
  facet normal 0 -0 1
    outer loop
      vertex 47.0979 -16.2937 7
      vertex 48.85 -15.0501 7
      vertex 47 -15.05 7
    endloop
  endfacet
  facet normal 0 0 1
    outer loop
      vertex 48.85 15.0501 7
      vertex 47.0979 16.2937 7
      vertex 47 15.05 7
    endloop
  endfacet
  facet normal 0 0 1
    outer loop
      vertex 49.5149 -17.8193 7
      vertex 47.8665 -18.6592 7
      vertex 48.5183 -19.7229 7
    endloop
  endfacet
  facet normal 0 0 1
    outer loop
      vertex 49.1486 -16.935 7
      vertex 47.3891 -17.5067 7
      vertex 47.8665 -18.6592 7
    endloop
  endfacet
  facet normal 0 0 1
    outer loop
      vertex 48.9251 -16.0042 7
      vertex 47.0979 -16.2937 7
      vertex 47.3891 -17.5067 7
    endloop
  endfacet
  facet normal -0.852653 0.522477 0
    outer loop
      vertex 47.8665 18.6592 4
      vertex 48.5183 19.7229 7
      vertex 48.5183 19.7229 4
    endloop
  endfacet
  facet normal -0.852653 0.522477 0
    outer loop
      vertex 48.5183 19.7229 7
      vertex 47.8665 18.6592 4
      vertex 47.8665 18.6592 7
    endloop
  endfacet
  facet normal -0.522477 0.852653 0
    outer loop
      vertex 51.3408 22.1335 4
      vertex 50.2771 21.4817 7
      vertex 51.3408 22.1335 7
    endloop
  endfacet
  facet normal -0.522477 0.852653 0
    outer loop
      vertex 50.2771 21.4817 7
      vertex 51.3408 22.1335 4
      vertex 50.2771 21.4817 4
    endloop
  endfacet
  facet normal -0.522477 -0.852653 0
    outer loop
      vertex 50.2771 -21.4817 4
      vertex 51.3408 -22.1335 7
      vertex 50.2771 -21.4817 7
    endloop
  endfacet
  facet normal -0.522477 -0.852653 -0
    outer loop
      vertex 51.3408 -22.1335 7
      vertex 50.2771 -21.4817 4
      vertex 51.3408 -22.1335 4
    endloop
  endfacet
  facet normal 0.522477 -0.852653 0
    outer loop
      vertex 88.6592 -22.1335 4
      vertex 89.7229 -21.4817 7
      vertex 88.6592 -22.1335 7
    endloop
  endfacet
  facet normal 0.522477 -0.852653 0
    outer loop
      vertex 89.7229 -21.4817 7
      vertex 88.6592 -22.1335 4
      vertex 89.7229 -21.4817 4
    endloop
  endfacet
  facet normal 0.923874 -0.382696 0
    outer loop
      vertex 92.1335 -18.6592 7
      vertex 92.6109 -17.5067 4
      vertex 92.6109 -17.5067 7
    endloop
  endfacet
  facet normal 0.923874 -0.382696 0
    outer loop
      vertex 92.6109 -17.5067 4
      vertex 92.1335 -18.6592 7
      vertex 92.1335 -18.6592 4
    endloop
  endfacet
  facet normal 0.923874 0.382696 0
    outer loop
      vertex 92.6109 17.5067 7
      vertex 92.1335 18.6592 4
      vertex 92.1335 18.6592 7
    endloop
  endfacet
  facet normal 0.923874 0.382696 0
    outer loop
      vertex 92.1335 18.6592 4
      vertex 92.6109 17.5067 7
      vertex 92.6109 17.5067 4
    endloop
  endfacet
  facet normal 0.972373 0.233434 0
    outer loop
      vertex 92.9021 16.2937 7
      vertex 92.6109 17.5067 4
      vertex 92.6109 17.5067 7
    endloop
  endfacet
  facet normal 0.972373 0.233434 0
    outer loop
      vertex 92.6109 17.5067 4
      vertex 92.9021 16.2937 7
      vertex 92.9021 16.2937 4
    endloop
  endfacet
  facet normal 0.382696 0.923874 -0
    outer loop
      vertex 88.6592 22.1335 4
      vertex 87.5067 22.6109 7
      vertex 88.6592 22.1335 7
    endloop
  endfacet
  facet normal 0.382696 0.923874 0
    outer loop
      vertex 87.5067 22.6109 7
      vertex 88.6592 22.1335 4
      vertex 87.5067 22.6109 4
    endloop
  endfacet
  facet normal -0.996916 -0.078474 0
    outer loop
      vertex 47.0979 -16.2937 4
      vertex 47 -15.05 7
      vertex 47 -15.05 4
    endloop
  endfacet
  facet normal -0.996916 -0.078474 0
    outer loop
      vertex 47 -15.05 7
      vertex 47.0979 -16.2937 4
      vertex 47.0979 -16.2937 7
    endloop
  endfacet
  facet normal -0.972373 -0.233434 0
    outer loop
      vertex 47.3891 -17.5067 4
      vertex 47.0979 -16.2937 7
      vertex 47.0979 -16.2937 4
    endloop
  endfacet
  facet normal -0.972373 -0.233434 0
    outer loop
      vertex 47.0979 -16.2937 7
      vertex 47.3891 -17.5067 4
      vertex 47.3891 -17.5067 7
    endloop
  endfacet
  facet normal -0.923874 0.382696 0
    outer loop
      vertex 47.3891 17.5067 4
      vertex 47.8665 18.6592 7
      vertex 47.8665 18.6592 4
    endloop
  endfacet
  facet normal -0.923874 0.382696 0
    outer loop
      vertex 47.8665 18.6592 7
      vertex 47.3891 17.5067 4
      vertex 47.3891 17.5067 7
    endloop
  endfacet
  facet normal -0.233434 0.972373 0
    outer loop
      vertex 53.7063 22.9021 4
      vertex 52.4933 22.6109 7
      vertex 53.7063 22.9021 7
    endloop
  endfacet
  facet normal -0.233434 0.972373 0
    outer loop
      vertex 52.4933 22.6109 7
      vertex 53.7063 22.9021 4
      vertex 52.4933 22.6109 4
    endloop
  endfacet
  facet normal -0.382696 0.923874 0
    outer loop
      vertex 52.4933 22.6109 4
      vertex 51.3408 22.1335 7
      vertex 52.4933 22.6109 7
    endloop
  endfacet
  facet normal -0.382696 0.923874 0
    outer loop
      vertex 51.3408 22.1335 7
      vertex 52.4933 22.6109 4
      vertex 51.3408 22.1335 4
    endloop
  endfacet
  facet normal -0.649457 0.760398 0
    outer loop
      vertex 50.2771 21.4817 4
      vertex 49.3285 20.6715 7
      vertex 50.2771 21.4817 7
    endloop
  endfacet
  facet normal -0.649457 0.760398 0
    outer loop
      vertex 49.3285 20.6715 7
      vertex 50.2771 21.4817 4
      vertex 49.3285 20.6715 4
    endloop
  endfacet
  facet normal -0.233434 -0.972373 0
    outer loop
      vertex 52.4933 -22.6109 4
      vertex 53.7063 -22.9021 7
      vertex 52.4933 -22.6109 7
    endloop
  endfacet
  facet normal -0.233434 -0.972373 -0
    outer loop
      vertex 53.7063 -22.9021 7
      vertex 52.4933 -22.6109 4
      vertex 53.7063 -22.9021 4
    endloop
  endfacet
  facet normal -0.382696 -0.923874 0
    outer loop
      vertex 51.3408 -22.1335 4
      vertex 52.4933 -22.6109 7
      vertex 51.3408 -22.1335 7
    endloop
  endfacet
  facet normal -0.382696 -0.923874 -0
    outer loop
      vertex 52.4933 -22.6109 7
      vertex 51.3408 -22.1335 4
      vertex 52.4933 -22.6109 4
    endloop
  endfacet
  facet normal 0.382696 -0.923874 0
    outer loop
      vertex 87.5067 -22.6109 4
      vertex 88.6592 -22.1335 7
      vertex 87.5067 -22.6109 7
    endloop
  endfacet
  facet normal 0.382696 -0.923874 0
    outer loop
      vertex 88.6592 -22.1335 7
      vertex 87.5067 -22.6109 4
      vertex 88.6592 -22.1335 4
    endloop
  endfacet
  facet normal 0.078474 -0.996916 0
    outer loop
      vertex 85.05 -23 4
      vertex 86.2937 -22.9021 7
      vertex 85.05 -23 7
    endloop
  endfacet
  facet normal 0.078474 -0.996916 0
    outer loop
      vertex 86.2937 -22.9021 7
      vertex 85.05 -23 4
      vertex 86.2937 -22.9021 4
    endloop
  endfacet
  facet normal 0.233434 -0.972373 0
    outer loop
      vertex 86.2937 -22.9021 4
      vertex 87.5067 -22.6109 7
      vertex 86.2937 -22.9021 7
    endloop
  endfacet
  facet normal 0.233434 -0.972373 0
    outer loop
      vertex 87.5067 -22.6109 7
      vertex 86.2937 -22.9021 4
      vertex 87.5067 -22.6109 4
    endloop
  endfacet
  facet normal 0.649457 -0.760398 0
    outer loop
      vertex 89.7229 -21.4817 4
      vertex 90.6715 -20.6715 7
      vertex 89.7229 -21.4817 7
    endloop
  endfacet
  facet normal 0.649457 -0.760398 0
    outer loop
      vertex 90.6715 -20.6715 7
      vertex 89.7229 -21.4817 4
      vertex 90.6715 -20.6715 4
    endloop
  endfacet
  facet normal 0.852653 -0.522477 0
    outer loop
      vertex 91.4817 -19.7229 7
      vertex 92.1335 -18.6592 4
      vertex 92.1335 -18.6592 7
    endloop
  endfacet
  facet normal 0.852653 -0.522477 0
    outer loop
      vertex 92.1335 -18.6592 4
      vertex 91.4817 -19.7229 7
      vertex 91.4817 -19.7229 4
    endloop
  endfacet
  facet normal 0.852653 0.522477 0
    outer loop
      vertex 92.1335 18.6592 7
      vertex 91.4817 19.7229 4
      vertex 91.4817 19.7229 7
    endloop
  endfacet
  facet normal 0.852653 0.522477 0
    outer loop
      vertex 91.4817 19.7229 4
      vertex 92.1335 18.6592 7
      vertex 92.1335 18.6592 4
    endloop
  endfacet
  facet normal 0.522477 0.852653 -0
    outer loop
      vertex 89.7229 21.4817 4
      vertex 88.6592 22.1335 7
      vertex 89.7229 21.4817 7
    endloop
  endfacet
  facet normal 0.522477 0.852653 0
    outer loop
      vertex 88.6592 22.1335 7
      vertex 89.7229 21.4817 4
      vertex 88.6592 22.1335 4
    endloop
  endfacet
  facet normal 0.233434 0.972373 -0
    outer loop
      vertex 87.5067 22.6109 4
      vertex 86.2937 22.9021 7
      vertex 87.5067 22.6109 7
    endloop
  endfacet
  facet normal 0.233434 0.972373 0
    outer loop
      vertex 86.2937 22.9021 7
      vertex 87.5067 22.6109 4
      vertex 86.2937 22.9021 4
    endloop
  endfacet
  facet normal 0.078474 0.996916 -0
    outer loop
      vertex 86.2937 22.9021 4
      vertex 85.05 23 7
      vertex 86.2937 22.9021 7
    endloop
  endfacet
  facet normal 0.078474 0.996916 0
    outer loop
      vertex 85.05 23 7
      vertex 86.2937 22.9021 4
      vertex 85.05 23 4
    endloop
  endfacet
  facet normal -0.996916 0.078474 0
    outer loop
      vertex 47 15.05 4
      vertex 47.0979 16.2937 7
      vertex 47.0979 16.2937 4
    endloop
  endfacet
  facet normal -0.996916 0.078474 0
    outer loop
      vertex 47.0979 16.2937 7
      vertex 47 15.05 4
      vertex 47 15.05 7
    endloop
  endfacet
  facet normal -0.760398 0.649457 0
    outer loop
      vertex 48.5183 19.7229 4
      vertex 49.3285 20.6715 7
      vertex 49.3285 20.6715 4
    endloop
  endfacet
  facet normal -0.760398 0.649457 0
    outer loop
      vertex 49.3285 20.6715 7
      vertex 48.5183 19.7229 4
      vertex 48.5183 19.7229 7
    endloop
  endfacet
  facet normal -0.078474 0.996916 0
    outer loop
      vertex 54.95 23 4
      vertex 53.7063 22.9021 7
      vertex 54.95 23 7
    endloop
  endfacet
  facet normal -0.078474 0.996916 0
    outer loop
      vertex 53.7063 22.9021 7
      vertex 54.95 23 4
      vertex 53.7063 22.9021 4
    endloop
  endfacet
  facet normal 0.972373 -0.233434 0
    outer loop
      vertex 92.6109 -17.5067 7
      vertex 92.9021 -16.2937 4
      vertex 92.9021 -16.2937 7
    endloop
  endfacet
  facet normal 0.972373 -0.233434 0
    outer loop
      vertex 92.9021 -16.2937 4
      vertex 92.6109 -17.5067 7
      vertex 92.6109 -17.5067 4
    endloop
  endfacet
  facet normal 0.996916 -0.078474 0
    outer loop
      vertex 92.9021 -16.2937 7
      vertex 93 -15.05 4
      vertex 93 -15.05 7
    endloop
  endfacet
  facet normal 0.996916 -0.078474 0
    outer loop
      vertex 93 -15.05 4
      vertex 92.9021 -16.2937 7
      vertex 92.9021 -16.2937 4
    endloop
  endfacet
  facet normal -0.972373 0.233434 0
    outer loop
      vertex 47.0979 16.2937 4
      vertex 47.3891 17.5067 7
      vertex 47.3891 17.5067 4
    endloop
  endfacet
  facet normal -0.972373 0.233434 0
    outer loop
      vertex 47.3891 17.5067 7
      vertex 47.0979 16.2937 4
      vertex 47.0979 16.2937 7
    endloop
  endfacet
  facet normal 0.649509 0.760354 -0
    outer loop
      vertex 51.3645 -19.985 4
      vertex 50.6367 -19.3633 7
      vertex 51.3645 -19.985 7
    endloop
  endfacet
  facet normal 0.649509 0.760354 0
    outer loop
      vertex 50.6367 -19.3633 7
      vertex 51.3645 -19.985 4
      vertex 50.6367 -19.3633 4
    endloop
  endfacet
  facet normal 0.923875 0.382693 0
    outer loop
      vertex 49.5149 -17.8193 7
      vertex 49.1486 -16.935 4
      vertex 49.1486 -16.935 7
    endloop
  endfacet
  facet normal 0.923875 0.382693 0
    outer loop
      vertex 49.1486 -16.935 4
      vertex 49.5149 -17.8193 7
      vertex 49.5149 -17.8193 4
    endloop
  endfacet
  facet normal 0.852672 0.522447 0
    outer loop
      vertex 50.015 -18.6355 7
      vertex 49.5149 -17.8193 4
      vertex 49.5149 -17.8193 7
    endloop
  endfacet
  facet normal 0.852672 0.522447 0
    outer loop
      vertex 49.5149 -17.8193 4
      vertex 50.015 -18.6355 7
      vertex 50.015 -18.6355 4
    endloop
  endfacet
  facet normal 0 -1 0
    outer loop
      vertex 54.9499 21.15 4
      vertex 85.0501 21.15 7
      vertex 54.9499 21.15 7
    endloop
  endfacet
  facet normal 0 -1 -0
    outer loop
      vertex 85.0501 21.15 7
      vertex 54.9499 21.15 4
      vertex 85.0501 21.15 4
    endloop
  endfacet
  facet normal -0.996916 0.0784702 0
    outer loop
      vertex 91.0749 -16.0042 4
      vertex 91.15 -15.0501 7
      vertex 91.15 -15.0501 4
    endloop
  endfacet
  facet normal -0.996916 0.0784702 0
    outer loop
      vertex 91.15 -15.0501 7
      vertex 91.0749 -16.0042 4
      vertex 91.0749 -16.0042 7
    endloop
  endfacet
  facet normal -0.522447 0.852672 0
    outer loop
      vertex 88.6355 -19.985 4
      vertex 87.8193 -20.4851 7
      vertex 88.6355 -19.985 7
    endloop
  endfacet
  facet normal -0.522447 0.852672 0
    outer loop
      vertex 87.8193 -20.4851 7
      vertex 88.6355 -19.985 4
      vertex 87.8193 -20.4851 4
    endloop
  endfacet
  facet normal 0 1 -0
    outer loop
      vertex 85.0501 -21.15 4
      vertex 54.9499 -21.15 7
      vertex 85.0501 -21.15 7
    endloop
  endfacet
  facet normal 0 1 0
    outer loop
      vertex 54.9499 -21.15 7
      vertex 85.0501 -21.15 4
      vertex 54.9499 -21.15 4
    endloop
  endfacet
  facet normal 1 -0 0
    outer loop
      vertex 48.85 -15.0501 7
      vertex 48.85 15.0501 4
      vertex 48.85 15.0501 7
    endloop
  endfacet
  facet normal 1 0 0
    outer loop
      vertex 48.85 15.0501 4
      vertex 48.85 -15.0501 7
      vertex 48.85 -15.0501 4
    endloop
  endfacet
  facet normal 0.996916 -0.0784702 0
    outer loop
      vertex 48.85 15.0501 7
      vertex 48.9251 16.0042 4
      vertex 48.9251 16.0042 7
    endloop
  endfacet
  facet normal 0.996916 -0.0784702 0
    outer loop
      vertex 48.9251 16.0042 4
      vertex 48.85 15.0501 7
      vertex 48.85 15.0501 4
    endloop
  endfacet
  facet normal -0.852672 -0.522447 0
    outer loop
      vertex 90.4851 17.8193 4
      vertex 89.985 18.6355 7
      vertex 89.985 18.6355 4
    endloop
  endfacet
  facet normal -0.852672 -0.522447 0
    outer loop
      vertex 89.985 18.6355 7
      vertex 90.4851 17.8193 4
      vertex 90.4851 17.8193 7
    endloop
  endfacet
  facet normal 0.760354 0.649509 0
    outer loop
      vertex 50.6367 -19.3633 7
      vertex 50.015 -18.6355 4
      vertex 50.015 -18.6355 7
    endloop
  endfacet
  facet normal 0.760354 0.649509 0
    outer loop
      vertex 50.015 -18.6355 4
      vertex 50.6367 -19.3633 7
      vertex 50.6367 -19.3633 4
    endloop
  endfacet
  facet normal -0.760354 -0.649509 0
    outer loop
      vertex 89.985 18.6355 4
      vertex 89.3633 19.3633 7
      vertex 89.3633 19.3633 4
    endloop
  endfacet
  facet normal -0.760354 -0.649509 0
    outer loop
      vertex 89.3633 19.3633 7
      vertex 89.985 18.6355 4
      vertex 89.985 18.6355 7
    endloop
  endfacet
  facet normal -0.649509 0.760354 0
    outer loop
      vertex 89.3633 -19.3633 4
      vertex 88.6355 -19.985 7
      vertex 89.3633 -19.3633 7
    endloop
  endfacet
  facet normal -0.649509 0.760354 0
    outer loop
      vertex 88.6355 -19.985 7
      vertex 89.3633 -19.3633 4
      vertex 88.6355 -19.985 4
    endloop
  endfacet
  facet normal -0.382693 0.923875 0
    outer loop
      vertex 87.8193 -20.4851 4
      vertex 86.935 -20.8514 7
      vertex 87.8193 -20.4851 7
    endloop
  endfacet
  facet normal -0.382693 0.923875 0
    outer loop
      vertex 86.935 -20.8514 7
      vertex 87.8193 -20.4851 4
      vertex 86.935 -20.8514 4
    endloop
  endfacet
  facet normal 0.0784702 0.996916 -0
    outer loop
      vertex 54.9499 -21.15 4
      vertex 53.9958 -21.0749 7
      vertex 54.9499 -21.15 7
    endloop
  endfacet
  facet normal 0.0784702 0.996916 0
    outer loop
      vertex 53.9958 -21.0749 7
      vertex 54.9499 -21.15 4
      vertex 53.9958 -21.0749 4
    endloop
  endfacet
  facet normal 0.23348 0.972362 -0
    outer loop
      vertex 53.9958 -21.0749 4
      vertex 53.065 -20.8514 7
      vertex 53.9958 -21.0749 7
    endloop
  endfacet
  facet normal 0.23348 0.972362 0
    outer loop
      vertex 53.065 -20.8514 7
      vertex 53.9958 -21.0749 4
      vertex 53.065 -20.8514 4
    endloop
  endfacet
  facet normal 0 0 1
    outer loop
      vertex 85.0501 21.15 4
      vertex 91.15 15.0501 4
      vertex 91.0749 16.0042 4
    endloop
  endfacet
  facet normal 0 0 1
    outer loop
      vertex 91.15 15.0501 4
      vertex 85.0501 21.15 4
      vertex 91.15 -15.0501 4
    endloop
  endfacet
  facet normal 0 0 1
    outer loop
      vertex 85.0501 21.15 4
      vertex 91.0749 16.0042 4
      vertex 90.8514 16.935 4
    endloop
  endfacet
  facet normal 0 0 1
    outer loop
      vertex 85.0501 -21.15 4
      vertex 91.15 -15.0501 4
      vertex 85.0501 21.15 4
    endloop
  endfacet
  facet normal 0 0 1
    outer loop
      vertex 85.0501 21.15 4
      vertex 90.8514 16.935 4
      vertex 90.4851 17.8193 4
    endloop
  endfacet
  facet normal 0 0 1
    outer loop
      vertex 91.15 -15.0501 4
      vertex 85.0501 -21.15 4
      vertex 91.0749 -16.0042 4
    endloop
  endfacet
  facet normal 0 0 1
    outer loop
      vertex 85.0501 21.15 4
      vertex 90.4851 17.8193 4
      vertex 89.985 18.6355 4
    endloop
  endfacet
  facet normal 0 0 1
    outer loop
      vertex 91.0749 -16.0042 4
      vertex 85.0501 -21.15 4
      vertex 90.8514 -16.935 4
    endloop
  endfacet
  facet normal 0 0 1
    outer loop
      vertex 85.0501 21.15 4
      vertex 89.985 18.6355 4
      vertex 89.3633 19.3633 4
    endloop
  endfacet
  facet normal 0 0 1
    outer loop
      vertex 90.8514 -16.935 4
      vertex 85.0501 -21.15 4
      vertex 90.4851 -17.8193 4
    endloop
  endfacet
  facet normal 0 0 1
    outer loop
      vertex 85.0501 21.15 4
      vertex 89.3633 19.3633 4
      vertex 88.6355 19.985 4
    endloop
  endfacet
  facet normal 0 0 1
    outer loop
      vertex 90.4851 -17.8193 4
      vertex 85.0501 -21.15 4
      vertex 89.985 -18.6355 4
    endloop
  endfacet
  facet normal 0 0 1
    outer loop
      vertex 85.0501 21.15 4
      vertex 88.6355 19.985 4
      vertex 87.8193 20.4851 4
    endloop
  endfacet
  facet normal 0 0 1
    outer loop
      vertex 89.985 -18.6355 4
      vertex 85.0501 -21.15 4
      vertex 89.3633 -19.3633 4
    endloop
  endfacet
  facet normal 0 0 1
    outer loop
      vertex 85.0501 21.15 4
      vertex 87.8193 20.4851 4
      vertex 86.935 20.8514 4
    endloop
  endfacet
  facet normal 0 0 1
    outer loop
      vertex 89.3633 -19.3633 4
      vertex 85.0501 -21.15 4
      vertex 88.6355 -19.985 4
    endloop
  endfacet
  facet normal 0 0 1
    outer loop
      vertex 85.0501 21.15 4
      vertex 86.935 20.8514 4
      vertex 86.0042 21.0749 4
    endloop
  endfacet
  facet normal 0 0 1
    outer loop
      vertex 88.6355 -19.985 4
      vertex 85.0501 -21.15 4
      vertex 87.8193 -20.4851 4
    endloop
  endfacet
  facet normal 0 0 1
    outer loop
      vertex 87.8193 -20.4851 4
      vertex 85.0501 -21.15 4
      vertex 86.935 -20.8514 4
    endloop
  endfacet
  facet normal 0 0 1
    outer loop
      vertex 86.935 -20.8514 4
      vertex 85.0501 -21.15 4
      vertex 86.0042 -21.0749 4
    endloop
  endfacet
  facet normal -0 0 1
    outer loop
      vertex 54.9499 21.15 4
      vertex 85.0501 -21.15 4
      vertex 85.0501 21.15 4
    endloop
  endfacet
  facet normal 0 0 1
    outer loop
      vertex 54.9499 21.15 4
      vertex 54.9499 -21.15 4
      vertex 85.0501 -21.15 4
    endloop
  endfacet
  facet normal 0 0 1
    outer loop
      vertex 48.85 15.0501 4
      vertex 54.9499 21.15 4
      vertex 53.9958 21.0749 4
    endloop
  endfacet
  facet normal 0 0 1
    outer loop
      vertex 54.9499 21.15 4
      vertex 48.85 15.0501 4
      vertex 54.9499 -21.15 4
    endloop
  endfacet
  facet normal 0 0 1
    outer loop
      vertex 48.85 15.0501 4
      vertex 53.9958 21.0749 4
      vertex 53.065 20.8514 4
    endloop
  endfacet
  facet normal -0 0 1
    outer loop
      vertex 48.85 -15.0501 4
      vertex 54.9499 -21.15 4
      vertex 48.85 15.0501 4
    endloop
  endfacet
  facet normal 0 0 1
    outer loop
      vertex 48.85 15.0501 4
      vertex 53.065 20.8514 4
      vertex 52.1807 20.4851 4
    endloop
  endfacet
  facet normal 0 0 1
    outer loop
      vertex 54.9499 -21.15 4
      vertex 48.85 -15.0501 4
      vertex 53.9958 -21.0749 4
    endloop
  endfacet
  facet normal 0 0 1
    outer loop
      vertex 48.85 15.0501 4
      vertex 52.1807 20.4851 4
      vertex 51.3645 19.985 4
    endloop
  endfacet
  facet normal 0 0 1
    outer loop
      vertex 53.9958 -21.0749 4
      vertex 48.85 -15.0501 4
      vertex 53.065 -20.8514 4
    endloop
  endfacet
  facet normal 0 0 1
    outer loop
      vertex 48.85 15.0501 4
      vertex 51.3645 19.985 4
      vertex 50.6367 19.3633 4
    endloop
  endfacet
  facet normal 0 0 1
    outer loop
      vertex 53.065 -20.8514 4
      vertex 48.85 -15.0501 4
      vertex 52.1807 -20.4851 4
    endloop
  endfacet
  facet normal 0 0 1
    outer loop
      vertex 48.85 15.0501 4
      vertex 50.6367 19.3633 4
      vertex 50.015 18.6355 4
    endloop
  endfacet
  facet normal 0 0 1
    outer loop
      vertex 52.1807 -20.4851 4
      vertex 48.85 -15.0501 4
      vertex 51.3645 -19.985 4
    endloop
  endfacet
  facet normal 0 0 1
    outer loop
      vertex 48.85 15.0501 4
      vertex 50.015 18.6355 4
      vertex 49.5149 17.8193 4
    endloop
  endfacet
  facet normal 0 0 1
    outer loop
      vertex 51.3645 -19.985 4
      vertex 48.85 -15.0501 4
      vertex 50.6367 -19.3633 4
    endloop
  endfacet
  facet normal 0 0 1
    outer loop
      vertex 48.85 15.0501 4
      vertex 49.5149 17.8193 4
      vertex 49.1486 16.935 4
    endloop
  endfacet
  facet normal 0 0 1
    outer loop
      vertex 50.6367 -19.3633 4
      vertex 48.85 -15.0501 4
      vertex 50.015 -18.6355 4
    endloop
  endfacet
  facet normal 0 0 1
    outer loop
      vertex 48.85 15.0501 4
      vertex 49.1486 16.935 4
      vertex 48.9251 16.0042 4
    endloop
  endfacet
  facet normal 0 0 1
    outer loop
      vertex 50.015 -18.6355 4
      vertex 48.85 -15.0501 4
      vertex 49.5149 -17.8193 4
    endloop
  endfacet
  facet normal 0 0 1
    outer loop
      vertex 49.5149 -17.8193 4
      vertex 48.85 -15.0501 4
      vertex 49.1486 -16.935 4
    endloop
  endfacet
  facet normal 0 0 1
    outer loop
      vertex 49.1486 -16.935 4
      vertex 48.85 -15.0501 4
      vertex 48.9251 -16.0042 4
    endloop
  endfacet
  facet normal 0.852672 -0.522447 0
    outer loop
      vertex 49.5149 17.8193 7
      vertex 50.015 18.6355 4
      vertex 50.015 18.6355 7
    endloop
  endfacet
  facet normal 0.852672 -0.522447 0
    outer loop
      vertex 50.015 18.6355 4
      vertex 49.5149 17.8193 7
      vertex 49.5149 17.8193 4
    endloop
  endfacet
  facet normal 0.923875 -0.382693 0
    outer loop
      vertex 49.1486 16.935 7
      vertex 49.5149 17.8193 4
      vertex 49.5149 17.8193 7
    endloop
  endfacet
  facet normal 0.923875 -0.382693 0
    outer loop
      vertex 49.5149 17.8193 4
      vertex 49.1486 16.935 7
      vertex 49.1486 16.935 4
    endloop
  endfacet
  facet normal -0.923875 0.382693 0
    outer loop
      vertex 90.4851 -17.8193 4
      vertex 90.8514 -16.935 7
      vertex 90.8514 -16.935 4
    endloop
  endfacet
  facet normal -0.923875 0.382693 0
    outer loop
      vertex 90.8514 -16.935 7
      vertex 90.4851 -17.8193 4
      vertex 90.4851 -17.8193 7
    endloop
  endfacet
  facet normal -0.760354 0.649509 0
    outer loop
      vertex 89.3633 -19.3633 4
      vertex 89.985 -18.6355 7
      vertex 89.985 -18.6355 4
    endloop
  endfacet
  facet normal -0.760354 0.649509 0
    outer loop
      vertex 89.985 -18.6355 7
      vertex 89.3633 -19.3633 4
      vertex 89.3633 -19.3633 7
    endloop
  endfacet
  facet normal -0.852672 0.522447 0
    outer loop
      vertex 89.985 -18.6355 4
      vertex 90.4851 -17.8193 7
      vertex 90.4851 -17.8193 4
    endloop
  endfacet
  facet normal -0.852672 0.522447 0
    outer loop
      vertex 90.4851 -17.8193 7
      vertex 89.985 -18.6355 4
      vertex 89.985 -18.6355 7
    endloop
  endfacet
  facet normal 0.649509 -0.760354 0
    outer loop
      vertex 50.6367 19.3633 4
      vertex 51.3645 19.985 7
      vertex 50.6367 19.3633 7
    endloop
  endfacet
  facet normal 0.649509 -0.760354 0
    outer loop
      vertex 51.3645 19.985 7
      vertex 50.6367 19.3633 4
      vertex 51.3645 19.985 4
    endloop
  endfacet
  facet normal 0.522447 -0.852672 0
    outer loop
      vertex 51.3645 19.985 4
      vertex 52.1807 20.4851 7
      vertex 51.3645 19.985 7
    endloop
  endfacet
  facet normal 0.522447 -0.852672 0
    outer loop
      vertex 52.1807 20.4851 7
      vertex 51.3645 19.985 4
      vertex 52.1807 20.4851 4
    endloop
  endfacet
  facet normal 0.760354 -0.649509 0
    outer loop
      vertex 50.015 18.6355 7
      vertex 50.6367 19.3633 4
      vertex 50.6367 19.3633 7
    endloop
  endfacet
  facet normal 0.760354 -0.649509 0
    outer loop
      vertex 50.6367 19.3633 4
      vertex 50.015 18.6355 7
      vertex 50.015 18.6355 4
    endloop
  endfacet
  facet normal -0.649509 -0.760354 0
    outer loop
      vertex 88.6355 19.985 4
      vertex 89.3633 19.3633 7
      vertex 88.6355 19.985 7
    endloop
  endfacet
  facet normal -0.649509 -0.760354 -0
    outer loop
      vertex 89.3633 19.3633 7
      vertex 88.6355 19.985 4
      vertex 89.3633 19.3633 4
    endloop
  endfacet
  facet normal -0.23348 0.972362 0
    outer loop
      vertex 86.935 -20.8514 4
      vertex 86.0042 -21.0749 7
      vertex 86.935 -20.8514 7
    endloop
  endfacet
  facet normal -0.23348 0.972362 0
    outer loop
      vertex 86.0042 -21.0749 7
      vertex 86.935 -20.8514 4
      vertex 86.0042 -21.0749 4
    endloop
  endfacet
  facet normal -0.0784702 0.996916 0
    outer loop
      vertex 86.0042 -21.0749 4
      vertex 85.0501 -21.15 7
      vertex 86.0042 -21.0749 7
    endloop
  endfacet
  facet normal -0.0784702 0.996916 0
    outer loop
      vertex 85.0501 -21.15 7
      vertex 86.0042 -21.0749 4
      vertex 85.0501 -21.15 4
    endloop
  endfacet
  facet normal 0.382693 0.923875 -0
    outer loop
      vertex 53.065 -20.8514 4
      vertex 52.1807 -20.4851 7
      vertex 53.065 -20.8514 7
    endloop
  endfacet
  facet normal 0.382693 0.923875 0
    outer loop
      vertex 52.1807 -20.4851 7
      vertex 53.065 -20.8514 4
      vertex 52.1807 -20.4851 4
    endloop
  endfacet
  facet normal 0.522447 0.852672 -0
    outer loop
      vertex 52.1807 -20.4851 4
      vertex 51.3645 -19.985 7
      vertex 52.1807 -20.4851 7
    endloop
  endfacet
  facet normal 0.522447 0.852672 0
    outer loop
      vertex 51.3645 -19.985 7
      vertex 52.1807 -20.4851 4
      vertex 51.3645 -19.985 4
    endloop
  endfacet
  facet normal 0.972362 0.23348 0
    outer loop
      vertex 49.1486 -16.935 7
      vertex 48.9251 -16.0042 4
      vertex 48.9251 -16.0042 7
    endloop
  endfacet
  facet normal 0.972362 0.23348 0
    outer loop
      vertex 48.9251 -16.0042 4
      vertex 49.1486 -16.935 7
      vertex 49.1486 -16.935 4
    endloop
  endfacet
  facet normal 0.996916 0.0784702 0
    outer loop
      vertex 48.9251 -16.0042 7
      vertex 48.85 -15.0501 4
      vertex 48.85 -15.0501 7
    endloop
  endfacet
  facet normal 0.996916 0.0784702 0
    outer loop
      vertex 48.85 -15.0501 4
      vertex 48.9251 -16.0042 7
      vertex 48.9251 -16.0042 4
    endloop
  endfacet
  facet normal 0.972362 -0.23348 0
    outer loop
      vertex 48.9251 16.0042 7
      vertex 49.1486 16.935 4
      vertex 49.1486 16.935 7
    endloop
  endfacet
  facet normal 0.972362 -0.23348 0
    outer loop
      vertex 49.1486 16.935 4
      vertex 48.9251 16.0042 7
      vertex 48.9251 16.0042 4
    endloop
  endfacet
  facet normal -0.972362 -0.23348 0
    outer loop
      vertex 91.0749 16.0042 4
      vertex 90.8514 16.935 7
      vertex 90.8514 16.935 4
    endloop
  endfacet
  facet normal -0.972362 -0.23348 0
    outer loop
      vertex 90.8514 16.935 7
      vertex 91.0749 16.0042 4
      vertex 91.0749 16.0042 7
    endloop
  endfacet
  facet normal -0.972362 0.23348 0
    outer loop
      vertex 90.8514 -16.935 4
      vertex 91.0749 -16.0042 7
      vertex 91.0749 -16.0042 4
    endloop
  endfacet
  facet normal -0.972362 0.23348 0
    outer loop
      vertex 91.0749 -16.0042 7
      vertex 90.8514 -16.935 4
      vertex 90.8514 -16.935 7
    endloop
  endfacet
  facet normal 0.382693 -0.923875 0
    outer loop
      vertex 52.1807 20.4851 4
      vertex 53.065 20.8514 7
      vertex 52.1807 20.4851 7
    endloop
  endfacet
  facet normal 0.382693 -0.923875 0
    outer loop
      vertex 53.065 20.8514 7
      vertex 52.1807 20.4851 4
      vertex 53.065 20.8514 4
    endloop
  endfacet
  facet normal 0.23348 -0.972362 0
    outer loop
      vertex 53.065 20.8514 4
      vertex 53.9958 21.0749 7
      vertex 53.065 20.8514 7
    endloop
  endfacet
  facet normal 0.23348 -0.972362 0
    outer loop
      vertex 53.9958 21.0749 7
      vertex 53.065 20.8514 4
      vertex 53.9958 21.0749 4
    endloop
  endfacet
  facet normal 0.0784702 -0.996916 0
    outer loop
      vertex 53.9958 21.0749 4
      vertex 54.9499 21.15 7
      vertex 53.9958 21.0749 7
    endloop
  endfacet
  facet normal 0.0784702 -0.996916 0
    outer loop
      vertex 54.9499 21.15 7
      vertex 53.9958 21.0749 4
      vertex 54.9499 21.15 4
    endloop
  endfacet
  facet normal -0.923875 -0.382693 0
    outer loop
      vertex 90.8514 16.935 4
      vertex 90.4851 17.8193 7
      vertex 90.4851 17.8193 4
    endloop
  endfacet
  facet normal -0.923875 -0.382693 0
    outer loop
      vertex 90.4851 17.8193 7
      vertex 90.8514 16.935 4
      vertex 90.8514 16.935 7
    endloop
  endfacet
  facet normal -0.996916 -0.0784702 0
    outer loop
      vertex 91.15 15.0501 4
      vertex 91.0749 16.0042 7
      vertex 91.0749 16.0042 4
    endloop
  endfacet
  facet normal -0.996916 -0.0784702 0
    outer loop
      vertex 91.0749 16.0042 7
      vertex 91.15 15.0501 4
      vertex 91.15 15.0501 7
    endloop
  endfacet
  facet normal -1 0 0
    outer loop
      vertex 91.15 -15.0501 4
      vertex 91.15 15.0501 7
      vertex 91.15 15.0501 4
    endloop
  endfacet
  facet normal -1 -0 0
    outer loop
      vertex 91.15 15.0501 7
      vertex 91.15 -15.0501 4
      vertex 91.15 -15.0501 7
    endloop
  endfacet
  facet normal -0.0784702 -0.996916 0
    outer loop
      vertex 85.0501 21.15 4
      vertex 86.0042 21.0749 7
      vertex 85.0501 21.15 7
    endloop
  endfacet
  facet normal -0.0784702 -0.996916 -0
    outer loop
      vertex 86.0042 21.0749 7
      vertex 85.0501 21.15 4
      vertex 86.0042 21.0749 4
    endloop
  endfacet
  facet normal -0.382693 -0.923875 0
    outer loop
      vertex 86.935 20.8514 4
      vertex 87.8193 20.4851 7
      vertex 86.935 20.8514 7
    endloop
  endfacet
  facet normal -0.382693 -0.923875 -0
    outer loop
      vertex 87.8193 20.4851 7
      vertex 86.935 20.8514 4
      vertex 87.8193 20.4851 4
    endloop
  endfacet
  facet normal -0.522447 -0.852672 0
    outer loop
      vertex 87.8193 20.4851 4
      vertex 88.6355 19.985 7
      vertex 87.8193 20.4851 7
    endloop
  endfacet
  facet normal -0.522447 -0.852672 -0
    outer loop
      vertex 88.6355 19.985 7
      vertex 87.8193 20.4851 4
      vertex 88.6355 19.985 4
    endloop
  endfacet
  facet normal -0.23348 -0.972362 0
    outer loop
      vertex 86.0042 21.0749 4
      vertex 86.935 20.8514 7
      vertex 86.0042 21.0749 7
    endloop
  endfacet
  facet normal -0.23348 -0.972362 -0
    outer loop
      vertex 86.935 20.8514 7
      vertex 86.0042 21.0749 4
      vertex 86.935 20.8514 4
    endloop
  endfacet
  facet normal -0.522525 -0.852624 0
    outer loop
      vertex 46.3389 -25.453 0
      vertex 47.4227 -26.1172 4
      vertex 46.3389 -25.453 4
    endloop
  endfacet
  facet normal -0.522525 -0.852624 -0
    outer loop
      vertex 47.4227 -26.1172 4
      vertex 46.3389 -25.453 0
      vertex 47.4227 -26.1172 0
    endloop
  endfacet
  facet normal -0.233435 -0.972372 0
    outer loop
      vertex 48.597 -26.6036 0
      vertex 49.8329 -26.9003 4
      vertex 48.597 -26.6036 4
    endloop
  endfacet
  facet normal -0.233435 -0.972372 -0
    outer loop
      vertex 49.8329 -26.9003 4
      vertex 48.597 -26.6036 0
      vertex 49.8329 -26.9003 0
    endloop
  endfacet
  facet normal 0.649417 -0.760433 0
    outer loop
      vertex 93.6611 -25.453 0
      vertex 94.6276 -24.6276 4
      vertex 93.6611 -25.453 4
    endloop
  endfacet
  facet normal 0.649417 -0.760433 0
    outer loop
      vertex 94.6276 -24.6276 4
      vertex 93.6611 -25.453 0
      vertex 94.6276 -24.6276 0
    endloop
  endfacet
  facet normal -0.382676 -0.923883 0
    outer loop
      vertex 47.4227 -26.1172 0
      vertex 48.597 -26.6036 4
      vertex 47.4227 -26.1172 4
    endloop
  endfacet
  facet normal -0.382676 -0.923883 -0
    outer loop
      vertex 48.597 -26.6036 4
      vertex 47.4227 -26.1172 0
      vertex 48.597 -26.6036 0
    endloop
  endfacet
  facet normal -0.996918 0.0784473 0
    outer loop
      vertex 43 18.9001 0
      vertex 43.0997 20.1671 4
      vertex 43.0997 20.1671 0
    endloop
  endfacet
  facet normal -0.996918 0.0784473 0
    outer loop
      vertex 43.0997 20.1671 4
      vertex 43 18.9001 0
      vertex 43 18.9001 4
    endloop
  endfacet
  facet normal 1 -0 0
    outer loop
      vertex 97 -18.9001 4
      vertex 97 18.9001 0
      vertex 97 18.9001 4
    endloop
  endfacet
  facet normal 1 0 0
    outer loop
      vertex 97 18.9001 0
      vertex 97 -18.9001 4
      vertex 97 -18.9001 0
    endloop
  endfacet
  facet normal 0.0784473 -0.996918 0
    outer loop
      vertex 88.9001 -27 0
      vertex 90.1671 -26.9003 4
      vertex 88.9001 -27 4
    endloop
  endfacet
  facet normal 0.0784473 -0.996918 0
    outer loop
      vertex 90.1671 -26.9003 4
      vertex 88.9001 -27 0
      vertex 90.1671 -26.9003 0
    endloop
  endfacet
  facet normal -0.0784473 -0.996918 0
    outer loop
      vertex 49.8329 -26.9003 0
      vertex 51.0999 -27 4
      vertex 49.8329 -26.9003 4
    endloop
  endfacet
  facet normal -0.0784473 -0.996918 -0
    outer loop
      vertex 51.0999 -27 4
      vertex 49.8329 -26.9003 0
      vertex 51.0999 -27 0
    endloop
  endfacet
  facet normal -0.649417 -0.760433 0
    outer loop
      vertex 45.3724 -24.6276 0
      vertex 46.3389 -25.453 4
      vertex 45.3724 -24.6276 4
    endloop
  endfacet
  facet normal -0.649417 -0.760433 -0
    outer loop
      vertex 46.3389 -25.453 4
      vertex 45.3724 -24.6276 0
      vertex 46.3389 -25.453 0
    endloop
  endfacet
  facet normal -0.852624 -0.522525 0
    outer loop
      vertex 44.547 -23.6611 0
      vertex 43.8828 -22.5773 4
      vertex 43.8828 -22.5773 0
    endloop
  endfacet
  facet normal -0.852624 -0.522525 0
    outer loop
      vertex 43.8828 -22.5773 4
      vertex 44.547 -23.6611 0
      vertex 44.547 -23.6611 4
    endloop
  endfacet
  facet normal 0 0 1
    outer loop
      vertex 92.1335 18.6592 4
      vertex 97 18.9001 4
      vertex 96.9003 20.1671 4
    endloop
  endfacet
  facet normal 0 0 1
    outer loop
      vertex 97 18.9001 4
      vertex 93 15.05 4
      vertex 97 -18.9001 4
    endloop
  endfacet
  facet normal 0 0 1
    outer loop
      vertex 92.1335 18.6592 4
      vertex 96.9003 20.1671 4
      vertex 96.6036 21.403 4
    endloop
  endfacet
  facet normal -0 0 1
    outer loop
      vertex 93 -15.05 4
      vertex 97 -18.9001 4
      vertex 93 15.05 4
    endloop
  endfacet
  facet normal 0 0 1
    outer loop
      vertex 91.4817 19.7229 4
      vertex 96.6036 21.403 4
      vertex 96.1171 22.5773 4
    endloop
  endfacet
  facet normal -0 0 1
    outer loop
      vertex 92.9021 -16.2937 4
      vertex 97 -18.9001 4
      vertex 93 -15.05 4
    endloop
  endfacet
  facet normal 0 0 1
    outer loop
      vertex 91.4817 19.7229 4
      vertex 96.1171 22.5773 4
      vertex 95.453 23.6611 4
    endloop
  endfacet
  facet normal -0 0 1
    outer loop
      vertex 92.6109 -17.5067 4
      vertex 97 -18.9001 4
      vertex 92.9021 -16.2937 4
    endloop
  endfacet
  facet normal 0 0 1
    outer loop
      vertex 90.6715 20.6715 4
      vertex 95.453 23.6611 4
      vertex 94.6276 24.6276 4
    endloop
  endfacet
  facet normal -0 0 1
    outer loop
      vertex 92.1335 -18.6592 4
      vertex 97 -18.9001 4
      vertex 92.6109 -17.5067 4
    endloop
  endfacet
  facet normal 0 0 1
    outer loop
      vertex 90.6715 20.6715 4
      vertex 94.6276 24.6276 4
      vertex 93.6611 25.453 4
    endloop
  endfacet
  facet normal 0 0 1
    outer loop
      vertex 97 -18.9001 4
      vertex 92.1335 -18.6592 4
      vertex 96.9003 -20.1671 4
    endloop
  endfacet
  facet normal 0 0 1
    outer loop
      vertex 96.9003 -20.1671 4
      vertex 92.1335 -18.6592 4
      vertex 96.6036 -21.403 4
    endloop
  endfacet
  facet normal 0 0 1
    outer loop
      vertex 97 18.9001 4
      vertex 92.9021 16.2937 4
      vertex 93 15.05 4
    endloop
  endfacet
  facet normal 0 0 1
    outer loop
      vertex 97 18.9001 4
      vertex 92.6109 17.5067 4
      vertex 92.9021 16.2937 4
    endloop
  endfacet
  facet normal 0 0 1
    outer loop
      vertex 89.7229 21.4817 4
      vertex 93.6611 25.453 4
      vertex 92.5773 26.1172 4
    endloop
  endfacet
  facet normal 0 0 1
    outer loop
      vertex 97 18.9001 4
      vertex 92.1335 18.6592 4
      vertex 92.6109 17.5067 4
    endloop
  endfacet
  facet normal 0 0 1
    outer loop
      vertex 96.6036 21.403 4
      vertex 91.4817 19.7229 4
      vertex 92.1335 18.6592 4
    endloop
  endfacet
  facet normal 0 0 1
    outer loop
      vertex 89.7229 21.4817 4
      vertex 92.5773 26.1172 4
      vertex 91.403 26.6036 4
    endloop
  endfacet
  facet normal 0 0 1
    outer loop
      vertex 95.453 23.6611 4
      vertex 90.6715 20.6715 4
      vertex 91.4817 19.7229 4
    endloop
  endfacet
  facet normal 0 0 1
    outer loop
      vertex 88.6592 22.1335 4
      vertex 91.403 26.6036 4
      vertex 90.1671 26.9003 4
    endloop
  endfacet
  facet normal 0 0 1
    outer loop
      vertex 93.6611 25.453 4
      vertex 89.7229 21.4817 4
      vertex 90.6715 20.6715 4
    endloop
  endfacet
  facet normal 0 0 1
    outer loop
      vertex 88.6592 22.1335 4
      vertex 90.1671 26.9003 4
      vertex 88.9001 27 4
    endloop
  endfacet
  facet normal 0 0 1
    outer loop
      vertex 91.403 26.6036 4
      vertex 88.6592 22.1335 4
      vertex 89.7229 21.4817 4
    endloop
  endfacet
  facet normal 0 0 1
    outer loop
      vertex 88.9001 27 4
      vertex 87.5067 22.6109 4
      vertex 88.6592 22.1335 4
    endloop
  endfacet
  facet normal 0 0 1
    outer loop
      vertex 88.9001 27 4
      vertex 86.2937 22.9021 4
      vertex 87.5067 22.6109 4
    endloop
  endfacet
  facet normal 0 0 1
    outer loop
      vertex 88.9001 27 4
      vertex 85.05 23 4
      vertex 86.2937 22.9021 4
    endloop
  endfacet
  facet normal 0 0 1
    outer loop
      vertex 88.9001 27 4
      vertex 54.95 23 4
      vertex 85.05 23 4
    endloop
  endfacet
  facet normal -0 0 1
    outer loop
      vertex 51.0999 27 4
      vertex 54.95 23 4
      vertex 88.9001 27 4
    endloop
  endfacet
  facet normal 0 0 1
    outer loop
      vertex 54.95 23 4
      vertex 51.0999 27 4
      vertex 53.7063 22.9021 4
    endloop
  endfacet
  facet normal 0 0 1
    outer loop
      vertex 51.0999 27 4
      vertex 52.4933 22.6109 4
      vertex 53.7063 22.9021 4
    endloop
  endfacet
  facet normal 0 0 1
    outer loop
      vertex 51.0999 27 4
      vertex 51.3408 22.1335 4
      vertex 52.4933 22.6109 4
    endloop
  endfacet
  facet normal -0 0 1
    outer loop
      vertex 49.8329 26.9003 4
      vertex 51.3408 22.1335 4
      vertex 51.0999 27 4
    endloop
  endfacet
  facet normal -0 0 1
    outer loop
      vertex 48.597 26.6036 4
      vertex 51.3408 22.1335 4
      vertex 49.8329 26.9003 4
    endloop
  endfacet
  facet normal 0 0 1
    outer loop
      vertex 51.3408 22.1335 4
      vertex 48.597 26.6036 4
      vertex 50.2771 21.4817 4
    endloop
  endfacet
  facet normal -0 0 1
    outer loop
      vertex 47.4227 26.1172 4
      vertex 50.2771 21.4817 4
      vertex 48.597 26.6036 4
    endloop
  endfacet
  facet normal -0 0 1
    outer loop
      vertex 46.3389 25.453 4
      vertex 50.2771 21.4817 4
      vertex 47.4227 26.1172 4
    endloop
  endfacet
  facet normal 0 0 1
    outer loop
      vertex 50.2771 21.4817 4
      vertex 46.3389 25.453 4
      vertex 49.3285 20.6715 4
    endloop
  endfacet
  facet normal -0 0 1
    outer loop
      vertex 45.3724 24.6276 4
      vertex 49.3285 20.6715 4
      vertex 46.3389 25.453 4
    endloop
  endfacet
  facet normal -0 0 1
    outer loop
      vertex 44.547 23.6611 4
      vertex 49.3285 20.6715 4
      vertex 45.3724 24.6276 4
    endloop
  endfacet
  facet normal 0 0 1
    outer loop
      vertex 49.3285 20.6715 4
      vertex 44.547 23.6611 4
      vertex 48.5183 19.7229 4
    endloop
  endfacet
  facet normal -0 0 1
    outer loop
      vertex 43.8828 22.5773 4
      vertex 48.5183 19.7229 4
      vertex 44.547 23.6611 4
    endloop
  endfacet
  facet normal 0 0 1
    outer loop
      vertex 48.5183 19.7229 4
      vertex 43.3964 21.403 4
      vertex 47.8665 18.6592 4
    endloop
  endfacet
  facet normal -0 0 1
    outer loop
      vertex 43.3964 21.403 4
      vertex 48.5183 19.7229 4
      vertex 43.8828 22.5773 4
    endloop
  endfacet
  facet normal -0 0 1
    outer loop
      vertex 91.4817 -19.7229 4
      vertex 96.6036 -21.403 4
      vertex 92.1335 -18.6592 4
    endloop
  endfacet
  facet normal 0 0 1
    outer loop
      vertex 96.6036 -21.403 4
      vertex 91.4817 -19.7229 4
      vertex 96.1171 -22.5773 4
    endloop
  endfacet
  facet normal 0 0 1
    outer loop
      vertex 96.1171 -22.5773 4
      vertex 91.4817 -19.7229 4
      vertex 95.453 -23.6611 4
    endloop
  endfacet
  facet normal -0 0 1
    outer loop
      vertex 90.6715 -20.6715 4
      vertex 95.453 -23.6611 4
      vertex 91.4817 -19.7229 4
    endloop
  endfacet
  facet normal 0 0 1
    outer loop
      vertex 95.453 -23.6611 4
      vertex 90.6715 -20.6715 4
      vertex 94.6276 -24.6276 4
    endloop
  endfacet
  facet normal 0 0 1
    outer loop
      vertex 94.6276 -24.6276 4
      vertex 90.6715 -20.6715 4
      vertex 93.6611 -25.453 4
    endloop
  endfacet
  facet normal -0 0 1
    outer loop
      vertex 89.7229 -21.4817 4
      vertex 93.6611 -25.453 4
      vertex 90.6715 -20.6715 4
    endloop
  endfacet
  facet normal 0 0 1
    outer loop
      vertex 93.6611 -25.453 4
      vertex 89.7229 -21.4817 4
      vertex 92.5773 -26.1172 4
    endloop
  endfacet
  facet normal 0 0 1
    outer loop
      vertex 92.5773 -26.1172 4
      vertex 89.7229 -21.4817 4
      vertex 91.403 -26.6036 4
    endloop
  endfacet
  facet normal -0 0 1
    outer loop
      vertex 88.6592 -22.1335 4
      vertex 91.403 -26.6036 4
      vertex 89.7229 -21.4817 4
    endloop
  endfacet
  facet normal 0 0 1
    outer loop
      vertex 91.403 -26.6036 4
      vertex 88.6592 -22.1335 4
      vertex 90.1671 -26.9003 4
    endloop
  endfacet
  facet normal 0 0 1
    outer loop
      vertex 90.1671 -26.9003 4
      vertex 88.6592 -22.1335 4
      vertex 88.9001 -27 4
    endloop
  endfacet
  facet normal -0 0 1
    outer loop
      vertex 87.5067 -22.6109 4
      vertex 88.9001 -27 4
      vertex 88.6592 -22.1335 4
    endloop
  endfacet
  facet normal -0 0 1
    outer loop
      vertex 86.2937 -22.9021 4
      vertex 88.9001 -27 4
      vertex 87.5067 -22.6109 4
    endloop
  endfacet
  facet normal -0 0 1
    outer loop
      vertex 85.05 -23 4
      vertex 88.9001 -27 4
      vertex 86.2937 -22.9021 4
    endloop
  endfacet
  facet normal -0 0 1
    outer loop
      vertex 54.95 -23 4
      vertex 88.9001 -27 4
      vertex 85.05 -23 4
    endloop
  endfacet
  facet normal 0 0 1
    outer loop
      vertex 51.0999 -27 4
      vertex 54.95 -23 4
      vertex 53.7063 -22.9021 4
    endloop
  endfacet
  facet normal 0 0 1
    outer loop
      vertex 54.95 -23 4
      vertex 51.0999 -27 4
      vertex 88.9001 -27 4
    endloop
  endfacet
  facet normal 0 0 1
    outer loop
      vertex 52.4933 -22.6109 4
      vertex 51.0999 -27 4
      vertex 53.7063 -22.9021 4
    endloop
  endfacet
  facet normal 0 0 1
    outer loop
      vertex 51.3408 -22.1335 4
      vertex 51.0999 -27 4
      vertex 52.4933 -22.6109 4
    endloop
  endfacet
  facet normal 0 0 1
    outer loop
      vertex 48.597 -26.6036 4
      vertex 51.3408 -22.1335 4
      vertex 50.2771 -21.4817 4
    endloop
  endfacet
  facet normal 0 0 1
    outer loop
      vertex 51.3408 -22.1335 4
      vertex 49.8329 -26.9003 4
      vertex 51.0999 -27 4
    endloop
  endfacet
  facet normal 0 0 1
    outer loop
      vertex 46.3389 -25.453 4
      vertex 50.2771 -21.4817 4
      vertex 49.3285 -20.6715 4
    endloop
  endfacet
  facet normal 0 0 1
    outer loop
      vertex 51.3408 -22.1335 4
      vertex 48.597 -26.6036 4
      vertex 49.8329 -26.9003 4
    endloop
  endfacet
  facet normal 0 0 1
    outer loop
      vertex 44.547 -23.6611 4
      vertex 49.3285 -20.6715 4
      vertex 48.5183 -19.7229 4
    endloop
  endfacet
  facet normal 0 0 1
    outer loop
      vertex 43.3964 -21.403 4
      vertex 48.5183 -19.7229 4
      vertex 47.8665 -18.6592 4
    endloop
  endfacet
  facet normal 0 0 1
    outer loop
      vertex 50.2771 -21.4817 4
      vertex 47.4227 -26.1172 4
      vertex 48.597 -26.6036 4
    endloop
  endfacet
  facet normal 0 0 1
    outer loop
      vertex 43 -18.9001 4
      vertex 47.8665 -18.6592 4
      vertex 47.3891 -17.5067 4
    endloop
  endfacet
  facet normal 0 0 1
    outer loop
      vertex 43 -18.9001 4
      vertex 47.3891 -17.5067 4
      vertex 47.0979 -16.2937 4
    endloop
  endfacet
  facet normal 0 0 1
    outer loop
      vertex 43 -18.9001 4
      vertex 47.0979 -16.2937 4
      vertex 47 -15.05 4
    endloop
  endfacet
  facet normal 0 0 1
    outer loop
      vertex 50.2771 -21.4817 4
      vertex 46.3389 -25.453 4
      vertex 47.4227 -26.1172 4
    endloop
  endfacet
  facet normal 0 0 1
    outer loop
      vertex 47 15.05 4
      vertex 43 18.9001 4
      vertex 47 -15.05 4
    endloop
  endfacet
  facet normal -0 0 1
    outer loop
      vertex 43.0997 20.1671 4
      vertex 47.8665 18.6592 4
      vertex 43.3964 21.403 4
    endloop
  endfacet
  facet normal 0 0 1
    outer loop
      vertex 43 -18.9001 4
      vertex 47 -15.05 4
      vertex 43 18.9001 4
    endloop
  endfacet
  facet normal -0 0 1
    outer loop
      vertex 43 18.9001 4
      vertex 47.8665 18.6592 4
      vertex 43.0997 20.1671 4
    endloop
  endfacet
  facet normal 0 0 1
    outer loop
      vertex 47.8665 -18.6592 4
      vertex 43 -18.9001 4
      vertex 43.0997 -20.1671 4
    endloop
  endfacet
  facet normal 0 0 1
    outer loop
      vertex 47.8665 18.6592 4
      vertex 43 18.9001 4
      vertex 47.3891 17.5067 4
    endloop
  endfacet
  facet normal 0 0 1
    outer loop
      vertex 49.3285 -20.6715 4
      vertex 45.3724 -24.6276 4
      vertex 46.3389 -25.453 4
    endloop
  endfacet
  facet normal 0 0 1
    outer loop
      vertex 47.3891 17.5067 4
      vertex 43 18.9001 4
      vertex 47.0979 16.2937 4
    endloop
  endfacet
  facet normal 0 0 1
    outer loop
      vertex 49.3285 -20.6715 4
      vertex 44.547 -23.6611 4
      vertex 45.3724 -24.6276 4
    endloop
  endfacet
  facet normal 0 0 1
    outer loop
      vertex 47.0979 16.2937 4
      vertex 43 18.9001 4
      vertex 47 15.05 4
    endloop
  endfacet
  facet normal 0 0 1
    outer loop
      vertex 48.5183 -19.7229 4
      vertex 43.8828 -22.5773 4
      vertex 44.547 -23.6611 4
    endloop
  endfacet
  facet normal 0 0 1
    outer loop
      vertex 48.5183 -19.7229 4
      vertex 43.3964 -21.403 4
      vertex 43.8828 -22.5773 4
    endloop
  endfacet
  facet normal 0 0 1
    outer loop
      vertex 47.8665 -18.6592 4
      vertex 43.0997 -20.1671 4
      vertex 43.3964 -21.403 4
    endloop
  endfacet
  facet normal 0 1 -0
    outer loop
      vertex 88.9001 27 0
      vertex 51.0999 27 4
      vertex 88.9001 27 4
    endloop
  endfacet
  facet normal 0 1 0
    outer loop
      vertex 51.0999 27 4
      vertex 88.9001 27 0
      vertex 51.0999 27 0
    endloop
  endfacet
  facet normal 0.522525 -0.852624 0
    outer loop
      vertex 92.5773 -26.1172 0
      vertex 93.6611 -25.453 4
      vertex 92.5773 -26.1172 4
    endloop
  endfacet
  facet normal 0.522525 -0.852624 0
    outer loop
      vertex 93.6611 -25.453 4
      vertex 92.5773 -26.1172 0
      vertex 93.6611 -25.453 0
    endloop
  endfacet
  facet normal 0 -1 0
    outer loop
      vertex 51.0999 -27 0
      vertex 88.9001 -27 4
      vertex 51.0999 -27 4
    endloop
  endfacet
  facet normal 0 -1 -0
    outer loop
      vertex 88.9001 -27 4
      vertex 51.0999 -27 0
      vertex 88.9001 -27 0
    endloop
  endfacet
  facet normal -0.760433 -0.649417 0
    outer loop
      vertex 45.3724 -24.6276 0
      vertex 44.547 -23.6611 4
      vertex 44.547 -23.6611 0
    endloop
  endfacet
  facet normal -0.760433 -0.649417 0
    outer loop
      vertex 44.547 -23.6611 4
      vertex 45.3724 -24.6276 0
      vertex 45.3724 -24.6276 4
    endloop
  endfacet
  facet normal -0.923883 -0.382676 0
    outer loop
      vertex 43.8828 -22.5773 0
      vertex 43.3964 -21.403 4
      vertex 43.3964 -21.403 0
    endloop
  endfacet
  facet normal -0.923883 -0.382676 0
    outer loop
      vertex 43.3964 -21.403 4
      vertex 43.8828 -22.5773 0
      vertex 43.8828 -22.5773 4
    endloop
  endfacet
  facet normal 0 0 -1
    outer loop
      vertex 88.9001 -27 0
      vertex 97 -18.9001 0
      vertex 96.9003 -20.1671 0
    endloop
  endfacet
  facet normal -0 0 -1
    outer loop
      vertex 97 -18.9001 0
      vertex 88.9001 -27 0
      vertex 97 18.9001 0
    endloop
  endfacet
  facet normal 0 0 -1
    outer loop
      vertex 88.9001 -27 0
      vertex 96.9003 -20.1671 0
      vertex 96.6036 -21.403 0
    endloop
  endfacet
  facet normal 0 0 -1
    outer loop
      vertex 88.9001 27 0
      vertex 97 18.9001 0
      vertex 88.9001 -27 0
    endloop
  endfacet
  facet normal 0 0 -1
    outer loop
      vertex 88.9001 -27 0
      vertex 96.6036 -21.403 0
      vertex 96.1171 -22.5773 0
    endloop
  endfacet
  facet normal 0 0 -1
    outer loop
      vertex 97 18.9001 0
      vertex 88.9001 27 0
      vertex 96.9003 20.1671 0
    endloop
  endfacet
  facet normal 0 0 -1
    outer loop
      vertex 88.9001 -27 0
      vertex 96.1171 -22.5773 0
      vertex 95.453 -23.6611 0
    endloop
  endfacet
  facet normal 0 0 -1
    outer loop
      vertex 96.9003 20.1671 0
      vertex 88.9001 27 0
      vertex 96.6036 21.403 0
    endloop
  endfacet
  facet normal 0 0 -1
    outer loop
      vertex 88.9001 -27 0
      vertex 95.453 -23.6611 0
      vertex 94.6276 -24.6276 0
    endloop
  endfacet
  facet normal 0 0 -1
    outer loop
      vertex 96.6036 21.403 0
      vertex 88.9001 27 0
      vertex 96.1171 22.5773 0
    endloop
  endfacet
  facet normal 0 0 -1
    outer loop
      vertex 88.9001 -27 0
      vertex 94.6276 -24.6276 0
      vertex 93.6611 -25.453 0
    endloop
  endfacet
  facet normal 0 0 -1
    outer loop
      vertex 96.1171 22.5773 0
      vertex 88.9001 27 0
      vertex 95.453 23.6611 0
    endloop
  endfacet
  facet normal 0 0 -1
    outer loop
      vertex 88.9001 -27 0
      vertex 93.6611 -25.453 0
      vertex 92.5773 -26.1172 0
    endloop
  endfacet
  facet normal 0 0 -1
    outer loop
      vertex 95.453 23.6611 0
      vertex 88.9001 27 0
      vertex 94.6276 24.6276 0
    endloop
  endfacet
  facet normal 0 0 -1
    outer loop
      vertex 88.9001 -27 0
      vertex 92.5773 -26.1172 0
      vertex 91.403 -26.6036 0
    endloop
  endfacet
  facet normal 0 0 -1
    outer loop
      vertex 94.6276 24.6276 0
      vertex 88.9001 27 0
      vertex 93.6611 25.453 0
    endloop
  endfacet
  facet normal 0 0 -1
    outer loop
      vertex 88.9001 -27 0
      vertex 91.403 -26.6036 0
      vertex 90.1671 -26.9003 0
    endloop
  endfacet
  facet normal 0 0 -1
    outer loop
      vertex 93.6611 25.453 0
      vertex 88.9001 27 0
      vertex 92.5773 26.1172 0
    endloop
  endfacet
  facet normal 0 0 -1
    outer loop
      vertex 92.5773 26.1172 0
      vertex 88.9001 27 0
      vertex 91.403 26.6036 0
    endloop
  endfacet
  facet normal 0 0 -1
    outer loop
      vertex 91.403 26.6036 0
      vertex 88.9001 27 0
      vertex 90.1671 26.9003 0
    endloop
  endfacet
  facet normal 0 0 -1
    outer loop
      vertex 51.0999 -27 0
      vertex 88.9001 27 0
      vertex 88.9001 -27 0
    endloop
  endfacet
  facet normal 0 0 -1
    outer loop
      vertex 51.0999 -27 0
      vertex 51.0999 27 0
      vertex 88.9001 27 0
    endloop
  endfacet
  facet normal 0 0 -1
    outer loop
      vertex 43 -18.9001 0
      vertex 51.0999 -27 0
      vertex 49.8329 -26.9003 0
    endloop
  endfacet
  facet normal 0 0 -1
    outer loop
      vertex 51.0999 -27 0
      vertex 43 -18.9001 0
      vertex 51.0999 27 0
    endloop
  endfacet
  facet normal 0 0 -1
    outer loop
      vertex 43 -18.9001 0
      vertex 49.8329 -26.9003 0
      vertex 48.597 -26.6036 0
    endloop
  endfacet
  facet normal 0 0 -1
    outer loop
      vertex 43 18.9001 0
      vertex 51.0999 27 0
      vertex 43 -18.9001 0
    endloop
  endfacet
  facet normal 0 0 -1
    outer loop
      vertex 43 -18.9001 0
      vertex 48.597 -26.6036 0
      vertex 47.4227 -26.1172 0
    endloop
  endfacet
  facet normal 0 0 -1
    outer loop
      vertex 51.0999 27 0
      vertex 43 18.9001 0
      vertex 49.8329 26.9003 0
    endloop
  endfacet
  facet normal 0 0 -1
    outer loop
      vertex 43 -18.9001 0
      vertex 47.4227 -26.1172 0
      vertex 46.3389 -25.453 0
    endloop
  endfacet
  facet normal 0 0 -1
    outer loop
      vertex 49.8329 26.9003 0
      vertex 43 18.9001 0
      vertex 48.597 26.6036 0
    endloop
  endfacet
  facet normal 0 0 -1
    outer loop
      vertex 43 -18.9001 0
      vertex 46.3389 -25.453 0
      vertex 45.3724 -24.6276 0
    endloop
  endfacet
  facet normal 0 0 -1
    outer loop
      vertex 48.597 26.6036 0
      vertex 43 18.9001 0
      vertex 47.4227 26.1172 0
    endloop
  endfacet
  facet normal 0 0 -1
    outer loop
      vertex 43 -18.9001 0
      vertex 45.3724 -24.6276 0
      vertex 44.547 -23.6611 0
    endloop
  endfacet
  facet normal 0 0 -1
    outer loop
      vertex 47.4227 26.1172 0
      vertex 43 18.9001 0
      vertex 46.3389 25.453 0
    endloop
  endfacet
  facet normal 0 0 -1
    outer loop
      vertex 43 -18.9001 0
      vertex 44.547 -23.6611 0
      vertex 43.8828 -22.5773 0
    endloop
  endfacet
  facet normal 0 0 -1
    outer loop
      vertex 46.3389 25.453 0
      vertex 43 18.9001 0
      vertex 45.3724 24.6276 0
    endloop
  endfacet
  facet normal 0 0 -1
    outer loop
      vertex 43 -18.9001 0
      vertex 43.8828 -22.5773 0
      vertex 43.3964 -21.403 0
    endloop
  endfacet
  facet normal 0 0 -1
    outer loop
      vertex 45.3724 24.6276 0
      vertex 43 18.9001 0
      vertex 44.547 23.6611 0
    endloop
  endfacet
  facet normal 0 0 -1
    outer loop
      vertex 43 -18.9001 0
      vertex 43.3964 -21.403 0
      vertex 43.0997 -20.1671 0
    endloop
  endfacet
  facet normal 0 0 -1
    outer loop
      vertex 44.547 23.6611 0
      vertex 43 18.9001 0
      vertex 43.8828 22.5773 0
    endloop
  endfacet
  facet normal 0 0 -1
    outer loop
      vertex 43.8828 22.5773 0
      vertex 43 18.9001 0
      vertex 43.3964 21.403 0
    endloop
  endfacet
  facet normal 0 0 -1
    outer loop
      vertex 43.3964 21.403 0
      vertex 43 18.9001 0
      vertex 43.0997 20.1671 0
    endloop
  endfacet
  facet normal -1 0 0
    outer loop
      vertex 43 -18.9001 0
      vertex 43 18.9001 4
      vertex 43 18.9001 0
    endloop
  endfacet
  facet normal -1 -0 0
    outer loop
      vertex 43 18.9001 4
      vertex 43 -18.9001 0
      vertex 43 -18.9001 4
    endloop
  endfacet
  facet normal -0.923883 0.382676 0
    outer loop
      vertex 43.3964 21.403 0
      vertex 43.8828 22.5773 4
      vertex 43.8828 22.5773 0
    endloop
  endfacet
  facet normal -0.923883 0.382676 0
    outer loop
      vertex 43.8828 22.5773 4
      vertex 43.3964 21.403 0
      vertex 43.3964 21.403 4
    endloop
  endfacet
  facet normal -0.852624 0.522525 0
    outer loop
      vertex 43.8828 22.5773 0
      vertex 44.547 23.6611 4
      vertex 44.547 23.6611 0
    endloop
  endfacet
  facet normal -0.852624 0.522525 0
    outer loop
      vertex 44.547 23.6611 4
      vertex 43.8828 22.5773 0
      vertex 43.8828 22.5773 4
    endloop
  endfacet
  facet normal 0.0784473 0.996918 -0
    outer loop
      vertex 90.1671 26.9003 0
      vertex 88.9001 27 4
      vertex 90.1671 26.9003 4
    endloop
  endfacet
  facet normal 0.0784473 0.996918 0
    outer loop
      vertex 88.9001 27 4
      vertex 90.1671 26.9003 0
      vertex 88.9001 27 0
    endloop
  endfacet
  facet normal -0.649417 0.760433 0
    outer loop
      vertex 46.3389 25.453 0
      vertex 45.3724 24.6276 4
      vertex 46.3389 25.453 4
    endloop
  endfacet
  facet normal -0.649417 0.760433 0
    outer loop
      vertex 45.3724 24.6276 4
      vertex 46.3389 25.453 0
      vertex 45.3724 24.6276 0
    endloop
  endfacet
  facet normal -0.522525 0.852624 0
    outer loop
      vertex 47.4227 26.1172 0
      vertex 46.3389 25.453 4
      vertex 47.4227 26.1172 4
    endloop
  endfacet
  facet normal -0.522525 0.852624 0
    outer loop
      vertex 46.3389 25.453 4
      vertex 47.4227 26.1172 0
      vertex 46.3389 25.453 0
    endloop
  endfacet
  facet normal -0.382676 0.923883 0
    outer loop
      vertex 48.597 26.6036 0
      vertex 47.4227 26.1172 4
      vertex 48.597 26.6036 4
    endloop
  endfacet
  facet normal -0.382676 0.923883 0
    outer loop
      vertex 47.4227 26.1172 4
      vertex 48.597 26.6036 0
      vertex 47.4227 26.1172 0
    endloop
  endfacet
  facet normal 0.923855 -0.382743 0
    outer loop
      vertex 96.1171 -22.5773 4
      vertex 96.6036 -21.403 0
      vertex 96.6036 -21.403 4
    endloop
  endfacet
  facet normal 0.923855 -0.382743 0
    outer loop
      vertex 96.6036 -21.403 0
      vertex 96.1171 -22.5773 4
      vertex 96.1171 -22.5773 0
    endloop
  endfacet
  facet normal 0.649417 0.760433 -0
    outer loop
      vertex 94.6276 24.6276 0
      vertex 93.6611 25.453 4
      vertex 94.6276 24.6276 4
    endloop
  endfacet
  facet normal 0.649417 0.760433 0
    outer loop
      vertex 93.6611 25.453 4
      vertex 94.6276 24.6276 0
      vertex 93.6611 25.453 0
    endloop
  endfacet
  facet normal 0.923855 0.382743 0
    outer loop
      vertex 96.6036 21.403 4
      vertex 96.1171 22.5773 0
      vertex 96.1171 22.5773 4
    endloop
  endfacet
  facet normal 0.923855 0.382743 0
    outer loop
      vertex 96.1171 22.5773 0
      vertex 96.6036 21.403 4
      vertex 96.6036 21.403 0
    endloop
  endfacet
  facet normal 0.382676 -0.923883 0
    outer loop
      vertex 91.403 -26.6036 0
      vertex 92.5773 -26.1172 4
      vertex 91.403 -26.6036 4
    endloop
  endfacet
  facet normal 0.382676 -0.923883 0
    outer loop
      vertex 92.5773 -26.1172 4
      vertex 91.403 -26.6036 0
      vertex 92.5773 -26.1172 0
    endloop
  endfacet
  facet normal -0.996918 -0.0784473 0
    outer loop
      vertex 43.0997 -20.1671 0
      vertex 43 -18.9001 4
      vertex 43 -18.9001 0
    endloop
  endfacet
  facet normal -0.996918 -0.0784473 0
    outer loop
      vertex 43 -18.9001 4
      vertex 43.0997 -20.1671 0
      vertex 43.0997 -20.1671 4
    endloop
  endfacet
  facet normal -0.972372 0.233435 0
    outer loop
      vertex 43.0997 20.1671 0
      vertex 43.3964 21.403 4
      vertex 43.3964 21.403 0
    endloop
  endfacet
  facet normal -0.972372 0.233435 0
    outer loop
      vertex 43.3964 21.403 4
      vertex 43.0997 20.1671 0
      vertex 43.0997 20.1671 4
    endloop
  endfacet
  facet normal -0.760433 0.649417 0
    outer loop
      vertex 44.547 23.6611 0
      vertex 45.3724 24.6276 4
      vertex 45.3724 24.6276 0
    endloop
  endfacet
  facet normal -0.760433 0.649417 0
    outer loop
      vertex 45.3724 24.6276 4
      vertex 44.547 23.6611 0
      vertex 44.547 23.6611 4
    endloop
  endfacet
  facet normal 0.382676 0.923883 -0
    outer loop
      vertex 92.5773 26.1172 0
      vertex 91.403 26.6036 4
      vertex 92.5773 26.1172 4
    endloop
  endfacet
  facet normal 0.382676 0.923883 0
    outer loop
      vertex 91.403 26.6036 4
      vertex 92.5773 26.1172 0
      vertex 91.403 26.6036 0
    endloop
  endfacet
  facet normal 0.522525 0.852624 -0
    outer loop
      vertex 93.6611 25.453 0
      vertex 92.5773 26.1172 4
      vertex 93.6611 25.453 4
    endloop
  endfacet
  facet normal 0.522525 0.852624 0
    outer loop
      vertex 92.5773 26.1172 4
      vertex 93.6611 25.453 0
      vertex 92.5773 26.1172 0
    endloop
  endfacet
  facet normal 0.233435 0.972372 -0
    outer loop
      vertex 91.403 26.6036 0
      vertex 90.1671 26.9003 4
      vertex 91.403 26.6036 4
    endloop
  endfacet
  facet normal 0.233435 0.972372 0
    outer loop
      vertex 90.1671 26.9003 4
      vertex 91.403 26.6036 0
      vertex 90.1671 26.9003 0
    endloop
  endfacet
  facet normal -0.233435 0.972372 0
    outer loop
      vertex 49.8329 26.9003 0
      vertex 48.597 26.6036 4
      vertex 49.8329 26.9003 4
    endloop
  endfacet
  facet normal -0.233435 0.972372 0
    outer loop
      vertex 48.597 26.6036 4
      vertex 49.8329 26.9003 0
      vertex 48.597 26.6036 0
    endloop
  endfacet
  facet normal -0.0784473 0.996918 0
    outer loop
      vertex 51.0999 27 0
      vertex 49.8329 26.9003 4
      vertex 51.0999 27 4
    endloop
  endfacet
  facet normal -0.0784473 0.996918 0
    outer loop
      vertex 49.8329 26.9003 4
      vertex 51.0999 27 0
      vertex 49.8329 26.9003 0
    endloop
  endfacet
  facet normal 0.996918 -0.0784473 0
    outer loop
      vertex 96.9003 -20.1671 4
      vertex 97 -18.9001 0
      vertex 97 -18.9001 4
    endloop
  endfacet
  facet normal 0.996918 -0.0784473 0
    outer loop
      vertex 97 -18.9001 0
      vertex 96.9003 -20.1671 4
      vertex 96.9003 -20.1671 0
    endloop
  endfacet
  facet normal 0.760433 0.649417 0
    outer loop
      vertex 95.453 23.6611 4
      vertex 94.6276 24.6276 0
      vertex 94.6276 24.6276 4
    endloop
  endfacet
  facet normal 0.760433 0.649417 0
    outer loop
      vertex 94.6276 24.6276 0
      vertex 95.453 23.6611 4
      vertex 95.453 23.6611 0
    endloop
  endfacet
  facet normal 0.852659 0.522468 0
    outer loop
      vertex 96.1171 22.5773 4
      vertex 95.453 23.6611 0
      vertex 95.453 23.6611 4
    endloop
  endfacet
  facet normal 0.852659 0.522468 0
    outer loop
      vertex 95.453 23.6611 0
      vertex 96.1171 22.5773 4
      vertex 96.1171 22.5773 0
    endloop
  endfacet
  facet normal 0.972372 0.233435 0
    outer loop
      vertex 96.9003 20.1671 4
      vertex 96.6036 21.403 0
      vertex 96.6036 21.403 4
    endloop
  endfacet
  facet normal 0.972372 0.233435 0
    outer loop
      vertex 96.6036 21.403 0
      vertex 96.9003 20.1671 4
      vertex 96.9003 20.1671 0
    endloop
  endfacet
  facet normal 0.996918 0.0784473 0
    outer loop
      vertex 97 18.9001 4
      vertex 96.9003 20.1671 0
      vertex 96.9003 20.1671 4
    endloop
  endfacet
  facet normal 0.996918 0.0784473 0
    outer loop
      vertex 96.9003 20.1671 0
      vertex 97 18.9001 4
      vertex 97 18.9001 0
    endloop
  endfacet
  facet normal 0.233435 -0.972372 0
    outer loop
      vertex 90.1671 -26.9003 0
      vertex 91.403 -26.6036 4
      vertex 90.1671 -26.9003 4
    endloop
  endfacet
  facet normal 0.233435 -0.972372 0
    outer loop
      vertex 91.403 -26.6036 4
      vertex 90.1671 -26.9003 0
      vertex 91.403 -26.6036 0
    endloop
  endfacet
  facet normal 0.972372 -0.233435 0
    outer loop
      vertex 96.6036 -21.403 4
      vertex 96.9003 -20.1671 0
      vertex 96.9003 -20.1671 4
    endloop
  endfacet
  facet normal 0.972372 -0.233435 0
    outer loop
      vertex 96.9003 -20.1671 0
      vertex 96.6036 -21.403 4
      vertex 96.6036 -21.403 0
    endloop
  endfacet
  facet normal 0.852659 -0.522468 0
    outer loop
      vertex 95.453 -23.6611 4
      vertex 96.1171 -22.5773 0
      vertex 96.1171 -22.5773 4
    endloop
  endfacet
  facet normal 0.852659 -0.522468 0
    outer loop
      vertex 96.1171 -22.5773 0
      vertex 95.453 -23.6611 4
      vertex 95.453 -23.6611 0
    endloop
  endfacet
  facet normal 0.760433 -0.649417 0
    outer loop
      vertex 94.6276 -24.6276 4
      vertex 95.453 -23.6611 0
      vertex 95.453 -23.6611 4
    endloop
  endfacet
  facet normal 0.760433 -0.649417 0
    outer loop
      vertex 95.453 -23.6611 0
      vertex 94.6276 -24.6276 4
      vertex 94.6276 -24.6276 0
    endloop
  endfacet
  facet normal -0.972372 -0.233435 0
    outer loop
      vertex 43.3964 -21.403 0
      vertex 43.0997 -20.1671 4
      vertex 43.0997 -20.1671 0
    endloop
  endfacet
  facet normal -0.972372 -0.233435 0
    outer loop
      vertex 43.0997 -20.1671 4
      vertex 43.3964 -21.403 0
      vertex 43.3964 -21.403 4
    endloop
  endfacet
endsolid OpenSCAD_Model
