solid OpenSCAD_Model
  facet normal -0.522525 -0.852624 0
    outer loop
      vertex -86.6611 -40.953 0
      vertex -85.5773 -41.6172 50
      vertex -86.6611 -40.953 50
    endloop
  endfacet
  facet normal -0.522525 -0.852624 -0
    outer loop
      vertex -85.5773 -41.6172 50
      vertex -86.6611 -40.953 0
      vertex -85.5773 -41.6172 0
    endloop
  endfacet
  facet normal -0.760433 -0.649417 0
    outer loop
      vertex -87.6276 -40.1276 0
      vertex -88.453 -39.1611 50
      vertex -88.453 -39.1611 0
    endloop
  endfacet
  facet normal -0.760433 -0.649417 0
    outer loop
      vertex -88.453 -39.1611 50
      vertex -87.6276 -40.1276 0
      vertex -87.6276 -40.1276 50
    endloop
  endfacet
  facet normal -0.649417 -0.760433 0
    outer loop
      vertex -87.6276 -40.1276 0
      vertex -86.6611 -40.953 50
      vertex -87.6276 -40.1276 50
    endloop
  endfacet
  facet normal -0.649417 -0.760433 -0
    outer loop
      vertex -86.6611 -40.953 50
      vertex -87.6276 -40.1276 0
      vertex -86.6611 -40.953 0
    endloop
  endfacet
  facet normal 0 -1 0
    outer loop
      vertex -81.9001 -42.5 0
      vertex 81.9001 -42.5 50
      vertex -81.9001 -42.5 50
    endloop
  endfacet
  facet normal 0 -1 -0
    outer loop
      vertex 81.9001 -42.5 50
      vertex -81.9001 -42.5 0
      vertex 81.9001 -42.5 0
    endloop
  endfacet
  facet normal 0.649417 0.760433 -0
    outer loop
      vertex 87.6276 40.1276 0
      vertex 86.6611 40.953 50
      vertex 87.6276 40.1276 50
    endloop
  endfacet
  facet normal 0.649417 0.760433 0
    outer loop
      vertex 86.6611 40.953 50
      vertex 87.6276 40.1276 0
      vertex 86.6611 40.953 0
    endloop
  endfacet
  facet normal 1 0 0
    outer loop
      vertex 90 34.4001 50
      vertex 90 12 26.96
      vertex 90 34.4001 0
    endloop
  endfacet
  facet normal 1 0 0
    outer loop
      vertex 90 34.4001 50
      vertex 90 11.8523 28.8372
      vertex 90 12 26.96
    endloop
  endfacet
  facet normal 1 0 0
    outer loop
      vertex 90 34.4001 50
      vertex 90 11.4127 30.6682
      vertex 90 11.8523 28.8372
    endloop
  endfacet
  facet normal 1 0 0
    outer loop
      vertex 90 34.4001 50
      vertex 90 10.6921 32.4079
      vertex 90 11.4127 30.6682
    endloop
  endfacet
  facet normal 1 0 0
    outer loop
      vertex 90 34.4001 50
      vertex 90 9.7082 34.0134
      vertex 90 10.6921 32.4079
    endloop
  endfacet
  facet normal 1 0 0
    outer loop
      vertex 90 34.4001 50
      vertex 90 8.48528 35.4453
      vertex 90 9.7082 34.0134
    endloop
  endfacet
  facet normal 1 0 0
    outer loop
      vertex 90 34.4001 50
      vertex 90 7.05342 36.6682
      vertex 90 8.48528 35.4453
    endloop
  endfacet
  facet normal 1 0 0
    outer loop
      vertex 90 34.4001 50
      vertex 90 5.44789 37.6521
      vertex 90 7.05342 36.6682
    endloop
  endfacet
  facet normal 1 0 0
    outer loop
      vertex 90 34.4001 50
      vertex 90 3.7082 38.3727
      vertex 90 5.44789 37.6521
    endloop
  endfacet
  facet normal 1 0 0
    outer loop
      vertex 90 34.4001 50
      vertex 90 1.87721 38.8123
      vertex 90 3.7082 38.3727
    endloop
  endfacet
  facet normal 1 0 0
    outer loop
      vertex 90 34.4001 50
      vertex 90 0 38.96
      vertex 90 1.87721 38.8123
    endloop
  endfacet
  facet normal 1 -0 0
    outer loop
      vertex 90 -34.4001 50
      vertex 90 0 38.96
      vertex 90 34.4001 50
    endloop
  endfacet
  facet normal 1 0 0
    outer loop
      vertex 90 0 38.96
      vertex 90 -34.4001 50
      vertex 90 -1.87721 38.8123
    endloop
  endfacet
  facet normal 1 0 0
    outer loop
      vertex 90 -34.4001 0
      vertex 90 -12 26.96
      vertex 90 -34.4001 50
    endloop
  endfacet
  facet normal 1 0 0
    outer loop
      vertex 90 -11.8523 28.8372
      vertex 90 -34.4001 50
      vertex 90 -12 26.96
    endloop
  endfacet
  facet normal 1 0 0
    outer loop
      vertex 90 -11.4127 30.6682
      vertex 90 -34.4001 50
      vertex 90 -11.8523 28.8372
    endloop
  endfacet
  facet normal 1 0 0
    outer loop
      vertex 90 -10.6921 32.4079
      vertex 90 -34.4001 50
      vertex 90 -11.4127 30.6682
    endloop
  endfacet
  facet normal 1 0 0
    outer loop
      vertex 90 -9.7082 34.0134
      vertex 90 -34.4001 50
      vertex 90 -10.6921 32.4079
    endloop
  endfacet
  facet normal 1 0 0
    outer loop
      vertex 90 -8.48528 35.4453
      vertex 90 -34.4001 50
      vertex 90 -9.7082 34.0134
    endloop
  endfacet
  facet normal 1 0 0
    outer loop
      vertex 90 -7.05342 36.6682
      vertex 90 -34.4001 50
      vertex 90 -8.48528 35.4453
    endloop
  endfacet
  facet normal 1 0 0
    outer loop
      vertex 90 -5.44789 37.6521
      vertex 90 -34.4001 50
      vertex 90 -7.05342 36.6682
    endloop
  endfacet
  facet normal 1 0 0
    outer loop
      vertex 90 -3.7082 38.3727
      vertex 90 -34.4001 50
      vertex 90 -5.44789 37.6521
    endloop
  endfacet
  facet normal 1 0 0
    outer loop
      vertex 90 -1.87721 38.8123
      vertex 90 -34.4001 50
      vertex 90 -3.7082 38.3727
    endloop
  endfacet
  facet normal 1 -0 0
    outer loop
      vertex 90 12 16.96
      vertex 90 34.4001 0
      vertex 90 12 26.96
    endloop
  endfacet
  facet normal 1 -0 0
    outer loop
      vertex 90 11.8523 15.0828
      vertex 90 34.4001 0
      vertex 90 12 16.96
    endloop
  endfacet
  facet normal 1 -0 0
    outer loop
      vertex 90 11.4127 13.2518
      vertex 90 34.4001 0
      vertex 90 11.8523 15.0828
    endloop
  endfacet
  facet normal 1 -0 0
    outer loop
      vertex 90 10.6921 11.5121
      vertex 90 34.4001 0
      vertex 90 11.4127 13.2518
    endloop
  endfacet
  facet normal 1 -0 0
    outer loop
      vertex 90 9.7082 9.90658
      vertex 90 34.4001 0
      vertex 90 10.6921 11.5121
    endloop
  endfacet
  facet normal 1 -0 0
    outer loop
      vertex 90 8.48528 8.47472
      vertex 90 34.4001 0
      vertex 90 9.7082 9.90658
    endloop
  endfacet
  facet normal 1 -0 0
    outer loop
      vertex 90 7.05342 7.2518
      vertex 90 34.4001 0
      vertex 90 8.48528 8.47472
    endloop
  endfacet
  facet normal 1 -0 0
    outer loop
      vertex 90 5.44789 6.26792
      vertex 90 34.4001 0
      vertex 90 7.05342 7.2518
    endloop
  endfacet
  facet normal 1 -0 0
    outer loop
      vertex 90 3.7082 5.54732
      vertex 90 34.4001 0
      vertex 90 5.44789 6.26792
    endloop
  endfacet
  facet normal 1 -0 0
    outer loop
      vertex 90 1.87721 5.10774
      vertex 90 34.4001 0
      vertex 90 3.7082 5.54732
    endloop
  endfacet
  facet normal 1 -0 0
    outer loop
      vertex 90 0 4.96
      vertex 90 34.4001 0
      vertex 90 1.87721 5.10774
    endloop
  endfacet
  facet normal 1 0 0
    outer loop
      vertex 90 -34.4001 0
      vertex 90 0 4.96
      vertex 90 -1.87721 5.10774
    endloop
  endfacet
  facet normal 1 0 0
    outer loop
      vertex 90 -12 26.96
      vertex 90 -34.4001 0
      vertex 90 -12 16.96
    endloop
  endfacet
  facet normal 1 0 0
    outer loop
      vertex 90 -12 16.96
      vertex 90 -34.4001 0
      vertex 90 -11.8523 15.0828
    endloop
  endfacet
  facet normal 1 0 0
    outer loop
      vertex 90 -11.8523 15.0828
      vertex 90 -34.4001 0
      vertex 90 -11.4127 13.2518
    endloop
  endfacet
  facet normal 1 0 0
    outer loop
      vertex 90 -11.4127 13.2518
      vertex 90 -34.4001 0
      vertex 90 -10.6921 11.5121
    endloop
  endfacet
  facet normal 1 0 0
    outer loop
      vertex 90 0 4.96
      vertex 90 -34.4001 0
      vertex 90 34.4001 0
    endloop
  endfacet
  facet normal 1 0 0
    outer loop
      vertex 90 -3.7082 5.54732
      vertex 90 -34.4001 0
      vertex 90 -1.87721 5.10774
    endloop
  endfacet
  facet normal 1 0 0
    outer loop
      vertex 90 -5.44789 6.26792
      vertex 90 -34.4001 0
      vertex 90 -3.7082 5.54732
    endloop
  endfacet
  facet normal 1 0 0
    outer loop
      vertex 90 -7.05342 7.2518
      vertex 90 -34.4001 0
      vertex 90 -5.44789 6.26792
    endloop
  endfacet
  facet normal 1 0 0
    outer loop
      vertex 90 -8.48528 8.47472
      vertex 90 -34.4001 0
      vertex 90 -7.05342 7.2518
    endloop
  endfacet
  facet normal 1 0 0
    outer loop
      vertex 90 -9.7082 9.90658
      vertex 90 -34.4001 0
      vertex 90 -8.48528 8.47472
    endloop
  endfacet
  facet normal 1 0 0
    outer loop
      vertex 90 -10.6921 11.5121
      vertex 90 -34.4001 0
      vertex 90 -9.7082 9.90658
    endloop
  endfacet
  facet normal -0 0 1
    outer loop
      vertex 87.7536 35.053 50
      vertex 90 34.4001 50
      vertex 89.9003 35.6671 50
    endloop
  endfacet
  facet normal 0 0 1
    outer loop
      vertex 90 34.4001 50
      vertex 88.15 32.5501 50
      vertex 90 -34.4001 50
    endloop
  endfacet
  facet normal 0 0 1
    outer loop
      vertex 87.7536 35.053 50
      vertex 89.9003 35.6671 50
      vertex 89.6036 36.903 50
    endloop
  endfacet
  facet normal -0 0 1
    outer loop
      vertex 88.15 -32.5501 50
      vertex 90 -34.4001 50
      vertex 88.15 32.5501 50
    endloop
  endfacet
  facet normal 0 0 1
    outer loop
      vertex 87.2672 36.2273 50
      vertex 89.6036 36.903 50
      vertex 89.1171 38.0773 50
    endloop
  endfacet
  facet normal -0 0 1
    outer loop
      vertex 88.0503 -33.8171 50
      vertex 90 -34.4001 50
      vertex 88.15 -32.5501 50
    endloop
  endfacet
  facet normal 0 0 1
    outer loop
      vertex 86.603 37.3111 50
      vertex 89.1171 38.0773 50
      vertex 88.453 39.1611 50
    endloop
  endfacet
  facet normal 0 0 1
    outer loop
      vertex 87.7536 -35.053 50
      vertex 90 -34.4001 50
      vertex 88.0503 -33.8171 50
    endloop
  endfacet
  facet normal 0 0 1
    outer loop
      vertex 90 -34.4001 50
      vertex 87.7536 -35.053 50
      vertex 89.9003 -35.6671 50
    endloop
  endfacet
  facet normal 0 0 1
    outer loop
      vertex 90 34.4001 50
      vertex 88.0503 33.8171 50
      vertex 88.15 32.5501 50
    endloop
  endfacet
  facet normal 0 0 1
    outer loop
      vertex 90 34.4001 50
      vertex 87.7536 35.053 50
      vertex 88.0503 33.8171 50
    endloop
  endfacet
  facet normal 0 0 1
    outer loop
      vertex 85.7776 38.2776 50
      vertex 88.453 39.1611 50
      vertex 87.6276 40.1276 50
    endloop
  endfacet
  facet normal 0 0 1
    outer loop
      vertex 89.6036 36.903 50
      vertex 87.2672 36.2273 50
      vertex 87.7536 35.053 50
    endloop
  endfacet
  facet normal 0 0 1
    outer loop
      vertex 85.7776 38.2776 50
      vertex 87.6276 40.1276 50
      vertex 86.6611 40.953 50
    endloop
  endfacet
  facet normal 0 0 1
    outer loop
      vertex 89.1171 38.0773 50
      vertex 86.603 37.3111 50
      vertex 87.2672 36.2273 50
    endloop
  endfacet
  facet normal 0 0 1
    outer loop
      vertex 88.453 39.1611 50
      vertex 85.7776 38.2776 50
      vertex 86.603 37.3111 50
    endloop
  endfacet
  facet normal 0 0 1
    outer loop
      vertex 84.8111 39.103 50
      vertex 86.6611 40.953 50
      vertex 85.5773 41.6172 50
    endloop
  endfacet
  facet normal 0 0 1
    outer loop
      vertex 86.6611 40.953 50
      vertex 84.8111 39.103 50
      vertex 85.7776 38.2776 50
    endloop
  endfacet
  facet normal 0 0 1
    outer loop
      vertex 83.7273 39.7672 50
      vertex 85.5773 41.6172 50
      vertex 84.403 42.1036 50
    endloop
  endfacet
  facet normal 0 0 1
    outer loop
      vertex 85.5773 41.6172 50
      vertex 83.7273 39.7672 50
      vertex 84.8111 39.103 50
    endloop
  endfacet
  facet normal 0 0 1
    outer loop
      vertex 82.553 40.2536 50
      vertex 84.403 42.1036 50
      vertex 83.1671 42.4003 50
    endloop
  endfacet
  facet normal 0 0 1
    outer loop
      vertex 84.403 42.1036 50
      vertex 82.553 40.2536 50
      vertex 83.7273 39.7672 50
    endloop
  endfacet
  facet normal 0 0 1
    outer loop
      vertex 81.9001 42.5 50
      vertex 82.553 40.2536 50
      vertex 83.1671 42.4003 50
    endloop
  endfacet
  facet normal 0 0 1
    outer loop
      vertex 81.9001 42.5 50
      vertex 81.3171 40.5503 50
      vertex 82.553 40.2536 50
    endloop
  endfacet
  facet normal 0 0 1
    outer loop
      vertex 81.9001 42.5 50
      vertex 80.0501 40.65 50
      vertex 81.3171 40.5503 50
    endloop
  endfacet
  facet normal 0 0 1
    outer loop
      vertex 81.9001 42.5 50
      vertex -80.0501 40.65 50
      vertex 80.0501 40.65 50
    endloop
  endfacet
  facet normal -0 0 1
    outer loop
      vertex -81.9001 42.5 50
      vertex -80.0501 40.65 50
      vertex 81.9001 42.5 50
    endloop
  endfacet
  facet normal 0 0 1
    outer loop
      vertex -81.9001 42.5 50
      vertex -81.3171 40.5503 50
      vertex -80.0501 40.65 50
    endloop
  endfacet
  facet normal 0 0 1
    outer loop
      vertex -81.9001 42.5 50
      vertex -82.553 40.2536 50
      vertex -81.3171 40.5503 50
    endloop
  endfacet
  facet normal -0 0 1
    outer loop
      vertex -83.1671 42.4003 50
      vertex -82.553 40.2536 50
      vertex -81.9001 42.5 50
    endloop
  endfacet
  facet normal -0 0 1
    outer loop
      vertex -84.403 42.1036 50
      vertex -82.553 40.2536 50
      vertex -83.1671 42.4003 50
    endloop
  endfacet
  facet normal 0 0 1
    outer loop
      vertex -82.553 40.2536 50
      vertex -84.403 42.1036 50
      vertex -83.7273 39.7672 50
    endloop
  endfacet
  facet normal -0 0 1
    outer loop
      vertex -85.5773 41.6172 50
      vertex -83.7273 39.7672 50
      vertex -84.403 42.1036 50
    endloop
  endfacet
  facet normal 0 0 1
    outer loop
      vertex -83.7273 39.7672 50
      vertex -85.5773 41.6172 50
      vertex -84.8111 39.103 50
    endloop
  endfacet
  facet normal -0 0 1
    outer loop
      vertex -86.6611 40.953 50
      vertex -84.8111 39.103 50
      vertex -85.5773 41.6172 50
    endloop
  endfacet
  facet normal 0 0 1
    outer loop
      vertex -84.8111 39.103 50
      vertex -86.6611 40.953 50
      vertex -85.7776 38.2776 50
    endloop
  endfacet
  facet normal -0 0 1
    outer loop
      vertex -87.6276 40.1276 50
      vertex -85.7776 38.2776 50
      vertex -86.6611 40.953 50
    endloop
  endfacet
  facet normal -0 0 1
    outer loop
      vertex -88.453 39.1611 50
      vertex -85.7776 38.2776 50
      vertex -87.6276 40.1276 50
    endloop
  endfacet
  facet normal 0 0 1
    outer loop
      vertex -85.7776 38.2776 50
      vertex -88.453 39.1611 50
      vertex -86.603 37.3111 50
    endloop
  endfacet
  facet normal -0 0 1
    outer loop
      vertex -89.1171 38.0773 50
      vertex -86.603 37.3111 50
      vertex -88.453 39.1611 50
    endloop
  endfacet
  facet normal 0 0 1
    outer loop
      vertex -86.603 37.3111 50
      vertex -89.1171 38.0773 50
      vertex -87.2672 36.2273 50
    endloop
  endfacet
  facet normal -0 0 1
    outer loop
      vertex -89.6036 36.903 50
      vertex -87.2672 36.2273 50
      vertex -89.1171 38.0773 50
    endloop
  endfacet
  facet normal -0 0 1
    outer loop
      vertex -89.9003 35.6671 50
      vertex -87.7536 35.053 50
      vertex -89.6036 36.903 50
    endloop
  endfacet
  facet normal 0 0 1
    outer loop
      vertex -87.2672 36.2273 50
      vertex -89.6036 36.903 50
      vertex -87.7536 35.053 50
    endloop
  endfacet
  facet normal 0 0 1
    outer loop
      vertex 89.9003 -35.6671 50
      vertex 87.7536 -35.053 50
      vertex 89.6036 -36.903 50
    endloop
  endfacet
  facet normal -0 0 1
    outer loop
      vertex 87.2672 -36.2273 50
      vertex 89.6036 -36.903 50
      vertex 87.7536 -35.053 50
    endloop
  endfacet
  facet normal 0 0 1
    outer loop
      vertex 89.6036 -36.903 50
      vertex 87.2672 -36.2273 50
      vertex 89.1171 -38.0773 50
    endloop
  endfacet
  facet normal -0 0 1
    outer loop
      vertex 86.603 -37.3111 50
      vertex 89.1171 -38.0773 50
      vertex 87.2672 -36.2273 50
    endloop
  endfacet
  facet normal 0 0 1
    outer loop
      vertex 89.1171 -38.0773 50
      vertex 86.603 -37.3111 50
      vertex 88.453 -39.1611 50
    endloop
  endfacet
  facet normal -0 0 1
    outer loop
      vertex 85.7776 -38.2776 50
      vertex 88.453 -39.1611 50
      vertex 86.603 -37.3111 50
    endloop
  endfacet
  facet normal 0 0 1
    outer loop
      vertex 88.453 -39.1611 50
      vertex 85.7776 -38.2776 50
      vertex 87.6276 -40.1276 50
    endloop
  endfacet
  facet normal 0 0 1
    outer loop
      vertex 87.6276 -40.1276 50
      vertex 85.7776 -38.2776 50
      vertex 86.6611 -40.953 50
    endloop
  endfacet
  facet normal -0 0 1
    outer loop
      vertex 84.8111 -39.103 50
      vertex 86.6611 -40.953 50
      vertex 85.7776 -38.2776 50
    endloop
  endfacet
  facet normal 0 0 1
    outer loop
      vertex 86.6611 -40.953 50
      vertex 84.8111 -39.103 50
      vertex 85.5773 -41.6172 50
    endloop
  endfacet
  facet normal -0 0 1
    outer loop
      vertex 83.7273 -39.7672 50
      vertex 85.5773 -41.6172 50
      vertex 84.8111 -39.103 50
    endloop
  endfacet
  facet normal 0 0 1
    outer loop
      vertex 85.5773 -41.6172 50
      vertex 83.7273 -39.7672 50
      vertex 84.403 -42.1036 50
    endloop
  endfacet
  facet normal -0 0 1
    outer loop
      vertex 82.553 -40.2536 50
      vertex 84.403 -42.1036 50
      vertex 83.7273 -39.7672 50
    endloop
  endfacet
  facet normal 0 0 1
    outer loop
      vertex 84.403 -42.1036 50
      vertex 82.553 -40.2536 50
      vertex 83.1671 -42.4003 50
    endloop
  endfacet
  facet normal 0 0 1
    outer loop
      vertex 82.553 -40.2536 50
      vertex 81.9001 -42.5 50
      vertex 83.1671 -42.4003 50
    endloop
  endfacet
  facet normal -0 0 1
    outer loop
      vertex 81.3171 -40.5503 50
      vertex 81.9001 -42.5 50
      vertex 82.553 -40.2536 50
    endloop
  endfacet
  facet normal -0 0 1
    outer loop
      vertex 80.0501 -40.65 50
      vertex 81.9001 -42.5 50
      vertex 81.3171 -40.5503 50
    endloop
  endfacet
  facet normal -0 0 1
    outer loop
      vertex -80.0501 -40.65 50
      vertex 81.9001 -42.5 50
      vertex 80.0501 -40.65 50
    endloop
  endfacet
  facet normal 0 0 1
    outer loop
      vertex -80.0501 -40.65 50
      vertex -81.9001 -42.5 50
      vertex 81.9001 -42.5 50
    endloop
  endfacet
  facet normal 0 0 1
    outer loop
      vertex -81.3171 -40.5503 50
      vertex -81.9001 -42.5 50
      vertex -80.0501 -40.65 50
    endloop
  endfacet
  facet normal 0 0 1
    outer loop
      vertex -82.553 -40.2536 50
      vertex -81.9001 -42.5 50
      vertex -81.3171 -40.5503 50
    endloop
  endfacet
  facet normal 0 0 1
    outer loop
      vertex -82.553 -40.2536 50
      vertex -83.1671 -42.4003 50
      vertex -81.9001 -42.5 50
    endloop
  endfacet
  facet normal 0 0 1
    outer loop
      vertex -84.403 -42.1036 50
      vertex -82.553 -40.2536 50
      vertex -83.7273 -39.7672 50
    endloop
  endfacet
  facet normal 0 0 1
    outer loop
      vertex -82.553 -40.2536 50
      vertex -84.403 -42.1036 50
      vertex -83.1671 -42.4003 50
    endloop
  endfacet
  facet normal 0 0 1
    outer loop
      vertex -85.5773 -41.6172 50
      vertex -83.7273 -39.7672 50
      vertex -84.8111 -39.103 50
    endloop
  endfacet
  facet normal 0 0 1
    outer loop
      vertex -83.7273 -39.7672 50
      vertex -85.5773 -41.6172 50
      vertex -84.403 -42.1036 50
    endloop
  endfacet
  facet normal 0 0 1
    outer loop
      vertex -86.6611 -40.953 50
      vertex -84.8111 -39.103 50
      vertex -85.7776 -38.2776 50
    endloop
  endfacet
  facet normal 0 0 1
    outer loop
      vertex -88.453 -39.1611 50
      vertex -85.7776 -38.2776 50
      vertex -86.603 -37.3111 50
    endloop
  endfacet
  facet normal 0 0 1
    outer loop
      vertex -84.8111 -39.103 50
      vertex -86.6611 -40.953 50
      vertex -85.5773 -41.6172 50
    endloop
  endfacet
  facet normal 0 0 1
    outer loop
      vertex -89.1171 -38.0773 50
      vertex -86.603 -37.3111 50
      vertex -87.2672 -36.2273 50
    endloop
  endfacet
  facet normal 0 0 1
    outer loop
      vertex -85.7776 -38.2776 50
      vertex -87.6276 -40.1276 50
      vertex -86.6611 -40.953 50
    endloop
  endfacet
  facet normal 0 0 1
    outer loop
      vertex -89.6036 -36.903 50
      vertex -87.2672 -36.2273 50
      vertex -87.7536 -35.053 50
    endloop
  endfacet
  facet normal -0 0 1
    outer loop
      vertex -90 -34.4001 50
      vertex -87.7536 -35.053 50
      vertex -88.0503 -33.8171 50
    endloop
  endfacet
  facet normal 0 0 1
    outer loop
      vertex -90 -34.4001 50
      vertex -88.0503 -33.8171 50
      vertex -88.15 -32.5501 50
    endloop
  endfacet
  facet normal 0 0 1
    outer loop
      vertex -85.7776 -38.2776 50
      vertex -88.453 -39.1611 50
      vertex -87.6276 -40.1276 50
    endloop
  endfacet
  facet normal 0 0 1
    outer loop
      vertex -88.15 32.5501 50
      vertex -90 34.4001 50
      vertex -88.15 -32.5501 50
    endloop
  endfacet
  facet normal 0 0 1
    outer loop
      vertex -90 34.4001 50
      vertex -87.7536 35.053 50
      vertex -89.9003 35.6671 50
    endloop
  endfacet
  facet normal 0 0 1
    outer loop
      vertex -90 -34.4001 50
      vertex -88.15 -32.5501 50
      vertex -90 34.4001 50
    endloop
  endfacet
  facet normal 0 0 1
    outer loop
      vertex -87.7536 35.053 50
      vertex -90 34.4001 50
      vertex -88.0503 33.8171 50
    endloop
  endfacet
  facet normal 0 0 1
    outer loop
      vertex -87.7536 -35.053 50
      vertex -90 -34.4001 50
      vertex -89.9003 -35.6671 50
    endloop
  endfacet
  facet normal 0 0 1
    outer loop
      vertex -88.0503 33.8171 50
      vertex -90 34.4001 50
      vertex -88.15 32.5501 50
    endloop
  endfacet
  facet normal 0 0 1
    outer loop
      vertex -86.603 -37.3111 50
      vertex -89.1171 -38.0773 50
      vertex -88.453 -39.1611 50
    endloop
  endfacet
  facet normal 0 0 1
    outer loop
      vertex -87.2672 -36.2273 50
      vertex -89.6036 -36.903 50
      vertex -89.1171 -38.0773 50
    endloop
  endfacet
  facet normal 0 0 1
    outer loop
      vertex -87.7536 -35.053 50
      vertex -89.9003 -35.6671 50
      vertex -89.6036 -36.903 50
    endloop
  endfacet
  facet normal -0.382676 0.923883 0
    outer loop
      vertex -84.403 42.1036 0
      vertex -85.5773 41.6172 50
      vertex -84.403 42.1036 50
    endloop
  endfacet
  facet normal -0.382676 0.923883 0
    outer loop
      vertex -85.5773 41.6172 50
      vertex -84.403 42.1036 0
      vertex -85.5773 41.6172 0
    endloop
  endfacet
  facet normal -1 0 0
    outer loop
      vertex -90 12 26.96
      vertex -90 34.4001 0
      vertex -90 12 16.96
    endloop
  endfacet
  facet normal -1 0 0
    outer loop
      vertex -90 34.4001 0
      vertex -90 11.8523 15.0828
      vertex -90 12 16.96
    endloop
  endfacet
  facet normal -1 0 0
    outer loop
      vertex -90 34.4001 0
      vertex -90 11.4127 13.2518
      vertex -90 11.8523 15.0828
    endloop
  endfacet
  facet normal -1 0 0
    outer loop
      vertex -90 34.4001 0
      vertex -90 10.6921 11.5121
      vertex -90 11.4127 13.2518
    endloop
  endfacet
  facet normal -1 0 0
    outer loop
      vertex -90 34.4001 0
      vertex -90 9.7082 9.90658
      vertex -90 10.6921 11.5121
    endloop
  endfacet
  facet normal -1 0 0
    outer loop
      vertex -90 34.4001 0
      vertex -90 8.48528 8.47472
      vertex -90 9.7082 9.90658
    endloop
  endfacet
  facet normal -1 0 0
    outer loop
      vertex -90 34.4001 0
      vertex -90 7.05342 7.2518
      vertex -90 8.48528 8.47472
    endloop
  endfacet
  facet normal -1 0 0
    outer loop
      vertex -90 34.4001 0
      vertex -90 5.44789 6.26792
      vertex -90 7.05342 7.2518
    endloop
  endfacet
  facet normal -1 0 0
    outer loop
      vertex -90 34.4001 0
      vertex -90 3.7082 5.54732
      vertex -90 5.44789 6.26792
    endloop
  endfacet
  facet normal -1 0 0
    outer loop
      vertex -90 34.4001 0
      vertex -90 1.87721 5.10774
      vertex -90 3.7082 5.54732
    endloop
  endfacet
  facet normal -1 0 0
    outer loop
      vertex -90 34.4001 0
      vertex -90 0 4.96
      vertex -90 1.87721 5.10774
    endloop
  endfacet
  facet normal -1 0 0
    outer loop
      vertex -90 -34.4001 0
      vertex -90 0 4.96
      vertex -90 34.4001 0
    endloop
  endfacet
  facet normal -1 -0 0
    outer loop
      vertex -90 -12 16.96
      vertex -90 -34.4001 0
      vertex -90 -12 26.96
    endloop
  endfacet
  facet normal -1 -0 0
    outer loop
      vertex -90 -11.8523 15.0828
      vertex -90 -34.4001 0
      vertex -90 -12 16.96
    endloop
  endfacet
  facet normal -1 -0 0
    outer loop
      vertex -90 -11.4127 13.2518
      vertex -90 -34.4001 0
      vertex -90 -11.8523 15.0828
    endloop
  endfacet
  facet normal -1 -0 0
    outer loop
      vertex -90 -10.6921 11.5121
      vertex -90 -34.4001 0
      vertex -90 -11.4127 13.2518
    endloop
  endfacet
  facet normal -1 -0 0
    outer loop
      vertex -90 -9.7082 9.90658
      vertex -90 -34.4001 0
      vertex -90 -10.6921 11.5121
    endloop
  endfacet
  facet normal -1 -0 0
    outer loop
      vertex -90 -8.48528 8.47472
      vertex -90 -34.4001 0
      vertex -90 -9.7082 9.90658
    endloop
  endfacet
  facet normal -1 -0 0
    outer loop
      vertex -90 -7.05342 7.2518
      vertex -90 -34.4001 0
      vertex -90 -8.48528 8.47472
    endloop
  endfacet
  facet normal -1 -0 0
    outer loop
      vertex -90 -5.44789 6.26792
      vertex -90 -34.4001 0
      vertex -90 -7.05342 7.2518
    endloop
  endfacet
  facet normal -1 -0 0
    outer loop
      vertex -90 -3.7082 5.54732
      vertex -90 -34.4001 0
      vertex -90 -5.44789 6.26792
    endloop
  endfacet
  facet normal -1 -0 0
    outer loop
      vertex -90 -1.87721 5.10774
      vertex -90 -34.4001 0
      vertex -90 -3.7082 5.54732
    endloop
  endfacet
  facet normal -1 -0 0
    outer loop
      vertex -90 0 4.96
      vertex -90 -34.4001 0
      vertex -90 -1.87721 5.10774
    endloop
  endfacet
  facet normal -1 0 0
    outer loop
      vertex -90 34.4001 0
      vertex -90 12 26.96
      vertex -90 34.4001 50
    endloop
  endfacet
  facet normal -1 0 0
    outer loop
      vertex -90 11.8523 28.8372
      vertex -90 34.4001 50
      vertex -90 12 26.96
    endloop
  endfacet
  facet normal -1 0 0
    outer loop
      vertex -90 11.4127 30.6682
      vertex -90 34.4001 50
      vertex -90 11.8523 28.8372
    endloop
  endfacet
  facet normal -1 0 0
    outer loop
      vertex -90 10.6921 32.4079
      vertex -90 34.4001 50
      vertex -90 11.4127 30.6682
    endloop
  endfacet
  facet normal -1 0 0
    outer loop
      vertex -90 9.7082 34.0134
      vertex -90 34.4001 50
      vertex -90 10.6921 32.4079
    endloop
  endfacet
  facet normal -1 0 0
    outer loop
      vertex -90 8.48528 35.4453
      vertex -90 34.4001 50
      vertex -90 9.7082 34.0134
    endloop
  endfacet
  facet normal -1 0 0
    outer loop
      vertex -90 7.05342 36.6682
      vertex -90 34.4001 50
      vertex -90 8.48528 35.4453
    endloop
  endfacet
  facet normal -1 0 0
    outer loop
      vertex -90 5.44789 37.6521
      vertex -90 34.4001 50
      vertex -90 7.05342 36.6682
    endloop
  endfacet
  facet normal -1 0 0
    outer loop
      vertex -90 3.7082 38.3727
      vertex -90 34.4001 50
      vertex -90 5.44789 37.6521
    endloop
  endfacet
  facet normal -1 0 0
    outer loop
      vertex -90 1.87721 38.8123
      vertex -90 34.4001 50
      vertex -90 3.7082 38.3727
    endloop
  endfacet
  facet normal -1 0 0
    outer loop
      vertex -90 0 38.96
      vertex -90 34.4001 50
      vertex -90 1.87721 38.8123
    endloop
  endfacet
  facet normal -1 0 0
    outer loop
      vertex -90 -34.4001 50
      vertex -90 0 38.96
      vertex -90 -1.87721 38.8123
    endloop
  endfacet
  facet normal -1 0 0
    outer loop
      vertex -90 -34.4001 50
      vertex -90 -1.87721 38.8123
      vertex -90 -3.7082 38.3727
    endloop
  endfacet
  facet normal -1 0 0
    outer loop
      vertex -90 -34.4001 50
      vertex -90 -12 26.96
      vertex -90 -34.4001 0
    endloop
  endfacet
  facet normal -1 0 0
    outer loop
      vertex -90 -12 26.96
      vertex -90 -34.4001 50
      vertex -90 -11.8523 28.8372
    endloop
  endfacet
  facet normal -1 0 0
    outer loop
      vertex -90 -11.8523 28.8372
      vertex -90 -34.4001 50
      vertex -90 -11.4127 30.6682
    endloop
  endfacet
  facet normal -1 0 0
    outer loop
      vertex -90 -11.4127 30.6682
      vertex -90 -34.4001 50
      vertex -90 -10.6921 32.4079
    endloop
  endfacet
  facet normal -1 0 0
    outer loop
      vertex -90 0 38.96
      vertex -90 -34.4001 50
      vertex -90 34.4001 50
    endloop
  endfacet
  facet normal -1 0 0
    outer loop
      vertex -90 -5.44789 37.6521
      vertex -90 -34.4001 50
      vertex -90 -3.7082 38.3727
    endloop
  endfacet
  facet normal -1 0 0
    outer loop
      vertex -90 -7.05342 36.6682
      vertex -90 -34.4001 50
      vertex -90 -5.44789 37.6521
    endloop
  endfacet
  facet normal -1 0 0
    outer loop
      vertex -90 -8.48528 35.4453
      vertex -90 -34.4001 50
      vertex -90 -7.05342 36.6682
    endloop
  endfacet
  facet normal -1 0 0
    outer loop
      vertex -90 -9.7082 34.0134
      vertex -90 -34.4001 50
      vertex -90 -8.48528 35.4453
    endloop
  endfacet
  facet normal -1 0 0
    outer loop
      vertex -90 -10.6921 32.4079
      vertex -90 -34.4001 50
      vertex -90 -9.7082 34.0134
    endloop
  endfacet
  facet normal -0.382676 -0.923883 0
    outer loop
      vertex -85.5773 -41.6172 0
      vertex -84.403 -42.1036 50
      vertex -85.5773 -41.6172 50
    endloop
  endfacet
  facet normal -0.382676 -0.923883 -0
    outer loop
      vertex -84.403 -42.1036 50
      vertex -85.5773 -41.6172 0
      vertex -84.403 -42.1036 0
    endloop
  endfacet
  facet normal 0.996918 -0.0784473 0
    outer loop
      vertex 89.9003 -35.6671 50
      vertex 90 -34.4001 0
      vertex 90 -34.4001 50
    endloop
  endfacet
  facet normal 0.996918 -0.0784473 0
    outer loop
      vertex 90 -34.4001 0
      vertex 89.9003 -35.6671 50
      vertex 89.9003 -35.6671 0
    endloop
  endfacet
  facet normal 0.382676 -0.923883 0
    outer loop
      vertex 84.403 -42.1036 0
      vertex 85.5773 -41.6172 50
      vertex 84.403 -42.1036 50
    endloop
  endfacet
  facet normal 0.382676 -0.923883 0
    outer loop
      vertex 85.5773 -41.6172 50
      vertex 84.403 -42.1036 0
      vertex 85.5773 -41.6172 0
    endloop
  endfacet
  facet normal 0 1 -0
    outer loop
      vertex 81.9001 42.5 0
      vertex -81.9001 42.5 50
      vertex 81.9001 42.5 50
    endloop
  endfacet
  facet normal 0 1 0
    outer loop
      vertex -81.9001 42.5 50
      vertex 81.9001 42.5 0
      vertex -81.9001 42.5 0
    endloop
  endfacet
  facet normal -0.996918 0.0784473 0
    outer loop
      vertex -90 34.4001 0
      vertex -89.9003 35.6671 50
      vertex -89.9003 35.6671 0
    endloop
  endfacet
  facet normal -0.996918 0.0784473 0
    outer loop
      vertex -89.9003 35.6671 50
      vertex -90 34.4001 0
      vertex -90 34.4001 50
    endloop
  endfacet
  facet normal -0.760433 0.649417 0
    outer loop
      vertex -88.453 39.1611 0
      vertex -87.6276 40.1276 50
      vertex -87.6276 40.1276 0
    endloop
  endfacet
  facet normal -0.760433 0.649417 0
    outer loop
      vertex -87.6276 40.1276 50
      vertex -88.453 39.1611 0
      vertex -88.453 39.1611 50
    endloop
  endfacet
  facet normal 0 0 -1
    outer loop
      vertex 81.9001 -42.5 0
      vertex 90 -34.4001 0
      vertex 89.9003 -35.6671 0
    endloop
  endfacet
  facet normal -0 0 -1
    outer loop
      vertex 90 -34.4001 0
      vertex 81.9001 -42.5 0
      vertex 90 34.4001 0
    endloop
  endfacet
  facet normal 0 0 -1
    outer loop
      vertex 81.9001 -42.5 0
      vertex 89.9003 -35.6671 0
      vertex 89.6036 -36.903 0
    endloop
  endfacet
  facet normal 0 0 -1
    outer loop
      vertex 81.9001 42.5 0
      vertex 90 34.4001 0
      vertex 81.9001 -42.5 0
    endloop
  endfacet
  facet normal 0 0 -1
    outer loop
      vertex 81.9001 -42.5 0
      vertex 89.6036 -36.903 0
      vertex 89.1171 -38.0773 0
    endloop
  endfacet
  facet normal 0 0 -1
    outer loop
      vertex 90 34.4001 0
      vertex 81.9001 42.5 0
      vertex 89.9003 35.6671 0
    endloop
  endfacet
  facet normal 0 0 -1
    outer loop
      vertex 81.9001 -42.5 0
      vertex 89.1171 -38.0773 0
      vertex 88.453 -39.1611 0
    endloop
  endfacet
  facet normal 0 0 -1
    outer loop
      vertex 89.9003 35.6671 0
      vertex 81.9001 42.5 0
      vertex 89.6036 36.903 0
    endloop
  endfacet
  facet normal 0 0 -1
    outer loop
      vertex 81.9001 -42.5 0
      vertex 88.453 -39.1611 0
      vertex 87.6276 -40.1276 0
    endloop
  endfacet
  facet normal 0 0 -1
    outer loop
      vertex 89.6036 36.903 0
      vertex 81.9001 42.5 0
      vertex 89.1171 38.0773 0
    endloop
  endfacet
  facet normal 0 0 -1
    outer loop
      vertex 81.9001 -42.5 0
      vertex 87.6276 -40.1276 0
      vertex 86.6611 -40.953 0
    endloop
  endfacet
  facet normal 0 0 -1
    outer loop
      vertex 89.1171 38.0773 0
      vertex 81.9001 42.5 0
      vertex 88.453 39.1611 0
    endloop
  endfacet
  facet normal 0 0 -1
    outer loop
      vertex 81.9001 -42.5 0
      vertex 86.6611 -40.953 0
      vertex 85.5773 -41.6172 0
    endloop
  endfacet
  facet normal 0 0 -1
    outer loop
      vertex 88.453 39.1611 0
      vertex 81.9001 42.5 0
      vertex 87.6276 40.1276 0
    endloop
  endfacet
  facet normal 0 0 -1
    outer loop
      vertex 81.9001 -42.5 0
      vertex 85.5773 -41.6172 0
      vertex 84.403 -42.1036 0
    endloop
  endfacet
  facet normal 0 0 -1
    outer loop
      vertex 87.6276 40.1276 0
      vertex 81.9001 42.5 0
      vertex 86.6611 40.953 0
    endloop
  endfacet
  facet normal 0 0 -1
    outer loop
      vertex 81.9001 -42.5 0
      vertex 84.403 -42.1036 0
      vertex 83.1671 -42.4003 0
    endloop
  endfacet
  facet normal 0 0 -1
    outer loop
      vertex 86.6611 40.953 0
      vertex 81.9001 42.5 0
      vertex 85.5773 41.6172 0
    endloop
  endfacet
  facet normal 0 0 -1
    outer loop
      vertex 85.5773 41.6172 0
      vertex 81.9001 42.5 0
      vertex 84.403 42.1036 0
    endloop
  endfacet
  facet normal 0 0 -1
    outer loop
      vertex 84.403 42.1036 0
      vertex 81.9001 42.5 0
      vertex 83.1671 42.4003 0
    endloop
  endfacet
  facet normal 0 0 -1
    outer loop
      vertex -81.9001 -42.5 0
      vertex 81.9001 42.5 0
      vertex 81.9001 -42.5 0
    endloop
  endfacet
  facet normal 0 0 -1
    outer loop
      vertex -81.9001 -42.5 0
      vertex -81.9001 42.5 0
      vertex 81.9001 42.5 0
    endloop
  endfacet
  facet normal 0 0 -1
    outer loop
      vertex -90 -34.4001 0
      vertex -81.9001 -42.5 0
      vertex -83.1671 -42.4003 0
    endloop
  endfacet
  facet normal 0 0 -1
    outer loop
      vertex -81.9001 -42.5 0
      vertex -90 -34.4001 0
      vertex -81.9001 42.5 0
    endloop
  endfacet
  facet normal 0 0 -1
    outer loop
      vertex -90 -34.4001 0
      vertex -83.1671 -42.4003 0
      vertex -84.403 -42.1036 0
    endloop
  endfacet
  facet normal 0 0 -1
    outer loop
      vertex -90 34.4001 0
      vertex -81.9001 42.5 0
      vertex -90 -34.4001 0
    endloop
  endfacet
  facet normal 0 0 -1
    outer loop
      vertex -90 -34.4001 0
      vertex -84.403 -42.1036 0
      vertex -85.5773 -41.6172 0
    endloop
  endfacet
  facet normal 0 0 -1
    outer loop
      vertex -81.9001 42.5 0
      vertex -90 34.4001 0
      vertex -83.1671 42.4003 0
    endloop
  endfacet
  facet normal 0 0 -1
    outer loop
      vertex -90 -34.4001 0
      vertex -85.5773 -41.6172 0
      vertex -86.6611 -40.953 0
    endloop
  endfacet
  facet normal 0 0 -1
    outer loop
      vertex -83.1671 42.4003 0
      vertex -90 34.4001 0
      vertex -84.403 42.1036 0
    endloop
  endfacet
  facet normal 0 0 -1
    outer loop
      vertex -90 -34.4001 0
      vertex -86.6611 -40.953 0
      vertex -87.6276 -40.1276 0
    endloop
  endfacet
  facet normal 0 0 -1
    outer loop
      vertex -84.403 42.1036 0
      vertex -90 34.4001 0
      vertex -85.5773 41.6172 0
    endloop
  endfacet
  facet normal 0 0 -1
    outer loop
      vertex -90 -34.4001 0
      vertex -87.6276 -40.1276 0
      vertex -88.453 -39.1611 0
    endloop
  endfacet
  facet normal 0 0 -1
    outer loop
      vertex -85.5773 41.6172 0
      vertex -90 34.4001 0
      vertex -86.6611 40.953 0
    endloop
  endfacet
  facet normal 0 0 -1
    outer loop
      vertex -90 -34.4001 0
      vertex -88.453 -39.1611 0
      vertex -89.1171 -38.0773 0
    endloop
  endfacet
  facet normal 0 0 -1
    outer loop
      vertex -86.6611 40.953 0
      vertex -90 34.4001 0
      vertex -87.6276 40.1276 0
    endloop
  endfacet
  facet normal 0 0 -1
    outer loop
      vertex -90 -34.4001 0
      vertex -89.1171 -38.0773 0
      vertex -89.6036 -36.903 0
    endloop
  endfacet
  facet normal 0 0 -1
    outer loop
      vertex -87.6276 40.1276 0
      vertex -90 34.4001 0
      vertex -88.453 39.1611 0
    endloop
  endfacet
  facet normal 0 0 -1
    outer loop
      vertex -90 -34.4001 0
      vertex -89.6036 -36.903 0
      vertex -89.9003 -35.6671 0
    endloop
  endfacet
  facet normal 0 0 -1
    outer loop
      vertex -88.453 39.1611 0
      vertex -90 34.4001 0
      vertex -89.1171 38.0773 0
    endloop
  endfacet
  facet normal 0 0 -1
    outer loop
      vertex -89.1171 38.0773 0
      vertex -90 34.4001 0
      vertex -89.6036 36.903 0
    endloop
  endfacet
  facet normal 0 0 -1
    outer loop
      vertex -89.6036 36.903 0
      vertex -90 34.4001 0
      vertex -89.9003 35.6671 0
    endloop
  endfacet
  facet normal 0.760433 0.649417 0
    outer loop
      vertex 88.453 39.1611 50
      vertex 87.6276 40.1276 0
      vertex 87.6276 40.1276 50
    endloop
  endfacet
  facet normal 0.760433 0.649417 0
    outer loop
      vertex 87.6276 40.1276 0
      vertex 88.453 39.1611 50
      vertex 88.453 39.1611 0
    endloop
  endfacet
  facet normal 0.972372 -0.233435 0
    outer loop
      vertex 89.6036 -36.903 50
      vertex 89.9003 -35.6671 0
      vertex 89.9003 -35.6671 50
    endloop
  endfacet
  facet normal 0.972372 -0.233435 0
    outer loop
      vertex 89.9003 -35.6671 0
      vertex 89.6036 -36.903 50
      vertex 89.6036 -36.903 0
    endloop
  endfacet
  facet normal 0.760433 -0.649417 0
    outer loop
      vertex 87.6276 -40.1276 50
      vertex 88.453 -39.1611 0
      vertex 88.453 -39.1611 50
    endloop
  endfacet
  facet normal 0.760433 -0.649417 0
    outer loop
      vertex 88.453 -39.1611 0
      vertex 87.6276 -40.1276 50
      vertex 87.6276 -40.1276 0
    endloop
  endfacet
  facet normal 0.0784473 -0.996918 0
    outer loop
      vertex 81.9001 -42.5 0
      vertex 83.1671 -42.4003 50
      vertex 81.9001 -42.5 50
    endloop
  endfacet
  facet normal 0.0784473 -0.996918 0
    outer loop
      vertex 83.1671 -42.4003 50
      vertex 81.9001 -42.5 0
      vertex 83.1671 -42.4003 0
    endloop
  endfacet
  facet normal -0.233435 -0.972372 0
    outer loop
      vertex -84.403 -42.1036 0
      vertex -83.1671 -42.4003 50
      vertex -84.403 -42.1036 50
    endloop
  endfacet
  facet normal -0.233435 -0.972372 -0
    outer loop
      vertex -83.1671 -42.4003 50
      vertex -84.403 -42.1036 0
      vertex -83.1671 -42.4003 0
    endloop
  endfacet
  facet normal -0.852659 -0.522468 0
    outer loop
      vertex -88.453 -39.1611 0
      vertex -89.1171 -38.0773 50
      vertex -89.1171 -38.0773 0
    endloop
  endfacet
  facet normal -0.852659 -0.522468 0
    outer loop
      vertex -89.1171 -38.0773 50
      vertex -88.453 -39.1611 0
      vertex -88.453 -39.1611 50
    endloop
  endfacet
  facet normal 0.522525 0.852624 -0
    outer loop
      vertex 86.6611 40.953 0
      vertex 85.5773 41.6172 50
      vertex 86.6611 40.953 50
    endloop
  endfacet
  facet normal 0.522525 0.852624 0
    outer loop
      vertex 85.5773 41.6172 50
      vertex 86.6611 40.953 0
      vertex 85.5773 41.6172 0
    endloop
  endfacet
  facet normal 0.0784473 0.996918 -0
    outer loop
      vertex 83.1671 42.4003 0
      vertex 81.9001 42.5 50
      vertex 83.1671 42.4003 50
    endloop
  endfacet
  facet normal 0.0784473 0.996918 0
    outer loop
      vertex 81.9001 42.5 50
      vertex 83.1671 42.4003 0
      vertex 81.9001 42.5 0
    endloop
  endfacet
  facet normal -0.923855 -0.382743 0
    outer loop
      vertex -89.1171 -38.0773 0
      vertex -89.6036 -36.903 50
      vertex -89.6036 -36.903 0
    endloop
  endfacet
  facet normal -0.923855 -0.382743 0
    outer loop
      vertex -89.6036 -36.903 50
      vertex -89.1171 -38.0773 0
      vertex -89.1171 -38.0773 50
    endloop
  endfacet
  facet normal 0.852659 0.522468 0
    outer loop
      vertex 89.1171 38.0773 50
      vertex 88.453 39.1611 0
      vertex 88.453 39.1611 50
    endloop
  endfacet
  facet normal 0.852659 0.522468 0
    outer loop
      vertex 88.453 39.1611 0
      vertex 89.1171 38.0773 50
      vertex 89.1171 38.0773 0
    endloop
  endfacet
  facet normal 0.923855 0.382743 0
    outer loop
      vertex 89.6036 36.903 50
      vertex 89.1171 38.0773 0
      vertex 89.1171 38.0773 50
    endloop
  endfacet
  facet normal 0.923855 0.382743 0
    outer loop
      vertex 89.1171 38.0773 0
      vertex 89.6036 36.903 50
      vertex 89.6036 36.903 0
    endloop
  endfacet
  facet normal 0.923855 -0.382743 0
    outer loop
      vertex 89.1171 -38.0773 50
      vertex 89.6036 -36.903 0
      vertex 89.6036 -36.903 50
    endloop
  endfacet
  facet normal 0.923855 -0.382743 0
    outer loop
      vertex 89.6036 -36.903 0
      vertex 89.1171 -38.0773 50
      vertex 89.1171 -38.0773 0
    endloop
  endfacet
  facet normal 0.852659 -0.522468 0
    outer loop
      vertex 88.453 -39.1611 50
      vertex 89.1171 -38.0773 0
      vertex 89.1171 -38.0773 50
    endloop
  endfacet
  facet normal 0.852659 -0.522468 0
    outer loop
      vertex 89.1171 -38.0773 0
      vertex 88.453 -39.1611 50
      vertex 88.453 -39.1611 0
    endloop
  endfacet
  facet normal 0.649417 -0.760433 0
    outer loop
      vertex 86.6611 -40.953 0
      vertex 87.6276 -40.1276 50
      vertex 86.6611 -40.953 50
    endloop
  endfacet
  facet normal 0.649417 -0.760433 0
    outer loop
      vertex 87.6276 -40.1276 50
      vertex 86.6611 -40.953 0
      vertex 87.6276 -40.1276 0
    endloop
  endfacet
  facet normal 0.522525 -0.852624 0
    outer loop
      vertex 85.5773 -41.6172 0
      vertex 86.6611 -40.953 50
      vertex 85.5773 -41.6172 50
    endloop
  endfacet
  facet normal 0.522525 -0.852624 0
    outer loop
      vertex 86.6611 -40.953 50
      vertex 85.5773 -41.6172 0
      vertex 86.6611 -40.953 0
    endloop
  endfacet
  facet normal 0.233435 -0.972372 0
    outer loop
      vertex 83.1671 -42.4003 0
      vertex 84.403 -42.1036 50
      vertex 83.1671 -42.4003 50
    endloop
  endfacet
  facet normal 0.233435 -0.972372 0
    outer loop
      vertex 84.403 -42.1036 50
      vertex 83.1671 -42.4003 0
      vertex 84.403 -42.1036 0
    endloop
  endfacet
  facet normal -0.0784473 -0.996918 0
    outer loop
      vertex -83.1671 -42.4003 0
      vertex -81.9001 -42.5 50
      vertex -83.1671 -42.4003 50
    endloop
  endfacet
  facet normal -0.0784473 -0.996918 -0
    outer loop
      vertex -81.9001 -42.5 50
      vertex -83.1671 -42.4003 0
      vertex -81.9001 -42.5 0
    endloop
  endfacet
  facet normal 0.382676 0.923883 -0
    outer loop
      vertex 85.5773 41.6172 0
      vertex 84.403 42.1036 50
      vertex 85.5773 41.6172 50
    endloop
  endfacet
  facet normal 0.382676 0.923883 0
    outer loop
      vertex 84.403 42.1036 50
      vertex 85.5773 41.6172 0
      vertex 84.403 42.1036 0
    endloop
  endfacet
  facet normal -0.233435 0.972372 0
    outer loop
      vertex -83.1671 42.4003 0
      vertex -84.403 42.1036 50
      vertex -83.1671 42.4003 50
    endloop
  endfacet
  facet normal -0.233435 0.972372 0
    outer loop
      vertex -84.403 42.1036 50
      vertex -83.1671 42.4003 0
      vertex -84.403 42.1036 0
    endloop
  endfacet
  facet normal -0.0784473 0.996918 0
    outer loop
      vertex -81.9001 42.5 0
      vertex -83.1671 42.4003 50
      vertex -81.9001 42.5 50
    endloop
  endfacet
  facet normal -0.0784473 0.996918 0
    outer loop
      vertex -83.1671 42.4003 50
      vertex -81.9001 42.5 0
      vertex -83.1671 42.4003 0
    endloop
  endfacet
  facet normal -0.972372 0.233435 0
    outer loop
      vertex -89.9003 35.6671 0
      vertex -89.6036 36.903 50
      vertex -89.6036 36.903 0
    endloop
  endfacet
  facet normal -0.972372 0.233435 0
    outer loop
      vertex -89.6036 36.903 50
      vertex -89.9003 35.6671 0
      vertex -89.9003 35.6671 50
    endloop
  endfacet
  facet normal -0.923855 0.382743 0
    outer loop
      vertex -89.6036 36.903 0
      vertex -89.1171 38.0773 50
      vertex -89.1171 38.0773 0
    endloop
  endfacet
  facet normal -0.923855 0.382743 0
    outer loop
      vertex -89.1171 38.0773 50
      vertex -89.6036 36.903 0
      vertex -89.6036 36.903 50
    endloop
  endfacet
  facet normal -0.852659 0.522468 0
    outer loop
      vertex -89.1171 38.0773 0
      vertex -88.453 39.1611 50
      vertex -88.453 39.1611 0
    endloop
  endfacet
  facet normal -0.852659 0.522468 0
    outer loop
      vertex -88.453 39.1611 50
      vertex -89.1171 38.0773 0
      vertex -89.1171 38.0773 50
    endloop
  endfacet
  facet normal -0.972372 -0.233435 0
    outer loop
      vertex -89.6036 -36.903 0
      vertex -89.9003 -35.6671 50
      vertex -89.9003 -35.6671 0
    endloop
  endfacet
  facet normal -0.972372 -0.233435 0
    outer loop
      vertex -89.9003 -35.6671 50
      vertex -89.6036 -36.903 0
      vertex -89.6036 -36.903 50
    endloop
  endfacet
  facet normal -0.996918 -0.0784473 0
    outer loop
      vertex -89.9003 -35.6671 0
      vertex -90 -34.4001 50
      vertex -90 -34.4001 0
    endloop
  endfacet
  facet normal -0.996918 -0.0784473 0
    outer loop
      vertex -90 -34.4001 50
      vertex -89.9003 -35.6671 0
      vertex -89.9003 -35.6671 50
    endloop
  endfacet
  facet normal 0.972372 0.233435 0
    outer loop
      vertex 89.9003 35.6671 50
      vertex 89.6036 36.903 0
      vertex 89.6036 36.903 50
    endloop
  endfacet
  facet normal 0.972372 0.233435 0
    outer loop
      vertex 89.6036 36.903 0
      vertex 89.9003 35.6671 50
      vertex 89.9003 35.6671 0
    endloop
  endfacet
  facet normal 0.996918 0.0784473 0
    outer loop
      vertex 90 34.4001 50
      vertex 89.9003 35.6671 0
      vertex 89.9003 35.6671 50
    endloop
  endfacet
  facet normal 0.996918 0.0784473 0
    outer loop
      vertex 89.9003 35.6671 0
      vertex 90 34.4001 50
      vertex 90 34.4001 0
    endloop
  endfacet
  facet normal 0.233435 0.972372 -0
    outer loop
      vertex 84.403 42.1036 0
      vertex 83.1671 42.4003 50
      vertex 84.403 42.1036 50
    endloop
  endfacet
  facet normal 0.233435 0.972372 0
    outer loop
      vertex 83.1671 42.4003 50
      vertex 84.403 42.1036 0
      vertex 83.1671 42.4003 0
    endloop
  endfacet
  facet normal -0.649417 0.760433 0
    outer loop
      vertex -86.6611 40.953 0
      vertex -87.6276 40.1276 50
      vertex -86.6611 40.953 50
    endloop
  endfacet
  facet normal -0.649417 0.760433 0
    outer loop
      vertex -87.6276 40.1276 50
      vertex -86.6611 40.953 0
      vertex -87.6276 40.1276 0
    endloop
  endfacet
  facet normal -0.522525 0.852624 0
    outer loop
      vertex -85.5773 41.6172 0
      vertex -86.6611 40.953 50
      vertex -85.5773 41.6172 50
    endloop
  endfacet
  facet normal -0.522525 0.852624 0
    outer loop
      vertex -86.6611 40.953 50
      vertex -85.5773 41.6172 0
      vertex -86.6611 40.953 0
    endloop
  endfacet
  facet normal 0.522525 0.852624 -0
    outer loop
      vertex -83.7273 -39.7672 1.85
      vertex -84.8111 -39.103 50
      vertex -83.7273 -39.7672 50
    endloop
  endfacet
  facet normal 0.522525 0.852624 0
    outer loop
      vertex -84.8111 -39.103 50
      vertex -83.7273 -39.7672 1.85
      vertex -84.8111 -39.103 1.85
    endloop
  endfacet
  facet normal 0.760433 0.649417 0
    outer loop
      vertex -85.7776 -38.2776 50
      vertex -86.603 -37.3111 1.85
      vertex -86.603 -37.3111 50
    endloop
  endfacet
  facet normal 0.760433 0.649417 0
    outer loop
      vertex -86.603 -37.3111 1.85
      vertex -85.7776 -38.2776 50
      vertex -85.7776 -38.2776 1.85
    endloop
  endfacet
  facet normal 0.649417 0.760433 -0
    outer loop
      vertex -84.8111 -39.103 1.85
      vertex -85.7776 -38.2776 50
      vertex -84.8111 -39.103 50
    endloop
  endfacet
  facet normal 0.649417 0.760433 0
    outer loop
      vertex -85.7776 -38.2776 50
      vertex -84.8111 -39.103 1.85
      vertex -85.7776 -38.2776 1.85
    endloop
  endfacet
  facet normal 0 1 -0
    outer loop
      vertex -0.75 -40.65 1.85
      vertex -3.75 -40.65 36.85
      vertex -0.75 -40.65 36.85
    endloop
  endfacet
  facet normal 0 1 0
    outer loop
      vertex -3.75 -40.65 36.85
      vertex -0.75 -40.65 1.85
      vertex -3.75 -40.65 1.85
    endloop
  endfacet
  facet normal 0 1 -0
    outer loop
      vertex 3.75 -40.65 1.85
      vertex 0.75 -40.65 36.85
      vertex 3.75 -40.65 36.85
    endloop
  endfacet
  facet normal 0 1 0
    outer loop
      vertex 0.75 -40.65 36.85
      vertex 3.75 -40.65 1.85
      vertex 0.75 -40.65 1.85
    endloop
  endfacet
  facet normal 0 1 0
    outer loop
      vertex 3.75 -40.65 36.85
      vertex 80.0501 -40.65 50
      vertex 5.25 -40.65 36.85
    endloop
  endfacet
  facet normal 0 1 -0
    outer loop
      vertex 80.0501 -40.65 1.85
      vertex 5.25 -40.65 36.85
      vertex 80.0501 -40.65 50
    endloop
  endfacet
  facet normal 0 1 0
    outer loop
      vertex 5.25 -40.65 36.85
      vertex 80.0501 -40.65 1.85
      vertex 5.25 -40.65 1.85
    endloop
  endfacet
  facet normal 0 1 0
    outer loop
      vertex 80.0501 -40.65 50
      vertex 3.75 -40.65 36.85
      vertex -80.0501 -40.65 50
    endloop
  endfacet
  facet normal 0 1 -0
    outer loop
      vertex 0.75 -40.65 36.85
      vertex -80.0501 -40.65 50
      vertex 3.75 -40.65 36.85
    endloop
  endfacet
  facet normal 0 1 -0
    outer loop
      vertex -0.75 -40.65 36.85
      vertex -80.0501 -40.65 50
      vertex 0.75 -40.65 36.85
    endloop
  endfacet
  facet normal 0 1 -0
    outer loop
      vertex -3.75 -40.65 36.85
      vertex -80.0501 -40.65 50
      vertex -0.75 -40.65 36.85
    endloop
  endfacet
  facet normal 0 1 -0
    outer loop
      vertex -5.25 -40.65 36.85
      vertex -80.0501 -40.65 50
      vertex -3.75 -40.65 36.85
    endloop
  endfacet
  facet normal 0 1 0
    outer loop
      vertex -80.0501 -40.65 1.85
      vertex -5.25 -40.65 36.85
      vertex -5.25 -40.65 1.85
    endloop
  endfacet
  facet normal 0 1 0
    outer loop
      vertex -5.25 -40.65 36.85
      vertex -80.0501 -40.65 1.85
      vertex -80.0501 -40.65 50
    endloop
  endfacet
  facet normal -0.649417 -0.760433 0
    outer loop
      vertex 84.8111 39.103 1.85
      vertex 85.7776 38.2776 50
      vertex 84.8111 39.103 50
    endloop
  endfacet
  facet normal -0.649417 -0.760433 -0
    outer loop
      vertex 85.7776 38.2776 50
      vertex 84.8111 39.103 1.85
      vertex 85.7776 38.2776 1.85
    endloop
  endfacet
  facet normal -1 0 0
    outer loop
      vertex 88.15 12 26.96
      vertex 88.15 32.5501 1.85
      vertex 88.15 12 16.96
    endloop
  endfacet
  facet normal -1 0 0
    outer loop
      vertex 88.15 32.5501 1.85
      vertex 88.15 11.8523 15.0828
      vertex 88.15 12 16.96
    endloop
  endfacet
  facet normal -1 0 0
    outer loop
      vertex 88.15 32.5501 1.85
      vertex 88.15 11.4127 13.2518
      vertex 88.15 11.8523 15.0828
    endloop
  endfacet
  facet normal -1 0 0
    outer loop
      vertex 88.15 32.5501 1.85
      vertex 88.15 10.6921 11.5121
      vertex 88.15 11.4127 13.2518
    endloop
  endfacet
  facet normal -1 0 0
    outer loop
      vertex 88.15 32.5501 1.85
      vertex 88.15 9.7082 9.90658
      vertex 88.15 10.6921 11.5121
    endloop
  endfacet
  facet normal -1 0 0
    outer loop
      vertex 88.15 32.5501 1.85
      vertex 88.15 8.48528 8.47472
      vertex 88.15 9.7082 9.90658
    endloop
  endfacet
  facet normal -1 0 0
    outer loop
      vertex 88.15 32.5501 1.85
      vertex 88.15 7.05342 7.2518
      vertex 88.15 8.48528 8.47472
    endloop
  endfacet
  facet normal -1 0 0
    outer loop
      vertex 88.15 32.5501 1.85
      vertex 88.15 5.44789 6.26792
      vertex 88.15 7.05342 7.2518
    endloop
  endfacet
  facet normal -1 0 0
    outer loop
      vertex 88.15 32.5501 1.85
      vertex 88.15 3.7082 5.54732
      vertex 88.15 5.44789 6.26792
    endloop
  endfacet
  facet normal -1 0 0
    outer loop
      vertex 88.15 32.5501 1.85
      vertex 88.15 1.87721 5.10774
      vertex 88.15 3.7082 5.54732
    endloop
  endfacet
  facet normal -1 0 0
    outer loop
      vertex 88.15 32.5501 1.85
      vertex 88.15 0 4.96
      vertex 88.15 1.87721 5.10774
    endloop
  endfacet
  facet normal -1 0 0
    outer loop
      vertex 88.15 -32.5501 1.85
      vertex 88.15 0 4.96
      vertex 88.15 32.5501 1.85
    endloop
  endfacet
  facet normal -1 -0 0
    outer loop
      vertex 88.15 -12 16.96
      vertex 88.15 -32.5501 1.85
      vertex 88.15 -12 26.96
    endloop
  endfacet
  facet normal -1 -0 0
    outer loop
      vertex 88.15 -11.8523 15.0828
      vertex 88.15 -32.5501 1.85
      vertex 88.15 -12 16.96
    endloop
  endfacet
  facet normal -1 -0 0
    outer loop
      vertex 88.15 -11.4127 13.2518
      vertex 88.15 -32.5501 1.85
      vertex 88.15 -11.8523 15.0828
    endloop
  endfacet
  facet normal -1 -0 0
    outer loop
      vertex 88.15 -10.6921 11.5121
      vertex 88.15 -32.5501 1.85
      vertex 88.15 -11.4127 13.2518
    endloop
  endfacet
  facet normal -1 -0 0
    outer loop
      vertex 88.15 -9.7082 9.90658
      vertex 88.15 -32.5501 1.85
      vertex 88.15 -10.6921 11.5121
    endloop
  endfacet
  facet normal -1 -0 0
    outer loop
      vertex 88.15 -8.48528 8.47472
      vertex 88.15 -32.5501 1.85
      vertex 88.15 -9.7082 9.90658
    endloop
  endfacet
  facet normal -1 -0 0
    outer loop
      vertex 88.15 -7.05342 7.2518
      vertex 88.15 -32.5501 1.85
      vertex 88.15 -8.48528 8.47472
    endloop
  endfacet
  facet normal -1 -0 0
    outer loop
      vertex 88.15 -5.44789 6.26792
      vertex 88.15 -32.5501 1.85
      vertex 88.15 -7.05342 7.2518
    endloop
  endfacet
  facet normal -1 -0 0
    outer loop
      vertex 88.15 -3.7082 5.54732
      vertex 88.15 -32.5501 1.85
      vertex 88.15 -5.44789 6.26792
    endloop
  endfacet
  facet normal -1 -0 0
    outer loop
      vertex 88.15 -1.87721 5.10774
      vertex 88.15 -32.5501 1.85
      vertex 88.15 -3.7082 5.54732
    endloop
  endfacet
  facet normal -1 -0 0
    outer loop
      vertex 88.15 0 4.96
      vertex 88.15 -32.5501 1.85
      vertex 88.15 -1.87721 5.10774
    endloop
  endfacet
  facet normal -1 0 0
    outer loop
      vertex 88.15 32.5501 1.85
      vertex 88.15 12 26.96
      vertex 88.15 32.5501 50
    endloop
  endfacet
  facet normal -1 0 0
    outer loop
      vertex 88.15 11.8523 28.8372
      vertex 88.15 32.5501 50
      vertex 88.15 12 26.96
    endloop
  endfacet
  facet normal -1 0 0
    outer loop
      vertex 88.15 11.4127 30.6682
      vertex 88.15 32.5501 50
      vertex 88.15 11.8523 28.8372
    endloop
  endfacet
  facet normal -1 0 0
    outer loop
      vertex 88.15 10.6921 32.4079
      vertex 88.15 32.5501 50
      vertex 88.15 11.4127 30.6682
    endloop
  endfacet
  facet normal -1 0 0
    outer loop
      vertex 88.15 9.7082 34.0134
      vertex 88.15 32.5501 50
      vertex 88.15 10.6921 32.4079
    endloop
  endfacet
  facet normal -1 0 0
    outer loop
      vertex 88.15 8.48528 35.4453
      vertex 88.15 32.5501 50
      vertex 88.15 9.7082 34.0134
    endloop
  endfacet
  facet normal -1 0 0
    outer loop
      vertex 88.15 7.05342 36.6682
      vertex 88.15 32.5501 50
      vertex 88.15 8.48528 35.4453
    endloop
  endfacet
  facet normal -1 0 0
    outer loop
      vertex 88.15 5.44789 37.6521
      vertex 88.15 32.5501 50
      vertex 88.15 7.05342 36.6682
    endloop
  endfacet
  facet normal -1 0 0
    outer loop
      vertex 88.15 3.7082 38.3727
      vertex 88.15 32.5501 50
      vertex 88.15 5.44789 37.6521
    endloop
  endfacet
  facet normal -1 0 0
    outer loop
      vertex 88.15 1.87721 38.8123
      vertex 88.15 32.5501 50
      vertex 88.15 3.7082 38.3727
    endloop
  endfacet
  facet normal -1 0 0
    outer loop
      vertex 88.15 0 38.96
      vertex 88.15 32.5501 50
      vertex 88.15 1.87721 38.8123
    endloop
  endfacet
  facet normal -1 0 0
    outer loop
      vertex 88.15 -32.5501 50
      vertex 88.15 0 38.96
      vertex 88.15 -1.87721 38.8123
    endloop
  endfacet
  facet normal -1 0 0
    outer loop
      vertex 88.15 -32.5501 50
      vertex 88.15 -1.87721 38.8123
      vertex 88.15 -3.7082 38.3727
    endloop
  endfacet
  facet normal -1 0 0
    outer loop
      vertex 88.15 -32.5501 50
      vertex 88.15 -12 26.96
      vertex 88.15 -32.5501 1.85
    endloop
  endfacet
  facet normal -1 0 0
    outer loop
      vertex 88.15 -12 26.96
      vertex 88.15 -32.5501 50
      vertex 88.15 -11.8523 28.8372
    endloop
  endfacet
  facet normal -1 0 0
    outer loop
      vertex 88.15 -11.8523 28.8372
      vertex 88.15 -32.5501 50
      vertex 88.15 -11.4127 30.6682
    endloop
  endfacet
  facet normal -1 0 0
    outer loop
      vertex 88.15 -11.4127 30.6682
      vertex 88.15 -32.5501 50
      vertex 88.15 -10.6921 32.4079
    endloop
  endfacet
  facet normal -1 0 0
    outer loop
      vertex 88.15 0 38.96
      vertex 88.15 -32.5501 50
      vertex 88.15 32.5501 50
    endloop
  endfacet
  facet normal -1 0 0
    outer loop
      vertex 88.15 -5.44789 37.6521
      vertex 88.15 -32.5501 50
      vertex 88.15 -3.7082 38.3727
    endloop
  endfacet
  facet normal -1 0 0
    outer loop
      vertex 88.15 -7.05342 36.6682
      vertex 88.15 -32.5501 50
      vertex 88.15 -5.44789 37.6521
    endloop
  endfacet
  facet normal -1 0 0
    outer loop
      vertex 88.15 -8.48528 35.4453
      vertex 88.15 -32.5501 50
      vertex 88.15 -7.05342 36.6682
    endloop
  endfacet
  facet normal -1 0 0
    outer loop
      vertex 88.15 -9.7082 34.0134
      vertex 88.15 -32.5501 50
      vertex 88.15 -8.48528 35.4453
    endloop
  endfacet
  facet normal -1 0 0
    outer loop
      vertex 88.15 -10.6921 32.4079
      vertex 88.15 -32.5501 50
      vertex 88.15 -9.7082 34.0134
    endloop
  endfacet
  facet normal 0.382676 -0.923883 0
    outer loop
      vertex -83.7273 39.7672 1.85
      vertex -82.553 40.2536 50
      vertex -83.7273 39.7672 50
    endloop
  endfacet
  facet normal 0.382676 -0.923883 0
    outer loop
      vertex -82.553 40.2536 50
      vertex -83.7273 39.7672 1.85
      vertex -82.553 40.2536 1.85
    endloop
  endfacet
  facet normal 1 0 0
    outer loop
      vertex -88.15 32.5501 50
      vertex -88.15 12 26.96
      vertex -88.15 32.5501 1.85
    endloop
  endfacet
  facet normal 1 0 0
    outer loop
      vertex -88.15 32.5501 50
      vertex -88.15 11.8523 28.8372
      vertex -88.15 12 26.96
    endloop
  endfacet
  facet normal 1 0 0
    outer loop
      vertex -88.15 32.5501 50
      vertex -88.15 11.4127 30.6682
      vertex -88.15 11.8523 28.8372
    endloop
  endfacet
  facet normal 1 0 0
    outer loop
      vertex -88.15 32.5501 50
      vertex -88.15 10.6921 32.4079
      vertex -88.15 11.4127 30.6682
    endloop
  endfacet
  facet normal 1 0 0
    outer loop
      vertex -88.15 32.5501 50
      vertex -88.15 9.7082 34.0134
      vertex -88.15 10.6921 32.4079
    endloop
  endfacet
  facet normal 1 0 0
    outer loop
      vertex -88.15 32.5501 50
      vertex -88.15 8.48528 35.4453
      vertex -88.15 9.7082 34.0134
    endloop
  endfacet
  facet normal 1 0 0
    outer loop
      vertex -88.15 32.5501 50
      vertex -88.15 7.05342 36.6682
      vertex -88.15 8.48528 35.4453
    endloop
  endfacet
  facet normal 1 0 0
    outer loop
      vertex -88.15 32.5501 50
      vertex -88.15 5.44789 37.6521
      vertex -88.15 7.05342 36.6682
    endloop
  endfacet
  facet normal 1 0 0
    outer loop
      vertex -88.15 32.5501 50
      vertex -88.15 3.7082 38.3727
      vertex -88.15 5.44789 37.6521
    endloop
  endfacet
  facet normal 1 0 0
    outer loop
      vertex -88.15 32.5501 50
      vertex -88.15 1.87721 38.8123
      vertex -88.15 3.7082 38.3727
    endloop
  endfacet
  facet normal 1 0 0
    outer loop
      vertex -88.15 32.5501 50
      vertex -88.15 0 38.96
      vertex -88.15 1.87721 38.8123
    endloop
  endfacet
  facet normal 1 -0 0
    outer loop
      vertex -88.15 -32.5501 50
      vertex -88.15 0 38.96
      vertex -88.15 32.5501 50
    endloop
  endfacet
  facet normal 1 0 0
    outer loop
      vertex -88.15 0 38.96
      vertex -88.15 -32.5501 50
      vertex -88.15 -1.87721 38.8123
    endloop
  endfacet
  facet normal 1 0 0
    outer loop
      vertex -88.15 -32.5501 1.85
      vertex -88.15 -12 26.96
      vertex -88.15 -32.5501 50
    endloop
  endfacet
  facet normal 1 0 0
    outer loop
      vertex -88.15 -11.8523 28.8372
      vertex -88.15 -32.5501 50
      vertex -88.15 -12 26.96
    endloop
  endfacet
  facet normal 1 0 0
    outer loop
      vertex -88.15 -11.4127 30.6682
      vertex -88.15 -32.5501 50
      vertex -88.15 -11.8523 28.8372
    endloop
  endfacet
  facet normal 1 0 0
    outer loop
      vertex -88.15 -10.6921 32.4079
      vertex -88.15 -32.5501 50
      vertex -88.15 -11.4127 30.6682
    endloop
  endfacet
  facet normal 1 0 0
    outer loop
      vertex -88.15 -9.7082 34.0134
      vertex -88.15 -32.5501 50
      vertex -88.15 -10.6921 32.4079
    endloop
  endfacet
  facet normal 1 0 0
    outer loop
      vertex -88.15 -8.48528 35.4453
      vertex -88.15 -32.5501 50
      vertex -88.15 -9.7082 34.0134
    endloop
  endfacet
  facet normal 1 0 0
    outer loop
      vertex -88.15 -7.05342 36.6682
      vertex -88.15 -32.5501 50
      vertex -88.15 -8.48528 35.4453
    endloop
  endfacet
  facet normal 1 0 0
    outer loop
      vertex -88.15 -5.44789 37.6521
      vertex -88.15 -32.5501 50
      vertex -88.15 -7.05342 36.6682
    endloop
  endfacet
  facet normal 1 0 0
    outer loop
      vertex -88.15 -3.7082 38.3727
      vertex -88.15 -32.5501 50
      vertex -88.15 -5.44789 37.6521
    endloop
  endfacet
  facet normal 1 0 0
    outer loop
      vertex -88.15 -1.87721 38.8123
      vertex -88.15 -32.5501 50
      vertex -88.15 -3.7082 38.3727
    endloop
  endfacet
  facet normal 1 -0 0
    outer loop
      vertex -88.15 12 16.96
      vertex -88.15 32.5501 1.85
      vertex -88.15 12 26.96
    endloop
  endfacet
  facet normal 1 -0 0
    outer loop
      vertex -88.15 11.8523 15.0828
      vertex -88.15 32.5501 1.85
      vertex -88.15 12 16.96
    endloop
  endfacet
  facet normal 1 -0 0
    outer loop
      vertex -88.15 11.4127 13.2518
      vertex -88.15 32.5501 1.85
      vertex -88.15 11.8523 15.0828
    endloop
  endfacet
  facet normal 1 -0 0
    outer loop
      vertex -88.15 10.6921 11.5121
      vertex -88.15 32.5501 1.85
      vertex -88.15 11.4127 13.2518
    endloop
  endfacet
  facet normal 1 -0 0
    outer loop
      vertex -88.15 9.7082 9.90658
      vertex -88.15 32.5501 1.85
      vertex -88.15 10.6921 11.5121
    endloop
  endfacet
  facet normal 1 -0 0
    outer loop
      vertex -88.15 8.48528 8.47472
      vertex -88.15 32.5501 1.85
      vertex -88.15 9.7082 9.90658
    endloop
  endfacet
  facet normal 1 -0 0
    outer loop
      vertex -88.15 7.05342 7.2518
      vertex -88.15 32.5501 1.85
      vertex -88.15 8.48528 8.47472
    endloop
  endfacet
  facet normal 1 -0 0
    outer loop
      vertex -88.15 5.44789 6.26792
      vertex -88.15 32.5501 1.85
      vertex -88.15 7.05342 7.2518
    endloop
  endfacet
  facet normal 1 -0 0
    outer loop
      vertex -88.15 3.7082 5.54732
      vertex -88.15 32.5501 1.85
      vertex -88.15 5.44789 6.26792
    endloop
  endfacet
  facet normal 1 -0 0
    outer loop
      vertex -88.15 1.87721 5.10774
      vertex -88.15 32.5501 1.85
      vertex -88.15 3.7082 5.54732
    endloop
  endfacet
  facet normal 1 -0 0
    outer loop
      vertex -88.15 0 4.96
      vertex -88.15 32.5501 1.85
      vertex -88.15 1.87721 5.10774
    endloop
  endfacet
  facet normal 1 0 0
    outer loop
      vertex -88.15 -32.5501 1.85
      vertex -88.15 0 4.96
      vertex -88.15 -1.87721 5.10774
    endloop
  endfacet
  facet normal 1 0 0
    outer loop
      vertex -88.15 -12 26.96
      vertex -88.15 -32.5501 1.85
      vertex -88.15 -12 16.96
    endloop
  endfacet
  facet normal 1 0 0
    outer loop
      vertex -88.15 -12 16.96
      vertex -88.15 -32.5501 1.85
      vertex -88.15 -11.8523 15.0828
    endloop
  endfacet
  facet normal 1 0 0
    outer loop
      vertex -88.15 -11.8523 15.0828
      vertex -88.15 -32.5501 1.85
      vertex -88.15 -11.4127 13.2518
    endloop
  endfacet
  facet normal 1 0 0
    outer loop
      vertex -88.15 0 4.96
      vertex -88.15 -32.5501 1.85
      vertex -88.15 32.5501 1.85
    endloop
  endfacet
  facet normal 1 0 0
    outer loop
      vertex -88.15 -3.7082 5.54732
      vertex -88.15 -32.5501 1.85
      vertex -88.15 -1.87721 5.10774
    endloop
  endfacet
  facet normal 1 0 0
    outer loop
      vertex -88.15 -5.44789 6.26792
      vertex -88.15 -32.5501 1.85
      vertex -88.15 -3.7082 5.54732
    endloop
  endfacet
  facet normal 1 0 0
    outer loop
      vertex -88.15 -7.05342 7.2518
      vertex -88.15 -32.5501 1.85
      vertex -88.15 -5.44789 6.26792
    endloop
  endfacet
  facet normal 1 0 0
    outer loop
      vertex -88.15 -8.48528 8.47472
      vertex -88.15 -32.5501 1.85
      vertex -88.15 -7.05342 7.2518
    endloop
  endfacet
  facet normal 1 0 0
    outer loop
      vertex -88.15 -9.7082 9.90658
      vertex -88.15 -32.5501 1.85
      vertex -88.15 -8.48528 8.47472
    endloop
  endfacet
  facet normal 1 0 0
    outer loop
      vertex -88.15 -10.6921 11.5121
      vertex -88.15 -32.5501 1.85
      vertex -88.15 -9.7082 9.90658
    endloop
  endfacet
  facet normal 1 0 0
    outer loop
      vertex -88.15 -11.4127 13.2518
      vertex -88.15 -32.5501 1.85
      vertex -88.15 -10.6921 11.5121
    endloop
  endfacet
  facet normal 0.382676 0.923883 -0
    outer loop
      vertex -82.553 -40.2536 1.85
      vertex -83.7273 -39.7672 50
      vertex -82.553 -40.2536 50
    endloop
  endfacet
  facet normal 0.382676 0.923883 0
    outer loop
      vertex -83.7273 -39.7672 50
      vertex -82.553 -40.2536 1.85
      vertex -83.7273 -39.7672 1.85
    endloop
  endfacet
  facet normal -0.852624 0.522525 0
    outer loop
      vertex 86.603 -37.3111 1.85
      vertex 87.2672 -36.2273 50
      vertex 87.2672 -36.2273 1.85
    endloop
  endfacet
  facet normal -0.852624 0.522525 0
    outer loop
      vertex 87.2672 -36.2273 50
      vertex 86.603 -37.3111 1.85
      vertex 86.603 -37.3111 50
    endloop
  endfacet
  facet normal -0.996918 0.0784473 0
    outer loop
      vertex 88.0503 -33.8171 1.85
      vertex 88.15 -32.5501 50
      vertex 88.15 -32.5501 1.85
    endloop
  endfacet
  facet normal -0.996918 0.0784473 0
    outer loop
      vertex 88.15 -32.5501 50
      vertex 88.0503 -33.8171 1.85
      vertex 88.0503 -33.8171 50
    endloop
  endfacet
  facet normal -0.382676 0.923883 0
    outer loop
      vertex 83.7273 -39.7672 1.85
      vertex 82.553 -40.2536 50
      vertex 83.7273 -39.7672 50
    endloop
  endfacet
  facet normal -0.382676 0.923883 0
    outer loop
      vertex 82.553 -40.2536 50
      vertex 83.7273 -39.7672 1.85
      vertex 82.553 -40.2536 1.85
    endloop
  endfacet
  facet normal 0 -1 0
    outer loop
      vertex 0.75 40.65 1.85
      vertex 3.75 40.65 36.85
      vertex 0.75 40.65 36.85
    endloop
  endfacet
  facet normal 0 -1 -0
    outer loop
      vertex 3.75 40.65 36.85
      vertex 0.75 40.65 1.85
      vertex 3.75 40.65 1.85
    endloop
  endfacet
  facet normal 0 -1 0
    outer loop
      vertex -3.75 40.65 1.85
      vertex -0.75 40.65 36.85
      vertex -3.75 40.65 36.85
    endloop
  endfacet
  facet normal 0 -1 -0
    outer loop
      vertex -0.75 40.65 36.85
      vertex -3.75 40.65 1.85
      vertex -0.75 40.65 1.85
    endloop
  endfacet
  facet normal 0 -1 0
    outer loop
      vertex -3.75 40.65 36.85
      vertex -80.0501 40.65 50
      vertex -5.25 40.65 36.85
    endloop
  endfacet
  facet normal 0 -1 0
    outer loop
      vertex -80.0501 40.65 1.85
      vertex -5.25 40.65 36.85
      vertex -80.0501 40.65 50
    endloop
  endfacet
  facet normal 0 -1 -0
    outer loop
      vertex -5.25 40.65 36.85
      vertex -80.0501 40.65 1.85
      vertex -5.25 40.65 1.85
    endloop
  endfacet
  facet normal 0 -1 0
    outer loop
      vertex -80.0501 40.65 50
      vertex -3.75 40.65 36.85
      vertex 80.0501 40.65 50
    endloop
  endfacet
  facet normal 0 -1 0
    outer loop
      vertex -0.75 40.65 36.85
      vertex 80.0501 40.65 50
      vertex -3.75 40.65 36.85
    endloop
  endfacet
  facet normal 0 -1 0
    outer loop
      vertex 0.75 40.65 36.85
      vertex 80.0501 40.65 50
      vertex -0.75 40.65 36.85
    endloop
  endfacet
  facet normal 0 -1 0
    outer loop
      vertex 3.75 40.65 36.85
      vertex 80.0501 40.65 50
      vertex 0.75 40.65 36.85
    endloop
  endfacet
  facet normal 0 -1 0
    outer loop
      vertex 5.25 40.65 36.85
      vertex 80.0501 40.65 50
      vertex 3.75 40.65 36.85
    endloop
  endfacet
  facet normal 0 -1 0
    outer loop
      vertex 80.0501 40.65 1.85
      vertex 5.25 40.65 36.85
      vertex 5.25 40.65 1.85
    endloop
  endfacet
  facet normal 0 -1 0
    outer loop
      vertex 5.25 40.65 36.85
      vertex 80.0501 40.65 1.85
      vertex 80.0501 40.65 50
    endloop
  endfacet
  facet normal 0.996918 -0.0784473 0
    outer loop
      vertex -88.15 32.5501 50
      vertex -88.0503 33.8171 1.85
      vertex -88.0503 33.8171 50
    endloop
  endfacet
  facet normal 0.996918 -0.0784473 0
    outer loop
      vertex -88.0503 33.8171 1.85
      vertex -88.15 32.5501 50
      vertex -88.15 32.5501 1.85
    endloop
  endfacet
  facet normal 0.760433 -0.649417 0
    outer loop
      vertex -86.603 37.3111 50
      vertex -85.7776 38.2776 1.85
      vertex -85.7776 38.2776 50
    endloop
  endfacet
  facet normal 0.760433 -0.649417 0
    outer loop
      vertex -85.7776 38.2776 1.85
      vertex -86.603 37.3111 50
      vertex -86.603 37.3111 1.85
    endloop
  endfacet
  facet normal -0 0 1
    outer loop
      vertex -80.0501 40.65 1.85
      vertex -5.25 25.65 1.85
      vertex -5.25 40.65 1.85
    endloop
  endfacet
  facet normal -0 0 1
    outer loop
      vertex -88.15 32.5501 1.85
      vertex -5.25 25.65 1.85
      vertex -80.0501 40.65 1.85
    endloop
  endfacet
  facet normal 0 0 1
    outer loop
      vertex -5.25 25.65 1.85
      vertex -88.15 32.5501 1.85
      vertex -5.25 -25.65 1.85
    endloop
  endfacet
  facet normal 0 0 1
    outer loop
      vertex -5.25 -25.65 1.85
      vertex -80.0501 -40.65 1.85
      vertex -5.25 -40.65 1.85
    endloop
  endfacet
  facet normal 0 0 1
    outer loop
      vertex -88.15 32.5501 1.85
      vertex -80.0501 40.65 1.85
      vertex -81.3171 40.5503 1.85
    endloop
  endfacet
  facet normal 0 0 1
    outer loop
      vertex -88.15 -32.5501 1.85
      vertex -5.25 -25.65 1.85
      vertex -88.15 32.5501 1.85
    endloop
  endfacet
  facet normal 0 0 1
    outer loop
      vertex -88.15 32.5501 1.85
      vertex -81.3171 40.5503 1.85
      vertex -82.553 40.2536 1.85
    endloop
  endfacet
  facet normal 0 0 1
    outer loop
      vertex -5.25 -25.65 1.85
      vertex -88.15 -32.5501 1.85
      vertex -80.0501 -40.65 1.85
    endloop
  endfacet
  facet normal 0 0 1
    outer loop
      vertex -88.15 32.5501 1.85
      vertex -82.553 40.2536 1.85
      vertex -83.7273 39.7672 1.85
    endloop
  endfacet
  facet normal 0 0 1
    outer loop
      vertex -80.0501 -40.65 1.85
      vertex -88.15 -32.5501 1.85
      vertex -81.3171 -40.5503 1.85
    endloop
  endfacet
  facet normal 0 0 1
    outer loop
      vertex -88.15 32.5501 1.85
      vertex -83.7273 39.7672 1.85
      vertex -84.8111 39.103 1.85
    endloop
  endfacet
  facet normal 0 0 1
    outer loop
      vertex -81.3171 -40.5503 1.85
      vertex -88.15 -32.5501 1.85
      vertex -82.553 -40.2536 1.85
    endloop
  endfacet
  facet normal 0 0 1
    outer loop
      vertex -88.15 32.5501 1.85
      vertex -84.8111 39.103 1.85
      vertex -85.7776 38.2776 1.85
    endloop
  endfacet
  facet normal 0 0 1
    outer loop
      vertex -82.553 -40.2536 1.85
      vertex -88.15 -32.5501 1.85
      vertex -83.7273 -39.7672 1.85
    endloop
  endfacet
  facet normal 0 0 1
    outer loop
      vertex -88.15 32.5501 1.85
      vertex -85.7776 38.2776 1.85
      vertex -86.603 37.3111 1.85
    endloop
  endfacet
  facet normal 0 0 1
    outer loop
      vertex -83.7273 -39.7672 1.85
      vertex -88.15 -32.5501 1.85
      vertex -84.8111 -39.103 1.85
    endloop
  endfacet
  facet normal 0 0 1
    outer loop
      vertex -88.15 32.5501 1.85
      vertex -86.603 37.3111 1.85
      vertex -87.2672 36.2273 1.85
    endloop
  endfacet
  facet normal 0 0 1
    outer loop
      vertex -84.8111 -39.103 1.85
      vertex -88.15 -32.5501 1.85
      vertex -85.7776 -38.2776 1.85
    endloop
  endfacet
  facet normal 0 0 1
    outer loop
      vertex -88.15 32.5501 1.85
      vertex -87.2672 36.2273 1.85
      vertex -87.7536 35.053 1.85
    endloop
  endfacet
  facet normal 0 0 1
    outer loop
      vertex -85.7776 -38.2776 1.85
      vertex -88.15 -32.5501 1.85
      vertex -86.603 -37.3111 1.85
    endloop
  endfacet
  facet normal 0 0 1
    outer loop
      vertex -88.15 32.5501 1.85
      vertex -87.7536 35.053 1.85
      vertex -88.0503 33.8171 1.85
    endloop
  endfacet
  facet normal 0 0 1
    outer loop
      vertex -86.603 -37.3111 1.85
      vertex -88.15 -32.5501 1.85
      vertex -87.2672 -36.2273 1.85
    endloop
  endfacet
  facet normal 0 0 1
    outer loop
      vertex -87.2672 -36.2273 1.85
      vertex -88.15 -32.5501 1.85
      vertex -87.7536 -35.053 1.85
    endloop
  endfacet
  facet normal 0 0 1
    outer loop
      vertex -87.7536 -35.053 1.85
      vertex -88.15 -32.5501 1.85
      vertex -88.0503 -33.8171 1.85
    endloop
  endfacet
  facet normal -0 0 1
    outer loop
      vertex -5.25 25.65 1.85
      vertex -3.75 -25.65 1.85
      vertex -3.75 25.65 1.85
    endloop
  endfacet
  facet normal 0 0 1
    outer loop
      vertex -3.75 -25.65 1.85
      vertex -5.25 25.65 1.85
      vertex -5.25 -25.65 1.85
    endloop
  endfacet
  facet normal 0 0 1
    outer loop
      vertex -3.75 25.65 1.85
      vertex -0.75 25.65 1.85
      vertex -0.75 40.65 1.85
    endloop
  endfacet
  facet normal 0 0 1
    outer loop
      vertex -0.75 25.65 1.85
      vertex -3.75 25.65 1.85
      vertex -0.75 -25.65 1.85
    endloop
  endfacet
  facet normal 0 0 1
    outer loop
      vertex -3.75 25.65 1.85
      vertex -0.75 40.65 1.85
      vertex -3.75 40.65 1.85
    endloop
  endfacet
  facet normal 0 0 1
    outer loop
      vertex -3.75 -25.65 1.85
      vertex -0.75 -25.65 1.85
      vertex -3.75 25.65 1.85
    endloop
  endfacet
  facet normal 0 0 1
    outer loop
      vertex -0.75 -25.65 1.85
      vertex -3.75 -25.65 1.85
      vertex -0.75 -40.65 1.85
    endloop
  endfacet
  facet normal 0 0 1
    outer loop
      vertex -0.75 -40.65 1.85
      vertex -3.75 -25.65 1.85
      vertex -3.75 -40.65 1.85
    endloop
  endfacet
  facet normal -0 0 1
    outer loop
      vertex -0.75 25.65 1.85
      vertex 0.75 -25.65 1.85
      vertex 0.75 25.65 1.85
    endloop
  endfacet
  facet normal 0 0 1
    outer loop
      vertex 0.75 -25.65 1.85
      vertex -0.75 25.65 1.85
      vertex -0.75 -25.65 1.85
    endloop
  endfacet
  facet normal 0 0 1
    outer loop
      vertex 0.75 25.65 1.85
      vertex 3.75 25.65 1.85
      vertex 3.75 40.65 1.85
    endloop
  endfacet
  facet normal 0 0 1
    outer loop
      vertex 3.75 25.65 1.85
      vertex 0.75 25.65 1.85
      vertex 3.75 -25.65 1.85
    endloop
  endfacet
  facet normal 0 0 1
    outer loop
      vertex 0.75 25.65 1.85
      vertex 3.75 40.65 1.85
      vertex 0.75 40.65 1.85
    endloop
  endfacet
  facet normal 0 0 1
    outer loop
      vertex 0.75 -25.65 1.85
      vertex 3.75 -25.65 1.85
      vertex 0.75 25.65 1.85
    endloop
  endfacet
  facet normal 0 0 1
    outer loop
      vertex 3.75 -25.65 1.85
      vertex 0.75 -25.65 1.85
      vertex 3.75 -40.65 1.85
    endloop
  endfacet
  facet normal 0 0 1
    outer loop
      vertex 3.75 -40.65 1.85
      vertex 0.75 -25.65 1.85
      vertex 0.75 -40.65 1.85
    endloop
  endfacet
  facet normal -0 0 1
    outer loop
      vertex 3.75 25.65 1.85
      vertex 5.25 -25.65 1.85
      vertex 5.25 25.65 1.85
    endloop
  endfacet
  facet normal 0 0 1
    outer loop
      vertex 5.25 -25.65 1.85
      vertex 3.75 25.65 1.85
      vertex 3.75 -25.65 1.85
    endloop
  endfacet
  facet normal 0 0 1
    outer loop
      vertex 80.0501 40.65 1.85
      vertex 88.15 32.5501 1.85
      vertex 88.0503 33.8171 1.85
    endloop
  endfacet
  facet normal 0 0 1
    outer loop
      vertex 5.25 25.65 1.85
      vertex 88.15 32.5501 1.85
      vertex 80.0501 40.65 1.85
    endloop
  endfacet
  facet normal 0 0 1
    outer loop
      vertex 80.0501 40.65 1.85
      vertex 88.0503 33.8171 1.85
      vertex 87.7536 35.053 1.85
    endloop
  endfacet
  facet normal 0 0 1
    outer loop
      vertex 88.15 32.5501 1.85
      vertex 5.25 25.65 1.85
      vertex 88.15 -32.5501 1.85
    endloop
  endfacet
  facet normal 0 0 1
    outer loop
      vertex 80.0501 40.65 1.85
      vertex 87.7536 35.053 1.85
      vertex 87.2672 36.2273 1.85
    endloop
  endfacet
  facet normal 0 0 1
    outer loop
      vertex 88.15 -32.5501 1.85
      vertex 80.0501 -40.65 1.85
      vertex 88.0503 -33.8171 1.85
    endloop
  endfacet
  facet normal 0 0 1
    outer loop
      vertex 80.0501 40.65 1.85
      vertex 87.2672 36.2273 1.85
      vertex 86.603 37.3111 1.85
    endloop
  endfacet
  facet normal 0 0 1
    outer loop
      vertex 88.0503 -33.8171 1.85
      vertex 80.0501 -40.65 1.85
      vertex 87.7536 -35.053 1.85
    endloop
  endfacet
  facet normal 0 0 1
    outer loop
      vertex 80.0501 40.65 1.85
      vertex 86.603 37.3111 1.85
      vertex 85.7776 38.2776 1.85
    endloop
  endfacet
  facet normal 0 0 1
    outer loop
      vertex 87.7536 -35.053 1.85
      vertex 80.0501 -40.65 1.85
      vertex 87.2672 -36.2273 1.85
    endloop
  endfacet
  facet normal 0 0 1
    outer loop
      vertex 80.0501 40.65 1.85
      vertex 85.7776 38.2776 1.85
      vertex 84.8111 39.103 1.85
    endloop
  endfacet
  facet normal 0 0 1
    outer loop
      vertex 87.2672 -36.2273 1.85
      vertex 80.0501 -40.65 1.85
      vertex 86.603 -37.3111 1.85
    endloop
  endfacet
  facet normal 0 0 1
    outer loop
      vertex 80.0501 40.65 1.85
      vertex 84.8111 39.103 1.85
      vertex 83.7273 39.7672 1.85
    endloop
  endfacet
  facet normal 0 0 1
    outer loop
      vertex 86.603 -37.3111 1.85
      vertex 80.0501 -40.65 1.85
      vertex 85.7776 -38.2776 1.85
    endloop
  endfacet
  facet normal 0 0 1
    outer loop
      vertex 80.0501 40.65 1.85
      vertex 83.7273 39.7672 1.85
      vertex 82.553 40.2536 1.85
    endloop
  endfacet
  facet normal 0 0 1
    outer loop
      vertex 85.7776 -38.2776 1.85
      vertex 80.0501 -40.65 1.85
      vertex 84.8111 -39.103 1.85
    endloop
  endfacet
  facet normal 0 0 1
    outer loop
      vertex 80.0501 40.65 1.85
      vertex 82.553 40.2536 1.85
      vertex 81.3171 40.5503 1.85
    endloop
  endfacet
  facet normal 0 0 1
    outer loop
      vertex 84.8111 -39.103 1.85
      vertex 80.0501 -40.65 1.85
      vertex 83.7273 -39.7672 1.85
    endloop
  endfacet
  facet normal 0 0 1
    outer loop
      vertex 83.7273 -39.7672 1.85
      vertex 80.0501 -40.65 1.85
      vertex 82.553 -40.2536 1.85
    endloop
  endfacet
  facet normal 0 0 1
    outer loop
      vertex 82.553 -40.2536 1.85
      vertex 80.0501 -40.65 1.85
      vertex 81.3171 -40.5503 1.85
    endloop
  endfacet
  facet normal 0 0 1
    outer loop
      vertex 5.25 25.65 1.85
      vertex 80.0501 40.65 1.85
      vertex 5.25 40.65 1.85
    endloop
  endfacet
  facet normal -0 0 1
    outer loop
      vertex 5.25 -25.65 1.85
      vertex 88.15 -32.5501 1.85
      vertex 5.25 25.65 1.85
    endloop
  endfacet
  facet normal 0 0 1
    outer loop
      vertex 88.15 -32.5501 1.85
      vertex 5.25 -25.65 1.85
      vertex 80.0501 -40.65 1.85
    endloop
  endfacet
  facet normal 0 0 1
    outer loop
      vertex 80.0501 -40.65 1.85
      vertex 5.25 -25.65 1.85
      vertex 5.25 -40.65 1.85
    endloop
  endfacet
  facet normal -0.760433 -0.649417 0
    outer loop
      vertex 86.603 37.3111 1.85
      vertex 85.7776 38.2776 50
      vertex 85.7776 38.2776 1.85
    endloop
  endfacet
  facet normal -0.760433 -0.649417 0
    outer loop
      vertex 85.7776 38.2776 50
      vertex 86.603 37.3111 1.85
      vertex 86.603 37.3111 50
    endloop
  endfacet
  facet normal -0.972372 0.233435 0
    outer loop
      vertex 87.7536 -35.053 1.85
      vertex 88.0503 -33.8171 50
      vertex 88.0503 -33.8171 1.85
    endloop
  endfacet
  facet normal -0.972372 0.233435 0
    outer loop
      vertex 88.0503 -33.8171 50
      vertex 87.7536 -35.053 1.85
      vertex 87.7536 -35.053 50
    endloop
  endfacet
  facet normal -0.760433 0.649417 0
    outer loop
      vertex 85.7776 -38.2776 1.85
      vertex 86.603 -37.3111 50
      vertex 86.603 -37.3111 1.85
    endloop
  endfacet
  facet normal -0.760433 0.649417 0
    outer loop
      vertex 86.603 -37.3111 50
      vertex 85.7776 -38.2776 1.85
      vertex 85.7776 -38.2776 50
    endloop
  endfacet
  facet normal -0.0784473 0.996918 0
    outer loop
      vertex 81.3171 -40.5503 1.85
      vertex 80.0501 -40.65 50
      vertex 81.3171 -40.5503 50
    endloop
  endfacet
  facet normal -0.0784473 0.996918 0
    outer loop
      vertex 80.0501 -40.65 50
      vertex 81.3171 -40.5503 1.85
      vertex 80.0501 -40.65 1.85
    endloop
  endfacet
  facet normal 0.233435 0.972372 -0
    outer loop
      vertex -81.3171 -40.5503 1.85
      vertex -82.553 -40.2536 50
      vertex -81.3171 -40.5503 50
    endloop
  endfacet
  facet normal 0.233435 0.972372 0
    outer loop
      vertex -82.553 -40.2536 50
      vertex -81.3171 -40.5503 1.85
      vertex -82.553 -40.2536 1.85
    endloop
  endfacet
  facet normal 0.852624 0.522525 0
    outer loop
      vertex -86.603 -37.3111 50
      vertex -87.2672 -36.2273 1.85
      vertex -87.2672 -36.2273 50
    endloop
  endfacet
  facet normal 0.852624 0.522525 0
    outer loop
      vertex -87.2672 -36.2273 1.85
      vertex -86.603 -37.3111 50
      vertex -86.603 -37.3111 1.85
    endloop
  endfacet
  facet normal -0.522525 -0.852624 0
    outer loop
      vertex 83.7273 39.7672 1.85
      vertex 84.8111 39.103 50
      vertex 83.7273 39.7672 50
    endloop
  endfacet
  facet normal -0.522525 -0.852624 -0
    outer loop
      vertex 84.8111 39.103 50
      vertex 83.7273 39.7672 1.85
      vertex 84.8111 39.103 1.85
    endloop
  endfacet
  facet normal -0.0784473 -0.996918 0
    outer loop
      vertex 80.0501 40.65 1.85
      vertex 81.3171 40.5503 50
      vertex 80.0501 40.65 50
    endloop
  endfacet
  facet normal -0.0784473 -0.996918 -0
    outer loop
      vertex 81.3171 40.5503 50
      vertex 80.0501 40.65 1.85
      vertex 81.3171 40.5503 1.85
    endloop
  endfacet
  facet normal 0.923883 0.382676 0
    outer loop
      vertex -87.2672 -36.2273 50
      vertex -87.7536 -35.053 1.85
      vertex -87.7536 -35.053 50
    endloop
  endfacet
  facet normal 0.923883 0.382676 0
    outer loop
      vertex -87.7536 -35.053 1.85
      vertex -87.2672 -36.2273 50
      vertex -87.2672 -36.2273 1.85
    endloop
  endfacet
  facet normal -0.852624 -0.522525 0
    outer loop
      vertex 87.2672 36.2273 1.85
      vertex 86.603 37.3111 50
      vertex 86.603 37.3111 1.85
    endloop
  endfacet
  facet normal -0.852624 -0.522525 0
    outer loop
      vertex 86.603 37.3111 50
      vertex 87.2672 36.2273 1.85
      vertex 87.2672 36.2273 50
    endloop
  endfacet
  facet normal -0.923883 -0.382676 0
    outer loop
      vertex 87.7536 35.053 1.85
      vertex 87.2672 36.2273 50
      vertex 87.2672 36.2273 1.85
    endloop
  endfacet
  facet normal -0.923883 -0.382676 0
    outer loop
      vertex 87.2672 36.2273 50
      vertex 87.7536 35.053 1.85
      vertex 87.7536 35.053 50
    endloop
  endfacet
  facet normal -0.923883 0.382676 0
    outer loop
      vertex 87.2672 -36.2273 1.85
      vertex 87.7536 -35.053 50
      vertex 87.7536 -35.053 1.85
    endloop
  endfacet
  facet normal -0.923883 0.382676 0
    outer loop
      vertex 87.7536 -35.053 50
      vertex 87.2672 -36.2273 1.85
      vertex 87.2672 -36.2273 50
    endloop
  endfacet
  facet normal -0.649417 0.760433 0
    outer loop
      vertex 85.7776 -38.2776 1.85
      vertex 84.8111 -39.103 50
      vertex 85.7776 -38.2776 50
    endloop
  endfacet
  facet normal -0.649417 0.760433 0
    outer loop
      vertex 84.8111 -39.103 50
      vertex 85.7776 -38.2776 1.85
      vertex 84.8111 -39.103 1.85
    endloop
  endfacet
  facet normal -0.522525 0.852624 0
    outer loop
      vertex 84.8111 -39.103 1.85
      vertex 83.7273 -39.7672 50
      vertex 84.8111 -39.103 50
    endloop
  endfacet
  facet normal -0.522525 0.852624 0
    outer loop
      vertex 83.7273 -39.7672 50
      vertex 84.8111 -39.103 1.85
      vertex 83.7273 -39.7672 1.85
    endloop
  endfacet
  facet normal -0.233435 0.972372 0
    outer loop
      vertex 82.553 -40.2536 1.85
      vertex 81.3171 -40.5503 50
      vertex 82.553 -40.2536 50
    endloop
  endfacet
  facet normal -0.233435 0.972372 0
    outer loop
      vertex 81.3171 -40.5503 50
      vertex 82.553 -40.2536 1.85
      vertex 81.3171 -40.5503 1.85
    endloop
  endfacet
  facet normal 0.0784473 0.996918 -0
    outer loop
      vertex -80.0501 -40.65 1.85
      vertex -81.3171 -40.5503 50
      vertex -80.0501 -40.65 50
    endloop
  endfacet
  facet normal 0.0784473 0.996918 0
    outer loop
      vertex -81.3171 -40.5503 50
      vertex -80.0501 -40.65 1.85
      vertex -81.3171 -40.5503 1.85
    endloop
  endfacet
  facet normal -0.382676 -0.923883 0
    outer loop
      vertex 82.553 40.2536 1.85
      vertex 83.7273 39.7672 50
      vertex 82.553 40.2536 50
    endloop
  endfacet
  facet normal -0.382676 -0.923883 -0
    outer loop
      vertex 83.7273 39.7672 50
      vertex 82.553 40.2536 1.85
      vertex 83.7273 39.7672 1.85
    endloop
  endfacet
  facet normal 0.233435 -0.972372 0
    outer loop
      vertex -82.553 40.2536 1.85
      vertex -81.3171 40.5503 50
      vertex -82.553 40.2536 50
    endloop
  endfacet
  facet normal 0.233435 -0.972372 0
    outer loop
      vertex -81.3171 40.5503 50
      vertex -82.553 40.2536 1.85
      vertex -81.3171 40.5503 1.85
    endloop
  endfacet
  facet normal 0.0784473 -0.996918 0
    outer loop
      vertex -81.3171 40.5503 1.85
      vertex -80.0501 40.65 50
      vertex -81.3171 40.5503 50
    endloop
  endfacet
  facet normal 0.0784473 -0.996918 0
    outer loop
      vertex -80.0501 40.65 50
      vertex -81.3171 40.5503 1.85
      vertex -80.0501 40.65 1.85
    endloop
  endfacet
  facet normal 0.972372 -0.233435 0
    outer loop
      vertex -88.0503 33.8171 50
      vertex -87.7536 35.053 1.85
      vertex -87.7536 35.053 50
    endloop
  endfacet
  facet normal 0.972372 -0.233435 0
    outer loop
      vertex -87.7536 35.053 1.85
      vertex -88.0503 33.8171 50
      vertex -88.0503 33.8171 1.85
    endloop
  endfacet
  facet normal 0.923883 -0.382676 0
    outer loop
      vertex -87.7536 35.053 50
      vertex -87.2672 36.2273 1.85
      vertex -87.2672 36.2273 50
    endloop
  endfacet
  facet normal 0.923883 -0.382676 0
    outer loop
      vertex -87.2672 36.2273 1.85
      vertex -87.7536 35.053 50
      vertex -87.7536 35.053 1.85
    endloop
  endfacet
  facet normal 0.852624 -0.522525 0
    outer loop
      vertex -87.2672 36.2273 50
      vertex -86.603 37.3111 1.85
      vertex -86.603 37.3111 50
    endloop
  endfacet
  facet normal 0.852624 -0.522525 0
    outer loop
      vertex -86.603 37.3111 1.85
      vertex -87.2672 36.2273 50
      vertex -87.2672 36.2273 1.85
    endloop
  endfacet
  facet normal 0.972372 0.233435 0
    outer loop
      vertex -87.7536 -35.053 50
      vertex -88.0503 -33.8171 1.85
      vertex -88.0503 -33.8171 50
    endloop
  endfacet
  facet normal 0.972372 0.233435 0
    outer loop
      vertex -88.0503 -33.8171 1.85
      vertex -87.7536 -35.053 50
      vertex -87.7536 -35.053 1.85
    endloop
  endfacet
  facet normal 0.996918 0.0784473 0
    outer loop
      vertex -88.0503 -33.8171 50
      vertex -88.15 -32.5501 1.85
      vertex -88.15 -32.5501 50
    endloop
  endfacet
  facet normal 0.996918 0.0784473 0
    outer loop
      vertex -88.15 -32.5501 1.85
      vertex -88.0503 -33.8171 50
      vertex -88.0503 -33.8171 1.85
    endloop
  endfacet
  facet normal -0.972372 -0.233435 0
    outer loop
      vertex 88.0503 33.8171 1.85
      vertex 87.7536 35.053 50
      vertex 87.7536 35.053 1.85
    endloop
  endfacet
  facet normal -0.972372 -0.233435 0
    outer loop
      vertex 87.7536 35.053 50
      vertex 88.0503 33.8171 1.85
      vertex 88.0503 33.8171 50
    endloop
  endfacet
  facet normal -0.996918 -0.0784473 0
    outer loop
      vertex 88.15 32.5501 1.85
      vertex 88.0503 33.8171 50
      vertex 88.0503 33.8171 1.85
    endloop
  endfacet
  facet normal -0.996918 -0.0784473 0
    outer loop
      vertex 88.0503 33.8171 50
      vertex 88.15 32.5501 1.85
      vertex 88.15 32.5501 50
    endloop
  endfacet
  facet normal -0.233435 -0.972372 0
    outer loop
      vertex 81.3171 40.5503 1.85
      vertex 82.553 40.2536 50
      vertex 81.3171 40.5503 50
    endloop
  endfacet
  facet normal -0.233435 -0.972372 -0
    outer loop
      vertex 82.553 40.2536 50
      vertex 81.3171 40.5503 1.85
      vertex 82.553 40.2536 1.85
    endloop
  endfacet
  facet normal 0.649417 -0.760433 0
    outer loop
      vertex -85.7776 38.2776 1.85
      vertex -84.8111 39.103 50
      vertex -85.7776 38.2776 50
    endloop
  endfacet
  facet normal 0.649417 -0.760433 0
    outer loop
      vertex -84.8111 39.103 50
      vertex -85.7776 38.2776 1.85
      vertex -84.8111 39.103 1.85
    endloop
  endfacet
  facet normal 0.522525 -0.852624 0
    outer loop
      vertex -84.8111 39.103 1.85
      vertex -83.7273 39.7672 50
      vertex -84.8111 39.103 50
    endloop
  endfacet
  facet normal 0.522525 -0.852624 0
    outer loop
      vertex -83.7273 39.7672 50
      vertex -84.8111 39.103 1.85
      vertex -83.7273 39.7672 1.85
    endloop
  endfacet
  facet normal 0 -0.919145 0.393919
    outer loop
      vertex -5.25 25.65 1.85
      vertex -3.75 40.65 36.85
      vertex -5.25 40.65 36.85
    endloop
  endfacet
  facet normal 0 -0.919145 0.393919
    outer loop
      vertex -3.75 40.65 36.85
      vertex -5.25 25.65 1.85
      vertex -3.75 25.65 1.85
    endloop
  endfacet
  facet normal -1 0 0
    outer loop
      vertex -5.25 40.65 1.85
      vertex -5.25 25.65 1.85
      vertex -5.25 40.65 36.85
    endloop
  endfacet
  facet normal 1 0 0
    outer loop
      vertex -3.75 40.65 36.85
      vertex -3.75 25.65 1.85
      vertex -3.75 40.65 1.85
    endloop
  endfacet
  facet normal 1 0 0
    outer loop
      vertex -3.75 -40.65 36.85
      vertex -3.75 -40.65 1.85
      vertex -3.75 -25.65 1.85
    endloop
  endfacet
  facet normal -1 0 0
    outer loop
      vertex -5.25 -25.65 1.85
      vertex -5.25 -40.65 1.85
      vertex -5.25 -40.65 36.85
    endloop
  endfacet
  facet normal 0 0.919145 0.393919
    outer loop
      vertex -3.75 -25.65 1.85
      vertex -5.25 -40.65 36.85
      vertex -3.75 -40.65 36.85
    endloop
  endfacet
  facet normal 0 0.919145 0.393919
    outer loop
      vertex -5.25 -40.65 36.85
      vertex -3.75 -25.65 1.85
      vertex -5.25 -25.65 1.85
    endloop
  endfacet
  facet normal 0 -0.919145 0.393919
    outer loop
      vertex -0.75 25.65 1.85
      vertex 0.75 40.65 36.85
      vertex -0.75 40.65 36.85
    endloop
  endfacet
  facet normal 0 -0.919145 0.393919
    outer loop
      vertex 0.75 40.65 36.85
      vertex -0.75 25.65 1.85
      vertex 0.75 25.65 1.85
    endloop
  endfacet
  facet normal -1 0 0
    outer loop
      vertex -0.75 40.65 1.85
      vertex -0.75 25.65 1.85
      vertex -0.75 40.65 36.85
    endloop
  endfacet
  facet normal 1 0 0
    outer loop
      vertex 0.75 40.65 36.85
      vertex 0.75 25.65 1.85
      vertex 0.75 40.65 1.85
    endloop
  endfacet
  facet normal 1 0 0
    outer loop
      vertex 0.75 -40.65 36.85
      vertex 0.75 -40.65 1.85
      vertex 0.75 -25.65 1.85
    endloop
  endfacet
  facet normal -1 0 0
    outer loop
      vertex -0.75 -25.65 1.85
      vertex -0.75 -40.65 1.85
      vertex -0.75 -40.65 36.85
    endloop
  endfacet
  facet normal 0 0.919145 0.393919
    outer loop
      vertex 0.75 -25.65 1.85
      vertex -0.75 -40.65 36.85
      vertex 0.75 -40.65 36.85
    endloop
  endfacet
  facet normal 0 0.919145 0.393919
    outer loop
      vertex -0.75 -40.65 36.85
      vertex 0.75 -25.65 1.85
      vertex -0.75 -25.65 1.85
    endloop
  endfacet
  facet normal 0 -0.919145 0.393919
    outer loop
      vertex 3.75 25.65 1.85
      vertex 5.25 40.65 36.85
      vertex 3.75 40.65 36.85
    endloop
  endfacet
  facet normal 0 -0.919145 0.393919
    outer loop
      vertex 5.25 40.65 36.85
      vertex 3.75 25.65 1.85
      vertex 5.25 25.65 1.85
    endloop
  endfacet
  facet normal -1 0 0
    outer loop
      vertex 3.75 40.65 1.85
      vertex 3.75 25.65 1.85
      vertex 3.75 40.65 36.85
    endloop
  endfacet
  facet normal 1 0 0
    outer loop
      vertex 5.25 40.65 36.85
      vertex 5.25 25.65 1.85
      vertex 5.25 40.65 1.85
    endloop
  endfacet
  facet normal 1 0 0
    outer loop
      vertex 5.25 -40.65 36.85
      vertex 5.25 -40.65 1.85
      vertex 5.25 -25.65 1.85
    endloop
  endfacet
  facet normal -1 0 0
    outer loop
      vertex 3.75 -25.65 1.85
      vertex 3.75 -40.65 1.85
      vertex 3.75 -40.65 36.85
    endloop
  endfacet
  facet normal 0 0.919145 0.393919
    outer loop
      vertex 5.25 -25.65 1.85
      vertex 3.75 -40.65 36.85
      vertex 5.25 -40.65 36.85
    endloop
  endfacet
  facet normal 0 0.919145 0.393919
    outer loop
      vertex 3.75 -40.65 36.85
      vertex 5.25 -25.65 1.85
      vertex 3.75 -25.65 1.85
    endloop
  endfacet
  facet normal 0 0.923881 -0.38268
    outer loop
      vertex 90 -11.4127 30.6682
      vertex 88.15 -10.6921 32.4079
      vertex 90 -10.6921 32.4079
    endloop
  endfacet
  facet normal 0 0.923881 -0.38268
    outer loop
      vertex 88.15 -10.6921 32.4079
      vertex 90 -11.4127 30.6682
      vertex 88.15 -11.4127 30.6682
    endloop
  endfacet
  facet normal 0 0.852629 -0.522517
    outer loop
      vertex 90 -10.6921 32.4079
      vertex 88.15 -9.7082 34.0134
      vertex 90 -9.7082 34.0134
    endloop
  endfacet
  facet normal 0 0.852629 -0.522517
    outer loop
      vertex 88.15 -9.7082 34.0134
      vertex 90 -10.6921 32.4079
      vertex 88.15 -10.6921 32.4079
    endloop
  endfacet
  facet normal 0 0.760416 -0.649436
    outer loop
      vertex 90 -9.7082 34.0134
      vertex 88.15 -8.48528 35.4453
      vertex 90 -8.48528 35.4453
    endloop
  endfacet
  facet normal 0 0.760416 -0.649436
    outer loop
      vertex 88.15 -8.48528 35.4453
      vertex 90 -9.7082 34.0134
      vertex 88.15 -9.7082 34.0134
    endloop
  endfacet
  facet normal 0 0.0784382 -0.996919
    outer loop
      vertex 88.15 -1.87721 38.8123
      vertex 90 0 38.96
      vertex 90 -1.87721 38.8123
    endloop
  endfacet
  facet normal 0 0.0784382 -0.996919
    outer loop
      vertex 90 0 38.96
      vertex 88.15 -1.87721 38.8123
      vertex 88.15 0 38.96
    endloop
  endfacet
  facet normal 0 0.233454 -0.972368
    outer loop
      vertex 88.15 -3.7082 38.3727
      vertex 90 -1.87721 38.8123
      vertex 90 -3.7082 38.3727
    endloop
  endfacet
  facet normal 0 0.233454 -0.972368
    outer loop
      vertex 90 -1.87721 38.8123
      vertex 88.15 -3.7082 38.3727
      vertex 88.15 -1.87721 38.8123
    endloop
  endfacet
  facet normal -0 0.233444 0.97237
    outer loop
      vertex 88.15 -1.87721 5.10774
      vertex 90 -3.7082 5.54732
      vertex 90 -1.87721 5.10774
    endloop
  endfacet
  facet normal 0 0.233444 0.97237
    outer loop
      vertex 90 -3.7082 5.54732
      vertex 88.15 -1.87721 5.10774
      vertex 88.15 -3.7082 5.54732
    endloop
  endfacet
  facet normal 0 -0.52251 -0.852633
    outer loop
      vertex 88.15 5.44789 37.6521
      vertex 90 7.05342 36.6682
      vertex 90 5.44789 37.6521
    endloop
  endfacet
  facet normal -0 -0.52251 -0.852633
    outer loop
      vertex 90 7.05342 36.6682
      vertex 88.15 5.44789 37.6521
      vertex 88.15 7.05342 36.6682
    endloop
  endfacet
  facet normal 0 -0.996919 -0.0784386
    outer loop
      vertex 88.15 12 26.96
      vertex 90 11.8523 28.8372
      vertex 88.15 11.8523 28.8372
    endloop
  endfacet
  facet normal 0 -0.996919 -0.0784386
    outer loop
      vertex 90 11.8523 28.8372
      vertex 88.15 12 26.96
      vertex 90 12 26.96
    endloop
  endfacet
  facet normal 0 0.923881 0.38268
    outer loop
      vertex 90 -10.6921 11.5121
      vertex 88.15 -11.4127 13.2518
      vertex 90 -11.4127 13.2518
    endloop
  endfacet
  facet normal 0 0.923881 0.38268
    outer loop
      vertex 88.15 -11.4127 13.2518
      vertex 90 -10.6921 11.5121
      vertex 88.15 -10.6921 11.5121
    endloop
  endfacet
  facet normal 0 0.649441 -0.760412
    outer loop
      vertex 88.15 -8.48528 35.4453
      vertex 90 -7.05342 36.6682
      vertex 90 -8.48528 35.4453
    endloop
  endfacet
  facet normal 0 0.649441 -0.760412
    outer loop
      vertex 90 -7.05342 36.6682
      vertex 88.15 -8.48528 35.4453
      vertex 88.15 -7.05342 36.6682
    endloop
  endfacet
  facet normal 0 -0.972368 -0.233453
    outer loop
      vertex 88.15 11.8523 28.8372
      vertex 90 11.4127 30.6682
      vertex 88.15 11.4127 30.6682
    endloop
  endfacet
  facet normal 0 -0.972368 -0.233453
    outer loop
      vertex 90 11.4127 30.6682
      vertex 88.15 11.8523 28.8372
      vertex 90 11.8523 28.8372
    endloop
  endfacet
  facet normal 0 -0.852629 -0.522517
    outer loop
      vertex 88.15 10.6921 32.4079
      vertex 90 9.7082 34.0134
      vertex 88.15 9.7082 34.0134
    endloop
  endfacet
  facet normal 0 -0.852629 -0.522517
    outer loop
      vertex 90 9.7082 34.0134
      vertex 88.15 10.6921 32.4079
      vertex 90 10.6921 32.4079
    endloop
  endfacet
  facet normal 0 -0.923881 -0.38268
    outer loop
      vertex 88.15 11.4127 30.6682
      vertex 90 10.6921 32.4079
      vertex 88.15 10.6921 32.4079
    endloop
  endfacet
  facet normal 0 -0.923881 -0.38268
    outer loop
      vertex 90 10.6921 32.4079
      vertex 88.15 11.4127 30.6682
      vertex 90 11.4127 30.6682
    endloop
  endfacet
  facet normal 0 -0.760416 -0.649436
    outer loop
      vertex 88.15 9.7082 34.0134
      vertex 90 8.48528 35.4453
      vertex 88.15 8.48528 35.4453
    endloop
  endfacet
  facet normal 0 -0.760416 -0.649436
    outer loop
      vertex 90 8.48528 35.4453
      vertex 88.15 9.7082 34.0134
      vertex 90 9.7082 34.0134
    endloop
  endfacet
  facet normal 0 -0.649441 -0.760412
    outer loop
      vertex 88.15 7.05342 36.6682
      vertex 90 8.48528 35.4453
      vertex 90 7.05342 36.6682
    endloop
  endfacet
  facet normal -0 -0.649441 -0.760412
    outer loop
      vertex 90 8.48528 35.4453
      vertex 88.15 7.05342 36.6682
      vertex 88.15 8.48528 35.4453
    endloop
  endfacet
  facet normal 0 -0.382682 -0.92388
    outer loop
      vertex 88.15 3.7082 38.3727
      vertex 90 5.44789 37.6521
      vertex 90 3.7082 38.3727
    endloop
  endfacet
  facet normal -0 -0.382682 -0.92388
    outer loop
      vertex 90 5.44789 37.6521
      vertex 88.15 3.7082 38.3727
      vertex 88.15 5.44789 37.6521
    endloop
  endfacet
  facet normal 0 -0.233454 -0.972368
    outer loop
      vertex 88.15 1.87721 38.8123
      vertex 90 3.7082 38.3727
      vertex 90 1.87721 38.8123
    endloop
  endfacet
  facet normal -0 -0.233454 -0.972368
    outer loop
      vertex 90 3.7082 38.3727
      vertex 88.15 1.87721 38.8123
      vertex 88.15 3.7082 38.3727
    endloop
  endfacet
  facet normal 0 -0.0784382 -0.996919
    outer loop
      vertex 88.15 0 38.96
      vertex 90 1.87721 38.8123
      vertex 90 0 38.96
    endloop
  endfacet
  facet normal -0 -0.0784382 -0.996919
    outer loop
      vertex 90 1.87721 38.8123
      vertex 88.15 0 38.96
      vertex 88.15 1.87721 38.8123
    endloop
  endfacet
  facet normal 0 -1 0
    outer loop
      vertex 88.15 12 16.96
      vertex 90 12 26.96
      vertex 88.15 12 26.96
    endloop
  endfacet
  facet normal 0 -1 -0
    outer loop
      vertex 90 12 26.96
      vertex 88.15 12 16.96
      vertex 90 12 16.96
    endloop
  endfacet
  facet normal 0 0.852632 0.522512
    outer loop
      vertex 90 -9.7082 9.90658
      vertex 88.15 -10.6921 11.5121
      vertex 90 -10.6921 11.5121
    endloop
  endfacet
  facet normal 0 0.852632 0.522512
    outer loop
      vertex 88.15 -10.6921 11.5121
      vertex 90 -9.7082 9.90658
      vertex 88.15 -9.7082 9.90658
    endloop
  endfacet
  facet normal 0 0.996919 -0.0784386
    outer loop
      vertex 90 -12 26.96
      vertex 88.15 -11.8523 28.8372
      vertex 90 -11.8523 28.8372
    endloop
  endfacet
  facet normal 0 0.996919 -0.0784386
    outer loop
      vertex 88.15 -11.8523 28.8372
      vertex 90 -12 26.96
      vertex 88.15 -12 26.96
    endloop
  endfacet
  facet normal 0 -0.0784593 0.996917
    outer loop
      vertex 88.15 1.87721 5.10774
      vertex 90 0 4.96
      vertex 90 1.87721 5.10774
    endloop
  endfacet
  facet normal 0 -0.0784593 0.996917
    outer loop
      vertex 90 0 4.96
      vertex 88.15 1.87721 5.10774
      vertex 88.15 0 4.96
    endloop
  endfacet
  facet normal 0 -0.852632 0.522512
    outer loop
      vertex 88.15 9.7082 9.90658
      vertex 90 10.6921 11.5121
      vertex 88.15 10.6921 11.5121
    endloop
  endfacet
  facet normal 0 -0.852632 0.522512
    outer loop
      vertex 90 10.6921 11.5121
      vertex 88.15 9.7082 9.90658
      vertex 90 9.7082 9.90658
    endloop
  endfacet
  facet normal 0 -0.972368 0.233453
    outer loop
      vertex 88.15 11.4127 13.2518
      vertex 90 11.8523 15.0828
      vertex 88.15 11.8523 15.0828
    endloop
  endfacet
  facet normal 0 -0.972368 0.233453
    outer loop
      vertex 90 11.8523 15.0828
      vertex 88.15 11.4127 13.2518
      vertex 90 11.4127 13.2518
    endloop
  endfacet
  facet normal 0 -0.996919 0.0784386
    outer loop
      vertex 88.15 11.8523 15.0828
      vertex 90 12 16.96
      vertex 88.15 12 16.96
    endloop
  endfacet
  facet normal 0 -0.996919 0.0784386
    outer loop
      vertex 90 12 16.96
      vertex 88.15 11.8523 15.0828
      vertex 90 11.8523 15.0828
    endloop
  endfacet
  facet normal -0 0.0784593 0.996917
    outer loop
      vertex 88.15 0 4.96
      vertex 90 -1.87721 5.10774
      vertex 90 0 4.96
    endloop
  endfacet
  facet normal 0 0.0784593 0.996917
    outer loop
      vertex 90 -1.87721 5.10774
      vertex 88.15 0 4.96
      vertex 88.15 -1.87721 5.10774
    endloop
  endfacet
  facet normal -0 0.522502 0.852638
    outer loop
      vertex 88.15 -5.44789 6.26792
      vertex 90 -7.05342 7.2518
      vertex 90 -5.44789 6.26792
    endloop
  endfacet
  facet normal 0 0.522502 0.852638
    outer loop
      vertex 90 -7.05342 7.2518
      vertex 88.15 -5.44789 6.26792
      vertex 88.15 -7.05342 7.2518
    endloop
  endfacet
  facet normal 0 0.972368 -0.233453
    outer loop
      vertex 90 -11.8523 28.8372
      vertex 88.15 -11.4127 30.6682
      vertex 90 -11.4127 30.6682
    endloop
  endfacet
  facet normal 0 0.972368 -0.233453
    outer loop
      vertex 88.15 -11.4127 30.6682
      vertex 90 -11.8523 28.8372
      vertex 88.15 -11.8523 28.8372
    endloop
  endfacet
  facet normal 0 0.996919 0.0784386
    outer loop
      vertex 90 -11.8523 15.0828
      vertex 88.15 -12 16.96
      vertex 90 -12 16.96
    endloop
  endfacet
  facet normal 0 0.996919 0.0784386
    outer loop
      vertex 88.15 -12 16.96
      vertex 90 -11.8523 15.0828
      vertex 88.15 -11.8523 15.0828
    endloop
  endfacet
  facet normal 0 1 -0
    outer loop
      vertex 90 -12 16.96
      vertex 88.15 -12 26.96
      vertex 90 -12 26.96
    endloop
  endfacet
  facet normal 0 1 0
    outer loop
      vertex 88.15 -12 26.96
      vertex 90 -12 16.96
      vertex 88.15 -12 16.96
    endloop
  endfacet
  facet normal 0 -0.382682 0.92388
    outer loop
      vertex 88.15 5.44789 6.26792
      vertex 90 3.7082 5.54732
      vertex 90 5.44789 6.26792
    endloop
  endfacet
  facet normal 0 -0.382682 0.92388
    outer loop
      vertex 90 3.7082 5.54732
      vertex 88.15 5.44789 6.26792
      vertex 88.15 3.7082 5.54732
    endloop
  endfacet
  facet normal 0 -0.233444 0.97237
    outer loop
      vertex 88.15 3.7082 5.54732
      vertex 90 1.87721 5.10774
      vertex 90 3.7082 5.54732
    endloop
  endfacet
  facet normal 0 -0.233444 0.97237
    outer loop
      vertex 90 1.87721 5.10774
      vertex 88.15 3.7082 5.54732
      vertex 88.15 1.87721 5.10774
    endloop
  endfacet
  facet normal 0 -0.522502 0.852638
    outer loop
      vertex 88.15 7.05342 7.2518
      vertex 90 5.44789 6.26792
      vertex 90 7.05342 7.2518
    endloop
  endfacet
  facet normal 0 -0.522502 0.852638
    outer loop
      vertex 90 5.44789 6.26792
      vertex 88.15 7.05342 7.2518
      vertex 88.15 5.44789 6.26792
    endloop
  endfacet
  facet normal 0 -0.760407 0.649447
    outer loop
      vertex 88.15 8.48528 8.47472
      vertex 90 9.7082 9.90658
      vertex 88.15 9.7082 9.90658
    endloop
  endfacet
  facet normal 0 -0.760407 0.649447
    outer loop
      vertex 90 9.7082 9.90658
      vertex 88.15 8.48528 8.47472
      vertex 90 8.48528 8.47472
    endloop
  endfacet
  facet normal 0 -0.649447 0.760407
    outer loop
      vertex 88.15 8.48528 8.47472
      vertex 90 7.05342 7.2518
      vertex 90 8.48528 8.47472
    endloop
  endfacet
  facet normal 0 -0.649447 0.760407
    outer loop
      vertex 90 7.05342 7.2518
      vertex 88.15 8.48528 8.47472
      vertex 88.15 7.05342 7.2518
    endloop
  endfacet
  facet normal 0 0.52251 -0.852633
    outer loop
      vertex 88.15 -7.05342 36.6682
      vertex 90 -5.44789 37.6521
      vertex 90 -7.05342 36.6682
    endloop
  endfacet
  facet normal 0 0.52251 -0.852633
    outer loop
      vertex 90 -5.44789 37.6521
      vertex 88.15 -7.05342 36.6682
      vertex 88.15 -5.44789 37.6521
    endloop
  endfacet
  facet normal 0 0.382682 -0.92388
    outer loop
      vertex 88.15 -5.44789 37.6521
      vertex 90 -3.7082 38.3727
      vertex 90 -5.44789 37.6521
    endloop
  endfacet
  facet normal 0 0.382682 -0.92388
    outer loop
      vertex 90 -3.7082 38.3727
      vertex 88.15 -5.44789 37.6521
      vertex 88.15 -3.7082 38.3727
    endloop
  endfacet
  facet normal 0 -0.923881 0.38268
    outer loop
      vertex 88.15 10.6921 11.5121
      vertex 90 11.4127 13.2518
      vertex 88.15 11.4127 13.2518
    endloop
  endfacet
  facet normal 0 -0.923881 0.38268
    outer loop
      vertex 90 11.4127 13.2518
      vertex 88.15 10.6921 11.5121
      vertex 90 10.6921 11.5121
    endloop
  endfacet
  facet normal -0 0.382682 0.92388
    outer loop
      vertex 88.15 -3.7082 5.54732
      vertex 90 -5.44789 6.26792
      vertex 90 -3.7082 5.54732
    endloop
  endfacet
  facet normal 0 0.382682 0.92388
    outer loop
      vertex 90 -5.44789 6.26792
      vertex 88.15 -3.7082 5.54732
      vertex 88.15 -5.44789 6.26792
    endloop
  endfacet
  facet normal 0 0.760407 0.649447
    outer loop
      vertex 90 -8.48528 8.47472
      vertex 88.15 -9.7082 9.90658
      vertex 90 -9.7082 9.90658
    endloop
  endfacet
  facet normal 0 0.760407 0.649447
    outer loop
      vertex 88.15 -9.7082 9.90658
      vertex 90 -8.48528 8.47472
      vertex 88.15 -8.48528 8.47472
    endloop
  endfacet
  facet normal 0 0.972368 0.233453
    outer loop
      vertex 90 -11.4127 13.2518
      vertex 88.15 -11.8523 15.0828
      vertex 90 -11.8523 15.0828
    endloop
  endfacet
  facet normal 0 0.972368 0.233453
    outer loop
      vertex 88.15 -11.8523 15.0828
      vertex 90 -11.4127 13.2518
      vertex 88.15 -11.4127 13.2518
    endloop
  endfacet
  facet normal -0 0.649447 0.760407
    outer loop
      vertex 88.15 -7.05342 7.2518
      vertex 90 -8.48528 8.47472
      vertex 90 -7.05342 7.2518
    endloop
  endfacet
  facet normal 0 0.649447 0.760407
    outer loop
      vertex 90 -8.48528 8.47472
      vertex 88.15 -7.05342 7.2518
      vertex 88.15 -8.48528 8.47472
    endloop
  endfacet
  facet normal 0 0.923881 -0.38268
    outer loop
      vertex -88.15 -11.4127 30.6682
      vertex -90 -10.6921 32.4079
      vertex -88.15 -10.6921 32.4079
    endloop
  endfacet
  facet normal 0 0.923881 -0.38268
    outer loop
      vertex -90 -10.6921 32.4079
      vertex -88.15 -11.4127 30.6682
      vertex -90 -11.4127 30.6682
    endloop
  endfacet
  facet normal 0 0.852629 -0.522517
    outer loop
      vertex -88.15 -10.6921 32.4079
      vertex -90 -9.7082 34.0134
      vertex -88.15 -9.7082 34.0134
    endloop
  endfacet
  facet normal 0 0.852629 -0.522517
    outer loop
      vertex -90 -9.7082 34.0134
      vertex -88.15 -10.6921 32.4079
      vertex -90 -10.6921 32.4079
    endloop
  endfacet
  facet normal 0 0.760416 -0.649436
    outer loop
      vertex -88.15 -9.7082 34.0134
      vertex -90 -8.48528 35.4453
      vertex -88.15 -8.48528 35.4453
    endloop
  endfacet
  facet normal 0 0.760416 -0.649436
    outer loop
      vertex -90 -8.48528 35.4453
      vertex -88.15 -9.7082 34.0134
      vertex -90 -9.7082 34.0134
    endloop
  endfacet
  facet normal 0 0.0784382 -0.996919
    outer loop
      vertex -90 -1.87721 38.8123
      vertex -88.15 0 38.96
      vertex -88.15 -1.87721 38.8123
    endloop
  endfacet
  facet normal 0 0.0784382 -0.996919
    outer loop
      vertex -88.15 0 38.96
      vertex -90 -1.87721 38.8123
      vertex -90 0 38.96
    endloop
  endfacet
  facet normal 0 0.233454 -0.972368
    outer loop
      vertex -90 -3.7082 38.3727
      vertex -88.15 -1.87721 38.8123
      vertex -88.15 -3.7082 38.3727
    endloop
  endfacet
  facet normal 0 0.233454 -0.972368
    outer loop
      vertex -88.15 -1.87721 38.8123
      vertex -90 -3.7082 38.3727
      vertex -90 -1.87721 38.8123
    endloop
  endfacet
  facet normal -0 0.233444 0.97237
    outer loop
      vertex -90 -1.87721 5.10774
      vertex -88.15 -3.7082 5.54732
      vertex -88.15 -1.87721 5.10774
    endloop
  endfacet
  facet normal 0 0.233444 0.97237
    outer loop
      vertex -88.15 -3.7082 5.54732
      vertex -90 -1.87721 5.10774
      vertex -90 -3.7082 5.54732
    endloop
  endfacet
  facet normal 0 -0.52251 -0.852633
    outer loop
      vertex -90 5.44789 37.6521
      vertex -88.15 7.05342 36.6682
      vertex -88.15 5.44789 37.6521
    endloop
  endfacet
  facet normal -0 -0.52251 -0.852633
    outer loop
      vertex -88.15 7.05342 36.6682
      vertex -90 5.44789 37.6521
      vertex -90 7.05342 36.6682
    endloop
  endfacet
  facet normal 0 -0.996919 -0.0784386
    outer loop
      vertex -90 12 26.96
      vertex -88.15 11.8523 28.8372
      vertex -90 11.8523 28.8372
    endloop
  endfacet
  facet normal 0 -0.996919 -0.0784386
    outer loop
      vertex -88.15 11.8523 28.8372
      vertex -90 12 26.96
      vertex -88.15 12 26.96
    endloop
  endfacet
  facet normal 0 0.923881 0.38268
    outer loop
      vertex -88.15 -10.6921 11.5121
      vertex -90 -11.4127 13.2518
      vertex -88.15 -11.4127 13.2518
    endloop
  endfacet
  facet normal 0 0.923881 0.38268
    outer loop
      vertex -90 -11.4127 13.2518
      vertex -88.15 -10.6921 11.5121
      vertex -90 -10.6921 11.5121
    endloop
  endfacet
  facet normal 0 0.649441 -0.760412
    outer loop
      vertex -90 -8.48528 35.4453
      vertex -88.15 -7.05342 36.6682
      vertex -88.15 -8.48528 35.4453
    endloop
  endfacet
  facet normal 0 0.649441 -0.760412
    outer loop
      vertex -88.15 -7.05342 36.6682
      vertex -90 -8.48528 35.4453
      vertex -90 -7.05342 36.6682
    endloop
  endfacet
  facet normal 0 -0.972368 -0.233453
    outer loop
      vertex -90 11.8523 28.8372
      vertex -88.15 11.4127 30.6682
      vertex -90 11.4127 30.6682
    endloop
  endfacet
  facet normal 0 -0.972368 -0.233453
    outer loop
      vertex -88.15 11.4127 30.6682
      vertex -90 11.8523 28.8372
      vertex -88.15 11.8523 28.8372
    endloop
  endfacet
  facet normal 0 -0.852629 -0.522517
    outer loop
      vertex -90 10.6921 32.4079
      vertex -88.15 9.7082 34.0134
      vertex -90 9.7082 34.0134
    endloop
  endfacet
  facet normal 0 -0.852629 -0.522517
    outer loop
      vertex -88.15 9.7082 34.0134
      vertex -90 10.6921 32.4079
      vertex -88.15 10.6921 32.4079
    endloop
  endfacet
  facet normal 0 -0.923881 -0.38268
    outer loop
      vertex -90 11.4127 30.6682
      vertex -88.15 10.6921 32.4079
      vertex -90 10.6921 32.4079
    endloop
  endfacet
  facet normal 0 -0.923881 -0.38268
    outer loop
      vertex -88.15 10.6921 32.4079
      vertex -90 11.4127 30.6682
      vertex -88.15 11.4127 30.6682
    endloop
  endfacet
  facet normal 0 -0.760416 -0.649436
    outer loop
      vertex -90 9.7082 34.0134
      vertex -88.15 8.48528 35.4453
      vertex -90 8.48528 35.4453
    endloop
  endfacet
  facet normal 0 -0.760416 -0.649436
    outer loop
      vertex -88.15 8.48528 35.4453
      vertex -90 9.7082 34.0134
      vertex -88.15 9.7082 34.0134
    endloop
  endfacet
  facet normal 0 -0.649441 -0.760412
    outer loop
      vertex -90 7.05342 36.6682
      vertex -88.15 8.48528 35.4453
      vertex -88.15 7.05342 36.6682
    endloop
  endfacet
  facet normal -0 -0.649441 -0.760412
    outer loop
      vertex -88.15 8.48528 35.4453
      vertex -90 7.05342 36.6682
      vertex -90 8.48528 35.4453
    endloop
  endfacet
  facet normal 0 -0.382682 -0.92388
    outer loop
      vertex -90 3.7082 38.3727
      vertex -88.15 5.44789 37.6521
      vertex -88.15 3.7082 38.3727
    endloop
  endfacet
  facet normal -0 -0.382682 -0.92388
    outer loop
      vertex -88.15 5.44789 37.6521
      vertex -90 3.7082 38.3727
      vertex -90 5.44789 37.6521
    endloop
  endfacet
  facet normal 0 -0.233454 -0.972368
    outer loop
      vertex -90 1.87721 38.8123
      vertex -88.15 3.7082 38.3727
      vertex -88.15 1.87721 38.8123
    endloop
  endfacet
  facet normal -0 -0.233454 -0.972368
    outer loop
      vertex -88.15 3.7082 38.3727
      vertex -90 1.87721 38.8123
      vertex -90 3.7082 38.3727
    endloop
  endfacet
  facet normal 0 -0.0784382 -0.996919
    outer loop
      vertex -90 0 38.96
      vertex -88.15 1.87721 38.8123
      vertex -88.15 0 38.96
    endloop
  endfacet
  facet normal -0 -0.0784382 -0.996919
    outer loop
      vertex -88.15 1.87721 38.8123
      vertex -90 0 38.96
      vertex -90 1.87721 38.8123
    endloop
  endfacet
  facet normal 0 -1 0
    outer loop
      vertex -90 12 16.96
      vertex -88.15 12 26.96
      vertex -90 12 26.96
    endloop
  endfacet
  facet normal 0 -1 -0
    outer loop
      vertex -88.15 12 26.96
      vertex -90 12 16.96
      vertex -88.15 12 16.96
    endloop
  endfacet
  facet normal 0 0.852632 0.522512
    outer loop
      vertex -88.15 -9.7082 9.90658
      vertex -90 -10.6921 11.5121
      vertex -88.15 -10.6921 11.5121
    endloop
  endfacet
  facet normal 0 0.852632 0.522512
    outer loop
      vertex -90 -10.6921 11.5121
      vertex -88.15 -9.7082 9.90658
      vertex -90 -9.7082 9.90658
    endloop
  endfacet
  facet normal 0 0.996919 -0.0784386
    outer loop
      vertex -88.15 -12 26.96
      vertex -90 -11.8523 28.8372
      vertex -88.15 -11.8523 28.8372
    endloop
  endfacet
  facet normal 0 0.996919 -0.0784386
    outer loop
      vertex -90 -11.8523 28.8372
      vertex -88.15 -12 26.96
      vertex -90 -12 26.96
    endloop
  endfacet
  facet normal 0 -0.0784593 0.996917
    outer loop
      vertex -90 1.87721 5.10774
      vertex -88.15 0 4.96
      vertex -88.15 1.87721 5.10774
    endloop
  endfacet
  facet normal 0 -0.0784593 0.996917
    outer loop
      vertex -88.15 0 4.96
      vertex -90 1.87721 5.10774
      vertex -90 0 4.96
    endloop
  endfacet
  facet normal 0 -0.852632 0.522512
    outer loop
      vertex -90 9.7082 9.90658
      vertex -88.15 10.6921 11.5121
      vertex -90 10.6921 11.5121
    endloop
  endfacet
  facet normal 0 -0.852632 0.522512
    outer loop
      vertex -88.15 10.6921 11.5121
      vertex -90 9.7082 9.90658
      vertex -88.15 9.7082 9.90658
    endloop
  endfacet
  facet normal 0 -0.972368 0.233453
    outer loop
      vertex -90 11.4127 13.2518
      vertex -88.15 11.8523 15.0828
      vertex -90 11.8523 15.0828
    endloop
  endfacet
  facet normal 0 -0.972368 0.233453
    outer loop
      vertex -88.15 11.8523 15.0828
      vertex -90 11.4127 13.2518
      vertex -88.15 11.4127 13.2518
    endloop
  endfacet
  facet normal 0 -0.996919 0.0784386
    outer loop
      vertex -90 11.8523 15.0828
      vertex -88.15 12 16.96
      vertex -90 12 16.96
    endloop
  endfacet
  facet normal 0 -0.996919 0.0784386
    outer loop
      vertex -88.15 12 16.96
      vertex -90 11.8523 15.0828
      vertex -88.15 11.8523 15.0828
    endloop
  endfacet
  facet normal -0 0.0784593 0.996917
    outer loop
      vertex -90 0 4.96
      vertex -88.15 -1.87721 5.10774
      vertex -88.15 0 4.96
    endloop
  endfacet
  facet normal 0 0.0784593 0.996917
    outer loop
      vertex -88.15 -1.87721 5.10774
      vertex -90 0 4.96
      vertex -90 -1.87721 5.10774
    endloop
  endfacet
  facet normal -0 0.522502 0.852638
    outer loop
      vertex -90 -5.44789 6.26792
      vertex -88.15 -7.05342 7.2518
      vertex -88.15 -5.44789 6.26792
    endloop
  endfacet
  facet normal 0 0.522502 0.852638
    outer loop
      vertex -88.15 -7.05342 7.2518
      vertex -90 -5.44789 6.26792
      vertex -90 -7.05342 7.2518
    endloop
  endfacet
  facet normal 0 0.972368 -0.233453
    outer loop
      vertex -88.15 -11.8523 28.8372
      vertex -90 -11.4127 30.6682
      vertex -88.15 -11.4127 30.6682
    endloop
  endfacet
  facet normal 0 0.972368 -0.233453
    outer loop
      vertex -90 -11.4127 30.6682
      vertex -88.15 -11.8523 28.8372
      vertex -90 -11.8523 28.8372
    endloop
  endfacet
  facet normal 0 0.996919 0.0784386
    outer loop
      vertex -88.15 -11.8523 15.0828
      vertex -90 -12 16.96
      vertex -88.15 -12 16.96
    endloop
  endfacet
  facet normal 0 0.996919 0.0784386
    outer loop
      vertex -90 -12 16.96
      vertex -88.15 -11.8523 15.0828
      vertex -90 -11.8523 15.0828
    endloop
  endfacet
  facet normal 0 1 -0
    outer loop
      vertex -88.15 -12 16.96
      vertex -90 -12 26.96
      vertex -88.15 -12 26.96
    endloop
  endfacet
  facet normal 0 1 0
    outer loop
      vertex -90 -12 26.96
      vertex -88.15 -12 16.96
      vertex -90 -12 16.96
    endloop
  endfacet
  facet normal 0 -0.382682 0.92388
    outer loop
      vertex -90 5.44789 6.26792
      vertex -88.15 3.7082 5.54732
      vertex -88.15 5.44789 6.26792
    endloop
  endfacet
  facet normal 0 -0.382682 0.92388
    outer loop
      vertex -88.15 3.7082 5.54732
      vertex -90 5.44789 6.26792
      vertex -90 3.7082 5.54732
    endloop
  endfacet
  facet normal 0 -0.233444 0.97237
    outer loop
      vertex -90 3.7082 5.54732
      vertex -88.15 1.87721 5.10774
      vertex -88.15 3.7082 5.54732
    endloop
  endfacet
  facet normal 0 -0.233444 0.97237
    outer loop
      vertex -88.15 1.87721 5.10774
      vertex -90 3.7082 5.54732
      vertex -90 1.87721 5.10774
    endloop
  endfacet
  facet normal 0 -0.522502 0.852638
    outer loop
      vertex -90 7.05342 7.2518
      vertex -88.15 5.44789 6.26792
      vertex -88.15 7.05342 7.2518
    endloop
  endfacet
  facet normal 0 -0.522502 0.852638
    outer loop
      vertex -88.15 5.44789 6.26792
      vertex -90 7.05342 7.2518
      vertex -90 5.44789 6.26792
    endloop
  endfacet
  facet normal 0 -0.760407 0.649447
    outer loop
      vertex -90 8.48528 8.47472
      vertex -88.15 9.7082 9.90658
      vertex -90 9.7082 9.90658
    endloop
  endfacet
  facet normal 0 -0.760407 0.649447
    outer loop
      vertex -88.15 9.7082 9.90658
      vertex -90 8.48528 8.47472
      vertex -88.15 8.48528 8.47472
    endloop
  endfacet
  facet normal 0 -0.649447 0.760407
    outer loop
      vertex -90 8.48528 8.47472
      vertex -88.15 7.05342 7.2518
      vertex -88.15 8.48528 8.47472
    endloop
  endfacet
  facet normal 0 -0.649447 0.760407
    outer loop
      vertex -88.15 7.05342 7.2518
      vertex -90 8.48528 8.47472
      vertex -90 7.05342 7.2518
    endloop
  endfacet
  facet normal 0 0.52251 -0.852633
    outer loop
      vertex -90 -7.05342 36.6682
      vertex -88.15 -5.44789 37.6521
      vertex -88.15 -7.05342 36.6682
    endloop
  endfacet
  facet normal 0 0.52251 -0.852633
    outer loop
      vertex -88.15 -5.44789 37.6521
      vertex -90 -7.05342 36.6682
      vertex -90 -5.44789 37.6521
    endloop
  endfacet
  facet normal 0 0.382682 -0.92388
    outer loop
      vertex -90 -5.44789 37.6521
      vertex -88.15 -3.7082 38.3727
      vertex -88.15 -5.44789 37.6521
    endloop
  endfacet
  facet normal 0 0.382682 -0.92388
    outer loop
      vertex -88.15 -3.7082 38.3727
      vertex -90 -5.44789 37.6521
      vertex -90 -3.7082 38.3727
    endloop
  endfacet
  facet normal 0 -0.923881 0.38268
    outer loop
      vertex -90 10.6921 11.5121
      vertex -88.15 11.4127 13.2518
      vertex -90 11.4127 13.2518
    endloop
  endfacet
  facet normal 0 -0.923881 0.38268
    outer loop
      vertex -88.15 11.4127 13.2518
      vertex -90 10.6921 11.5121
      vertex -88.15 10.6921 11.5121
    endloop
  endfacet
  facet normal -0 0.382682 0.92388
    outer loop
      vertex -90 -3.7082 5.54732
      vertex -88.15 -5.44789 6.26792
      vertex -88.15 -3.7082 5.54732
    endloop
  endfacet
  facet normal 0 0.382682 0.92388
    outer loop
      vertex -88.15 -5.44789 6.26792
      vertex -90 -3.7082 5.54732
      vertex -90 -5.44789 6.26792
    endloop
  endfacet
  facet normal 0 0.760407 0.649447
    outer loop
      vertex -88.15 -8.48528 8.47472
      vertex -90 -9.7082 9.90658
      vertex -88.15 -9.7082 9.90658
    endloop
  endfacet
  facet normal 0 0.760407 0.649447
    outer loop
      vertex -90 -9.7082 9.90658
      vertex -88.15 -8.48528 8.47472
      vertex -90 -8.48528 8.47472
    endloop
  endfacet
  facet normal 0 0.972368 0.233453
    outer loop
      vertex -88.15 -11.4127 13.2518
      vertex -90 -11.8523 15.0828
      vertex -88.15 -11.8523 15.0828
    endloop
  endfacet
  facet normal 0 0.972368 0.233453
    outer loop
      vertex -90 -11.8523 15.0828
      vertex -88.15 -11.4127 13.2518
      vertex -90 -11.4127 13.2518
    endloop
  endfacet
  facet normal -0 0.649447 0.760407
    outer loop
      vertex -90 -7.05342 7.2518
      vertex -88.15 -8.48528 8.47472
      vertex -88.15 -7.05342 7.2518
    endloop
  endfacet
  facet normal 0 0.649447 0.760407
    outer loop
      vertex -88.15 -8.48528 8.47472
      vertex -90 -7.05342 7.2518
      vertex -90 -8.48528 8.47472
    endloop
  endfacet
  facet normal -0.522455 -0.852667 0
    outer loop
      vertex 111.339 -42.953 0
      vertex 112.423 -43.6172 11.1
      vertex 111.339 -42.953 11.1
    endloop
  endfacet
  facet normal -0.522455 -0.852667 -0
    outer loop
      vertex 112.423 -43.6172 11.1
      vertex 111.339 -42.953 0
      vertex 112.423 -43.6172 0
    endloop
  endfacet
  facet normal -0.760588 -0.649235 0
    outer loop
      vertex 110.372 -42.1276 0
      vertex 109.547 -41.1611 11.1
      vertex 109.547 -41.1611 0
    endloop
  endfacet
  facet normal -0.760588 -0.649235 0
    outer loop
      vertex 109.547 -41.1611 11.1
      vertex 110.372 -42.1276 0
      vertex 110.372 -42.1276 11.1
    endloop
  endfacet
  facet normal -0.649222 -0.760599 0
    outer loop
      vertex 110.372 -42.1276 0
      vertex 111.339 -42.953 11.1
      vertex 110.372 -42.1276 11.1
    endloop
  endfacet
  facet normal -0.649222 -0.760599 -0
    outer loop
      vertex 111.339 -42.953 11.1
      vertex 110.372 -42.1276 0
      vertex 111.339 -42.953 0
    endloop
  endfacet
  facet normal 0 -1 0
    outer loop
      vertex 116.1 -44.5 0
      vertex 283.9 -44.5 11.1
      vertex 116.1 -44.5 11.1
    endloop
  endfacet
  facet normal 0 -1 -0
    outer loop
      vertex 283.9 -44.5 11.1
      vertex 116.1 -44.5 0
      vertex 283.9 -44.5 0
    endloop
  endfacet
  facet normal 1 -0 0
    outer loop
      vertex 292 -36.4001 11.1
      vertex 292 36.4001 0
      vertex 292 36.4001 11.1
    endloop
  endfacet
  facet normal 1 0 0
    outer loop
      vertex 292 36.4001 0
      vertex 292 -36.4001 11.1
      vertex 292 -36.4001 0
    endloop
  endfacet
  facet normal -0 0 1
    outer loop
      vertex 289.746 36.9494 11.1
      vertex 292 36.4001 11.1
      vertex 291.9 37.6671 11.1
    endloop
  endfacet
  facet normal 0 0 1
    outer loop
      vertex 292 36.4001 11.1
      vertex 290.15 34.4 11.1
      vertex 292 -36.4001 11.1
    endloop
  endfacet
  facet normal 0 0 1
    outer loop
      vertex 289.746 36.9494 11.1
      vertex 291.9 37.6671 11.1
      vertex 291.604 38.903 11.1
    endloop
  endfacet
  facet normal -0 0 1
    outer loop
      vertex 290.15 -34.4 11.1
      vertex 292 -36.4001 11.1
      vertex 290.15 34.4 11.1
    endloop
  endfacet
  facet normal 0 0 1
    outer loop
      vertex 289.251 38.1454 11.1
      vertex 291.604 38.903 11.1
      vertex 291.117 40.0773 11.1
    endloop
  endfacet
  facet normal -0 0 1
    outer loop
      vertex 290.048 -35.6906 11.1
      vertex 292 -36.4001 11.1
      vertex 290.15 -34.4 11.1
    endloop
  endfacet
  facet normal 0 0 1
    outer loop
      vertex 288.574 39.2492 11.1
      vertex 291.117 40.0773 11.1
      vertex 290.453 41.1611 11.1
    endloop
  endfacet
  facet normal 0 0 1
    outer loop
      vertex 289.746 -36.9494 11.1
      vertex 292 -36.4001 11.1
      vertex 290.048 -35.6906 11.1
    endloop
  endfacet
  facet normal 0 0 1
    outer loop
      vertex 292 -36.4001 11.1
      vertex 289.746 -36.9494 11.1
      vertex 291.9 -37.6671 11.1
    endloop
  endfacet
  facet normal 0 0 1
    outer loop
      vertex 292 36.4001 11.1
      vertex 290.048 35.6906 11.1
      vertex 290.15 34.4 11.1
    endloop
  endfacet
  facet normal 0 0 1
    outer loop
      vertex 292 36.4001 11.1
      vertex 289.746 36.9494 11.1
      vertex 290.048 35.6906 11.1
    endloop
  endfacet
  facet normal 0 0 1
    outer loop
      vertex 287.734 40.2336 11.1
      vertex 290.453 41.1611 11.1
      vertex 289.628 42.1276 11.1
    endloop
  endfacet
  facet normal 0 0 1
    outer loop
      vertex 291.604 38.903 11.1
      vertex 289.251 38.1454 11.1
      vertex 289.746 36.9494 11.1
    endloop
  endfacet
  facet normal 0 0 1
    outer loop
      vertex 287.734 40.2336 11.1
      vertex 289.628 42.1276 11.1
      vertex 288.661 42.953 11.1
    endloop
  endfacet
  facet normal 0 0 1
    outer loop
      vertex 291.117 40.0773 11.1
      vertex 288.574 39.2492 11.1
      vertex 289.251 38.1454 11.1
    endloop
  endfacet
  facet normal 0 0 1
    outer loop
      vertex 290.453 41.1611 11.1
      vertex 287.734 40.2336 11.1
      vertex 288.574 39.2492 11.1
    endloop
  endfacet
  facet normal 0 0 1
    outer loop
      vertex 286.749 41.0744 11.1
      vertex 288.661 42.953 11.1
      vertex 287.577 43.6172 11.1
    endloop
  endfacet
  facet normal 0 0 1
    outer loop
      vertex 288.661 42.953 11.1
      vertex 286.749 41.0744 11.1
      vertex 287.734 40.2336 11.1
    endloop
  endfacet
  facet normal 0 0 1
    outer loop
      vertex 285.645 41.7508 11.1
      vertex 287.577 43.6172 11.1
      vertex 286.403 44.1036 11.1
    endloop
  endfacet
  facet normal 0 0 1
    outer loop
      vertex 287.577 43.6172 11.1
      vertex 285.645 41.7508 11.1
      vertex 286.749 41.0744 11.1
    endloop
  endfacet
  facet normal 0 0 1
    outer loop
      vertex 285.167 44.4003 11.1
      vertex 285.645 41.7508 11.1
      vertex 286.403 44.1036 11.1
    endloop
  endfacet
  facet normal 0 0 1
    outer loop
      vertex 285.167 44.4003 11.1
      vertex 284.449 42.2462 11.1
      vertex 285.645 41.7508 11.1
    endloop
  endfacet
  facet normal 0 0 1
    outer loop
      vertex 283.9 44.5 11.1
      vertex 284.449 42.2462 11.1
      vertex 285.167 44.4003 11.1
    endloop
  endfacet
  facet normal 0 0 1
    outer loop
      vertex 283.9 44.5 11.1
      vertex 283.191 42.5484 11.1
      vertex 284.449 42.2462 11.1
    endloop
  endfacet
  facet normal 0 0 1
    outer loop
      vertex 283.9 44.5 11.1
      vertex 281.9 42.65 11.1
      vertex 283.191 42.5484 11.1
    endloop
  endfacet
  facet normal 0 0 1
    outer loop
      vertex 283.9 44.5 11.1
      vertex 118.1 42.65 11.1
      vertex 281.9 42.65 11.1
    endloop
  endfacet
  facet normal -0 0 1
    outer loop
      vertex 116.1 44.5 11.1
      vertex 118.1 42.65 11.1
      vertex 283.9 44.5 11.1
    endloop
  endfacet
  facet normal 0 0 1
    outer loop
      vertex 116.1 44.5 11.1
      vertex 116.809 42.5484 11.1
      vertex 118.1 42.65 11.1
    endloop
  endfacet
  facet normal 0 0 1
    outer loop
      vertex 116.1 44.5 11.1
      vertex 115.551 42.2462 11.1
      vertex 116.809 42.5484 11.1
    endloop
  endfacet
  facet normal -0 0 1
    outer loop
      vertex 114.833 44.4003 11.1
      vertex 115.551 42.2462 11.1
      vertex 116.1 44.5 11.1
    endloop
  endfacet
  facet normal 0 0 1
    outer loop
      vertex 114.833 44.4003 11.1
      vertex 114.355 41.7508 11.1
      vertex 115.551 42.2462 11.1
    endloop
  endfacet
  facet normal -0 0 1
    outer loop
      vertex 113.597 44.1036 11.1
      vertex 114.355 41.7508 11.1
      vertex 114.833 44.4003 11.1
    endloop
  endfacet
  facet normal -0 0 1
    outer loop
      vertex 112.423 43.6172 11.1
      vertex 114.355 41.7508 11.1
      vertex 113.597 44.1036 11.1
    endloop
  endfacet
  facet normal 0 0 1
    outer loop
      vertex 114.355 41.7508 11.1
      vertex 112.423 43.6172 11.1
      vertex 113.251 41.0744 11.1
    endloop
  endfacet
  facet normal -0 0 1
    outer loop
      vertex 111.339 42.953 11.1
      vertex 113.251 41.0744 11.1
      vertex 112.423 43.6172 11.1
    endloop
  endfacet
  facet normal 0 0 1
    outer loop
      vertex 113.251 41.0744 11.1
      vertex 111.339 42.953 11.1
      vertex 112.266 40.2336 11.1
    endloop
  endfacet
  facet normal -0 0 1
    outer loop
      vertex 110.372 42.1276 11.1
      vertex 112.266 40.2336 11.1
      vertex 111.339 42.953 11.1
    endloop
  endfacet
  facet normal -0 0 1
    outer loop
      vertex 109.547 41.1611 11.1
      vertex 112.266 40.2336 11.1
      vertex 110.372 42.1276 11.1
    endloop
  endfacet
  facet normal 0 0 1
    outer loop
      vertex 112.266 40.2336 11.1
      vertex 109.547 41.1611 11.1
      vertex 111.426 39.2492 11.1
    endloop
  endfacet
  facet normal -0 0 1
    outer loop
      vertex 108.883 40.0773 11.1
      vertex 111.426 39.2492 11.1
      vertex 109.547 41.1611 11.1
    endloop
  endfacet
  facet normal 0 0 1
    outer loop
      vertex 111.426 39.2492 11.1
      vertex 108.883 40.0773 11.1
      vertex 110.749 38.1454 11.1
    endloop
  endfacet
  facet normal -0 0 1
    outer loop
      vertex 108.396 38.903 11.1
      vertex 110.749 38.1454 11.1
      vertex 108.883 40.0773 11.1
    endloop
  endfacet
  facet normal -0 0 1
    outer loop
      vertex 108.1 37.6671 11.1
      vertex 110.254 36.9494 11.1
      vertex 108.396 38.903 11.1
    endloop
  endfacet
  facet normal 0 0 1
    outer loop
      vertex 110.749 38.1454 11.1
      vertex 108.396 38.903 11.1
      vertex 110.254 36.9494 11.1
    endloop
  endfacet
  facet normal 0 0 1
    outer loop
      vertex 291.9 -37.6671 11.1
      vertex 289.746 -36.9494 11.1
      vertex 291.604 -38.903 11.1
    endloop
  endfacet
  facet normal -0 0 1
    outer loop
      vertex 289.251 -38.1454 11.1
      vertex 291.604 -38.903 11.1
      vertex 289.746 -36.9494 11.1
    endloop
  endfacet
  facet normal 0 0 1
    outer loop
      vertex 291.604 -38.903 11.1
      vertex 289.251 -38.1454 11.1
      vertex 291.117 -40.0773 11.1
    endloop
  endfacet
  facet normal -0 0 1
    outer loop
      vertex 288.574 -39.2492 11.1
      vertex 291.117 -40.0773 11.1
      vertex 289.251 -38.1454 11.1
    endloop
  endfacet
  facet normal 0 0 1
    outer loop
      vertex 291.117 -40.0773 11.1
      vertex 288.574 -39.2492 11.1
      vertex 290.453 -41.1611 11.1
    endloop
  endfacet
  facet normal -0 0 1
    outer loop
      vertex 287.734 -40.2336 11.1
      vertex 290.453 -41.1611 11.1
      vertex 288.574 -39.2492 11.1
    endloop
  endfacet
  facet normal 0 0 1
    outer loop
      vertex 290.453 -41.1611 11.1
      vertex 287.734 -40.2336 11.1
      vertex 289.628 -42.1276 11.1
    endloop
  endfacet
  facet normal 0 0 1
    outer loop
      vertex 289.628 -42.1276 11.1
      vertex 287.734 -40.2336 11.1
      vertex 288.661 -42.953 11.1
    endloop
  endfacet
  facet normal -0 0 1
    outer loop
      vertex 286.749 -41.0744 11.1
      vertex 288.661 -42.953 11.1
      vertex 287.734 -40.2336 11.1
    endloop
  endfacet
  facet normal 0 0 1
    outer loop
      vertex 288.661 -42.953 11.1
      vertex 286.749 -41.0744 11.1
      vertex 287.577 -43.6172 11.1
    endloop
  endfacet
  facet normal -0 0 1
    outer loop
      vertex 285.645 -41.7508 11.1
      vertex 287.577 -43.6172 11.1
      vertex 286.749 -41.0744 11.1
    endloop
  endfacet
  facet normal 0 0 1
    outer loop
      vertex 287.577 -43.6172 11.1
      vertex 285.645 -41.7508 11.1
      vertex 286.403 -44.1036 11.1
    endloop
  endfacet
  facet normal 0 0 1
    outer loop
      vertex 285.645 -41.7508 11.1
      vertex 285.167 -44.4003 11.1
      vertex 286.403 -44.1036 11.1
    endloop
  endfacet
  facet normal -0 0 1
    outer loop
      vertex 284.449 -42.2462 11.1
      vertex 285.167 -44.4003 11.1
      vertex 285.645 -41.7508 11.1
    endloop
  endfacet
  facet normal 0 0 1
    outer loop
      vertex 284.449 -42.2462 11.1
      vertex 283.9 -44.5 11.1
      vertex 285.167 -44.4003 11.1
    endloop
  endfacet
  facet normal -0 0 1
    outer loop
      vertex 283.191 -42.5484 11.1
      vertex 283.9 -44.5 11.1
      vertex 284.449 -42.2462 11.1
    endloop
  endfacet
  facet normal -0 0 1
    outer loop
      vertex 281.9 -42.65 11.1
      vertex 283.9 -44.5 11.1
      vertex 283.191 -42.5484 11.1
    endloop
  endfacet
  facet normal -0 0 1
    outer loop
      vertex 118.1 -42.65 11.1
      vertex 283.9 -44.5 11.1
      vertex 281.9 -42.65 11.1
    endloop
  endfacet
  facet normal 0 0 1
    outer loop
      vertex 118.1 -42.65 11.1
      vertex 116.1 -44.5 11.1
      vertex 283.9 -44.5 11.1
    endloop
  endfacet
  facet normal 0 0 1
    outer loop
      vertex 116.809 -42.5484 11.1
      vertex 116.1 -44.5 11.1
      vertex 118.1 -42.65 11.1
    endloop
  endfacet
  facet normal 0 0 1
    outer loop
      vertex 115.551 -42.2462 11.1
      vertex 116.1 -44.5 11.1
      vertex 116.809 -42.5484 11.1
    endloop
  endfacet
  facet normal 0 0 1
    outer loop
      vertex 115.551 -42.2462 11.1
      vertex 114.833 -44.4003 11.1
      vertex 116.1 -44.5 11.1
    endloop
  endfacet
  facet normal 0 0 1
    outer loop
      vertex 114.355 -41.7508 11.1
      vertex 114.833 -44.4003 11.1
      vertex 115.551 -42.2462 11.1
    endloop
  endfacet
  facet normal 0 0 1
    outer loop
      vertex 114.355 -41.7508 11.1
      vertex 113.597 -44.1036 11.1
      vertex 114.833 -44.4003 11.1
    endloop
  endfacet
  facet normal 0 0 1
    outer loop
      vertex 112.423 -43.6172 11.1
      vertex 114.355 -41.7508 11.1
      vertex 113.251 -41.0744 11.1
    endloop
  endfacet
  facet normal 0 0 1
    outer loop
      vertex 114.355 -41.7508 11.1
      vertex 112.423 -43.6172 11.1
      vertex 113.597 -44.1036 11.1
    endloop
  endfacet
  facet normal 0 0 1
    outer loop
      vertex 111.339 -42.953 11.1
      vertex 113.251 -41.0744 11.1
      vertex 112.266 -40.2336 11.1
    endloop
  endfacet
  facet normal 0 0 1
    outer loop
      vertex 109.547 -41.1611 11.1
      vertex 112.266 -40.2336 11.1
      vertex 111.426 -39.2492 11.1
    endloop
  endfacet
  facet normal 0 0 1
    outer loop
      vertex 113.251 -41.0744 11.1
      vertex 111.339 -42.953 11.1
      vertex 112.423 -43.6172 11.1
    endloop
  endfacet
  facet normal 0 0 1
    outer loop
      vertex 108.883 -40.0773 11.1
      vertex 111.426 -39.2492 11.1
      vertex 110.749 -38.1454 11.1
    endloop
  endfacet
  facet normal 0 0 1
    outer loop
      vertex 112.266 -40.2336 11.1
      vertex 110.372 -42.1276 11.1
      vertex 111.339 -42.953 11.1
    endloop
  endfacet
  facet normal 0 0 1
    outer loop
      vertex 108.396 -38.903 11.1
      vertex 110.749 -38.1454 11.1
      vertex 110.254 -36.9494 11.1
    endloop
  endfacet
  facet normal -0 0 1
    outer loop
      vertex 108 -36.4001 11.1
      vertex 110.254 -36.9494 11.1
      vertex 109.952 -35.6906 11.1
    endloop
  endfacet
  facet normal 0 0 1
    outer loop
      vertex 108 -36.4001 11.1
      vertex 109.952 -35.6906 11.1
      vertex 109.85 -34.4 11.1
    endloop
  endfacet
  facet normal 0 0 1
    outer loop
      vertex 112.266 -40.2336 11.1
      vertex 109.547 -41.1611 11.1
      vertex 110.372 -42.1276 11.1
    endloop
  endfacet
  facet normal 0 0 1
    outer loop
      vertex 109.85 34.4 11.1
      vertex 108 36.4001 11.1
      vertex 109.85 -34.4 11.1
    endloop
  endfacet
  facet normal 0 0 1
    outer loop
      vertex 108 36.4001 11.1
      vertex 110.254 36.9494 11.1
      vertex 108.1 37.6671 11.1
    endloop
  endfacet
  facet normal 0 0 1
    outer loop
      vertex 108 -36.4001 11.1
      vertex 109.85 -34.4 11.1
      vertex 108 36.4001 11.1
    endloop
  endfacet
  facet normal 0 0 1
    outer loop
      vertex 110.254 36.9494 11.1
      vertex 108 36.4001 11.1
      vertex 109.952 35.6906 11.1
    endloop
  endfacet
  facet normal 0 0 1
    outer loop
      vertex 110.254 -36.9494 11.1
      vertex 108 -36.4001 11.1
      vertex 108.1 -37.6671 11.1
    endloop
  endfacet
  facet normal 0 0 1
    outer loop
      vertex 109.952 35.6906 11.1
      vertex 108 36.4001 11.1
      vertex 109.85 34.4 11.1
    endloop
  endfacet
  facet normal 0 0 1
    outer loop
      vertex 111.426 -39.2492 11.1
      vertex 108.883 -40.0773 11.1
      vertex 109.547 -41.1611 11.1
    endloop
  endfacet
  facet normal 0 0 1
    outer loop
      vertex 110.749 -38.1454 11.1
      vertex 108.396 -38.903 11.1
      vertex 108.883 -40.0773 11.1
    endloop
  endfacet
  facet normal 0 0 1
    outer loop
      vertex 110.254 -36.9494 11.1
      vertex 108.1 -37.6671 11.1
      vertex 108.396 -38.903 11.1
    endloop
  endfacet
  facet normal -1 0 0
    outer loop
      vertex 108 -36.4001 0
      vertex 108 36.4001 11.1
      vertex 108 36.4001 0
    endloop
  endfacet
  facet normal -1 -0 0
    outer loop
      vertex 108 36.4001 11.1
      vertex 108 -36.4001 0
      vertex 108 -36.4001 11.1
    endloop
  endfacet
  facet normal -0.38276 -0.923848 0
    outer loop
      vertex 112.423 -43.6172 0
      vertex 113.597 -44.1036 11.1
      vertex 112.423 -43.6172 11.1
    endloop
  endfacet
  facet normal -0.38276 -0.923848 -0
    outer loop
      vertex 113.597 -44.1036 11.1
      vertex 112.423 -43.6172 0
      vertex 113.597 -44.1036 0
    endloop
  endfacet
  facet normal 0.852694 -0.522411 0
    outer loop
      vertex 290.453 -41.1611 11.1
      vertex 291.117 -40.0773 0
      vertex 291.117 -40.0773 11.1
    endloop
  endfacet
  facet normal 0.852694 -0.522411 0
    outer loop
      vertex 291.117 -40.0773 0
      vertex 290.453 -41.1611 11.1
      vertex 290.453 -41.1611 0
    endloop
  endfacet
  facet normal 0.522455 0.852667 -0
    outer loop
      vertex 288.661 42.953 0
      vertex 287.577 43.6172 11.1
      vertex 288.661 42.953 11.1
    endloop
  endfacet
  facet normal 0.522455 0.852667 0
    outer loop
      vertex 287.577 43.6172 11.1
      vertex 288.661 42.953 0
      vertex 287.577 43.6172 0
    endloop
  endfacet
  facet normal -0.38276 0.923848 0
    outer loop
      vertex 113.597 44.1036 0
      vertex 112.423 43.6172 11.1
      vertex 113.597 44.1036 11.1
    endloop
  endfacet
  facet normal -0.38276 0.923848 0
    outer loop
      vertex 112.423 43.6172 11.1
      vertex 113.597 44.1036 0
      vertex 112.423 43.6172 0
    endloop
  endfacet
  facet normal 0.38276 0.923848 -0
    outer loop
      vertex 287.577 43.6172 0
      vertex 286.403 44.1036 11.1
      vertex 287.577 43.6172 11.1
    endloop
  endfacet
  facet normal 0.38276 0.923848 0
    outer loop
      vertex 286.403 44.1036 11.1
      vertex 287.577 43.6172 0
      vertex 286.403 44.1036 0
    endloop
  endfacet
  facet normal 0 1 -0
    outer loop
      vertex 283.9 44.5 0
      vertex 116.1 44.5 11.1
      vertex 283.9 44.5 11.1
    endloop
  endfacet
  facet normal 0 1 0
    outer loop
      vertex 116.1 44.5 11.1
      vertex 283.9 44.5 0
      vertex 116.1 44.5 0
    endloop
  endfacet
  facet normal -0.852694 0.522411 0
    outer loop
      vertex 108.883 40.0773 0
      vertex 109.547 41.1611 11.1
      vertex 109.547 41.1611 0
    endloop
  endfacet
  facet normal -0.852694 0.522411 0
    outer loop
      vertex 109.547 41.1611 11.1
      vertex 108.883 40.0773 0
      vertex 108.883 40.0773 11.1
    endloop
  endfacet
  facet normal -0.923716 0.383079 0
    outer loop
      vertex 108.396 38.903 0
      vertex 108.883 40.0773 11.1
      vertex 108.883 40.0773 0
    endloop
  endfacet
  facet normal -0.923716 0.383079 0
    outer loop
      vertex 108.883 40.0773 11.1
      vertex 108.396 38.903 0
      vertex 108.396 38.903 11.1
    endloop
  endfacet
  facet normal 0 0 -1
    outer loop
      vertex 283.9 -44.5 0
      vertex 292 -36.4001 0
      vertex 291.9 -37.6671 0
    endloop
  endfacet
  facet normal -0 0 -1
    outer loop
      vertex 292 -36.4001 0
      vertex 283.9 -44.5 0
      vertex 292 36.4001 0
    endloop
  endfacet
  facet normal 0 0 -1
    outer loop
      vertex 283.9 -44.5 0
      vertex 291.9 -37.6671 0
      vertex 291.604 -38.903 0
    endloop
  endfacet
  facet normal 0 0 -1
    outer loop
      vertex 283.9 44.5 0
      vertex 292 36.4001 0
      vertex 283.9 -44.5 0
    endloop
  endfacet
  facet normal 0 0 -1
    outer loop
      vertex 283.9 -44.5 0
      vertex 291.604 -38.903 0
      vertex 291.117 -40.0773 0
    endloop
  endfacet
  facet normal 0 0 -1
    outer loop
      vertex 292 36.4001 0
      vertex 283.9 44.5 0
      vertex 291.9 37.6671 0
    endloop
  endfacet
  facet normal 0 0 -1
    outer loop
      vertex 283.9 -44.5 0
      vertex 291.117 -40.0773 0
      vertex 290.453 -41.1611 0
    endloop
  endfacet
  facet normal 0 0 -1
    outer loop
      vertex 291.9 37.6671 0
      vertex 283.9 44.5 0
      vertex 291.604 38.903 0
    endloop
  endfacet
  facet normal 0 0 -1
    outer loop
      vertex 283.9 -44.5 0
      vertex 290.453 -41.1611 0
      vertex 289.628 -42.1276 0
    endloop
  endfacet
  facet normal 0 0 -1
    outer loop
      vertex 291.604 38.903 0
      vertex 283.9 44.5 0
      vertex 291.117 40.0773 0
    endloop
  endfacet
  facet normal 0 0 -1
    outer loop
      vertex 283.9 -44.5 0
      vertex 289.628 -42.1276 0
      vertex 288.661 -42.953 0
    endloop
  endfacet
  facet normal 0 0 -1
    outer loop
      vertex 291.117 40.0773 0
      vertex 283.9 44.5 0
      vertex 290.453 41.1611 0
    endloop
  endfacet
  facet normal 0 0 -1
    outer loop
      vertex 283.9 -44.5 0
      vertex 288.661 -42.953 0
      vertex 287.577 -43.6172 0
    endloop
  endfacet
  facet normal 0 0 -1
    outer loop
      vertex 290.453 41.1611 0
      vertex 283.9 44.5 0
      vertex 289.628 42.1276 0
    endloop
  endfacet
  facet normal 0 0 -1
    outer loop
      vertex 283.9 -44.5 0
      vertex 287.577 -43.6172 0
      vertex 286.403 -44.1036 0
    endloop
  endfacet
  facet normal 0 0 -1
    outer loop
      vertex 289.628 42.1276 0
      vertex 283.9 44.5 0
      vertex 288.661 42.953 0
    endloop
  endfacet
  facet normal 0 0 -1
    outer loop
      vertex 283.9 -44.5 0
      vertex 286.403 -44.1036 0
      vertex 285.167 -44.4003 0
    endloop
  endfacet
  facet normal 0 0 -1
    outer loop
      vertex 288.661 42.953 0
      vertex 283.9 44.5 0
      vertex 287.577 43.6172 0
    endloop
  endfacet
  facet normal 0 0 -1
    outer loop
      vertex 287.577 43.6172 0
      vertex 283.9 44.5 0
      vertex 286.403 44.1036 0
    endloop
  endfacet
  facet normal 0 0 -1
    outer loop
      vertex 286.403 44.1036 0
      vertex 283.9 44.5 0
      vertex 285.167 44.4003 0
    endloop
  endfacet
  facet normal 0 0 -1
    outer loop
      vertex 116.1 -44.5 0
      vertex 283.9 44.5 0
      vertex 283.9 -44.5 0
    endloop
  endfacet
  facet normal 0 0 -1
    outer loop
      vertex 116.1 -44.5 0
      vertex 116.1 44.5 0
      vertex 283.9 44.5 0
    endloop
  endfacet
  facet normal 0 0 -1
    outer loop
      vertex 108 -36.4001 0
      vertex 116.1 -44.5 0
      vertex 114.833 -44.4003 0
    endloop
  endfacet
  facet normal 0 0 -1
    outer loop
      vertex 116.1 -44.5 0
      vertex 108 -36.4001 0
      vertex 116.1 44.5 0
    endloop
  endfacet
  facet normal 0 0 -1
    outer loop
      vertex 108 -36.4001 0
      vertex 114.833 -44.4003 0
      vertex 113.597 -44.1036 0
    endloop
  endfacet
  facet normal 0 0 -1
    outer loop
      vertex 108 36.4001 0
      vertex 116.1 44.5 0
      vertex 108 -36.4001 0
    endloop
  endfacet
  facet normal 0 0 -1
    outer loop
      vertex 108 -36.4001 0
      vertex 113.597 -44.1036 0
      vertex 112.423 -43.6172 0
    endloop
  endfacet
  facet normal 0 0 -1
    outer loop
      vertex 116.1 44.5 0
      vertex 108 36.4001 0
      vertex 114.833 44.4003 0
    endloop
  endfacet
  facet normal 0 0 -1
    outer loop
      vertex 108 -36.4001 0
      vertex 112.423 -43.6172 0
      vertex 111.339 -42.953 0
    endloop
  endfacet
  facet normal 0 0 -1
    outer loop
      vertex 114.833 44.4003 0
      vertex 108 36.4001 0
      vertex 113.597 44.1036 0
    endloop
  endfacet
  facet normal 0 0 -1
    outer loop
      vertex 108 -36.4001 0
      vertex 111.339 -42.953 0
      vertex 110.372 -42.1276 0
    endloop
  endfacet
  facet normal 0 0 -1
    outer loop
      vertex 113.597 44.1036 0
      vertex 108 36.4001 0
      vertex 112.423 43.6172 0
    endloop
  endfacet
  facet normal 0 0 -1
    outer loop
      vertex 108 -36.4001 0
      vertex 110.372 -42.1276 0
      vertex 109.547 -41.1611 0
    endloop
  endfacet
  facet normal 0 0 -1
    outer loop
      vertex 112.423 43.6172 0
      vertex 108 36.4001 0
      vertex 111.339 42.953 0
    endloop
  endfacet
  facet normal 0 0 -1
    outer loop
      vertex 108 -36.4001 0
      vertex 109.547 -41.1611 0
      vertex 108.883 -40.0773 0
    endloop
  endfacet
  facet normal 0 0 -1
    outer loop
      vertex 111.339 42.953 0
      vertex 108 36.4001 0
      vertex 110.372 42.1276 0
    endloop
  endfacet
  facet normal 0 0 -1
    outer loop
      vertex 108 -36.4001 0
      vertex 108.883 -40.0773 0
      vertex 108.396 -38.903 0
    endloop
  endfacet
  facet normal 0 0 -1
    outer loop
      vertex 110.372 42.1276 0
      vertex 108 36.4001 0
      vertex 109.547 41.1611 0
    endloop
  endfacet
  facet normal 0 0 -1
    outer loop
      vertex 108 -36.4001 0
      vertex 108.396 -38.903 0
      vertex 108.1 -37.6671 0
    endloop
  endfacet
  facet normal 0 0 -1
    outer loop
      vertex 109.547 41.1611 0
      vertex 108 36.4001 0
      vertex 108.883 40.0773 0
    endloop
  endfacet
  facet normal 0 0 -1
    outer loop
      vertex 108.883 40.0773 0
      vertex 108 36.4001 0
      vertex 108.396 38.903 0
    endloop
  endfacet
  facet normal 0 0 -1
    outer loop
      vertex 108.396 38.903 0
      vertex 108 36.4001 0
      vertex 108.1 37.6671 0
    endloop
  endfacet
  facet normal 0.760588 0.649235 0
    outer loop
      vertex 290.453 41.1611 11.1
      vertex 289.628 42.1276 0
      vertex 289.628 42.1276 11.1
    endloop
  endfacet
  facet normal 0.760588 0.649235 0
    outer loop
      vertex 289.628 42.1276 0
      vertex 290.453 41.1611 11.1
      vertex 290.453 41.1611 0
    endloop
  endfacet
  facet normal 0.852694 0.522411 0
    outer loop
      vertex 291.117 40.0773 11.1
      vertex 290.453 41.1611 0
      vertex 290.453 41.1611 11.1
    endloop
  endfacet
  facet normal 0.852694 0.522411 0
    outer loop
      vertex 290.453 41.1611 0
      vertex 291.117 40.0773 11.1
      vertex 291.117 40.0773 0
    endloop
  endfacet
  facet normal 0.923716 0.383079 0
    outer loop
      vertex 291.604 38.903 11.1
      vertex 291.117 40.0773 0
      vertex 291.117 40.0773 11.1
    endloop
  endfacet
  facet normal 0.923716 0.383079 0
    outer loop
      vertex 291.117 40.0773 0
      vertex 291.604 38.903 11.1
      vertex 291.604 38.903 0
    endloop
  endfacet
  facet normal 0.760588 -0.649235 0
    outer loop
      vertex 289.628 -42.1276 11.1
      vertex 290.453 -41.1611 0
      vertex 290.453 -41.1611 11.1
    endloop
  endfacet
  facet normal 0.760588 -0.649235 0
    outer loop
      vertex 290.453 -41.1611 0
      vertex 289.628 -42.1276 11.1
      vertex 289.628 -42.1276 0
    endloop
  endfacet
  facet normal 0.522455 -0.852667 0
    outer loop
      vertex 287.577 -43.6172 0
      vertex 288.661 -42.953 11.1
      vertex 287.577 -43.6172 11.1
    endloop
  endfacet
  facet normal 0.522455 -0.852667 0
    outer loop
      vertex 288.661 -42.953 11.1
      vertex 287.577 -43.6172 0
      vertex 288.661 -42.953 0
    endloop
  endfacet
  facet normal 0.649222 -0.760599 0
    outer loop
      vertex 288.661 -42.953 0
      vertex 289.628 -42.1276 11.1
      vertex 288.661 -42.953 11.1
    endloop
  endfacet
  facet normal 0.649222 -0.760599 0
    outer loop
      vertex 289.628 -42.1276 11.1
      vertex 288.661 -42.953 0
      vertex 289.628 -42.1276 0
    endloop
  endfacet
  facet normal 0.38276 -0.923848 0
    outer loop
      vertex 286.403 -44.1036 0
      vertex 287.577 -43.6172 11.1
      vertex 286.403 -44.1036 11.1
    endloop
  endfacet
  facet normal 0.38276 -0.923848 0
    outer loop
      vertex 287.577 -43.6172 11.1
      vertex 286.403 -44.1036 0
      vertex 287.577 -43.6172 0
    endloop
  endfacet
  facet normal 0.0784473 -0.996918 0
    outer loop
      vertex 283.9 -44.5 0
      vertex 285.167 -44.4003 11.1
      vertex 283.9 -44.5 11.1
    endloop
  endfacet
  facet normal 0.0784473 -0.996918 0
    outer loop
      vertex 285.167 -44.4003 11.1
      vertex 283.9 -44.5 0
      vertex 285.167 -44.4003 0
    endloop
  endfacet
  facet normal 0.233418 -0.972377 0
    outer loop
      vertex 285.167 -44.4003 0
      vertex 286.403 -44.1036 11.1
      vertex 285.167 -44.4003 11.1
    endloop
  endfacet
  facet normal 0.233418 -0.972377 0
    outer loop
      vertex 286.403 -44.1036 11.1
      vertex 285.167 -44.4003 0
      vertex 286.403 -44.1036 0
    endloop
  endfacet
  facet normal -0.852694 -0.522411 0
    outer loop
      vertex 109.547 -41.1611 0
      vertex 108.883 -40.0773 11.1
      vertex 108.883 -40.0773 0
    endloop
  endfacet
  facet normal -0.852694 -0.522411 0
    outer loop
      vertex 108.883 -40.0773 11.1
      vertex 109.547 -41.1611 0
      vertex 109.547 -41.1611 11.1
    endloop
  endfacet
  facet normal -0.522455 0.852667 0
    outer loop
      vertex 112.423 43.6172 0
      vertex 111.339 42.953 11.1
      vertex 112.423 43.6172 11.1
    endloop
  endfacet
  facet normal -0.522455 0.852667 0
    outer loop
      vertex 111.339 42.953 11.1
      vertex 112.423 43.6172 0
      vertex 111.339 42.953 0
    endloop
  endfacet
  facet normal -0.649222 0.760599 0
    outer loop
      vertex 111.339 42.953 0
      vertex 110.372 42.1276 11.1
      vertex 111.339 42.953 11.1
    endloop
  endfacet
  facet normal -0.649222 0.760599 0
    outer loop
      vertex 110.372 42.1276 11.1
      vertex 111.339 42.953 0
      vertex 110.372 42.1276 0
    endloop
  endfacet
  facet normal 0.649222 0.760599 -0
    outer loop
      vertex 289.628 42.1276 0
      vertex 288.661 42.953 11.1
      vertex 289.628 42.1276 11.1
    endloop
  endfacet
  facet normal 0.649222 0.760599 0
    outer loop
      vertex 288.661 42.953 11.1
      vertex 289.628 42.1276 0
      vertex 288.661 42.953 0
    endloop
  endfacet
  facet normal -0.923716 -0.383079 0
    outer loop
      vertex 108.883 -40.0773 0
      vertex 108.396 -38.903 11.1
      vertex 108.396 -38.903 0
    endloop
  endfacet
  facet normal -0.923716 -0.383079 0
    outer loop
      vertex 108.396 -38.903 11.1
      vertex 108.883 -40.0773 0
      vertex 108.883 -40.0773 11.1
    endloop
  endfacet
  facet normal 0.9969 0.0786819 0
    outer loop
      vertex 292 36.4001 11.1
      vertex 291.9 37.6671 0
      vertex 291.9 37.6671 11.1
    endloop
  endfacet
  facet normal 0.9969 0.0786819 0
    outer loop
      vertex 291.9 37.6671 0
      vertex 292 36.4001 11.1
      vertex 292 36.4001 0
    endloop
  endfacet
  facet normal 0.9969 -0.0786819 0
    outer loop
      vertex 291.9 -37.6671 11.1
      vertex 292 -36.4001 0
      vertex 292 -36.4001 11.1
    endloop
  endfacet
  facet normal 0.9969 -0.0786819 0
    outer loop
      vertex 292 -36.4001 0
      vertex 291.9 -37.6671 11.1
      vertex 291.9 -37.6671 0
    endloop
  endfacet
  facet normal -0.0784473 -0.996918 0
    outer loop
      vertex 114.833 -44.4003 0
      vertex 116.1 -44.5 11.1
      vertex 114.833 -44.4003 11.1
    endloop
  endfacet
  facet normal -0.0784473 -0.996918 -0
    outer loop
      vertex 116.1 -44.5 11.1
      vertex 114.833 -44.4003 0
      vertex 116.1 -44.5 0
    endloop
  endfacet
  facet normal -0.233418 -0.972377 0
    outer loop
      vertex 113.597 -44.1036 0
      vertex 114.833 -44.4003 11.1
      vertex 113.597 -44.1036 11.1
    endloop
  endfacet
  facet normal -0.233418 -0.972377 -0
    outer loop
      vertex 114.833 -44.4003 11.1
      vertex 113.597 -44.1036 0
      vertex 114.833 -44.4003 0
    endloop
  endfacet
  facet normal 0.233418 0.972377 -0
    outer loop
      vertex 286.403 44.1036 0
      vertex 285.167 44.4003 11.1
      vertex 286.403 44.1036 11.1
    endloop
  endfacet
  facet normal 0.233418 0.972377 0
    outer loop
      vertex 285.167 44.4003 11.1
      vertex 286.403 44.1036 0
      vertex 285.167 44.4003 0
    endloop
  endfacet
  facet normal -0.233418 0.972377 0
    outer loop
      vertex 114.833 44.4003 0
      vertex 113.597 44.1036 11.1
      vertex 114.833 44.4003 11.1
    endloop
  endfacet
  facet normal -0.233418 0.972377 0
    outer loop
      vertex 113.597 44.1036 11.1
      vertex 114.833 44.4003 0
      vertex 113.597 44.1036 0
    endloop
  endfacet
  facet normal -0.0784473 0.996918 0
    outer loop
      vertex 116.1 44.5 0
      vertex 114.833 44.4003 11.1
      vertex 116.1 44.5 11.1
    endloop
  endfacet
  facet normal -0.0784473 0.996918 0
    outer loop
      vertex 114.833 44.4003 11.1
      vertex 116.1 44.5 0
      vertex 114.833 44.4003 0
    endloop
  endfacet
  facet normal -0.760588 0.649235 0
    outer loop
      vertex 109.547 41.1611 0
      vertex 110.372 42.1276 11.1
      vertex 110.372 42.1276 0
    endloop
  endfacet
  facet normal -0.760588 0.649235 0
    outer loop
      vertex 110.372 42.1276 11.1
      vertex 109.547 41.1611 0
      vertex 109.547 41.1611 11.1
    endloop
  endfacet
  facet normal -0.972497 0.232915 0
    outer loop
      vertex 108.1 37.6671 0
      vertex 108.396 38.903 11.1
      vertex 108.396 38.903 0
    endloop
  endfacet
  facet normal -0.972497 0.232915 0
    outer loop
      vertex 108.396 38.903 11.1
      vertex 108.1 37.6671 0
      vertex 108.1 37.6671 11.1
    endloop
  endfacet
  facet normal -0.972497 -0.232915 0
    outer loop
      vertex 108.396 -38.903 0
      vertex 108.1 -37.6671 11.1
      vertex 108.1 -37.6671 0
    endloop
  endfacet
  facet normal -0.972497 -0.232915 0
    outer loop
      vertex 108.1 -37.6671 11.1
      vertex 108.396 -38.903 0
      vertex 108.396 -38.903 11.1
    endloop
  endfacet
  facet normal -0.9969 -0.0786819 0
    outer loop
      vertex 108.1 -37.6671 0
      vertex 108 -36.4001 11.1
      vertex 108 -36.4001 0
    endloop
  endfacet
  facet normal -0.9969 -0.0786819 0
    outer loop
      vertex 108 -36.4001 11.1
      vertex 108.1 -37.6671 0
      vertex 108.1 -37.6671 11.1
    endloop
  endfacet
  facet normal 0.972497 0.232915 0
    outer loop
      vertex 291.9 37.6671 11.1
      vertex 291.604 38.903 0
      vertex 291.604 38.903 11.1
    endloop
  endfacet
  facet normal 0.972497 0.232915 0
    outer loop
      vertex 291.604 38.903 0
      vertex 291.9 37.6671 11.1
      vertex 291.9 37.6671 0
    endloop
  endfacet
  facet normal 0.972497 -0.232915 0
    outer loop
      vertex 291.604 -38.903 11.1
      vertex 291.9 -37.6671 0
      vertex 291.9 -37.6671 11.1
    endloop
  endfacet
  facet normal 0.972497 -0.232915 0
    outer loop
      vertex 291.9 -37.6671 0
      vertex 291.604 -38.903 11.1
      vertex 291.604 -38.903 0
    endloop
  endfacet
  facet normal 0.923716 -0.383079 0
    outer loop
      vertex 291.117 -40.0773 11.1
      vertex 291.604 -38.903 0
      vertex 291.604 -38.903 11.1
    endloop
  endfacet
  facet normal 0.923716 -0.383079 0
    outer loop
      vertex 291.604 -38.903 0
      vertex 291.117 -40.0773 11.1
      vertex 291.117 -40.0773 0
    endloop
  endfacet
  facet normal 0.0784473 0.996918 -0
    outer loop
      vertex 285.167 44.4003 0
      vertex 283.9 44.5 11.1
      vertex 285.167 44.4003 11.1
    endloop
  endfacet
  facet normal 0.0784473 0.996918 0
    outer loop
      vertex 283.9 44.5 11.1
      vertex 285.167 44.4003 0
      vertex 283.9 44.5 0
    endloop
  endfacet
  facet normal -0.9969 0.0786819 0
    outer loop
      vertex 108 36.4001 0
      vertex 108.1 37.6671 11.1
      vertex 108.1 37.6671 0
    endloop
  endfacet
  facet normal -0.9969 0.0786819 0
    outer loop
      vertex 108.1 37.6671 11.1
      vertex 108 36.4001 0
      vertex 108 36.4001 11.1
    endloop
  endfacet
  facet normal 0.522424 0.852686 -0
    outer loop
      vertex 114.355 -41.7508 8.1
      vertex 113.251 -41.0744 11.1
      vertex 114.355 -41.7508 11.1
    endloop
  endfacet
  facet normal 0.522424 0.852686 0
    outer loop
      vertex 113.251 -41.0744 11.1
      vertex 114.355 -41.7508 8.1
      vertex 113.251 -41.0744 8.1
    endloop
  endfacet
  facet normal 0.760695 0.64911 0
    outer loop
      vertex 112.266 -40.2336 11.1
      vertex 111.426 -39.2492 8.1
      vertex 111.426 -39.2492 11.1
    endloop
  endfacet
  facet normal 0.760695 0.64911 0
    outer loop
      vertex 111.426 -39.2492 8.1
      vertex 112.266 -40.2336 11.1
      vertex 112.266 -40.2336 8.1
    endloop
  endfacet
  facet normal 0.852437 0.52283 0
    outer loop
      vertex 111.426 -39.2492 11.1
      vertex 110.749 -38.1454 8.1
      vertex 110.749 -38.1454 11.1
    endloop
  endfacet
  facet normal 0.852437 0.52283 0
    outer loop
      vertex 110.749 -38.1454 8.1
      vertex 111.426 -39.2492 11.1
      vertex 111.426 -39.2492 8.1
    endloop
  endfacet
  facet normal -1 0 0
    outer loop
      vertex 290.15 -34.4 8.1
      vertex 290.15 34.4 11.1
      vertex 290.15 34.4 8.1
    endloop
  endfacet
  facet normal -1 -0 0
    outer loop
      vertex 290.15 34.4 11.1
      vertex 290.15 -34.4 8.1
      vertex 290.15 -34.4 11.1
    endloop
  endfacet
  facet normal 0.649238 0.760585 -0
    outer loop
      vertex 113.251 -41.0744 8.1
      vertex 112.266 -40.2336 11.1
      vertex 113.251 -41.0744 11.1
    endloop
  endfacet
  facet normal 0.649238 0.760585 0
    outer loop
      vertex 112.266 -40.2336 11.1
      vertex 113.251 -41.0744 8.1
      vertex 112.266 -40.2336 8.1
    endloop
  endfacet
  facet normal 0.972407 0.233291 0
    outer loop
      vertex 110.254 -36.9494 11.1
      vertex 109.952 -35.6906 8.1
      vertex 109.952 -35.6906 11.1
    endloop
  endfacet
  facet normal 0.972407 0.233291 0
    outer loop
      vertex 109.952 -35.6906 8.1
      vertex 110.254 -36.9494 11.1
      vertex 110.254 -36.9494 8.1
    endloop
  endfacet
  facet normal 0.923989 0.38242 0
    outer loop
      vertex 110.749 -38.1454 11.1
      vertex 110.254 -36.9494 8.1
      vertex 110.254 -36.9494 11.1
    endloop
  endfacet
  facet normal 0.923989 0.38242 0
    outer loop
      vertex 110.254 -36.9494 8.1
      vertex 110.749 -38.1454 11.1
      vertex 110.749 -38.1454 8.1
    endloop
  endfacet
  facet normal 1 -0 0
    outer loop
      vertex 109.85 -34.4 11.1
      vertex 109.85 34.4 8.1
      vertex 109.85 34.4 11.1
    endloop
  endfacet
  facet normal 1 0 0
    outer loop
      vertex 109.85 34.4 8.1
      vertex 109.85 -34.4 11.1
      vertex 109.85 -34.4 8.1
    endloop
  endfacet
  facet normal 0.996891 -0.0787873 0
    outer loop
      vertex 109.85 34.4 11.1
      vertex 109.952 35.6906 8.1
      vertex 109.952 35.6906 11.1
    endloop
  endfacet
  facet normal 0.996891 -0.0787873 0
    outer loop
      vertex 109.952 35.6906 8.1
      vertex 109.85 34.4 11.1
      vertex 109.85 34.4 8.1
    endloop
  endfacet
  facet normal 0.0784561 -0.996918 0
    outer loop
      vertex 116.809 42.5484 8.1
      vertex 118.1 42.65 11.1
      vertex 116.809 42.5484 11.1
    endloop
  endfacet
  facet normal 0.0784561 -0.996918 0
    outer loop
      vertex 118.1 42.65 11.1
      vertex 116.809 42.5484 8.1
      vertex 118.1 42.65 8.1
    endloop
  endfacet
  facet normal -0.382684 0.923879 0
    outer loop
      vertex 285.645 -41.7508 8.1
      vertex 284.449 -42.2462 11.1
      vertex 285.645 -41.7508 11.1
    endloop
  endfacet
  facet normal -0.382684 0.923879 0
    outer loop
      vertex 284.449 -42.2462 11.1
      vertex 285.645 -41.7508 8.1
      vertex 284.449 -42.2462 8.1
    endloop
  endfacet
  facet normal -0.0784561 0.996918 0
    outer loop
      vertex 283.191 -42.5484 8.1
      vertex 281.9 -42.65 11.1
      vertex 283.191 -42.5484 11.1
    endloop
  endfacet
  facet normal -0.0784561 0.996918 0
    outer loop
      vertex 281.9 -42.65 11.1
      vertex 283.191 -42.5484 8.1
      vertex 281.9 -42.65 8.1
    endloop
  endfacet
  facet normal 0.382684 0.923879 -0
    outer loop
      vertex 115.551 -42.2462 8.1
      vertex 114.355 -41.7508 11.1
      vertex 115.551 -42.2462 11.1
    endloop
  endfacet
  facet normal 0.382684 0.923879 0
    outer loop
      vertex 114.355 -41.7508 11.1
      vertex 115.551 -42.2462 8.1
      vertex 114.355 -41.7508 8.1
    endloop
  endfacet
  facet normal 0 0 1
    outer loop
      vertex 281.9 42.65 8.1
      vertex 290.15 34.4 8.1
      vertex 290.048 35.6906 8.1
    endloop
  endfacet
  facet normal 0 0 1
    outer loop
      vertex 290.15 34.4 8.1
      vertex 281.9 42.65 8.1
      vertex 290.15 -34.4 8.1
    endloop
  endfacet
  facet normal 0 0 1
    outer loop
      vertex 281.9 42.65 8.1
      vertex 290.048 35.6906 8.1
      vertex 289.746 36.9494 8.1
    endloop
  endfacet
  facet normal 0 0 1
    outer loop
      vertex 281.9 -42.65 8.1
      vertex 290.15 -34.4 8.1
      vertex 281.9 42.65 8.1
    endloop
  endfacet
  facet normal 0 0 1
    outer loop
      vertex 281.9 42.65 8.1
      vertex 289.746 36.9494 8.1
      vertex 289.251 38.1454 8.1
    endloop
  endfacet
  facet normal 0 0 1
    outer loop
      vertex 290.15 -34.4 8.1
      vertex 281.9 -42.65 8.1
      vertex 290.048 -35.6906 8.1
    endloop
  endfacet
  facet normal 0 0 1
    outer loop
      vertex 281.9 42.65 8.1
      vertex 289.251 38.1454 8.1
      vertex 288.574 39.2492 8.1
    endloop
  endfacet
  facet normal 0 0 1
    outer loop
      vertex 290.048 -35.6906 8.1
      vertex 281.9 -42.65 8.1
      vertex 289.746 -36.9494 8.1
    endloop
  endfacet
  facet normal 0 0 1
    outer loop
      vertex 281.9 42.65 8.1
      vertex 288.574 39.2492 8.1
      vertex 287.734 40.2336 8.1
    endloop
  endfacet
  facet normal 0 0 1
    outer loop
      vertex 289.746 -36.9494 8.1
      vertex 281.9 -42.65 8.1
      vertex 289.251 -38.1454 8.1
    endloop
  endfacet
  facet normal 0 0 1
    outer loop
      vertex 281.9 42.65 8.1
      vertex 287.734 40.2336 8.1
      vertex 286.749 41.0744 8.1
    endloop
  endfacet
  facet normal 0 0 1
    outer loop
      vertex 289.251 -38.1454 8.1
      vertex 281.9 -42.65 8.1
      vertex 288.574 -39.2492 8.1
    endloop
  endfacet
  facet normal 0 0 1
    outer loop
      vertex 281.9 42.65 8.1
      vertex 286.749 41.0744 8.1
      vertex 285.645 41.7508 8.1
    endloop
  endfacet
  facet normal 0 0 1
    outer loop
      vertex 288.574 -39.2492 8.1
      vertex 281.9 -42.65 8.1
      vertex 287.734 -40.2336 8.1
    endloop
  endfacet
  facet normal 0 0 1
    outer loop
      vertex 281.9 42.65 8.1
      vertex 285.645 41.7508 8.1
      vertex 284.449 42.2462 8.1
    endloop
  endfacet
  facet normal 0 0 1
    outer loop
      vertex 287.734 -40.2336 8.1
      vertex 281.9 -42.65 8.1
      vertex 286.749 -41.0744 8.1
    endloop
  endfacet
  facet normal 0 0 1
    outer loop
      vertex 281.9 42.65 8.1
      vertex 284.449 42.2462 8.1
      vertex 283.191 42.5484 8.1
    endloop
  endfacet
  facet normal 0 0 1
    outer loop
      vertex 286.749 -41.0744 8.1
      vertex 281.9 -42.65 8.1
      vertex 285.645 -41.7508 8.1
    endloop
  endfacet
  facet normal 0 0 1
    outer loop
      vertex 285.645 -41.7508 8.1
      vertex 281.9 -42.65 8.1
      vertex 284.449 -42.2462 8.1
    endloop
  endfacet
  facet normal 0 0 1
    outer loop
      vertex 284.449 -42.2462 8.1
      vertex 281.9 -42.65 8.1
      vertex 283.191 -42.5484 8.1
    endloop
  endfacet
  facet normal -0 0 1
    outer loop
      vertex 118.1 42.65 8.1
      vertex 281.9 -42.65 8.1
      vertex 281.9 42.65 8.1
    endloop
  endfacet
  facet normal 0 0 1
    outer loop
      vertex 118.1 42.65 8.1
      vertex 118.1 -42.65 8.1
      vertex 281.9 -42.65 8.1
    endloop
  endfacet
  facet normal 0 0 1
    outer loop
      vertex 109.85 34.4 8.1
      vertex 118.1 42.65 8.1
      vertex 116.809 42.5484 8.1
    endloop
  endfacet
  facet normal 0 0 1
    outer loop
      vertex 118.1 42.65 8.1
      vertex 109.85 34.4 8.1
      vertex 118.1 -42.65 8.1
    endloop
  endfacet
  facet normal 0 0 1
    outer loop
      vertex 109.85 34.4 8.1
      vertex 116.809 42.5484 8.1
      vertex 115.551 42.2462 8.1
    endloop
  endfacet
  facet normal -0 0 1
    outer loop
      vertex 109.85 -34.4 8.1
      vertex 118.1 -42.65 8.1
      vertex 109.85 34.4 8.1
    endloop
  endfacet
  facet normal 0 0 1
    outer loop
      vertex 109.85 34.4 8.1
      vertex 115.551 42.2462 8.1
      vertex 114.355 41.7508 8.1
    endloop
  endfacet
  facet normal 0 0 1
    outer loop
      vertex 118.1 -42.65 8.1
      vertex 109.85 -34.4 8.1
      vertex 116.809 -42.5484 8.1
    endloop
  endfacet
  facet normal 0 0 1
    outer loop
      vertex 109.85 34.4 8.1
      vertex 114.355 41.7508 8.1
      vertex 113.251 41.0744 8.1
    endloop
  endfacet
  facet normal 0 0 1
    outer loop
      vertex 116.809 -42.5484 8.1
      vertex 109.85 -34.4 8.1
      vertex 115.551 -42.2462 8.1
    endloop
  endfacet
  facet normal 0 0 1
    outer loop
      vertex 109.85 34.4 8.1
      vertex 113.251 41.0744 8.1
      vertex 112.266 40.2336 8.1
    endloop
  endfacet
  facet normal 0 0 1
    outer loop
      vertex 115.551 -42.2462 8.1
      vertex 109.85 -34.4 8.1
      vertex 114.355 -41.7508 8.1
    endloop
  endfacet
  facet normal 0 0 1
    outer loop
      vertex 109.85 34.4 8.1
      vertex 112.266 40.2336 8.1
      vertex 111.426 39.2492 8.1
    endloop
  endfacet
  facet normal 0 0 1
    outer loop
      vertex 114.355 -41.7508 8.1
      vertex 109.85 -34.4 8.1
      vertex 113.251 -41.0744 8.1
    endloop
  endfacet
  facet normal 0 0 1
    outer loop
      vertex 109.85 34.4 8.1
      vertex 111.426 39.2492 8.1
      vertex 110.749 38.1454 8.1
    endloop
  endfacet
  facet normal 0 0 1
    outer loop
      vertex 113.251 -41.0744 8.1
      vertex 109.85 -34.4 8.1
      vertex 112.266 -40.2336 8.1
    endloop
  endfacet
  facet normal 0 0 1
    outer loop
      vertex 109.85 34.4 8.1
      vertex 110.749 38.1454 8.1
      vertex 110.254 36.9494 8.1
    endloop
  endfacet
  facet normal 0 0 1
    outer loop
      vertex 112.266 -40.2336 8.1
      vertex 109.85 -34.4 8.1
      vertex 111.426 -39.2492 8.1
    endloop
  endfacet
  facet normal 0 0 1
    outer loop
      vertex 109.85 34.4 8.1
      vertex 110.254 36.9494 8.1
      vertex 109.952 35.6906 8.1
    endloop
  endfacet
  facet normal 0 0 1
    outer loop
      vertex 111.426 -39.2492 8.1
      vertex 109.85 -34.4 8.1
      vertex 110.749 -38.1454 8.1
    endloop
  endfacet
  facet normal 0 0 1
    outer loop
      vertex 110.749 -38.1454 8.1
      vertex 109.85 -34.4 8.1
      vertex 110.254 -36.9494 8.1
    endloop
  endfacet
  facet normal 0 0 1
    outer loop
      vertex 110.254 -36.9494 8.1
      vertex 109.85 -34.4 8.1
      vertex 109.952 -35.6906 8.1
    endloop
  endfacet
  facet normal 0.996891 0.0787873 0
    outer loop
      vertex 109.952 -35.6906 11.1
      vertex 109.85 -34.4 8.1
      vertex 109.85 -34.4 11.1
    endloop
  endfacet
  facet normal 0.996891 0.0787873 0
    outer loop
      vertex 109.85 -34.4 8.1
      vertex 109.952 -35.6906 11.1
      vertex 109.952 -35.6906 8.1
    endloop
  endfacet
  facet normal 0.760695 -0.64911 0
    outer loop
      vertex 111.426 39.2492 11.1
      vertex 112.266 40.2336 8.1
      vertex 112.266 40.2336 11.1
    endloop
  endfacet
  facet normal 0.760695 -0.64911 0
    outer loop
      vertex 112.266 40.2336 8.1
      vertex 111.426 39.2492 11.1
      vertex 111.426 39.2492 8.1
    endloop
  endfacet
  facet normal -0.760695 -0.64911 0
    outer loop
      vertex 288.574 39.2492 8.1
      vertex 287.734 40.2336 11.1
      vertex 287.734 40.2336 8.1
    endloop
  endfacet
  facet normal -0.760695 -0.64911 0
    outer loop
      vertex 287.734 40.2336 11.1
      vertex 288.574 39.2492 8.1
      vertex 288.574 39.2492 11.1
    endloop
  endfacet
  facet normal -0.0784561 -0.996918 0
    outer loop
      vertex 281.9 42.65 8.1
      vertex 283.191 42.5484 11.1
      vertex 281.9 42.65 11.1
    endloop
  endfacet
  facet normal -0.0784561 -0.996918 -0
    outer loop
      vertex 283.191 42.5484 11.1
      vertex 281.9 42.65 8.1
      vertex 283.191 42.5484 8.1
    endloop
  endfacet
  facet normal 0 -1 0
    outer loop
      vertex 118.1 42.65 8.1
      vertex 281.9 42.65 11.1
      vertex 118.1 42.65 11.1
    endloop
  endfacet
  facet normal 0 -1 -0
    outer loop
      vertex 281.9 42.65 11.1
      vertex 118.1 42.65 8.1
      vertex 281.9 42.65 8.1
    endloop
  endfacet
  facet normal -0.852437 0.52283 0
    outer loop
      vertex 288.574 -39.2492 8.1
      vertex 289.251 -38.1454 11.1
      vertex 289.251 -38.1454 8.1
    endloop
  endfacet
  facet normal -0.852437 0.52283 0
    outer loop
      vertex 289.251 -38.1454 11.1
      vertex 288.574 -39.2492 8.1
      vertex 288.574 -39.2492 11.1
    endloop
  endfacet
  facet normal -0.972407 0.233291 0
    outer loop
      vertex 289.746 -36.9494 8.1
      vertex 290.048 -35.6906 11.1
      vertex 290.048 -35.6906 8.1
    endloop
  endfacet
  facet normal -0.972407 0.233291 0
    outer loop
      vertex 290.048 -35.6906 11.1
      vertex 289.746 -36.9494 8.1
      vertex 289.746 -36.9494 11.1
    endloop
  endfacet
  facet normal 0.233578 0.972338 -0
    outer loop
      vertex 116.809 -42.5484 8.1
      vertex 115.551 -42.2462 11.1
      vertex 116.809 -42.5484 11.1
    endloop
  endfacet
  facet normal 0.233578 0.972338 0
    outer loop
      vertex 115.551 -42.2462 11.1
      vertex 116.809 -42.5484 8.1
      vertex 115.551 -42.2462 8.1
    endloop
  endfacet
  facet normal 0.522424 -0.852686 0
    outer loop
      vertex 113.251 41.0744 8.1
      vertex 114.355 41.7508 11.1
      vertex 113.251 41.0744 11.1
    endloop
  endfacet
  facet normal 0.522424 -0.852686 0
    outer loop
      vertex 114.355 41.7508 11.1
      vertex 113.251 41.0744 8.1
      vertex 114.355 41.7508 8.1
    endloop
  endfacet
  facet normal -0.382684 -0.923879 0
    outer loop
      vertex 284.449 42.2462 8.1
      vertex 285.645 41.7508 11.1
      vertex 284.449 42.2462 11.1
    endloop
  endfacet
  facet normal -0.382684 -0.923879 -0
    outer loop
      vertex 285.645 41.7508 11.1
      vertex 284.449 42.2462 8.1
      vertex 285.645 41.7508 8.1
    endloop
  endfacet
  facet normal 0.233578 -0.972338 0
    outer loop
      vertex 115.551 42.2462 8.1
      vertex 116.809 42.5484 11.1
      vertex 115.551 42.2462 11.1
    endloop
  endfacet
  facet normal 0.233578 -0.972338 0
    outer loop
      vertex 116.809 42.5484 11.1
      vertex 115.551 42.2462 8.1
      vertex 116.809 42.5484 8.1
    endloop
  endfacet
  facet normal -0.996891 0.0787873 0
    outer loop
      vertex 290.048 -35.6906 8.1
      vertex 290.15 -34.4 11.1
      vertex 290.15 -34.4 8.1
    endloop
  endfacet
  facet normal -0.996891 0.0787873 0
    outer loop
      vertex 290.15 -34.4 11.1
      vertex 290.048 -35.6906 8.1
      vertex 290.048 -35.6906 11.1
    endloop
  endfacet
  facet normal -0.760695 0.64911 0
    outer loop
      vertex 287.734 -40.2336 8.1
      vertex 288.574 -39.2492 11.1
      vertex 288.574 -39.2492 8.1
    endloop
  endfacet
  facet normal -0.760695 0.64911 0
    outer loop
      vertex 288.574 -39.2492 11.1
      vertex 287.734 -40.2336 8.1
      vertex 287.734 -40.2336 11.1
    endloop
  endfacet
  facet normal 0 1 -0
    outer loop
      vertex 281.9 -42.65 8.1
      vertex 118.1 -42.65 11.1
      vertex 281.9 -42.65 11.1
    endloop
  endfacet
  facet normal 0 1 0
    outer loop
      vertex 118.1 -42.65 11.1
      vertex 281.9 -42.65 8.1
      vertex 118.1 -42.65 8.1
    endloop
  endfacet
  facet normal 0.0784561 0.996918 -0
    outer loop
      vertex 118.1 -42.65 8.1
      vertex 116.809 -42.5484 11.1
      vertex 118.1 -42.65 11.1
    endloop
  endfacet
  facet normal 0.0784561 0.996918 0
    outer loop
      vertex 116.809 -42.5484 11.1
      vertex 118.1 -42.65 8.1
      vertex 116.809 -42.5484 8.1
    endloop
  endfacet
  facet normal 0.972407 -0.233291 0
    outer loop
      vertex 109.952 35.6906 11.1
      vertex 110.254 36.9494 8.1
      vertex 110.254 36.9494 11.1
    endloop
  endfacet
  facet normal 0.972407 -0.233291 0
    outer loop
      vertex 110.254 36.9494 8.1
      vertex 109.952 35.6906 11.1
      vertex 109.952 35.6906 8.1
    endloop
  endfacet
  facet normal 0.923989 -0.38242 0
    outer loop
      vertex 110.254 36.9494 11.1
      vertex 110.749 38.1454 8.1
      vertex 110.749 38.1454 11.1
    endloop
  endfacet
  facet normal 0.923989 -0.38242 0
    outer loop
      vertex 110.749 38.1454 8.1
      vertex 110.254 36.9494 11.1
      vertex 110.254 36.9494 8.1
    endloop
  endfacet
  facet normal 0.852437 -0.52283 0
    outer loop
      vertex 110.749 38.1454 11.1
      vertex 111.426 39.2492 8.1
      vertex 111.426 39.2492 11.1
    endloop
  endfacet
  facet normal 0.852437 -0.52283 0
    outer loop
      vertex 111.426 39.2492 8.1
      vertex 110.749 38.1454 11.1
      vertex 110.749 38.1454 8.1
    endloop
  endfacet
  facet normal 0.649238 -0.760585 0
    outer loop
      vertex 112.266 40.2336 8.1
      vertex 113.251 41.0744 11.1
      vertex 112.266 40.2336 11.1
    endloop
  endfacet
  facet normal 0.649238 -0.760585 0
    outer loop
      vertex 113.251 41.0744 11.1
      vertex 112.266 40.2336 8.1
      vertex 113.251 41.0744 8.1
    endloop
  endfacet
  facet normal -0.522424 -0.852686 0
    outer loop
      vertex 285.645 41.7508 8.1
      vertex 286.749 41.0744 11.1
      vertex 285.645 41.7508 11.1
    endloop
  endfacet
  facet normal -0.522424 -0.852686 -0
    outer loop
      vertex 286.749 41.0744 11.1
      vertex 285.645 41.7508 8.1
      vertex 286.749 41.0744 8.1
    endloop
  endfacet
  facet normal -0.233578 -0.972338 0
    outer loop
      vertex 283.191 42.5484 8.1
      vertex 284.449 42.2462 11.1
      vertex 283.191 42.5484 11.1
    endloop
  endfacet
  facet normal -0.233578 -0.972338 -0
    outer loop
      vertex 284.449 42.2462 11.1
      vertex 283.191 42.5484 8.1
      vertex 284.449 42.2462 8.1
    endloop
  endfacet
  facet normal 0.382684 -0.923879 0
    outer loop
      vertex 114.355 41.7508 8.1
      vertex 115.551 42.2462 11.1
      vertex 114.355 41.7508 11.1
    endloop
  endfacet
  facet normal 0.382684 -0.923879 0
    outer loop
      vertex 115.551 42.2462 11.1
      vertex 114.355 41.7508 8.1
      vertex 115.551 42.2462 8.1
    endloop
  endfacet
  facet normal -0.972407 -0.233291 0
    outer loop
      vertex 290.048 35.6906 8.1
      vertex 289.746 36.9494 11.1
      vertex 289.746 36.9494 8.1
    endloop
  endfacet
  facet normal -0.972407 -0.233291 0
    outer loop
      vertex 289.746 36.9494 11.1
      vertex 290.048 35.6906 8.1
      vertex 290.048 35.6906 11.1
    endloop
  endfacet
  facet normal -0.996891 -0.0787873 0
    outer loop
      vertex 290.15 34.4 8.1
      vertex 290.048 35.6906 11.1
      vertex 290.048 35.6906 8.1
    endloop
  endfacet
  facet normal -0.996891 -0.0787873 0
    outer loop
      vertex 290.048 35.6906 11.1
      vertex 290.15 34.4 8.1
      vertex 290.15 34.4 11.1
    endloop
  endfacet
  facet normal -0.852437 -0.52283 0
    outer loop
      vertex 289.251 38.1454 8.1
      vertex 288.574 39.2492 11.1
      vertex 288.574 39.2492 8.1
    endloop
  endfacet
  facet normal -0.852437 -0.52283 0
    outer loop
      vertex 288.574 39.2492 11.1
      vertex 289.251 38.1454 8.1
      vertex 289.251 38.1454 11.1
    endloop
  endfacet
  facet normal -0.923989 -0.38242 0
    outer loop
      vertex 289.746 36.9494 8.1
      vertex 289.251 38.1454 11.1
      vertex 289.251 38.1454 8.1
    endloop
  endfacet
  facet normal -0.923989 -0.38242 0
    outer loop
      vertex 289.251 38.1454 11.1
      vertex 289.746 36.9494 8.1
      vertex 289.746 36.9494 11.1
    endloop
  endfacet
  facet normal -0.923989 0.38242 0
    outer loop
      vertex 289.251 -38.1454 8.1
      vertex 289.746 -36.9494 11.1
      vertex 289.746 -36.9494 8.1
    endloop
  endfacet
  facet normal -0.923989 0.38242 0
    outer loop
      vertex 289.746 -36.9494 11.1
      vertex 289.251 -38.1454 8.1
      vertex 289.251 -38.1454 11.1
    endloop
  endfacet
  facet normal -0.649238 0.760585 0
    outer loop
      vertex 287.734 -40.2336 8.1
      vertex 286.749 -41.0744 11.1
      vertex 287.734 -40.2336 11.1
    endloop
  endfacet
  facet normal -0.649238 0.760585 0
    outer loop
      vertex 286.749 -41.0744 11.1
      vertex 287.734 -40.2336 8.1
      vertex 286.749 -41.0744 8.1
    endloop
  endfacet
  facet normal -0.522424 0.852686 0
    outer loop
      vertex 286.749 -41.0744 8.1
      vertex 285.645 -41.7508 11.1
      vertex 286.749 -41.0744 11.1
    endloop
  endfacet
  facet normal -0.522424 0.852686 0
    outer loop
      vertex 285.645 -41.7508 11.1
      vertex 286.749 -41.0744 8.1
      vertex 285.645 -41.7508 8.1
    endloop
  endfacet
  facet normal -0.233578 0.972338 0
    outer loop
      vertex 284.449 -42.2462 8.1
      vertex 283.191 -42.5484 11.1
      vertex 284.449 -42.2462 11.1
    endloop
  endfacet
  facet normal -0.233578 0.972338 0
    outer loop
      vertex 283.191 -42.5484 11.1
      vertex 284.449 -42.2462 8.1
      vertex 283.191 -42.5484 8.1
    endloop
  endfacet
  facet normal -0.649238 -0.760585 0
    outer loop
      vertex 286.749 41.0744 8.1
      vertex 287.734 40.2336 11.1
      vertex 286.749 41.0744 11.1
    endloop
  endfacet
  facet normal -0.649238 -0.760585 -0
    outer loop
      vertex 287.734 40.2336 11.1
      vertex 286.749 41.0744 8.1
      vertex 287.734 40.2336 8.1
    endloop
  endfacet
endsolid OpenSCAD_Model
