solid OpenSCAD_Model
  facet normal -0.852694 -0.522411 0
    outer loop
      vertex 108.997 -49.2111 8.1
      vertex 108.333 -48.1273 11.1
      vertex 108.333 -48.1273 8.1
    endloop
  endfacet
  facet normal -0.852694 -0.522411 0
    outer loop
      vertex 108.333 -48.1273 11.1
      vertex 108.997 -49.2111 8.1
      vertex 108.997 -49.2111 11.1
    endloop
  endfacet
  facet normal -0.522455 -0.852667 0
    outer loop
      vertex 110.789 -51.003 8.1
      vertex 111.873 -51.6672 11.1
      vertex 110.789 -51.003 11.1
    endloop
  endfacet
  facet normal -0.522455 -0.852667 -0
    outer loop
      vertex 111.873 -51.6672 11.1
      vertex 110.789 -51.003 8.1
      vertex 111.873 -51.6672 8.1
    endloop
  endfacet
  facet normal -0.649222 -0.760599 0
    outer loop
      vertex 109.822 -50.1776 8.1
      vertex 110.789 -51.003 11.1
      vertex 109.822 -50.1776 11.1
    endloop
  endfacet
  facet normal -0.649222 -0.760599 -0
    outer loop
      vertex 110.789 -51.003 11.1
      vertex 109.822 -50.1776 8.1
      vertex 110.789 -51.003 8.1
    endloop
  endfacet
  facet normal 0.649222 0.760599 -0
    outer loop
      vertex 280.178 50.1776 8.1
      vertex 279.211 51.003 11.1
      vertex 280.178 50.1776 11.1
    endloop
  endfacet
  facet normal 0.649222 0.760599 0
    outer loop
      vertex 279.211 51.003 11.1
      vertex 280.178 50.1776 8.1
      vertex 279.211 51.003 8.1
    endloop
  endfacet
  facet normal -0.0784473 -0.996918 0
    outer loop
      vertex 114.283 -52.4503 8.1
      vertex 115.55 -52.55 11.1
      vertex 114.283 -52.4503 11.1
    endloop
  endfacet
  facet normal -0.0784473 -0.996918 -0
    outer loop
      vertex 115.55 -52.55 11.1
      vertex 114.283 -52.4503 8.1
      vertex 115.55 -52.55 8.1
    endloop
  endfacet
  facet normal -0.38276 -0.923848 0
    outer loop
      vertex 111.873 -51.6672 8.1
      vertex 113.047 -52.1536 11.1
      vertex 111.873 -51.6672 11.1
    endloop
  endfacet
  facet normal -0.38276 -0.923848 -0
    outer loop
      vertex 113.047 -52.1536 11.1
      vertex 111.873 -51.6672 8.1
      vertex 113.047 -52.1536 8.1
    endloop
  endfacet
  facet normal 1 -0 0
    outer loop
      vertex 282.55 -44.4501 11.1
      vertex 282.55 44.4501 8.1
      vertex 282.55 44.4501 11.1
    endloop
  endfacet
  facet normal 1 0 0
    outer loop
      vertex 282.55 44.4501 8.1
      vertex 282.55 -44.4501 11.1
      vertex 282.55 -44.4501 8.1
    endloop
  endfacet
  facet normal -0.233418 -0.972377 0
    outer loop
      vertex 113.047 -52.1536 8.1
      vertex 114.283 -52.4503 11.1
      vertex 113.047 -52.1536 11.1
    endloop
  endfacet
  facet normal -0.233418 -0.972377 -0
    outer loop
      vertex 114.283 -52.4503 11.1
      vertex 113.047 -52.1536 8.1
      vertex 114.283 -52.4503 8.1
    endloop
  endfacet
  facet normal -1 0 0
    outer loop
      vertex 107.45 -44.4501 8.1
      vertex 107.45 44.4501 11.1
      vertex 107.45 44.4501 8.1
    endloop
  endfacet
  facet normal -1 -0 0
    outer loop
      vertex 107.45 44.4501 11.1
      vertex 107.45 -44.4501 8.1
      vertex 107.45 -44.4501 11.1
    endloop
  endfacet
  facet normal 0.0784473 0.996918 -0
    outer loop
      vertex 275.717 52.4503 8.1
      vertex 274.45 52.55 11.1
      vertex 275.717 52.4503 11.1
    endloop
  endfacet
  facet normal 0.0784473 0.996918 0
    outer loop
      vertex 274.45 52.55 11.1
      vertex 275.717 52.4503 8.1
      vertex 274.45 52.55 8.1
    endloop
  endfacet
  facet normal 0 1 -0
    outer loop
      vertex 274.45 52.55 8.1
      vertex 115.55 52.55 11.1
      vertex 274.45 52.55 11.1
    endloop
  endfacet
  facet normal 0 1 0
    outer loop
      vertex 115.55 52.55 11.1
      vertex 274.45 52.55 8.1
      vertex 115.55 52.55 8.1
    endloop
  endfacet
  facet normal -0.38276 0.923848 0
    outer loop
      vertex 113.047 52.1536 8.1
      vertex 111.873 51.6672 11.1
      vertex 113.047 52.1536 11.1
    endloop
  endfacet
  facet normal -0.38276 0.923848 0
    outer loop
      vertex 111.873 51.6672 11.1
      vertex 113.047 52.1536 8.1
      vertex 111.873 51.6672 8.1
    endloop
  endfacet
  facet normal 0.852694 -0.522411 0
    outer loop
      vertex 281.003 -49.2111 11.1
      vertex 281.667 -48.1273 8.1
      vertex 281.667 -48.1273 11.1
    endloop
  endfacet
  facet normal 0.852694 -0.522411 0
    outer loop
      vertex 281.667 -48.1273 8.1
      vertex 281.003 -49.2111 11.1
      vertex 281.003 -49.2111 8.1
    endloop
  endfacet
  facet normal 0.972497 -0.232915 0
    outer loop
      vertex 282.154 -46.953 11.1
      vertex 282.45 -45.7171 8.1
      vertex 282.45 -45.7171 11.1
    endloop
  endfacet
  facet normal 0.972497 -0.232915 0
    outer loop
      vertex 282.45 -45.7171 8.1
      vertex 282.154 -46.953 11.1
      vertex 282.154 -46.953 8.1
    endloop
  endfacet
  facet normal 0.38276 -0.923848 0
    outer loop
      vertex 276.953 -52.1536 8.1
      vertex 278.127 -51.6672 11.1
      vertex 276.953 -52.1536 11.1
    endloop
  endfacet
  facet normal 0.38276 -0.923848 0
    outer loop
      vertex 278.127 -51.6672 11.1
      vertex 276.953 -52.1536 8.1
      vertex 278.127 -51.6672 8.1
    endloop
  endfacet
  facet normal 0 -1 0
    outer loop
      vertex 115.55 -52.55 8.1
      vertex 274.45 -52.55 11.1
      vertex 115.55 -52.55 11.1
    endloop
  endfacet
  facet normal 0 -1 -0
    outer loop
      vertex 274.45 -52.55 11.1
      vertex 115.55 -52.55 8.1
      vertex 274.45 -52.55 8.1
    endloop
  endfacet
  facet normal -0.760588 -0.649235 0
    outer loop
      vertex 109.822 -50.1776 8.1
      vertex 108.997 -49.2111 11.1
      vertex 108.997 -49.2111 8.1
    endloop
  endfacet
  facet normal -0.760588 -0.649235 0
    outer loop
      vertex 108.997 -49.2111 11.1
      vertex 109.822 -50.1776 8.1
      vertex 109.822 -50.1776 11.1
    endloop
  endfacet
  facet normal -0.9969 -0.0786819 0
    outer loop
      vertex 107.55 -45.7171 8.1
      vertex 107.45 -44.4501 11.1
      vertex 107.45 -44.4501 8.1
    endloop
  endfacet
  facet normal -0.9969 -0.0786819 0
    outer loop
      vertex 107.45 -44.4501 11.1
      vertex 107.55 -45.7171 8.1
      vertex 107.55 -45.7171 11.1
    endloop
  endfacet
  facet normal -0.760588 0.649235 0
    outer loop
      vertex 108.997 49.2111 8.1
      vertex 109.822 50.1776 11.1
      vertex 109.822 50.1776 8.1
    endloop
  endfacet
  facet normal -0.760588 0.649235 0
    outer loop
      vertex 109.822 50.1776 11.1
      vertex 108.997 49.2111 8.1
      vertex 108.997 49.2111 11.1
    endloop
  endfacet
  facet normal -0.9969 0.0786819 0
    outer loop
      vertex 107.45 44.4501 8.1
      vertex 107.55 45.7171 11.1
      vertex 107.55 45.7171 8.1
    endloop
  endfacet
  facet normal -0.9969 0.0786819 0
    outer loop
      vertex 107.55 45.7171 11.1
      vertex 107.45 44.4501 8.1
      vertex 107.45 44.4501 11.1
    endloop
  endfacet
  facet normal 0.233418 0.972377 -0
    outer loop
      vertex 276.953 52.1536 8.1
      vertex 275.717 52.4503 11.1
      vertex 276.953 52.1536 11.1
    endloop
  endfacet
  facet normal 0.233418 0.972377 0
    outer loop
      vertex 275.717 52.4503 11.1
      vertex 276.953 52.1536 8.1
      vertex 275.717 52.4503 8.1
    endloop
  endfacet
  facet normal 0.38276 0.923848 -0
    outer loop
      vertex 278.127 51.6672 8.1
      vertex 276.953 52.1536 11.1
      vertex 278.127 51.6672 11.1
    endloop
  endfacet
  facet normal 0.38276 0.923848 0
    outer loop
      vertex 276.953 52.1536 11.1
      vertex 278.127 51.6672 8.1
      vertex 276.953 52.1536 8.1
    endloop
  endfacet
  facet normal 0.522455 0.852667 -0
    outer loop
      vertex 279.211 51.003 8.1
      vertex 278.127 51.6672 11.1
      vertex 279.211 51.003 11.1
    endloop
  endfacet
  facet normal 0.522455 0.852667 0
    outer loop
      vertex 278.127 51.6672 11.1
      vertex 279.211 51.003 8.1
      vertex 278.127 51.6672 8.1
    endloop
  endfacet
  facet normal 0.760588 -0.649235 0
    outer loop
      vertex 280.178 -50.1776 11.1
      vertex 281.003 -49.2111 8.1
      vertex 281.003 -49.2111 11.1
    endloop
  endfacet
  facet normal 0.760588 -0.649235 0
    outer loop
      vertex 281.003 -49.2111 8.1
      vertex 280.178 -50.1776 11.1
      vertex 280.178 -50.1776 8.1
    endloop
  endfacet
  facet normal 0.9969 -0.0786819 0
    outer loop
      vertex 282.45 -45.7171 11.1
      vertex 282.55 -44.4501 8.1
      vertex 282.55 -44.4501 11.1
    endloop
  endfacet
  facet normal 0.9969 -0.0786819 0
    outer loop
      vertex 282.55 -44.4501 8.1
      vertex 282.45 -45.7171 11.1
      vertex 282.45 -45.7171 8.1
    endloop
  endfacet
  facet normal -0.923716 -0.383079 0
    outer loop
      vertex 108.333 -48.1273 8.1
      vertex 107.846 -46.953 11.1
      vertex 107.846 -46.953 8.1
    endloop
  endfacet
  facet normal -0.923716 -0.383079 0
    outer loop
      vertex 107.846 -46.953 11.1
      vertex 108.333 -48.1273 8.1
      vertex 108.333 -48.1273 11.1
    endloop
  endfacet
  facet normal -0.649222 0.760599 0
    outer loop
      vertex 110.789 51.003 8.1
      vertex 109.822 50.1776 11.1
      vertex 110.789 51.003 11.1
    endloop
  endfacet
  facet normal -0.649222 0.760599 0
    outer loop
      vertex 109.822 50.1776 11.1
      vertex 110.789 51.003 8.1
      vertex 109.822 50.1776 8.1
    endloop
  endfacet
  facet normal -0.522455 0.852667 0
    outer loop
      vertex 111.873 51.6672 8.1
      vertex 110.789 51.003 11.1
      vertex 111.873 51.6672 11.1
    endloop
  endfacet
  facet normal -0.522455 0.852667 0
    outer loop
      vertex 110.789 51.003 11.1
      vertex 111.873 51.6672 8.1
      vertex 110.789 51.003 8.1
    endloop
  endfacet
  facet normal -0.923716 0.383079 0
    outer loop
      vertex 107.846 46.953 8.1
      vertex 108.333 48.1273 11.1
      vertex 108.333 48.1273 8.1
    endloop
  endfacet
  facet normal -0.923716 0.383079 0
    outer loop
      vertex 108.333 48.1273 11.1
      vertex 107.846 46.953 8.1
      vertex 107.846 46.953 11.1
    endloop
  endfacet
  facet normal -0.852694 0.522411 0
    outer loop
      vertex 108.333 48.1273 8.1
      vertex 108.997 49.2111 11.1
      vertex 108.997 49.2111 8.1
    endloop
  endfacet
  facet normal -0.852694 0.522411 0
    outer loop
      vertex 108.997 49.2111 11.1
      vertex 108.333 48.1273 8.1
      vertex 108.333 48.1273 11.1
    endloop
  endfacet
  facet normal -0.972497 0.232915 0
    outer loop
      vertex 107.55 45.7171 8.1
      vertex 107.846 46.953 11.1
      vertex 107.846 46.953 8.1
    endloop
  endfacet
  facet normal -0.972497 0.232915 0
    outer loop
      vertex 107.846 46.953 11.1
      vertex 107.55 45.7171 8.1
      vertex 107.55 45.7171 11.1
    endloop
  endfacet
  facet normal -0.233418 0.972377 0
    outer loop
      vertex 114.283 52.4503 8.1
      vertex 113.047 52.1536 11.1
      vertex 114.283 52.4503 11.1
    endloop
  endfacet
  facet normal -0.233418 0.972377 0
    outer loop
      vertex 113.047 52.1536 11.1
      vertex 114.283 52.4503 8.1
      vertex 113.047 52.1536 8.1
    endloop
  endfacet
  facet normal -0.0784473 0.996918 0
    outer loop
      vertex 115.55 52.55 8.1
      vertex 114.283 52.4503 11.1
      vertex 115.55 52.55 11.1
    endloop
  endfacet
  facet normal -0.0784473 0.996918 0
    outer loop
      vertex 114.283 52.4503 11.1
      vertex 115.55 52.55 8.1
      vertex 114.283 52.4503 8.1
    endloop
  endfacet
  facet normal 0.923716 0.383079 0
    outer loop
      vertex 282.154 46.953 11.1
      vertex 281.667 48.1273 8.1
      vertex 281.667 48.1273 11.1
    endloop
  endfacet
  facet normal 0.923716 0.383079 0
    outer loop
      vertex 281.667 48.1273 8.1
      vertex 282.154 46.953 11.1
      vertex 282.154 46.953 8.1
    endloop
  endfacet
  facet normal 0.649222 -0.760599 0
    outer loop
      vertex 279.211 -51.003 8.1
      vertex 280.178 -50.1776 11.1
      vertex 279.211 -51.003 11.1
    endloop
  endfacet
  facet normal 0.649222 -0.760599 0
    outer loop
      vertex 280.178 -50.1776 11.1
      vertex 279.211 -51.003 8.1
      vertex 280.178 -50.1776 8.1
    endloop
  endfacet
  facet normal 0.522455 -0.852667 0
    outer loop
      vertex 278.127 -51.6672 8.1
      vertex 279.211 -51.003 11.1
      vertex 278.127 -51.6672 11.1
    endloop
  endfacet
  facet normal 0.522455 -0.852667 0
    outer loop
      vertex 279.211 -51.003 11.1
      vertex 278.127 -51.6672 8.1
      vertex 279.211 -51.003 8.1
    endloop
  endfacet
  facet normal 0.923716 -0.383079 0
    outer loop
      vertex 281.667 -48.1273 11.1
      vertex 282.154 -46.953 8.1
      vertex 282.154 -46.953 11.1
    endloop
  endfacet
  facet normal 0.923716 -0.383079 0
    outer loop
      vertex 282.154 -46.953 8.1
      vertex 281.667 -48.1273 11.1
      vertex 281.667 -48.1273 8.1
    endloop
  endfacet
  facet normal -0.972497 -0.232915 0
    outer loop
      vertex 107.846 -46.953 8.1
      vertex 107.55 -45.7171 11.1
      vertex 107.55 -45.7171 8.1
    endloop
  endfacet
  facet normal -0.972497 -0.232915 0
    outer loop
      vertex 107.55 -45.7171 11.1
      vertex 107.846 -46.953 8.1
      vertex 107.846 -46.953 11.1
    endloop
  endfacet
  facet normal -0 0 1
    outer loop
      vertex 281.525 44.7921 11.1
      vertex 282.55 44.4501 11.1
      vertex 282.45 45.7171 11.1
    endloop
  endfacet
  facet normal 0 0 1
    outer loop
      vertex 282.55 44.4501 11.1
      vertex 281.625 43.5251 11.1
      vertex 282.55 -44.4501 11.1
    endloop
  endfacet
  facet normal -0 0 1
    outer loop
      vertex 281.229 46.028 11.1
      vertex 282.45 45.7171 11.1
      vertex 282.154 46.953 11.1
    endloop
  endfacet
  facet normal -0 0 1
    outer loop
      vertex 281.625 -43.5251 11.1
      vertex 282.55 -44.4501 11.1
      vertex 281.625 43.5251 11.1
    endloop
  endfacet
  facet normal -0 0 1
    outer loop
      vertex 280.742 47.2023 11.1
      vertex 282.154 46.953 11.1
      vertex 281.667 48.1273 11.1
    endloop
  endfacet
  facet normal 0 0 1
    outer loop
      vertex 281.525 -44.7921 11.1
      vertex 282.55 -44.4501 11.1
      vertex 281.625 -43.5251 11.1
    endloop
  endfacet
  facet normal 0 0 1
    outer loop
      vertex 282.55 -44.4501 11.1
      vertex 281.525 -44.7921 11.1
      vertex 282.45 -45.7171 11.1
    endloop
  endfacet
  facet normal 0 0 1
    outer loop
      vertex 282.55 44.4501 11.1
      vertex 281.525 44.7921 11.1
      vertex 281.625 43.5251 11.1
    endloop
  endfacet
  facet normal 0 0 1
    outer loop
      vertex 282.45 45.7171 11.1
      vertex 281.229 46.028 11.1
      vertex 281.525 44.7921 11.1
    endloop
  endfacet
  facet normal -0 0 1
    outer loop
      vertex 280.078 48.2861 11.1
      vertex 281.667 48.1273 11.1
      vertex 281.003 49.2111 11.1
    endloop
  endfacet
  facet normal 0 0 1
    outer loop
      vertex 282.154 46.953 11.1
      vertex 280.742 47.2023 11.1
      vertex 281.229 46.028 11.1
    endloop
  endfacet
  facet normal -0 0 1
    outer loop
      vertex 279.253 49.2526 11.1
      vertex 281.003 49.2111 11.1
      vertex 280.178 50.1776 11.1
    endloop
  endfacet
  facet normal 0 0 1
    outer loop
      vertex 281.667 48.1273 11.1
      vertex 280.078 48.2861 11.1
      vertex 280.742 47.2023 11.1
    endloop
  endfacet
  facet normal 0 0 1
    outer loop
      vertex 281.003 49.2111 11.1
      vertex 279.253 49.2526 11.1
      vertex 280.078 48.2861 11.1
    endloop
  endfacet
  facet normal 0 0 1
    outer loop
      vertex 279.211 51.003 11.1
      vertex 279.253 49.2526 11.1
      vertex 280.178 50.1776 11.1
    endloop
  endfacet
  facet normal 0 0 1
    outer loop
      vertex 279.211 51.003 11.1
      vertex 278.286 50.078 11.1
      vertex 279.253 49.2526 11.1
    endloop
  endfacet
  facet normal 0 0 1
    outer loop
      vertex 278.127 51.6672 11.1
      vertex 278.286 50.078 11.1
      vertex 279.211 51.003 11.1
    endloop
  endfacet
  facet normal 0 0 1
    outer loop
      vertex 278.127 51.6672 11.1
      vertex 277.202 50.7422 11.1
      vertex 278.286 50.078 11.1
    endloop
  endfacet
  facet normal 0 0 1
    outer loop
      vertex 276.953 52.1536 11.1
      vertex 277.202 50.7422 11.1
      vertex 278.127 51.6672 11.1
    endloop
  endfacet
  facet normal 0 0 1
    outer loop
      vertex 276.953 52.1536 11.1
      vertex 276.028 51.2286 11.1
      vertex 277.202 50.7422 11.1
    endloop
  endfacet
  facet normal 0 0 1
    outer loop
      vertex 275.717 52.4503 11.1
      vertex 276.028 51.2286 11.1
      vertex 276.953 52.1536 11.1
    endloop
  endfacet
  facet normal 0 0 1
    outer loop
      vertex 275.717 52.4503 11.1
      vertex 274.792 51.5253 11.1
      vertex 276.028 51.2286 11.1
    endloop
  endfacet
  facet normal 0 0 1
    outer loop
      vertex 274.45 52.55 11.1
      vertex 274.792 51.5253 11.1
      vertex 275.717 52.4503 11.1
    endloop
  endfacet
  facet normal 0 0 1
    outer loop
      vertex 274.45 52.55 11.1
      vertex 273.525 51.625 11.1
      vertex 274.792 51.5253 11.1
    endloop
  endfacet
  facet normal 0 0 1
    outer loop
      vertex 274.45 52.55 11.1
      vertex 116.475 51.625 11.1
      vertex 273.525 51.625 11.1
    endloop
  endfacet
  facet normal -0 0 1
    outer loop
      vertex 115.55 52.55 11.1
      vertex 116.475 51.625 11.1
      vertex 274.45 52.55 11.1
    endloop
  endfacet
  facet normal 0 0 1
    outer loop
      vertex 115.55 52.55 11.1
      vertex 115.208 51.5253 11.1
      vertex 116.475 51.625 11.1
    endloop
  endfacet
  facet normal -0 0 1
    outer loop
      vertex 114.283 52.4503 11.1
      vertex 115.208 51.5253 11.1
      vertex 115.55 52.55 11.1
    endloop
  endfacet
  facet normal 0 0 1
    outer loop
      vertex 114.283 52.4503 11.1
      vertex 113.972 51.2286 11.1
      vertex 115.208 51.5253 11.1
    endloop
  endfacet
  facet normal -0 0 1
    outer loop
      vertex 113.047 52.1536 11.1
      vertex 113.972 51.2286 11.1
      vertex 114.283 52.4503 11.1
    endloop
  endfacet
  facet normal 0 0 1
    outer loop
      vertex 113.047 52.1536 11.1
      vertex 112.798 50.7422 11.1
      vertex 113.972 51.2286 11.1
    endloop
  endfacet
  facet normal -0 0 1
    outer loop
      vertex 111.873 51.6672 11.1
      vertex 112.798 50.7422 11.1
      vertex 113.047 52.1536 11.1
    endloop
  endfacet
  facet normal 0 0 1
    outer loop
      vertex 111.873 51.6672 11.1
      vertex 111.714 50.078 11.1
      vertex 112.798 50.7422 11.1
    endloop
  endfacet
  facet normal -0 0 1
    outer loop
      vertex 110.789 51.003 11.1
      vertex 111.714 50.078 11.1
      vertex 111.873 51.6672 11.1
    endloop
  endfacet
  facet normal 0 0 1
    outer loop
      vertex 110.789 51.003 11.1
      vertex 110.747 49.2526 11.1
      vertex 111.714 50.078 11.1
    endloop
  endfacet
  facet normal -0 0 1
    outer loop
      vertex 109.822 50.1776 11.1
      vertex 110.747 49.2526 11.1
      vertex 110.789 51.003 11.1
    endloop
  endfacet
  facet normal 0 0 1
    outer loop
      vertex 108.997 49.2111 11.1
      vertex 110.747 49.2526 11.1
      vertex 109.822 50.1776 11.1
    endloop
  endfacet
  facet normal 0 0 1
    outer loop
      vertex 110.747 49.2526 11.1
      vertex 108.997 49.2111 11.1
      vertex 109.922 48.2861 11.1
    endloop
  endfacet
  facet normal 0 0 1
    outer loop
      vertex 108.333 48.1273 11.1
      vertex 109.922 48.2861 11.1
      vertex 108.997 49.2111 11.1
    endloop
  endfacet
  facet normal 0 0 1
    outer loop
      vertex 109.922 48.2861 11.1
      vertex 108.333 48.1273 11.1
      vertex 109.258 47.2023 11.1
    endloop
  endfacet
  facet normal 0 0 1
    outer loop
      vertex 107.846 46.953 11.1
      vertex 109.258 47.2023 11.1
      vertex 108.333 48.1273 11.1
    endloop
  endfacet
  facet normal 0 0 1
    outer loop
      vertex 108.771 46.028 11.1
      vertex 107.55 45.7171 11.1
      vertex 108.475 44.7921 11.1
    endloop
  endfacet
  facet normal 0 0 1
    outer loop
      vertex 107.55 45.7171 11.1
      vertex 108.771 46.028 11.1
      vertex 107.846 46.953 11.1
    endloop
  endfacet
  facet normal 0 0 1
    outer loop
      vertex 109.258 47.2023 11.1
      vertex 107.846 46.953 11.1
      vertex 108.771 46.028 11.1
    endloop
  endfacet
  facet normal 0 0 1
    outer loop
      vertex 281.229 -46.028 11.1
      vertex 282.45 -45.7171 11.1
      vertex 281.525 -44.7921 11.1
    endloop
  endfacet
  facet normal 0 0 1
    outer loop
      vertex 282.45 -45.7171 11.1
      vertex 281.229 -46.028 11.1
      vertex 282.154 -46.953 11.1
    endloop
  endfacet
  facet normal 0 0 1
    outer loop
      vertex 280.742 -47.2023 11.1
      vertex 282.154 -46.953 11.1
      vertex 281.229 -46.028 11.1
    endloop
  endfacet
  facet normal 0 0 1
    outer loop
      vertex 282.154 -46.953 11.1
      vertex 280.742 -47.2023 11.1
      vertex 281.667 -48.1273 11.1
    endloop
  endfacet
  facet normal 0 0 1
    outer loop
      vertex 280.078 -48.2861 11.1
      vertex 281.667 -48.1273 11.1
      vertex 280.742 -47.2023 11.1
    endloop
  endfacet
  facet normal 0 0 1
    outer loop
      vertex 281.667 -48.1273 11.1
      vertex 280.078 -48.2861 11.1
      vertex 281.003 -49.2111 11.1
    endloop
  endfacet
  facet normal 0 0 1
    outer loop
      vertex 279.253 -49.2526 11.1
      vertex 281.003 -49.2111 11.1
      vertex 280.078 -48.2861 11.1
    endloop
  endfacet
  facet normal 0 0 1
    outer loop
      vertex 281.003 -49.2111 11.1
      vertex 279.253 -49.2526 11.1
      vertex 280.178 -50.1776 11.1
    endloop
  endfacet
  facet normal 0 0 1
    outer loop
      vertex 279.253 -49.2526 11.1
      vertex 279.211 -51.003 11.1
      vertex 280.178 -50.1776 11.1
    endloop
  endfacet
  facet normal -0 0 1
    outer loop
      vertex 278.286 -50.078 11.1
      vertex 279.211 -51.003 11.1
      vertex 279.253 -49.2526 11.1
    endloop
  endfacet
  facet normal 0 0 1
    outer loop
      vertex 278.286 -50.078 11.1
      vertex 278.127 -51.6672 11.1
      vertex 279.211 -51.003 11.1
    endloop
  endfacet
  facet normal -0 0 1
    outer loop
      vertex 277.202 -50.7422 11.1
      vertex 278.127 -51.6672 11.1
      vertex 278.286 -50.078 11.1
    endloop
  endfacet
  facet normal 0 0 1
    outer loop
      vertex 277.202 -50.7422 11.1
      vertex 276.953 -52.1536 11.1
      vertex 278.127 -51.6672 11.1
    endloop
  endfacet
  facet normal -0 0 1
    outer loop
      vertex 276.028 -51.2286 11.1
      vertex 276.953 -52.1536 11.1
      vertex 277.202 -50.7422 11.1
    endloop
  endfacet
  facet normal 0 0 1
    outer loop
      vertex 276.028 -51.2286 11.1
      vertex 275.717 -52.4503 11.1
      vertex 276.953 -52.1536 11.1
    endloop
  endfacet
  facet normal -0 0 1
    outer loop
      vertex 274.792 -51.5253 11.1
      vertex 275.717 -52.4503 11.1
      vertex 276.028 -51.2286 11.1
    endloop
  endfacet
  facet normal 0 0 1
    outer loop
      vertex 274.792 -51.5253 11.1
      vertex 274.45 -52.55 11.1
      vertex 275.717 -52.4503 11.1
    endloop
  endfacet
  facet normal -0 0 1
    outer loop
      vertex 273.525 -51.625 11.1
      vertex 274.45 -52.55 11.1
      vertex 274.792 -51.5253 11.1
    endloop
  endfacet
  facet normal -0 0 1
    outer loop
      vertex 116.475 -51.625 11.1
      vertex 274.45 -52.55 11.1
      vertex 273.525 -51.625 11.1
    endloop
  endfacet
  facet normal 0 0 1
    outer loop
      vertex 116.475 -51.625 11.1
      vertex 115.55 -52.55 11.1
      vertex 274.45 -52.55 11.1
    endloop
  endfacet
  facet normal 0 0 1
    outer loop
      vertex 115.208 -51.5253 11.1
      vertex 115.55 -52.55 11.1
      vertex 116.475 -51.625 11.1
    endloop
  endfacet
  facet normal 0 0 1
    outer loop
      vertex 115.208 -51.5253 11.1
      vertex 114.283 -52.4503 11.1
      vertex 115.55 -52.55 11.1
    endloop
  endfacet
  facet normal 0 0 1
    outer loop
      vertex 113.972 -51.2286 11.1
      vertex 114.283 -52.4503 11.1
      vertex 115.208 -51.5253 11.1
    endloop
  endfacet
  facet normal 0 0 1
    outer loop
      vertex 113.972 -51.2286 11.1
      vertex 113.047 -52.1536 11.1
      vertex 114.283 -52.4503 11.1
    endloop
  endfacet
  facet normal 0 0 1
    outer loop
      vertex 112.798 -50.7422 11.1
      vertex 113.047 -52.1536 11.1
      vertex 113.972 -51.2286 11.1
    endloop
  endfacet
  facet normal 0 0 1
    outer loop
      vertex 112.798 -50.7422 11.1
      vertex 111.873 -51.6672 11.1
      vertex 113.047 -52.1536 11.1
    endloop
  endfacet
  facet normal 0 0 1
    outer loop
      vertex 111.714 -50.078 11.1
      vertex 111.873 -51.6672 11.1
      vertex 112.798 -50.7422 11.1
    endloop
  endfacet
  facet normal 0 0 1
    outer loop
      vertex 111.714 -50.078 11.1
      vertex 110.789 -51.003 11.1
      vertex 111.873 -51.6672 11.1
    endloop
  endfacet
  facet normal 0 0 1
    outer loop
      vertex 110.747 -49.2526 11.1
      vertex 110.789 -51.003 11.1
      vertex 111.714 -50.078 11.1
    endloop
  endfacet
  facet normal -0 0 1
    outer loop
      vertex 108.997 -49.2111 11.1
      vertex 110.747 -49.2526 11.1
      vertex 109.922 -48.2861 11.1
    endloop
  endfacet
  facet normal 0 0 1
    outer loop
      vertex 110.747 -49.2526 11.1
      vertex 109.822 -50.1776 11.1
      vertex 110.789 -51.003 11.1
    endloop
  endfacet
  facet normal -0 0 1
    outer loop
      vertex 108.333 -48.1273 11.1
      vertex 109.922 -48.2861 11.1
      vertex 109.258 -47.2023 11.1
    endloop
  endfacet
  facet normal 0 0 1
    outer loop
      vertex 110.747 -49.2526 11.1
      vertex 108.997 -49.2111 11.1
      vertex 109.822 -50.1776 11.1
    endloop
  endfacet
  facet normal -0 0 1
    outer loop
      vertex 107.846 -46.953 11.1
      vertex 109.258 -47.2023 11.1
      vertex 108.771 -46.028 11.1
    endloop
  endfacet
  facet normal -0 0 1
    outer loop
      vertex 107.55 -45.7171 11.1
      vertex 108.771 -46.028 11.1
      vertex 108.475 -44.7921 11.1
    endloop
  endfacet
  facet normal 0 0 1
    outer loop
      vertex 109.922 -48.2861 11.1
      vertex 108.333 -48.1273 11.1
      vertex 108.997 -49.2111 11.1
    endloop
  endfacet
  facet normal -0 0 1
    outer loop
      vertex 107.45 -44.4501 11.1
      vertex 108.475 -44.7921 11.1
      vertex 108.375 -43.5251 11.1
    endloop
  endfacet
  facet normal 0 0 1
    outer loop
      vertex 108.375 43.5251 11.1
      vertex 107.45 44.4501 11.1
      vertex 108.375 -43.5251 11.1
    endloop
  endfacet
  facet normal 0 0 1
    outer loop
      vertex 107.45 44.4501 11.1
      vertex 108.475 44.7921 11.1
      vertex 107.55 45.7171 11.1
    endloop
  endfacet
  facet normal 0 0 1
    outer loop
      vertex 107.45 -44.4501 11.1
      vertex 108.375 -43.5251 11.1
      vertex 107.45 44.4501 11.1
    endloop
  endfacet
  facet normal 0 0 1
    outer loop
      vertex 108.475 44.7921 11.1
      vertex 107.45 44.4501 11.1
      vertex 108.375 43.5251 11.1
    endloop
  endfacet
  facet normal 0 0 1
    outer loop
      vertex 108.475 -44.7921 11.1
      vertex 107.45 -44.4501 11.1
      vertex 107.55 -45.7171 11.1
    endloop
  endfacet
  facet normal 0 0 1
    outer loop
      vertex 109.258 -47.2023 11.1
      vertex 107.846 -46.953 11.1
      vertex 108.333 -48.1273 11.1
    endloop
  endfacet
  facet normal 0 0 1
    outer loop
      vertex 108.771 -46.028 11.1
      vertex 107.55 -45.7171 11.1
      vertex 107.846 -46.953 11.1
    endloop
  endfacet
  facet normal 0.760588 0.649235 0
    outer loop
      vertex 281.003 49.2111 11.1
      vertex 280.178 50.1776 8.1
      vertex 280.178 50.1776 11.1
    endloop
  endfacet
  facet normal 0.760588 0.649235 0
    outer loop
      vertex 280.178 50.1776 8.1
      vertex 281.003 49.2111 11.1
      vertex 281.003 49.2111 8.1
    endloop
  endfacet
  facet normal 0.852694 0.522411 0
    outer loop
      vertex 281.667 48.1273 11.1
      vertex 281.003 49.2111 8.1
      vertex 281.003 49.2111 11.1
    endloop
  endfacet
  facet normal 0.852694 0.522411 0
    outer loop
      vertex 281.003 49.2111 8.1
      vertex 281.667 48.1273 11.1
      vertex 281.667 48.1273 8.1
    endloop
  endfacet
  facet normal 0.972497 0.232915 0
    outer loop
      vertex 282.45 45.7171 11.1
      vertex 282.154 46.953 8.1
      vertex 282.154 46.953 11.1
    endloop
  endfacet
  facet normal 0.972497 0.232915 0
    outer loop
      vertex 282.154 46.953 8.1
      vertex 282.45 45.7171 11.1
      vertex 282.45 45.7171 8.1
    endloop
  endfacet
  facet normal 0.9969 0.0786819 0
    outer loop
      vertex 282.55 44.4501 11.1
      vertex 282.45 45.7171 8.1
      vertex 282.45 45.7171 11.1
    endloop
  endfacet
  facet normal 0.9969 0.0786819 0
    outer loop
      vertex 282.45 45.7171 8.1
      vertex 282.55 44.4501 11.1
      vertex 282.55 44.4501 8.1
    endloop
  endfacet
  facet normal 0.233418 -0.972377 0
    outer loop
      vertex 275.717 -52.4503 8.1
      vertex 276.953 -52.1536 11.1
      vertex 275.717 -52.4503 11.1
    endloop
  endfacet
  facet normal 0.233418 -0.972377 0
    outer loop
      vertex 276.953 -52.1536 11.1
      vertex 275.717 -52.4503 8.1
      vertex 276.953 -52.1536 8.1
    endloop
  endfacet
  facet normal 0.0784473 -0.996918 0
    outer loop
      vertex 274.45 -52.55 8.1
      vertex 275.717 -52.4503 11.1
      vertex 274.45 -52.55 11.1
    endloop
  endfacet
  facet normal 0.0784473 -0.996918 0
    outer loop
      vertex 275.717 -52.4503 11.1
      vertex 274.45 -52.55 8.1
      vertex 275.717 -52.4503 8.1
    endloop
  endfacet
  facet normal 0.852694 0.522411 0
    outer loop
      vertex 109.922 -48.2861 11.1
      vertex 109.258 -47.2023 8.1
      vertex 109.258 -47.2023 11.1
    endloop
  endfacet
  facet normal 0.852694 0.522411 0
    outer loop
      vertex 109.258 -47.2023 8.1
      vertex 109.922 -48.2861 11.1
      vertex 109.922 -48.2861 8.1
    endloop
  endfacet
  facet normal 0.522455 0.852667 -0
    outer loop
      vertex 112.798 -50.7422 8.1
      vertex 111.714 -50.078 11.1
      vertex 112.798 -50.7422 11.1
    endloop
  endfacet
  facet normal 0.522455 0.852667 0
    outer loop
      vertex 111.714 -50.078 11.1
      vertex 112.798 -50.7422 8.1
      vertex 111.714 -50.078 8.1
    endloop
  endfacet
  facet normal 0.649222 0.760599 -0
    outer loop
      vertex 111.714 -50.078 8.1
      vertex 110.747 -49.2526 11.1
      vertex 111.714 -50.078 11.1
    endloop
  endfacet
  facet normal 0.649222 0.760599 0
    outer loop
      vertex 110.747 -49.2526 11.1
      vertex 111.714 -50.078 8.1
      vertex 110.747 -49.2526 8.1
    endloop
  endfacet
  facet normal -0.649222 -0.760599 0
    outer loop
      vertex 278.286 50.078 8.1
      vertex 279.253 49.2526 11.1
      vertex 278.286 50.078 11.1
    endloop
  endfacet
  facet normal -0.649222 -0.760599 -0
    outer loop
      vertex 279.253 49.2526 11.1
      vertex 278.286 50.078 8.1
      vertex 279.253 49.2526 8.1
    endloop
  endfacet
  facet normal -0.522455 0.852667 0
    outer loop
      vertex 278.286 -50.078 8.1
      vertex 277.202 -50.7422 11.1
      vertex 278.286 -50.078 11.1
    endloop
  endfacet
  facet normal -0.522455 0.852667 0
    outer loop
      vertex 277.202 -50.7422 11.1
      vertex 278.286 -50.078 8.1
      vertex 277.202 -50.7422 8.1
    endloop
  endfacet
  facet normal 0.0784473 0.996918 -0
    outer loop
      vertex 116.475 -51.625 8.1
      vertex 115.208 -51.5253 11.1
      vertex 116.475 -51.625 11.1
    endloop
  endfacet
  facet normal 0.0784473 0.996918 0
    outer loop
      vertex 115.208 -51.5253 11.1
      vertex 116.475 -51.625 8.1
      vertex 115.208 -51.5253 8.1
    endloop
  endfacet
  facet normal 0.38276 0.923848 -0
    outer loop
      vertex 113.972 -51.2286 8.1
      vertex 112.798 -50.7422 11.1
      vertex 113.972 -51.2286 11.1
    endloop
  endfacet
  facet normal 0.38276 0.923848 0
    outer loop
      vertex 112.798 -50.7422 11.1
      vertex 113.972 -51.2286 8.1
      vertex 112.798 -50.7422 8.1
    endloop
  endfacet
  facet normal 0.38276 -0.923848 0
    outer loop
      vertex 112.798 50.7422 8.1
      vertex 113.972 51.2286 11.1
      vertex 112.798 50.7422 11.1
    endloop
  endfacet
  facet normal 0.38276 -0.923848 0
    outer loop
      vertex 113.972 51.2286 11.1
      vertex 112.798 50.7422 8.1
      vertex 113.972 51.2286 8.1
    endloop
  endfacet
  facet normal -1 0 0
    outer loop
      vertex 281.625 -43.5251 8.1
      vertex 281.625 43.5251 11.1
      vertex 281.625 43.5251 8.1
    endloop
  endfacet
  facet normal -1 -0 0
    outer loop
      vertex 281.625 43.5251 11.1
      vertex 281.625 -43.5251 8.1
      vertex 281.625 -43.5251 11.1
    endloop
  endfacet
  facet normal 0.233418 0.972377 -0
    outer loop
      vertex 115.208 -51.5253 8.1
      vertex 113.972 -51.2286 11.1
      vertex 115.208 -51.5253 11.1
    endloop
  endfacet
  facet normal 0.233418 0.972377 0
    outer loop
      vertex 113.972 -51.2286 11.1
      vertex 115.208 -51.5253 8.1
      vertex 113.972 -51.2286 8.1
    endloop
  endfacet
  facet normal 1 -0 0
    outer loop
      vertex 108.375 -43.5251 11.1
      vertex 108.375 43.5251 8.1
      vertex 108.375 43.5251 11.1
    endloop
  endfacet
  facet normal 1 0 0
    outer loop
      vertex 108.375 43.5251 8.1
      vertex 108.375 -43.5251 11.1
      vertex 108.375 -43.5251 8.1
    endloop
  endfacet
  facet normal -0.0784473 -0.996918 0
    outer loop
      vertex 273.525 51.625 8.1
      vertex 274.792 51.5253 11.1
      vertex 273.525 51.625 11.1
    endloop
  endfacet
  facet normal -0.0784473 -0.996918 -0
    outer loop
      vertex 274.792 51.5253 11.1
      vertex 273.525 51.625 8.1
      vertex 274.792 51.5253 8.1
    endloop
  endfacet
  facet normal 0 -1 0
    outer loop
      vertex 116.475 51.625 8.1
      vertex 273.525 51.625 11.1
      vertex 116.475 51.625 11.1
    endloop
  endfacet
  facet normal 0 -1 -0
    outer loop
      vertex 273.525 51.625 11.1
      vertex 116.475 51.625 8.1
      vertex 273.525 51.625 8.1
    endloop
  endfacet
  facet normal -0.852694 0.522411 0
    outer loop
      vertex 280.078 -48.2861 8.1
      vertex 280.742 -47.2023 11.1
      vertex 280.742 -47.2023 8.1
    endloop
  endfacet
  facet normal -0.852694 0.522411 0
    outer loop
      vertex 280.742 -47.2023 11.1
      vertex 280.078 -48.2861 8.1
      vertex 280.078 -48.2861 11.1
    endloop
  endfacet
  facet normal -0.972497 0.232915 0
    outer loop
      vertex 281.229 -46.028 8.1
      vertex 281.525 -44.7921 11.1
      vertex 281.525 -44.7921 8.1
    endloop
  endfacet
  facet normal -0.972497 0.232915 0
    outer loop
      vertex 281.525 -44.7921 11.1
      vertex 281.229 -46.028 8.1
      vertex 281.229 -46.028 11.1
    endloop
  endfacet
  facet normal -0.38276 0.923848 0
    outer loop
      vertex 277.202 -50.7422 8.1
      vertex 276.028 -51.2286 11.1
      vertex 277.202 -50.7422 11.1
    endloop
  endfacet
  facet normal -0.38276 0.923848 0
    outer loop
      vertex 276.028 -51.2286 11.1
      vertex 277.202 -50.7422 8.1
      vertex 276.028 -51.2286 8.1
    endloop
  endfacet
  facet normal 0 1 -0
    outer loop
      vertex 273.525 -51.625 8.1
      vertex 116.475 -51.625 11.1
      vertex 273.525 -51.625 11.1
    endloop
  endfacet
  facet normal 0 1 0
    outer loop
      vertex 116.475 -51.625 11.1
      vertex 273.525 -51.625 8.1
      vertex 116.475 -51.625 8.1
    endloop
  endfacet
  facet normal 0.760588 0.649235 0
    outer loop
      vertex 110.747 -49.2526 11.1
      vertex 109.922 -48.2861 8.1
      vertex 109.922 -48.2861 11.1
    endloop
  endfacet
  facet normal 0.760588 0.649235 0
    outer loop
      vertex 109.922 -48.2861 8.1
      vertex 110.747 -49.2526 11.1
      vertex 110.747 -49.2526 8.1
    endloop
  endfacet
  facet normal 0.9969 0.0786819 0
    outer loop
      vertex 108.475 -44.7921 11.1
      vertex 108.375 -43.5251 8.1
      vertex 108.375 -43.5251 11.1
    endloop
  endfacet
  facet normal 0.9969 0.0786819 0
    outer loop
      vertex 108.375 -43.5251 8.1
      vertex 108.475 -44.7921 11.1
      vertex 108.475 -44.7921 8.1
    endloop
  endfacet
  facet normal 0 0 1
    outer loop
      vertex 273.525 51.625 8.1
      vertex 281.625 43.5251 8.1
      vertex 281.525 44.7921 8.1
    endloop
  endfacet
  facet normal 0 0 1
    outer loop
      vertex 281.625 43.5251 8.1
      vertex 203.425 0 8.1
      vertex 281.625 -43.5251 8.1
    endloop
  endfacet
  facet normal 0 0 1
    outer loop
      vertex 273.525 51.625 8.1
      vertex 281.525 44.7921 8.1
      vertex 281.229 46.028 8.1
    endloop
  endfacet
  facet normal -0 0 1
    outer loop
      vertex 203.321 -1.31796 8.1
      vertex 281.625 -43.5251 8.1
      vertex 203.425 0 8.1
    endloop
  endfacet
  facet normal 0 0 1
    outer loop
      vertex 273.525 51.625 8.1
      vertex 281.229 46.028 8.1
      vertex 280.742 47.2023 8.1
    endloop
  endfacet
  facet normal -0 0 1
    outer loop
      vertex 203.013 -2.60347 8.1
      vertex 281.625 -43.5251 8.1
      vertex 203.321 -1.31796 8.1
    endloop
  endfacet
  facet normal 0 0 1
    outer loop
      vertex 273.525 51.625 8.1
      vertex 280.742 47.2023 8.1
      vertex 280.078 48.2861 8.1
    endloop
  endfacet
  facet normal 0 -0 1
    outer loop
      vertex 273.525 -51.625 8.1
      vertex 281.625 -43.5251 8.1
      vertex 203.013 -2.60347 8.1
    endloop
  endfacet
  facet normal 0 0 1
    outer loop
      vertex 273.525 51.625 8.1
      vertex 280.078 48.2861 8.1
      vertex 279.253 49.2526 8.1
    endloop
  endfacet
  facet normal 0 0 1
    outer loop
      vertex 281.525 -44.7921 8.1
      vertex 273.525 -51.625 8.1
      vertex 281.229 -46.028 8.1
    endloop
  endfacet
  facet normal 0 0 1
    outer loop
      vertex 273.525 51.625 8.1
      vertex 279.253 49.2526 8.1
      vertex 278.286 50.078 8.1
    endloop
  endfacet
  facet normal 0 0 1
    outer loop
      vertex 281.625 43.5251 8.1
      vertex 273.525 51.625 8.1
      vertex 203.013 2.60347 8.1
    endloop
  endfacet
  facet normal 0 0 1
    outer loop
      vertex 273.525 51.625 8.1
      vertex 278.286 50.078 8.1
      vertex 277.202 50.7422 8.1
    endloop
  endfacet
  facet normal 0 0 1
    outer loop
      vertex 280.742 -47.2023 8.1
      vertex 273.525 -51.625 8.1
      vertex 280.078 -48.2861 8.1
    endloop
  endfacet
  facet normal 0 0 1
    outer loop
      vertex 273.525 51.625 8.1
      vertex 277.202 50.7422 8.1
      vertex 276.028 51.2286 8.1
    endloop
  endfacet
  facet normal 0 0 1
    outer loop
      vertex 279.253 -49.2526 8.1
      vertex 273.525 -51.625 8.1
      vertex 278.286 -50.078 8.1
    endloop
  endfacet
  facet normal 0 0 1
    outer loop
      vertex 273.525 51.625 8.1
      vertex 276.028 51.2286 8.1
      vertex 274.792 51.5253 8.1
    endloop
  endfacet
  facet normal 0 0 1
    outer loop
      vertex 278.286 -50.078 8.1
      vertex 273.525 -51.625 8.1
      vertex 277.202 -50.7422 8.1
    endloop
  endfacet
  facet normal 0 0 1
    outer loop
      vertex 277.202 -50.7422 8.1
      vertex 273.525 -51.625 8.1
      vertex 276.028 -51.2286 8.1
    endloop
  endfacet
  facet normal 0 0 1
    outer loop
      vertex 276.028 -51.2286 8.1
      vertex 273.525 -51.625 8.1
      vertex 274.792 -51.5253 8.1
    endloop
  endfacet
  facet normal 0 0 1
    outer loop
      vertex 280.078 -48.2861 8.1
      vertex 273.525 -51.625 8.1
      vertex 279.253 -49.2526 8.1
    endloop
  endfacet
  facet normal 0 0 1
    outer loop
      vertex 281.625 43.5251 8.1
      vertex 203.321 1.31796 8.1
      vertex 203.425 0 8.1
    endloop
  endfacet
  facet normal 0 0 1
    outer loop
      vertex 281.625 43.5251 8.1
      vertex 203.013 2.60347 8.1
      vertex 203.321 1.31796 8.1
    endloop
  endfacet
  facet normal 0 0 1
    outer loop
      vertex 273.525 51.625 8.1
      vertex 202.507 3.82487 8.1
      vertex 203.013 2.60347 8.1
    endloop
  endfacet
  facet normal 0 0 1
    outer loop
      vertex 273.525 51.625 8.1
      vertex 201.816 4.95209 8.1
      vertex 202.507 3.82487 8.1
    endloop
  endfacet
  facet normal 0 0 1
    outer loop
      vertex 273.525 51.625 8.1
      vertex 200.957 5.95737 8.1
      vertex 201.816 4.95209 8.1
    endloop
  endfacet
  facet normal 0 0 1
    outer loop
      vertex 273.525 51.625 8.1
      vertex 199.952 6.81597 8.1
      vertex 200.957 5.95737 8.1
    endloop
  endfacet
  facet normal 0 0 1
    outer loop
      vertex 273.525 51.625 8.1
      vertex 198.825 7.50673 8.1
      vertex 199.952 6.81597 8.1
    endloop
  endfacet
  facet normal 0 0 1
    outer loop
      vertex 273.525 51.625 8.1
      vertex 197.603 8.01265 8.1
      vertex 198.825 7.50673 8.1
    endloop
  endfacet
  facet normal 0 0 1
    outer loop
      vertex 273.525 51.625 8.1
      vertex 196.318 8.32127 8.1
      vertex 197.603 8.01265 8.1
    endloop
  endfacet
  facet normal 0 0 1
    outer loop
      vertex 273.525 51.625 8.1
      vertex 195 8.425 8.1
      vertex 196.318 8.32127 8.1
    endloop
  endfacet
  facet normal -0 0 1
    outer loop
      vertex 116.475 51.625 8.1
      vertex 195 8.425 8.1
      vertex 273.525 51.625 8.1
    endloop
  endfacet
  facet normal 0 0 1
    outer loop
      vertex 195 8.425 8.1
      vertex 116.475 51.625 8.1
      vertex 193.682 8.32127 8.1
    endloop
  endfacet
  facet normal 0 0 1
    outer loop
      vertex 193.682 8.32127 8.1
      vertex 116.475 51.625 8.1
      vertex 192.397 8.01265 8.1
    endloop
  endfacet
  facet normal 0 0 1
    outer loop
      vertex 186.987 2.60347 8.1
      vertex 108.375 43.5251 8.1
      vertex 186.679 1.31796 8.1
    endloop
  endfacet
  facet normal -0 0 1
    outer loop
      vertex 108.375 43.5251 8.1
      vertex 186.987 2.60347 8.1
      vertex 116.475 51.625 8.1
    endloop
  endfacet
  facet normal 0 0 1
    outer loop
      vertex 187.493 3.82487 8.1
      vertex 116.475 51.625 8.1
      vertex 186.987 2.60347 8.1
    endloop
  endfacet
  facet normal 0 0 1
    outer loop
      vertex 188.184 4.95209 8.1
      vertex 116.475 51.625 8.1
      vertex 187.493 3.82487 8.1
    endloop
  endfacet
  facet normal 0 0 1
    outer loop
      vertex 189.043 5.95737 8.1
      vertex 116.475 51.625 8.1
      vertex 188.184 4.95209 8.1
    endloop
  endfacet
  facet normal 0 0 1
    outer loop
      vertex 190.048 6.81597 8.1
      vertex 116.475 51.625 8.1
      vertex 189.043 5.95737 8.1
    endloop
  endfacet
  facet normal 0 0 1
    outer loop
      vertex 191.175 7.50673 8.1
      vertex 116.475 51.625 8.1
      vertex 190.048 6.81597 8.1
    endloop
  endfacet
  facet normal 0 0 1
    outer loop
      vertex 192.397 8.01265 8.1
      vertex 116.475 51.625 8.1
      vertex 191.175 7.50673 8.1
    endloop
  endfacet
  facet normal 0 0 1
    outer loop
      vertex 281.229 -46.028 8.1
      vertex 273.525 -51.625 8.1
      vertex 280.742 -47.2023 8.1
    endloop
  endfacet
  facet normal 0 0 1
    outer loop
      vertex 281.625 -43.5251 8.1
      vertex 273.525 -51.625 8.1
      vertex 281.525 -44.7921 8.1
    endloop
  endfacet
  facet normal -0 0 1
    outer loop
      vertex 202.507 -3.82487 8.1
      vertex 273.525 -51.625 8.1
      vertex 203.013 -2.60347 8.1
    endloop
  endfacet
  facet normal -0 0 1
    outer loop
      vertex 201.816 -4.95209 8.1
      vertex 273.525 -51.625 8.1
      vertex 202.507 -3.82487 8.1
    endloop
  endfacet
  facet normal -0 0 1
    outer loop
      vertex 200.957 -5.95737 8.1
      vertex 273.525 -51.625 8.1
      vertex 201.816 -4.95209 8.1
    endloop
  endfacet
  facet normal -0 0 1
    outer loop
      vertex 199.952 -6.81597 8.1
      vertex 273.525 -51.625 8.1
      vertex 200.957 -5.95737 8.1
    endloop
  endfacet
  facet normal -0 0 1
    outer loop
      vertex 198.825 -7.50673 8.1
      vertex 273.525 -51.625 8.1
      vertex 199.952 -6.81597 8.1
    endloop
  endfacet
  facet normal -0 0 1
    outer loop
      vertex 197.603 -8.01265 8.1
      vertex 273.525 -51.625 8.1
      vertex 198.825 -7.50673 8.1
    endloop
  endfacet
  facet normal -0 0 1
    outer loop
      vertex 196.318 -8.32127 8.1
      vertex 273.525 -51.625 8.1
      vertex 197.603 -8.01265 8.1
    endloop
  endfacet
  facet normal -0 0 1
    outer loop
      vertex 195 -8.425 8.1
      vertex 273.525 -51.625 8.1
      vertex 196.318 -8.32127 8.1
    endloop
  endfacet
  facet normal 0 0 1
    outer loop
      vertex 116.475 -51.625 8.1
      vertex 195 -8.425 8.1
      vertex 193.682 -8.32127 8.1
    endloop
  endfacet
  facet normal 0 0 1
    outer loop
      vertex 116.475 -51.625 8.1
      vertex 193.682 -8.32127 8.1
      vertex 192.397 -8.01265 8.1
    endloop
  endfacet
  facet normal 0 0 1
    outer loop
      vertex 116.475 -51.625 8.1
      vertex 192.397 -8.01265 8.1
      vertex 191.175 -7.50673 8.1
    endloop
  endfacet
  facet normal 0 0 1
    outer loop
      vertex 186.679 1.31796 8.1
      vertex 108.375 43.5251 8.1
      vertex 186.575 0 8.1
    endloop
  endfacet
  facet normal 0 0 1
    outer loop
      vertex 108.375 -43.5251 8.1
      vertex 186.575 0 8.1
      vertex 108.375 43.5251 8.1
    endloop
  endfacet
  facet normal 0 0 1
    outer loop
      vertex 186.575 0 8.1
      vertex 108.375 -43.5251 8.1
      vertex 186.679 -1.31796 8.1
    endloop
  endfacet
  facet normal 0 0 1
    outer loop
      vertex 186.679 -1.31796 8.1
      vertex 108.375 -43.5251 8.1
      vertex 186.987 -2.60347 8.1
    endloop
  endfacet
  facet normal 0 -0 1
    outer loop
      vertex 116.475 -51.625 8.1
      vertex 186.987 -2.60347 8.1
      vertex 108.375 -43.5251 8.1
    endloop
  endfacet
  facet normal 0 0 1
    outer loop
      vertex 186.987 -2.60347 8.1
      vertex 116.475 -51.625 8.1
      vertex 187.493 -3.82487 8.1
    endloop
  endfacet
  facet normal 0 0 1
    outer loop
      vertex 195 -8.425 8.1
      vertex 116.475 -51.625 8.1
      vertex 273.525 -51.625 8.1
    endloop
  endfacet
  facet normal 0 0 1
    outer loop
      vertex 190.048 -6.81597 8.1
      vertex 116.475 -51.625 8.1
      vertex 191.175 -7.50673 8.1
    endloop
  endfacet
  facet normal 0 0 1
    outer loop
      vertex 187.493 -3.82487 8.1
      vertex 116.475 -51.625 8.1
      vertex 188.184 -4.95209 8.1
    endloop
  endfacet
  facet normal 0 0 1
    outer loop
      vertex 108.375 43.5251 8.1
      vertex 116.475 51.625 8.1
      vertex 115.208 51.5253 8.1
    endloop
  endfacet
  facet normal 0 0 1
    outer loop
      vertex 188.184 -4.95209 8.1
      vertex 116.475 -51.625 8.1
      vertex 189.043 -5.95737 8.1
    endloop
  endfacet
  facet normal 0 0 1
    outer loop
      vertex 108.375 43.5251 8.1
      vertex 115.208 51.5253 8.1
      vertex 113.972 51.2286 8.1
    endloop
  endfacet
  facet normal 0 0 1
    outer loop
      vertex 189.043 -5.95737 8.1
      vertex 116.475 -51.625 8.1
      vertex 190.048 -6.81597 8.1
    endloop
  endfacet
  facet normal 0 0 1
    outer loop
      vertex 108.375 43.5251 8.1
      vertex 113.972 51.2286 8.1
      vertex 112.798 50.7422 8.1
    endloop
  endfacet
  facet normal 0 0 1
    outer loop
      vertex 116.475 -51.625 8.1
      vertex 108.375 -43.5251 8.1
      vertex 115.208 -51.5253 8.1
    endloop
  endfacet
  facet normal 0 0 1
    outer loop
      vertex 108.375 43.5251 8.1
      vertex 112.798 50.7422 8.1
      vertex 111.714 50.078 8.1
    endloop
  endfacet
  facet normal 0 0 1
    outer loop
      vertex 115.208 -51.5253 8.1
      vertex 108.375 -43.5251 8.1
      vertex 113.972 -51.2286 8.1
    endloop
  endfacet
  facet normal 0 0 1
    outer loop
      vertex 108.375 43.5251 8.1
      vertex 111.714 50.078 8.1
      vertex 110.747 49.2526 8.1
    endloop
  endfacet
  facet normal 0 0 1
    outer loop
      vertex 113.972 -51.2286 8.1
      vertex 108.375 -43.5251 8.1
      vertex 112.798 -50.7422 8.1
    endloop
  endfacet
  facet normal 0 0 1
    outer loop
      vertex 108.375 43.5251 8.1
      vertex 110.747 49.2526 8.1
      vertex 109.922 48.2861 8.1
    endloop
  endfacet
  facet normal 0 0 1
    outer loop
      vertex 112.798 -50.7422 8.1
      vertex 108.375 -43.5251 8.1
      vertex 111.714 -50.078 8.1
    endloop
  endfacet
  facet normal 0 0 1
    outer loop
      vertex 108.375 43.5251 8.1
      vertex 109.922 48.2861 8.1
      vertex 109.258 47.2023 8.1
    endloop
  endfacet
  facet normal 0 0 1
    outer loop
      vertex 111.714 -50.078 8.1
      vertex 108.375 -43.5251 8.1
      vertex 110.747 -49.2526 8.1
    endloop
  endfacet
  facet normal 0 0 1
    outer loop
      vertex 108.375 43.5251 8.1
      vertex 109.258 47.2023 8.1
      vertex 108.771 46.028 8.1
    endloop
  endfacet
  facet normal 0 0 1
    outer loop
      vertex 110.747 -49.2526 8.1
      vertex 108.375 -43.5251 8.1
      vertex 109.922 -48.2861 8.1
    endloop
  endfacet
  facet normal 0 0 1
    outer loop
      vertex 108.375 43.5251 8.1
      vertex 108.771 46.028 8.1
      vertex 108.475 44.7921 8.1
    endloop
  endfacet
  facet normal 0 0 1
    outer loop
      vertex 109.922 -48.2861 8.1
      vertex 108.375 -43.5251 8.1
      vertex 109.258 -47.2023 8.1
    endloop
  endfacet
  facet normal 0 0 1
    outer loop
      vertex 109.258 -47.2023 8.1
      vertex 108.375 -43.5251 8.1
      vertex 108.771 -46.028 8.1
    endloop
  endfacet
  facet normal 0 0 1
    outer loop
      vertex 108.771 -46.028 8.1
      vertex 108.375 -43.5251 8.1
      vertex 108.475 -44.7921 8.1
    endloop
  endfacet
  facet normal 0.760588 -0.649235 0
    outer loop
      vertex 109.922 48.2861 11.1
      vertex 110.747 49.2526 8.1
      vertex 110.747 49.2526 11.1
    endloop
  endfacet
  facet normal 0.760588 -0.649235 0
    outer loop
      vertex 110.747 49.2526 8.1
      vertex 109.922 48.2861 11.1
      vertex 109.922 48.2861 8.1
    endloop
  endfacet
  facet normal 0.9969 -0.0786819 0
    outer loop
      vertex 108.375 43.5251 11.1
      vertex 108.475 44.7921 8.1
      vertex 108.475 44.7921 11.1
    endloop
  endfacet
  facet normal 0.9969 -0.0786819 0
    outer loop
      vertex 108.475 44.7921 8.1
      vertex 108.375 43.5251 11.1
      vertex 108.375 43.5251 8.1
    endloop
  endfacet
  facet normal -0.233418 -0.972377 0
    outer loop
      vertex 274.792 51.5253 8.1
      vertex 276.028 51.2286 11.1
      vertex 274.792 51.5253 11.1
    endloop
  endfacet
  facet normal -0.233418 -0.972377 -0
    outer loop
      vertex 276.028 51.2286 11.1
      vertex 274.792 51.5253 8.1
      vertex 276.028 51.2286 8.1
    endloop
  endfacet
  facet normal -0.38276 -0.923848 0
    outer loop
      vertex 276.028 51.2286 8.1
      vertex 277.202 50.7422 11.1
      vertex 276.028 51.2286 11.1
    endloop
  endfacet
  facet normal -0.38276 -0.923848 -0
    outer loop
      vertex 277.202 50.7422 11.1
      vertex 276.028 51.2286 8.1
      vertex 277.202 50.7422 8.1
    endloop
  endfacet
  facet normal -0.522455 -0.852667 0
    outer loop
      vertex 277.202 50.7422 8.1
      vertex 278.286 50.078 11.1
      vertex 277.202 50.7422 11.1
    endloop
  endfacet
  facet normal -0.522455 -0.852667 -0
    outer loop
      vertex 278.286 50.078 11.1
      vertex 277.202 50.7422 8.1
      vertex 278.286 50.078 8.1
    endloop
  endfacet
  facet normal -0.760588 0.649235 0
    outer loop
      vertex 279.253 -49.2526 8.1
      vertex 280.078 -48.2861 11.1
      vertex 280.078 -48.2861 8.1
    endloop
  endfacet
  facet normal -0.760588 0.649235 0
    outer loop
      vertex 280.078 -48.2861 11.1
      vertex 279.253 -49.2526 8.1
      vertex 279.253 -49.2526 11.1
    endloop
  endfacet
  facet normal -0.9969 0.0786819 0
    outer loop
      vertex 281.525 -44.7921 8.1
      vertex 281.625 -43.5251 11.1
      vertex 281.625 -43.5251 8.1
    endloop
  endfacet
  facet normal -0.9969 0.0786819 0
    outer loop
      vertex 281.625 -43.5251 11.1
      vertex 281.525 -44.7921 8.1
      vertex 281.525 -44.7921 11.1
    endloop
  endfacet
  facet normal 0.923716 0.383079 0
    outer loop
      vertex 109.258 -47.2023 11.1
      vertex 108.771 -46.028 8.1
      vertex 108.771 -46.028 11.1
    endloop
  endfacet
  facet normal 0.923716 0.383079 0
    outer loop
      vertex 108.771 -46.028 8.1
      vertex 109.258 -47.2023 11.1
      vertex 109.258 -47.2023 8.1
    endloop
  endfacet
  facet normal 0.649222 -0.760599 0
    outer loop
      vertex 110.747 49.2526 8.1
      vertex 111.714 50.078 11.1
      vertex 110.747 49.2526 11.1
    endloop
  endfacet
  facet normal 0.649222 -0.760599 0
    outer loop
      vertex 111.714 50.078 11.1
      vertex 110.747 49.2526 8.1
      vertex 111.714 50.078 8.1
    endloop
  endfacet
  facet normal 0.522455 -0.852667 0
    outer loop
      vertex 111.714 50.078 8.1
      vertex 112.798 50.7422 11.1
      vertex 111.714 50.078 11.1
    endloop
  endfacet
  facet normal 0.522455 -0.852667 0
    outer loop
      vertex 112.798 50.7422 11.1
      vertex 111.714 50.078 8.1
      vertex 112.798 50.7422 8.1
    endloop
  endfacet
  facet normal 0.923716 -0.383079 0
    outer loop
      vertex 108.771 46.028 11.1
      vertex 109.258 47.2023 8.1
      vertex 109.258 47.2023 11.1
    endloop
  endfacet
  facet normal 0.923716 -0.383079 0
    outer loop
      vertex 109.258 47.2023 8.1
      vertex 108.771 46.028 11.1
      vertex 108.771 46.028 8.1
    endloop
  endfacet
  facet normal 0.852694 -0.522411 0
    outer loop
      vertex 109.258 47.2023 11.1
      vertex 109.922 48.2861 8.1
      vertex 109.922 48.2861 11.1
    endloop
  endfacet
  facet normal 0.852694 -0.522411 0
    outer loop
      vertex 109.922 48.2861 8.1
      vertex 109.258 47.2023 11.1
      vertex 109.258 47.2023 8.1
    endloop
  endfacet
  facet normal 0.972497 -0.232915 0
    outer loop
      vertex 108.475 44.7921 11.1
      vertex 108.771 46.028 8.1
      vertex 108.771 46.028 11.1
    endloop
  endfacet
  facet normal 0.972497 -0.232915 0
    outer loop
      vertex 108.771 46.028 8.1
      vertex 108.475 44.7921 11.1
      vertex 108.475 44.7921 8.1
    endloop
  endfacet
  facet normal -0.923716 -0.383079 0
    outer loop
      vertex 281.229 46.028 8.1
      vertex 280.742 47.2023 11.1
      vertex 280.742 47.2023 8.1
    endloop
  endfacet
  facet normal -0.923716 -0.383079 0
    outer loop
      vertex 280.742 47.2023 11.1
      vertex 281.229 46.028 8.1
      vertex 281.229 46.028 11.1
    endloop
  endfacet
  facet normal -0.923716 0.383079 0
    outer loop
      vertex 280.742 -47.2023 8.1
      vertex 281.229 -46.028 11.1
      vertex 281.229 -46.028 8.1
    endloop
  endfacet
  facet normal -0.923716 0.383079 0
    outer loop
      vertex 281.229 -46.028 11.1
      vertex 280.742 -47.2023 8.1
      vertex 280.742 -47.2023 11.1
    endloop
  endfacet
  facet normal 0.972497 0.232915 0
    outer loop
      vertex 108.771 -46.028 11.1
      vertex 108.475 -44.7921 8.1
      vertex 108.475 -44.7921 11.1
    endloop
  endfacet
  facet normal 0.972497 0.232915 0
    outer loop
      vertex 108.475 -44.7921 8.1
      vertex 108.771 -46.028 11.1
      vertex 108.771 -46.028 8.1
    endloop
  endfacet
  facet normal 0.233418 -0.972377 0
    outer loop
      vertex 113.972 51.2286 8.1
      vertex 115.208 51.5253 11.1
      vertex 113.972 51.2286 11.1
    endloop
  endfacet
  facet normal 0.233418 -0.972377 0
    outer loop
      vertex 115.208 51.5253 11.1
      vertex 113.972 51.2286 8.1
      vertex 115.208 51.5253 8.1
    endloop
  endfacet
  facet normal 0.0784473 -0.996918 0
    outer loop
      vertex 115.208 51.5253 8.1
      vertex 116.475 51.625 11.1
      vertex 115.208 51.5253 11.1
    endloop
  endfacet
  facet normal 0.0784473 -0.996918 0
    outer loop
      vertex 116.475 51.625 11.1
      vertex 115.208 51.5253 8.1
      vertex 116.475 51.625 8.1
    endloop
  endfacet
  facet normal -0.760588 -0.649235 0
    outer loop
      vertex 280.078 48.2861 8.1
      vertex 279.253 49.2526 11.1
      vertex 279.253 49.2526 8.1
    endloop
  endfacet
  facet normal -0.760588 -0.649235 0
    outer loop
      vertex 279.253 49.2526 11.1
      vertex 280.078 48.2861 8.1
      vertex 280.078 48.2861 11.1
    endloop
  endfacet
  facet normal -0.852694 -0.522411 0
    outer loop
      vertex 280.742 47.2023 8.1
      vertex 280.078 48.2861 11.1
      vertex 280.078 48.2861 8.1
    endloop
  endfacet
  facet normal -0.852694 -0.522411 0
    outer loop
      vertex 280.078 48.2861 11.1
      vertex 280.742 47.2023 8.1
      vertex 280.742 47.2023 11.1
    endloop
  endfacet
  facet normal -0.972497 -0.232915 0
    outer loop
      vertex 281.525 44.7921 8.1
      vertex 281.229 46.028 11.1
      vertex 281.229 46.028 8.1
    endloop
  endfacet
  facet normal -0.972497 -0.232915 0
    outer loop
      vertex 281.229 46.028 11.1
      vertex 281.525 44.7921 8.1
      vertex 281.525 44.7921 11.1
    endloop
  endfacet
  facet normal -0.9969 -0.0786819 0
    outer loop
      vertex 281.625 43.5251 8.1
      vertex 281.525 44.7921 11.1
      vertex 281.525 44.7921 8.1
    endloop
  endfacet
  facet normal -0.9969 -0.0786819 0
    outer loop
      vertex 281.525 44.7921 11.1
      vertex 281.625 43.5251 8.1
      vertex 281.625 43.5251 11.1
    endloop
  endfacet
  facet normal -0.649222 0.760599 0
    outer loop
      vertex 279.253 -49.2526 8.1
      vertex 278.286 -50.078 11.1
      vertex 279.253 -49.2526 11.1
    endloop
  endfacet
  facet normal -0.649222 0.760599 0
    outer loop
      vertex 278.286 -50.078 11.1
      vertex 279.253 -49.2526 8.1
      vertex 278.286 -50.078 8.1
    endloop
  endfacet
  facet normal -0.233418 0.972377 0
    outer loop
      vertex 276.028 -51.2286 8.1
      vertex 274.792 -51.5253 11.1
      vertex 276.028 -51.2286 11.1
    endloop
  endfacet
  facet normal -0.233418 0.972377 0
    outer loop
      vertex 274.792 -51.5253 11.1
      vertex 276.028 -51.2286 8.1
      vertex 274.792 -51.5253 8.1
    endloop
  endfacet
  facet normal -0.0784473 0.996918 0
    outer loop
      vertex 274.792 -51.5253 8.1
      vertex 273.525 -51.625 11.1
      vertex 274.792 -51.5253 11.1
    endloop
  endfacet
  facet normal -0.0784473 0.996918 0
    outer loop
      vertex 273.525 -51.625 11.1
      vertex 274.792 -51.5253 8.1
      vertex 273.525 -51.625 8.1
    endloop
  endfacet
  facet normal 0.996901 0.0786653 0
    outer loop
      vertex 203.425 0 11.1
      vertex 203.321 1.31796 8.1
      vertex 203.321 1.31796 11.1
    endloop
  endfacet
  facet normal 0.996901 0.0786653 0
    outer loop
      vertex 203.321 1.31796 8.1
      vertex 203.425 0 11.1
      vertex 203.425 0 8.1
    endloop
  endfacet
  facet normal -0.996901 0.0786653 0
    outer loop
      vertex 186.575 0 8.1
      vertex 186.679 1.31796 11.1
      vertex 186.679 1.31796 8.1
    endloop
  endfacet
  facet normal -0.996901 0.0786653 0
    outer loop
      vertex 186.679 1.31796 11.1
      vertex 186.575 0 8.1
      vertex 186.575 0 11.1
    endloop
  endfacet
  facet normal -0.07846 0.996917 0
    outer loop
      vertex 195 8.425 8.1
      vertex 193.682 8.32127 11.1
      vertex 195 8.425 11.1
    endloop
  endfacet
  facet normal -0.07846 0.996917 0
    outer loop
      vertex 193.682 8.32127 11.1
      vertex 195 8.425 8.1
      vertex 193.682 8.32127 8.1
    endloop
  endfacet
  facet normal 0.07846 -0.996917 0
    outer loop
      vertex 195 -8.425 8.1
      vertex 196.318 -8.32127 11.1
      vertex 195 -8.425 11.1
    endloop
  endfacet
  facet normal 0.07846 -0.996917 0
    outer loop
      vertex 196.318 -8.32127 11.1
      vertex 195 -8.425 8.1
      vertex 196.318 -8.32127 8.1
    endloop
  endfacet
  facet normal 0.760253 -0.649627 0
    outer loop
      vertex 200.957 -5.95737 11.1
      vertex 201.816 -4.95209 8.1
      vertex 201.816 -4.95209 11.1
    endloop
  endfacet
  facet normal 0.760253 -0.649627 0
    outer loop
      vertex 201.816 -4.95209 8.1
      vertex 200.957 -5.95737 11.1
      vertex 200.957 -5.95737 8.1
    endloop
  endfacet
  facet normal 0.649557 0.760313 -0
    outer loop
      vertex 200.957 5.95737 8.1
      vertex 199.952 6.81597 11.1
      vertex 200.957 5.95737 11.1
    endloop
  endfacet
  facet normal 0.649557 0.760313 0
    outer loop
      vertex 199.952 6.81597 11.1
      vertex 200.957 5.95737 8.1
      vertex 199.952 6.81597 8.1
    endloop
  endfacet
  facet normal -0.649557 0.760313 0
    outer loop
      vertex 190.048 6.81597 8.1
      vertex 189.043 5.95737 11.1
      vertex 190.048 6.81597 11.1
    endloop
  endfacet
  facet normal -0.649557 0.760313 0
    outer loop
      vertex 189.043 5.95737 11.1
      vertex 190.048 6.81597 8.1
      vertex 189.043 5.95737 8.1
    endloop
  endfacet
  facet normal -0.382523 0.923946 0
    outer loop
      vertex 192.397 8.01265 8.1
      vertex 191.175 7.50673 11.1
      vertex 192.397 8.01265 11.1
    endloop
  endfacet
  facet normal -0.382523 0.923946 0
    outer loop
      vertex 191.175 7.50673 11.1
      vertex 192.397 8.01265 8.1
      vertex 191.175 7.50673 8.1
    endloop
  endfacet
  facet normal 0.85256 0.52263 0
    outer loop
      vertex 202.507 3.82487 11.1
      vertex 201.816 4.95209 8.1
      vertex 201.816 4.95209 11.1
    endloop
  endfacet
  facet normal 0.85256 0.52263 0
    outer loop
      vertex 201.816 4.95209 8.1
      vertex 202.507 3.82487 11.1
      vertex 202.507 3.82487 8.1
    endloop
  endfacet
  facet normal 0.972477 0.232999 0
    outer loop
      vertex 203.321 1.31796 11.1
      vertex 203.013 2.60347 8.1
      vertex 203.013 2.60347 11.1
    endloop
  endfacet
  facet normal 0.972477 0.232999 0
    outer loop
      vertex 203.013 2.60347 8.1
      vertex 203.321 1.31796 11.1
      vertex 203.321 1.31796 8.1
    endloop
  endfacet
  facet normal 0.760253 0.649627 0
    outer loop
      vertex 201.816 4.95209 11.1
      vertex 200.957 5.95737 8.1
      vertex 200.957 5.95737 11.1
    endloop
  endfacet
  facet normal 0.760253 0.649627 0
    outer loop
      vertex 200.957 5.95737 8.1
      vertex 201.816 4.95209 11.1
      vertex 201.816 4.95209 8.1
    endloop
  endfacet
  facet normal 0.23353 0.97235 -0
    outer loop
      vertex 197.603 8.01265 8.1
      vertex 196.318 8.32127 11.1
      vertex 197.603 8.01265 11.1
    endloop
  endfacet
  facet normal 0.23353 0.97235 0
    outer loop
      vertex 196.318 8.32127 11.1
      vertex 197.603 8.01265 8.1
      vertex 196.318 8.32127 8.1
    endloop
  endfacet
  facet normal 0.07846 0.996917 -0
    outer loop
      vertex 196.318 8.32127 8.1
      vertex 195 8.425 11.1
      vertex 196.318 8.32127 11.1
    endloop
  endfacet
  facet normal 0.07846 0.996917 0
    outer loop
      vertex 195 8.425 11.1
      vertex 196.318 8.32127 8.1
      vertex 195 8.425 8.1
    endloop
  endfacet
  facet normal 0.382523 0.923946 -0
    outer loop
      vertex 198.825 7.50673 8.1
      vertex 197.603 8.01265 11.1
      vertex 198.825 7.50673 11.1
    endloop
  endfacet
  facet normal 0.382523 0.923946 0
    outer loop
      vertex 197.603 8.01265 11.1
      vertex 198.825 7.50673 8.1
      vertex 197.603 8.01265 8.1
    endloop
  endfacet
  facet normal -0.85256 0.52263 0
    outer loop
      vertex 187.493 3.82487 8.1
      vertex 188.184 4.95209 11.1
      vertex 188.184 4.95209 8.1
    endloop
  endfacet
  facet normal -0.85256 0.52263 0
    outer loop
      vertex 188.184 4.95209 11.1
      vertex 187.493 3.82487 8.1
      vertex 187.493 3.82487 11.1
    endloop
  endfacet
  facet normal -0.760253 0.649627 0
    outer loop
      vertex 188.184 4.95209 8.1
      vertex 189.043 5.95737 11.1
      vertex 189.043 5.95737 8.1
    endloop
  endfacet
  facet normal -0.760253 0.649627 0
    outer loop
      vertex 189.043 5.95737 11.1
      vertex 188.184 4.95209 8.1
      vertex 188.184 4.95209 11.1
    endloop
  endfacet
  facet normal -0.972477 0.232999 0
    outer loop
      vertex 186.679 1.31796 8.1
      vertex 186.987 2.60347 11.1
      vertex 186.987 2.60347 8.1
    endloop
  endfacet
  facet normal -0.972477 0.232999 0
    outer loop
      vertex 186.987 2.60347 11.1
      vertex 186.679 1.31796 8.1
      vertex 186.679 1.31796 11.1
    endloop
  endfacet
  facet normal 0 0 1
    outer loop
      vertex 202.5 0 11.1
      vertex 203.425 0 11.1
      vertex 203.321 1.31796 11.1
    endloop
  endfacet
  facet normal 0 0 1
    outer loop
      vertex 202.408 1.17326 11.1
      vertex 203.321 1.31796 11.1
      vertex 203.013 2.60347 11.1
    endloop
  endfacet
  facet normal 0 0 1
    outer loop
      vertex 203.425 0 11.1
      vertex 202.5 0 11.1
      vertex 203.321 -1.31796 11.1
    endloop
  endfacet
  facet normal 0 0 1
    outer loop
      vertex 202.133 2.31763 11.1
      vertex 203.013 2.60347 11.1
      vertex 202.507 3.82487 11.1
    endloop
  endfacet
  facet normal -0 0 1
    outer loop
      vertex 202.408 -1.17326 11.1
      vertex 203.321 -1.31796 11.1
      vertex 202.5 0 11.1
    endloop
  endfacet
  facet normal 0 0 1
    outer loop
      vertex 203.321 -1.31796 11.1
      vertex 202.408 -1.17326 11.1
      vertex 203.013 -2.60347 11.1
    endloop
  endfacet
  facet normal 0 0 1
    outer loop
      vertex 203.321 1.31796 11.1
      vertex 202.408 1.17326 11.1
      vertex 202.5 0 11.1
    endloop
  endfacet
  facet normal 0 0 1
    outer loop
      vertex 203.013 2.60347 11.1
      vertex 202.133 2.31763 11.1
      vertex 202.408 1.17326 11.1
    endloop
  endfacet
  facet normal 0 0 1
    outer loop
      vertex 201.683 3.40493 11.1
      vertex 202.507 3.82487 11.1
      vertex 201.816 4.95209 11.1
    endloop
  endfacet
  facet normal 0 0 1
    outer loop
      vertex 202.507 3.82487 11.1
      vertex 201.683 3.40493 11.1
      vertex 202.133 2.31763 11.1
    endloop
  endfacet
  facet normal 0 0 1
    outer loop
      vertex 201.816 4.95209 11.1
      vertex 201.068 4.40839 11.1
      vertex 201.683 3.40493 11.1
    endloop
  endfacet
  facet normal 0 0 1
    outer loop
      vertex 200.957 5.95737 11.1
      vertex 201.068 4.40839 11.1
      vertex 201.816 4.95209 11.1
    endloop
  endfacet
  facet normal 0 0 1
    outer loop
      vertex 200.957 5.95737 11.1
      vertex 200.303 5.3033 11.1
      vertex 201.068 4.40839 11.1
    endloop
  endfacet
  facet normal 0 0 1
    outer loop
      vertex 199.952 6.81597 11.1
      vertex 200.303 5.3033 11.1
      vertex 200.957 5.95737 11.1
    endloop
  endfacet
  facet normal 0 0 1
    outer loop
      vertex 199.952 6.81597 11.1
      vertex 199.408 6.06763 11.1
      vertex 200.303 5.3033 11.1
    endloop
  endfacet
  facet normal 0 0 1
    outer loop
      vertex 198.825 7.50673 11.1
      vertex 199.408 6.06763 11.1
      vertex 199.952 6.81597 11.1
    endloop
  endfacet
  facet normal 0 0 1
    outer loop
      vertex 198.825 7.50673 11.1
      vertex 198.405 6.68255 11.1
      vertex 199.408 6.06763 11.1
    endloop
  endfacet
  facet normal 0 0 1
    outer loop
      vertex 197.603 8.01265 11.1
      vertex 198.405 6.68255 11.1
      vertex 198.825 7.50673 11.1
    endloop
  endfacet
  facet normal 0 0 1
    outer loop
      vertex 197.603 8.01265 11.1
      vertex 197.318 7.13292 11.1
      vertex 198.405 6.68255 11.1
    endloop
  endfacet
  facet normal 0 0 1
    outer loop
      vertex 196.318 8.32127 11.1
      vertex 197.318 7.13292 11.1
      vertex 197.603 8.01265 11.1
    endloop
  endfacet
  facet normal 0 0 1
    outer loop
      vertex 196.318 8.32127 11.1
      vertex 196.173 7.40766 11.1
      vertex 197.318 7.13292 11.1
    endloop
  endfacet
  facet normal 0 0 1
    outer loop
      vertex 195 8.425 11.1
      vertex 196.173 7.40766 11.1
      vertex 196.318 8.32127 11.1
    endloop
  endfacet
  facet normal 0 0 1
    outer loop
      vertex 195 8.425 11.1
      vertex 195 7.5 11.1
      vertex 196.173 7.40766 11.1
    endloop
  endfacet
  facet normal 0 0 1
    outer loop
      vertex 195 8.425 11.1
      vertex 193.827 7.40766 11.1
      vertex 195 7.5 11.1
    endloop
  endfacet
  facet normal -0 0 1
    outer loop
      vertex 193.682 8.32127 11.1
      vertex 193.827 7.40766 11.1
      vertex 195 8.425 11.1
    endloop
  endfacet
  facet normal 0 0 1
    outer loop
      vertex 193.682 8.32127 11.1
      vertex 192.682 7.13292 11.1
      vertex 193.827 7.40766 11.1
    endloop
  endfacet
  facet normal -0 0 1
    outer loop
      vertex 192.397 8.01265 11.1
      vertex 192.682 7.13292 11.1
      vertex 193.682 8.32127 11.1
    endloop
  endfacet
  facet normal 0 0 1
    outer loop
      vertex 192.397 8.01265 11.1
      vertex 191.595 6.68255 11.1
      vertex 192.682 7.13292 11.1
    endloop
  endfacet
  facet normal -0 0 1
    outer loop
      vertex 191.175 7.50673 11.1
      vertex 191.595 6.68255 11.1
      vertex 192.397 8.01265 11.1
    endloop
  endfacet
  facet normal 0 0 1
    outer loop
      vertex 191.175 7.50673 11.1
      vertex 190.592 6.06763 11.1
      vertex 191.595 6.68255 11.1
    endloop
  endfacet
  facet normal -0 0 1
    outer loop
      vertex 190.048 6.81597 11.1
      vertex 190.592 6.06763 11.1
      vertex 191.175 7.50673 11.1
    endloop
  endfacet
  facet normal 0 0 1
    outer loop
      vertex 190.048 6.81597 11.1
      vertex 189.697 5.3033 11.1
      vertex 190.592 6.06763 11.1
    endloop
  endfacet
  facet normal -0 0 1
    outer loop
      vertex 189.043 5.95737 11.1
      vertex 189.697 5.3033 11.1
      vertex 190.048 6.81597 11.1
    endloop
  endfacet
  facet normal 0 0 1
    outer loop
      vertex 189.043 5.95737 11.1
      vertex 188.932 4.40839 11.1
      vertex 189.697 5.3033 11.1
    endloop
  endfacet
  facet normal -0 0 1
    outer loop
      vertex 188.184 4.95209 11.1
      vertex 188.932 4.40839 11.1
      vertex 189.043 5.95737 11.1
    endloop
  endfacet
  facet normal 0 0 1
    outer loop
      vertex 188.932 4.40839 11.1
      vertex 188.184 4.95209 11.1
      vertex 188.317 3.40493 11.1
    endloop
  endfacet
  facet normal -0 0 1
    outer loop
      vertex 187.493 3.82487 11.1
      vertex 188.317 3.40493 11.1
      vertex 188.184 4.95209 11.1
    endloop
  endfacet
  facet normal 0 0 1
    outer loop
      vertex 188.317 3.40493 11.1
      vertex 187.493 3.82487 11.1
      vertex 187.867 2.31763 11.1
    endloop
  endfacet
  facet normal 0 0 1
    outer loop
      vertex 187.867 2.31763 11.1
      vertex 186.987 2.60347 11.1
      vertex 187.592 1.17326 11.1
    endloop
  endfacet
  facet normal -0 0 1
    outer loop
      vertex 186.987 2.60347 11.1
      vertex 187.867 2.31763 11.1
      vertex 187.493 3.82487 11.1
    endloop
  endfacet
  facet normal -0 0 1
    outer loop
      vertex 202.133 -2.31763 11.1
      vertex 203.013 -2.60347 11.1
      vertex 202.408 -1.17326 11.1
    endloop
  endfacet
  facet normal 0 0 1
    outer loop
      vertex 203.013 -2.60347 11.1
      vertex 202.133 -2.31763 11.1
      vertex 202.507 -3.82487 11.1
    endloop
  endfacet
  facet normal -0 0 1
    outer loop
      vertex 201.683 -3.40493 11.1
      vertex 202.507 -3.82487 11.1
      vertex 202.133 -2.31763 11.1
    endloop
  endfacet
  facet normal 0 0 1
    outer loop
      vertex 202.507 -3.82487 11.1
      vertex 201.683 -3.40493 11.1
      vertex 201.816 -4.95209 11.1
    endloop
  endfacet
  facet normal -0 0 1
    outer loop
      vertex 201.068 -4.40839 11.1
      vertex 201.816 -4.95209 11.1
      vertex 201.683 -3.40493 11.1
    endloop
  endfacet
  facet normal 0 0 1
    outer loop
      vertex 201.068 -4.40839 11.1
      vertex 200.957 -5.95737 11.1
      vertex 201.816 -4.95209 11.1
    endloop
  endfacet
  facet normal -0 0 1
    outer loop
      vertex 200.303 -5.3033 11.1
      vertex 200.957 -5.95737 11.1
      vertex 201.068 -4.40839 11.1
    endloop
  endfacet
  facet normal 0 0 1
    outer loop
      vertex 200.303 -5.3033 11.1
      vertex 199.952 -6.81597 11.1
      vertex 200.957 -5.95737 11.1
    endloop
  endfacet
  facet normal -0 0 1
    outer loop
      vertex 199.408 -6.06763 11.1
      vertex 199.952 -6.81597 11.1
      vertex 200.303 -5.3033 11.1
    endloop
  endfacet
  facet normal 0 0 1
    outer loop
      vertex 199.408 -6.06763 11.1
      vertex 198.825 -7.50673 11.1
      vertex 199.952 -6.81597 11.1
    endloop
  endfacet
  facet normal -0 0 1
    outer loop
      vertex 198.405 -6.68255 11.1
      vertex 198.825 -7.50673 11.1
      vertex 199.408 -6.06763 11.1
    endloop
  endfacet
  facet normal 0 0 1
    outer loop
      vertex 198.405 -6.68255 11.1
      vertex 197.603 -8.01265 11.1
      vertex 198.825 -7.50673 11.1
    endloop
  endfacet
  facet normal -0 0 1
    outer loop
      vertex 197.318 -7.13292 11.1
      vertex 197.603 -8.01265 11.1
      vertex 198.405 -6.68255 11.1
    endloop
  endfacet
  facet normal 0 0 1
    outer loop
      vertex 197.318 -7.13292 11.1
      vertex 196.318 -8.32127 11.1
      vertex 197.603 -8.01265 11.1
    endloop
  endfacet
  facet normal -0 0 1
    outer loop
      vertex 196.173 -7.40766 11.1
      vertex 196.318 -8.32127 11.1
      vertex 197.318 -7.13292 11.1
    endloop
  endfacet
  facet normal -0 0 1
    outer loop
      vertex 195 -7.5 11.1
      vertex 196.318 -8.32127 11.1
      vertex 196.173 -7.40766 11.1
    endloop
  endfacet
  facet normal 0 0 1
    outer loop
      vertex 195 -7.5 11.1
      vertex 195 -8.425 11.1
      vertex 196.318 -8.32127 11.1
    endloop
  endfacet
  facet normal 0 0 1
    outer loop
      vertex 193.827 -7.40766 11.1
      vertex 195 -8.425 11.1
      vertex 195 -7.5 11.1
    endloop
  endfacet
  facet normal 0 0 1
    outer loop
      vertex 193.827 -7.40766 11.1
      vertex 193.682 -8.32127 11.1
      vertex 195 -8.425 11.1
    endloop
  endfacet
  facet normal 0 0 1
    outer loop
      vertex 192.682 -7.13292 11.1
      vertex 193.682 -8.32127 11.1
      vertex 193.827 -7.40766 11.1
    endloop
  endfacet
  facet normal 0 0 1
    outer loop
      vertex 192.682 -7.13292 11.1
      vertex 192.397 -8.01265 11.1
      vertex 193.682 -8.32127 11.1
    endloop
  endfacet
  facet normal 0 0 1
    outer loop
      vertex 191.595 -6.68255 11.1
      vertex 192.397 -8.01265 11.1
      vertex 192.682 -7.13292 11.1
    endloop
  endfacet
  facet normal 0 0 1
    outer loop
      vertex 191.595 -6.68255 11.1
      vertex 191.175 -7.50673 11.1
      vertex 192.397 -8.01265 11.1
    endloop
  endfacet
  facet normal 0 0 1
    outer loop
      vertex 190.592 -6.06763 11.1
      vertex 191.175 -7.50673 11.1
      vertex 191.595 -6.68255 11.1
    endloop
  endfacet
  facet normal 0 0 1
    outer loop
      vertex 190.592 -6.06763 11.1
      vertex 190.048 -6.81597 11.1
      vertex 191.175 -7.50673 11.1
    endloop
  endfacet
  facet normal 0 0 1
    outer loop
      vertex 189.697 -5.3033 11.1
      vertex 190.048 -6.81597 11.1
      vertex 190.592 -6.06763 11.1
    endloop
  endfacet
  facet normal 0 0 1
    outer loop
      vertex 189.697 -5.3033 11.1
      vertex 189.043 -5.95737 11.1
      vertex 190.048 -6.81597 11.1
    endloop
  endfacet
  facet normal 0 0 1
    outer loop
      vertex 188.932 -4.40839 11.1
      vertex 189.043 -5.95737 11.1
      vertex 189.697 -5.3033 11.1
    endloop
  endfacet
  facet normal 0 0 1
    outer loop
      vertex 188.184 -4.95209 11.1
      vertex 188.932 -4.40839 11.1
      vertex 188.317 -3.40493 11.1
    endloop
  endfacet
  facet normal 0 0 1
    outer loop
      vertex 188.932 -4.40839 11.1
      vertex 188.184 -4.95209 11.1
      vertex 189.043 -5.95737 11.1
    endloop
  endfacet
  facet normal 0 0 1
    outer loop
      vertex 187.493 -3.82487 11.1
      vertex 188.317 -3.40493 11.1
      vertex 187.867 -2.31763 11.1
    endloop
  endfacet
  facet normal 0 0 1
    outer loop
      vertex 186.987 -2.60347 11.1
      vertex 187.867 -2.31763 11.1
      vertex 187.592 -1.17326 11.1
    endloop
  endfacet
  facet normal 0 0 1
    outer loop
      vertex 188.317 -3.40493 11.1
      vertex 187.493 -3.82487 11.1
      vertex 188.184 -4.95209 11.1
    endloop
  endfacet
  facet normal 0 0 1
    outer loop
      vertex 186.679 -1.31796 11.1
      vertex 187.592 -1.17326 11.1
      vertex 187.5 0 11.1
    endloop
  endfacet
  facet normal -0 0 1
    outer loop
      vertex 186.679 1.31796 11.1
      vertex 187.592 1.17326 11.1
      vertex 186.987 2.60347 11.1
    endloop
  endfacet
  facet normal 0 0 1
    outer loop
      vertex 187.592 1.17326 11.1
      vertex 186.679 1.31796 11.1
      vertex 187.5 0 11.1
    endloop
  endfacet
  facet normal 0 0 1
    outer loop
      vertex 187.867 -2.31763 11.1
      vertex 186.987 -2.60347 11.1
      vertex 187.493 -3.82487 11.1
    endloop
  endfacet
  facet normal 0 0 1
    outer loop
      vertex 186.575 0 11.1
      vertex 187.5 0 11.1
      vertex 186.679 1.31796 11.1
    endloop
  endfacet
  facet normal 0 0 1
    outer loop
      vertex 187.592 -1.17326 11.1
      vertex 186.679 -1.31796 11.1
      vertex 186.987 -2.60347 11.1
    endloop
  endfacet
  facet normal 0 0 1
    outer loop
      vertex 187.5 0 11.1
      vertex 186.575 0 11.1
      vertex 186.679 -1.31796 11.1
    endloop
  endfacet
  facet normal -0.522572 0.852595 0
    outer loop
      vertex 191.175 7.50673 8.1
      vertex 190.048 6.81597 11.1
      vertex 191.175 7.50673 11.1
    endloop
  endfacet
  facet normal -0.522572 0.852595 0
    outer loop
      vertex 190.048 6.81597 11.1
      vertex 191.175 7.50673 8.1
      vertex 190.048 6.81597 8.1
    endloop
  endfacet
  facet normal -0.23353 0.97235 0
    outer loop
      vertex 193.682 8.32127 8.1
      vertex 192.397 8.01265 11.1
      vertex 193.682 8.32127 11.1
    endloop
  endfacet
  facet normal -0.23353 0.97235 0
    outer loop
      vertex 192.397 8.01265 11.1
      vertex 193.682 8.32127 8.1
      vertex 192.397 8.01265 8.1
    endloop
  endfacet
  facet normal 0.23353 -0.97235 0
    outer loop
      vertex 196.318 -8.32127 8.1
      vertex 197.603 -8.01265 11.1
      vertex 196.318 -8.32127 11.1
    endloop
  endfacet
  facet normal 0.23353 -0.97235 0
    outer loop
      vertex 197.603 -8.01265 11.1
      vertex 196.318 -8.32127 8.1
      vertex 197.603 -8.01265 8.1
    endloop
  endfacet
  facet normal 0.923858 0.382735 0
    outer loop
      vertex 203.013 2.60347 11.1
      vertex 202.507 3.82487 8.1
      vertex 202.507 3.82487 11.1
    endloop
  endfacet
  facet normal 0.923858 0.382735 0
    outer loop
      vertex 202.507 3.82487 8.1
      vertex 203.013 2.60347 11.1
      vertex 203.013 2.60347 8.1
    endloop
  endfacet
  facet normal 0.522572 0.852595 -0
    outer loop
      vertex 199.952 6.81597 8.1
      vertex 198.825 7.50673 11.1
      vertex 199.952 6.81597 11.1
    endloop
  endfacet
  facet normal 0.522572 0.852595 0
    outer loop
      vertex 198.825 7.50673 11.1
      vertex 199.952 6.81597 8.1
      vertex 198.825 7.50673 8.1
    endloop
  endfacet
  facet normal -0.923858 0.382735 0
    outer loop
      vertex 186.987 2.60347 8.1
      vertex 187.493 3.82487 11.1
      vertex 187.493 3.82487 8.1
    endloop
  endfacet
  facet normal -0.923858 0.382735 0
    outer loop
      vertex 187.493 3.82487 11.1
      vertex 186.987 2.60347 8.1
      vertex 186.987 2.60347 11.1
    endloop
  endfacet
  facet normal 0.972477 -0.232999 0
    outer loop
      vertex 203.013 -2.60347 11.1
      vertex 203.321 -1.31796 8.1
      vertex 203.321 -1.31796 11.1
    endloop
  endfacet
  facet normal 0.972477 -0.232999 0
    outer loop
      vertex 203.321 -1.31796 8.1
      vertex 203.013 -2.60347 11.1
      vertex 203.013 -2.60347 8.1
    endloop
  endfacet
  facet normal 0.996901 -0.0786653 0
    outer loop
      vertex 203.321 -1.31796 11.1
      vertex 203.425 0 8.1
      vertex 203.425 0 11.1
    endloop
  endfacet
  facet normal 0.996901 -0.0786653 0
    outer loop
      vertex 203.425 0 8.1
      vertex 203.321 -1.31796 11.1
      vertex 203.321 -1.31796 8.1
    endloop
  endfacet
  facet normal -0.382523 -0.923946 0
    outer loop
      vertex 191.175 -7.50673 8.1
      vertex 192.397 -8.01265 11.1
      vertex 191.175 -7.50673 11.1
    endloop
  endfacet
  facet normal -0.382523 -0.923946 -0
    outer loop
      vertex 192.397 -8.01265 11.1
      vertex 191.175 -7.50673 8.1
      vertex 192.397 -8.01265 8.1
    endloop
  endfacet
  facet normal -0.996901 -0.0786653 0
    outer loop
      vertex 186.679 -1.31796 8.1
      vertex 186.575 0 11.1
      vertex 186.575 0 8.1
    endloop
  endfacet
  facet normal -0.996901 -0.0786653 0
    outer loop
      vertex 186.575 0 11.1
      vertex 186.679 -1.31796 8.1
      vertex 186.679 -1.31796 11.1
    endloop
  endfacet
  facet normal 0.649557 -0.760313 0
    outer loop
      vertex 199.952 -6.81597 8.1
      vertex 200.957 -5.95737 11.1
      vertex 199.952 -6.81597 11.1
    endloop
  endfacet
  facet normal 0.649557 -0.760313 0
    outer loop
      vertex 200.957 -5.95737 11.1
      vertex 199.952 -6.81597 8.1
      vertex 200.957 -5.95737 8.1
    endloop
  endfacet
  facet normal 0.522572 -0.852595 0
    outer loop
      vertex 198.825 -7.50673 8.1
      vertex 199.952 -6.81597 11.1
      vertex 198.825 -7.50673 11.1
    endloop
  endfacet
  facet normal 0.522572 -0.852595 0
    outer loop
      vertex 199.952 -6.81597 11.1
      vertex 198.825 -7.50673 8.1
      vertex 199.952 -6.81597 8.1
    endloop
  endfacet
  facet normal 0.85256 -0.52263 0
    outer loop
      vertex 201.816 -4.95209 11.1
      vertex 202.507 -3.82487 8.1
      vertex 202.507 -3.82487 11.1
    endloop
  endfacet
  facet normal 0.85256 -0.52263 0
    outer loop
      vertex 202.507 -3.82487 8.1
      vertex 201.816 -4.95209 11.1
      vertex 201.816 -4.95209 8.1
    endloop
  endfacet
  facet normal -0.23353 -0.97235 0
    outer loop
      vertex 192.397 -8.01265 8.1
      vertex 193.682 -8.32127 11.1
      vertex 192.397 -8.01265 11.1
    endloop
  endfacet
  facet normal -0.23353 -0.97235 -0
    outer loop
      vertex 193.682 -8.32127 11.1
      vertex 192.397 -8.01265 8.1
      vertex 193.682 -8.32127 8.1
    endloop
  endfacet
  facet normal -0.649557 -0.760313 0
    outer loop
      vertex 189.043 -5.95737 8.1
      vertex 190.048 -6.81597 11.1
      vertex 189.043 -5.95737 11.1
    endloop
  endfacet
  facet normal -0.649557 -0.760313 -0
    outer loop
      vertex 190.048 -6.81597 11.1
      vertex 189.043 -5.95737 8.1
      vertex 190.048 -6.81597 8.1
    endloop
  endfacet
  facet normal -0.760253 -0.649627 0
    outer loop
      vertex 189.043 -5.95737 8.1
      vertex 188.184 -4.95209 11.1
      vertex 188.184 -4.95209 8.1
    endloop
  endfacet
  facet normal -0.760253 -0.649627 0
    outer loop
      vertex 188.184 -4.95209 11.1
      vertex 189.043 -5.95737 8.1
      vertex 189.043 -5.95737 11.1
    endloop
  endfacet
  facet normal -0.923858 -0.382735 0
    outer loop
      vertex 187.493 -3.82487 8.1
      vertex 186.987 -2.60347 11.1
      vertex 186.987 -2.60347 8.1
    endloop
  endfacet
  facet normal -0.923858 -0.382735 0
    outer loop
      vertex 186.987 -2.60347 11.1
      vertex 187.493 -3.82487 8.1
      vertex 187.493 -3.82487 11.1
    endloop
  endfacet
  facet normal -0.972477 -0.232999 0
    outer loop
      vertex 186.987 -2.60347 8.1
      vertex 186.679 -1.31796 11.1
      vertex 186.679 -1.31796 8.1
    endloop
  endfacet
  facet normal -0.972477 -0.232999 0
    outer loop
      vertex 186.679 -1.31796 11.1
      vertex 186.987 -2.60347 8.1
      vertex 186.987 -2.60347 11.1
    endloop
  endfacet
  facet normal 0.382523 -0.923946 0
    outer loop
      vertex 197.603 -8.01265 8.1
      vertex 198.825 -7.50673 11.1
      vertex 197.603 -8.01265 11.1
    endloop
  endfacet
  facet normal 0.382523 -0.923946 0
    outer loop
      vertex 198.825 -7.50673 11.1
      vertex 197.603 -8.01265 8.1
      vertex 198.825 -7.50673 8.1
    endloop
  endfacet
  facet normal 0.923858 -0.382735 0
    outer loop
      vertex 202.507 -3.82487 11.1
      vertex 203.013 -2.60347 8.1
      vertex 203.013 -2.60347 11.1
    endloop
  endfacet
  facet normal 0.923858 -0.382735 0
    outer loop
      vertex 203.013 -2.60347 8.1
      vertex 202.507 -3.82487 11.1
      vertex 202.507 -3.82487 8.1
    endloop
  endfacet
  facet normal -0.07846 -0.996917 0
    outer loop
      vertex 193.682 -8.32127 8.1
      vertex 195 -8.425 11.1
      vertex 193.682 -8.32127 11.1
    endloop
  endfacet
  facet normal -0.07846 -0.996917 -0
    outer loop
      vertex 195 -8.425 11.1
      vertex 193.682 -8.32127 8.1
      vertex 195 -8.425 8.1
    endloop
  endfacet
  facet normal -0.522572 -0.852595 0
    outer loop
      vertex 190.048 -6.81597 8.1
      vertex 191.175 -7.50673 11.1
      vertex 190.048 -6.81597 11.1
    endloop
  endfacet
  facet normal -0.522572 -0.852595 -0
    outer loop
      vertex 191.175 -7.50673 11.1
      vertex 190.048 -6.81597 8.1
      vertex 191.175 -7.50673 8.1
    endloop
  endfacet
  facet normal -0.85256 -0.52263 0
    outer loop
      vertex 188.184 -4.95209 8.1
      vertex 187.493 -3.82487 11.1
      vertex 187.493 -3.82487 8.1
    endloop
  endfacet
  facet normal -0.85256 -0.52263 0
    outer loop
      vertex 187.493 -3.82487 11.1
      vertex 188.184 -4.95209 8.1
      vertex 188.184 -4.95209 11.1
    endloop
  endfacet
  facet normal -0.9969 0.0786819 0
    outer loop
      vertex 105.6 46.3001 0
      vertex 105.7 47.5671 8.1
      vertex 105.7 47.5671 0
    endloop
  endfacet
  facet normal -0.9969 0.0786819 0
    outer loop
      vertex 105.7 47.5671 8.1
      vertex 105.6 46.3001 0
      vertex 105.6 46.3001 8.1
    endloop
  endfacet
  facet normal -0.522455 -0.852667 0
    outer loop
      vertex 108.939 -52.853 0
      vertex 110.023 -53.5172 8.1
      vertex 108.939 -52.853 8.1
    endloop
  endfacet
  facet normal -0.522455 -0.852667 -0
    outer loop
      vertex 110.023 -53.5172 8.1
      vertex 108.939 -52.853 0
      vertex 110.023 -53.5172 0
    endloop
  endfacet
  facet normal 0.38276 0.923848 -0
    outer loop
      vertex 279.977 53.5172 0
      vertex 278.803 54.0036 8.1
      vertex 279.977 53.5172 8.1
    endloop
  endfacet
  facet normal 0.38276 0.923848 0
    outer loop
      vertex 278.803 54.0036 8.1
      vertex 279.977 53.5172 0
      vertex 278.803 54.0036 0
    endloop
  endfacet
  facet normal -0.233418 -0.972377 0
    outer loop
      vertex 111.197 -54.0036 0
      vertex 112.433 -54.3003 8.1
      vertex 111.197 -54.0036 8.1
    endloop
  endfacet
  facet normal -0.233418 -0.972377 -0
    outer loop
      vertex 112.433 -54.3003 8.1
      vertex 111.197 -54.0036 0
      vertex 112.433 -54.3003 0
    endloop
  endfacet
  facet normal -0.38276 -0.923848 0
    outer loop
      vertex 110.023 -53.5172 0
      vertex 111.197 -54.0036 8.1
      vertex 110.023 -53.5172 8.1
    endloop
  endfacet
  facet normal -0.38276 -0.923848 -0
    outer loop
      vertex 111.197 -54.0036 8.1
      vertex 110.023 -53.5172 0
      vertex 111.197 -54.0036 0
    endloop
  endfacet
  facet normal -0 0 1
    outer loop
      vertex 282.154 46.953 8.1
      vertex 284.4 46.3001 8.1
      vertex 284.3 47.5671 8.1
    endloop
  endfacet
  facet normal 0 0 1
    outer loop
      vertex 284.4 46.3001 8.1
      vertex 282.55 44.4501 8.1
      vertex 284.4 -46.3001 8.1
    endloop
  endfacet
  facet normal 0 0 1
    outer loop
      vertex 282.154 46.953 8.1
      vertex 284.3 47.5671 8.1
      vertex 284.004 48.803 8.1
    endloop
  endfacet
  facet normal -0 0 1
    outer loop
      vertex 282.55 -44.4501 8.1
      vertex 284.4 -46.3001 8.1
      vertex 282.55 44.4501 8.1
    endloop
  endfacet
  facet normal 0 0 1
    outer loop
      vertex 281.667 48.1273 8.1
      vertex 284.004 48.803 8.1
      vertex 283.517 49.9773 8.1
    endloop
  endfacet
  facet normal -0 0 1
    outer loop
      vertex 282.45 -45.7171 8.1
      vertex 284.4 -46.3001 8.1
      vertex 282.55 -44.4501 8.1
    endloop
  endfacet
  facet normal 0 0 1
    outer loop
      vertex 281.003 49.2111 8.1
      vertex 283.517 49.9773 8.1
      vertex 282.853 51.0611 8.1
    endloop
  endfacet
  facet normal 0 0 1
    outer loop
      vertex 282.154 -46.953 8.1
      vertex 284.4 -46.3001 8.1
      vertex 282.45 -45.7171 8.1
    endloop
  endfacet
  facet normal 0 0 1
    outer loop
      vertex 284.4 -46.3001 8.1
      vertex 282.154 -46.953 8.1
      vertex 284.3 -47.5671 8.1
    endloop
  endfacet
  facet normal 0 0 1
    outer loop
      vertex 284.4 46.3001 8.1
      vertex 282.45 45.7171 8.1
      vertex 282.55 44.4501 8.1
    endloop
  endfacet
  facet normal 0 0 1
    outer loop
      vertex 284.4 46.3001 8.1
      vertex 282.154 46.953 8.1
      vertex 282.45 45.7171 8.1
    endloop
  endfacet
  facet normal 0 0 1
    outer loop
      vertex 280.178 50.1776 8.1
      vertex 282.853 51.0611 8.1
      vertex 282.028 52.0276 8.1
    endloop
  endfacet
  facet normal 0 0 1
    outer loop
      vertex 284.004 48.803 8.1
      vertex 281.667 48.1273 8.1
      vertex 282.154 46.953 8.1
    endloop
  endfacet
  facet normal 0 0 1
    outer loop
      vertex 280.178 50.1776 8.1
      vertex 282.028 52.0276 8.1
      vertex 281.061 52.853 8.1
    endloop
  endfacet
  facet normal 0 0 1
    outer loop
      vertex 283.517 49.9773 8.1
      vertex 281.003 49.2111 8.1
      vertex 281.667 48.1273 8.1
    endloop
  endfacet
  facet normal 0 0 1
    outer loop
      vertex 282.853 51.0611 8.1
      vertex 280.178 50.1776 8.1
      vertex 281.003 49.2111 8.1
    endloop
  endfacet
  facet normal 0 0 1
    outer loop
      vertex 279.211 51.003 8.1
      vertex 281.061 52.853 8.1
      vertex 279.977 53.5172 8.1
    endloop
  endfacet
  facet normal 0 0 1
    outer loop
      vertex 281.061 52.853 8.1
      vertex 279.211 51.003 8.1
      vertex 280.178 50.1776 8.1
    endloop
  endfacet
  facet normal 0 0 1
    outer loop
      vertex 278.127 51.6672 8.1
      vertex 279.977 53.5172 8.1
      vertex 278.803 54.0036 8.1
    endloop
  endfacet
  facet normal 0 0 1
    outer loop
      vertex 279.977 53.5172 8.1
      vertex 278.127 51.6672 8.1
      vertex 279.211 51.003 8.1
    endloop
  endfacet
  facet normal 0 0 1
    outer loop
      vertex 276.953 52.1536 8.1
      vertex 278.803 54.0036 8.1
      vertex 277.567 54.3003 8.1
    endloop
  endfacet
  facet normal 0 0 1
    outer loop
      vertex 278.803 54.0036 8.1
      vertex 276.953 52.1536 8.1
      vertex 278.127 51.6672 8.1
    endloop
  endfacet
  facet normal 0 0 1
    outer loop
      vertex 276.3 54.4 8.1
      vertex 276.953 52.1536 8.1
      vertex 277.567 54.3003 8.1
    endloop
  endfacet
  facet normal 0 0 1
    outer loop
      vertex 276.3 54.4 8.1
      vertex 275.717 52.4503 8.1
      vertex 276.953 52.1536 8.1
    endloop
  endfacet
  facet normal 0 0 1
    outer loop
      vertex 276.3 54.4 8.1
      vertex 274.45 52.55 8.1
      vertex 275.717 52.4503 8.1
    endloop
  endfacet
  facet normal 0 0 1
    outer loop
      vertex 276.3 54.4 8.1
      vertex 115.55 52.55 8.1
      vertex 274.45 52.55 8.1
    endloop
  endfacet
  facet normal -0 0 1
    outer loop
      vertex 113.7 54.4 8.1
      vertex 115.55 52.55 8.1
      vertex 276.3 54.4 8.1
    endloop
  endfacet
  facet normal 0 0 1
    outer loop
      vertex 113.7 54.4 8.1
      vertex 114.283 52.4503 8.1
      vertex 115.55 52.55 8.1
    endloop
  endfacet
  facet normal 0 0 1
    outer loop
      vertex 113.7 54.4 8.1
      vertex 113.047 52.1536 8.1
      vertex 114.283 52.4503 8.1
    endloop
  endfacet
  facet normal -0 0 1
    outer loop
      vertex 112.433 54.3003 8.1
      vertex 113.047 52.1536 8.1
      vertex 113.7 54.4 8.1
    endloop
  endfacet
  facet normal -0 0 1
    outer loop
      vertex 111.197 54.0036 8.1
      vertex 113.047 52.1536 8.1
      vertex 112.433 54.3003 8.1
    endloop
  endfacet
  facet normal 0 0 1
    outer loop
      vertex 113.047 52.1536 8.1
      vertex 111.197 54.0036 8.1
      vertex 111.873 51.6672 8.1
    endloop
  endfacet
  facet normal -0 0 1
    outer loop
      vertex 110.023 53.5172 8.1
      vertex 111.873 51.6672 8.1
      vertex 111.197 54.0036 8.1
    endloop
  endfacet
  facet normal 0 0 1
    outer loop
      vertex 111.873 51.6672 8.1
      vertex 110.023 53.5172 8.1
      vertex 110.789 51.003 8.1
    endloop
  endfacet
  facet normal -0 0 1
    outer loop
      vertex 108.939 52.853 8.1
      vertex 110.789 51.003 8.1
      vertex 110.023 53.5172 8.1
    endloop
  endfacet
  facet normal 0 0 1
    outer loop
      vertex 110.789 51.003 8.1
      vertex 108.939 52.853 8.1
      vertex 109.822 50.1776 8.1
    endloop
  endfacet
  facet normal -0 0 1
    outer loop
      vertex 107.972 52.0276 8.1
      vertex 109.822 50.1776 8.1
      vertex 108.939 52.853 8.1
    endloop
  endfacet
  facet normal -0 0 1
    outer loop
      vertex 107.147 51.0611 8.1
      vertex 109.822 50.1776 8.1
      vertex 107.972 52.0276 8.1
    endloop
  endfacet
  facet normal 0 0 1
    outer loop
      vertex 109.822 50.1776 8.1
      vertex 107.147 51.0611 8.1
      vertex 108.997 49.2111 8.1
    endloop
  endfacet
  facet normal -0 0 1
    outer loop
      vertex 106.483 49.9773 8.1
      vertex 108.997 49.2111 8.1
      vertex 107.147 51.0611 8.1
    endloop
  endfacet
  facet normal 0 0 1
    outer loop
      vertex 108.997 49.2111 8.1
      vertex 106.483 49.9773 8.1
      vertex 108.333 48.1273 8.1
    endloop
  endfacet
  facet normal -0 0 1
    outer loop
      vertex 105.996 48.803 8.1
      vertex 108.333 48.1273 8.1
      vertex 106.483 49.9773 8.1
    endloop
  endfacet
  facet normal -0 0 1
    outer loop
      vertex 105.7 47.5671 8.1
      vertex 107.846 46.953 8.1
      vertex 105.996 48.803 8.1
    endloop
  endfacet
  facet normal 0 0 1
    outer loop
      vertex 108.333 48.1273 8.1
      vertex 105.996 48.803 8.1
      vertex 107.846 46.953 8.1
    endloop
  endfacet
  facet normal 0 0 1
    outer loop
      vertex 284.3 -47.5671 8.1
      vertex 282.154 -46.953 8.1
      vertex 284.004 -48.803 8.1
    endloop
  endfacet
  facet normal -0 0 1
    outer loop
      vertex 281.667 -48.1273 8.1
      vertex 284.004 -48.803 8.1
      vertex 282.154 -46.953 8.1
    endloop
  endfacet
  facet normal 0 0 1
    outer loop
      vertex 284.004 -48.803 8.1
      vertex 281.667 -48.1273 8.1
      vertex 283.517 -49.9773 8.1
    endloop
  endfacet
  facet normal -0 0 1
    outer loop
      vertex 281.003 -49.2111 8.1
      vertex 283.517 -49.9773 8.1
      vertex 281.667 -48.1273 8.1
    endloop
  endfacet
  facet normal 0 0 1
    outer loop
      vertex 283.517 -49.9773 8.1
      vertex 281.003 -49.2111 8.1
      vertex 282.853 -51.0611 8.1
    endloop
  endfacet
  facet normal -0 0 1
    outer loop
      vertex 280.178 -50.1776 8.1
      vertex 282.853 -51.0611 8.1
      vertex 281.003 -49.2111 8.1
    endloop
  endfacet
  facet normal 0 0 1
    outer loop
      vertex 282.853 -51.0611 8.1
      vertex 280.178 -50.1776 8.1
      vertex 282.028 -52.0276 8.1
    endloop
  endfacet
  facet normal 0 0 1
    outer loop
      vertex 282.028 -52.0276 8.1
      vertex 280.178 -50.1776 8.1
      vertex 281.061 -52.853 8.1
    endloop
  endfacet
  facet normal -0 0 1
    outer loop
      vertex 279.211 -51.003 8.1
      vertex 281.061 -52.853 8.1
      vertex 280.178 -50.1776 8.1
    endloop
  endfacet
  facet normal 0 0 1
    outer loop
      vertex 281.061 -52.853 8.1
      vertex 279.211 -51.003 8.1
      vertex 279.977 -53.5172 8.1
    endloop
  endfacet
  facet normal -0 0 1
    outer loop
      vertex 278.127 -51.6672 8.1
      vertex 279.977 -53.5172 8.1
      vertex 279.211 -51.003 8.1
    endloop
  endfacet
  facet normal 0 0 1
    outer loop
      vertex 279.977 -53.5172 8.1
      vertex 278.127 -51.6672 8.1
      vertex 278.803 -54.0036 8.1
    endloop
  endfacet
  facet normal -0 0 1
    outer loop
      vertex 276.953 -52.1536 8.1
      vertex 278.803 -54.0036 8.1
      vertex 278.127 -51.6672 8.1
    endloop
  endfacet
  facet normal 0 0 1
    outer loop
      vertex 278.803 -54.0036 8.1
      vertex 276.953 -52.1536 8.1
      vertex 277.567 -54.3003 8.1
    endloop
  endfacet
  facet normal 0 0 1
    outer loop
      vertex 276.953 -52.1536 8.1
      vertex 276.3 -54.4 8.1
      vertex 277.567 -54.3003 8.1
    endloop
  endfacet
  facet normal -0 0 1
    outer loop
      vertex 275.717 -52.4503 8.1
      vertex 276.3 -54.4 8.1
      vertex 276.953 -52.1536 8.1
    endloop
  endfacet
  facet normal -0 0 1
    outer loop
      vertex 274.45 -52.55 8.1
      vertex 276.3 -54.4 8.1
      vertex 275.717 -52.4503 8.1
    endloop
  endfacet
  facet normal -0 0 1
    outer loop
      vertex 115.55 -52.55 8.1
      vertex 276.3 -54.4 8.1
      vertex 274.45 -52.55 8.1
    endloop
  endfacet
  facet normal 0 0 1
    outer loop
      vertex 115.55 -52.55 8.1
      vertex 113.7 -54.4 8.1
      vertex 276.3 -54.4 8.1
    endloop
  endfacet
  facet normal 0 0 1
    outer loop
      vertex 114.283 -52.4503 8.1
      vertex 113.7 -54.4 8.1
      vertex 115.55 -52.55 8.1
    endloop
  endfacet
  facet normal 0 0 1
    outer loop
      vertex 113.047 -52.1536 8.1
      vertex 113.7 -54.4 8.1
      vertex 114.283 -52.4503 8.1
    endloop
  endfacet
  facet normal 0 0 1
    outer loop
      vertex 113.047 -52.1536 8.1
      vertex 112.433 -54.3003 8.1
      vertex 113.7 -54.4 8.1
    endloop
  endfacet
  facet normal 0 0 1
    outer loop
      vertex 111.197 -54.0036 8.1
      vertex 113.047 -52.1536 8.1
      vertex 111.873 -51.6672 8.1
    endloop
  endfacet
  facet normal 0 0 1
    outer loop
      vertex 113.047 -52.1536 8.1
      vertex 111.197 -54.0036 8.1
      vertex 112.433 -54.3003 8.1
    endloop
  endfacet
  facet normal 0 0 1
    outer loop
      vertex 110.023 -53.5172 8.1
      vertex 111.873 -51.6672 8.1
      vertex 110.789 -51.003 8.1
    endloop
  endfacet
  facet normal 0 0 1
    outer loop
      vertex 111.873 -51.6672 8.1
      vertex 110.023 -53.5172 8.1
      vertex 111.197 -54.0036 8.1
    endloop
  endfacet
  facet normal 0 0 1
    outer loop
      vertex 108.939 -52.853 8.1
      vertex 110.789 -51.003 8.1
      vertex 109.822 -50.1776 8.1
    endloop
  endfacet
  facet normal 0 0 1
    outer loop
      vertex 107.147 -51.0611 8.1
      vertex 109.822 -50.1776 8.1
      vertex 108.997 -49.2111 8.1
    endloop
  endfacet
  facet normal 0 0 1
    outer loop
      vertex 110.789 -51.003 8.1
      vertex 108.939 -52.853 8.1
      vertex 110.023 -53.5172 8.1
    endloop
  endfacet
  facet normal 0 0 1
    outer loop
      vertex 106.483 -49.9773 8.1
      vertex 108.997 -49.2111 8.1
      vertex 108.333 -48.1273 8.1
    endloop
  endfacet
  facet normal 0 0 1
    outer loop
      vertex 109.822 -50.1776 8.1
      vertex 107.972 -52.0276 8.1
      vertex 108.939 -52.853 8.1
    endloop
  endfacet
  facet normal 0 0 1
    outer loop
      vertex 105.996 -48.803 8.1
      vertex 108.333 -48.1273 8.1
      vertex 107.846 -46.953 8.1
    endloop
  endfacet
  facet normal -0 0 1
    outer loop
      vertex 105.6 -46.3001 8.1
      vertex 107.846 -46.953 8.1
      vertex 107.55 -45.7171 8.1
    endloop
  endfacet
  facet normal 0 0 1
    outer loop
      vertex 105.6 -46.3001 8.1
      vertex 107.55 -45.7171 8.1
      vertex 107.45 -44.4501 8.1
    endloop
  endfacet
  facet normal 0 0 1
    outer loop
      vertex 109.822 -50.1776 8.1
      vertex 107.147 -51.0611 8.1
      vertex 107.972 -52.0276 8.1
    endloop
  endfacet
  facet normal 0 0 1
    outer loop
      vertex 107.45 44.4501 8.1
      vertex 105.6 46.3001 8.1
      vertex 107.45 -44.4501 8.1
    endloop
  endfacet
  facet normal 0 0 1
    outer loop
      vertex 105.6 46.3001 8.1
      vertex 107.846 46.953 8.1
      vertex 105.7 47.5671 8.1
    endloop
  endfacet
  facet normal 0 0 1
    outer loop
      vertex 105.6 -46.3001 8.1
      vertex 107.45 -44.4501 8.1
      vertex 105.6 46.3001 8.1
    endloop
  endfacet
  facet normal 0 0 1
    outer loop
      vertex 107.846 46.953 8.1
      vertex 105.6 46.3001 8.1
      vertex 107.55 45.7171 8.1
    endloop
  endfacet
  facet normal 0 0 1
    outer loop
      vertex 107.846 -46.953 8.1
      vertex 105.6 -46.3001 8.1
      vertex 105.7 -47.5671 8.1
    endloop
  endfacet
  facet normal 0 0 1
    outer loop
      vertex 107.55 45.7171 8.1
      vertex 105.6 46.3001 8.1
      vertex 107.45 44.4501 8.1
    endloop
  endfacet
  facet normal 0 0 1
    outer loop
      vertex 108.997 -49.2111 8.1
      vertex 106.483 -49.9773 8.1
      vertex 107.147 -51.0611 8.1
    endloop
  endfacet
  facet normal 0 0 1
    outer loop
      vertex 108.333 -48.1273 8.1
      vertex 105.996 -48.803 8.1
      vertex 106.483 -49.9773 8.1
    endloop
  endfacet
  facet normal 0 0 1
    outer loop
      vertex 107.846 -46.953 8.1
      vertex 105.7 -47.5671 8.1
      vertex 105.996 -48.803 8.1
    endloop
  endfacet
  facet normal -1 0 0
    outer loop
      vertex 105.6 -46.3001 0
      vertex 105.6 46.3001 8.1
      vertex 105.6 46.3001 0
    endloop
  endfacet
  facet normal -1 -0 0
    outer loop
      vertex 105.6 46.3001 8.1
      vertex 105.6 -46.3001 0
      vertex 105.6 -46.3001 8.1
    endloop
  endfacet
  facet normal 0.0784473 -0.996918 0
    outer loop
      vertex 276.3 -54.4 0
      vertex 277.567 -54.3003 8.1
      vertex 276.3 -54.4 8.1
    endloop
  endfacet
  facet normal 0.0784473 -0.996918 0
    outer loop
      vertex 277.567 -54.3003 8.1
      vertex 276.3 -54.4 0
      vertex 277.567 -54.3003 0
    endloop
  endfacet
  facet normal 0 -1 0
    outer loop
      vertex 113.7 -54.4 0
      vertex 276.3 -54.4 8.1
      vertex 113.7 -54.4 8.1
    endloop
  endfacet
  facet normal 0 -1 -0
    outer loop
      vertex 276.3 -54.4 8.1
      vertex 113.7 -54.4 0
      vertex 276.3 -54.4 0
    endloop
  endfacet
  facet normal -0.852694 0.522411 0
    outer loop
      vertex 106.483 49.9773 0
      vertex 107.147 51.0611 8.1
      vertex 107.147 51.0611 0
    endloop
  endfacet
  facet normal -0.852694 0.522411 0
    outer loop
      vertex 107.147 51.0611 8.1
      vertex 106.483 49.9773 0
      vertex 106.483 49.9773 8.1
    endloop
  endfacet
  facet normal -0.9969 -0.0786819 0
    outer loop
      vertex 105.7 -47.5671 0
      vertex 105.6 -46.3001 8.1
      vertex 105.6 -46.3001 0
    endloop
  endfacet
  facet normal -0.9969 -0.0786819 0
    outer loop
      vertex 105.6 -46.3001 8.1
      vertex 105.7 -47.5671 0
      vertex 105.7 -47.5671 8.1
    endloop
  endfacet
  facet normal 1 -0 0
    outer loop
      vertex 284.4 -46.3001 8.1
      vertex 284.4 46.3001 0
      vertex 284.4 46.3001 8.1
    endloop
  endfacet
  facet normal 1 0 0
    outer loop
      vertex 284.4 46.3001 0
      vertex 284.4 -46.3001 8.1
      vertex 284.4 -46.3001 0
    endloop
  endfacet
  facet normal 0.852694 -0.522411 0
    outer loop
      vertex 282.853 -51.0611 8.1
      vertex 283.517 -49.9773 0
      vertex 283.517 -49.9773 8.1
    endloop
  endfacet
  facet normal 0.852694 -0.522411 0
    outer loop
      vertex 283.517 -49.9773 0
      vertex 282.853 -51.0611 8.1
      vertex 282.853 -51.0611 0
    endloop
  endfacet
  facet normal 0.649222 -0.760599 0
    outer loop
      vertex 281.061 -52.853 0
      vertex 282.028 -52.0276 8.1
      vertex 281.061 -52.853 8.1
    endloop
  endfacet
  facet normal 0.649222 -0.760599 0
    outer loop
      vertex 282.028 -52.0276 8.1
      vertex 281.061 -52.853 0
      vertex 282.028 -52.0276 0
    endloop
  endfacet
  facet normal -0.0784473 -0.996918 0
    outer loop
      vertex 112.433 -54.3003 0
      vertex 113.7 -54.4 8.1
      vertex 112.433 -54.3003 8.1
    endloop
  endfacet
  facet normal -0.0784473 -0.996918 -0
    outer loop
      vertex 113.7 -54.4 8.1
      vertex 112.433 -54.3003 0
      vertex 113.7 -54.4 0
    endloop
  endfacet
  facet normal -0.649222 -0.760599 0
    outer loop
      vertex 107.972 -52.0276 0
      vertex 108.939 -52.853 8.1
      vertex 107.972 -52.0276 8.1
    endloop
  endfacet
  facet normal -0.649222 -0.760599 -0
    outer loop
      vertex 108.939 -52.853 8.1
      vertex 107.972 -52.0276 0
      vertex 108.939 -52.853 0
    endloop
  endfacet
  facet normal -0.972497 0.232915 0
    outer loop
      vertex 105.7 47.5671 0
      vertex 105.996 48.803 8.1
      vertex 105.996 48.803 0
    endloop
  endfacet
  facet normal -0.972497 0.232915 0
    outer loop
      vertex 105.996 48.803 8.1
      vertex 105.7 47.5671 0
      vertex 105.7 47.5671 8.1
    endloop
  endfacet
  facet normal -0.649222 0.760599 0
    outer loop
      vertex 108.939 52.853 0
      vertex 107.972 52.0276 8.1
      vertex 108.939 52.853 8.1
    endloop
  endfacet
  facet normal -0.649222 0.760599 0
    outer loop
      vertex 107.972 52.0276 8.1
      vertex 108.939 52.853 0
      vertex 107.972 52.0276 0
    endloop
  endfacet
  facet normal 0 0 -1
    outer loop
      vertex 276.3 -54.4 0
      vertex 284.4 -46.3001 0
      vertex 284.3 -47.5671 0
    endloop
  endfacet
  facet normal -0 0 -1
    outer loop
      vertex 284.4 -46.3001 0
      vertex 276.3 -54.4 0
      vertex 284.4 46.3001 0
    endloop
  endfacet
  facet normal 0 0 -1
    outer loop
      vertex 276.3 -54.4 0
      vertex 284.3 -47.5671 0
      vertex 284.004 -48.803 0
    endloop
  endfacet
  facet normal 0 0 -1
    outer loop
      vertex 276.3 54.4 0
      vertex 284.4 46.3001 0
      vertex 276.3 -54.4 0
    endloop
  endfacet
  facet normal 0 0 -1
    outer loop
      vertex 276.3 -54.4 0
      vertex 284.004 -48.803 0
      vertex 283.517 -49.9773 0
    endloop
  endfacet
  facet normal 0 0 -1
    outer loop
      vertex 284.4 46.3001 0
      vertex 276.3 54.4 0
      vertex 284.3 47.5671 0
    endloop
  endfacet
  facet normal 0 0 -1
    outer loop
      vertex 276.3 -54.4 0
      vertex 283.517 -49.9773 0
      vertex 282.853 -51.0611 0
    endloop
  endfacet
  facet normal 0 0 -1
    outer loop
      vertex 284.3 47.5671 0
      vertex 276.3 54.4 0
      vertex 284.004 48.803 0
    endloop
  endfacet
  facet normal 0 0 -1
    outer loop
      vertex 276.3 -54.4 0
      vertex 282.853 -51.0611 0
      vertex 282.028 -52.0276 0
    endloop
  endfacet
  facet normal 0 0 -1
    outer loop
      vertex 284.004 48.803 0
      vertex 276.3 54.4 0
      vertex 283.517 49.9773 0
    endloop
  endfacet
  facet normal 0 0 -1
    outer loop
      vertex 276.3 -54.4 0
      vertex 282.028 -52.0276 0
      vertex 281.061 -52.853 0
    endloop
  endfacet
  facet normal 0 0 -1
    outer loop
      vertex 283.517 49.9773 0
      vertex 276.3 54.4 0
      vertex 282.853 51.0611 0
    endloop
  endfacet
  facet normal 0 0 -1
    outer loop
      vertex 276.3 -54.4 0
      vertex 281.061 -52.853 0
      vertex 279.977 -53.5172 0
    endloop
  endfacet
  facet normal 0 0 -1
    outer loop
      vertex 282.853 51.0611 0
      vertex 276.3 54.4 0
      vertex 282.028 52.0276 0
    endloop
  endfacet
  facet normal 0 0 -1
    outer loop
      vertex 276.3 -54.4 0
      vertex 279.977 -53.5172 0
      vertex 278.803 -54.0036 0
    endloop
  endfacet
  facet normal 0 0 -1
    outer loop
      vertex 282.028 52.0276 0
      vertex 276.3 54.4 0
      vertex 281.061 52.853 0
    endloop
  endfacet
  facet normal 0 0 -1
    outer loop
      vertex 276.3 -54.4 0
      vertex 278.803 -54.0036 0
      vertex 277.567 -54.3003 0
    endloop
  endfacet
  facet normal 0 0 -1
    outer loop
      vertex 281.061 52.853 0
      vertex 276.3 54.4 0
      vertex 279.977 53.5172 0
    endloop
  endfacet
  facet normal 0 0 -1
    outer loop
      vertex 279.977 53.5172 0
      vertex 276.3 54.4 0
      vertex 278.803 54.0036 0
    endloop
  endfacet
  facet normal 0 0 -1
    outer loop
      vertex 278.803 54.0036 0
      vertex 276.3 54.4 0
      vertex 277.567 54.3003 0
    endloop
  endfacet
  facet normal 0 0 -1
    outer loop
      vertex 113.7 -54.4 0
      vertex 276.3 54.4 0
      vertex 276.3 -54.4 0
    endloop
  endfacet
  facet normal 0 0 -1
    outer loop
      vertex 113.7 -54.4 0
      vertex 113.7 54.4 0
      vertex 276.3 54.4 0
    endloop
  endfacet
  facet normal 0 0 -1
    outer loop
      vertex 105.6 -46.3001 0
      vertex 113.7 -54.4 0
      vertex 112.433 -54.3003 0
    endloop
  endfacet
  facet normal 0 0 -1
    outer loop
      vertex 113.7 -54.4 0
      vertex 105.6 -46.3001 0
      vertex 113.7 54.4 0
    endloop
  endfacet
  facet normal 0 0 -1
    outer loop
      vertex 105.6 -46.3001 0
      vertex 112.433 -54.3003 0
      vertex 111.197 -54.0036 0
    endloop
  endfacet
  facet normal 0 0 -1
    outer loop
      vertex 105.6 46.3001 0
      vertex 113.7 54.4 0
      vertex 105.6 -46.3001 0
    endloop
  endfacet
  facet normal 0 0 -1
    outer loop
      vertex 105.6 -46.3001 0
      vertex 111.197 -54.0036 0
      vertex 110.023 -53.5172 0
    endloop
  endfacet
  facet normal 0 0 -1
    outer loop
      vertex 113.7 54.4 0
      vertex 105.6 46.3001 0
      vertex 112.433 54.3003 0
    endloop
  endfacet
  facet normal 0 0 -1
    outer loop
      vertex 105.6 -46.3001 0
      vertex 110.023 -53.5172 0
      vertex 108.939 -52.853 0
    endloop
  endfacet
  facet normal 0 0 -1
    outer loop
      vertex 112.433 54.3003 0
      vertex 105.6 46.3001 0
      vertex 111.197 54.0036 0
    endloop
  endfacet
  facet normal 0 0 -1
    outer loop
      vertex 105.6 -46.3001 0
      vertex 108.939 -52.853 0
      vertex 107.972 -52.0276 0
    endloop
  endfacet
  facet normal 0 0 -1
    outer loop
      vertex 111.197 54.0036 0
      vertex 105.6 46.3001 0
      vertex 110.023 53.5172 0
    endloop
  endfacet
  facet normal 0 0 -1
    outer loop
      vertex 105.6 -46.3001 0
      vertex 107.972 -52.0276 0
      vertex 107.147 -51.0611 0
    endloop
  endfacet
  facet normal 0 0 -1
    outer loop
      vertex 110.023 53.5172 0
      vertex 105.6 46.3001 0
      vertex 108.939 52.853 0
    endloop
  endfacet
  facet normal 0 0 -1
    outer loop
      vertex 105.6 -46.3001 0
      vertex 107.147 -51.0611 0
      vertex 106.483 -49.9773 0
    endloop
  endfacet
  facet normal 0 0 -1
    outer loop
      vertex 108.939 52.853 0
      vertex 105.6 46.3001 0
      vertex 107.972 52.0276 0
    endloop
  endfacet
  facet normal 0 0 -1
    outer loop
      vertex 105.6 -46.3001 0
      vertex 106.483 -49.9773 0
      vertex 105.996 -48.803 0
    endloop
  endfacet
  facet normal 0 0 -1
    outer loop
      vertex 107.972 52.0276 0
      vertex 105.6 46.3001 0
      vertex 107.147 51.0611 0
    endloop
  endfacet
  facet normal 0 0 -1
    outer loop
      vertex 105.6 -46.3001 0
      vertex 105.996 -48.803 0
      vertex 105.7 -47.5671 0
    endloop
  endfacet
  facet normal 0 0 -1
    outer loop
      vertex 107.147 51.0611 0
      vertex 105.6 46.3001 0
      vertex 106.483 49.9773 0
    endloop
  endfacet
  facet normal 0 0 -1
    outer loop
      vertex 106.483 49.9773 0
      vertex 105.6 46.3001 0
      vertex 105.996 48.803 0
    endloop
  endfacet
  facet normal 0 0 -1
    outer loop
      vertex 105.996 48.803 0
      vertex 105.6 46.3001 0
      vertex 105.7 47.5671 0
    endloop
  endfacet
  facet normal 0.522455 0.852667 -0
    outer loop
      vertex 281.061 52.853 0
      vertex 279.977 53.5172 8.1
      vertex 281.061 52.853 8.1
    endloop
  endfacet
  facet normal 0.522455 0.852667 0
    outer loop
      vertex 279.977 53.5172 8.1
      vertex 281.061 52.853 0
      vertex 279.977 53.5172 0
    endloop
  endfacet
  facet normal 0 1 -0
    outer loop
      vertex 276.3 54.4 0
      vertex 113.7 54.4 8.1
      vertex 276.3 54.4 8.1
    endloop
  endfacet
  facet normal 0 1 0
    outer loop
      vertex 113.7 54.4 8.1
      vertex 276.3 54.4 0
      vertex 113.7 54.4 0
    endloop
  endfacet
  facet normal 0.649222 0.760599 -0
    outer loop
      vertex 282.028 52.0276 0
      vertex 281.061 52.853 8.1
      vertex 282.028 52.0276 8.1
    endloop
  endfacet
  facet normal 0.649222 0.760599 0
    outer loop
      vertex 281.061 52.853 8.1
      vertex 282.028 52.0276 0
      vertex 281.061 52.853 0
    endloop
  endfacet
  facet normal -0.760588 -0.649235 0
    outer loop
      vertex 107.972 -52.0276 0
      vertex 107.147 -51.0611 8.1
      vertex 107.147 -51.0611 0
    endloop
  endfacet
  facet normal -0.760588 -0.649235 0
    outer loop
      vertex 107.147 -51.0611 8.1
      vertex 107.972 -52.0276 0
      vertex 107.972 -52.0276 8.1
    endloop
  endfacet
  facet normal -0.923716 0.383079 0
    outer loop
      vertex 105.996 48.803 0
      vertex 106.483 49.9773 8.1
      vertex 106.483 49.9773 0
    endloop
  endfacet
  facet normal -0.923716 0.383079 0
    outer loop
      vertex 106.483 49.9773 8.1
      vertex 105.996 48.803 0
      vertex 105.996 48.803 8.1
    endloop
  endfacet
  facet normal -0.760588 0.649235 0
    outer loop
      vertex 107.147 51.0611 0
      vertex 107.972 52.0276 8.1
      vertex 107.972 52.0276 0
    endloop
  endfacet
  facet normal -0.760588 0.649235 0
    outer loop
      vertex 107.972 52.0276 8.1
      vertex 107.147 51.0611 0
      vertex 107.147 51.0611 8.1
    endloop
  endfacet
  facet normal -0.522455 0.852667 0
    outer loop
      vertex 110.023 53.5172 0
      vertex 108.939 52.853 8.1
      vertex 110.023 53.5172 8.1
    endloop
  endfacet
  facet normal -0.522455 0.852667 0
    outer loop
      vertex 108.939 52.853 8.1
      vertex 110.023 53.5172 0
      vertex 108.939 52.853 0
    endloop
  endfacet
  facet normal -0.852694 -0.522411 0
    outer loop
      vertex 107.147 -51.0611 0
      vertex 106.483 -49.9773 8.1
      vertex 106.483 -49.9773 0
    endloop
  endfacet
  facet normal -0.852694 -0.522411 0
    outer loop
      vertex 106.483 -49.9773 8.1
      vertex 107.147 -51.0611 0
      vertex 107.147 -51.0611 8.1
    endloop
  endfacet
  facet normal 0.923716 0.383079 0
    outer loop
      vertex 284.004 48.803 8.1
      vertex 283.517 49.9773 0
      vertex 283.517 49.9773 8.1
    endloop
  endfacet
  facet normal 0.923716 0.383079 0
    outer loop
      vertex 283.517 49.9773 0
      vertex 284.004 48.803 8.1
      vertex 284.004 48.803 0
    endloop
  endfacet
  facet normal 0.923716 -0.383079 0
    outer loop
      vertex 283.517 -49.9773 8.1
      vertex 284.004 -48.803 0
      vertex 284.004 -48.803 8.1
    endloop
  endfacet
  facet normal 0.923716 -0.383079 0
    outer loop
      vertex 284.004 -48.803 0
      vertex 283.517 -49.9773 8.1
      vertex 283.517 -49.9773 0
    endloop
  endfacet
  facet normal 0.233418 -0.972377 0
    outer loop
      vertex 277.567 -54.3003 0
      vertex 278.803 -54.0036 8.1
      vertex 277.567 -54.3003 8.1
    endloop
  endfacet
  facet normal 0.233418 -0.972377 0
    outer loop
      vertex 278.803 -54.0036 8.1
      vertex 277.567 -54.3003 0
      vertex 278.803 -54.0036 0
    endloop
  endfacet
  facet normal 0.522455 -0.852667 0
    outer loop
      vertex 279.977 -53.5172 0
      vertex 281.061 -52.853 8.1
      vertex 279.977 -53.5172 8.1
    endloop
  endfacet
  facet normal 0.522455 -0.852667 0
    outer loop
      vertex 281.061 -52.853 8.1
      vertex 279.977 -53.5172 0
      vertex 281.061 -52.853 0
    endloop
  endfacet
  facet normal -0.972497 -0.232915 0
    outer loop
      vertex 105.996 -48.803 0
      vertex 105.7 -47.5671 8.1
      vertex 105.7 -47.5671 0
    endloop
  endfacet
  facet normal -0.972497 -0.232915 0
    outer loop
      vertex 105.7 -47.5671 8.1
      vertex 105.996 -48.803 0
      vertex 105.996 -48.803 8.1
    endloop
  endfacet
  facet normal -0.923716 -0.383079 0
    outer loop
      vertex 106.483 -49.9773 0
      vertex 105.996 -48.803 8.1
      vertex 105.996 -48.803 0
    endloop
  endfacet
  facet normal -0.923716 -0.383079 0
    outer loop
      vertex 105.996 -48.803 8.1
      vertex 106.483 -49.9773 0
      vertex 106.483 -49.9773 8.1
    endloop
  endfacet
  facet normal 0.0784473 0.996918 -0
    outer loop
      vertex 277.567 54.3003 0
      vertex 276.3 54.4 8.1
      vertex 277.567 54.3003 8.1
    endloop
  endfacet
  facet normal 0.0784473 0.996918 0
    outer loop
      vertex 276.3 54.4 8.1
      vertex 277.567 54.3003 0
      vertex 276.3 54.4 0
    endloop
  endfacet
  facet normal 0.233418 0.972377 -0
    outer loop
      vertex 278.803 54.0036 0
      vertex 277.567 54.3003 8.1
      vertex 278.803 54.0036 8.1
    endloop
  endfacet
  facet normal 0.233418 0.972377 0
    outer loop
      vertex 277.567 54.3003 8.1
      vertex 278.803 54.0036 0
      vertex 277.567 54.3003 0
    endloop
  endfacet
  facet normal -0.38276 0.923848 0
    outer loop
      vertex 111.197 54.0036 0
      vertex 110.023 53.5172 8.1
      vertex 111.197 54.0036 8.1
    endloop
  endfacet
  facet normal -0.38276 0.923848 0
    outer loop
      vertex 110.023 53.5172 8.1
      vertex 111.197 54.0036 0
      vertex 110.023 53.5172 0
    endloop
  endfacet
  facet normal 0.972497 0.232915 0
    outer loop
      vertex 284.3 47.5671 8.1
      vertex 284.004 48.803 0
      vertex 284.004 48.803 8.1
    endloop
  endfacet
  facet normal 0.972497 0.232915 0
    outer loop
      vertex 284.004 48.803 0
      vertex 284.3 47.5671 8.1
      vertex 284.3 47.5671 0
    endloop
  endfacet
  facet normal 0.9969 0.0786819 0
    outer loop
      vertex 284.4 46.3001 8.1
      vertex 284.3 47.5671 0
      vertex 284.3 47.5671 8.1
    endloop
  endfacet
  facet normal 0.9969 0.0786819 0
    outer loop
      vertex 284.3 47.5671 0
      vertex 284.4 46.3001 8.1
      vertex 284.4 46.3001 0
    endloop
  endfacet
  facet normal 0.760588 0.649235 0
    outer loop
      vertex 282.853 51.0611 8.1
      vertex 282.028 52.0276 0
      vertex 282.028 52.0276 8.1
    endloop
  endfacet
  facet normal 0.760588 0.649235 0
    outer loop
      vertex 282.028 52.0276 0
      vertex 282.853 51.0611 8.1
      vertex 282.853 51.0611 0
    endloop
  endfacet
  facet normal 0.852694 0.522411 0
    outer loop
      vertex 283.517 49.9773 8.1
      vertex 282.853 51.0611 0
      vertex 282.853 51.0611 8.1
    endloop
  endfacet
  facet normal 0.852694 0.522411 0
    outer loop
      vertex 282.853 51.0611 0
      vertex 283.517 49.9773 8.1
      vertex 283.517 49.9773 0
    endloop
  endfacet
  facet normal 0.760588 -0.649235 0
    outer loop
      vertex 282.028 -52.0276 8.1
      vertex 282.853 -51.0611 0
      vertex 282.853 -51.0611 8.1
    endloop
  endfacet
  facet normal 0.760588 -0.649235 0
    outer loop
      vertex 282.853 -51.0611 0
      vertex 282.028 -52.0276 8.1
      vertex 282.028 -52.0276 0
    endloop
  endfacet
  facet normal 0.972497 -0.232915 0
    outer loop
      vertex 284.004 -48.803 8.1
      vertex 284.3 -47.5671 0
      vertex 284.3 -47.5671 8.1
    endloop
  endfacet
  facet normal 0.972497 -0.232915 0
    outer loop
      vertex 284.3 -47.5671 0
      vertex 284.004 -48.803 8.1
      vertex 284.004 -48.803 0
    endloop
  endfacet
  facet normal 0.9969 -0.0786819 0
    outer loop
      vertex 284.3 -47.5671 8.1
      vertex 284.4 -46.3001 0
      vertex 284.4 -46.3001 8.1
    endloop
  endfacet
  facet normal 0.9969 -0.0786819 0
    outer loop
      vertex 284.4 -46.3001 0
      vertex 284.3 -47.5671 8.1
      vertex 284.3 -47.5671 0
    endloop
  endfacet
  facet normal 0.38276 -0.923848 0
    outer loop
      vertex 278.803 -54.0036 0
      vertex 279.977 -53.5172 8.1
      vertex 278.803 -54.0036 8.1
    endloop
  endfacet
  facet normal 0.38276 -0.923848 0
    outer loop
      vertex 279.977 -53.5172 8.1
      vertex 278.803 -54.0036 0
      vertex 279.977 -53.5172 0
    endloop
  endfacet
  facet normal -0.233418 0.972377 0
    outer loop
      vertex 112.433 54.3003 0
      vertex 111.197 54.0036 8.1
      vertex 112.433 54.3003 8.1
    endloop
  endfacet
  facet normal -0.233418 0.972377 0
    outer loop
      vertex 111.197 54.0036 8.1
      vertex 112.433 54.3003 0
      vertex 111.197 54.0036 0
    endloop
  endfacet
  facet normal -0.0784473 0.996918 0
    outer loop
      vertex 113.7 54.4 0
      vertex 112.433 54.3003 8.1
      vertex 113.7 54.4 8.1
    endloop
  endfacet
  facet normal -0.0784473 0.996918 0
    outer loop
      vertex 112.433 54.3003 8.1
      vertex 113.7 54.4 0
      vertex 112.433 54.3003 0
    endloop
  endfacet
  facet normal -0.99694 -0.078174 0
    outer loop
      vertex 202.5 0 5.95
      vertex 202.408 1.17326 11.1
      vertex 202.408 1.17326 5.95
    endloop
  endfacet
  facet normal -0.99694 -0.078174 0
    outer loop
      vertex 202.408 1.17326 11.1
      vertex 202.5 0 5.95
      vertex 202.5 0 11.1
    endloop
  endfacet
  facet normal 0.99694 -0.078174 0
    outer loop
      vertex 187.5 0 11.1
      vertex 187.592 1.17326 5.95
      vertex 187.592 1.17326 11.1
    endloop
  endfacet
  facet normal 0.99694 -0.078174 0
    outer loop
      vertex 187.592 1.17326 5.95
      vertex 187.5 0 11.1
      vertex 187.5 0 5.95
    endloop
  endfacet
  facet normal -0.0784784 -0.996916 0
    outer loop
      vertex 195 7.5 5.95
      vertex 196.173 7.40766 11.1
      vertex 195 7.5 11.1
    endloop
  endfacet
  facet normal -0.0784784 -0.996916 -0
    outer loop
      vertex 196.173 7.40766 11.1
      vertex 195 7.5 5.95
      vertex 196.173 7.40766 5.95
    endloop
  endfacet
  facet normal 0.0784784 0.996916 -0
    outer loop
      vertex 195 -7.5 5.95
      vertex 193.827 -7.40766 11.1
      vertex 195 -7.5 11.1
    endloop
  endfacet
  facet normal 0.0784784 0.996916 0
    outer loop
      vertex 193.827 -7.40766 11.1
      vertex 195 -7.5 5.95
      vertex 193.827 -7.40766 5.95
    endloop
  endfacet
  facet normal 0.760123 0.649779 0
    outer loop
      vertex 189.697 -5.3033 11.1
      vertex 188.932 -4.40839 5.95
      vertex 188.932 -4.40839 11.1
    endloop
  endfacet
  facet normal 0.760123 0.649779 0
    outer loop
      vertex 188.932 -4.40839 5.95
      vertex 189.697 -5.3033 11.1
      vertex 189.697 -5.3033 5.95
    endloop
  endfacet
  facet normal -0.760123 -0.649779 0
    outer loop
      vertex 201.068 4.40839 5.95
      vertex 200.303 5.3033 11.1
      vertex 200.303 5.3033 5.95
    endloop
  endfacet
  facet normal -0.760123 -0.649779 0
    outer loop
      vertex 200.303 5.3033 11.1
      vertex 201.068 4.40839 5.95
      vertex 201.068 4.40839 11.1
    endloop
  endfacet
  facet normal 0.649413 -0.760436 0
    outer loop
      vertex 189.697 5.3033 5.95
      vertex 190.592 6.06763 11.1
      vertex 189.697 5.3033 11.1
    endloop
  endfacet
  facet normal 0.649413 -0.760436 0
    outer loop
      vertex 190.592 6.06763 11.1
      vertex 189.697 5.3033 5.95
      vertex 190.592 6.06763 5.95
    endloop
  endfacet
  facet normal 0.38277 -0.923844 0
    outer loop
      vertex 191.595 6.68255 5.95
      vertex 192.682 7.13292 11.1
      vertex 191.595 6.68255 11.1
    endloop
  endfacet
  facet normal 0.38277 -0.923844 0
    outer loop
      vertex 192.682 7.13292 11.1
      vertex 191.595 6.68255 5.95
      vertex 192.682 7.13292 5.95
    endloop
  endfacet
  facet normal 0 0 1
    outer loop
      vertex 202.408 1.17326 5.95
      vertex 202.408 -1.17326 5.95
      vertex 202.5 0 5.95
    endloop
  endfacet
  facet normal 0 0 1
    outer loop
      vertex 202.133 2.31763 5.95
      vertex 202.408 -1.17326 5.95
      vertex 202.408 1.17326 5.95
    endloop
  endfacet
  facet normal 0 0 1
    outer loop
      vertex 202.133 2.31763 5.95
      vertex 202.133 -2.31763 5.95
      vertex 202.408 -1.17326 5.95
    endloop
  endfacet
  facet normal 0 0 1
    outer loop
      vertex 201.683 3.40493 5.95
      vertex 202.133 -2.31763 5.95
      vertex 202.133 2.31763 5.95
    endloop
  endfacet
  facet normal 0 0 1
    outer loop
      vertex 201.683 3.40493 5.95
      vertex 201.683 -3.40493 5.95
      vertex 202.133 -2.31763 5.95
    endloop
  endfacet
  facet normal 0 0 1
    outer loop
      vertex 201.068 4.40839 5.95
      vertex 201.683 -3.40493 5.95
      vertex 201.683 3.40493 5.95
    endloop
  endfacet
  facet normal 0 0 1
    outer loop
      vertex 201.068 4.40839 5.95
      vertex 201.068 -4.40839 5.95
      vertex 201.683 -3.40493 5.95
    endloop
  endfacet
  facet normal 0 0 1
    outer loop
      vertex 200.303 5.3033 5.95
      vertex 201.068 -4.40839 5.95
      vertex 201.068 4.40839 5.95
    endloop
  endfacet
  facet normal 0 0 1
    outer loop
      vertex 200.303 5.3033 5.95
      vertex 200.303 -5.3033 5.95
      vertex 201.068 -4.40839 5.95
    endloop
  endfacet
  facet normal 0 0 1
    outer loop
      vertex 199.408 6.06763 5.95
      vertex 200.303 -5.3033 5.95
      vertex 200.303 5.3033 5.95
    endloop
  endfacet
  facet normal 0 0 1
    outer loop
      vertex 199.408 6.06763 5.95
      vertex 199.408 -6.06763 5.95
      vertex 200.303 -5.3033 5.95
    endloop
  endfacet
  facet normal 0 0 1
    outer loop
      vertex 198.405 6.68255 5.95
      vertex 199.408 -6.06763 5.95
      vertex 199.408 6.06763 5.95
    endloop
  endfacet
  facet normal 0 0 1
    outer loop
      vertex 198.405 6.68255 5.95
      vertex 198.405 -6.68255 5.95
      vertex 199.408 -6.06763 5.95
    endloop
  endfacet
  facet normal 0 0 1
    outer loop
      vertex 197.318 7.13292 5.95
      vertex 198.405 -6.68255 5.95
      vertex 198.405 6.68255 5.95
    endloop
  endfacet
  facet normal 0 0 1
    outer loop
      vertex 197.318 7.13292 5.95
      vertex 197.318 -7.13292 5.95
      vertex 198.405 -6.68255 5.95
    endloop
  endfacet
  facet normal 0 0 1
    outer loop
      vertex 196.173 7.40766 5.95
      vertex 197.318 -7.13292 5.95
      vertex 197.318 7.13292 5.95
    endloop
  endfacet
  facet normal 0 0 1
    outer loop
      vertex 196.173 7.40766 5.95
      vertex 196.173 -7.40766 5.95
      vertex 197.318 -7.13292 5.95
    endloop
  endfacet
  facet normal 0 0 1
    outer loop
      vertex 195 7.5 5.95
      vertex 196.173 -7.40766 5.95
      vertex 196.173 7.40766 5.95
    endloop
  endfacet
  facet normal 0 0 1
    outer loop
      vertex 195 7.5 5.95
      vertex 195 -7.5 5.95
      vertex 196.173 -7.40766 5.95
    endloop
  endfacet
  facet normal -0 0 1
    outer loop
      vertex 193.827 7.40766 5.95
      vertex 195 -7.5 5.95
      vertex 195 7.5 5.95
    endloop
  endfacet
  facet normal 0 0 1
    outer loop
      vertex 193.827 7.40766 5.95
      vertex 193.827 -7.40766 5.95
      vertex 195 -7.5 5.95
    endloop
  endfacet
  facet normal -0 0 1
    outer loop
      vertex 192.682 7.13292 5.95
      vertex 193.827 -7.40766 5.95
      vertex 193.827 7.40766 5.95
    endloop
  endfacet
  facet normal 0 0 1
    outer loop
      vertex 192.682 7.13292 5.95
      vertex 192.682 -7.13292 5.95
      vertex 193.827 -7.40766 5.95
    endloop
  endfacet
  facet normal -0 0 1
    outer loop
      vertex 191.595 6.68255 5.95
      vertex 192.682 -7.13292 5.95
      vertex 192.682 7.13292 5.95
    endloop
  endfacet
  facet normal 0 0 1
    outer loop
      vertex 191.595 6.68255 5.95
      vertex 191.595 -6.68255 5.95
      vertex 192.682 -7.13292 5.95
    endloop
  endfacet
  facet normal -0 0 1
    outer loop
      vertex 190.592 6.06763 5.95
      vertex 191.595 -6.68255 5.95
      vertex 191.595 6.68255 5.95
    endloop
  endfacet
  facet normal 0 0 1
    outer loop
      vertex 190.592 6.06763 5.95
      vertex 190.592 -6.06763 5.95
      vertex 191.595 -6.68255 5.95
    endloop
  endfacet
  facet normal -0 0 1
    outer loop
      vertex 189.697 5.3033 5.95
      vertex 190.592 -6.06763 5.95
      vertex 190.592 6.06763 5.95
    endloop
  endfacet
  facet normal 0 0 1
    outer loop
      vertex 189.697 5.3033 5.95
      vertex 189.697 -5.3033 5.95
      vertex 190.592 -6.06763 5.95
    endloop
  endfacet
  facet normal -0 0 1
    outer loop
      vertex 188.932 4.40839 5.95
      vertex 189.697 -5.3033 5.95
      vertex 189.697 5.3033 5.95
    endloop
  endfacet
  facet normal 0 0 1
    outer loop
      vertex 188.932 4.40839 5.95
      vertex 188.932 -4.40839 5.95
      vertex 189.697 -5.3033 5.95
    endloop
  endfacet
  facet normal -0 0 1
    outer loop
      vertex 188.317 3.40493 5.95
      vertex 188.932 -4.40839 5.95
      vertex 188.932 4.40839 5.95
    endloop
  endfacet
  facet normal 0 0 1
    outer loop
      vertex 188.317 3.40493 5.95
      vertex 188.317 -3.40493 5.95
      vertex 188.932 -4.40839 5.95
    endloop
  endfacet
  facet normal -0 0 1
    outer loop
      vertex 187.867 2.31763 5.95
      vertex 188.317 -3.40493 5.95
      vertex 188.317 3.40493 5.95
    endloop
  endfacet
  facet normal 0 0 1
    outer loop
      vertex 187.867 2.31763 5.95
      vertex 187.867 -2.31763 5.95
      vertex 188.317 -3.40493 5.95
    endloop
  endfacet
  facet normal -0 0 1
    outer loop
      vertex 187.592 1.17326 5.95
      vertex 187.867 -2.31763 5.95
      vertex 187.867 2.31763 5.95
    endloop
  endfacet
  facet normal 0 0 1
    outer loop
      vertex 187.592 1.17326 5.95
      vertex 187.592 -1.17326 5.95
      vertex 187.867 -2.31763 5.95
    endloop
  endfacet
  facet normal 0 -0 1
    outer loop
      vertex 187.592 -1.17326 5.95
      vertex 187.592 1.17326 5.95
      vertex 187.5 0 5.95
    endloop
  endfacet
  facet normal -0.923992 -0.382412 0
    outer loop
      vertex 202.133 2.31763 5.95
      vertex 201.683 3.40493 11.1
      vertex 201.683 3.40493 5.95
    endloop
  endfacet
  facet normal -0.923992 -0.382412 0
    outer loop
      vertex 201.683 3.40493 11.1
      vertex 202.133 2.31763 5.95
      vertex 202.133 2.31763 11.1
    endloop
  endfacet
  facet normal -0.97232 -0.233655 0
    outer loop
      vertex 202.408 1.17326 5.95
      vertex 202.133 2.31763 11.1
      vertex 202.133 2.31763 5.95
    endloop
  endfacet
  facet normal -0.97232 -0.233655 0
    outer loop
      vertex 202.133 2.31763 11.1
      vertex 202.408 1.17326 5.95
      vertex 202.408 1.17326 11.1
    endloop
  endfacet
  facet normal -0.85261 -0.522547 0
    outer loop
      vertex 201.683 3.40493 5.95
      vertex 201.068 4.40839 11.1
      vertex 201.068 4.40839 5.95
    endloop
  endfacet
  facet normal -0.85261 -0.522547 0
    outer loop
      vertex 201.068 4.40839 11.1
      vertex 201.683 3.40493 5.95
      vertex 201.683 3.40493 11.1
    endloop
  endfacet
  facet normal -0.522672 -0.852534 0
    outer loop
      vertex 198.405 6.68255 5.95
      vertex 199.408 6.06763 11.1
      vertex 198.405 6.68255 11.1
    endloop
  endfacet
  facet normal -0.522672 -0.852534 -0
    outer loop
      vertex 199.408 6.06763 11.1
      vertex 198.405 6.68255 5.95
      vertex 199.408 6.06763 5.95
    endloop
  endfacet
  facet normal -0.649413 -0.760436 0
    outer loop
      vertex 199.408 6.06763 5.95
      vertex 200.303 5.3033 11.1
      vertex 199.408 6.06763 11.1
    endloop
  endfacet
  facet normal -0.649413 -0.760436 -0
    outer loop
      vertex 200.303 5.3033 11.1
      vertex 199.408 6.06763 5.95
      vertex 200.303 5.3033 5.95
    endloop
  endfacet
  facet normal 0.85261 -0.522547 0
    outer loop
      vertex 188.317 3.40493 11.1
      vertex 188.932 4.40839 5.95
      vertex 188.932 4.40839 11.1
    endloop
  endfacet
  facet normal 0.85261 -0.522547 0
    outer loop
      vertex 188.932 4.40839 5.95
      vertex 188.317 3.40493 11.1
      vertex 188.317 3.40493 5.95
    endloop
  endfacet
  facet normal 0.760123 -0.649779 0
    outer loop
      vertex 188.932 4.40839 11.1
      vertex 189.697 5.3033 5.95
      vertex 189.697 5.3033 11.1
    endloop
  endfacet
  facet normal 0.760123 -0.649779 0
    outer loop
      vertex 189.697 5.3033 5.95
      vertex 188.932 4.40839 11.1
      vertex 188.932 4.40839 5.95
    endloop
  endfacet
  facet normal 0.522672 -0.852534 0
    outer loop
      vertex 190.592 6.06763 5.95
      vertex 191.595 6.68255 11.1
      vertex 190.592 6.06763 11.1
    endloop
  endfacet
  facet normal 0.522672 -0.852534 0
    outer loop
      vertex 191.595 6.68255 11.1
      vertex 190.592 6.06763 5.95
      vertex 191.595 6.68255 5.95
    endloop
  endfacet
  facet normal 0.0784784 -0.996916 0
    outer loop
      vertex 193.827 7.40766 5.95
      vertex 195 7.5 11.1
      vertex 193.827 7.40766 11.1
    endloop
  endfacet
  facet normal 0.0784784 -0.996916 0
    outer loop
      vertex 195 7.5 11.1
      vertex 193.827 7.40766 5.95
      vertex 195 7.5 5.95
    endloop
  endfacet
  facet normal -0.0784784 0.996916 0
    outer loop
      vertex 196.173 -7.40766 5.95
      vertex 195 -7.5 11.1
      vertex 196.173 -7.40766 11.1
    endloop
  endfacet
  facet normal -0.0784784 0.996916 0
    outer loop
      vertex 195 -7.5 11.1
      vertex 196.173 -7.40766 5.95
      vertex 195 -7.5 5.95
    endloop
  endfacet
  facet normal -0.522672 0.852534 0
    outer loop
      vertex 199.408 -6.06763 5.95
      vertex 198.405 -6.68255 11.1
      vertex 199.408 -6.06763 11.1
    endloop
  endfacet
  facet normal -0.522672 0.852534 0
    outer loop
      vertex 198.405 -6.68255 11.1
      vertex 199.408 -6.06763 5.95
      vertex 198.405 -6.68255 5.95
    endloop
  endfacet
  facet normal -0.97232 0.233655 0
    outer loop
      vertex 202.133 -2.31763 5.95
      vertex 202.408 -1.17326 11.1
      vertex 202.408 -1.17326 5.95
    endloop
  endfacet
  facet normal -0.97232 0.233655 0
    outer loop
      vertex 202.408 -1.17326 11.1
      vertex 202.133 -2.31763 5.95
      vertex 202.133 -2.31763 11.1
    endloop
  endfacet
  facet normal 0.649413 0.760436 -0
    outer loop
      vertex 190.592 -6.06763 5.95
      vertex 189.697 -5.3033 11.1
      vertex 190.592 -6.06763 11.1
    endloop
  endfacet
  facet normal 0.649413 0.760436 0
    outer loop
      vertex 189.697 -5.3033 11.1
      vertex 190.592 -6.06763 5.95
      vertex 189.697 -5.3033 5.95
    endloop
  endfacet
  facet normal 0.85261 0.522547 0
    outer loop
      vertex 188.932 -4.40839 11.1
      vertex 188.317 -3.40493 5.95
      vertex 188.317 -3.40493 11.1
    endloop
  endfacet
  facet normal 0.85261 0.522547 0
    outer loop
      vertex 188.317 -3.40493 5.95
      vertex 188.932 -4.40839 11.1
      vertex 188.932 -4.40839 5.95
    endloop
  endfacet
  facet normal 0.99694 0.078174 0
    outer loop
      vertex 187.592 -1.17326 11.1
      vertex 187.5 0 5.95
      vertex 187.5 0 11.1
    endloop
  endfacet
  facet normal 0.99694 0.078174 0
    outer loop
      vertex 187.5 0 5.95
      vertex 187.592 -1.17326 11.1
      vertex 187.592 -1.17326 5.95
    endloop
  endfacet
  facet normal -0.38277 -0.923844 0
    outer loop
      vertex 197.318 7.13292 5.95
      vertex 198.405 6.68255 11.1
      vertex 197.318 7.13292 11.1
    endloop
  endfacet
  facet normal -0.38277 -0.923844 -0
    outer loop
      vertex 198.405 6.68255 11.1
      vertex 197.318 7.13292 5.95
      vertex 198.405 6.68255 5.95
    endloop
  endfacet
  facet normal -0.233325 -0.972399 0
    outer loop
      vertex 196.173 7.40766 5.95
      vertex 197.318 7.13292 11.1
      vertex 196.173 7.40766 11.1
    endloop
  endfacet
  facet normal -0.233325 -0.972399 -0
    outer loop
      vertex 197.318 7.13292 11.1
      vertex 196.173 7.40766 5.95
      vertex 197.318 7.13292 5.95
    endloop
  endfacet
  facet normal 0.923992 -0.382412 0
    outer loop
      vertex 187.867 2.31763 11.1
      vertex 188.317 3.40493 5.95
      vertex 188.317 3.40493 11.1
    endloop
  endfacet
  facet normal 0.923992 -0.382412 0
    outer loop
      vertex 188.317 3.40493 5.95
      vertex 187.867 2.31763 11.1
      vertex 187.867 2.31763 5.95
    endloop
  endfacet
  facet normal 0.97232 -0.233655 0
    outer loop
      vertex 187.592 1.17326 11.1
      vertex 187.867 2.31763 5.95
      vertex 187.867 2.31763 11.1
    endloop
  endfacet
  facet normal 0.97232 -0.233655 0
    outer loop
      vertex 187.867 2.31763 5.95
      vertex 187.592 1.17326 11.1
      vertex 187.592 1.17326 5.95
    endloop
  endfacet
  facet normal 0.233325 -0.972399 0
    outer loop
      vertex 192.682 7.13292 5.95
      vertex 193.827 7.40766 11.1
      vertex 192.682 7.13292 11.1
    endloop
  endfacet
  facet normal 0.233325 -0.972399 0
    outer loop
      vertex 193.827 7.40766 11.1
      vertex 192.682 7.13292 5.95
      vertex 193.827 7.40766 5.95
    endloop
  endfacet
  facet normal -0.99694 0.078174 0
    outer loop
      vertex 202.408 -1.17326 5.95
      vertex 202.5 0 11.1
      vertex 202.5 0 5.95
    endloop
  endfacet
  facet normal -0.99694 0.078174 0
    outer loop
      vertex 202.5 0 11.1
      vertex 202.408 -1.17326 5.95
      vertex 202.408 -1.17326 11.1
    endloop
  endfacet
  facet normal -0.233325 0.972399 0
    outer loop
      vertex 197.318 -7.13292 5.95
      vertex 196.173 -7.40766 11.1
      vertex 197.318 -7.13292 11.1
    endloop
  endfacet
  facet normal -0.233325 0.972399 0
    outer loop
      vertex 196.173 -7.40766 11.1
      vertex 197.318 -7.13292 5.95
      vertex 196.173 -7.40766 5.95
    endloop
  endfacet
  facet normal -0.649413 0.760436 0
    outer loop
      vertex 200.303 -5.3033 5.95
      vertex 199.408 -6.06763 11.1
      vertex 200.303 -5.3033 11.1
    endloop
  endfacet
  facet normal -0.649413 0.760436 0
    outer loop
      vertex 199.408 -6.06763 11.1
      vertex 200.303 -5.3033 5.95
      vertex 199.408 -6.06763 5.95
    endloop
  endfacet
  facet normal -0.760123 0.649779 0
    outer loop
      vertex 200.303 -5.3033 5.95
      vertex 201.068 -4.40839 11.1
      vertex 201.068 -4.40839 5.95
    endloop
  endfacet
  facet normal -0.760123 0.649779 0
    outer loop
      vertex 201.068 -4.40839 11.1
      vertex 200.303 -5.3033 5.95
      vertex 200.303 -5.3033 11.1
    endloop
  endfacet
  facet normal 0.522672 0.852534 -0
    outer loop
      vertex 191.595 -6.68255 5.95
      vertex 190.592 -6.06763 11.1
      vertex 191.595 -6.68255 11.1
    endloop
  endfacet
  facet normal 0.522672 0.852534 0
    outer loop
      vertex 190.592 -6.06763 11.1
      vertex 191.595 -6.68255 5.95
      vertex 190.592 -6.06763 5.95
    endloop
  endfacet
  facet normal 0.38277 0.923844 -0
    outer loop
      vertex 192.682 -7.13292 5.95
      vertex 191.595 -6.68255 11.1
      vertex 192.682 -7.13292 11.1
    endloop
  endfacet
  facet normal 0.38277 0.923844 0
    outer loop
      vertex 191.595 -6.68255 11.1
      vertex 192.682 -7.13292 5.95
      vertex 191.595 -6.68255 5.95
    endloop
  endfacet
  facet normal 0.97232 0.233655 0
    outer loop
      vertex 187.867 -2.31763 11.1
      vertex 187.592 -1.17326 5.95
      vertex 187.592 -1.17326 11.1
    endloop
  endfacet
  facet normal 0.97232 0.233655 0
    outer loop
      vertex 187.592 -1.17326 5.95
      vertex 187.867 -2.31763 11.1
      vertex 187.867 -2.31763 5.95
    endloop
  endfacet
  facet normal -0.923992 0.382412 0
    outer loop
      vertex 201.683 -3.40493 5.95
      vertex 202.133 -2.31763 11.1
      vertex 202.133 -2.31763 5.95
    endloop
  endfacet
  facet normal -0.923992 0.382412 0
    outer loop
      vertex 202.133 -2.31763 11.1
      vertex 201.683 -3.40493 5.95
      vertex 201.683 -3.40493 11.1
    endloop
  endfacet
  facet normal -0.38277 0.923844 0
    outer loop
      vertex 198.405 -6.68255 5.95
      vertex 197.318 -7.13292 11.1
      vertex 198.405 -6.68255 11.1
    endloop
  endfacet
  facet normal -0.38277 0.923844 0
    outer loop
      vertex 197.318 -7.13292 11.1
      vertex 198.405 -6.68255 5.95
      vertex 197.318 -7.13292 5.95
    endloop
  endfacet
  facet normal 0.233325 0.972399 -0
    outer loop
      vertex 193.827 -7.40766 5.95
      vertex 192.682 -7.13292 11.1
      vertex 193.827 -7.40766 11.1
    endloop
  endfacet
  facet normal 0.233325 0.972399 0
    outer loop
      vertex 192.682 -7.13292 11.1
      vertex 193.827 -7.40766 5.95
      vertex 192.682 -7.13292 5.95
    endloop
  endfacet
  facet normal 0.923992 0.382412 0
    outer loop
      vertex 188.317 -3.40493 11.1
      vertex 187.867 -2.31763 5.95
      vertex 187.867 -2.31763 11.1
    endloop
  endfacet
  facet normal 0.923992 0.382412 0
    outer loop
      vertex 187.867 -2.31763 5.95
      vertex 188.317 -3.40493 11.1
      vertex 188.317 -3.40493 5.95
    endloop
  endfacet
  facet normal -0.85261 0.522547 0
    outer loop
      vertex 201.068 -4.40839 5.95
      vertex 201.683 -3.40493 11.1
      vertex 201.683 -3.40493 5.95
    endloop
  endfacet
  facet normal -0.85261 0.522547 0
    outer loop
      vertex 201.683 -3.40493 11.1
      vertex 201.068 -4.40839 5.95
      vertex 201.068 -4.40839 11.1
    endloop
  endfacet
  facet normal -0.522525 -0.852624 0
    outer loop
      vertex -84.1611 -50.953 0
      vertex -83.0773 -51.6172 70
      vertex -84.1611 -50.953 70
    endloop
  endfacet
  facet normal -0.522525 -0.852624 -0
    outer loop
      vertex -83.0773 -51.6172 70
      vertex -84.1611 -50.953 0
      vertex -83.0773 -51.6172 0
    endloop
  endfacet
  facet normal -0.382676 -0.923883 0
    outer loop
      vertex -83.0773 -51.6172 0
      vertex -81.903 -52.1036 70
      vertex -83.0773 -51.6172 70
    endloop
  endfacet
  facet normal -0.382676 -0.923883 -0
    outer loop
      vertex -81.903 -52.1036 70
      vertex -83.0773 -51.6172 0
      vertex -81.903 -52.1036 0
    endloop
  endfacet
  facet normal -0 0 1
    outer loop
      vertex 85.2536 45.053 70
      vertex 87.5 44.4001 70
      vertex 87.4003 45.6671 70
    endloop
  endfacet
  facet normal 0 0 1
    outer loop
      vertex 87.5 44.4001 70
      vertex 85.65 42.5501 70
      vertex 87.5 -44.4001 70
    endloop
  endfacet
  facet normal 0 0 1
    outer loop
      vertex 85.2536 45.053 70
      vertex 87.4003 45.6671 70
      vertex 87.1036 46.903 70
    endloop
  endfacet
  facet normal -0 0 1
    outer loop
      vertex 85.65 -42.5501 70
      vertex 87.5 -44.4001 70
      vertex 85.65 42.5501 70
    endloop
  endfacet
  facet normal 0 0 1
    outer loop
      vertex 84.7672 46.2273 70
      vertex 87.1036 46.903 70
      vertex 86.6171 48.0773 70
    endloop
  endfacet
  facet normal -0 0 1
    outer loop
      vertex 85.5503 -43.8171 70
      vertex 87.5 -44.4001 70
      vertex 85.65 -42.5501 70
    endloop
  endfacet
  facet normal 0 0 1
    outer loop
      vertex 84.103 47.3111 70
      vertex 86.6171 48.0773 70
      vertex 85.953 49.1611 70
    endloop
  endfacet
  facet normal 0 0 1
    outer loop
      vertex 85.2536 -45.053 70
      vertex 87.5 -44.4001 70
      vertex 85.5503 -43.8171 70
    endloop
  endfacet
  facet normal 0 0 1
    outer loop
      vertex 87.5 -44.4001 70
      vertex 85.2536 -45.053 70
      vertex 87.4003 -45.6671 70
    endloop
  endfacet
  facet normal 0 0 1
    outer loop
      vertex 87.5 44.4001 70
      vertex 85.5503 43.8171 70
      vertex 85.65 42.5501 70
    endloop
  endfacet
  facet normal 0 0 1
    outer loop
      vertex 87.5 44.4001 70
      vertex 85.2536 45.053 70
      vertex 85.5503 43.8171 70
    endloop
  endfacet
  facet normal 0 0 1
    outer loop
      vertex 83.2776 48.2776 70
      vertex 85.953 49.1611 70
      vertex 85.1276 50.1276 70
    endloop
  endfacet
  facet normal 0 0 1
    outer loop
      vertex 87.1036 46.903 70
      vertex 84.7672 46.2273 70
      vertex 85.2536 45.053 70
    endloop
  endfacet
  facet normal 0 0 1
    outer loop
      vertex 83.2776 48.2776 70
      vertex 85.1276 50.1276 70
      vertex 84.1611 50.953 70
    endloop
  endfacet
  facet normal 0 0 1
    outer loop
      vertex 86.6171 48.0773 70
      vertex 84.103 47.3111 70
      vertex 84.7672 46.2273 70
    endloop
  endfacet
  facet normal 0 0 1
    outer loop
      vertex 85.953 49.1611 70
      vertex 83.2776 48.2776 70
      vertex 84.103 47.3111 70
    endloop
  endfacet
  facet normal 0 0 1
    outer loop
      vertex 82.3111 49.103 70
      vertex 84.1611 50.953 70
      vertex 83.0773 51.6172 70
    endloop
  endfacet
  facet normal 0 0 1
    outer loop
      vertex 84.1611 50.953 70
      vertex 82.3111 49.103 70
      vertex 83.2776 48.2776 70
    endloop
  endfacet
  facet normal 0 0 1
    outer loop
      vertex 81.2273 49.7672 70
      vertex 83.0773 51.6172 70
      vertex 81.903 52.1036 70
    endloop
  endfacet
  facet normal 0 0 1
    outer loop
      vertex 83.0773 51.6172 70
      vertex 81.2273 49.7672 70
      vertex 82.3111 49.103 70
    endloop
  endfacet
  facet normal 0 0 1
    outer loop
      vertex 80.053 50.2536 70
      vertex 81.903 52.1036 70
      vertex 80.6671 52.4003 70
    endloop
  endfacet
  facet normal 0 0 1
    outer loop
      vertex 81.903 52.1036 70
      vertex 80.053 50.2536 70
      vertex 81.2273 49.7672 70
    endloop
  endfacet
  facet normal 0 0 1
    outer loop
      vertex 79.4001 52.5 70
      vertex 80.053 50.2536 70
      vertex 80.6671 52.4003 70
    endloop
  endfacet
  facet normal 0 0 1
    outer loop
      vertex 79.4001 52.5 70
      vertex 78.8171 50.5503 70
      vertex 80.053 50.2536 70
    endloop
  endfacet
  facet normal 0 0 1
    outer loop
      vertex 79.4001 52.5 70
      vertex 77.5501 50.65 70
      vertex 78.8171 50.5503 70
    endloop
  endfacet
  facet normal 0 0 1
    outer loop
      vertex 79.4001 52.5 70
      vertex -77.5501 50.65 70
      vertex 77.5501 50.65 70
    endloop
  endfacet
  facet normal -0 0 1
    outer loop
      vertex -79.4001 52.5 70
      vertex -77.5501 50.65 70
      vertex 79.4001 52.5 70
    endloop
  endfacet
  facet normal 0 0 1
    outer loop
      vertex -79.4001 52.5 70
      vertex -78.8171 50.5503 70
      vertex -77.5501 50.65 70
    endloop
  endfacet
  facet normal 0 0 1
    outer loop
      vertex -79.4001 52.5 70
      vertex -80.053 50.2536 70
      vertex -78.8171 50.5503 70
    endloop
  endfacet
  facet normal -0 0 1
    outer loop
      vertex -80.6671 52.4003 70
      vertex -80.053 50.2536 70
      vertex -79.4001 52.5 70
    endloop
  endfacet
  facet normal -0 0 1
    outer loop
      vertex -81.903 52.1036 70
      vertex -80.053 50.2536 70
      vertex -80.6671 52.4003 70
    endloop
  endfacet
  facet normal 0 0 1
    outer loop
      vertex -80.053 50.2536 70
      vertex -81.903 52.1036 70
      vertex -81.2273 49.7672 70
    endloop
  endfacet
  facet normal -0 0 1
    outer loop
      vertex -83.0773 51.6172 70
      vertex -81.2273 49.7672 70
      vertex -81.903 52.1036 70
    endloop
  endfacet
  facet normal 0 0 1
    outer loop
      vertex -81.2273 49.7672 70
      vertex -83.0773 51.6172 70
      vertex -82.3111 49.103 70
    endloop
  endfacet
  facet normal -0 0 1
    outer loop
      vertex -84.1611 50.953 70
      vertex -82.3111 49.103 70
      vertex -83.0773 51.6172 70
    endloop
  endfacet
  facet normal 0 0 1
    outer loop
      vertex -82.3111 49.103 70
      vertex -84.1611 50.953 70
      vertex -83.2776 48.2776 70
    endloop
  endfacet
  facet normal -0 0 1
    outer loop
      vertex -85.1276 50.1276 70
      vertex -83.2776 48.2776 70
      vertex -84.1611 50.953 70
    endloop
  endfacet
  facet normal -0 0 1
    outer loop
      vertex -85.953 49.1611 70
      vertex -83.2776 48.2776 70
      vertex -85.1276 50.1276 70
    endloop
  endfacet
  facet normal 0 0 1
    outer loop
      vertex -83.2776 48.2776 70
      vertex -85.953 49.1611 70
      vertex -84.103 47.3111 70
    endloop
  endfacet
  facet normal -0 0 1
    outer loop
      vertex -86.6171 48.0773 70
      vertex -84.103 47.3111 70
      vertex -85.953 49.1611 70
    endloop
  endfacet
  facet normal 0 0 1
    outer loop
      vertex -84.103 47.3111 70
      vertex -86.6171 48.0773 70
      vertex -84.7672 46.2273 70
    endloop
  endfacet
  facet normal -0 0 1
    outer loop
      vertex -87.1036 46.903 70
      vertex -84.7672 46.2273 70
      vertex -86.6171 48.0773 70
    endloop
  endfacet
  facet normal -0 0 1
    outer loop
      vertex -87.4003 45.6671 70
      vertex -85.2536 45.053 70
      vertex -87.1036 46.903 70
    endloop
  endfacet
  facet normal 0 0 1
    outer loop
      vertex -84.7672 46.2273 70
      vertex -87.1036 46.903 70
      vertex -85.2536 45.053 70
    endloop
  endfacet
  facet normal 0 0 1
    outer loop
      vertex 87.4003 -45.6671 70
      vertex 85.2536 -45.053 70
      vertex 87.1036 -46.903 70
    endloop
  endfacet
  facet normal -0 0 1
    outer loop
      vertex 84.7672 -46.2273 70
      vertex 87.1036 -46.903 70
      vertex 85.2536 -45.053 70
    endloop
  endfacet
  facet normal 0 0 1
    outer loop
      vertex 87.1036 -46.903 70
      vertex 84.7672 -46.2273 70
      vertex 86.6171 -48.0773 70
    endloop
  endfacet
  facet normal -0 0 1
    outer loop
      vertex 84.103 -47.3111 70
      vertex 86.6171 -48.0773 70
      vertex 84.7672 -46.2273 70
    endloop
  endfacet
  facet normal 0 0 1
    outer loop
      vertex 86.6171 -48.0773 70
      vertex 84.103 -47.3111 70
      vertex 85.953 -49.1611 70
    endloop
  endfacet
  facet normal -0 0 1
    outer loop
      vertex 83.2776 -48.2776 70
      vertex 85.953 -49.1611 70
      vertex 84.103 -47.3111 70
    endloop
  endfacet
  facet normal 0 0 1
    outer loop
      vertex 85.953 -49.1611 70
      vertex 83.2776 -48.2776 70
      vertex 85.1276 -50.1276 70
    endloop
  endfacet
  facet normal 0 0 1
    outer loop
      vertex 85.1276 -50.1276 70
      vertex 83.2776 -48.2776 70
      vertex 84.1611 -50.953 70
    endloop
  endfacet
  facet normal -0 0 1
    outer loop
      vertex 82.3111 -49.103 70
      vertex 84.1611 -50.953 70
      vertex 83.2776 -48.2776 70
    endloop
  endfacet
  facet normal 0 0 1
    outer loop
      vertex 84.1611 -50.953 70
      vertex 82.3111 -49.103 70
      vertex 83.0773 -51.6172 70
    endloop
  endfacet
  facet normal -0 0 1
    outer loop
      vertex 81.2273 -49.7672 70
      vertex 83.0773 -51.6172 70
      vertex 82.3111 -49.103 70
    endloop
  endfacet
  facet normal 0 0 1
    outer loop
      vertex 83.0773 -51.6172 70
      vertex 81.2273 -49.7672 70
      vertex 81.903 -52.1036 70
    endloop
  endfacet
  facet normal -0 0 1
    outer loop
      vertex 80.053 -50.2536 70
      vertex 81.903 -52.1036 70
      vertex 81.2273 -49.7672 70
    endloop
  endfacet
  facet normal 0 0 1
    outer loop
      vertex 81.903 -52.1036 70
      vertex 80.053 -50.2536 70
      vertex 80.6671 -52.4003 70
    endloop
  endfacet
  facet normal 0 0 1
    outer loop
      vertex 80.053 -50.2536 70
      vertex 79.4001 -52.5 70
      vertex 80.6671 -52.4003 70
    endloop
  endfacet
  facet normal -0 0 1
    outer loop
      vertex 78.8171 -50.5503 70
      vertex 79.4001 -52.5 70
      vertex 80.053 -50.2536 70
    endloop
  endfacet
  facet normal -0 0 1
    outer loop
      vertex 77.5501 -50.65 70
      vertex 79.4001 -52.5 70
      vertex 78.8171 -50.5503 70
    endloop
  endfacet
  facet normal -0 0 1
    outer loop
      vertex -77.5501 -50.65 70
      vertex 79.4001 -52.5 70
      vertex 77.5501 -50.65 70
    endloop
  endfacet
  facet normal 0 0 1
    outer loop
      vertex -77.5501 -50.65 70
      vertex -79.4001 -52.5 70
      vertex 79.4001 -52.5 70
    endloop
  endfacet
  facet normal 0 0 1
    outer loop
      vertex -78.8171 -50.5503 70
      vertex -79.4001 -52.5 70
      vertex -77.5501 -50.65 70
    endloop
  endfacet
  facet normal 0 0 1
    outer loop
      vertex -80.053 -50.2536 70
      vertex -79.4001 -52.5 70
      vertex -78.8171 -50.5503 70
    endloop
  endfacet
  facet normal 0 0 1
    outer loop
      vertex -80.053 -50.2536 70
      vertex -80.6671 -52.4003 70
      vertex -79.4001 -52.5 70
    endloop
  endfacet
  facet normal 0 0 1
    outer loop
      vertex -81.903 -52.1036 70
      vertex -80.053 -50.2536 70
      vertex -81.2273 -49.7672 70
    endloop
  endfacet
  facet normal 0 0 1
    outer loop
      vertex -80.053 -50.2536 70
      vertex -81.903 -52.1036 70
      vertex -80.6671 -52.4003 70
    endloop
  endfacet
  facet normal 0 0 1
    outer loop
      vertex -83.0773 -51.6172 70
      vertex -81.2273 -49.7672 70
      vertex -82.3111 -49.103 70
    endloop
  endfacet
  facet normal 0 0 1
    outer loop
      vertex -81.2273 -49.7672 70
      vertex -83.0773 -51.6172 70
      vertex -81.903 -52.1036 70
    endloop
  endfacet
  facet normal 0 0 1
    outer loop
      vertex -84.1611 -50.953 70
      vertex -82.3111 -49.103 70
      vertex -83.2776 -48.2776 70
    endloop
  endfacet
  facet normal 0 0 1
    outer loop
      vertex -85.953 -49.1611 70
      vertex -83.2776 -48.2776 70
      vertex -84.103 -47.3111 70
    endloop
  endfacet
  facet normal 0 0 1
    outer loop
      vertex -82.3111 -49.103 70
      vertex -84.1611 -50.953 70
      vertex -83.0773 -51.6172 70
    endloop
  endfacet
  facet normal 0 0 1
    outer loop
      vertex -86.6171 -48.0773 70
      vertex -84.103 -47.3111 70
      vertex -84.7672 -46.2273 70
    endloop
  endfacet
  facet normal 0 0 1
    outer loop
      vertex -83.2776 -48.2776 70
      vertex -85.1276 -50.1276 70
      vertex -84.1611 -50.953 70
    endloop
  endfacet
  facet normal 0 0 1
    outer loop
      vertex -87.1036 -46.903 70
      vertex -84.7672 -46.2273 70
      vertex -85.2536 -45.053 70
    endloop
  endfacet
  facet normal -0 0 1
    outer loop
      vertex -87.5 -44.4001 70
      vertex -85.2536 -45.053 70
      vertex -85.5503 -43.8171 70
    endloop
  endfacet
  facet normal 0 0 1
    outer loop
      vertex -87.5 -44.4001 70
      vertex -85.5503 -43.8171 70
      vertex -85.65 -42.5501 70
    endloop
  endfacet
  facet normal 0 0 1
    outer loop
      vertex -83.2776 -48.2776 70
      vertex -85.953 -49.1611 70
      vertex -85.1276 -50.1276 70
    endloop
  endfacet
  facet normal 0 0 1
    outer loop
      vertex -85.65 42.5501 70
      vertex -87.5 44.4001 70
      vertex -85.65 -42.5501 70
    endloop
  endfacet
  facet normal 0 0 1
    outer loop
      vertex -87.5 44.4001 70
      vertex -85.2536 45.053 70
      vertex -87.4003 45.6671 70
    endloop
  endfacet
  facet normal 0 0 1
    outer loop
      vertex -87.5 -44.4001 70
      vertex -85.65 -42.5501 70
      vertex -87.5 44.4001 70
    endloop
  endfacet
  facet normal 0 0 1
    outer loop
      vertex -85.2536 45.053 70
      vertex -87.5 44.4001 70
      vertex -85.5503 43.8171 70
    endloop
  endfacet
  facet normal 0 0 1
    outer loop
      vertex -85.2536 -45.053 70
      vertex -87.5 -44.4001 70
      vertex -87.4003 -45.6671 70
    endloop
  endfacet
  facet normal 0 0 1
    outer loop
      vertex -85.5503 43.8171 70
      vertex -87.5 44.4001 70
      vertex -85.65 42.5501 70
    endloop
  endfacet
  facet normal 0 0 1
    outer loop
      vertex -84.103 -47.3111 70
      vertex -86.6171 -48.0773 70
      vertex -85.953 -49.1611 70
    endloop
  endfacet
  facet normal 0 0 1
    outer loop
      vertex -84.7672 -46.2273 70
      vertex -87.1036 -46.903 70
      vertex -86.6171 -48.0773 70
    endloop
  endfacet
  facet normal 0 0 1
    outer loop
      vertex -85.2536 -45.053 70
      vertex -87.4003 -45.6671 70
      vertex -87.1036 -46.903 70
    endloop
  endfacet
  facet normal -1 -0 0
    outer loop
      vertex -87.5 -8 7.96
      vertex -87.5 -44.4001 0
      vertex -87.5 -8 29.96
    endloop
  endfacet
  facet normal -1 -0 0
    outer loop
      vertex -87.5 -7.90151 6.70852
      vertex -87.5 -44.4001 0
      vertex -87.5 -8 7.96
    endloop
  endfacet
  facet normal -1 -0 0
    outer loop
      vertex -87.5 -7.60845 5.48786
      vertex -87.5 -44.4001 0
      vertex -87.5 -7.90151 6.70852
    endloop
  endfacet
  facet normal -1 -0 0
    outer loop
      vertex -87.5 -7.12805 4.32808
      vertex -87.5 -44.4001 0
      vertex -87.5 -7.60845 5.48786
    endloop
  endfacet
  facet normal -1 -0 0
    outer loop
      vertex -87.5 -6.47214 3.25772
      vertex -87.5 -44.4001 0
      vertex -87.5 -7.12805 4.32808
    endloop
  endfacet
  facet normal -1 -0 0
    outer loop
      vertex -87.5 -5.65685 2.30315
      vertex -87.5 -44.4001 0
      vertex -87.5 -6.47214 3.25772
    endloop
  endfacet
  facet normal -1 -0 0
    outer loop
      vertex -87.5 -4.70228 1.48786
      vertex -87.5 -44.4001 0
      vertex -87.5 -5.65685 2.30315
    endloop
  endfacet
  facet normal -1 -0 0
    outer loop
      vertex -87.5 -3.63192 0.831947
      vertex -87.5 -44.4001 0
      vertex -87.5 -4.70228 1.48786
    endloop
  endfacet
  facet normal -1 -0 0
    outer loop
      vertex -87.5 -2.47214 0.351547
      vertex -87.5 -44.4001 0
      vertex -87.5 -3.63192 0.831947
    endloop
  endfacet
  facet normal -1 -0 0
    outer loop
      vertex -87.5 -1.25148 0.0584927
      vertex -87.5 -44.4001 0
      vertex -87.5 -2.47214 0.351547
    endloop
  endfacet
  facet normal -1 0 0
    outer loop
      vertex -87.5 -44.4001 0
      vertex -87.5 -1.25148 0.0584927
      vertex -87.5 -0.508251 0
    endloop
  endfacet
  facet normal -1 0 0
    outer loop
      vertex -87.5 8 29.96
      vertex -87.5 44.4001 0
      vertex -87.5 8 7.96
    endloop
  endfacet
  facet normal -1 0 0
    outer loop
      vertex -87.5 44.4001 0
      vertex -87.5 7.90151 6.70852
      vertex -87.5 8 7.96
    endloop
  endfacet
  facet normal -1 0 0
    outer loop
      vertex -87.5 44.4001 0
      vertex -87.5 7.60845 5.48786
      vertex -87.5 7.90151 6.70852
    endloop
  endfacet
  facet normal -1 0 0
    outer loop
      vertex -87.5 44.4001 0
      vertex -87.5 7.12805 4.32808
      vertex -87.5 7.60845 5.48786
    endloop
  endfacet
  facet normal -1 0 0
    outer loop
      vertex -87.5 44.4001 0
      vertex -87.5 6.47214 3.25772
      vertex -87.5 7.12805 4.32808
    endloop
  endfacet
  facet normal -1 0 0
    outer loop
      vertex -87.5 44.4001 0
      vertex -87.5 5.65685 2.30315
      vertex -87.5 6.47214 3.25772
    endloop
  endfacet
  facet normal -1 0 0
    outer loop
      vertex -87.5 44.4001 0
      vertex -87.5 4.70228 1.48786
      vertex -87.5 5.65685 2.30315
    endloop
  endfacet
  facet normal -1 0 0
    outer loop
      vertex -87.5 44.4001 0
      vertex -87.5 3.63192 0.831947
      vertex -87.5 4.70228 1.48786
    endloop
  endfacet
  facet normal -1 0 0
    outer loop
      vertex -87.5 44.4001 0
      vertex -87.5 2.47214 0.351547
      vertex -87.5 3.63192 0.831947
    endloop
  endfacet
  facet normal -1 0 0
    outer loop
      vertex -87.5 44.4001 0
      vertex -87.5 1.25148 0.0584927
      vertex -87.5 2.47214 0.351547
    endloop
  endfacet
  facet normal -1 0 -0
    outer loop
      vertex -87.5 1.25148 0.0584927
      vertex -87.5 44.4001 0
      vertex -87.5 0.508251 0
    endloop
  endfacet
  facet normal -1 0 0
    outer loop
      vertex -87.5 7.90151 31.2115
      vertex -87.5 44.4001 0
      vertex -87.5 8 29.96
    endloop
  endfacet
  facet normal -1 0 0
    outer loop
      vertex -87.5 44.4001 0
      vertex -87.5 7.90151 31.2115
      vertex -87.5 44.4001 70
    endloop
  endfacet
  facet normal -1 0 0
    outer loop
      vertex -87.5 7.60845 32.4321
      vertex -87.5 44.4001 70
      vertex -87.5 7.90151 31.2115
    endloop
  endfacet
  facet normal -1 0 0
    outer loop
      vertex -87.5 7.12805 33.5919
      vertex -87.5 44.4001 70
      vertex -87.5 7.60845 32.4321
    endloop
  endfacet
  facet normal -1 0 0
    outer loop
      vertex -87.5 6.47214 34.6623
      vertex -87.5 44.4001 70
      vertex -87.5 7.12805 33.5919
    endloop
  endfacet
  facet normal -1 0 0
    outer loop
      vertex -87.5 5.65685 35.6169
      vertex -87.5 44.4001 70
      vertex -87.5 6.47214 34.6623
    endloop
  endfacet
  facet normal -1 0 0
    outer loop
      vertex -87.5 4.70228 36.4321
      vertex -87.5 44.4001 70
      vertex -87.5 5.65685 35.6169
    endloop
  endfacet
  facet normal -1 0 0
    outer loop
      vertex -87.5 3.63192 37.0881
      vertex -87.5 44.4001 70
      vertex -87.5 4.70228 36.4321
    endloop
  endfacet
  facet normal -1 0 0
    outer loop
      vertex -87.5 2.47214 37.5685
      vertex -87.5 44.4001 70
      vertex -87.5 3.63192 37.0881
    endloop
  endfacet
  facet normal -1 0 0
    outer loop
      vertex -87.5 1.25148 37.8615
      vertex -87.5 44.4001 70
      vertex -87.5 2.47214 37.5685
    endloop
  endfacet
  facet normal -1 0 0
    outer loop
      vertex -87.5 0 37.96
      vertex -87.5 44.4001 70
      vertex -87.5 1.25148 37.8615
    endloop
  endfacet
  facet normal -1 0 0
    outer loop
      vertex -87.5 -44.4001 70
      vertex -87.5 0 37.96
      vertex -87.5 -1.25148 37.8615
    endloop
  endfacet
  facet normal -1 0 0
    outer loop
      vertex -87.5 -44.4001 70
      vertex -87.5 -1.25148 37.8615
      vertex -87.5 -2.47214 37.5685
    endloop
  endfacet
  facet normal -1 0 0
    outer loop
      vertex -87.5 -44.4001 70
      vertex -87.5 -2.47214 37.5685
      vertex -87.5 -3.63192 37.0881
    endloop
  endfacet
  facet normal -1 0 0
    outer loop
      vertex -87.5 -44.4001 70
      vertex -87.5 -3.63192 37.0881
      vertex -87.5 -4.70228 36.4321
    endloop
  endfacet
  facet normal -1 0 0
    outer loop
      vertex -87.5 -44.4001 0
      vertex -87.5 -7.90151 31.2115
      vertex -87.5 -8 29.96
    endloop
  endfacet
  facet normal -1 0 0
    outer loop
      vertex -87.5 -44.4001 70
      vertex -87.5 -7.90151 31.2115
      vertex -87.5 -44.4001 0
    endloop
  endfacet
  facet normal -1 0 0
    outer loop
      vertex -87.5 -7.90151 31.2115
      vertex -87.5 -44.4001 70
      vertex -87.5 -7.60845 32.4321
    endloop
  endfacet
  facet normal -1 0 0
    outer loop
      vertex -87.5 -7.60845 32.4321
      vertex -87.5 -44.4001 70
      vertex -87.5 -7.12805 33.5919
    endloop
  endfacet
  facet normal -1 0 0
    outer loop
      vertex -87.5 -7.12805 33.5919
      vertex -87.5 -44.4001 70
      vertex -87.5 -6.47214 34.6623
    endloop
  endfacet
  facet normal -1 0 0
    outer loop
      vertex -87.5 0 37.96
      vertex -87.5 -44.4001 70
      vertex -87.5 44.4001 70
    endloop
  endfacet
  facet normal -1 0 0
    outer loop
      vertex -87.5 -5.65685 35.6169
      vertex -87.5 -44.4001 70
      vertex -87.5 -4.70228 36.4321
    endloop
  endfacet
  facet normal -1 0 0
    outer loop
      vertex -87.5 -6.47214 34.6623
      vertex -87.5 -44.4001 70
      vertex -87.5 -5.65685 35.6169
    endloop
  endfacet
  facet normal -0.996918 0.0784473 0
    outer loop
      vertex -87.5 44.4001 0
      vertex -87.4003 45.6671 70
      vertex -87.4003 45.6671 0
    endloop
  endfacet
  facet normal -0.996918 0.0784473 0
    outer loop
      vertex -87.4003 45.6671 70
      vertex -87.5 44.4001 0
      vertex -87.5 44.4001 70
    endloop
  endfacet
  facet normal 1 -0 0
    outer loop
      vertex 87.5 7.90151 31.2115
      vertex 87.5 44.4001 0
      vertex 87.5 44.4001 70
    endloop
  endfacet
  facet normal 1 0 0
    outer loop
      vertex 87.5 44.4001 0
      vertex 87.5 7.90151 31.2115
      vertex 87.5 8 29.96
    endloop
  endfacet
  facet normal 1 0 0
    outer loop
      vertex 87.5 44.4001 70
      vertex 87.5 7.60845 32.4321
      vertex 87.5 7.90151 31.2115
    endloop
  endfacet
  facet normal 1 0 0
    outer loop
      vertex 87.5 44.4001 70
      vertex 87.5 7.12805 33.5919
      vertex 87.5 7.60845 32.4321
    endloop
  endfacet
  facet normal 1 0 0
    outer loop
      vertex 87.5 44.4001 70
      vertex 87.5 6.47214 34.6623
      vertex 87.5 7.12805 33.5919
    endloop
  endfacet
  facet normal 1 0 0
    outer loop
      vertex 87.5 44.4001 70
      vertex 87.5 5.65685 35.6169
      vertex 87.5 6.47214 34.6623
    endloop
  endfacet
  facet normal 1 0 0
    outer loop
      vertex 87.5 44.4001 70
      vertex 87.5 4.70228 36.4321
      vertex 87.5 5.65685 35.6169
    endloop
  endfacet
  facet normal 1 0 0
    outer loop
      vertex 87.5 44.4001 70
      vertex 87.5 3.63192 37.0881
      vertex 87.5 4.70228 36.4321
    endloop
  endfacet
  facet normal 1 0 0
    outer loop
      vertex 87.5 44.4001 70
      vertex 87.5 2.47214 37.5685
      vertex 87.5 3.63192 37.0881
    endloop
  endfacet
  facet normal 1 0 0
    outer loop
      vertex 87.5 44.4001 70
      vertex 87.5 1.25148 37.8615
      vertex 87.5 2.47214 37.5685
    endloop
  endfacet
  facet normal 1 0 0
    outer loop
      vertex 87.5 44.4001 70
      vertex 87.5 0 37.96
      vertex 87.5 1.25148 37.8615
    endloop
  endfacet
  facet normal 1 -0 0
    outer loop
      vertex 87.5 -44.4001 70
      vertex 87.5 0 37.96
      vertex 87.5 44.4001 70
    endloop
  endfacet
  facet normal 1 0 0
    outer loop
      vertex 87.5 0 37.96
      vertex 87.5 -44.4001 70
      vertex 87.5 -1.25148 37.8615
    endloop
  endfacet
  facet normal 1 0 0
    outer loop
      vertex 87.5 -1.25148 37.8615
      vertex 87.5 -44.4001 70
      vertex 87.5 -2.47214 37.5685
    endloop
  endfacet
  facet normal 1 0 0
    outer loop
      vertex 87.5 -2.47214 37.5685
      vertex 87.5 -44.4001 70
      vertex 87.5 -3.63192 37.0881
    endloop
  endfacet
  facet normal 1 0 0
    outer loop
      vertex 87.5 -7.90151 31.2115
      vertex 87.5 -44.4001 0
      vertex 87.5 -8 29.96
    endloop
  endfacet
  facet normal 1 0 0
    outer loop
      vertex 87.5 -44.4001 0
      vertex 87.5 -7.90151 31.2115
      vertex 87.5 -44.4001 70
    endloop
  endfacet
  facet normal 1 0 0
    outer loop
      vertex 87.5 -7.60845 32.4321
      vertex 87.5 -44.4001 70
      vertex 87.5 -7.90151 31.2115
    endloop
  endfacet
  facet normal 1 0 0
    outer loop
      vertex 87.5 -7.12805 33.5919
      vertex 87.5 -44.4001 70
      vertex 87.5 -7.60845 32.4321
    endloop
  endfacet
  facet normal 1 0 0
    outer loop
      vertex 87.5 -6.47214 34.6623
      vertex 87.5 -44.4001 70
      vertex 87.5 -7.12805 33.5919
    endloop
  endfacet
  facet normal 1 0 0
    outer loop
      vertex 87.5 -5.65685 35.6169
      vertex 87.5 -44.4001 70
      vertex 87.5 -6.47214 34.6623
    endloop
  endfacet
  facet normal 1 0 0
    outer loop
      vertex 87.5 -4.70228 36.4321
      vertex 87.5 -44.4001 70
      vertex 87.5 -5.65685 35.6169
    endloop
  endfacet
  facet normal 1 0 0
    outer loop
      vertex 87.5 -3.63192 37.0881
      vertex 87.5 -44.4001 70
      vertex 87.5 -4.70228 36.4321
    endloop
  endfacet
  facet normal 1 -0 0
    outer loop
      vertex 87.5 8 7.96
      vertex 87.5 44.4001 0
      vertex 87.5 8 29.96
    endloop
  endfacet
  facet normal 1 -0 0
    outer loop
      vertex 87.5 7.90151 6.70852
      vertex 87.5 44.4001 0
      vertex 87.5 8 7.96
    endloop
  endfacet
  facet normal 1 -0 0
    outer loop
      vertex 87.5 7.60845 5.48786
      vertex 87.5 44.4001 0
      vertex 87.5 7.90151 6.70852
    endloop
  endfacet
  facet normal 1 -0 0
    outer loop
      vertex 87.5 7.12805 4.32808
      vertex 87.5 44.4001 0
      vertex 87.5 7.60845 5.48786
    endloop
  endfacet
  facet normal 1 -0 0
    outer loop
      vertex 87.5 6.47214 3.25772
      vertex 87.5 44.4001 0
      vertex 87.5 7.12805 4.32808
    endloop
  endfacet
  facet normal 1 -0 0
    outer loop
      vertex 87.5 5.65685 2.30315
      vertex 87.5 44.4001 0
      vertex 87.5 6.47214 3.25772
    endloop
  endfacet
  facet normal 1 -0 0
    outer loop
      vertex 87.5 4.70228 1.48786
      vertex 87.5 44.4001 0
      vertex 87.5 5.65685 2.30315
    endloop
  endfacet
  facet normal 1 -0 0
    outer loop
      vertex 87.5 3.63192 0.831947
      vertex 87.5 44.4001 0
      vertex 87.5 4.70228 1.48786
    endloop
  endfacet
  facet normal 1 -0 0
    outer loop
      vertex 87.5 2.47214 0.351547
      vertex 87.5 44.4001 0
      vertex 87.5 3.63192 0.831947
    endloop
  endfacet
  facet normal 1 -0 0
    outer loop
      vertex 87.5 1.25148 0.0584927
      vertex 87.5 44.4001 0
      vertex 87.5 2.47214 0.351547
    endloop
  endfacet
  facet normal 1 0 0
    outer loop
      vertex 87.5 44.4001 0
      vertex 87.5 1.25148 0.0584927
      vertex 87.5 0.508251 0
    endloop
  endfacet
  facet normal 1 0 0
    outer loop
      vertex 87.5 -8 29.96
      vertex 87.5 -44.4001 0
      vertex 87.5 -8 7.96
    endloop
  endfacet
  facet normal 1 0 0
    outer loop
      vertex 87.5 -8 7.96
      vertex 87.5 -44.4001 0
      vertex 87.5 -7.90151 6.70852
    endloop
  endfacet
  facet normal 1 0 0
    outer loop
      vertex 87.5 -7.90151 6.70852
      vertex 87.5 -44.4001 0
      vertex 87.5 -7.60845 5.48786
    endloop
  endfacet
  facet normal 1 0 0
    outer loop
      vertex 87.5 -1.25148 0.0584927
      vertex 87.5 -44.4001 0
      vertex 87.5 -0.508251 0
    endloop
  endfacet
  facet normal 1 0 0
    outer loop
      vertex 87.5 -2.47214 0.351547
      vertex 87.5 -44.4001 0
      vertex 87.5 -1.25148 0.0584927
    endloop
  endfacet
  facet normal 1 0 0
    outer loop
      vertex 87.5 -3.63192 0.831947
      vertex 87.5 -44.4001 0
      vertex 87.5 -2.47214 0.351547
    endloop
  endfacet
  facet normal 1 0 0
    outer loop
      vertex 87.5 -4.70228 1.48786
      vertex 87.5 -44.4001 0
      vertex 87.5 -3.63192 0.831947
    endloop
  endfacet
  facet normal 1 0 0
    outer loop
      vertex 87.5 -5.65685 2.30315
      vertex 87.5 -44.4001 0
      vertex 87.5 -4.70228 1.48786
    endloop
  endfacet
  facet normal 1 0 0
    outer loop
      vertex 87.5 -6.47214 3.25772
      vertex 87.5 -44.4001 0
      vertex 87.5 -5.65685 2.30315
    endloop
  endfacet
  facet normal 1 0 0
    outer loop
      vertex 87.5 -7.12805 4.32808
      vertex 87.5 -44.4001 0
      vertex 87.5 -6.47214 3.25772
    endloop
  endfacet
  facet normal 1 0 0
    outer loop
      vertex 87.5 -7.60845 5.48786
      vertex 87.5 -44.4001 0
      vertex 87.5 -7.12805 4.32808
    endloop
  endfacet
  facet normal 0.382676 -0.923883 0
    outer loop
      vertex 81.903 -52.1036 0
      vertex 83.0773 -51.6172 70
      vertex 81.903 -52.1036 70
    endloop
  endfacet
  facet normal 0.382676 -0.923883 0
    outer loop
      vertex 83.0773 -51.6172 70
      vertex 81.903 -52.1036 0
      vertex 83.0773 -51.6172 0
    endloop
  endfacet
  facet normal -0.233435 -0.972372 0
    outer loop
      vertex -81.903 -52.1036 0
      vertex -80.6671 -52.4003 70
      vertex -81.903 -52.1036 70
    endloop
  endfacet
  facet normal -0.233435 -0.972372 -0
    outer loop
      vertex -80.6671 -52.4003 70
      vertex -81.903 -52.1036 0
      vertex -80.6671 -52.4003 0
    endloop
  endfacet
  facet normal -0.760433 0.649417 0
    outer loop
      vertex -85.953 49.1611 0
      vertex -85.1276 50.1276 70
      vertex -85.1276 50.1276 0
    endloop
  endfacet
  facet normal -0.760433 0.649417 0
    outer loop
      vertex -85.1276 50.1276 70
      vertex -85.953 49.1611 0
      vertex -85.953 49.1611 70
    endloop
  endfacet
  facet normal -0.649417 0.760433 0
    outer loop
      vertex -84.1611 50.953 0
      vertex -85.1276 50.1276 70
      vertex -84.1611 50.953 70
    endloop
  endfacet
  facet normal -0.649417 0.760433 0
    outer loop
      vertex -85.1276 50.1276 70
      vertex -84.1611 50.953 0
      vertex -85.1276 50.1276 0
    endloop
  endfacet
  facet normal 0.522525 0.852624 -0
    outer loop
      vertex 84.1611 50.953 0
      vertex 83.0773 51.6172 70
      vertex 84.1611 50.953 70
    endloop
  endfacet
  facet normal 0.522525 0.852624 0
    outer loop
      vertex 83.0773 51.6172 70
      vertex 84.1611 50.953 0
      vertex 83.0773 51.6172 0
    endloop
  endfacet
  facet normal 0.0784473 0.996918 -0
    outer loop
      vertex 80.6671 52.4003 0
      vertex 79.4001 52.5 70
      vertex 80.6671 52.4003 70
    endloop
  endfacet
  facet normal 0.0784473 0.996918 0
    outer loop
      vertex 79.4001 52.5 70
      vertex 80.6671 52.4003 0
      vertex 79.4001 52.5 0
    endloop
  endfacet
  facet normal 0 1 0
    outer loop
      vertex 79.4001 52.5 70
      vertex 0 52.5 37.96
      vertex -79.4001 52.5 70
    endloop
  endfacet
  facet normal 0 1 0
    outer loop
      vertex 79.4001 52.5 70
      vertex 1.25148 52.5 37.8615
      vertex 0 52.5 37.96
    endloop
  endfacet
  facet normal 0 1 0
    outer loop
      vertex 79.4001 52.5 70
      vertex 2.47214 52.5 37.5685
      vertex 1.25148 52.5 37.8615
    endloop
  endfacet
  facet normal 0 1 0
    outer loop
      vertex 79.4001 52.5 70
      vertex 3.63192 52.5 37.0881
      vertex 2.47214 52.5 37.5685
    endloop
  endfacet
  facet normal 0 1 0
    outer loop
      vertex 79.4001 52.5 70
      vertex 4.70228 52.5 36.4321
      vertex 3.63192 52.5 37.0881
    endloop
  endfacet
  facet normal 0 1 0
    outer loop
      vertex 79.4001 52.5 70
      vertex 5.65685 52.5 35.6169
      vertex 4.70228 52.5 36.4321
    endloop
  endfacet
  facet normal 0 1 0
    outer loop
      vertex 79.4001 52.5 70
      vertex 6.47214 52.5 34.6623
      vertex 5.65685 52.5 35.6169
    endloop
  endfacet
  facet normal 0 1 0
    outer loop
      vertex 79.4001 52.5 70
      vertex 7.12805 52.5 33.5919
      vertex 6.47214 52.5 34.6623
    endloop
  endfacet
  facet normal 0 1 0
    outer loop
      vertex 79.4001 52.5 70
      vertex 7.60845 52.5 32.4321
      vertex 7.12805 52.5 33.5919
    endloop
  endfacet
  facet normal 0 1 0
    outer loop
      vertex 79.4001 52.5 70
      vertex 7.90151 52.5 31.2115
      vertex 7.60845 52.5 32.4321
    endloop
  endfacet
  facet normal 0 1 -0
    outer loop
      vertex 79.4001 52.5 0
      vertex 7.90151 52.5 31.2115
      vertex 79.4001 52.5 70
    endloop
  endfacet
  facet normal 0 1 0
    outer loop
      vertex 7.90151 52.5 31.2115
      vertex 79.4001 52.5 0
      vertex 8 52.5 29.96
    endloop
  endfacet
  facet normal 0 1 0
    outer loop
      vertex 8 52.5 29.96
      vertex 79.4001 52.5 0
      vertex 8 52.5 7.96
    endloop
  endfacet
  facet normal 0 1 0
    outer loop
      vertex 8 52.5 7.96
      vertex 79.4001 52.5 0
      vertex 7.90151 52.5 6.70852
    endloop
  endfacet
  facet normal 0 1 0
    outer loop
      vertex 7.90151 52.5 6.70852
      vertex 79.4001 52.5 0
      vertex 7.60845 52.5 5.48786
    endloop
  endfacet
  facet normal 0 1 0
    outer loop
      vertex 7.60845 52.5 5.48786
      vertex 79.4001 52.5 0
      vertex 7.12805 52.5 4.32808
    endloop
  endfacet
  facet normal 0 1 0
    outer loop
      vertex 7.12805 52.5 4.32808
      vertex 79.4001 52.5 0
      vertex 6.47214 52.5 3.25772
    endloop
  endfacet
  facet normal 0 1 0
    outer loop
      vertex 6.47214 52.5 3.25772
      vertex 79.4001 52.5 0
      vertex 5.65685 52.5 2.30315
    endloop
  endfacet
  facet normal 0 1 0
    outer loop
      vertex 79.4001 52.5 0
      vertex 4.70228 52.5 1.48786
      vertex 5.65685 52.5 2.30315
    endloop
  endfacet
  facet normal 0 1 0
    outer loop
      vertex 79.4001 52.5 0
      vertex 3.63192 52.5 0.831947
      vertex 4.70228 52.5 1.48786
    endloop
  endfacet
  facet normal 0 1 0
    outer loop
      vertex 79.4001 52.5 0
      vertex 2.47214 52.5 0.351547
      vertex 3.63192 52.5 0.831947
    endloop
  endfacet
  facet normal 0 1 0
    outer loop
      vertex 79.4001 52.5 0
      vertex 1.25148 52.5 0.0584927
      vertex 2.47214 52.5 0.351547
    endloop
  endfacet
  facet normal 0 1 0
    outer loop
      vertex 1.25148 52.5 0.0584927
      vertex 79.4001 52.5 0
      vertex 0.508251 52.5 0
    endloop
  endfacet
  facet normal 0 1 -0
    outer loop
      vertex -1.25148 52.5 37.8615
      vertex -79.4001 52.5 70
      vertex 0 52.5 37.96
    endloop
  endfacet
  facet normal 0 1 -0
    outer loop
      vertex -2.47214 52.5 37.5685
      vertex -79.4001 52.5 70
      vertex -1.25148 52.5 37.8615
    endloop
  endfacet
  facet normal 0 1 -0
    outer loop
      vertex -3.63192 52.5 37.0881
      vertex -79.4001 52.5 70
      vertex -2.47214 52.5 37.5685
    endloop
  endfacet
  facet normal 0 1 -0
    outer loop
      vertex -4.70228 52.5 36.4321
      vertex -79.4001 52.5 70
      vertex -3.63192 52.5 37.0881
    endloop
  endfacet
  facet normal 0 1 -0
    outer loop
      vertex -5.65685 52.5 35.6169
      vertex -79.4001 52.5 70
      vertex -4.70228 52.5 36.4321
    endloop
  endfacet
  facet normal 0 1 -0
    outer loop
      vertex -6.47214 52.5 34.6623
      vertex -79.4001 52.5 70
      vertex -5.65685 52.5 35.6169
    endloop
  endfacet
  facet normal 0 1 -0
    outer loop
      vertex -7.12805 52.5 33.5919
      vertex -79.4001 52.5 70
      vertex -6.47214 52.5 34.6623
    endloop
  endfacet
  facet normal 0 1 -0
    outer loop
      vertex -7.60845 52.5 32.4321
      vertex -79.4001 52.5 70
      vertex -7.12805 52.5 33.5919
    endloop
  endfacet
  facet normal 0 1 -0
    outer loop
      vertex -7.90151 52.5 31.2115
      vertex -79.4001 52.5 70
      vertex -7.60845 52.5 32.4321
    endloop
  endfacet
  facet normal 0 1 0
    outer loop
      vertex -79.4001 52.5 0
      vertex -7.90151 52.5 31.2115
      vertex -8 52.5 29.96
    endloop
  endfacet
  facet normal 0 1 0
    outer loop
      vertex -79.4001 52.5 0
      vertex -8 52.5 29.96
      vertex -8 52.5 7.96
    endloop
  endfacet
  facet normal 0 1 0
    outer loop
      vertex -79.4001 52.5 0
      vertex -8 52.5 7.96
      vertex -7.90151 52.5 6.70852
    endloop
  endfacet
  facet normal 0 1 0
    outer loop
      vertex -79.4001 52.5 0
      vertex -7.90151 52.5 6.70852
      vertex -7.60845 52.5 5.48786
    endloop
  endfacet
  facet normal 0 1 0
    outer loop
      vertex -79.4001 52.5 0
      vertex -7.60845 52.5 5.48786
      vertex -7.12805 52.5 4.32808
    endloop
  endfacet
  facet normal 0 1 0
    outer loop
      vertex -79.4001 52.5 0
      vertex -7.12805 52.5 4.32808
      vertex -6.47214 52.5 3.25772
    endloop
  endfacet
  facet normal 0 1 0
    outer loop
      vertex -79.4001 52.5 0
      vertex -6.47214 52.5 3.25772
      vertex -5.65685 52.5 2.30315
    endloop
  endfacet
  facet normal 0 1 0
    outer loop
      vertex -7.90151 52.5 31.2115
      vertex -79.4001 52.5 0
      vertex -79.4001 52.5 70
    endloop
  endfacet
  facet normal 0 1 0
    outer loop
      vertex -4.70228 52.5 1.48786
      vertex -79.4001 52.5 0
      vertex -5.65685 52.5 2.30315
    endloop
  endfacet
  facet normal 0 1 0
    outer loop
      vertex -3.63192 52.5 0.831947
      vertex -79.4001 52.5 0
      vertex -4.70228 52.5 1.48786
    endloop
  endfacet
  facet normal 0 1 0
    outer loop
      vertex -2.47214 52.5 0.351547
      vertex -79.4001 52.5 0
      vertex -3.63192 52.5 0.831947
    endloop
  endfacet
  facet normal 0 1 0
    outer loop
      vertex -1.25148 52.5 0.0584927
      vertex -79.4001 52.5 0
      vertex -2.47214 52.5 0.351547
    endloop
  endfacet
  facet normal 0 1 0
    outer loop
      vertex -79.4001 52.5 0
      vertex -1.25148 52.5 0.0584927
      vertex -0.508251 52.5 0
    endloop
  endfacet
  facet normal 0.996918 -0.0784473 0
    outer loop
      vertex 87.4003 -45.6671 70
      vertex 87.5 -44.4001 0
      vertex 87.5 -44.4001 70
    endloop
  endfacet
  facet normal 0.996918 -0.0784473 0
    outer loop
      vertex 87.5 -44.4001 0
      vertex 87.4003 -45.6671 70
      vertex 87.4003 -45.6671 0
    endloop
  endfacet
  facet normal 0.760433 -0.649417 0
    outer loop
      vertex 85.1276 -50.1276 70
      vertex 85.953 -49.1611 0
      vertex 85.953 -49.1611 70
    endloop
  endfacet
  facet normal 0.760433 -0.649417 0
    outer loop
      vertex 85.953 -49.1611 0
      vertex 85.1276 -50.1276 70
      vertex 85.1276 -50.1276 0
    endloop
  endfacet
  facet normal -0.0784473 -0.996918 0
    outer loop
      vertex -80.6671 -52.4003 0
      vertex -79.4001 -52.5 70
      vertex -80.6671 -52.4003 70
    endloop
  endfacet
  facet normal -0.0784473 -0.996918 -0
    outer loop
      vertex -79.4001 -52.5 70
      vertex -80.6671 -52.4003 0
      vertex -79.4001 -52.5 0
    endloop
  endfacet
  facet normal -0.649417 -0.760433 0
    outer loop
      vertex -85.1276 -50.1276 0
      vertex -84.1611 -50.953 70
      vertex -85.1276 -50.1276 70
    endloop
  endfacet
  facet normal -0.649417 -0.760433 -0
    outer loop
      vertex -84.1611 -50.953 70
      vertex -85.1276 -50.1276 0
      vertex -84.1611 -50.953 0
    endloop
  endfacet
  facet normal 0 0 -1
    outer loop
      vertex 79.4001 -52.5 0
      vertex 87.5 -44.4001 0
      vertex 87.4003 -45.6671 0
    endloop
  endfacet
  facet normal 0 0 -1
    outer loop
      vertex 79.4001 -52.5 0
      vertex 87.4003 -45.6671 0
      vertex 87.1036 -46.903 0
    endloop
  endfacet
  facet normal 0 0 -1
    outer loop
      vertex 79.4001 -52.5 0
      vertex 87.1036 -46.903 0
      vertex 86.6171 -48.0773 0
    endloop
  endfacet
  facet normal 0 0 -1
    outer loop
      vertex 79.4001 -52.5 0
      vertex 86.6171 -48.0773 0
      vertex 85.953 -49.1611 0
    endloop
  endfacet
  facet normal 0 0 -1
    outer loop
      vertex 87.5 -44.4001 0
      vertex 85.61 -0.508251 0
      vertex 87.5 -0.508251 0
    endloop
  endfacet
  facet normal -0 0 -1
    outer loop
      vertex 87.5 -44.4001 0
      vertex 79.4001 -52.5 0
      vertex 85.61 -0.508251 0
    endloop
  endfacet
  facet normal 0 0 -1
    outer loop
      vertex 79.4001 -52.5 0
      vertex 85.953 -49.1611 0
      vertex 85.1276 -50.1276 0
    endloop
  endfacet
  facet normal 0 0 -1
    outer loop
      vertex 85.61 0.508251 0
      vertex 87.5 44.4001 0
      vertex 87.5 0.508251 0
    endloop
  endfacet
  facet normal 0 0 -1
    outer loop
      vertex 79.4001 52.5 0
      vertex 87.5 44.4001 0
      vertex 85.61 0.508251 0
    endloop
  endfacet
  facet normal 0 0 -1
    outer loop
      vertex 87.5 44.4001 0
      vertex 79.4001 52.5 0
      vertex 87.4003 45.6671 0
    endloop
  endfacet
  facet normal 0 0 -1
    outer loop
      vertex 87.4003 45.6671 0
      vertex 79.4001 52.5 0
      vertex 87.1036 46.903 0
    endloop
  endfacet
  facet normal 0 0 -1
    outer loop
      vertex 87.1036 46.903 0
      vertex 79.4001 52.5 0
      vertex 86.6171 48.0773 0
    endloop
  endfacet
  facet normal 0 0 -1
    outer loop
      vertex 5.03419 -2.56505 0
      vertex 85.61 -0.508251 0
      vertex 79.4001 -52.5 0
    endloop
  endfacet
  facet normal 0 -0 -1
    outer loop
      vertex 5.37347 -1.74595 0
      vertex 85.61 -0.508251 0
      vertex 5.03419 -2.56505 0
    endloop
  endfacet
  facet normal 0 0 -1
    outer loop
      vertex 79.4001 -52.5 0
      vertex 85.1276 -50.1276 0
      vertex 84.1611 -50.953 0
    endloop
  endfacet
  facet normal 0 0 -1
    outer loop
      vertex 5.58044 0.883854 0
      vertex 85.61 0.508251 0
      vertex 5.65 0 0
    endloop
  endfacet
  facet normal 0 0 -1
    outer loop
      vertex 79.4001 -52.5 0
      vertex 84.1611 -50.953 0
      vertex 83.0773 -51.6172 0
    endloop
  endfacet
  facet normal 0 0 -1
    outer loop
      vertex 85.953 49.1611 0
      vertex 79.4001 52.5 0
      vertex 85.1276 50.1276 0
    endloop
  endfacet
  facet normal 0 0 -1
    outer loop
      vertex 79.4001 -52.5 0
      vertex 83.0773 -51.6172 0
      vertex 81.903 -52.1036 0
    endloop
  endfacet
  facet normal 0 0 -1
    outer loop
      vertex 85.1276 50.1276 0
      vertex 79.4001 52.5 0
      vertex 84.1611 50.953 0
    endloop
  endfacet
  facet normal 0 0 -1
    outer loop
      vertex 79.4001 -52.5 0
      vertex 81.903 -52.1036 0
      vertex 80.6671 -52.4003 0
    endloop
  endfacet
  facet normal 0 0 -1
    outer loop
      vertex 84.1611 50.953 0
      vertex 79.4001 52.5 0
      vertex 83.0773 51.6172 0
    endloop
  endfacet
  facet normal 0 0 -1
    outer loop
      vertex 83.0773 51.6172 0
      vertex 79.4001 52.5 0
      vertex 81.903 52.1036 0
    endloop
  endfacet
  facet normal 0 0 -1
    outer loop
      vertex 81.903 52.1036 0
      vertex 79.4001 52.5 0
      vertex 80.6671 52.4003 0
    endloop
  endfacet
  facet normal 0 0 -1
    outer loop
      vertex 86.6171 48.0773 0
      vertex 79.4001 52.5 0
      vertex 85.953 49.1611 0
    endloop
  endfacet
  facet normal 0 0 -1
    outer loop
      vertex 85.61 -0.508251 0
      vertex 5.65 0 0
      vertex 85.61 0.508251 0
    endloop
  endfacet
  facet normal 0 -0 -1
    outer loop
      vertex 5.65 0 0
      vertex 85.61 -0.508251 0
      vertex 5.58044 -0.883854 0
    endloop
  endfacet
  facet normal 0 -0 -1
    outer loop
      vertex 5.58044 -0.883854 0
      vertex 85.61 -0.508251 0
      vertex 5.37347 -1.74595 0
    endloop
  endfacet
  facet normal 0 0 -1
    outer loop
      vertex 79.4001 -52.5 0
      vertex 4.57095 -3.32099 0
      vertex 5.03419 -2.56505 0
    endloop
  endfacet
  facet normal 0 0 -1
    outer loop
      vertex 0.508251 -50.61 0
      vertex 4.57095 -3.32099 0
      vertex 79.4001 -52.5 0
    endloop
  endfacet
  facet normal 0 0 -1
    outer loop
      vertex 4.57095 -3.32099 0
      vertex 0.508251 -50.61 0
      vertex 3.99515 -3.99515 0
    endloop
  endfacet
  facet normal 0 0 -1
    outer loop
      vertex 3.99515 -3.99515 0
      vertex 0.508251 -50.61 0
      vertex 3.32099 -4.57095 0
    endloop
  endfacet
  facet normal 0 0 -1
    outer loop
      vertex 3.32099 -4.57095 0
      vertex 0.508251 -50.61 0
      vertex 2.56505 -5.03419 0
    endloop
  endfacet
  facet normal 0 0 -1
    outer loop
      vertex 2.56505 -5.03419 0
      vertex 0.508251 -50.61 0
      vertex 1.74595 -5.37347 0
    endloop
  endfacet
  facet normal 0 0 -1
    outer loop
      vertex 0.508251 -50.61 0
      vertex 79.4001 -52.5 0
      vertex 0.508251 -52.5 0
    endloop
  endfacet
  facet normal 0 0 -1
    outer loop
      vertex 1.74595 -5.37347 0
      vertex 0.508251 -50.61 0
      vertex 0.883854 -5.58044 0
    endloop
  endfacet
  facet normal 0 0 -1
    outer loop
      vertex 0.508251 -50.61 0
      vertex 0 -5.65 0
      vertex 0.883854 -5.58044 0
    endloop
  endfacet
  facet normal 0 0 -1
    outer loop
      vertex -0.508251 -50.61 0
      vertex 0 -5.65 0
      vertex 0.508251 -50.61 0
    endloop
  endfacet
  facet normal -0 0 -1
    outer loop
      vertex 0 -5.65 0
      vertex -0.508251 -50.61 0
      vertex -0.883854 -5.58044 0
    endloop
  endfacet
  facet normal 0 0 -1
    outer loop
      vertex -87.5 44.4001 0
      vertex -79.4001 52.5 0
      vertex -85.61 0.508251 0
    endloop
  endfacet
  facet normal 0 0 -1
    outer loop
      vertex -79.4001 52.5 0
      vertex -87.5 44.4001 0
      vertex -85.1276 50.1276 0
    endloop
  endfacet
  facet normal 0 0 -1
    outer loop
      vertex -85.1276 50.1276 0
      vertex -87.5 44.4001 0
      vertex -85.953 49.1611 0
    endloop
  endfacet
  facet normal 0 0 -1
    outer loop
      vertex -85.953 49.1611 0
      vertex -87.5 44.4001 0
      vertex -86.6171 48.0773 0
    endloop
  endfacet
  facet normal 0 0 -1
    outer loop
      vertex -86.6171 48.0773 0
      vertex -87.5 44.4001 0
      vertex -87.1036 46.903 0
    endloop
  endfacet
  facet normal 0 0 -1
    outer loop
      vertex -87.5 44.4001 0
      vertex -85.61 0.508251 0
      vertex -87.5 0.508251 0
    endloop
  endfacet
  facet normal 0 0 -1
    outer loop
      vertex -87.1036 46.903 0
      vertex -87.5 44.4001 0
      vertex -87.4003 45.6671 0
    endloop
  endfacet
  facet normal 0 0 -1
    outer loop
      vertex -79.4001 -52.5 0
      vertex -0.508251 -50.61 0
      vertex -0.508251 -52.5 0
    endloop
  endfacet
  facet normal 0 0 -1
    outer loop
      vertex -0.508251 -50.61 0
      vertex -1.74595 -5.37347 0
      vertex -0.883854 -5.58044 0
    endloop
  endfacet
  facet normal 0 0 -1
    outer loop
      vertex -0.508251 -50.61 0
      vertex -2.56505 -5.03419 0
      vertex -1.74595 -5.37347 0
    endloop
  endfacet
  facet normal 0 0 -1
    outer loop
      vertex -0.508251 -50.61 0
      vertex -3.32099 -4.57095 0
      vertex -2.56505 -5.03419 0
    endloop
  endfacet
  facet normal 0 0 -1
    outer loop
      vertex -0.508251 -50.61 0
      vertex -3.99515 -3.99515 0
      vertex -3.32099 -4.57095 0
    endloop
  endfacet
  facet normal 0 0 -1
    outer loop
      vertex -0.508251 -50.61 0
      vertex -4.57095 -3.32099 0
      vertex -3.99515 -3.99515 0
    endloop
  endfacet
  facet normal -0 0 -1
    outer loop
      vertex -0.508251 -50.61 0
      vertex -79.4001 -52.5 0
      vertex -4.57095 -3.32099 0
    endloop
  endfacet
  facet normal -0 0 -1
    outer loop
      vertex -4.57095 -3.32099 0
      vertex -79.4001 -52.5 0
      vertex -5.03419 -2.56505 0
    endloop
  endfacet
  facet normal 0 0 -1
    outer loop
      vertex -85.61 -0.508251 0
      vertex -5.03419 -2.56505 0
      vertex -79.4001 -52.5 0
    endloop
  endfacet
  facet normal 0 0 -1
    outer loop
      vertex -5.37347 -1.74595 0
      vertex -85.61 -0.508251 0
      vertex -5.58044 -0.883854 0
    endloop
  endfacet
  facet normal 0 0 -1
    outer loop
      vertex -5.03419 -2.56505 0
      vertex -85.61 -0.508251 0
      vertex -5.37347 -1.74595 0
    endloop
  endfacet
  facet normal 0 0 -1
    outer loop
      vertex 0 5.65 0
      vertex 0.508251 50.61 0
      vertex 0.883854 5.58044 0
    endloop
  endfacet
  facet normal 0 0 -1
    outer loop
      vertex 0 5.65 0
      vertex -0.508251 50.61 0
      vertex 0.508251 50.61 0
    endloop
  endfacet
  facet normal 0 0 -1
    outer loop
      vertex -0.883854 5.58044 0
      vertex -0.508251 50.61 0
      vertex 0 5.65 0
    endloop
  endfacet
  facet normal 0 0 -1
    outer loop
      vertex -1.74595 5.37347 0
      vertex -0.508251 50.61 0
      vertex -0.883854 5.58044 0
    endloop
  endfacet
  facet normal 0 0 -1
    outer loop
      vertex -2.56505 5.03419 0
      vertex -0.508251 50.61 0
      vertex -1.74595 5.37347 0
    endloop
  endfacet
  facet normal 0 0 -1
    outer loop
      vertex -3.32099 4.57095 0
      vertex -0.508251 50.61 0
      vertex -2.56505 5.03419 0
    endloop
  endfacet
  facet normal 0 0 -1
    outer loop
      vertex -3.99515 3.99515 0
      vertex -0.508251 50.61 0
      vertex -3.32099 4.57095 0
    endloop
  endfacet
  facet normal 0 0 -1
    outer loop
      vertex -4.57095 3.32099 0
      vertex -0.508251 50.61 0
      vertex -3.99515 3.99515 0
    endloop
  endfacet
  facet normal 0 0 -1
    outer loop
      vertex -79.4001 52.5 0
      vertex -0.508251 50.61 0
      vertex -4.57095 3.32099 0
    endloop
  endfacet
  facet normal 0 0 -1
    outer loop
      vertex -79.4001 52.5 0
      vertex -4.57095 3.32099 0
      vertex -5.03419 2.56505 0
    endloop
  endfacet
  facet normal -0 0 -1
    outer loop
      vertex -5.58044 0.883854 0
      vertex -85.61 0.508251 0
      vertex -5.37347 1.74595 0
    endloop
  endfacet
  facet normal 0 0 -1
    outer loop
      vertex -5.65 0 0
      vertex -85.61 0.508251 0
      vertex -5.58044 0.883854 0
    endloop
  endfacet
  facet normal 0 0 -1
    outer loop
      vertex -5.58044 -0.883854 0
      vertex -85.61 -0.508251 0
      vertex -5.65 0 0
    endloop
  endfacet
  facet normal 0 0 -1
    outer loop
      vertex -85.61 0.508251 0
      vertex -5.65 0 0
      vertex -85.61 -0.508251 0
    endloop
  endfacet
  facet normal -0 0 -1
    outer loop
      vertex -5.37347 1.74595 0
      vertex -85.61 0.508251 0
      vertex -5.03419 2.56505 0
    endloop
  endfacet
  facet normal 0 0 -1
    outer loop
      vertex -87.5 -44.4001 0
      vertex -79.4001 -52.5 0
      vertex -80.6671 -52.4003 0
    endloop
  endfacet
  facet normal 0 0 -1
    outer loop
      vertex -0.508251 50.61 0
      vertex -79.4001 52.5 0
      vertex -0.508251 52.5 0
    endloop
  endfacet
  facet normal 0 0 -1
    outer loop
      vertex -87.5 -44.4001 0
      vertex -80.6671 -52.4003 0
      vertex -81.903 -52.1036 0
    endloop
  endfacet
  facet normal -0 0 -1
    outer loop
      vertex -5.03419 2.56505 0
      vertex -85.61 0.508251 0
      vertex -79.4001 52.5 0
    endloop
  endfacet
  facet normal 0 0 -1
    outer loop
      vertex -87.5 -44.4001 0
      vertex -81.903 -52.1036 0
      vertex -83.0773 -51.6172 0
    endloop
  endfacet
  facet normal 0 0 -1
    outer loop
      vertex -79.4001 52.5 0
      vertex -85.1276 50.1276 0
      vertex -80.6671 52.4003 0
    endloop
  endfacet
  facet normal 0 0 -1
    outer loop
      vertex -87.5 -44.4001 0
      vertex -83.0773 -51.6172 0
      vertex -84.1611 -50.953 0
    endloop
  endfacet
  facet normal 0 0 -1
    outer loop
      vertex -80.6671 52.4003 0
      vertex -85.1276 50.1276 0
      vertex -81.903 52.1036 0
    endloop
  endfacet
  facet normal 0 0 -1
    outer loop
      vertex -87.5 -44.4001 0
      vertex -84.1611 -50.953 0
      vertex -85.1276 -50.1276 0
    endloop
  endfacet
  facet normal 0 0 -1
    outer loop
      vertex -81.903 52.1036 0
      vertex -85.1276 50.1276 0
      vertex -83.0773 51.6172 0
    endloop
  endfacet
  facet normal 0 0 -1
    outer loop
      vertex -83.0773 51.6172 0
      vertex -85.1276 50.1276 0
      vertex -84.1611 50.953 0
    endloop
  endfacet
  facet normal 0 0 -1
    outer loop
      vertex -87.5 -44.4001 0
      vertex -85.1276 -50.1276 0
      vertex -85.953 -49.1611 0
    endloop
  endfacet
  facet normal 0 0 -1
    outer loop
      vertex -87.5 -44.4001 0
      vertex -85.953 -49.1611 0
      vertex -86.6171 -48.0773 0
    endloop
  endfacet
  facet normal 0 0 -1
    outer loop
      vertex -87.5 -44.4001 0
      vertex -86.6171 -48.0773 0
      vertex -87.1036 -46.903 0
    endloop
  endfacet
  facet normal 0 0 -1
    outer loop
      vertex -87.5 -44.4001 0
      vertex -87.1036 -46.903 0
      vertex -87.4003 -45.6671 0
    endloop
  endfacet
  facet normal 0 0 -1
    outer loop
      vertex -79.4001 -52.5 0
      vertex -87.5 -44.4001 0
      vertex -85.61 -0.508251 0
    endloop
  endfacet
  facet normal -0 0 -1
    outer loop
      vertex -85.61 -0.508251 0
      vertex -87.5 -44.4001 0
      vertex -87.5 -0.508251 0
    endloop
  endfacet
  facet normal 0 0 -1
    outer loop
      vertex 5.37347 1.74595 0
      vertex 85.61 0.508251 0
      vertex 5.58044 0.883854 0
    endloop
  endfacet
  facet normal 0 0 -1
    outer loop
      vertex 5.03419 2.56505 0
      vertex 85.61 0.508251 0
      vertex 5.37347 1.74595 0
    endloop
  endfacet
  facet normal 0 0 -1
    outer loop
      vertex 85.61 0.508251 0
      vertex 5.03419 2.56505 0
      vertex 79.4001 52.5 0
    endloop
  endfacet
  facet normal 0 0 -1
    outer loop
      vertex 4.57095 3.32099 0
      vertex 79.4001 52.5 0
      vertex 5.03419 2.56505 0
    endloop
  endfacet
  facet normal 0 0 -1
    outer loop
      vertex 0.508251 50.61 0
      vertex 4.57095 3.32099 0
      vertex 3.99515 3.99515 0
    endloop
  endfacet
  facet normal 0 0 -1
    outer loop
      vertex 0.508251 50.61 0
      vertex 3.99515 3.99515 0
      vertex 3.32099 4.57095 0
    endloop
  endfacet
  facet normal 0 0 -1
    outer loop
      vertex 0.508251 50.61 0
      vertex 3.32099 4.57095 0
      vertex 2.56505 5.03419 0
    endloop
  endfacet
  facet normal 0 0 -1
    outer loop
      vertex 0.508251 50.61 0
      vertex 2.56505 5.03419 0
      vertex 1.74595 5.37347 0
    endloop
  endfacet
  facet normal 0 0 -1
    outer loop
      vertex 0.508251 50.61 0
      vertex 1.74595 5.37347 0
      vertex 0.883854 5.58044 0
    endloop
  endfacet
  facet normal 0 0 -1
    outer loop
      vertex 4.57095 3.32099 0
      vertex 0.508251 50.61 0
      vertex 79.4001 52.5 0
    endloop
  endfacet
  facet normal -0 0 -1
    outer loop
      vertex 79.4001 52.5 0
      vertex 0.508251 50.61 0
      vertex 0.508251 52.5 0
    endloop
  endfacet
  facet normal -0.522525 0.852624 0
    outer loop
      vertex -83.0773 51.6172 0
      vertex -84.1611 50.953 70
      vertex -83.0773 51.6172 70
    endloop
  endfacet
  facet normal -0.522525 0.852624 0
    outer loop
      vertex -84.1611 50.953 70
      vertex -83.0773 51.6172 0
      vertex -84.1611 50.953 0
    endloop
  endfacet
  facet normal 0.382676 0.923883 -0
    outer loop
      vertex 83.0773 51.6172 0
      vertex 81.903 52.1036 70
      vertex 83.0773 51.6172 70
    endloop
  endfacet
  facet normal 0.382676 0.923883 0
    outer loop
      vertex 81.903 52.1036 70
      vertex 83.0773 51.6172 0
      vertex 81.903 52.1036 0
    endloop
  endfacet
  facet normal 0.233435 0.972372 -0
    outer loop
      vertex 81.903 52.1036 0
      vertex 80.6671 52.4003 70
      vertex 81.903 52.1036 70
    endloop
  endfacet
  facet normal 0.233435 0.972372 0
    outer loop
      vertex 80.6671 52.4003 70
      vertex 81.903 52.1036 0
      vertex 80.6671 52.4003 0
    endloop
  endfacet
  facet normal -0.382676 0.923883 0
    outer loop
      vertex -81.903 52.1036 0
      vertex -83.0773 51.6172 70
      vertex -81.903 52.1036 70
    endloop
  endfacet
  facet normal -0.382676 0.923883 0
    outer loop
      vertex -83.0773 51.6172 70
      vertex -81.903 52.1036 0
      vertex -83.0773 51.6172 0
    endloop
  endfacet
  facet normal 0.972372 -0.233435 0
    outer loop
      vertex 87.1036 -46.903 70
      vertex 87.4003 -45.6671 0
      vertex 87.4003 -45.6671 70
    endloop
  endfacet
  facet normal 0.972372 -0.233435 0
    outer loop
      vertex 87.4003 -45.6671 0
      vertex 87.1036 -46.903 70
      vertex 87.1036 -46.903 0
    endloop
  endfacet
  facet normal 0 -1 0
    outer loop
      vertex -79.4001 -52.5 70
      vertex 0 -52.5 37.96
      vertex 79.4001 -52.5 70
    endloop
  endfacet
  facet normal 0 -1 0
    outer loop
      vertex -79.4001 -52.5 70
      vertex -1.25148 -52.5 37.8615
      vertex 0 -52.5 37.96
    endloop
  endfacet
  facet normal 0 -1 0
    outer loop
      vertex -79.4001 -52.5 70
      vertex -2.47214 -52.5 37.5685
      vertex -1.25148 -52.5 37.8615
    endloop
  endfacet
  facet normal 0 -1 0
    outer loop
      vertex -79.4001 -52.5 70
      vertex -3.63192 -52.5 37.0881
      vertex -2.47214 -52.5 37.5685
    endloop
  endfacet
  facet normal 0 -1 0
    outer loop
      vertex -79.4001 -52.5 70
      vertex -4.70228 -52.5 36.4321
      vertex -3.63192 -52.5 37.0881
    endloop
  endfacet
  facet normal 0 -1 0
    outer loop
      vertex -79.4001 -52.5 70
      vertex -5.65685 -52.5 35.6169
      vertex -4.70228 -52.5 36.4321
    endloop
  endfacet
  facet normal 0 -1 0
    outer loop
      vertex -79.4001 -52.5 70
      vertex -6.47214 -52.5 34.6623
      vertex -5.65685 -52.5 35.6169
    endloop
  endfacet
  facet normal 0 -1 0
    outer loop
      vertex -79.4001 -52.5 70
      vertex -7.12805 -52.5 33.5919
      vertex -6.47214 -52.5 34.6623
    endloop
  endfacet
  facet normal 0 -1 0
    outer loop
      vertex -79.4001 -52.5 70
      vertex -7.60845 -52.5 32.4321
      vertex -7.12805 -52.5 33.5919
    endloop
  endfacet
  facet normal 0 -1 0
    outer loop
      vertex -79.4001 -52.5 70
      vertex -7.90151 -52.5 31.2115
      vertex -7.60845 -52.5 32.4321
    endloop
  endfacet
  facet normal 0 -1 0
    outer loop
      vertex -79.4001 -52.5 0
      vertex -7.90151 -52.5 31.2115
      vertex -79.4001 -52.5 70
    endloop
  endfacet
  facet normal 0 -1 0
    outer loop
      vertex -7.90151 -52.5 31.2115
      vertex -79.4001 -52.5 0
      vertex -8 -52.5 29.96
    endloop
  endfacet
  facet normal 0 -1 -0
    outer loop
      vertex -8 -52.5 29.96
      vertex -79.4001 -52.5 0
      vertex -8 -52.5 7.96
    endloop
  endfacet
  facet normal 0 -1 -0
    outer loop
      vertex -8 -52.5 7.96
      vertex -79.4001 -52.5 0
      vertex -7.90151 -52.5 6.70852
    endloop
  endfacet
  facet normal 0 -1 -0
    outer loop
      vertex -7.90151 -52.5 6.70852
      vertex -79.4001 -52.5 0
      vertex -7.60845 -52.5 5.48786
    endloop
  endfacet
  facet normal 0 -1 -0
    outer loop
      vertex -7.60845 -52.5 5.48786
      vertex -79.4001 -52.5 0
      vertex -7.12805 -52.5 4.32808
    endloop
  endfacet
  facet normal 0 -1 -0
    outer loop
      vertex -7.12805 -52.5 4.32808
      vertex -79.4001 -52.5 0
      vertex -6.47214 -52.5 3.25772
    endloop
  endfacet
  facet normal 0 -1 -0
    outer loop
      vertex -6.47214 -52.5 3.25772
      vertex -79.4001 -52.5 0
      vertex -5.65685 -52.5 2.30315
    endloop
  endfacet
  facet normal 0 -1 0
    outer loop
      vertex -79.4001 -52.5 0
      vertex -4.70228 -52.5 1.48786
      vertex -5.65685 -52.5 2.30315
    endloop
  endfacet
  facet normal 0 -1 0
    outer loop
      vertex -79.4001 -52.5 0
      vertex -3.63192 -52.5 0.831947
      vertex -4.70228 -52.5 1.48786
    endloop
  endfacet
  facet normal 0 -1 0
    outer loop
      vertex -79.4001 -52.5 0
      vertex -2.47214 -52.5 0.351547
      vertex -3.63192 -52.5 0.831947
    endloop
  endfacet
  facet normal 0 -1 0
    outer loop
      vertex -79.4001 -52.5 0
      vertex -1.25148 -52.5 0.0584927
      vertex -2.47214 -52.5 0.351547
    endloop
  endfacet
  facet normal 0 -1 -0
    outer loop
      vertex -1.25148 -52.5 0.0584927
      vertex -79.4001 -52.5 0
      vertex -0.508251 -52.5 0
    endloop
  endfacet
  facet normal 0 -1 0
    outer loop
      vertex 1.25148 -52.5 37.8615
      vertex 79.4001 -52.5 70
      vertex 0 -52.5 37.96
    endloop
  endfacet
  facet normal 0 -1 0
    outer loop
      vertex 2.47214 -52.5 37.5685
      vertex 79.4001 -52.5 70
      vertex 1.25148 -52.5 37.8615
    endloop
  endfacet
  facet normal 0 -1 0
    outer loop
      vertex 3.63192 -52.5 37.0881
      vertex 79.4001 -52.5 70
      vertex 2.47214 -52.5 37.5685
    endloop
  endfacet
  facet normal 0 -1 0
    outer loop
      vertex 4.70228 -52.5 36.4321
      vertex 79.4001 -52.5 70
      vertex 3.63192 -52.5 37.0881
    endloop
  endfacet
  facet normal 0 -1 0
    outer loop
      vertex 5.65685 -52.5 35.6169
      vertex 79.4001 -52.5 70
      vertex 4.70228 -52.5 36.4321
    endloop
  endfacet
  facet normal 0 -1 0
    outer loop
      vertex 6.47214 -52.5 34.6623
      vertex 79.4001 -52.5 70
      vertex 5.65685 -52.5 35.6169
    endloop
  endfacet
  facet normal 0 -1 0
    outer loop
      vertex 7.12805 -52.5 33.5919
      vertex 79.4001 -52.5 70
      vertex 6.47214 -52.5 34.6623
    endloop
  endfacet
  facet normal 0 -1 0
    outer loop
      vertex 7.60845 -52.5 32.4321
      vertex 79.4001 -52.5 70
      vertex 7.12805 -52.5 33.5919
    endloop
  endfacet
  facet normal 0 -1 0
    outer loop
      vertex 7.90151 -52.5 31.2115
      vertex 79.4001 -52.5 70
      vertex 7.60845 -52.5 32.4321
    endloop
  endfacet
  facet normal 0 -1 0
    outer loop
      vertex 79.4001 -52.5 0
      vertex 7.90151 -52.5 31.2115
      vertex 8 -52.5 29.96
    endloop
  endfacet
  facet normal 0 -1 0
    outer loop
      vertex 79.4001 -52.5 0
      vertex 8 -52.5 29.96
      vertex 8 -52.5 7.96
    endloop
  endfacet
  facet normal 0 -1 0
    outer loop
      vertex 79.4001 -52.5 0
      vertex 8 -52.5 7.96
      vertex 7.90151 -52.5 6.70852
    endloop
  endfacet
  facet normal 0 -1 0
    outer loop
      vertex 79.4001 -52.5 0
      vertex 7.90151 -52.5 6.70852
      vertex 7.60845 -52.5 5.48786
    endloop
  endfacet
  facet normal 0 -1 0
    outer loop
      vertex 79.4001 -52.5 0
      vertex 7.60845 -52.5 5.48786
      vertex 7.12805 -52.5 4.32808
    endloop
  endfacet
  facet normal 0 -1 0
    outer loop
      vertex 79.4001 -52.5 0
      vertex 7.12805 -52.5 4.32808
      vertex 6.47214 -52.5 3.25772
    endloop
  endfacet
  facet normal 0 -1 0
    outer loop
      vertex 79.4001 -52.5 0
      vertex 6.47214 -52.5 3.25772
      vertex 5.65685 -52.5 2.30315
    endloop
  endfacet
  facet normal 0 -1 0
    outer loop
      vertex 7.90151 -52.5 31.2115
      vertex 79.4001 -52.5 0
      vertex 79.4001 -52.5 70
    endloop
  endfacet
  facet normal 0 -1 0
    outer loop
      vertex 4.70228 -52.5 1.48786
      vertex 79.4001 -52.5 0
      vertex 5.65685 -52.5 2.30315
    endloop
  endfacet
  facet normal 0 -1 0
    outer loop
      vertex 3.63192 -52.5 0.831947
      vertex 79.4001 -52.5 0
      vertex 4.70228 -52.5 1.48786
    endloop
  endfacet
  facet normal 0 -1 0
    outer loop
      vertex 2.47214 -52.5 0.351547
      vertex 79.4001 -52.5 0
      vertex 3.63192 -52.5 0.831947
    endloop
  endfacet
  facet normal 0 -1 0
    outer loop
      vertex 1.25148 -52.5 0.0584927
      vertex 79.4001 -52.5 0
      vertex 2.47214 -52.5 0.351547
    endloop
  endfacet
  facet normal 0 -1 0
    outer loop
      vertex 79.4001 -52.5 0
      vertex 1.25148 -52.5 0.0584927
      vertex 0.508251 -52.5 0
    endloop
  endfacet
  facet normal -0.760433 -0.649417 0
    outer loop
      vertex -85.1276 -50.1276 0
      vertex -85.953 -49.1611 70
      vertex -85.953 -49.1611 0
    endloop
  endfacet
  facet normal -0.760433 -0.649417 0
    outer loop
      vertex -85.953 -49.1611 70
      vertex -85.1276 -50.1276 0
      vertex -85.1276 -50.1276 70
    endloop
  endfacet
  facet normal -0.852659 -0.522468 0
    outer loop
      vertex -85.953 -49.1611 0
      vertex -86.6171 -48.0773 70
      vertex -86.6171 -48.0773 0
    endloop
  endfacet
  facet normal -0.852659 -0.522468 0
    outer loop
      vertex -86.6171 -48.0773 70
      vertex -85.953 -49.1611 0
      vertex -85.953 -49.1611 70
    endloop
  endfacet
  facet normal -0.972372 0.233435 0
    outer loop
      vertex -87.4003 45.6671 0
      vertex -87.1036 46.903 70
      vertex -87.1036 46.903 0
    endloop
  endfacet
  facet normal -0.972372 0.233435 0
    outer loop
      vertex -87.1036 46.903 70
      vertex -87.4003 45.6671 0
      vertex -87.4003 45.6671 70
    endloop
  endfacet
  facet normal -0.923855 0.382743 0
    outer loop
      vertex -87.1036 46.903 0
      vertex -86.6171 48.0773 70
      vertex -86.6171 48.0773 0
    endloop
  endfacet
  facet normal -0.923855 0.382743 0
    outer loop
      vertex -86.6171 48.0773 70
      vertex -87.1036 46.903 0
      vertex -87.1036 46.903 70
    endloop
  endfacet
  facet normal -0.852659 0.522468 0
    outer loop
      vertex -86.6171 48.0773 0
      vertex -85.953 49.1611 70
      vertex -85.953 49.1611 0
    endloop
  endfacet
  facet normal -0.852659 0.522468 0
    outer loop
      vertex -85.953 49.1611 70
      vertex -86.6171 48.0773 0
      vertex -86.6171 48.0773 70
    endloop
  endfacet
  facet normal 0.923855 -0.382743 0
    outer loop
      vertex 86.6171 -48.0773 70
      vertex 87.1036 -46.903 0
      vertex 87.1036 -46.903 70
    endloop
  endfacet
  facet normal 0.923855 -0.382743 0
    outer loop
      vertex 87.1036 -46.903 0
      vertex 86.6171 -48.0773 70
      vertex 86.6171 -48.0773 0
    endloop
  endfacet
  facet normal 0.852659 -0.522468 0
    outer loop
      vertex 85.953 -49.1611 70
      vertex 86.6171 -48.0773 0
      vertex 86.6171 -48.0773 70
    endloop
  endfacet
  facet normal 0.852659 -0.522468 0
    outer loop
      vertex 86.6171 -48.0773 0
      vertex 85.953 -49.1611 70
      vertex 85.953 -49.1611 0
    endloop
  endfacet
  facet normal 0.649417 0.760433 -0
    outer loop
      vertex 85.1276 50.1276 0
      vertex 84.1611 50.953 70
      vertex 85.1276 50.1276 70
    endloop
  endfacet
  facet normal 0.649417 0.760433 0
    outer loop
      vertex 84.1611 50.953 70
      vertex 85.1276 50.1276 0
      vertex 84.1611 50.953 0
    endloop
  endfacet
  facet normal 0.923855 0.382743 0
    outer loop
      vertex 87.1036 46.903 70
      vertex 86.6171 48.0773 0
      vertex 86.6171 48.0773 70
    endloop
  endfacet
  facet normal 0.923855 0.382743 0
    outer loop
      vertex 86.6171 48.0773 0
      vertex 87.1036 46.903 70
      vertex 87.1036 46.903 0
    endloop
  endfacet
  facet normal 0.233435 -0.972372 0
    outer loop
      vertex 80.6671 -52.4003 0
      vertex 81.903 -52.1036 70
      vertex 80.6671 -52.4003 70
    endloop
  endfacet
  facet normal 0.233435 -0.972372 0
    outer loop
      vertex 81.903 -52.1036 70
      vertex 80.6671 -52.4003 0
      vertex 81.903 -52.1036 0
    endloop
  endfacet
  facet normal 0.0784473 -0.996918 0
    outer loop
      vertex 79.4001 -52.5 0
      vertex 80.6671 -52.4003 70
      vertex 79.4001 -52.5 70
    endloop
  endfacet
  facet normal 0.0784473 -0.996918 0
    outer loop
      vertex 80.6671 -52.4003 70
      vertex 79.4001 -52.5 0
      vertex 80.6671 -52.4003 0
    endloop
  endfacet
  facet normal -0.972372 -0.233435 0
    outer loop
      vertex -87.1036 -46.903 0
      vertex -87.4003 -45.6671 70
      vertex -87.4003 -45.6671 0
    endloop
  endfacet
  facet normal -0.972372 -0.233435 0
    outer loop
      vertex -87.4003 -45.6671 70
      vertex -87.1036 -46.903 0
      vertex -87.1036 -46.903 70
    endloop
  endfacet
  facet normal -0.996918 -0.0784473 0
    outer loop
      vertex -87.4003 -45.6671 0
      vertex -87.5 -44.4001 70
      vertex -87.5 -44.4001 0
    endloop
  endfacet
  facet normal -0.996918 -0.0784473 0
    outer loop
      vertex -87.5 -44.4001 70
      vertex -87.4003 -45.6671 0
      vertex -87.4003 -45.6671 70
    endloop
  endfacet
  facet normal -0.923855 -0.382743 0
    outer loop
      vertex -86.6171 -48.0773 0
      vertex -87.1036 -46.903 70
      vertex -87.1036 -46.903 0
    endloop
  endfacet
  facet normal -0.923855 -0.382743 0
    outer loop
      vertex -87.1036 -46.903 70
      vertex -86.6171 -48.0773 0
      vertex -86.6171 -48.0773 70
    endloop
  endfacet
  facet normal -0.233435 0.972372 0
    outer loop
      vertex -80.6671 52.4003 0
      vertex -81.903 52.1036 70
      vertex -80.6671 52.4003 70
    endloop
  endfacet
  facet normal -0.233435 0.972372 0
    outer loop
      vertex -81.903 52.1036 70
      vertex -80.6671 52.4003 0
      vertex -81.903 52.1036 0
    endloop
  endfacet
  facet normal -0.0784473 0.996918 0
    outer loop
      vertex -79.4001 52.5 0
      vertex -80.6671 52.4003 70
      vertex -79.4001 52.5 70
    endloop
  endfacet
  facet normal -0.0784473 0.996918 0
    outer loop
      vertex -80.6671 52.4003 70
      vertex -79.4001 52.5 0
      vertex -80.6671 52.4003 0
    endloop
  endfacet
  facet normal 0.649417 -0.760433 0
    outer loop
      vertex 84.1611 -50.953 0
      vertex 85.1276 -50.1276 70
      vertex 84.1611 -50.953 70
    endloop
  endfacet
  facet normal 0.649417 -0.760433 0
    outer loop
      vertex 85.1276 -50.1276 70
      vertex 84.1611 -50.953 0
      vertex 85.1276 -50.1276 0
    endloop
  endfacet
  facet normal 0.522525 -0.852624 0
    outer loop
      vertex 83.0773 -51.6172 0
      vertex 84.1611 -50.953 70
      vertex 83.0773 -51.6172 70
    endloop
  endfacet
  facet normal 0.522525 -0.852624 0
    outer loop
      vertex 84.1611 -50.953 70
      vertex 83.0773 -51.6172 0
      vertex 84.1611 -50.953 0
    endloop
  endfacet
  facet normal 0.760433 0.649417 0
    outer loop
      vertex 85.953 49.1611 70
      vertex 85.1276 50.1276 0
      vertex 85.1276 50.1276 70
    endloop
  endfacet
  facet normal 0.760433 0.649417 0
    outer loop
      vertex 85.1276 50.1276 0
      vertex 85.953 49.1611 70
      vertex 85.953 49.1611 0
    endloop
  endfacet
  facet normal 0.852659 0.522468 0
    outer loop
      vertex 86.6171 48.0773 70
      vertex 85.953 49.1611 0
      vertex 85.953 49.1611 70
    endloop
  endfacet
  facet normal 0.852659 0.522468 0
    outer loop
      vertex 85.953 49.1611 0
      vertex 86.6171 48.0773 70
      vertex 86.6171 48.0773 0
    endloop
  endfacet
  facet normal 0.972372 0.233435 0
    outer loop
      vertex 87.4003 45.6671 70
      vertex 87.1036 46.903 0
      vertex 87.1036 46.903 70
    endloop
  endfacet
  facet normal 0.972372 0.233435 0
    outer loop
      vertex 87.1036 46.903 0
      vertex 87.4003 45.6671 70
      vertex 87.4003 45.6671 0
    endloop
  endfacet
  facet normal 0.996918 0.0784473 0
    outer loop
      vertex 87.5 44.4001 70
      vertex 87.4003 45.6671 0
      vertex 87.4003 45.6671 70
    endloop
  endfacet
  facet normal 0.996918 0.0784473 0
    outer loop
      vertex 87.4003 45.6671 0
      vertex 87.5 44.4001 70
      vertex 87.5 44.4001 0
    endloop
  endfacet
  facet normal 0.522525 0.852624 -0
    outer loop
      vertex -81.2273 -49.7672 1.85
      vertex -82.3111 -49.103 70
      vertex -81.2273 -49.7672 70
    endloop
  endfacet
  facet normal 0.522525 0.852624 0
    outer loop
      vertex -82.3111 -49.103 70
      vertex -81.2273 -49.7672 1.85
      vertex -82.3111 -49.103 1.85
    endloop
  endfacet
  facet normal -0.382676 -0.923883 0
    outer loop
      vertex 80.053 50.2536 1.85
      vertex 81.2273 49.7672 70
      vertex 80.053 50.2536 70
    endloop
  endfacet
  facet normal -0.382676 -0.923883 -0
    outer loop
      vertex 81.2273 49.7672 70
      vertex 80.053 50.2536 1.85
      vertex 81.2273 49.7672 1.85
    endloop
  endfacet
  facet normal 0.382676 0.923883 -0
    outer loop
      vertex -80.053 -50.2536 1.85
      vertex -81.2273 -49.7672 70
      vertex -80.053 -50.2536 70
    endloop
  endfacet
  facet normal 0.382676 0.923883 0
    outer loop
      vertex -81.2273 -49.7672 70
      vertex -80.053 -50.2536 1.85
      vertex -81.2273 -49.7672 1.85
    endloop
  endfacet
  facet normal 1 -0 0
    outer loop
      vertex -85.65 7.90151 31.2115
      vertex -85.65 42.5501 1.85
      vertex -85.65 42.5501 70
    endloop
  endfacet
  facet normal 1 0 0
    outer loop
      vertex -85.65 42.5501 1.85
      vertex -85.65 7.90151 31.2115
      vertex -85.65 8 29.96
    endloop
  endfacet
  facet normal 1 0 0
    outer loop
      vertex -85.65 42.5501 70
      vertex -85.65 7.60845 32.4321
      vertex -85.65 7.90151 31.2115
    endloop
  endfacet
  facet normal 1 0 0
    outer loop
      vertex -85.65 42.5501 70
      vertex -85.65 7.12805 33.5919
      vertex -85.65 7.60845 32.4321
    endloop
  endfacet
  facet normal 1 0 0
    outer loop
      vertex -85.65 42.5501 70
      vertex -85.65 6.47214 34.6623
      vertex -85.65 7.12805 33.5919
    endloop
  endfacet
  facet normal 1 0 0
    outer loop
      vertex -85.65 42.5501 70
      vertex -85.65 5.65685 35.6169
      vertex -85.65 6.47214 34.6623
    endloop
  endfacet
  facet normal 1 0 0
    outer loop
      vertex -85.65 42.5501 70
      vertex -85.65 4.70228 36.4321
      vertex -85.65 5.65685 35.6169
    endloop
  endfacet
  facet normal 1 0 0
    outer loop
      vertex -85.65 42.5501 70
      vertex -85.65 3.63192 37.0881
      vertex -85.65 4.70228 36.4321
    endloop
  endfacet
  facet normal 1 0 0
    outer loop
      vertex -85.65 42.5501 70
      vertex -85.65 2.47214 37.5685
      vertex -85.65 3.63192 37.0881
    endloop
  endfacet
  facet normal 1 0 0
    outer loop
      vertex -85.65 42.5501 70
      vertex -85.65 1.25148 37.8615
      vertex -85.65 2.47214 37.5685
    endloop
  endfacet
  facet normal 1 0 0
    outer loop
      vertex -85.65 42.5501 70
      vertex -85.65 0 37.96
      vertex -85.65 1.25148 37.8615
    endloop
  endfacet
  facet normal 1 -0 0
    outer loop
      vertex -85.65 -42.5501 70
      vertex -85.65 0 37.96
      vertex -85.65 42.5501 70
    endloop
  endfacet
  facet normal 1 0 0
    outer loop
      vertex -85.65 0 37.96
      vertex -85.65 -42.5501 70
      vertex -85.65 -1.25148 37.8615
    endloop
  endfacet
  facet normal 1 0 0
    outer loop
      vertex -85.65 -1.25148 37.8615
      vertex -85.65 -42.5501 70
      vertex -85.65 -2.47214 37.5685
    endloop
  endfacet
  facet normal 1 0 0
    outer loop
      vertex -85.65 -2.47214 37.5685
      vertex -85.65 -42.5501 70
      vertex -85.65 -3.63192 37.0881
    endloop
  endfacet
  facet normal 1 0 0
    outer loop
      vertex -85.65 -7.90151 31.2115
      vertex -85.65 -42.5501 1.85
      vertex -85.65 -8 29.96
    endloop
  endfacet
  facet normal 1 0 0
    outer loop
      vertex -85.65 -42.5501 1.85
      vertex -85.65 -7.90151 31.2115
      vertex -85.65 -42.5501 70
    endloop
  endfacet
  facet normal 1 0 0
    outer loop
      vertex -85.65 -7.60845 32.4321
      vertex -85.65 -42.5501 70
      vertex -85.65 -7.90151 31.2115
    endloop
  endfacet
  facet normal 1 0 0
    outer loop
      vertex -85.65 -7.12805 33.5919
      vertex -85.65 -42.5501 70
      vertex -85.65 -7.60845 32.4321
    endloop
  endfacet
  facet normal 1 0 0
    outer loop
      vertex -85.65 -6.47214 34.6623
      vertex -85.65 -42.5501 70
      vertex -85.65 -7.12805 33.5919
    endloop
  endfacet
  facet normal 1 0 0
    outer loop
      vertex -85.65 -5.65685 35.6169
      vertex -85.65 -42.5501 70
      vertex -85.65 -6.47214 34.6623
    endloop
  endfacet
  facet normal 1 0 0
    outer loop
      vertex -85.65 -4.70228 36.4321
      vertex -85.65 -42.5501 70
      vertex -85.65 -5.65685 35.6169
    endloop
  endfacet
  facet normal 1 0 0
    outer loop
      vertex -85.65 -3.63192 37.0881
      vertex -85.65 -42.5501 70
      vertex -85.65 -4.70228 36.4321
    endloop
  endfacet
  facet normal 1 -0 0
    outer loop
      vertex -85.65 8 7.96
      vertex -85.65 42.5501 1.85
      vertex -85.65 8 29.96
    endloop
  endfacet
  facet normal 1 -0 0
    outer loop
      vertex -85.65 7.90151 6.70852
      vertex -85.65 42.5501 1.85
      vertex -85.65 8 7.96
    endloop
  endfacet
  facet normal 1 -0 0
    outer loop
      vertex -85.65 7.60845 5.48786
      vertex -85.65 42.5501 1.85
      vertex -85.65 7.90151 6.70852
    endloop
  endfacet
  facet normal 1 -0 0
    outer loop
      vertex -85.65 7.12805 4.32808
      vertex -85.65 42.5501 1.85
      vertex -85.65 7.60845 5.48786
    endloop
  endfacet
  facet normal 1 -0 0
    outer loop
      vertex -85.65 6.47214 3.25772
      vertex -85.65 42.5501 1.85
      vertex -85.65 7.12805 4.32808
    endloop
  endfacet
  facet normal 1 -0 0
    outer loop
      vertex -85.65 5.65685 2.30315
      vertex -85.65 42.5501 1.85
      vertex -85.65 6.47214 3.25772
    endloop
  endfacet
  facet normal 1 0 0
    outer loop
      vertex -85.65 42.5501 1.85
      vertex -85.65 5.65685 2.30315
      vertex -85.65 5.12629 1.85
    endloop
  endfacet
  facet normal 1 0 0
    outer loop
      vertex -85.65 -8 29.96
      vertex -85.65 -42.5501 1.85
      vertex -85.65 -8 7.96
    endloop
  endfacet
  facet normal 1 0 0
    outer loop
      vertex -85.65 -8 7.96
      vertex -85.65 -42.5501 1.85
      vertex -85.65 -7.90151 6.70852
    endloop
  endfacet
  facet normal 1 0 0
    outer loop
      vertex -85.65 -7.90151 6.70852
      vertex -85.65 -42.5501 1.85
      vertex -85.65 -7.60845 5.48786
    endloop
  endfacet
  facet normal 1 0 0
    outer loop
      vertex -85.65 -5.65685 2.30315
      vertex -85.65 -42.5501 1.85
      vertex -85.65 -5.12629 1.85
    endloop
  endfacet
  facet normal 1 0 0
    outer loop
      vertex -85.65 -6.47214 3.25772
      vertex -85.65 -42.5501 1.85
      vertex -85.65 -5.65685 2.30315
    endloop
  endfacet
  facet normal 1 0 0
    outer loop
      vertex -85.65 -7.12805 4.32808
      vertex -85.65 -42.5501 1.85
      vertex -85.65 -6.47214 3.25772
    endloop
  endfacet
  facet normal 1 0 0
    outer loop
      vertex -85.65 -7.60845 5.48786
      vertex -85.65 -42.5501 1.85
      vertex -85.65 -7.12805 4.32808
    endloop
  endfacet
  facet normal 0.996918 -0.0784473 0
    outer loop
      vertex -85.65 42.5501 70
      vertex -85.5503 43.8171 1.85
      vertex -85.5503 43.8171 70
    endloop
  endfacet
  facet normal 0.996918 -0.0784473 0
    outer loop
      vertex -85.5503 43.8171 1.85
      vertex -85.65 42.5501 70
      vertex -85.65 42.5501 1.85
    endloop
  endfacet
  facet normal -0.923883 0.382676 0
    outer loop
      vertex 84.7672 -46.2273 1.85
      vertex 85.2536 -45.053 70
      vertex 85.2536 -45.053 1.85
    endloop
  endfacet
  facet normal -0.923883 0.382676 0
    outer loop
      vertex 85.2536 -45.053 70
      vertex 84.7672 -46.2273 1.85
      vertex 84.7672 -46.2273 70
    endloop
  endfacet
  facet normal -1 -0 0
    outer loop
      vertex 85.65 -8 7.96
      vertex 85.65 -42.5501 1.85
      vertex 85.65 -8 29.96
    endloop
  endfacet
  facet normal -1 -0 0
    outer loop
      vertex 85.65 -7.90151 6.70852
      vertex 85.65 -42.5501 1.85
      vertex 85.65 -8 7.96
    endloop
  endfacet
  facet normal -1 -0 0
    outer loop
      vertex 85.65 -7.60845 5.48786
      vertex 85.65 -42.5501 1.85
      vertex 85.65 -7.90151 6.70852
    endloop
  endfacet
  facet normal -1 -0 0
    outer loop
      vertex 85.65 -7.12805 4.32808
      vertex 85.65 -42.5501 1.85
      vertex 85.65 -7.60845 5.48786
    endloop
  endfacet
  facet normal -1 -0 0
    outer loop
      vertex 85.65 -6.47214 3.25772
      vertex 85.65 -42.5501 1.85
      vertex 85.65 -7.12805 4.32808
    endloop
  endfacet
  facet normal -1 -0 0
    outer loop
      vertex 85.65 -5.65685 2.30315
      vertex 85.65 -42.5501 1.85
      vertex 85.65 -6.47214 3.25772
    endloop
  endfacet
  facet normal -1 0 0
    outer loop
      vertex 85.65 -42.5501 1.85
      vertex 85.65 -5.65685 2.30315
      vertex 85.65 -5.12629 1.85
    endloop
  endfacet
  facet normal -1 0 0
    outer loop
      vertex 85.65 8 29.96
      vertex 85.65 42.5501 1.85
      vertex 85.65 8 7.96
    endloop
  endfacet
  facet normal -1 0 0
    outer loop
      vertex 85.65 42.5501 1.85
      vertex 85.65 7.90151 6.70852
      vertex 85.65 8 7.96
    endloop
  endfacet
  facet normal -1 0 0
    outer loop
      vertex 85.65 42.5501 1.85
      vertex 85.65 7.60845 5.48786
      vertex 85.65 7.90151 6.70852
    endloop
  endfacet
  facet normal -1 0 0
    outer loop
      vertex 85.65 42.5501 1.85
      vertex 85.65 7.12805 4.32808
      vertex 85.65 7.60845 5.48786
    endloop
  endfacet
  facet normal -1 0 0
    outer loop
      vertex 85.65 42.5501 1.85
      vertex 85.65 6.47214 3.25772
      vertex 85.65 7.12805 4.32808
    endloop
  endfacet
  facet normal -1 0 0
    outer loop
      vertex 85.65 42.5501 1.85
      vertex 85.65 5.65685 2.30315
      vertex 85.65 6.47214 3.25772
    endloop
  endfacet
  facet normal -1 0 -0
    outer loop
      vertex 85.65 5.65685 2.30315
      vertex 85.65 42.5501 1.85
      vertex 85.65 5.12629 1.85
    endloop
  endfacet
  facet normal -1 0 0
    outer loop
      vertex 85.65 7.90151 31.2115
      vertex 85.65 42.5501 1.85
      vertex 85.65 8 29.96
    endloop
  endfacet
  facet normal -1 0 0
    outer loop
      vertex 85.65 42.5501 1.85
      vertex 85.65 7.90151 31.2115
      vertex 85.65 42.5501 70
    endloop
  endfacet
  facet normal -1 0 0
    outer loop
      vertex 85.65 7.60845 32.4321
      vertex 85.65 42.5501 70
      vertex 85.65 7.90151 31.2115
    endloop
  endfacet
  facet normal -1 0 0
    outer loop
      vertex 85.65 7.12805 33.5919
      vertex 85.65 42.5501 70
      vertex 85.65 7.60845 32.4321
    endloop
  endfacet
  facet normal -1 0 0
    outer loop
      vertex 85.65 6.47214 34.6623
      vertex 85.65 42.5501 70
      vertex 85.65 7.12805 33.5919
    endloop
  endfacet
  facet normal -1 0 0
    outer loop
      vertex 85.65 5.65685 35.6169
      vertex 85.65 42.5501 70
      vertex 85.65 6.47214 34.6623
    endloop
  endfacet
  facet normal -1 0 0
    outer loop
      vertex 85.65 4.70228 36.4321
      vertex 85.65 42.5501 70
      vertex 85.65 5.65685 35.6169
    endloop
  endfacet
  facet normal -1 0 0
    outer loop
      vertex 85.65 3.63192 37.0881
      vertex 85.65 42.5501 70
      vertex 85.65 4.70228 36.4321
    endloop
  endfacet
  facet normal -1 0 0
    outer loop
      vertex 85.65 2.47214 37.5685
      vertex 85.65 42.5501 70
      vertex 85.65 3.63192 37.0881
    endloop
  endfacet
  facet normal -1 0 0
    outer loop
      vertex 85.65 1.25148 37.8615
      vertex 85.65 42.5501 70
      vertex 85.65 2.47214 37.5685
    endloop
  endfacet
  facet normal -1 0 0
    outer loop
      vertex 85.65 0 37.96
      vertex 85.65 42.5501 70
      vertex 85.65 1.25148 37.8615
    endloop
  endfacet
  facet normal -1 0 0
    outer loop
      vertex 85.65 -42.5501 70
      vertex 85.65 0 37.96
      vertex 85.65 -1.25148 37.8615
    endloop
  endfacet
  facet normal -1 0 0
    outer loop
      vertex 85.65 -42.5501 70
      vertex 85.65 -1.25148 37.8615
      vertex 85.65 -2.47214 37.5685
    endloop
  endfacet
  facet normal -1 0 0
    outer loop
      vertex 85.65 -42.5501 70
      vertex 85.65 -2.47214 37.5685
      vertex 85.65 -3.63192 37.0881
    endloop
  endfacet
  facet normal -1 0 0
    outer loop
      vertex 85.65 -42.5501 70
      vertex 85.65 -3.63192 37.0881
      vertex 85.65 -4.70228 36.4321
    endloop
  endfacet
  facet normal -1 0 0
    outer loop
      vertex 85.65 -42.5501 1.85
      vertex 85.65 -7.90151 31.2115
      vertex 85.65 -8 29.96
    endloop
  endfacet
  facet normal -1 0 0
    outer loop
      vertex 85.65 -42.5501 70
      vertex 85.65 -7.90151 31.2115
      vertex 85.65 -42.5501 1.85
    endloop
  endfacet
  facet normal -1 0 0
    outer loop
      vertex 85.65 -7.90151 31.2115
      vertex 85.65 -42.5501 70
      vertex 85.65 -7.60845 32.4321
    endloop
  endfacet
  facet normal -1 0 0
    outer loop
      vertex 85.65 -7.60845 32.4321
      vertex 85.65 -42.5501 70
      vertex 85.65 -7.12805 33.5919
    endloop
  endfacet
  facet normal -1 0 0
    outer loop
      vertex 85.65 -7.12805 33.5919
      vertex 85.65 -42.5501 70
      vertex 85.65 -6.47214 34.6623
    endloop
  endfacet
  facet normal -1 0 0
    outer loop
      vertex 85.65 0 37.96
      vertex 85.65 -42.5501 70
      vertex 85.65 42.5501 70
    endloop
  endfacet
  facet normal -1 0 0
    outer loop
      vertex 85.65 -5.65685 35.6169
      vertex 85.65 -42.5501 70
      vertex 85.65 -4.70228 36.4321
    endloop
  endfacet
  facet normal -1 0 0
    outer loop
      vertex 85.65 -6.47214 34.6623
      vertex 85.65 -42.5501 70
      vertex 85.65 -5.65685 35.6169
    endloop
  endfacet
  facet normal -0.382676 0.923883 0
    outer loop
      vertex 81.2273 -49.7672 1.85
      vertex 80.053 -50.2536 70
      vertex 81.2273 -49.7672 70
    endloop
  endfacet
  facet normal -0.382676 0.923883 0
    outer loop
      vertex 80.053 -50.2536 70
      vertex 81.2273 -49.7672 1.85
      vertex 80.053 -50.2536 1.85
    endloop
  endfacet
  facet normal 0.233435 0.972372 -0
    outer loop
      vertex -78.8171 -50.5503 1.85
      vertex -80.053 -50.2536 70
      vertex -78.8171 -50.5503 70
    endloop
  endfacet
  facet normal 0.233435 0.972372 0
    outer loop
      vertex -80.053 -50.2536 70
      vertex -78.8171 -50.5503 1.85
      vertex -80.053 -50.2536 1.85
    endloop
  endfacet
  facet normal 0.760433 -0.649417 0
    outer loop
      vertex -84.103 47.3111 70
      vertex -83.2776 48.2776 1.85
      vertex -83.2776 48.2776 70
    endloop
  endfacet
  facet normal 0.760433 -0.649417 0
    outer loop
      vertex -83.2776 48.2776 1.85
      vertex -84.103 47.3111 70
      vertex -84.103 47.3111 1.85
    endloop
  endfacet
  facet normal -0.522525 -0.852624 0
    outer loop
      vertex 81.2273 49.7672 1.85
      vertex 82.3111 49.103 70
      vertex 81.2273 49.7672 70
    endloop
  endfacet
  facet normal -0.522525 -0.852624 -0
    outer loop
      vertex 82.3111 49.103 70
      vertex 81.2273 49.7672 1.85
      vertex 82.3111 49.103 1.85
    endloop
  endfacet
  facet normal -0.0784473 -0.996918 0
    outer loop
      vertex 77.5501 50.65 1.85
      vertex 78.8171 50.5503 70
      vertex 77.5501 50.65 70
    endloop
  endfacet
  facet normal -0.0784473 -0.996918 -0
    outer loop
      vertex 78.8171 50.5503 70
      vertex 77.5501 50.65 1.85
      vertex 78.8171 50.5503 1.85
    endloop
  endfacet
  facet normal 0 -1 0
    outer loop
      vertex 26.35 50.65 1.85
      vertex 76.05 50.65 36.85
      vertex 26.35 50.65 36.85
    endloop
  endfacet
  facet normal 0 -1 -0
    outer loop
      vertex 76.05 50.65 36.85
      vertex 26.35 50.65 1.85
      vertex 76.05 50.65 1.85
    endloop
  endfacet
  facet normal 0 -1 0
    outer loop
      vertex 4.70228 50.65 36.4321
      vertex 24.85 50.65 36.85
      vertex 3.63192 50.65 37.0881
    endloop
  endfacet
  facet normal 0 -1 0
    outer loop
      vertex 5.65685 50.65 35.6169
      vertex 24.85 50.65 36.85
      vertex 4.70228 50.65 36.4321
    endloop
  endfacet
  facet normal 0 -1 0
    outer loop
      vertex 6.47214 50.65 34.6623
      vertex 24.85 50.65 36.85
      vertex 5.65685 50.65 35.6169
    endloop
  endfacet
  facet normal 0 -1 0
    outer loop
      vertex 7.12805 50.65 33.5919
      vertex 24.85 50.65 36.85
      vertex 6.47214 50.65 34.6623
    endloop
  endfacet
  facet normal 0 -1 0
    outer loop
      vertex 7.60845 50.65 32.4321
      vertex 24.85 50.65 36.85
      vertex 7.12805 50.65 33.5919
    endloop
  endfacet
  facet normal 0 -1 0
    outer loop
      vertex 7.90151 50.65 31.2115
      vertex 24.85 50.65 36.85
      vertex 7.60845 50.65 32.4321
    endloop
  endfacet
  facet normal 0 -1 0
    outer loop
      vertex 8 50.65 29.96
      vertex 24.85 50.65 36.85
      vertex 7.90151 50.65 31.2115
    endloop
  endfacet
  facet normal 0 -1 0
    outer loop
      vertex 24.85 50.65 1.85
      vertex 8 50.65 29.96
      vertex 8 50.65 7.96
    endloop
  endfacet
  facet normal 0 -1 0
    outer loop
      vertex 24.85 50.65 1.85
      vertex 8 50.65 7.96
      vertex 7.90151 50.65 6.70852
    endloop
  endfacet
  facet normal 0 -1 0
    outer loop
      vertex 24.85 50.65 1.85
      vertex 7.90151 50.65 6.70852
      vertex 7.60845 50.65 5.48786
    endloop
  endfacet
  facet normal 0 -1 0
    outer loop
      vertex 24.85 50.65 1.85
      vertex 7.60845 50.65 5.48786
      vertex 7.12805 50.65 4.32808
    endloop
  endfacet
  facet normal 0 -1 0
    outer loop
      vertex 8 50.65 29.96
      vertex 24.85 50.65 1.85
      vertex 24.85 50.65 36.85
    endloop
  endfacet
  facet normal 0 -1 0
    outer loop
      vertex 6.47214 50.65 3.25772
      vertex 24.85 50.65 1.85
      vertex 7.12805 50.65 4.32808
    endloop
  endfacet
  facet normal 0 -1 0
    outer loop
      vertex 5.65685 50.65 2.30315
      vertex 24.85 50.65 1.85
      vertex 6.47214 50.65 3.25772
    endloop
  endfacet
  facet normal 0 -1 0
    outer loop
      vertex 24.85 50.65 1.85
      vertex 5.65685 50.65 2.30315
      vertex 5.12629 50.65 1.85
    endloop
  endfacet
  facet normal 0 -1 0
    outer loop
      vertex -76.05 50.65 1.85
      vertex -26.35 50.65 36.85
      vertex -76.05 50.65 36.85
    endloop
  endfacet
  facet normal 0 -1 -0
    outer loop
      vertex -26.35 50.65 36.85
      vertex -76.05 50.65 1.85
      vertex -26.35 50.65 1.85
    endloop
  endfacet
  facet normal 0 -1 0
    outer loop
      vertex -77.5501 50.65 70
      vertex 0 50.65 37.96
      vertex 77.5501 50.65 70
    endloop
  endfacet
  facet normal 0 -1 0
    outer loop
      vertex -77.5501 50.65 70
      vertex -1.25148 50.65 37.8615
      vertex 0 50.65 37.96
    endloop
  endfacet
  facet normal 0 -1 0
    outer loop
      vertex -24.85 50.65 36.85
      vertex -1.25148 50.65 37.8615
      vertex -77.5501 50.65 70
    endloop
  endfacet
  facet normal 0 -1 0
    outer loop
      vertex -1.25148 50.65 37.8615
      vertex -24.85 50.65 36.85
      vertex -2.47214 50.65 37.5685
    endloop
  endfacet
  facet normal 0 -1 0
    outer loop
      vertex -76.05 50.65 36.85
      vertex -77.5501 50.65 70
      vertex -77.55 50.65 36.85
    endloop
  endfacet
  facet normal 0 -1 0
    outer loop
      vertex -77.5501 50.65 1.85
      vertex -77.55 50.65 36.85
      vertex -77.5501 50.65 70
    endloop
  endfacet
  facet normal 0 -1 -0
    outer loop
      vertex -77.55 50.65 36.85
      vertex -77.5501 50.65 1.85
      vertex -77.55 50.65 1.85
    endloop
  endfacet
  facet normal 0 -1 0
    outer loop
      vertex 1.25148 50.65 37.8615
      vertex 77.5501 50.65 70
      vertex 0 50.65 37.96
    endloop
  endfacet
  facet normal 0 -1 0
    outer loop
      vertex 24.85 50.65 36.85
      vertex 1.25148 50.65 37.8615
      vertex 2.47214 50.65 37.5685
    endloop
  endfacet
  facet normal 0 -1 0
    outer loop
      vertex 24.85 50.65 36.85
      vertex 2.47214 50.65 37.5685
      vertex 3.63192 50.65 37.0881
    endloop
  endfacet
  facet normal 0 -1 0
    outer loop
      vertex 1.25148 50.65 37.8615
      vertex 24.85 50.65 36.85
      vertex 77.5501 50.65 70
    endloop
  endfacet
  facet normal 0 -1 0
    outer loop
      vertex 26.35 50.65 36.85
      vertex 77.5501 50.65 70
      vertex 24.85 50.65 36.85
    endloop
  endfacet
  facet normal 0 -1 0
    outer loop
      vertex 76.05 50.65 36.85
      vertex 77.5501 50.65 70
      vertex 26.35 50.65 36.85
    endloop
  endfacet
  facet normal 0 -1 0
    outer loop
      vertex 77.55 50.65 36.85
      vertex 77.5501 50.65 70
      vertex 76.05 50.65 36.85
    endloop
  endfacet
  facet normal 0 -1 0
    outer loop
      vertex 77.5501 50.65 1.85
      vertex 77.55 50.65 36.85
      vertex 77.55 50.65 1.85
    endloop
  endfacet
  facet normal 0 -1 0
    outer loop
      vertex 77.55 50.65 36.85
      vertex 77.5501 50.65 1.85
      vertex 77.5501 50.65 70
    endloop
  endfacet
  facet normal 0 -1 0
    outer loop
      vertex -26.35 50.65 36.85
      vertex -77.5501 50.65 70
      vertex -76.05 50.65 36.85
    endloop
  endfacet
  facet normal 0 -1 0
    outer loop
      vertex -24.85 50.65 36.85
      vertex -77.5501 50.65 70
      vertex -26.35 50.65 36.85
    endloop
  endfacet
  facet normal 0 -1 0
    outer loop
      vertex -2.47214 50.65 37.5685
      vertex -24.85 50.65 36.85
      vertex -3.63192 50.65 37.0881
    endloop
  endfacet
  facet normal 0 -1 0
    outer loop
      vertex -24.85 50.65 36.85
      vertex -4.70228 50.65 36.4321
      vertex -3.63192 50.65 37.0881
    endloop
  endfacet
  facet normal 0 -1 0
    outer loop
      vertex -24.85 50.65 36.85
      vertex -5.65685 50.65 35.6169
      vertex -4.70228 50.65 36.4321
    endloop
  endfacet
  facet normal 0 -1 0
    outer loop
      vertex -24.85 50.65 36.85
      vertex -6.47214 50.65 34.6623
      vertex -5.65685 50.65 35.6169
    endloop
  endfacet
  facet normal 0 -1 0
    outer loop
      vertex -24.85 50.65 36.85
      vertex -7.12805 50.65 33.5919
      vertex -6.47214 50.65 34.6623
    endloop
  endfacet
  facet normal 0 -1 0
    outer loop
      vertex -24.85 50.65 36.85
      vertex -7.60845 50.65 32.4321
      vertex -7.12805 50.65 33.5919
    endloop
  endfacet
  facet normal 0 -1 0
    outer loop
      vertex -24.85 50.65 36.85
      vertex -7.90151 50.65 31.2115
      vertex -7.60845 50.65 32.4321
    endloop
  endfacet
  facet normal 0 -1 0
    outer loop
      vertex -24.85 50.65 36.85
      vertex -8 50.65 29.96
      vertex -7.90151 50.65 31.2115
    endloop
  endfacet
  facet normal 0 -1 0
    outer loop
      vertex -24.85 50.65 1.85
      vertex -8 50.65 29.96
      vertex -24.85 50.65 36.85
    endloop
  endfacet
  facet normal 0 -1 -0
    outer loop
      vertex -8 50.65 29.96
      vertex -24.85 50.65 1.85
      vertex -8 50.65 7.96
    endloop
  endfacet
  facet normal 0 -1 -0
    outer loop
      vertex -8 50.65 7.96
      vertex -24.85 50.65 1.85
      vertex -7.90151 50.65 6.70852
    endloop
  endfacet
  facet normal 0 -1 -0
    outer loop
      vertex -7.90151 50.65 6.70852
      vertex -24.85 50.65 1.85
      vertex -7.60845 50.65 5.48786
    endloop
  endfacet
  facet normal 0 -1 -0
    outer loop
      vertex -7.60845 50.65 5.48786
      vertex -24.85 50.65 1.85
      vertex -7.12805 50.65 4.32808
    endloop
  endfacet
  facet normal 0 -1 0
    outer loop
      vertex -24.85 50.65 1.85
      vertex -6.47214 50.65 3.25772
      vertex -7.12805 50.65 4.32808
    endloop
  endfacet
  facet normal 0 -1 0
    outer loop
      vertex -24.85 50.65 1.85
      vertex -5.65685 50.65 2.30315
      vertex -6.47214 50.65 3.25772
    endloop
  endfacet
  facet normal 0 -1 -0
    outer loop
      vertex -5.65685 50.65 2.30315
      vertex -24.85 50.65 1.85
      vertex -5.12629 50.65 1.85
    endloop
  endfacet
  facet normal 0.382676 -0.923883 0
    outer loop
      vertex -81.2273 49.7672 1.85
      vertex -80.053 50.2536 70
      vertex -81.2273 49.7672 70
    endloop
  endfacet
  facet normal 0.382676 -0.923883 0
    outer loop
      vertex -80.053 50.2536 70
      vertex -81.2273 49.7672 1.85
      vertex -80.053 50.2536 1.85
    endloop
  endfacet
  facet normal 0.0784473 0.996918 -0
    outer loop
      vertex -77.5501 -50.65 1.85
      vertex -78.8171 -50.5503 70
      vertex -77.5501 -50.65 70
    endloop
  endfacet
  facet normal 0.0784473 0.996918 0
    outer loop
      vertex -78.8171 -50.5503 70
      vertex -77.5501 -50.65 1.85
      vertex -78.8171 -50.5503 1.85
    endloop
  endfacet
  facet normal 0.649417 0.760433 -0
    outer loop
      vertex -82.3111 -49.103 1.85
      vertex -83.2776 -48.2776 70
      vertex -82.3111 -49.103 70
    endloop
  endfacet
  facet normal 0.649417 0.760433 0
    outer loop
      vertex -83.2776 -48.2776 70
      vertex -82.3111 -49.103 1.85
      vertex -83.2776 -48.2776 1.85
    endloop
  endfacet
  facet normal -0 0 1
    outer loop
      vertex 77.55 35.65 1.85
      vertex 85.65 5.12629 1.85
      vertex 85.65 42.5501 1.85
    endloop
  endfacet
  facet normal 0 0 1
    outer loop
      vertex 85.65 5.12629 1.85
      vertex 77.55 35.65 1.85
      vertex 85.61 5.12629 1.85
    endloop
  endfacet
  facet normal 0 0 1
    outer loop
      vertex 77.55 35.65 1.85
      vertex 85.65 42.5501 1.85
      vertex 85.5503 43.8171 1.85
    endloop
  endfacet
  facet normal 0 0 1
    outer loop
      vertex 77.55 -35.65 1.85
      vertex 85.65 -5.12629 1.85
      vertex 85.61 -5.12629 1.85
    endloop
  endfacet
  facet normal -0 0 1
    outer loop
      vertex 76.05 35.65 1.85
      vertex 85.61 5.12629 1.85
      vertex 77.55 35.65 1.85
    endloop
  endfacet
  facet normal -0 0 1
    outer loop
      vertex 26.35 35.65 1.85
      vertex 85.61 5.12629 1.85
      vertex 76.05 35.65 1.85
    endloop
  endfacet
  facet normal 0 0 1
    outer loop
      vertex 77.55 35.65 1.85
      vertex 85.5503 43.8171 1.85
      vertex 85.2536 45.053 1.85
    endloop
  endfacet
  facet normal 0 0 1
    outer loop
      vertex 85.65 -5.12629 1.85
      vertex 77.55 -35.65 1.85
      vertex 85.65 -42.5501 1.85
    endloop
  endfacet
  facet normal 0 0 1
    outer loop
      vertex 77.55 35.65 1.85
      vertex 85.2536 45.053 1.85
      vertex 84.7672 46.2273 1.85
    endloop
  endfacet
  facet normal 0 0 1
    outer loop
      vertex 85.65 -42.5501 1.85
      vertex 77.55 -35.65 1.85
      vertex 85.5503 -43.8171 1.85
    endloop
  endfacet
  facet normal 0 0 1
    outer loop
      vertex 77.55 35.65 1.85
      vertex 84.7672 46.2273 1.85
      vertex 84.103 47.3111 1.85
    endloop
  endfacet
  facet normal 0 0 1
    outer loop
      vertex 85.5503 -43.8171 1.85
      vertex 77.55 -35.65 1.85
      vertex 85.2536 -45.053 1.85
    endloop
  endfacet
  facet normal 0 0 1
    outer loop
      vertex 77.55 35.65 1.85
      vertex 84.103 47.3111 1.85
      vertex 83.2776 48.2776 1.85
    endloop
  endfacet
  facet normal 0 0 1
    outer loop
      vertex 85.2536 -45.053 1.85
      vertex 77.55 -35.65 1.85
      vertex 84.7672 -46.2273 1.85
    endloop
  endfacet
  facet normal 0 0 1
    outer loop
      vertex 77.55 35.65 1.85
      vertex 83.2776 48.2776 1.85
      vertex 82.3111 49.103 1.85
    endloop
  endfacet
  facet normal 0 0 1
    outer loop
      vertex 84.7672 -46.2273 1.85
      vertex 77.55 -35.65 1.85
      vertex 84.103 -47.3111 1.85
    endloop
  endfacet
  facet normal 0 0 1
    outer loop
      vertex 77.55 35.65 1.85
      vertex 82.3111 49.103 1.85
      vertex 81.2273 49.7672 1.85
    endloop
  endfacet
  facet normal 0 0 1
    outer loop
      vertex 84.103 -47.3111 1.85
      vertex 77.55 -35.65 1.85
      vertex 83.2776 -48.2776 1.85
    endloop
  endfacet
  facet normal 0 0 1
    outer loop
      vertex 77.55 35.65 1.85
      vertex 81.2273 49.7672 1.85
      vertex 80.053 50.2536 1.85
    endloop
  endfacet
  facet normal 0 0 1
    outer loop
      vertex 83.2776 -48.2776 1.85
      vertex 77.55 -35.65 1.85
      vertex 82.3111 -49.103 1.85
    endloop
  endfacet
  facet normal 0 0 1
    outer loop
      vertex 77.55 35.65 1.85
      vertex 80.053 50.2536 1.85
      vertex 78.8171 50.5503 1.85
    endloop
  endfacet
  facet normal 0 0 1
    outer loop
      vertex 82.3111 -49.103 1.85
      vertex 77.55 -35.65 1.85
      vertex 81.2273 -49.7672 1.85
    endloop
  endfacet
  facet normal 0 0 1
    outer loop
      vertex 77.55 35.65 1.85
      vertex 78.8171 50.5503 1.85
      vertex 77.5501 50.65 1.85
    endloop
  endfacet
  facet normal 0 0 1
    outer loop
      vertex 81.2273 -49.7672 1.85
      vertex 77.55 -35.65 1.85
      vertex 80.053 -50.2536 1.85
    endloop
  endfacet
  facet normal 0 0 1
    outer loop
      vertex 77.55 35.65 1.85
      vertex 77.5501 50.65 1.85
      vertex 77.55 50.65 1.85
    endloop
  endfacet
  facet normal 0 0 1
    outer loop
      vertex 80.053 -50.2536 1.85
      vertex 77.55 -35.65 1.85
      vertex 78.8171 -50.5503 1.85
    endloop
  endfacet
  facet normal 0 0 1
    outer loop
      vertex 78.8171 -50.5503 1.85
      vertex 77.55 -35.65 1.85
      vertex 77.5501 -50.65 1.85
    endloop
  endfacet
  facet normal 0 0 1
    outer loop
      vertex 77.5501 -50.65 1.85
      vertex 77.55 -35.65 1.85
      vertex 77.55 -50.65 1.85
    endloop
  endfacet
  facet normal -0 0 1
    outer loop
      vertex -77.5501 50.65 1.85
      vertex -77.55 35.65 1.85
      vertex -77.55 50.65 1.85
    endloop
  endfacet
  facet normal 0 0 1
    outer loop
      vertex -77.55 35.65 1.85
      vertex -85.61 5.12629 1.85
      vertex -77.55 -35.65 1.85
    endloop
  endfacet
  facet normal -0 0 1
    outer loop
      vertex -78.8171 50.5503 1.85
      vertex -77.55 35.65 1.85
      vertex -77.5501 50.65 1.85
    endloop
  endfacet
  facet normal -0 0 1
    outer loop
      vertex -85.61 -5.12629 1.85
      vertex -77.55 -35.65 1.85
      vertex -85.61 5.12629 1.85
    endloop
  endfacet
  facet normal -0 0 1
    outer loop
      vertex -80.053 50.2536 1.85
      vertex -77.55 35.65 1.85
      vertex -78.8171 50.5503 1.85
    endloop
  endfacet
  facet normal -0 0 1
    outer loop
      vertex -85.65 -5.12629 1.85
      vertex -77.55 -35.65 1.85
      vertex -85.61 -5.12629 1.85
    endloop
  endfacet
  facet normal -0 0 1
    outer loop
      vertex -81.2273 49.7672 1.85
      vertex -77.55 35.65 1.85
      vertex -80.053 50.2536 1.85
    endloop
  endfacet
  facet normal 0 -0 1
    outer loop
      vertex -85.5503 -43.8171 1.85
      vertex -77.55 -35.65 1.85
      vertex -85.65 -42.5501 1.85
    endloop
  endfacet
  facet normal -0 0 1
    outer loop
      vertex -82.3111 49.103 1.85
      vertex -77.55 35.65 1.85
      vertex -81.2273 49.7672 1.85
    endloop
  endfacet
  facet normal 0 0 1
    outer loop
      vertex -77.55 -35.65 1.85
      vertex -77.5501 -50.65 1.85
      vertex -77.55 -50.65 1.85
    endloop
  endfacet
  facet normal -0 0 1
    outer loop
      vertex -83.2776 48.2776 1.85
      vertex -77.55 35.65 1.85
      vertex -82.3111 49.103 1.85
    endloop
  endfacet
  facet normal 0 0 1
    outer loop
      vertex -77.55 -35.65 1.85
      vertex -78.8171 -50.5503 1.85
      vertex -77.5501 -50.65 1.85
    endloop
  endfacet
  facet normal -0 0 1
    outer loop
      vertex -84.103 47.3111 1.85
      vertex -77.55 35.65 1.85
      vertex -83.2776 48.2776 1.85
    endloop
  endfacet
  facet normal 0 0 1
    outer loop
      vertex -77.55 -35.65 1.85
      vertex -80.053 -50.2536 1.85
      vertex -78.8171 -50.5503 1.85
    endloop
  endfacet
  facet normal -0 0 1
    outer loop
      vertex -84.7672 46.2273 1.85
      vertex -77.55 35.65 1.85
      vertex -84.103 47.3111 1.85
    endloop
  endfacet
  facet normal 0 0 1
    outer loop
      vertex -77.55 -35.65 1.85
      vertex -81.2273 -49.7672 1.85
      vertex -80.053 -50.2536 1.85
    endloop
  endfacet
  facet normal -0 0 1
    outer loop
      vertex -85.2536 45.053 1.85
      vertex -77.55 35.65 1.85
      vertex -84.7672 46.2273 1.85
    endloop
  endfacet
  facet normal 0 0 1
    outer loop
      vertex -77.55 -35.65 1.85
      vertex -82.3111 -49.103 1.85
      vertex -81.2273 -49.7672 1.85
    endloop
  endfacet
  facet normal -0 0 1
    outer loop
      vertex -85.5503 43.8171 1.85
      vertex -77.55 35.65 1.85
      vertex -85.2536 45.053 1.85
    endloop
  endfacet
  facet normal 0 0 1
    outer loop
      vertex -77.55 -35.65 1.85
      vertex -83.2776 -48.2776 1.85
      vertex -82.3111 -49.103 1.85
    endloop
  endfacet
  facet normal 0 0 1
    outer loop
      vertex -77.55 35.65 1.85
      vertex -85.5503 43.8171 1.85
      vertex -85.65 42.5501 1.85
    endloop
  endfacet
  facet normal 0 0 1
    outer loop
      vertex -77.55 -35.65 1.85
      vertex -84.103 -47.3111 1.85
      vertex -83.2776 -48.2776 1.85
    endloop
  endfacet
  facet normal 0 0 1
    outer loop
      vertex -77.55 -35.65 1.85
      vertex -84.7672 -46.2273 1.85
      vertex -84.103 -47.3111 1.85
    endloop
  endfacet
  facet normal 0 0 1
    outer loop
      vertex -85.65 5.12629 1.85
      vertex -77.55 35.65 1.85
      vertex -85.65 42.5501 1.85
    endloop
  endfacet
  facet normal 0 0 1
    outer loop
      vertex -77.55 35.65 1.85
      vertex -85.65 5.12629 1.85
      vertex -85.61 5.12629 1.85
    endloop
  endfacet
  facet normal -0 0 1
    outer loop
      vertex -77.55 35.65 1.85
      vertex -76.05 -35.65 1.85
      vertex -76.05 35.65 1.85
    endloop
  endfacet
  facet normal 0 0 1
    outer loop
      vertex -76.05 -35.65 1.85
      vertex -77.55 35.65 1.85
      vertex -77.55 -35.65 1.85
    endloop
  endfacet
  facet normal 0 0 1
    outer loop
      vertex -76.05 35.65 1.85
      vertex -26.35 35.65 1.85
      vertex -26.35 50.65 1.85
    endloop
  endfacet
  facet normal 0 0 1
    outer loop
      vertex -26.35 35.65 1.85
      vertex -76.05 35.65 1.85
      vertex -26.35 -35.65 1.85
    endloop
  endfacet
  facet normal 0 0 1
    outer loop
      vertex -76.05 35.65 1.85
      vertex -26.35 50.65 1.85
      vertex -76.05 50.65 1.85
    endloop
  endfacet
  facet normal 0 0 1
    outer loop
      vertex -76.05 -35.65 1.85
      vertex -26.35 -35.65 1.85
      vertex -76.05 35.65 1.85
    endloop
  endfacet
  facet normal 0 0 1
    outer loop
      vertex -26.35 -35.65 1.85
      vertex -76.05 -35.65 1.85
      vertex -26.35 -50.65 1.85
    endloop
  endfacet
  facet normal 0 0 1
    outer loop
      vertex -26.35 -50.65 1.85
      vertex -76.05 -35.65 1.85
      vertex -76.05 -50.65 1.85
    endloop
  endfacet
  facet normal 0 0 1
    outer loop
      vertex -26.35 -35.65 1.85
      vertex -7.5 0 1.85
      vertex -26.35 35.65 1.85
    endloop
  endfacet
  facet normal 0 0 1
    outer loop
      vertex -7.5 0 1.85
      vertex -26.35 -35.65 1.85
      vertex -24.85 -35.65 1.85
    endloop
  endfacet
  facet normal 0 0 1
    outer loop
      vertex -77.55 -35.65 1.85
      vertex -85.2536 -45.053 1.85
      vertex -84.7672 -46.2273 1.85
    endloop
  endfacet
  facet normal 0 0 1
    outer loop
      vertex -77.55 -35.65 1.85
      vertex -85.65 -5.12629 1.85
      vertex -85.65 -42.5501 1.85
    endloop
  endfacet
  facet normal 0 0 1
    outer loop
      vertex -77.55 -35.65 1.85
      vertex -85.5503 -43.8171 1.85
      vertex -85.2536 -45.053 1.85
    endloop
  endfacet
  facet normal -0 0 1
    outer loop
      vertex -24.85 50.65 1.85
      vertex -5.12629 50.61 1.85
      vertex -5.12629 50.65 1.85
    endloop
  endfacet
  facet normal 0 0 1
    outer loop
      vertex -5.12629 50.61 1.85
      vertex -24.85 35.65 1.85
      vertex -5.3033 5.3033 1.85
    endloop
  endfacet
  facet normal 0 0 1
    outer loop
      vertex -5.3033 5.3033 1.85
      vertex -24.85 35.65 1.85
      vertex -6.06763 4.40839 1.85
    endloop
  endfacet
  facet normal 0 0 1
    outer loop
      vertex -6.06763 4.40839 1.85
      vertex -24.85 35.65 1.85
      vertex -6.68255 3.40493 1.85
    endloop
  endfacet
  facet normal -0 0 1
    outer loop
      vertex -26.35 35.65 1.85
      vertex -6.68255 3.40493 1.85
      vertex -24.85 35.65 1.85
    endloop
  endfacet
  facet normal 0 0 1
    outer loop
      vertex -6.68255 3.40493 1.85
      vertex -26.35 35.65 1.85
      vertex -7.13292 2.31763 1.85
    endloop
  endfacet
  facet normal 0 0 1
    outer loop
      vertex -5.12629 50.61 1.85
      vertex -24.85 50.65 1.85
      vertex -24.85 35.65 1.85
    endloop
  endfacet
  facet normal -0 0 1
    outer loop
      vertex 3.40493 -6.68255 1.85
      vertex 24.85 -35.65 1.85
      vertex 4.40839 -6.06763 1.85
    endloop
  endfacet
  facet normal -0 0 1
    outer loop
      vertex 2.31763 -7.13292 1.85
      vertex 24.85 -35.65 1.85
      vertex 3.40493 -6.68255 1.85
    endloop
  endfacet
  facet normal -0 0 1
    outer loop
      vertex 1.17326 -7.40766 1.85
      vertex 24.85 -35.65 1.85
      vertex 2.31763 -7.13292 1.85
    endloop
  endfacet
  facet normal 0 0 1
    outer loop
      vertex 24.85 -35.65 1.85
      vertex 1.17326 -7.40766 1.85
      vertex 5.12629 -50.61 1.85
    endloop
  endfacet
  facet normal -0 0 1
    outer loop
      vertex 0 -7.5 1.85
      vertex 5.12629 -50.61 1.85
      vertex 1.17326 -7.40766 1.85
    endloop
  endfacet
  facet normal 0 0 1
    outer loop
      vertex -5.12629 -50.61 1.85
      vertex 0 -7.5 1.85
      vertex -1.17326 -7.40766 1.85
    endloop
  endfacet
  facet normal 0 0 1
    outer loop
      vertex -24.85 -35.65 1.85
      vertex -1.17326 -7.40766 1.85
      vertex -2.31763 -7.13292 1.85
    endloop
  endfacet
  facet normal 0 0 1
    outer loop
      vertex -24.85 -35.65 1.85
      vertex -2.31763 -7.13292 1.85
      vertex -3.40493 -6.68255 1.85
    endloop
  endfacet
  facet normal 0 0 1
    outer loop
      vertex -24.85 -35.65 1.85
      vertex -3.40493 -6.68255 1.85
      vertex -4.40839 -6.06763 1.85
    endloop
  endfacet
  facet normal 0 0 1
    outer loop
      vertex 0 -7.5 1.85
      vertex -5.12629 -50.61 1.85
      vertex 5.12629 -50.61 1.85
    endloop
  endfacet
  facet normal 0 0 1
    outer loop
      vertex -24.85 -35.65 1.85
      vertex -4.40839 -6.06763 1.85
      vertex -5.3033 -5.3033 1.85
    endloop
  endfacet
  facet normal 0 0 1
    outer loop
      vertex -1.17326 -7.40766 1.85
      vertex -24.85 -35.65 1.85
      vertex -5.12629 -50.61 1.85
    endloop
  endfacet
  facet normal 0 0 1
    outer loop
      vertex -24.85 -35.65 1.85
      vertex -5.3033 -5.3033 1.85
      vertex -6.06763 -4.40839 1.85
    endloop
  endfacet
  facet normal 0 0 1
    outer loop
      vertex -24.85 -35.65 1.85
      vertex -6.06763 -4.40839 1.85
      vertex -6.68255 -3.40493 1.85
    endloop
  endfacet
  facet normal 0 0 1
    outer loop
      vertex -24.85 -35.65 1.85
      vertex -6.68255 -3.40493 1.85
      vertex -7.13292 -2.31763 1.85
    endloop
  endfacet
  facet normal 0 0 1
    outer loop
      vertex -24.85 -35.65 1.85
      vertex -7.13292 -2.31763 1.85
      vertex -7.40766 -1.17326 1.85
    endloop
  endfacet
  facet normal 0 0 1
    outer loop
      vertex -24.85 -35.65 1.85
      vertex -7.40766 -1.17326 1.85
      vertex -7.5 0 1.85
    endloop
  endfacet
  facet normal 0 0 1
    outer loop
      vertex -7.13292 2.31763 1.85
      vertex -26.35 35.65 1.85
      vertex -7.40766 1.17326 1.85
    endloop
  endfacet
  facet normal 0 0 1
    outer loop
      vertex -7.40766 1.17326 1.85
      vertex -26.35 35.65 1.85
      vertex -7.5 0 1.85
    endloop
  endfacet
  facet normal 0 0 1
    outer loop
      vertex -24.85 -50.65 1.85
      vertex -5.12629 -50.61 1.85
      vertex -24.85 -35.65 1.85
    endloop
  endfacet
  facet normal 0 0 1
    outer loop
      vertex -5.12629 -50.61 1.85
      vertex -24.85 -50.65 1.85
      vertex -5.12629 -50.65 1.85
    endloop
  endfacet
  facet normal -0 0 1
    outer loop
      vertex 5.12629 50.61 1.85
      vertex 24.85 35.65 1.85
      vertex 24.85 50.65 1.85
    endloop
  endfacet
  facet normal 0 -0 1
    outer loop
      vertex 7.5 0 1.85
      vertex 24.85 35.65 1.85
      vertex 7.40766 1.17326 1.85
    endloop
  endfacet
  facet normal -0 0 1
    outer loop
      vertex 7.40766 -1.17326 1.85
      vertex 24.85 -35.65 1.85
      vertex 7.5 0 1.85
    endloop
  endfacet
  facet normal 0 0 1
    outer loop
      vertex 24.85 35.65 1.85
      vertex 7.5 0 1.85
      vertex 24.85 -35.65 1.85
    endloop
  endfacet
  facet normal 0 0 1
    outer loop
      vertex 24.85 35.65 1.85
      vertex 7.13292 2.31763 1.85
      vertex 7.40766 1.17326 1.85
    endloop
  endfacet
  facet normal 0 0 1
    outer loop
      vertex 24.85 35.65 1.85
      vertex 6.68255 3.40493 1.85
      vertex 7.13292 2.31763 1.85
    endloop
  endfacet
  facet normal 0 0 1
    outer loop
      vertex 24.85 35.65 1.85
      vertex 6.06763 4.40839 1.85
      vertex 6.68255 3.40493 1.85
    endloop
  endfacet
  facet normal 0 0 1
    outer loop
      vertex 24.85 35.65 1.85
      vertex 5.3033 5.3033 1.85
      vertex 6.06763 4.40839 1.85
    endloop
  endfacet
  facet normal 0 0 1
    outer loop
      vertex 5.12629 50.61 1.85
      vertex 24.85 50.65 1.85
      vertex 5.12629 50.65 1.85
    endloop
  endfacet
  facet normal 0 0 1
    outer loop
      vertex 1.17326 7.40766 1.85
      vertex 24.85 35.65 1.85
      vertex 5.12629 50.61 1.85
    endloop
  endfacet
  facet normal 0 0 1
    outer loop
      vertex 24.85 35.65 1.85
      vertex 4.40839 6.06763 1.85
      vertex 5.3033 5.3033 1.85
    endloop
  endfacet
  facet normal 0 0 1
    outer loop
      vertex 24.85 35.65 1.85
      vertex 3.40493 6.68255 1.85
      vertex 4.40839 6.06763 1.85
    endloop
  endfacet
  facet normal 0 0 1
    outer loop
      vertex 24.85 35.65 1.85
      vertex 2.31763 7.13292 1.85
      vertex 3.40493 6.68255 1.85
    endloop
  endfacet
  facet normal 0 0 1
    outer loop
      vertex 24.85 35.65 1.85
      vertex 1.17326 7.40766 1.85
      vertex 2.31763 7.13292 1.85
    endloop
  endfacet
  facet normal 0 0 1
    outer loop
      vertex 5.12629 50.61 1.85
      vertex 0 7.5 1.85
      vertex 1.17326 7.40766 1.85
    endloop
  endfacet
  facet normal -0 0 1
    outer loop
      vertex -5.12629 50.61 1.85
      vertex 0 7.5 1.85
      vertex 5.12629 50.61 1.85
    endloop
  endfacet
  facet normal 0 0 1
    outer loop
      vertex 0 7.5 1.85
      vertex -5.12629 50.61 1.85
      vertex -1.17326 7.40766 1.85
    endloop
  endfacet
  facet normal 0 0 1
    outer loop
      vertex -1.17326 7.40766 1.85
      vertex -5.12629 50.61 1.85
      vertex -2.31763 7.13292 1.85
    endloop
  endfacet
  facet normal 0 0 1
    outer loop
      vertex -2.31763 7.13292 1.85
      vertex -5.12629 50.61 1.85
      vertex -3.40493 6.68255 1.85
    endloop
  endfacet
  facet normal 0 0 1
    outer loop
      vertex -3.40493 6.68255 1.85
      vertex -5.12629 50.61 1.85
      vertex -4.40839 6.06763 1.85
    endloop
  endfacet
  facet normal 0 0 1
    outer loop
      vertex -4.40839 6.06763 1.85
      vertex -5.12629 50.61 1.85
      vertex -5.3033 5.3033 1.85
    endloop
  endfacet
  facet normal -0 0 1
    outer loop
      vertex 24.85 35.65 1.85
      vertex 26.35 -35.65 1.85
      vertex 26.35 35.65 1.85
    endloop
  endfacet
  facet normal 0 0 1
    outer loop
      vertex 26.35 -35.65 1.85
      vertex 24.85 35.65 1.85
      vertex 24.85 -35.65 1.85
    endloop
  endfacet
  facet normal 0 0 1
    outer loop
      vertex 26.35 35.65 1.85
      vertex 76.05 35.65 1.85
      vertex 76.05 50.65 1.85
    endloop
  endfacet
  facet normal 0 0 1
    outer loop
      vertex 26.35 -35.65 1.85
      vertex 85.61 -5.12629 1.85
      vertex 26.35 35.65 1.85
    endloop
  endfacet
  facet normal 0 0 1
    outer loop
      vertex 26.35 35.65 1.85
      vertex 76.05 50.65 1.85
      vertex 26.35 50.65 1.85
    endloop
  endfacet
  facet normal 0 0 1
    outer loop
      vertex 85.61 -5.12629 1.85
      vertex 26.35 -35.65 1.85
      vertex 76.05 -35.65 1.85
    endloop
  endfacet
  facet normal 0 0 1
    outer loop
      vertex 76.05 -35.65 1.85
      vertex 26.35 -35.65 1.85
      vertex 76.05 -50.65 1.85
    endloop
  endfacet
  facet normal 0 0 1
    outer loop
      vertex 76.05 -50.65 1.85
      vertex 26.35 -35.65 1.85
      vertex 26.35 -50.65 1.85
    endloop
  endfacet
  facet normal 0 0 1
    outer loop
      vertex 85.61 5.12629 1.85
      vertex 26.35 35.65 1.85
      vertex 85.61 -5.12629 1.85
    endloop
  endfacet
  facet normal 0 0 1
    outer loop
      vertex 85.61 -5.12629 1.85
      vertex 76.05 -35.65 1.85
      vertex 77.55 -35.65 1.85
    endloop
  endfacet
  facet normal -0 0 1
    outer loop
      vertex 7.13292 -2.31763 1.85
      vertex 24.85 -35.65 1.85
      vertex 7.40766 -1.17326 1.85
    endloop
  endfacet
  facet normal -0 0 1
    outer loop
      vertex 6.68255 -3.40493 1.85
      vertex 24.85 -35.65 1.85
      vertex 7.13292 -2.31763 1.85
    endloop
  endfacet
  facet normal -0 0 1
    outer loop
      vertex 6.06763 -4.40839 1.85
      vertex 24.85 -35.65 1.85
      vertex 6.68255 -3.40493 1.85
    endloop
  endfacet
  facet normal -0 0 1
    outer loop
      vertex 5.3033 -5.3033 1.85
      vertex 24.85 -35.65 1.85
      vertex 6.06763 -4.40839 1.85
    endloop
  endfacet
  facet normal -0 0 1
    outer loop
      vertex 4.40839 -6.06763 1.85
      vertex 24.85 -35.65 1.85
      vertex 5.3033 -5.3033 1.85
    endloop
  endfacet
  facet normal 0 0 1
    outer loop
      vertex 24.85 -35.65 1.85
      vertex 5.12629 -50.61 1.85
      vertex 24.85 -50.65 1.85
    endloop
  endfacet
  facet normal 0 0 1
    outer loop
      vertex 24.85 -50.65 1.85
      vertex 5.12629 -50.61 1.85
      vertex 5.12629 -50.65 1.85
    endloop
  endfacet
  facet normal -0.233435 -0.972372 0
    outer loop
      vertex 78.8171 50.5503 1.85
      vertex 80.053 50.2536 70
      vertex 78.8171 50.5503 70
    endloop
  endfacet
  facet normal -0.233435 -0.972372 -0
    outer loop
      vertex 80.053 50.2536 70
      vertex 78.8171 50.5503 1.85
      vertex 80.053 50.2536 1.85
    endloop
  endfacet
  facet normal -0.852624 0.522525 0
    outer loop
      vertex 84.103 -47.3111 1.85
      vertex 84.7672 -46.2273 70
      vertex 84.7672 -46.2273 1.85
    endloop
  endfacet
  facet normal -0.852624 0.522525 0
    outer loop
      vertex 84.7672 -46.2273 70
      vertex 84.103 -47.3111 1.85
      vertex 84.103 -47.3111 70
    endloop
  endfacet
  facet normal -0.972372 0.233435 0
    outer loop
      vertex 85.2536 -45.053 1.85
      vertex 85.5503 -43.8171 70
      vertex 85.5503 -43.8171 1.85
    endloop
  endfacet
  facet normal -0.972372 0.233435 0
    outer loop
      vertex 85.5503 -43.8171 70
      vertex 85.2536 -45.053 1.85
      vertex 85.2536 -45.053 70
    endloop
  endfacet
  facet normal -0.760433 0.649417 0
    outer loop
      vertex 83.2776 -48.2776 1.85
      vertex 84.103 -47.3111 70
      vertex 84.103 -47.3111 1.85
    endloop
  endfacet
  facet normal -0.760433 0.649417 0
    outer loop
      vertex 84.103 -47.3111 70
      vertex 83.2776 -48.2776 1.85
      vertex 83.2776 -48.2776 70
    endloop
  endfacet
  facet normal -0.996918 0.0784473 0
    outer loop
      vertex 85.5503 -43.8171 1.85
      vertex 85.65 -42.5501 70
      vertex 85.65 -42.5501 1.85
    endloop
  endfacet
  facet normal -0.996918 0.0784473 0
    outer loop
      vertex 85.65 -42.5501 70
      vertex 85.5503 -43.8171 1.85
      vertex 85.5503 -43.8171 70
    endloop
  endfacet
  facet normal -0.649417 -0.760433 0
    outer loop
      vertex 82.3111 49.103 1.85
      vertex 83.2776 48.2776 70
      vertex 82.3111 49.103 70
    endloop
  endfacet
  facet normal -0.649417 -0.760433 -0
    outer loop
      vertex 83.2776 48.2776 70
      vertex 82.3111 49.103 1.85
      vertex 83.2776 48.2776 1.85
    endloop
  endfacet
  facet normal 0 1 -0
    outer loop
      vertex -26.35 -50.65 1.85
      vertex -76.05 -50.65 36.85
      vertex -26.35 -50.65 36.85
    endloop
  endfacet
  facet normal 0 1 0
    outer loop
      vertex -76.05 -50.65 36.85
      vertex -26.35 -50.65 1.85
      vertex -76.05 -50.65 1.85
    endloop
  endfacet
  facet normal 0 1 -0
    outer loop
      vertex -4.70228 -50.65 36.4321
      vertex -24.85 -50.65 36.85
      vertex -3.63192 -50.65 37.0881
    endloop
  endfacet
  facet normal 0 1 -0
    outer loop
      vertex -5.65685 -50.65 35.6169
      vertex -24.85 -50.65 36.85
      vertex -4.70228 -50.65 36.4321
    endloop
  endfacet
  facet normal 0 1 -0
    outer loop
      vertex -6.47214 -50.65 34.6623
      vertex -24.85 -50.65 36.85
      vertex -5.65685 -50.65 35.6169
    endloop
  endfacet
  facet normal 0 1 -0
    outer loop
      vertex -7.12805 -50.65 33.5919
      vertex -24.85 -50.65 36.85
      vertex -6.47214 -50.65 34.6623
    endloop
  endfacet
  facet normal 0 1 -0
    outer loop
      vertex -7.60845 -50.65 32.4321
      vertex -24.85 -50.65 36.85
      vertex -7.12805 -50.65 33.5919
    endloop
  endfacet
  facet normal 0 1 -0
    outer loop
      vertex -7.90151 -50.65 31.2115
      vertex -24.85 -50.65 36.85
      vertex -7.60845 -50.65 32.4321
    endloop
  endfacet
  facet normal 0 1 -0
    outer loop
      vertex -8 -50.65 29.96
      vertex -24.85 -50.65 36.85
      vertex -7.90151 -50.65 31.2115
    endloop
  endfacet
  facet normal 0 1 0
    outer loop
      vertex -24.85 -50.65 1.85
      vertex -8 -50.65 29.96
      vertex -8 -50.65 7.96
    endloop
  endfacet
  facet normal 0 1 0
    outer loop
      vertex -24.85 -50.65 1.85
      vertex -8 -50.65 7.96
      vertex -7.90151 -50.65 6.70852
    endloop
  endfacet
  facet normal 0 1 0
    outer loop
      vertex -24.85 -50.65 1.85
      vertex -7.90151 -50.65 6.70852
      vertex -7.60845 -50.65 5.48786
    endloop
  endfacet
  facet normal 0 1 0
    outer loop
      vertex -24.85 -50.65 1.85
      vertex -7.60845 -50.65 5.48786
      vertex -7.12805 -50.65 4.32808
    endloop
  endfacet
  facet normal 0 1 0
    outer loop
      vertex -8 -50.65 29.96
      vertex -24.85 -50.65 1.85
      vertex -24.85 -50.65 36.85
    endloop
  endfacet
  facet normal 0 1 0
    outer loop
      vertex -6.47214 -50.65 3.25772
      vertex -24.85 -50.65 1.85
      vertex -7.12805 -50.65 4.32808
    endloop
  endfacet
  facet normal 0 1 0
    outer loop
      vertex -5.65685 -50.65 2.30315
      vertex -24.85 -50.65 1.85
      vertex -6.47214 -50.65 3.25772
    endloop
  endfacet
  facet normal 0 1 0
    outer loop
      vertex -24.85 -50.65 1.85
      vertex -5.65685 -50.65 2.30315
      vertex -5.12629 -50.65 1.85
    endloop
  endfacet
  facet normal 0 1 -0
    outer loop
      vertex 76.05 -50.65 1.85
      vertex 26.35 -50.65 36.85
      vertex 76.05 -50.65 36.85
    endloop
  endfacet
  facet normal 0 1 0
    outer loop
      vertex 26.35 -50.65 36.85
      vertex 76.05 -50.65 1.85
      vertex 26.35 -50.65 1.85
    endloop
  endfacet
  facet normal 0 1 0
    outer loop
      vertex 77.5501 -50.65 70
      vertex 0 -50.65 37.96
      vertex -77.5501 -50.65 70
    endloop
  endfacet
  facet normal 0 1 0
    outer loop
      vertex 77.5501 -50.65 70
      vertex 1.25148 -50.65 37.8615
      vertex 0 -50.65 37.96
    endloop
  endfacet
  facet normal 0 1 -0
    outer loop
      vertex 24.85 -50.65 36.85
      vertex 1.25148 -50.65 37.8615
      vertex 77.5501 -50.65 70
    endloop
  endfacet
  facet normal 0 1 0
    outer loop
      vertex 1.25148 -50.65 37.8615
      vertex 24.85 -50.65 36.85
      vertex 2.47214 -50.65 37.5685
    endloop
  endfacet
  facet normal 0 1 0
    outer loop
      vertex 76.05 -50.65 36.85
      vertex 77.5501 -50.65 70
      vertex 77.55 -50.65 36.85
    endloop
  endfacet
  facet normal 0 1 -0
    outer loop
      vertex 77.5501 -50.65 1.85
      vertex 77.55 -50.65 36.85
      vertex 77.5501 -50.65 70
    endloop
  endfacet
  facet normal 0 1 0
    outer loop
      vertex 77.55 -50.65 36.85
      vertex 77.5501 -50.65 1.85
      vertex 77.55 -50.65 1.85
    endloop
  endfacet
  facet normal 0 1 -0
    outer loop
      vertex -1.25148 -50.65 37.8615
      vertex -77.5501 -50.65 70
      vertex 0 -50.65 37.96
    endloop
  endfacet
  facet normal 0 1 0
    outer loop
      vertex -24.85 -50.65 36.85
      vertex -1.25148 -50.65 37.8615
      vertex -2.47214 -50.65 37.5685
    endloop
  endfacet
  facet normal 0 1 0
    outer loop
      vertex -24.85 -50.65 36.85
      vertex -2.47214 -50.65 37.5685
      vertex -3.63192 -50.65 37.0881
    endloop
  endfacet
  facet normal 0 1 0
    outer loop
      vertex -1.25148 -50.65 37.8615
      vertex -24.85 -50.65 36.85
      vertex -77.5501 -50.65 70
    endloop
  endfacet
  facet normal 0 1 -0
    outer loop
      vertex -26.35 -50.65 36.85
      vertex -77.5501 -50.65 70
      vertex -24.85 -50.65 36.85
    endloop
  endfacet
  facet normal 0 1 -0
    outer loop
      vertex -76.05 -50.65 36.85
      vertex -77.5501 -50.65 70
      vertex -26.35 -50.65 36.85
    endloop
  endfacet
  facet normal 0 1 -0
    outer loop
      vertex -77.55 -50.65 36.85
      vertex -77.5501 -50.65 70
      vertex -76.05 -50.65 36.85
    endloop
  endfacet
  facet normal 0 1 0
    outer loop
      vertex -77.5501 -50.65 1.85
      vertex -77.55 -50.65 36.85
      vertex -77.55 -50.65 1.85
    endloop
  endfacet
  facet normal 0 1 0
    outer loop
      vertex -77.55 -50.65 36.85
      vertex -77.5501 -50.65 1.85
      vertex -77.5501 -50.65 70
    endloop
  endfacet
  facet normal 0 1 0
    outer loop
      vertex 26.35 -50.65 36.85
      vertex 77.5501 -50.65 70
      vertex 76.05 -50.65 36.85
    endloop
  endfacet
  facet normal 0 1 0
    outer loop
      vertex 24.85 -50.65 36.85
      vertex 77.5501 -50.65 70
      vertex 26.35 -50.65 36.85
    endloop
  endfacet
  facet normal 0 1 0
    outer loop
      vertex 2.47214 -50.65 37.5685
      vertex 24.85 -50.65 36.85
      vertex 3.63192 -50.65 37.0881
    endloop
  endfacet
  facet normal 0 1 0
    outer loop
      vertex 24.85 -50.65 36.85
      vertex 4.70228 -50.65 36.4321
      vertex 3.63192 -50.65 37.0881
    endloop
  endfacet
  facet normal 0 1 0
    outer loop
      vertex 24.85 -50.65 36.85
      vertex 5.65685 -50.65 35.6169
      vertex 4.70228 -50.65 36.4321
    endloop
  endfacet
  facet normal 0 1 0
    outer loop
      vertex 24.85 -50.65 36.85
      vertex 6.47214 -50.65 34.6623
      vertex 5.65685 -50.65 35.6169
    endloop
  endfacet
  facet normal 0 1 0
    outer loop
      vertex 24.85 -50.65 36.85
      vertex 7.12805 -50.65 33.5919
      vertex 6.47214 -50.65 34.6623
    endloop
  endfacet
  facet normal 0 1 0
    outer loop
      vertex 24.85 -50.65 36.85
      vertex 7.60845 -50.65 32.4321
      vertex 7.12805 -50.65 33.5919
    endloop
  endfacet
  facet normal 0 1 0
    outer loop
      vertex 24.85 -50.65 36.85
      vertex 7.90151 -50.65 31.2115
      vertex 7.60845 -50.65 32.4321
    endloop
  endfacet
  facet normal 0 1 0
    outer loop
      vertex 24.85 -50.65 36.85
      vertex 8 -50.65 29.96
      vertex 7.90151 -50.65 31.2115
    endloop
  endfacet
  facet normal 0 1 -0
    outer loop
      vertex 24.85 -50.65 1.85
      vertex 8 -50.65 29.96
      vertex 24.85 -50.65 36.85
    endloop
  endfacet
  facet normal 0 1 0
    outer loop
      vertex 8 -50.65 29.96
      vertex 24.85 -50.65 1.85
      vertex 8 -50.65 7.96
    endloop
  endfacet
  facet normal 0 1 0
    outer loop
      vertex 8 -50.65 7.96
      vertex 24.85 -50.65 1.85
      vertex 7.90151 -50.65 6.70852
    endloop
  endfacet
  facet normal 0 1 0
    outer loop
      vertex 7.90151 -50.65 6.70852
      vertex 24.85 -50.65 1.85
      vertex 7.60845 -50.65 5.48786
    endloop
  endfacet
  facet normal 0 1 0
    outer loop
      vertex 7.60845 -50.65 5.48786
      vertex 24.85 -50.65 1.85
      vertex 7.12805 -50.65 4.32808
    endloop
  endfacet
  facet normal 0 1 0
    outer loop
      vertex 24.85 -50.65 1.85
      vertex 6.47214 -50.65 3.25772
      vertex 7.12805 -50.65 4.32808
    endloop
  endfacet
  facet normal 0 1 0
    outer loop
      vertex 24.85 -50.65 1.85
      vertex 5.65685 -50.65 2.30315
      vertex 6.47214 -50.65 3.25772
    endloop
  endfacet
  facet normal 0 1 0
    outer loop
      vertex 5.65685 -50.65 2.30315
      vertex 24.85 -50.65 1.85
      vertex 5.12629 -50.65 1.85
    endloop
  endfacet
  facet normal 0.760433 0.649417 0
    outer loop
      vertex -83.2776 -48.2776 70
      vertex -84.103 -47.3111 1.85
      vertex -84.103 -47.3111 70
    endloop
  endfacet
  facet normal 0.760433 0.649417 0
    outer loop
      vertex -84.103 -47.3111 1.85
      vertex -83.2776 -48.2776 70
      vertex -83.2776 -48.2776 1.85
    endloop
  endfacet
  facet normal 0.852624 0.522525 0
    outer loop
      vertex -84.103 -47.3111 70
      vertex -84.7672 -46.2273 1.85
      vertex -84.7672 -46.2273 70
    endloop
  endfacet
  facet normal 0.852624 0.522525 0
    outer loop
      vertex -84.7672 -46.2273 1.85
      vertex -84.103 -47.3111 70
      vertex -84.103 -47.3111 1.85
    endloop
  endfacet
  facet normal 0.972372 -0.233435 0
    outer loop
      vertex -85.5503 43.8171 70
      vertex -85.2536 45.053 1.85
      vertex -85.2536 45.053 70
    endloop
  endfacet
  facet normal 0.972372 -0.233435 0
    outer loop
      vertex -85.2536 45.053 1.85
      vertex -85.5503 43.8171 70
      vertex -85.5503 43.8171 1.85
    endloop
  endfacet
  facet normal 0.923883 -0.382676 0
    outer loop
      vertex -85.2536 45.053 70
      vertex -84.7672 46.2273 1.85
      vertex -84.7672 46.2273 70
    endloop
  endfacet
  facet normal 0.923883 -0.382676 0
    outer loop
      vertex -84.7672 46.2273 1.85
      vertex -85.2536 45.053 70
      vertex -85.2536 45.053 1.85
    endloop
  endfacet
  facet normal 0.852624 -0.522525 0
    outer loop
      vertex -84.7672 46.2273 70
      vertex -84.103 47.3111 1.85
      vertex -84.103 47.3111 70
    endloop
  endfacet
  facet normal 0.852624 -0.522525 0
    outer loop
      vertex -84.103 47.3111 1.85
      vertex -84.7672 46.2273 70
      vertex -84.7672 46.2273 1.85
    endloop
  endfacet
  facet normal 0.649417 -0.760433 0
    outer loop
      vertex -83.2776 48.2776 1.85
      vertex -82.3111 49.103 70
      vertex -83.2776 48.2776 70
    endloop
  endfacet
  facet normal 0.649417 -0.760433 0
    outer loop
      vertex -82.3111 49.103 70
      vertex -83.2776 48.2776 1.85
      vertex -82.3111 49.103 1.85
    endloop
  endfacet
  facet normal 0.522525 -0.852624 0
    outer loop
      vertex -82.3111 49.103 1.85
      vertex -81.2273 49.7672 70
      vertex -82.3111 49.103 70
    endloop
  endfacet
  facet normal 0.522525 -0.852624 0
    outer loop
      vertex -81.2273 49.7672 70
      vertex -82.3111 49.103 1.85
      vertex -81.2273 49.7672 1.85
    endloop
  endfacet
  facet normal 0.233435 -0.972372 0
    outer loop
      vertex -80.053 50.2536 1.85
      vertex -78.8171 50.5503 70
      vertex -80.053 50.2536 70
    endloop
  endfacet
  facet normal 0.233435 -0.972372 0
    outer loop
      vertex -78.8171 50.5503 70
      vertex -80.053 50.2536 1.85
      vertex -78.8171 50.5503 1.85
    endloop
  endfacet
  facet normal 0.0784473 -0.996918 0
    outer loop
      vertex -78.8171 50.5503 1.85
      vertex -77.5501 50.65 70
      vertex -78.8171 50.5503 70
    endloop
  endfacet
  facet normal 0.0784473 -0.996918 0
    outer loop
      vertex -77.5501 50.65 70
      vertex -78.8171 50.5503 1.85
      vertex -77.5501 50.65 1.85
    endloop
  endfacet
  facet normal -0.923883 -0.382676 0
    outer loop
      vertex 85.2536 45.053 1.85
      vertex 84.7672 46.2273 70
      vertex 84.7672 46.2273 1.85
    endloop
  endfacet
  facet normal -0.923883 -0.382676 0
    outer loop
      vertex 84.7672 46.2273 70
      vertex 85.2536 45.053 1.85
      vertex 85.2536 45.053 70
    endloop
  endfacet
  facet normal -0.233435 0.972372 0
    outer loop
      vertex 80.053 -50.2536 1.85
      vertex 78.8171 -50.5503 70
      vertex 80.053 -50.2536 70
    endloop
  endfacet
  facet normal -0.233435 0.972372 0
    outer loop
      vertex 78.8171 -50.5503 70
      vertex 80.053 -50.2536 1.85
      vertex 78.8171 -50.5503 1.85
    endloop
  endfacet
  facet normal -0.0784473 0.996918 0
    outer loop
      vertex 78.8171 -50.5503 1.85
      vertex 77.5501 -50.65 70
      vertex 78.8171 -50.5503 70
    endloop
  endfacet
  facet normal -0.0784473 0.996918 0
    outer loop
      vertex 77.5501 -50.65 70
      vertex 78.8171 -50.5503 1.85
      vertex 77.5501 -50.65 1.85
    endloop
  endfacet
  facet normal 0.972372 0.233435 0
    outer loop
      vertex -85.2536 -45.053 70
      vertex -85.5503 -43.8171 1.85
      vertex -85.5503 -43.8171 70
    endloop
  endfacet
  facet normal 0.972372 0.233435 0
    outer loop
      vertex -85.5503 -43.8171 1.85
      vertex -85.2536 -45.053 70
      vertex -85.2536 -45.053 1.85
    endloop
  endfacet
  facet normal 0.996918 0.0784473 0
    outer loop
      vertex -85.5503 -43.8171 70
      vertex -85.65 -42.5501 1.85
      vertex -85.65 -42.5501 70
    endloop
  endfacet
  facet normal 0.996918 0.0784473 0
    outer loop
      vertex -85.65 -42.5501 1.85
      vertex -85.5503 -43.8171 70
      vertex -85.5503 -43.8171 1.85
    endloop
  endfacet
  facet normal 0.923883 0.382676 0
    outer loop
      vertex -84.7672 -46.2273 70
      vertex -85.2536 -45.053 1.85
      vertex -85.2536 -45.053 70
    endloop
  endfacet
  facet normal 0.923883 0.382676 0
    outer loop
      vertex -85.2536 -45.053 1.85
      vertex -84.7672 -46.2273 70
      vertex -84.7672 -46.2273 1.85
    endloop
  endfacet
  facet normal -0.649417 0.760433 0
    outer loop
      vertex 83.2776 -48.2776 1.85
      vertex 82.3111 -49.103 70
      vertex 83.2776 -48.2776 70
    endloop
  endfacet
  facet normal -0.649417 0.760433 0
    outer loop
      vertex 82.3111 -49.103 70
      vertex 83.2776 -48.2776 1.85
      vertex 82.3111 -49.103 1.85
    endloop
  endfacet
  facet normal -0.522525 0.852624 0
    outer loop
      vertex 82.3111 -49.103 1.85
      vertex 81.2273 -49.7672 70
      vertex 82.3111 -49.103 70
    endloop
  endfacet
  facet normal -0.522525 0.852624 0
    outer loop
      vertex 81.2273 -49.7672 70
      vertex 82.3111 -49.103 1.85
      vertex 81.2273 -49.7672 1.85
    endloop
  endfacet
  facet normal -0.760433 -0.649417 0
    outer loop
      vertex 84.103 47.3111 1.85
      vertex 83.2776 48.2776 70
      vertex 83.2776 48.2776 1.85
    endloop
  endfacet
  facet normal -0.760433 -0.649417 0
    outer loop
      vertex 83.2776 48.2776 70
      vertex 84.103 47.3111 1.85
      vertex 84.103 47.3111 70
    endloop
  endfacet
  facet normal -0.852624 -0.522525 0
    outer loop
      vertex 84.7672 46.2273 1.85
      vertex 84.103 47.3111 70
      vertex 84.103 47.3111 1.85
    endloop
  endfacet
  facet normal -0.852624 -0.522525 0
    outer loop
      vertex 84.103 47.3111 70
      vertex 84.7672 46.2273 1.85
      vertex 84.7672 46.2273 70
    endloop
  endfacet
  facet normal -0.972372 -0.233435 0
    outer loop
      vertex 85.5503 43.8171 1.85
      vertex 85.2536 45.053 70
      vertex 85.2536 45.053 1.85
    endloop
  endfacet
  facet normal -0.972372 -0.233435 0
    outer loop
      vertex 85.2536 45.053 70
      vertex 85.5503 43.8171 1.85
      vertex 85.5503 43.8171 70
    endloop
  endfacet
  facet normal -0.996918 -0.0784473 0
    outer loop
      vertex 85.65 42.5501 1.85
      vertex 85.5503 43.8171 70
      vertex 85.5503 43.8171 1.85
    endloop
  endfacet
  facet normal -0.996918 -0.0784473 0
    outer loop
      vertex 85.5503 43.8171 70
      vertex 85.65 42.5501 1.85
      vertex 85.65 42.5501 70
    endloop
  endfacet
  facet normal 0 -0.919145 0.393919
    outer loop
      vertex -77.55 35.65 1.85
      vertex -76.05 50.65 36.85
      vertex -77.55 50.65 36.85
    endloop
  endfacet
  facet normal 0 -0.919145 0.393919
    outer loop
      vertex -76.05 50.65 36.85
      vertex -77.55 35.65 1.85
      vertex -76.05 35.65 1.85
    endloop
  endfacet
  facet normal -1 0 0
    outer loop
      vertex -77.55 50.65 1.85
      vertex -77.55 35.65 1.85
      vertex -77.55 50.65 36.85
    endloop
  endfacet
  facet normal 1 0 0
    outer loop
      vertex -76.05 50.65 36.85
      vertex -76.05 35.65 1.85
      vertex -76.05 50.65 1.85
    endloop
  endfacet
  facet normal 1 0 0
    outer loop
      vertex -76.05 -50.65 36.85
      vertex -76.05 -50.65 1.85
      vertex -76.05 -35.65 1.85
    endloop
  endfacet
  facet normal -1 0 0
    outer loop
      vertex -77.55 -35.65 1.85
      vertex -77.55 -50.65 1.85
      vertex -77.55 -50.65 36.85
    endloop
  endfacet
  facet normal 0 0.919145 0.393919
    outer loop
      vertex -76.05 -35.65 1.85
      vertex -77.55 -50.65 36.85
      vertex -76.05 -50.65 36.85
    endloop
  endfacet
  facet normal 0 0.919145 0.393919
    outer loop
      vertex -77.55 -50.65 36.85
      vertex -76.05 -35.65 1.85
      vertex -77.55 -35.65 1.85
    endloop
  endfacet
  facet normal 0 -0.919145 0.393919
    outer loop
      vertex -26.35 35.65 1.85
      vertex -24.85 50.65 36.85
      vertex -26.35 50.65 36.85
    endloop
  endfacet
  facet normal 0 -0.919145 0.393919
    outer loop
      vertex -24.85 50.65 36.85
      vertex -26.35 35.65 1.85
      vertex -24.85 35.65 1.85
    endloop
  endfacet
  facet normal -1 0 0
    outer loop
      vertex -26.35 50.65 1.85
      vertex -26.35 35.65 1.85
      vertex -26.35 50.65 36.85
    endloop
  endfacet
  facet normal 1 0 0
    outer loop
      vertex -24.85 50.65 36.85
      vertex -24.85 35.65 1.85
      vertex -24.85 50.65 1.85
    endloop
  endfacet
  facet normal 1 0 0
    outer loop
      vertex -24.85 -50.65 36.85
      vertex -24.85 -50.65 1.85
      vertex -24.85 -35.65 1.85
    endloop
  endfacet
  facet normal -1 0 0
    outer loop
      vertex -26.35 -35.65 1.85
      vertex -26.35 -50.65 1.85
      vertex -26.35 -50.65 36.85
    endloop
  endfacet
  facet normal 0 0.919145 0.393919
    outer loop
      vertex -24.85 -35.65 1.85
      vertex -26.35 -50.65 36.85
      vertex -24.85 -50.65 36.85
    endloop
  endfacet
  facet normal 0 0.919145 0.393919
    outer loop
      vertex -26.35 -50.65 36.85
      vertex -24.85 -35.65 1.85
      vertex -26.35 -35.65 1.85
    endloop
  endfacet
  facet normal 0 -0.919145 0.393919
    outer loop
      vertex 24.85 35.65 1.85
      vertex 26.35 50.65 36.85
      vertex 24.85 50.65 36.85
    endloop
  endfacet
  facet normal 0 -0.919145 0.393919
    outer loop
      vertex 26.35 50.65 36.85
      vertex 24.85 35.65 1.85
      vertex 26.35 35.65 1.85
    endloop
  endfacet
  facet normal -1 0 0
    outer loop
      vertex 24.85 50.65 1.85
      vertex 24.85 35.65 1.85
      vertex 24.85 50.65 36.85
    endloop
  endfacet
  facet normal 1 0 0
    outer loop
      vertex 26.35 50.65 36.85
      vertex 26.35 35.65 1.85
      vertex 26.35 50.65 1.85
    endloop
  endfacet
  facet normal 1 0 0
    outer loop
      vertex 26.35 -50.65 36.85
      vertex 26.35 -50.65 1.85
      vertex 26.35 -35.65 1.85
    endloop
  endfacet
  facet normal -1 0 0
    outer loop
      vertex 24.85 -35.65 1.85
      vertex 24.85 -50.65 1.85
      vertex 24.85 -50.65 36.85
    endloop
  endfacet
  facet normal 0 0.919145 0.393919
    outer loop
      vertex 26.35 -35.65 1.85
      vertex 24.85 -50.65 36.85
      vertex 26.35 -50.65 36.85
    endloop
  endfacet
  facet normal 0 0.919145 0.393919
    outer loop
      vertex 24.85 -50.65 36.85
      vertex 26.35 -35.65 1.85
      vertex 24.85 -35.65 1.85
    endloop
  endfacet
  facet normal 0 -0.919145 0.393919
    outer loop
      vertex 76.05 35.65 1.85
      vertex 77.55 50.65 36.85
      vertex 76.05 50.65 36.85
    endloop
  endfacet
  facet normal 0 -0.919145 0.393919
    outer loop
      vertex 77.55 50.65 36.85
      vertex 76.05 35.65 1.85
      vertex 77.55 35.65 1.85
    endloop
  endfacet
  facet normal -1 0 0
    outer loop
      vertex 76.05 50.65 1.85
      vertex 76.05 35.65 1.85
      vertex 76.05 50.65 36.85
    endloop
  endfacet
  facet normal 1 0 0
    outer loop
      vertex 77.55 50.65 36.85
      vertex 77.55 35.65 1.85
      vertex 77.55 50.65 1.85
    endloop
  endfacet
  facet normal 1 0 0
    outer loop
      vertex 77.55 -50.65 36.85
      vertex 77.55 -50.65 1.85
      vertex 77.55 -35.65 1.85
    endloop
  endfacet
  facet normal -1 0 0
    outer loop
      vertex 76.05 -35.65 1.85
      vertex 76.05 -50.65 1.85
      vertex 76.05 -50.65 36.85
    endloop
  endfacet
  facet normal 0 0.919145 0.393919
    outer loop
      vertex 77.55 -35.65 1.85
      vertex 76.05 -50.65 36.85
      vertex 77.55 -50.65 36.85
    endloop
  endfacet
  facet normal 0 0.919145 0.393919
    outer loop
      vertex 76.05 -50.65 36.85
      vertex 77.55 -35.65 1.85
      vertex 76.05 -35.65 1.85
    endloop
  endfacet
  facet normal 0.64945 0.760404 -0
    outer loop
      vertex 5.3033 5.3033 1.85
      vertex 4.40839 6.06763 70
      vertex 5.3033 5.3033 70
    endloop
  endfacet
  facet normal 0.64945 0.760404 0
    outer loop
      vertex 4.40839 6.06763 70
      vertex 5.3033 5.3033 1.85
      vertex 4.40839 6.06763 1.85
    endloop
  endfacet
  facet normal 0.97237 -0.233446 0
    outer loop
      vertex 7.13292 -2.31763 70
      vertex 7.40766 -1.17326 1.85
      vertex 7.40766 -1.17326 70
    endloop
  endfacet
  facet normal 0.97237 -0.233446 0
    outer loop
      vertex 7.40766 -1.17326 1.85
      vertex 7.13292 -2.31763 70
      vertex 7.13292 -2.31763 1.85
    endloop
  endfacet
  facet normal -0.38268 0.923881 0
    outer loop
      vertex -2.31763 7.13292 1.85
      vertex -3.40493 6.68255 70
      vertex -2.31763 7.13292 70
    endloop
  endfacet
  facet normal -0.38268 0.923881 0
    outer loop
      vertex -3.40493 6.68255 70
      vertex -2.31763 7.13292 1.85
      vertex -3.40493 6.68255 1.85
    endloop
  endfacet
  facet normal -0.852641 0.522498 0
    outer loop
      vertex -6.68255 3.40493 1.85
      vertex -6.06763 4.40839 70
      vertex -6.06763 4.40839 1.85
    endloop
  endfacet
  facet normal -0.852641 0.522498 0
    outer loop
      vertex -6.06763 4.40839 70
      vertex -6.68255 3.40493 1.85
      vertex -6.68255 3.40493 70
    endloop
  endfacet
  facet normal 0.64945 -0.760404 0
    outer loop
      vertex 4.40839 -6.06763 1.85
      vertex 5.3033 -5.3033 70
      vertex 4.40839 -6.06763 70
    endloop
  endfacet
  facet normal 0.64945 -0.760404 0
    outer loop
      vertex 5.3033 -5.3033 70
      vertex 4.40839 -6.06763 1.85
      vertex 5.3033 -5.3033 1.85
    endloop
  endfacet
  facet normal 0.996917 -0.0784612 0
    outer loop
      vertex 7.40766 -1.17326 70
      vertex 7.5 0 1.85
      vertex 7.5 0 70
    endloop
  endfacet
  facet normal 0.996917 -0.0784612 0
    outer loop
      vertex 7.5 0 1.85
      vertex 7.40766 -1.17326 70
      vertex 7.40766 -1.17326 1.85
    endloop
  endfacet
  facet normal 0.923881 0.38268 0
    outer loop
      vertex 7.13292 2.31763 70
      vertex 6.68255 3.40493 1.85
      vertex 6.68255 3.40493 70
    endloop
  endfacet
  facet normal 0.923881 0.38268 0
    outer loop
      vertex 6.68255 3.40493 1.85
      vertex 7.13292 2.31763 70
      vertex 7.13292 2.31763 1.85
    endloop
  endfacet
  facet normal 0.852641 0.522498 0
    outer loop
      vertex 6.68255 3.40493 70
      vertex 6.06763 4.40839 1.85
      vertex 6.06763 4.40839 70
    endloop
  endfacet
  facet normal 0.852641 0.522498 0
    outer loop
      vertex 6.06763 4.40839 1.85
      vertex 6.68255 3.40493 70
      vertex 6.68255 3.40493 1.85
    endloop
  endfacet
  facet normal 0.760404 0.64945 0
    outer loop
      vertex 6.06763 4.40839 70
      vertex 5.3033 5.3033 1.85
      vertex 5.3033 5.3033 70
    endloop
  endfacet
  facet normal 0.760404 0.64945 0
    outer loop
      vertex 5.3033 5.3033 1.85
      vertex 6.06763 4.40839 70
      vertex 6.06763 4.40839 1.85
    endloop
  endfacet
  facet normal 0.522498 0.852641 -0
    outer loop
      vertex 4.40839 6.06763 1.85
      vertex 3.40493 6.68255 70
      vertex 4.40839 6.06763 70
    endloop
  endfacet
  facet normal 0.522498 0.852641 0
    outer loop
      vertex 3.40493 6.68255 70
      vertex 4.40839 6.06763 1.85
      vertex 3.40493 6.68255 1.85
    endloop
  endfacet
  facet normal 0.0784612 0.996917 -0
    outer loop
      vertex 1.17326 7.40766 1.85
      vertex 0 7.5 70
      vertex 1.17326 7.40766 70
    endloop
  endfacet
  facet normal 0.0784612 0.996917 0
    outer loop
      vertex 0 7.5 70
      vertex 1.17326 7.40766 1.85
      vertex 0 7.5 1.85
    endloop
  endfacet
  facet normal -0.996917 0.0784612 0
    outer loop
      vertex -7.5 0 1.85
      vertex -7.40766 1.17326 70
      vertex -7.40766 1.17326 1.85
    endloop
  endfacet
  facet normal -0.996917 0.0784612 0
    outer loop
      vertex -7.40766 1.17326 70
      vertex -7.5 0 1.85
      vertex -7.5 0 70
    endloop
  endfacet
  facet normal -0.760404 0.64945 0
    outer loop
      vertex -6.06763 4.40839 1.85
      vertex -5.3033 5.3033 70
      vertex -5.3033 5.3033 1.85
    endloop
  endfacet
  facet normal -0.760404 0.64945 0
    outer loop
      vertex -5.3033 5.3033 70
      vertex -6.06763 4.40839 1.85
      vertex -6.06763 4.40839 70
    endloop
  endfacet
  facet normal -0.522498 0.852641 0
    outer loop
      vertex -3.40493 6.68255 1.85
      vertex -4.40839 6.06763 70
      vertex -3.40493 6.68255 70
    endloop
  endfacet
  facet normal -0.522498 0.852641 0
    outer loop
      vertex -4.40839 6.06763 70
      vertex -3.40493 6.68255 1.85
      vertex -4.40839 6.06763 1.85
    endloop
  endfacet
  facet normal -0.0784612 0.996917 0
    outer loop
      vertex 0 7.5 1.85
      vertex -1.17326 7.40766 70
      vertex 0 7.5 70
    endloop
  endfacet
  facet normal -0.0784612 0.996917 0
    outer loop
      vertex -1.17326 7.40766 70
      vertex 0 7.5 1.85
      vertex -1.17326 7.40766 1.85
    endloop
  endfacet
  facet normal -0.64945 0.760404 0
    outer loop
      vertex -4.40839 6.06763 1.85
      vertex -5.3033 5.3033 70
      vertex -4.40839 6.06763 70
    endloop
  endfacet
  facet normal -0.64945 0.760404 0
    outer loop
      vertex -5.3033 5.3033 70
      vertex -4.40839 6.06763 1.85
      vertex -5.3033 5.3033 1.85
    endloop
  endfacet
  facet normal 0.0784612 -0.996917 0
    outer loop
      vertex 0 -7.5 1.85
      vertex 1.17326 -7.40766 70
      vertex 0 -7.5 70
    endloop
  endfacet
  facet normal 0.0784612 -0.996917 0
    outer loop
      vertex 1.17326 -7.40766 70
      vertex 0 -7.5 1.85
      vertex 1.17326 -7.40766 1.85
    endloop
  endfacet
  facet normal 0.760404 -0.64945 0
    outer loop
      vertex 5.3033 -5.3033 70
      vertex 6.06763 -4.40839 1.85
      vertex 6.06763 -4.40839 70
    endloop
  endfacet
  facet normal 0.760404 -0.64945 0
    outer loop
      vertex 6.06763 -4.40839 1.85
      vertex 5.3033 -5.3033 70
      vertex 5.3033 -5.3033 1.85
    endloop
  endfacet
  facet normal 0.923881 -0.38268 0
    outer loop
      vertex 6.68255 -3.40493 70
      vertex 7.13292 -2.31763 1.85
      vertex 7.13292 -2.31763 70
    endloop
  endfacet
  facet normal 0.923881 -0.38268 0
    outer loop
      vertex 7.13292 -2.31763 1.85
      vertex 6.68255 -3.40493 70
      vertex 6.68255 -3.40493 1.85
    endloop
  endfacet
  facet normal 0.38268 -0.923881 0
    outer loop
      vertex 2.31763 -7.13292 1.85
      vertex 3.40493 -6.68255 70
      vertex 2.31763 -7.13292 70
    endloop
  endfacet
  facet normal 0.38268 -0.923881 0
    outer loop
      vertex 3.40493 -6.68255 70
      vertex 2.31763 -7.13292 1.85
      vertex 3.40493 -6.68255 1.85
    endloop
  endfacet
  facet normal 0.522498 -0.852641 0
    outer loop
      vertex 3.40493 -6.68255 1.85
      vertex 4.40839 -6.06763 70
      vertex 3.40493 -6.68255 70
    endloop
  endfacet
  facet normal 0.522498 -0.852641 0
    outer loop
      vertex 4.40839 -6.06763 70
      vertex 3.40493 -6.68255 1.85
      vertex 4.40839 -6.06763 1.85
    endloop
  endfacet
  facet normal -0.0784612 -0.996917 0
    outer loop
      vertex -1.17326 -7.40766 1.85
      vertex 0 -7.5 70
      vertex -1.17326 -7.40766 70
    endloop
  endfacet
  facet normal -0.0784612 -0.996917 -0
    outer loop
      vertex 0 -7.5 70
      vertex -1.17326 -7.40766 1.85
      vertex 0 -7.5 1.85
    endloop
  endfacet
  facet normal -0.64945 -0.760404 0
    outer loop
      vertex -5.3033 -5.3033 1.85
      vertex -4.40839 -6.06763 70
      vertex -5.3033 -5.3033 70
    endloop
  endfacet
  facet normal -0.64945 -0.760404 -0
    outer loop
      vertex -4.40839 -6.06763 70
      vertex -5.3033 -5.3033 1.85
      vertex -4.40839 -6.06763 1.85
    endloop
  endfacet
  facet normal -0.852641 -0.522498 0
    outer loop
      vertex -6.06763 -4.40839 1.85
      vertex -6.68255 -3.40493 70
      vertex -6.68255 -3.40493 1.85
    endloop
  endfacet
  facet normal -0.852641 -0.522498 0
    outer loop
      vertex -6.68255 -3.40493 70
      vertex -6.06763 -4.40839 1.85
      vertex -6.06763 -4.40839 70
    endloop
  endfacet
  facet normal -0.996917 -0.0784612 0
    outer loop
      vertex -7.40766 -1.17326 1.85
      vertex -7.5 0 70
      vertex -7.5 0 1.85
    endloop
  endfacet
  facet normal -0.996917 -0.0784612 0
    outer loop
      vertex -7.5 0 70
      vertex -7.40766 -1.17326 1.85
      vertex -7.40766 -1.17326 70
    endloop
  endfacet
  facet normal -0.760404 -0.64945 0
    outer loop
      vertex -5.3033 -5.3033 1.85
      vertex -6.06763 -4.40839 70
      vertex -6.06763 -4.40839 1.85
    endloop
  endfacet
  facet normal -0.760404 -0.64945 0
    outer loop
      vertex -6.06763 -4.40839 70
      vertex -5.3033 -5.3033 1.85
      vertex -5.3033 -5.3033 70
    endloop
  endfacet
  facet normal 0.97237 0.233446 0
    outer loop
      vertex 7.40766 1.17326 70
      vertex 7.13292 2.31763 1.85
      vertex 7.13292 2.31763 70
    endloop
  endfacet
  facet normal 0.97237 0.233446 0
    outer loop
      vertex 7.13292 2.31763 1.85
      vertex 7.40766 1.17326 70
      vertex 7.40766 1.17326 1.85
    endloop
  endfacet
  facet normal 0.38268 0.923881 -0
    outer loop
      vertex 3.40493 6.68255 1.85
      vertex 2.31763 7.13292 70
      vertex 3.40493 6.68255 70
    endloop
  endfacet
  facet normal 0.38268 0.923881 0
    outer loop
      vertex 2.31763 7.13292 70
      vertex 3.40493 6.68255 1.85
      vertex 2.31763 7.13292 1.85
    endloop
  endfacet
  facet normal 0.233446 0.97237 -0
    outer loop
      vertex 2.31763 7.13292 1.85
      vertex 1.17326 7.40766 70
      vertex 2.31763 7.13292 70
    endloop
  endfacet
  facet normal 0.233446 0.97237 0
    outer loop
      vertex 1.17326 7.40766 70
      vertex 2.31763 7.13292 1.85
      vertex 1.17326 7.40766 1.85
    endloop
  endfacet
  facet normal 0 0 1
    outer loop
      vertex 5.65 0 70
      vertex 7.5 0 70
      vertex 7.40766 1.17326 70
    endloop
  endfacet
  facet normal 0 0 1
    outer loop
      vertex 5.58044 0.883854 70
      vertex 7.40766 1.17326 70
      vertex 7.13292 2.31763 70
    endloop
  endfacet
  facet normal 0 0 1
    outer loop
      vertex 7.5 0 70
      vertex 5.65 0 70
      vertex 7.40766 -1.17326 70
    endloop
  endfacet
  facet normal 0 0 1
    outer loop
      vertex 5.37347 1.74595 70
      vertex 7.13292 2.31763 70
      vertex 6.68255 3.40493 70
    endloop
  endfacet
  facet normal -0 0 1
    outer loop
      vertex 5.58044 -0.883854 70
      vertex 7.40766 -1.17326 70
      vertex 5.65 0 70
    endloop
  endfacet
  facet normal 0 0 1
    outer loop
      vertex 5.03419 2.56505 70
      vertex 6.68255 3.40493 70
      vertex 6.06763 4.40839 70
    endloop
  endfacet
  facet normal 0 0 1
    outer loop
      vertex 7.40766 -1.17326 70
      vertex 5.58044 -0.883854 70
      vertex 7.13292 -2.31763 70
    endloop
  endfacet
  facet normal -0 0 1
    outer loop
      vertex 5.37347 -1.74595 70
      vertex 7.13292 -2.31763 70
      vertex 5.58044 -0.883854 70
    endloop
  endfacet
  facet normal 0 0 1
    outer loop
      vertex 7.40766 1.17326 70
      vertex 5.58044 0.883854 70
      vertex 5.65 0 70
    endloop
  endfacet
  facet normal 0 0 1
    outer loop
      vertex 7.13292 2.31763 70
      vertex 5.37347 1.74595 70
      vertex 5.58044 0.883854 70
    endloop
  endfacet
  facet normal 0 0 1
    outer loop
      vertex 4.57095 3.32099 70
      vertex 6.06763 4.40839 70
      vertex 5.3033 5.3033 70
    endloop
  endfacet
  facet normal 0 0 1
    outer loop
      vertex 6.68255 3.40493 70
      vertex 5.03419 2.56505 70
      vertex 5.37347 1.74595 70
    endloop
  endfacet
  facet normal 0 0 1
    outer loop
      vertex 6.06763 4.40839 70
      vertex 4.57095 3.32099 70
      vertex 5.03419 2.56505 70
    endloop
  endfacet
  facet normal 0 0 1
    outer loop
      vertex 3.99515 3.99515 70
      vertex 5.3033 5.3033 70
      vertex 4.40839 6.06763 70
    endloop
  endfacet
  facet normal 0 0 1
    outer loop
      vertex 5.3033 5.3033 70
      vertex 3.99515 3.99515 70
      vertex 4.57095 3.32099 70
    endloop
  endfacet
  facet normal 0 0 1
    outer loop
      vertex 3.32099 4.57095 70
      vertex 4.40839 6.06763 70
      vertex 3.40493 6.68255 70
    endloop
  endfacet
  facet normal 0 0 1
    outer loop
      vertex 4.40839 6.06763 70
      vertex 3.32099 4.57095 70
      vertex 3.99515 3.99515 70
    endloop
  endfacet
  facet normal 0 0 1
    outer loop
      vertex 3.40493 6.68255 70
      vertex 2.56505 5.03419 70
      vertex 3.32099 4.57095 70
    endloop
  endfacet
  facet normal 0 0 1
    outer loop
      vertex 2.31763 7.13292 70
      vertex 2.56505 5.03419 70
      vertex 3.40493 6.68255 70
    endloop
  endfacet
  facet normal 0 0 1
    outer loop
      vertex 2.31763 7.13292 70
      vertex 1.74595 5.37347 70
      vertex 2.56505 5.03419 70
    endloop
  endfacet
  facet normal 0 0 1
    outer loop
      vertex 1.17326 7.40766 70
      vertex 1.74595 5.37347 70
      vertex 2.31763 7.13292 70
    endloop
  endfacet
  facet normal 0 0 1
    outer loop
      vertex 1.17326 7.40766 70
      vertex 0.883854 5.58044 70
      vertex 1.74595 5.37347 70
    endloop
  endfacet
  facet normal 0 0 1
    outer loop
      vertex 0 7.5 70
      vertex 0.883854 5.58044 70
      vertex 1.17326 7.40766 70
    endloop
  endfacet
  facet normal 0 0 1
    outer loop
      vertex 0 7.5 70
      vertex 0 5.65 70
      vertex 0.883854 5.58044 70
    endloop
  endfacet
  facet normal 0 0 1
    outer loop
      vertex 0 7.5 70
      vertex -0.883854 5.58044 70
      vertex 0 5.65 70
    endloop
  endfacet
  facet normal -0 0 1
    outer loop
      vertex -1.17326 7.40766 70
      vertex -0.883854 5.58044 70
      vertex 0 7.5 70
    endloop
  endfacet
  facet normal 0 0 1
    outer loop
      vertex -1.17326 7.40766 70
      vertex -1.74595 5.37347 70
      vertex -0.883854 5.58044 70
    endloop
  endfacet
  facet normal -0 0 1
    outer loop
      vertex -2.31763 7.13292 70
      vertex -1.74595 5.37347 70
      vertex -1.17326 7.40766 70
    endloop
  endfacet
  facet normal 0 0 1
    outer loop
      vertex -2.31763 7.13292 70
      vertex -2.56505 5.03419 70
      vertex -1.74595 5.37347 70
    endloop
  endfacet
  facet normal -0 0 1
    outer loop
      vertex -3.40493 6.68255 70
      vertex -2.56505 5.03419 70
      vertex -2.31763 7.13292 70
    endloop
  endfacet
  facet normal 0 0 1
    outer loop
      vertex -2.56505 5.03419 70
      vertex -3.40493 6.68255 70
      vertex -3.32099 4.57095 70
    endloop
  endfacet
  facet normal -0 0 1
    outer loop
      vertex -4.40839 6.06763 70
      vertex -3.32099 4.57095 70
      vertex -3.40493 6.68255 70
    endloop
  endfacet
  facet normal 0 0 1
    outer loop
      vertex -3.32099 4.57095 70
      vertex -4.40839 6.06763 70
      vertex -3.99515 3.99515 70
    endloop
  endfacet
  facet normal -0 0 1
    outer loop
      vertex -5.3033 5.3033 70
      vertex -3.99515 3.99515 70
      vertex -4.40839 6.06763 70
    endloop
  endfacet
  facet normal 0 0 1
    outer loop
      vertex -3.99515 3.99515 70
      vertex -5.3033 5.3033 70
      vertex -4.57095 3.32099 70
    endloop
  endfacet
  facet normal -0 0 1
    outer loop
      vertex -6.06763 4.40839 70
      vertex -4.57095 3.32099 70
      vertex -5.3033 5.3033 70
    endloop
  endfacet
  facet normal 0 0 1
    outer loop
      vertex -4.57095 3.32099 70
      vertex -6.06763 4.40839 70
      vertex -5.03419 2.56505 70
    endloop
  endfacet
  facet normal -0 0 1
    outer loop
      vertex -6.68255 3.40493 70
      vertex -5.03419 2.56505 70
      vertex -6.06763 4.40839 70
    endloop
  endfacet
  facet normal 0 0 1
    outer loop
      vertex -5.03419 2.56505 70
      vertex -6.68255 3.40493 70
      vertex -5.37347 1.74595 70
    endloop
  endfacet
  facet normal -0 0 1
    outer loop
      vertex -7.13292 2.31763 70
      vertex -5.37347 1.74595 70
      vertex -6.68255 3.40493 70
    endloop
  endfacet
  facet normal 0 0 1
    outer loop
      vertex 7.13292 -2.31763 70
      vertex 5.37347 -1.74595 70
      vertex 6.68255 -3.40493 70
    endloop
  endfacet
  facet normal -0 0 1
    outer loop
      vertex 5.03419 -2.56505 70
      vertex 6.68255 -3.40493 70
      vertex 5.37347 -1.74595 70
    endloop
  endfacet
  facet normal 0 0 1
    outer loop
      vertex 6.68255 -3.40493 70
      vertex 5.03419 -2.56505 70
      vertex 6.06763 -4.40839 70
    endloop
  endfacet
  facet normal -0 0 1
    outer loop
      vertex 4.57095 -3.32099 70
      vertex 6.06763 -4.40839 70
      vertex 5.03419 -2.56505 70
    endloop
  endfacet
  facet normal 0 0 1
    outer loop
      vertex 6.06763 -4.40839 70
      vertex 4.57095 -3.32099 70
      vertex 5.3033 -5.3033 70
    endloop
  endfacet
  facet normal -0 0 1
    outer loop
      vertex 3.99515 -3.99515 70
      vertex 5.3033 -5.3033 70
      vertex 4.57095 -3.32099 70
    endloop
  endfacet
  facet normal 0 0 1
    outer loop
      vertex 5.3033 -5.3033 70
      vertex 3.99515 -3.99515 70
      vertex 4.40839 -6.06763 70
    endloop
  endfacet
  facet normal -0 0 1
    outer loop
      vertex 3.32099 -4.57095 70
      vertex 4.40839 -6.06763 70
      vertex 3.99515 -3.99515 70
    endloop
  endfacet
  facet normal 0 0 1
    outer loop
      vertex 4.40839 -6.06763 70
      vertex 3.32099 -4.57095 70
      vertex 3.40493 -6.68255 70
    endloop
  endfacet
  facet normal -0 0 1
    outer loop
      vertex 2.56505 -5.03419 70
      vertex 3.40493 -6.68255 70
      vertex 3.32099 -4.57095 70
    endloop
  endfacet
  facet normal 0 0 1
    outer loop
      vertex 2.56505 -5.03419 70
      vertex 2.31763 -7.13292 70
      vertex 3.40493 -6.68255 70
    endloop
  endfacet
  facet normal -0 0 1
    outer loop
      vertex 1.74595 -5.37347 70
      vertex 2.31763 -7.13292 70
      vertex 2.56505 -5.03419 70
    endloop
  endfacet
  facet normal 0 0 1
    outer loop
      vertex 1.74595 -5.37347 70
      vertex 1.17326 -7.40766 70
      vertex 2.31763 -7.13292 70
    endloop
  endfacet
  facet normal -0 0 1
    outer loop
      vertex 0.883854 -5.58044 70
      vertex 1.17326 -7.40766 70
      vertex 1.74595 -5.37347 70
    endloop
  endfacet
  facet normal -0 0 1
    outer loop
      vertex 0 -5.65 70
      vertex 1.17326 -7.40766 70
      vertex 0.883854 -5.58044 70
    endloop
  endfacet
  facet normal 0 0 1
    outer loop
      vertex 0 -5.65 70
      vertex 0 -7.5 70
      vertex 1.17326 -7.40766 70
    endloop
  endfacet
  facet normal 0 0 1
    outer loop
      vertex -0.883854 -5.58044 70
      vertex 0 -7.5 70
      vertex 0 -5.65 70
    endloop
  endfacet
  facet normal 0 0 1
    outer loop
      vertex -0.883854 -5.58044 70
      vertex -1.17326 -7.40766 70
      vertex 0 -7.5 70
    endloop
  endfacet
  facet normal 0 0 1
    outer loop
      vertex -1.74595 -5.37347 70
      vertex -1.17326 -7.40766 70
      vertex -0.883854 -5.58044 70
    endloop
  endfacet
  facet normal 0 0 1
    outer loop
      vertex -1.74595 -5.37347 70
      vertex -2.31763 -7.13292 70
      vertex -1.17326 -7.40766 70
    endloop
  endfacet
  facet normal 0 0 1
    outer loop
      vertex -2.56505 -5.03419 70
      vertex -2.31763 -7.13292 70
      vertex -1.74595 -5.37347 70
    endloop
  endfacet
  facet normal 0 0 1
    outer loop
      vertex -3.40493 -6.68255 70
      vertex -2.56505 -5.03419 70
      vertex -3.32099 -4.57095 70
    endloop
  endfacet
  facet normal 0 0 1
    outer loop
      vertex -2.56505 -5.03419 70
      vertex -3.40493 -6.68255 70
      vertex -2.31763 -7.13292 70
    endloop
  endfacet
  facet normal 0 0 1
    outer loop
      vertex -4.40839 -6.06763 70
      vertex -3.32099 -4.57095 70
      vertex -3.99515 -3.99515 70
    endloop
  endfacet
  facet normal 0 0 1
    outer loop
      vertex -3.32099 -4.57095 70
      vertex -4.40839 -6.06763 70
      vertex -3.40493 -6.68255 70
    endloop
  endfacet
  facet normal 0 0 1
    outer loop
      vertex -5.3033 -5.3033 70
      vertex -3.99515 -3.99515 70
      vertex -4.57095 -3.32099 70
    endloop
  endfacet
  facet normal 0 0 1
    outer loop
      vertex -6.06763 -4.40839 70
      vertex -4.57095 -3.32099 70
      vertex -5.03419 -2.56505 70
    endloop
  endfacet
  facet normal 0 0 1
    outer loop
      vertex -3.99515 -3.99515 70
      vertex -5.3033 -5.3033 70
      vertex -4.40839 -6.06763 70
    endloop
  endfacet
  facet normal 0 0 1
    outer loop
      vertex -6.68255 -3.40493 70
      vertex -5.03419 -2.56505 70
      vertex -5.37347 -1.74595 70
    endloop
  endfacet
  facet normal 0 0 1
    outer loop
      vertex -7.13292 -2.31763 70
      vertex -5.37347 -1.74595 70
      vertex -5.58044 -0.883854 70
    endloop
  endfacet
  facet normal 0 0 1
    outer loop
      vertex -7.40766 -1.17326 70
      vertex -5.58044 -0.883854 70
      vertex -5.65 0 70
    endloop
  endfacet
  facet normal 0 0 1
    outer loop
      vertex -5.37347 1.74595 70
      vertex -7.13292 2.31763 70
      vertex -5.58044 0.883854 70
    endloop
  endfacet
  facet normal 0 0 1
    outer loop
      vertex -4.57095 -3.32099 70
      vertex -6.06763 -4.40839 70
      vertex -5.3033 -5.3033 70
    endloop
  endfacet
  facet normal -0 0 1
    outer loop
      vertex -7.40766 1.17326 70
      vertex -5.58044 0.883854 70
      vertex -7.13292 2.31763 70
    endloop
  endfacet
  facet normal 0 0 1
    outer loop
      vertex -5.03419 -2.56505 70
      vertex -6.68255 -3.40493 70
      vertex -6.06763 -4.40839 70
    endloop
  endfacet
  facet normal 0 0 1
    outer loop
      vertex -5.58044 0.883854 70
      vertex -7.40766 1.17326 70
      vertex -5.65 0 70
    endloop
  endfacet
  facet normal 0 0 1
    outer loop
      vertex -5.37347 -1.74595 70
      vertex -7.13292 -2.31763 70
      vertex -6.68255 -3.40493 70
    endloop
  endfacet
  facet normal 0 0 1
    outer loop
      vertex -7.5 0 70
      vertex -5.65 0 70
      vertex -7.40766 1.17326 70
    endloop
  endfacet
  facet normal 0 0 1
    outer loop
      vertex -5.58044 -0.883854 70
      vertex -7.40766 -1.17326 70
      vertex -7.13292 -2.31763 70
    endloop
  endfacet
  facet normal 0 0 1
    outer loop
      vertex -5.65 0 70
      vertex -7.5 0 70
      vertex -7.40766 -1.17326 70
    endloop
  endfacet
  facet normal -0.923881 0.38268 0
    outer loop
      vertex -7.13292 2.31763 1.85
      vertex -6.68255 3.40493 70
      vertex -6.68255 3.40493 1.85
    endloop
  endfacet
  facet normal -0.923881 0.38268 0
    outer loop
      vertex -6.68255 3.40493 70
      vertex -7.13292 2.31763 1.85
      vertex -7.13292 2.31763 70
    endloop
  endfacet
  facet normal -0.97237 0.233446 0
    outer loop
      vertex -7.40766 1.17326 1.85
      vertex -7.13292 2.31763 70
      vertex -7.13292 2.31763 1.85
    endloop
  endfacet
  facet normal -0.97237 0.233446 0
    outer loop
      vertex -7.13292 2.31763 70
      vertex -7.40766 1.17326 1.85
      vertex -7.40766 1.17326 70
    endloop
  endfacet
  facet normal -0.233446 0.97237 0
    outer loop
      vertex -1.17326 7.40766 1.85
      vertex -2.31763 7.13292 70
      vertex -1.17326 7.40766 70
    endloop
  endfacet
  facet normal -0.233446 0.97237 0
    outer loop
      vertex -2.31763 7.13292 70
      vertex -1.17326 7.40766 1.85
      vertex -2.31763 7.13292 1.85
    endloop
  endfacet
  facet normal 0.996917 0.0784612 0
    outer loop
      vertex 7.5 0 70
      vertex 7.40766 1.17326 1.85
      vertex 7.40766 1.17326 70
    endloop
  endfacet
  facet normal 0.996917 0.0784612 0
    outer loop
      vertex 7.40766 1.17326 1.85
      vertex 7.5 0 70
      vertex 7.5 0 1.85
    endloop
  endfacet
  facet normal 0.233446 -0.97237 0
    outer loop
      vertex 1.17326 -7.40766 1.85
      vertex 2.31763 -7.13292 70
      vertex 1.17326 -7.40766 70
    endloop
  endfacet
  facet normal 0.233446 -0.97237 0
    outer loop
      vertex 2.31763 -7.13292 70
      vertex 1.17326 -7.40766 1.85
      vertex 2.31763 -7.13292 1.85
    endloop
  endfacet
  facet normal -0.38268 -0.923881 0
    outer loop
      vertex -3.40493 -6.68255 1.85
      vertex -2.31763 -7.13292 70
      vertex -3.40493 -6.68255 70
    endloop
  endfacet
  facet normal -0.38268 -0.923881 -0
    outer loop
      vertex -2.31763 -7.13292 70
      vertex -3.40493 -6.68255 1.85
      vertex -2.31763 -7.13292 1.85
    endloop
  endfacet
  facet normal -0.522498 -0.852641 0
    outer loop
      vertex -4.40839 -6.06763 1.85
      vertex -3.40493 -6.68255 70
      vertex -4.40839 -6.06763 70
    endloop
  endfacet
  facet normal -0.522498 -0.852641 -0
    outer loop
      vertex -3.40493 -6.68255 70
      vertex -4.40839 -6.06763 1.85
      vertex -3.40493 -6.68255 1.85
    endloop
  endfacet
  facet normal -0.97237 -0.233446 0
    outer loop
      vertex -7.13292 -2.31763 1.85
      vertex -7.40766 -1.17326 70
      vertex -7.40766 -1.17326 1.85
    endloop
  endfacet
  facet normal -0.97237 -0.233446 0
    outer loop
      vertex -7.40766 -1.17326 70
      vertex -7.13292 -2.31763 1.85
      vertex -7.13292 -2.31763 70
    endloop
  endfacet
  facet normal 0.852641 -0.522498 0
    outer loop
      vertex 6.06763 -4.40839 70
      vertex 6.68255 -3.40493 1.85
      vertex 6.68255 -3.40493 70
    endloop
  endfacet
  facet normal 0.852641 -0.522498 0
    outer loop
      vertex 6.68255 -3.40493 1.85
      vertex 6.06763 -4.40839 70
      vertex 6.06763 -4.40839 1.85
    endloop
  endfacet
  facet normal -0.233446 -0.97237 0
    outer loop
      vertex -2.31763 -7.13292 1.85
      vertex -1.17326 -7.40766 70
      vertex -2.31763 -7.13292 70
    endloop
  endfacet
  facet normal -0.233446 -0.97237 -0
    outer loop
      vertex -1.17326 -7.40766 70
      vertex -2.31763 -7.13292 1.85
      vertex -1.17326 -7.40766 1.85
    endloop
  endfacet
  facet normal -0.923881 -0.38268 0
    outer loop
      vertex -6.68255 -3.40493 1.85
      vertex -7.13292 -2.31763 70
      vertex -7.13292 -2.31763 1.85
    endloop
  endfacet
  facet normal -0.923881 -0.38268 0
    outer loop
      vertex -7.13292 -2.31763 70
      vertex -6.68255 -3.40493 1.85
      vertex -6.68255 -3.40493 70
    endloop
  endfacet
  facet normal -0.522498 -0.85264 0
    outer loop
      vertex 2.56505 5.03419 0
      vertex 3.32099 4.57095 70
      vertex 2.56505 5.03419 70
    endloop
  endfacet
  facet normal -0.522498 -0.85264 -0
    outer loop
      vertex 3.32099 4.57095 70
      vertex 2.56505 5.03419 0
      vertex 3.32099 4.57095 0
    endloop
  endfacet
  facet normal -0.996917 0.0784582 0
    outer loop
      vertex 5.58044 -0.883854 0
      vertex 5.65 0 70
      vertex 5.65 0 0
    endloop
  endfacet
  facet normal -0.996917 0.0784582 0
    outer loop
      vertex 5.65 0 70
      vertex 5.58044 -0.883854 0
      vertex 5.58044 -0.883854 70
    endloop
  endfacet
  facet normal 0.382681 -0.92388 0
    outer loop
      vertex -2.56505 5.03419 0
      vertex -1.74595 5.37347 70
      vertex -2.56505 5.03419 70
    endloop
  endfacet
  facet normal 0.382681 -0.92388 0
    outer loop
      vertex -1.74595 5.37347 70
      vertex -2.56505 5.03419 0
      vertex -1.74595 5.37347 0
    endloop
  endfacet
  facet normal 0.85264 -0.522498 0
    outer loop
      vertex -5.03419 2.56505 70
      vertex -4.57095 3.32099 0
      vertex -4.57095 3.32099 70
    endloop
  endfacet
  facet normal 0.85264 -0.522498 0
    outer loop
      vertex -4.57095 3.32099 0
      vertex -5.03419 2.56505 70
      vertex -5.03419 2.56505 0
    endloop
  endfacet
  facet normal 0.85264 0.522498 0
    outer loop
      vertex -4.57095 -3.32099 70
      vertex -5.03419 -2.56505 0
      vertex -5.03419 -2.56505 70
    endloop
  endfacet
  facet normal 0.85264 0.522498 0
    outer loop
      vertex -5.03419 -2.56505 0
      vertex -4.57095 -3.32099 70
      vertex -4.57095 -3.32099 0
    endloop
  endfacet
  facet normal -0.92388 -0.382681 0
    outer loop
      vertex 5.37347 1.74595 0
      vertex 5.03419 2.56505 70
      vertex 5.03419 2.56505 0
    endloop
  endfacet
  facet normal -0.92388 -0.382681 0
    outer loop
      vertex 5.03419 2.56505 70
      vertex 5.37347 1.74595 0
      vertex 5.37347 1.74595 70
    endloop
  endfacet
  facet normal -0.85264 -0.522498 0
    outer loop
      vertex 5.03419 2.56505 0
      vertex 4.57095 3.32099 70
      vertex 4.57095 3.32099 0
    endloop
  endfacet
  facet normal -0.85264 -0.522498 0
    outer loop
      vertex 4.57095 3.32099 70
      vertex 5.03419 2.56505 0
      vertex 5.03419 2.56505 70
    endloop
  endfacet
  facet normal -0.760399 -0.649457 0
    outer loop
      vertex 4.57095 3.32099 0
      vertex 3.99515 3.99515 70
      vertex 3.99515 3.99515 0
    endloop
  endfacet
  facet normal -0.760399 -0.649457 0
    outer loop
      vertex 3.99515 3.99515 70
      vertex 4.57095 3.32099 0
      vertex 4.57095 3.32099 70
    endloop
  endfacet
  facet normal -0.382681 -0.92388 0
    outer loop
      vertex 1.74595 5.37347 0
      vertex 2.56505 5.03419 70
      vertex 1.74595 5.37347 70
    endloop
  endfacet
  facet normal -0.382681 -0.92388 -0
    outer loop
      vertex 2.56505 5.03419 70
      vertex 1.74595 5.37347 0
      vertex 2.56505 5.03419 0
    endloop
  endfacet
  facet normal -0.0784582 -0.996917 0
    outer loop
      vertex 0 5.65 0
      vertex 0.883854 5.58044 70
      vertex 0 5.65 70
    endloop
  endfacet
  facet normal -0.0784582 -0.996917 -0
    outer loop
      vertex 0.883854 5.58044 70
      vertex 0 5.65 0
      vertex 0.883854 5.58044 0
    endloop
  endfacet
  facet normal -0.233444 -0.97237 0
    outer loop
      vertex 0.883854 5.58044 0
      vertex 1.74595 5.37347 70
      vertex 0.883854 5.58044 70
    endloop
  endfacet
  facet normal -0.233444 -0.97237 -0
    outer loop
      vertex 1.74595 5.37347 70
      vertex 0.883854 5.58044 0
      vertex 1.74595 5.37347 0
    endloop
  endfacet
  facet normal 0.996917 -0.0784582 0
    outer loop
      vertex -5.65 0 70
      vertex -5.58044 0.883854 0
      vertex -5.58044 0.883854 70
    endloop
  endfacet
  facet normal 0.996917 -0.0784582 0
    outer loop
      vertex -5.58044 0.883854 0
      vertex -5.65 0 70
      vertex -5.65 0 0
    endloop
  endfacet
  facet normal 0.97237 -0.233444 0
    outer loop
      vertex -5.58044 0.883854 70
      vertex -5.37347 1.74595 0
      vertex -5.37347 1.74595 70
    endloop
  endfacet
  facet normal 0.97237 -0.233444 0
    outer loop
      vertex -5.37347 1.74595 0
      vertex -5.58044 0.883854 70
      vertex -5.58044 0.883854 0
    endloop
  endfacet
  facet normal 0.760399 -0.649457 0
    outer loop
      vertex -4.57095 3.32099 70
      vertex -3.99515 3.99515 0
      vertex -3.99515 3.99515 70
    endloop
  endfacet
  facet normal 0.760399 -0.649457 0
    outer loop
      vertex -3.99515 3.99515 0
      vertex -4.57095 3.32099 70
      vertex -4.57095 3.32099 0
    endloop
  endfacet
  facet normal 0.522498 -0.85264 0
    outer loop
      vertex -3.32099 4.57095 0
      vertex -2.56505 5.03419 70
      vertex -3.32099 4.57095 70
    endloop
  endfacet
  facet normal 0.522498 -0.85264 0
    outer loop
      vertex -2.56505 5.03419 70
      vertex -3.32099 4.57095 0
      vertex -2.56505 5.03419 0
    endloop
  endfacet
  facet normal 0.0784582 -0.996917 0
    outer loop
      vertex -0.883854 5.58044 0
      vertex 0 5.65 70
      vertex -0.883854 5.58044 70
    endloop
  endfacet
  facet normal 0.0784582 -0.996917 0
    outer loop
      vertex 0 5.65 70
      vertex -0.883854 5.58044 0
      vertex 0 5.65 0
    endloop
  endfacet
  facet normal 0.649457 -0.760399 0
    outer loop
      vertex -3.99515 3.99515 0
      vertex -3.32099 4.57095 70
      vertex -3.99515 3.99515 70
    endloop
  endfacet
  facet normal 0.649457 -0.760399 0
    outer loop
      vertex -3.32099 4.57095 70
      vertex -3.99515 3.99515 0
      vertex -3.32099 4.57095 0
    endloop
  endfacet
  facet normal -0.996917 -0.0784582 0
    outer loop
      vertex 5.65 0 0
      vertex 5.58044 0.883854 70
      vertex 5.58044 0.883854 0
    endloop
  endfacet
  facet normal -0.996917 -0.0784582 0
    outer loop
      vertex 5.58044 0.883854 70
      vertex 5.65 0 0
      vertex 5.65 0 70
    endloop
  endfacet
  facet normal -0.0784582 0.996917 0
    outer loop
      vertex 0.883854 -5.58044 0
      vertex 0 -5.65 70
      vertex 0.883854 -5.58044 70
    endloop
  endfacet
  facet normal -0.0784582 0.996917 0
    outer loop
      vertex 0 -5.65 70
      vertex 0.883854 -5.58044 0
      vertex 0 -5.65 0
    endloop
  endfacet
  facet normal -0.233444 0.97237 0
    outer loop
      vertex 1.74595 -5.37347 0
      vertex 0.883854 -5.58044 70
      vertex 1.74595 -5.37347 70
    endloop
  endfacet
  facet normal -0.233444 0.97237 0
    outer loop
      vertex 0.883854 -5.58044 70
      vertex 1.74595 -5.37347 0
      vertex 0.883854 -5.58044 0
    endloop
  endfacet
  facet normal -0.760399 0.649457 0
    outer loop
      vertex 3.99515 -3.99515 0
      vertex 4.57095 -3.32099 70
      vertex 4.57095 -3.32099 0
    endloop
  endfacet
  facet normal -0.760399 0.649457 0
    outer loop
      vertex 4.57095 -3.32099 70
      vertex 3.99515 -3.99515 0
      vertex 3.99515 -3.99515 70
    endloop
  endfacet
  facet normal -0.522498 0.85264 0
    outer loop
      vertex 3.32099 -4.57095 0
      vertex 2.56505 -5.03419 70
      vertex 3.32099 -4.57095 70
    endloop
  endfacet
  facet normal -0.522498 0.85264 0
    outer loop
      vertex 2.56505 -5.03419 70
      vertex 3.32099 -4.57095 0
      vertex 2.56505 -5.03419 0
    endloop
  endfacet
  facet normal 0.522498 0.85264 -0
    outer loop
      vertex -2.56505 -5.03419 0
      vertex -3.32099 -4.57095 70
      vertex -2.56505 -5.03419 70
    endloop
  endfacet
  facet normal 0.522498 0.85264 0
    outer loop
      vertex -3.32099 -4.57095 70
      vertex -2.56505 -5.03419 0
      vertex -3.32099 -4.57095 0
    endloop
  endfacet
  facet normal 0.649457 0.760399 -0
    outer loop
      vertex -3.32099 -4.57095 0
      vertex -3.99515 -3.99515 70
      vertex -3.32099 -4.57095 70
    endloop
  endfacet
  facet normal 0.649457 0.760399 0
    outer loop
      vertex -3.99515 -3.99515 70
      vertex -3.32099 -4.57095 0
      vertex -3.99515 -3.99515 0
    endloop
  endfacet
  facet normal 0.996917 0.0784582 0
    outer loop
      vertex -5.58044 -0.883854 70
      vertex -5.65 0 0
      vertex -5.65 0 70
    endloop
  endfacet
  facet normal 0.996917 0.0784582 0
    outer loop
      vertex -5.65 0 0
      vertex -5.58044 -0.883854 70
      vertex -5.58044 -0.883854 0
    endloop
  endfacet
  facet normal -0.97237 -0.233444 0
    outer loop
      vertex 5.58044 0.883854 0
      vertex 5.37347 1.74595 70
      vertex 5.37347 1.74595 0
    endloop
  endfacet
  facet normal -0.97237 -0.233444 0
    outer loop
      vertex 5.37347 1.74595 70
      vertex 5.58044 0.883854 0
      vertex 5.58044 0.883854 70
    endloop
  endfacet
  facet normal -0.649457 -0.760399 0
    outer loop
      vertex 3.32099 4.57095 0
      vertex 3.99515 3.99515 70
      vertex 3.32099 4.57095 70
    endloop
  endfacet
  facet normal -0.649457 -0.760399 -0
    outer loop
      vertex 3.99515 3.99515 70
      vertex 3.32099 4.57095 0
      vertex 3.99515 3.99515 0
    endloop
  endfacet
  facet normal -0.85264 0.522498 0
    outer loop
      vertex 4.57095 -3.32099 0
      vertex 5.03419 -2.56505 70
      vertex 5.03419 -2.56505 0
    endloop
  endfacet
  facet normal -0.85264 0.522498 0
    outer loop
      vertex 5.03419 -2.56505 70
      vertex 4.57095 -3.32099 0
      vertex 4.57095 -3.32099 70
    endloop
  endfacet
  facet normal -0.649457 0.760399 0
    outer loop
      vertex 3.99515 -3.99515 0
      vertex 3.32099 -4.57095 70
      vertex 3.99515 -3.99515 70
    endloop
  endfacet
  facet normal -0.649457 0.760399 0
    outer loop
      vertex 3.32099 -4.57095 70
      vertex 3.99515 -3.99515 0
      vertex 3.32099 -4.57095 0
    endloop
  endfacet
  facet normal 0.0784582 0.996917 -0
    outer loop
      vertex 0 -5.65 0
      vertex -0.883854 -5.58044 70
      vertex 0 -5.65 70
    endloop
  endfacet
  facet normal 0.0784582 0.996917 0
    outer loop
      vertex -0.883854 -5.58044 70
      vertex 0 -5.65 0
      vertex -0.883854 -5.58044 0
    endloop
  endfacet
  facet normal 0.382681 0.92388 -0
    outer loop
      vertex -1.74595 -5.37347 0
      vertex -2.56505 -5.03419 70
      vertex -1.74595 -5.37347 70
    endloop
  endfacet
  facet normal 0.382681 0.92388 0
    outer loop
      vertex -2.56505 -5.03419 70
      vertex -1.74595 -5.37347 0
      vertex -2.56505 -5.03419 0
    endloop
  endfacet
  facet normal 0.233444 0.97237 -0
    outer loop
      vertex -0.883854 -5.58044 0
      vertex -1.74595 -5.37347 70
      vertex -0.883854 -5.58044 70
    endloop
  endfacet
  facet normal 0.233444 0.97237 0
    outer loop
      vertex -1.74595 -5.37347 70
      vertex -0.883854 -5.58044 0
      vertex -1.74595 -5.37347 0
    endloop
  endfacet
  facet normal 0.97237 0.233444 0
    outer loop
      vertex -5.37347 -1.74595 70
      vertex -5.58044 -0.883854 0
      vertex -5.58044 -0.883854 70
    endloop
  endfacet
  facet normal 0.97237 0.233444 0
    outer loop
      vertex -5.58044 -0.883854 0
      vertex -5.37347 -1.74595 70
      vertex -5.37347 -1.74595 0
    endloop
  endfacet
  facet normal 0.92388 0.382681 0
    outer loop
      vertex -5.03419 -2.56505 70
      vertex -5.37347 -1.74595 0
      vertex -5.37347 -1.74595 70
    endloop
  endfacet
  facet normal 0.92388 0.382681 0
    outer loop
      vertex -5.37347 -1.74595 0
      vertex -5.03419 -2.56505 70
      vertex -5.03419 -2.56505 0
    endloop
  endfacet
  facet normal 0.760399 0.649457 0
    outer loop
      vertex -3.99515 -3.99515 70
      vertex -4.57095 -3.32099 0
      vertex -4.57095 -3.32099 70
    endloop
  endfacet
  facet normal 0.760399 0.649457 0
    outer loop
      vertex -4.57095 -3.32099 0
      vertex -3.99515 -3.99515 70
      vertex -3.99515 -3.99515 0
    endloop
  endfacet
  facet normal 0.92388 -0.382681 0
    outer loop
      vertex -5.37347 1.74595 70
      vertex -5.03419 2.56505 0
      vertex -5.03419 2.56505 70
    endloop
  endfacet
  facet normal 0.92388 -0.382681 0
    outer loop
      vertex -5.03419 2.56505 0
      vertex -5.37347 1.74595 70
      vertex -5.37347 1.74595 0
    endloop
  endfacet
  facet normal 0.233444 -0.97237 0
    outer loop
      vertex -1.74595 5.37347 0
      vertex -0.883854 5.58044 70
      vertex -1.74595 5.37347 70
    endloop
  endfacet
  facet normal 0.233444 -0.97237 0
    outer loop
      vertex -0.883854 5.58044 70
      vertex -1.74595 5.37347 0
      vertex -0.883854 5.58044 0
    endloop
  endfacet
  facet normal -0.382681 0.92388 0
    outer loop
      vertex 2.56505 -5.03419 0
      vertex 1.74595 -5.37347 70
      vertex 2.56505 -5.03419 70
    endloop
  endfacet
  facet normal -0.382681 0.92388 0
    outer loop
      vertex 1.74595 -5.37347 70
      vertex 2.56505 -5.03419 0
      vertex 1.74595 -5.37347 0
    endloop
  endfacet
  facet normal -0.97237 0.233444 0
    outer loop
      vertex 5.37347 -1.74595 0
      vertex 5.58044 -0.883854 70
      vertex 5.58044 -0.883854 0
    endloop
  endfacet
  facet normal -0.97237 0.233444 0
    outer loop
      vertex 5.58044 -0.883854 70
      vertex 5.37347 -1.74595 0
      vertex 5.37347 -1.74595 70
    endloop
  endfacet
  facet normal -0.92388 0.382681 0
    outer loop
      vertex 5.03419 -2.56505 0
      vertex 5.37347 -1.74595 70
      vertex 5.37347 -1.74595 0
    endloop
  endfacet
  facet normal -0.92388 0.382681 0
    outer loop
      vertex 5.37347 -1.74595 70
      vertex 5.03419 -2.56505 0
      vertex 5.03419 -2.56505 70
    endloop
  endfacet
  facet normal 0.996918 0 -0.078455
    outer loop
      vertex -7.90151 50.65 31.2115
      vertex -8 52.5 29.96
      vertex -7.90151 52.5 31.2115
    endloop
  endfacet
  facet normal 0.996918 0 -0.078455
    outer loop
      vertex -8 52.5 29.96
      vertex -7.90151 50.65 31.2115
      vertex -8 50.65 29.96
    endloop
  endfacet
  facet normal 1 -0 0
    outer loop
      vertex -8 50.65 29.96
      vertex -8 52.5 7.96
      vertex -8 52.5 29.96
    endloop
  endfacet
  facet normal 1 0 0
    outer loop
      vertex -8 52.5 7.96
      vertex -8 50.65 29.96
      vertex -8 50.65 7.96
    endloop
  endfacet
  facet normal -0.972366 0 -0.23346
    outer loop
      vertex 7.90151 50.65 31.2115
      vertex 7.60845 52.5 32.4321
      vertex 7.90151 52.5 31.2115
    endloop
  endfacet
  facet normal -0.972366 -0 -0.23346
    outer loop
      vertex 7.60845 52.5 32.4321
      vertex 7.90151 50.65 31.2115
      vertex 7.60845 50.65 32.4321
    endloop
  endfacet
  facet normal 0 1 0
    outer loop
      vertex 3.63192 50.61 0.831947
      vertex 5.12629 50.61 1.85
      vertex 4.70228 50.61 1.48786
    endloop
  endfacet
  facet normal 0 1 0
    outer loop
      vertex 5.12629 50.61 1.85
      vertex 0.508251 50.61 0
      vertex -5.12629 50.61 1.85
    endloop
  endfacet
  facet normal 0 1 0
    outer loop
      vertex 5.12629 50.61 1.85
      vertex 3.63192 50.61 0.831947
      vertex 0.508251 50.61 0
    endloop
  endfacet
  facet normal 0 1 -0
    outer loop
      vertex -0.508251 50.61 0
      vertex -5.12629 50.61 1.85
      vertex 0.508251 50.61 0
    endloop
  endfacet
  facet normal 0 1 0
    outer loop
      vertex 0.508251 50.61 0
      vertex 3.63192 50.61 0.831947
      vertex 2.47214 50.61 0.351547
    endloop
  endfacet
  facet normal -0 1 -0
    outer loop
      vertex -3.63192 50.61 0.831947
      vertex -5.12629 50.61 1.85
      vertex -0.508251 50.61 0
    endloop
  endfacet
  facet normal 0 1 0
    outer loop
      vertex 0.508251 50.61 0
      vertex 2.47214 50.61 0.351547
      vertex 1.25148 50.61 0.0584927
    endloop
  endfacet
  facet normal 0 1 0
    outer loop
      vertex -5.12629 50.61 1.85
      vertex -3.63192 50.61 0.831947
      vertex -4.70228 50.61 1.48786
    endloop
  endfacet
  facet normal 0 1 0
    outer loop
      vertex -3.63192 50.61 0.831947
      vertex -0.508251 50.61 0
      vertex -2.47214 50.61 0.351547
    endloop
  endfacet
  facet normal 0 1 0
    outer loop
      vertex -2.47214 50.61 0.351547
      vertex -0.508251 50.61 0
      vertex -1.25148 50.61 0.0584927
    endloop
  endfacet
  facet normal 0.996918 -0 0.0784562
    outer loop
      vertex -8 50.65 7.96
      vertex -7.90151 52.5 6.70852
      vertex -8 52.5 7.96
    endloop
  endfacet
  facet normal 0.996918 0 0.0784562
    outer loop
      vertex -7.90151 52.5 6.70852
      vertex -8 50.65 7.96
      vertex -7.90151 50.65 6.70852
    endloop
  endfacet
  facet normal 0.923879 -0 0.382686
    outer loop
      vertex -7.60845 50.65 5.48786
      vertex -7.12805 52.5 4.32808
      vertex -7.60845 52.5 5.48786
    endloop
  endfacet
  facet normal 0.923879 0 0.382686
    outer loop
      vertex -7.12805 52.5 4.32808
      vertex -7.60845 50.65 5.48786
      vertex -7.12805 50.65 4.32808
    endloop
  endfacet
  facet normal 0.852643 -0 0.522494
    outer loop
      vertex -7.12805 50.65 4.32808
      vertex -6.47214 52.5 3.25772
      vertex -7.12805 52.5 4.32808
    endloop
  endfacet
  facet normal 0.852643 0 0.522494
    outer loop
      vertex -6.47214 52.5 3.25772
      vertex -7.12805 50.65 4.32808
      vertex -6.47214 50.65 3.25772
    endloop
  endfacet
  facet normal 0.972366 0 -0.23346
    outer loop
      vertex -7.60845 50.65 32.4321
      vertex -7.90151 52.5 31.2115
      vertex -7.60845 52.5 32.4321
    endloop
  endfacet
  facet normal 0.972366 0 -0.23346
    outer loop
      vertex -7.90151 52.5 31.2115
      vertex -7.60845 50.65 32.4321
      vertex -7.90151 50.65 31.2115
    endloop
  endfacet
  facet normal -0.0784582 0 0.996917
    outer loop
      vertex 0.508251 52.5 0
      vertex 1.25148 50.61 0.0584927
      vertex 1.25148 52.5 0.0584927
    endloop
  endfacet
  facet normal -0.0784582 0 0.996917
    outer loop
      vertex 1.25148 50.61 0.0584927
      vertex 0.508251 52.5 0
      vertex 0.508251 50.61 0
    endloop
  endfacet
  facet normal -0.852643 0 0.522494
    outer loop
      vertex 6.47214 50.65 3.25772
      vertex 7.12805 52.5 4.32808
      vertex 6.47214 52.5 3.25772
    endloop
  endfacet
  facet normal -0.852643 0 0.522494
    outer loop
      vertex 7.12805 52.5 4.32808
      vertex 6.47214 50.65 3.25772
      vertex 7.12805 50.65 4.32808
    endloop
  endfacet
  facet normal 0.852652 0 -0.52248
    outer loop
      vertex -6.47214 50.65 34.6623
      vertex -7.12805 52.5 33.5919
      vertex -6.47214 52.5 34.6623
    endloop
  endfacet
  facet normal 0.852652 0 -0.52248
    outer loop
      vertex -7.12805 52.5 33.5919
      vertex -6.47214 50.65 34.6623
      vertex -7.12805 50.65 33.5919
    endloop
  endfacet
  facet normal -1 0 0
    outer loop
      vertex 8 50.65 7.96
      vertex 8 52.5 29.96
      vertex 8 52.5 7.96
    endloop
  endfacet
  facet normal -1 -0 0
    outer loop
      vertex 8 52.5 29.96
      vertex 8 50.65 7.96
      vertex 8 50.65 29.96
    endloop
  endfacet
  facet normal -0.923881 0 -0.38268
    outer loop
      vertex 7.60845 50.65 32.4321
      vertex 7.12805 52.5 33.5919
      vertex 7.60845 52.5 32.4321
    endloop
  endfacet
  facet normal -0.923881 -0 -0.38268
    outer loop
      vertex 7.12805 52.5 33.5919
      vertex 7.60845 50.65 32.4321
      vertex 7.12805 50.65 33.5919
    endloop
  endfacet
  facet normal 0.972369 -0 0.233449
    outer loop
      vertex -7.90151 50.65 6.70852
      vertex -7.60845 52.5 5.48786
      vertex -7.90151 52.5 6.70852
    endloop
  endfacet
  facet normal 0.972369 0 0.233449
    outer loop
      vertex -7.60845 52.5 5.48786
      vertex -7.90151 50.65 6.70852
      vertex -7.60845 50.65 5.48786
    endloop
  endfacet
  facet normal -0.972369 0 0.233449
    outer loop
      vertex 7.60845 50.65 5.48786
      vertex 7.90151 52.5 6.70852
      vertex 7.60845 52.5 5.48786
    endloop
  endfacet
  facet normal -0.972369 0 0.233449
    outer loop
      vertex 7.90151 52.5 6.70852
      vertex 7.60845 50.65 5.48786
      vertex 7.90151 50.65 6.70852
    endloop
  endfacet
  facet normal -0.996918 0 0.0784562
    outer loop
      vertex 7.90151 50.65 6.70852
      vertex 8 52.5 7.96
      vertex 7.90151 52.5 6.70852
    endloop
  endfacet
  facet normal -0.996918 0 0.0784562
    outer loop
      vertex 8 52.5 7.96
      vertex 7.90151 50.65 6.70852
      vertex 8 50.65 7.96
    endloop
  endfacet
  facet normal 0.760412 0 -0.649441
    outer loop
      vertex -5.65685 50.65 35.6169
      vertex -6.47214 52.5 34.6623
      vertex -5.65685 52.5 35.6169
    endloop
  endfacet
  facet normal 0.760412 0 -0.649441
    outer loop
      vertex -6.47214 52.5 34.6623
      vertex -5.65685 50.65 35.6169
      vertex -6.47214 50.65 34.6623
    endloop
  endfacet
  facet normal 0.649411 0 -0.760437
    outer loop
      vertex -5.65685 50.65 35.6169
      vertex -4.70228 52.5 36.4321
      vertex -4.70228 50.65 36.4321
    endloop
  endfacet
  facet normal 0.649411 0 -0.760437
    outer loop
      vertex -4.70228 52.5 36.4321
      vertex -5.65685 50.65 35.6169
      vertex -5.65685 52.5 35.6169
    endloop
  endfacet
  facet normal 0.923881 0 -0.38268
    outer loop
      vertex -7.12805 50.65 33.5919
      vertex -7.60845 52.5 32.4321
      vertex -7.12805 52.5 33.5919
    endloop
  endfacet
  facet normal 0.923881 0 -0.38268
    outer loop
      vertex -7.60845 52.5 32.4321
      vertex -7.12805 50.65 33.5919
      vertex -7.60845 50.65 32.4321
    endloop
  endfacet
  facet normal 0.522546 0 -0.852611
    outer loop
      vertex -4.70228 50.65 36.4321
      vertex -3.63192 52.5 37.0881
      vertex -3.63192 50.65 37.0881
    endloop
  endfacet
  facet normal 0.522546 0 -0.852611
    outer loop
      vertex -3.63192 52.5 37.0881
      vertex -4.70228 50.65 36.4321
      vertex -4.70228 52.5 36.4321
    endloop
  endfacet
  facet normal -0.852652 0 -0.52248
    outer loop
      vertex 7.12805 50.65 33.5919
      vertex 6.47214 52.5 34.6623
      vertex 7.12805 52.5 33.5919
    endloop
  endfacet
  facet normal -0.852652 -0 -0.52248
    outer loop
      vertex 6.47214 52.5 34.6623
      vertex 7.12805 50.65 33.5919
      vertex 6.47214 50.65 34.6623
    endloop
  endfacet
  facet normal -0.382686 0 -0.923879
    outer loop
      vertex 2.47214 50.65 37.5685
      vertex 3.63192 52.5 37.0881
      vertex 3.63192 50.65 37.0881
    endloop
  endfacet
  facet normal -0.382686 0 -0.923879
    outer loop
      vertex 3.63192 52.5 37.0881
      vertex 2.47214 50.65 37.5685
      vertex 2.47214 52.5 37.5685
    endloop
  endfacet
  facet normal -0.522546 0 -0.852611
    outer loop
      vertex 3.63192 50.65 37.0881
      vertex 4.70228 52.5 36.4321
      vertex 4.70228 50.65 36.4321
    endloop
  endfacet
  facet normal -0.522546 0 -0.852611
    outer loop
      vertex 4.70228 52.5 36.4321
      vertex 3.63192 50.65 37.0881
      vertex 3.63192 52.5 37.0881
    endloop
  endfacet
  facet normal 0.760402 -0 0.649453
    outer loop
      vertex -6.47214 50.65 3.25772
      vertex -5.65685 52.5 2.30315
      vertex -6.47214 52.5 3.25772
    endloop
  endfacet
  facet normal 0.760402 0 0.649453
    outer loop
      vertex -5.65685 52.5 2.30315
      vertex -6.47214 50.65 3.25772
      vertex -5.65685 50.65 2.30315
    endloop
  endfacet
  facet normal -0.382686 0 0.923879
    outer loop
      vertex 2.47214 52.5 0.351547
      vertex 3.63192 50.61 0.831947
      vertex 3.63192 52.5 0.831947
    endloop
  endfacet
  facet normal -0.382686 0 0.923879
    outer loop
      vertex 3.63192 50.61 0.831947
      vertex 2.47214 52.5 0.351547
      vertex 2.47214 50.61 0.351547
    endloop
  endfacet
  facet normal -0.923879 0 0.382686
    outer loop
      vertex 7.12805 50.65 4.32808
      vertex 7.60845 52.5 5.48786
      vertex 7.12805 52.5 4.32808
    endloop
  endfacet
  facet normal -0.923879 0 0.382686
    outer loop
      vertex 7.60845 52.5 5.48786
      vertex 7.12805 50.65 4.32808
      vertex 7.60845 50.65 5.48786
    endloop
  endfacet
  facet normal 0.382686 0 -0.923879
    outer loop
      vertex -3.63192 50.65 37.0881
      vertex -2.47214 52.5 37.5685
      vertex -2.47214 50.65 37.5685
    endloop
  endfacet
  facet normal 0.382686 0 -0.923879
    outer loop
      vertex -2.47214 52.5 37.5685
      vertex -3.63192 50.65 37.0881
      vertex -3.63192 52.5 37.0881
    endloop
  endfacet
  facet normal 0.233404 0 -0.97238
    outer loop
      vertex -2.47214 50.65 37.5685
      vertex -1.25148 52.5 37.8615
      vertex -1.25148 50.65 37.8615
    endloop
  endfacet
  facet normal 0.233404 0 -0.97238
    outer loop
      vertex -1.25148 52.5 37.8615
      vertex -2.47214 50.65 37.5685
      vertex -2.47214 52.5 37.5685
    endloop
  endfacet
  facet normal 0.0784642 0 -0.996917
    outer loop
      vertex -1.25148 50.65 37.8615
      vertex 0 52.5 37.96
      vertex 0 50.65 37.96
    endloop
  endfacet
  facet normal 0.0784642 0 -0.996917
    outer loop
      vertex 0 52.5 37.96
      vertex -1.25148 50.65 37.8615
      vertex -1.25148 52.5 37.8615
    endloop
  endfacet
  facet normal -0.996918 0 -0.078455
    outer loop
      vertex 8 50.65 29.96
      vertex 7.90151 52.5 31.2115
      vertex 8 52.5 29.96
    endloop
  endfacet
  facet normal -0.996918 -0 -0.078455
    outer loop
      vertex 7.90151 52.5 31.2115
      vertex 8 50.65 29.96
      vertex 7.90151 50.65 31.2115
    endloop
  endfacet
  facet normal 0.233445 0 0.97237
    outer loop
      vertex -2.47214 52.5 0.351547
      vertex -1.25148 50.61 0.0584927
      vertex -1.25148 52.5 0.0584927
    endloop
  endfacet
  facet normal 0.233445 0 0.97237
    outer loop
      vertex -1.25148 50.61 0.0584927
      vertex -2.47214 52.5 0.351547
      vertex -2.47214 50.61 0.351547
    endloop
  endfacet
  facet normal 0.0784582 0 0.996917
    outer loop
      vertex -1.25148 52.5 0.0584927
      vertex -0.508251 50.61 0
      vertex -0.508251 52.5 0
    endloop
  endfacet
  facet normal 0.0784582 0 0.996917
    outer loop
      vertex -0.508251 50.61 0
      vertex -1.25148 52.5 0.0584927
      vertex -1.25148 50.61 0.0584927
    endloop
  endfacet
  facet normal -0.233445 0 0.97237
    outer loop
      vertex 1.25148 52.5 0.0584927
      vertex 2.47214 50.61 0.351547
      vertex 2.47214 52.5 0.351547
    endloop
  endfacet
  facet normal -0.233445 0 0.97237
    outer loop
      vertex 2.47214 50.61 0.351547
      vertex 1.25148 52.5 0.0584927
      vertex 1.25148 50.61 0.0584927
    endloop
  endfacet
  facet normal 0.522496 0 0.852642
    outer loop
      vertex -4.70228 52.5 1.48786
      vertex -3.63192 50.61 0.831947
      vertex -3.63192 52.5 0.831947
    endloop
  endfacet
  facet normal 0.522496 0 0.852642
    outer loop
      vertex -3.63192 50.61 0.831947
      vertex -4.70228 52.5 1.48786
      vertex -4.70228 50.61 1.48786
    endloop
  endfacet
  facet normal 0.382686 0 0.923879
    outer loop
      vertex -3.63192 52.5 0.831947
      vertex -2.47214 50.61 0.351547
      vertex -2.47214 52.5 0.351547
    endloop
  endfacet
  facet normal 0.382686 0 0.923879
    outer loop
      vertex -2.47214 50.61 0.351547
      vertex -3.63192 52.5 0.831947
      vertex -3.63192 50.61 0.831947
    endloop
  endfacet
  facet normal 0.649449 0 0.760405
    outer loop
      vertex -4.70228 52.5 1.48786
      vertex -5.12629 50.65 1.85
      vertex -4.70228 50.61 1.48786
    endloop
  endfacet
  facet normal 0.649453 -1.34908e-06 0.760402
    outer loop
      vertex -5.65685 52.5 2.30315
      vertex -5.12629 50.65 1.85
      vertex -4.70228 52.5 1.48786
    endloop
  endfacet
  facet normal 0.649455 0 0.7604
    outer loop
      vertex -5.12629 50.65 1.85
      vertex -5.65685 52.5 2.30315
      vertex -5.65685 50.65 2.30315
    endloop
  endfacet
  facet normal 0.649449 0 0.760405
    outer loop
      vertex -4.70228 50.61 1.48786
      vertex -5.12629 50.65 1.85
      vertex -5.12629 50.61 1.85
    endloop
  endfacet
  facet normal -0.649411 0 -0.760437
    outer loop
      vertex 4.70228 50.65 36.4321
      vertex 5.65685 52.5 35.6169
      vertex 5.65685 50.65 35.6169
    endloop
  endfacet
  facet normal -0.649411 0 -0.760437
    outer loop
      vertex 5.65685 52.5 35.6169
      vertex 4.70228 50.65 36.4321
      vertex 4.70228 52.5 36.4321
    endloop
  endfacet
  facet normal -0.760412 0 -0.649441
    outer loop
      vertex 6.47214 50.65 34.6623
      vertex 5.65685 52.5 35.6169
      vertex 6.47214 52.5 34.6623
    endloop
  endfacet
  facet normal -0.760412 -0 -0.649441
    outer loop
      vertex 5.65685 52.5 35.6169
      vertex 6.47214 50.65 34.6623
      vertex 5.65685 50.65 35.6169
    endloop
  endfacet
  facet normal -0.233404 0 -0.97238
    outer loop
      vertex 1.25148 50.65 37.8615
      vertex 2.47214 52.5 37.5685
      vertex 2.47214 50.65 37.5685
    endloop
  endfacet
  facet normal -0.233404 0 -0.97238
    outer loop
      vertex 2.47214 52.5 37.5685
      vertex 1.25148 50.65 37.8615
      vertex 1.25148 52.5 37.8615
    endloop
  endfacet
  facet normal -0.0784642 0 -0.996917
    outer loop
      vertex 0 50.65 37.96
      vertex 1.25148 52.5 37.8615
      vertex 1.25148 50.65 37.8615
    endloop
  endfacet
  facet normal -0.0784642 0 -0.996917
    outer loop
      vertex 1.25148 52.5 37.8615
      vertex 0 50.65 37.96
      vertex 0 52.5 37.96
    endloop
  endfacet
  facet normal -0.522496 0 0.852642
    outer loop
      vertex 3.63192 52.5 0.831947
      vertex 4.70228 50.61 1.48786
      vertex 4.70228 52.5 1.48786
    endloop
  endfacet
  facet normal -0.522496 0 0.852642
    outer loop
      vertex 4.70228 50.61 1.48786
      vertex 3.63192 52.5 0.831947
      vertex 3.63192 50.61 0.831947
    endloop
  endfacet
  facet normal -0.649455 0 0.7604
    outer loop
      vertex 5.65685 52.5 2.30315
      vertex 5.12629 50.65 1.85
      vertex 5.65685 50.65 2.30315
    endloop
  endfacet
  facet normal -0.649453 -1.34908e-06 0.760402
    outer loop
      vertex 4.70228 52.5 1.48786
      vertex 5.12629 50.65 1.85
      vertex 5.65685 52.5 2.30315
    endloop
  endfacet
  facet normal -0.649449 0 0.760405
    outer loop
      vertex 4.70228 50.61 1.48786
      vertex 5.12629 50.65 1.85
      vertex 4.70228 52.5 1.48786
    endloop
  endfacet
  facet normal -0.649449 0 0.760405
    outer loop
      vertex 5.12629 50.65 1.85
      vertex 4.70228 50.61 1.48786
      vertex 5.12629 50.61 1.85
    endloop
  endfacet
  facet normal -0.760402 0 0.649453
    outer loop
      vertex 5.65685 50.65 2.30315
      vertex 6.47214 52.5 3.25772
      vertex 5.65685 52.5 2.30315
    endloop
  endfacet
  facet normal -0.760402 0 0.649453
    outer loop
      vertex 6.47214 52.5 3.25772
      vertex 5.65685 50.65 2.30315
      vertex 6.47214 50.65 3.25772
    endloop
  endfacet
  facet normal 0.996918 0 -0.078455
    outer loop
      vertex -7.90151 -52.5 31.2115
      vertex -8 -50.65 29.96
      vertex -7.90151 -50.65 31.2115
    endloop
  endfacet
  facet normal 0.996918 0 -0.078455
    outer loop
      vertex -8 -50.65 29.96
      vertex -7.90151 -52.5 31.2115
      vertex -8 -52.5 29.96
    endloop
  endfacet
  facet normal 1 -0 0
    outer loop
      vertex -8 -52.5 29.96
      vertex -8 -50.65 7.96
      vertex -8 -50.65 29.96
    endloop
  endfacet
  facet normal 1 0 0
    outer loop
      vertex -8 -50.65 7.96
      vertex -8 -52.5 29.96
      vertex -8 -52.5 7.96
    endloop
  endfacet
  facet normal -0.972366 0 -0.23346
    outer loop
      vertex 7.90151 -52.5 31.2115
      vertex 7.60845 -50.65 32.4321
      vertex 7.90151 -50.65 31.2115
    endloop
  endfacet
  facet normal -0.972366 -0 -0.23346
    outer loop
      vertex 7.60845 -50.65 32.4321
      vertex 7.90151 -52.5 31.2115
      vertex 7.60845 -52.5 32.4321
    endloop
  endfacet
  facet normal 0.996918 -0 0.0784562
    outer loop
      vertex -8 -52.5 7.96
      vertex -7.90151 -50.65 6.70852
      vertex -8 -50.65 7.96
    endloop
  endfacet
  facet normal 0.996918 0 0.0784562
    outer loop
      vertex -7.90151 -50.65 6.70852
      vertex -8 -52.5 7.96
      vertex -7.90151 -52.5 6.70852
    endloop
  endfacet
  facet normal 0 -1 0
    outer loop
      vertex -3.63192 -50.61 0.831947
      vertex -5.12629 -50.61 1.85
      vertex -4.70228 -50.61 1.48786
    endloop
  endfacet
  facet normal 0 -1 0
    outer loop
      vertex -5.12629 -50.61 1.85
      vertex -0.508251 -50.61 0
      vertex 5.12629 -50.61 1.85
    endloop
  endfacet
  facet normal 0 -1 0
    outer loop
      vertex -5.12629 -50.61 1.85
      vertex -3.63192 -50.61 0.831947
      vertex -0.508251 -50.61 0
    endloop
  endfacet
  facet normal 0 -1 0
    outer loop
      vertex 0.508251 -50.61 0
      vertex 5.12629 -50.61 1.85
      vertex -0.508251 -50.61 0
    endloop
  endfacet
  facet normal 0 -1 0
    outer loop
      vertex -0.508251 -50.61 0
      vertex -3.63192 -50.61 0.831947
      vertex -2.47214 -50.61 0.351547
    endloop
  endfacet
  facet normal -0 -1 0
    outer loop
      vertex 3.63192 -50.61 0.831947
      vertex 5.12629 -50.61 1.85
      vertex 0.508251 -50.61 0
    endloop
  endfacet
  facet normal 0 -1 0
    outer loop
      vertex -0.508251 -50.61 0
      vertex -2.47214 -50.61 0.351547
      vertex -1.25148 -50.61 0.0584927
    endloop
  endfacet
  facet normal 0 -1 0
    outer loop
      vertex 5.12629 -50.61 1.85
      vertex 3.63192 -50.61 0.831947
      vertex 4.70228 -50.61 1.48786
    endloop
  endfacet
  facet normal 0 -1 0
    outer loop
      vertex 3.63192 -50.61 0.831947
      vertex 0.508251 -50.61 0
      vertex 2.47214 -50.61 0.351547
    endloop
  endfacet
  facet normal 0 -1 0
    outer loop
      vertex 2.47214 -50.61 0.351547
      vertex 0.508251 -50.61 0
      vertex 1.25148 -50.61 0.0584927
    endloop
  endfacet
  facet normal 0.923879 -0 0.382686
    outer loop
      vertex -7.60845 -52.5 5.48786
      vertex -7.12805 -50.65 4.32808
      vertex -7.60845 -50.65 5.48786
    endloop
  endfacet
  facet normal 0.923879 0 0.382686
    outer loop
      vertex -7.12805 -50.65 4.32808
      vertex -7.60845 -52.5 5.48786
      vertex -7.12805 -52.5 4.32808
    endloop
  endfacet
  facet normal 0.852643 -0 0.522494
    outer loop
      vertex -7.12805 -52.5 4.32808
      vertex -6.47214 -50.65 3.25772
      vertex -7.12805 -50.65 4.32808
    endloop
  endfacet
  facet normal 0.852643 0 0.522494
    outer loop
      vertex -6.47214 -50.65 3.25772
      vertex -7.12805 -52.5 4.32808
      vertex -6.47214 -52.5 3.25772
    endloop
  endfacet
  facet normal 0.972366 0 -0.23346
    outer loop
      vertex -7.60845 -52.5 32.4321
      vertex -7.90151 -50.65 31.2115
      vertex -7.60845 -50.65 32.4321
    endloop
  endfacet
  facet normal 0.972366 0 -0.23346
    outer loop
      vertex -7.90151 -50.65 31.2115
      vertex -7.60845 -52.5 32.4321
      vertex -7.90151 -52.5 31.2115
    endloop
  endfacet
  facet normal -0.0784582 0 0.996917
    outer loop
      vertex 0.508251 -50.61 0
      vertex 1.25148 -52.5 0.0584927
      vertex 1.25148 -50.61 0.0584927
    endloop
  endfacet
  facet normal -0.0784582 0 0.996917
    outer loop
      vertex 1.25148 -52.5 0.0584927
      vertex 0.508251 -50.61 0
      vertex 0.508251 -52.5 0
    endloop
  endfacet
  facet normal -0.852643 0 0.522494
    outer loop
      vertex 6.47214 -52.5 3.25772
      vertex 7.12805 -50.65 4.32808
      vertex 6.47214 -50.65 3.25772
    endloop
  endfacet
  facet normal -0.852643 0 0.522494
    outer loop
      vertex 7.12805 -50.65 4.32808
      vertex 6.47214 -52.5 3.25772
      vertex 7.12805 -52.5 4.32808
    endloop
  endfacet
  facet normal 0.852652 0 -0.52248
    outer loop
      vertex -6.47214 -52.5 34.6623
      vertex -7.12805 -50.65 33.5919
      vertex -6.47214 -50.65 34.6623
    endloop
  endfacet
  facet normal 0.852652 0 -0.52248
    outer loop
      vertex -7.12805 -50.65 33.5919
      vertex -6.47214 -52.5 34.6623
      vertex -7.12805 -52.5 33.5919
    endloop
  endfacet
  facet normal -1 0 0
    outer loop
      vertex 8 -52.5 7.96
      vertex 8 -50.65 29.96
      vertex 8 -50.65 7.96
    endloop
  endfacet
  facet normal -1 -0 0
    outer loop
      vertex 8 -50.65 29.96
      vertex 8 -52.5 7.96
      vertex 8 -52.5 29.96
    endloop
  endfacet
  facet normal -0.923881 0 -0.38268
    outer loop
      vertex 7.60845 -52.5 32.4321
      vertex 7.12805 -50.65 33.5919
      vertex 7.60845 -50.65 32.4321
    endloop
  endfacet
  facet normal -0.923881 -0 -0.38268
    outer loop
      vertex 7.12805 -50.65 33.5919
      vertex 7.60845 -52.5 32.4321
      vertex 7.12805 -52.5 33.5919
    endloop
  endfacet
  facet normal 0.972369 -0 0.233449
    outer loop
      vertex -7.90151 -52.5 6.70852
      vertex -7.60845 -50.65 5.48786
      vertex -7.90151 -50.65 6.70852
    endloop
  endfacet
  facet normal 0.972369 0 0.233449
    outer loop
      vertex -7.60845 -50.65 5.48786
      vertex -7.90151 -52.5 6.70852
      vertex -7.60845 -52.5 5.48786
    endloop
  endfacet
  facet normal -0.972369 0 0.233449
    outer loop
      vertex 7.60845 -52.5 5.48786
      vertex 7.90151 -50.65 6.70852
      vertex 7.60845 -50.65 5.48786
    endloop
  endfacet
  facet normal -0.972369 0 0.233449
    outer loop
      vertex 7.90151 -50.65 6.70852
      vertex 7.60845 -52.5 5.48786
      vertex 7.90151 -52.5 6.70852
    endloop
  endfacet
  facet normal -0.996918 0 0.0784562
    outer loop
      vertex 7.90151 -52.5 6.70852
      vertex 8 -50.65 7.96
      vertex 7.90151 -50.65 6.70852
    endloop
  endfacet
  facet normal -0.996918 0 0.0784562
    outer loop
      vertex 8 -50.65 7.96
      vertex 7.90151 -52.5 6.70852
      vertex 8 -52.5 7.96
    endloop
  endfacet
  facet normal 0.760412 0 -0.649441
    outer loop
      vertex -5.65685 -52.5 35.6169
      vertex -6.47214 -50.65 34.6623
      vertex -5.65685 -50.65 35.6169
    endloop
  endfacet
  facet normal 0.760412 0 -0.649441
    outer loop
      vertex -6.47214 -50.65 34.6623
      vertex -5.65685 -52.5 35.6169
      vertex -6.47214 -52.5 34.6623
    endloop
  endfacet
  facet normal 0.649411 0 -0.760437
    outer loop
      vertex -5.65685 -52.5 35.6169
      vertex -4.70228 -50.65 36.4321
      vertex -4.70228 -52.5 36.4321
    endloop
  endfacet
  facet normal 0.649411 0 -0.760437
    outer loop
      vertex -4.70228 -50.65 36.4321
      vertex -5.65685 -52.5 35.6169
      vertex -5.65685 -50.65 35.6169
    endloop
  endfacet
  facet normal 0.923881 0 -0.38268
    outer loop
      vertex -7.12805 -52.5 33.5919
      vertex -7.60845 -50.65 32.4321
      vertex -7.12805 -50.65 33.5919
    endloop
  endfacet
  facet normal 0.923881 0 -0.38268
    outer loop
      vertex -7.60845 -50.65 32.4321
      vertex -7.12805 -52.5 33.5919
      vertex -7.60845 -52.5 32.4321
    endloop
  endfacet
  facet normal 0.522546 0 -0.852611
    outer loop
      vertex -4.70228 -52.5 36.4321
      vertex -3.63192 -50.65 37.0881
      vertex -3.63192 -52.5 37.0881
    endloop
  endfacet
  facet normal 0.522546 0 -0.852611
    outer loop
      vertex -3.63192 -50.65 37.0881
      vertex -4.70228 -52.5 36.4321
      vertex -4.70228 -50.65 36.4321
    endloop
  endfacet
  facet normal -0.852652 0 -0.52248
    outer loop
      vertex 7.12805 -52.5 33.5919
      vertex 6.47214 -50.65 34.6623
      vertex 7.12805 -50.65 33.5919
    endloop
  endfacet
  facet normal -0.852652 -0 -0.52248
    outer loop
      vertex 6.47214 -50.65 34.6623
      vertex 7.12805 -52.5 33.5919
      vertex 6.47214 -52.5 34.6623
    endloop
  endfacet
  facet normal -0.382686 0 -0.923879
    outer loop
      vertex 2.47214 -52.5 37.5685
      vertex 3.63192 -50.65 37.0881
      vertex 3.63192 -52.5 37.0881
    endloop
  endfacet
  facet normal -0.382686 0 -0.923879
    outer loop
      vertex 3.63192 -50.65 37.0881
      vertex 2.47214 -52.5 37.5685
      vertex 2.47214 -50.65 37.5685
    endloop
  endfacet
  facet normal -0.522546 0 -0.852611
    outer loop
      vertex 3.63192 -52.5 37.0881
      vertex 4.70228 -50.65 36.4321
      vertex 4.70228 -52.5 36.4321
    endloop
  endfacet
  facet normal -0.522546 0 -0.852611
    outer loop
      vertex 4.70228 -50.65 36.4321
      vertex 3.63192 -52.5 37.0881
      vertex 3.63192 -50.65 37.0881
    endloop
  endfacet
  facet normal 0.760402 -0 0.649453
    outer loop
      vertex -6.47214 -52.5 3.25772
      vertex -5.65685 -50.65 2.30315
      vertex -6.47214 -50.65 3.25772
    endloop
  endfacet
  facet normal 0.760402 0 0.649453
    outer loop
      vertex -5.65685 -50.65 2.30315
      vertex -6.47214 -52.5 3.25772
      vertex -5.65685 -52.5 2.30315
    endloop
  endfacet
  facet normal -0.382686 0 0.923879
    outer loop
      vertex 2.47214 -50.61 0.351547
      vertex 3.63192 -52.5 0.831947
      vertex 3.63192 -50.61 0.831947
    endloop
  endfacet
  facet normal -0.382686 0 0.923879
    outer loop
      vertex 3.63192 -52.5 0.831947
      vertex 2.47214 -50.61 0.351547
      vertex 2.47214 -52.5 0.351547
    endloop
  endfacet
  facet normal -0.923879 0 0.382686
    outer loop
      vertex 7.12805 -52.5 4.32808
      vertex 7.60845 -50.65 5.48786
      vertex 7.12805 -50.65 4.32808
    endloop
  endfacet
  facet normal -0.923879 0 0.382686
    outer loop
      vertex 7.60845 -50.65 5.48786
      vertex 7.12805 -52.5 4.32808
      vertex 7.60845 -52.5 5.48786
    endloop
  endfacet
  facet normal 0.382686 0 -0.923879
    outer loop
      vertex -3.63192 -52.5 37.0881
      vertex -2.47214 -50.65 37.5685
      vertex -2.47214 -52.5 37.5685
    endloop
  endfacet
  facet normal 0.382686 0 -0.923879
    outer loop
      vertex -2.47214 -50.65 37.5685
      vertex -3.63192 -52.5 37.0881
      vertex -3.63192 -50.65 37.0881
    endloop
  endfacet
  facet normal 0.233404 0 -0.97238
    outer loop
      vertex -2.47214 -52.5 37.5685
      vertex -1.25148 -50.65 37.8615
      vertex -1.25148 -52.5 37.8615
    endloop
  endfacet
  facet normal 0.233404 0 -0.97238
    outer loop
      vertex -1.25148 -50.65 37.8615
      vertex -2.47214 -52.5 37.5685
      vertex -2.47214 -50.65 37.5685
    endloop
  endfacet
  facet normal 0.0784642 0 -0.996917
    outer loop
      vertex -1.25148 -52.5 37.8615
      vertex 0 -50.65 37.96
      vertex 0 -52.5 37.96
    endloop
  endfacet
  facet normal 0.0784642 0 -0.996917
    outer loop
      vertex 0 -50.65 37.96
      vertex -1.25148 -52.5 37.8615
      vertex -1.25148 -50.65 37.8615
    endloop
  endfacet
  facet normal -0.996918 0 -0.078455
    outer loop
      vertex 8 -52.5 29.96
      vertex 7.90151 -50.65 31.2115
      vertex 8 -50.65 29.96
    endloop
  endfacet
  facet normal -0.996918 -0 -0.078455
    outer loop
      vertex 7.90151 -50.65 31.2115
      vertex 8 -52.5 29.96
      vertex 7.90151 -52.5 31.2115
    endloop
  endfacet
  facet normal 0.233445 0 0.97237
    outer loop
      vertex -2.47214 -50.61 0.351547
      vertex -1.25148 -52.5 0.0584927
      vertex -1.25148 -50.61 0.0584927
    endloop
  endfacet
  facet normal 0.233445 0 0.97237
    outer loop
      vertex -1.25148 -52.5 0.0584927
      vertex -2.47214 -50.61 0.351547
      vertex -2.47214 -52.5 0.351547
    endloop
  endfacet
  facet normal 0.0784582 0 0.996917
    outer loop
      vertex -1.25148 -50.61 0.0584927
      vertex -0.508251 -52.5 0
      vertex -0.508251 -50.61 0
    endloop
  endfacet
  facet normal 0.0784582 0 0.996917
    outer loop
      vertex -0.508251 -52.5 0
      vertex -1.25148 -50.61 0.0584927
      vertex -1.25148 -52.5 0.0584927
    endloop
  endfacet
  facet normal -0.233445 0 0.97237
    outer loop
      vertex 1.25148 -50.61 0.0584927
      vertex 2.47214 -52.5 0.351547
      vertex 2.47214 -50.61 0.351547
    endloop
  endfacet
  facet normal -0.233445 0 0.97237
    outer loop
      vertex 2.47214 -52.5 0.351547
      vertex 1.25148 -50.61 0.0584927
      vertex 1.25148 -52.5 0.0584927
    endloop
  endfacet
  facet normal 0.522496 0 0.852642
    outer loop
      vertex -4.70228 -50.61 1.48786
      vertex -3.63192 -52.5 0.831947
      vertex -3.63192 -50.61 0.831947
    endloop
  endfacet
  facet normal 0.522496 0 0.852642
    outer loop
      vertex -3.63192 -52.5 0.831947
      vertex -4.70228 -50.61 1.48786
      vertex -4.70228 -52.5 1.48786
    endloop
  endfacet
  facet normal 0.382686 0 0.923879
    outer loop
      vertex -3.63192 -50.61 0.831947
      vertex -2.47214 -52.5 0.351547
      vertex -2.47214 -50.61 0.351547
    endloop
  endfacet
  facet normal 0.382686 0 0.923879
    outer loop
      vertex -2.47214 -52.5 0.351547
      vertex -3.63192 -50.61 0.831947
      vertex -3.63192 -52.5 0.831947
    endloop
  endfacet
  facet normal 0.649449 -0 0.760405
    outer loop
      vertex -5.12629 -50.65 1.85
      vertex -4.70228 -50.61 1.48786
      vertex -5.12629 -50.61 1.85
    endloop
  endfacet
  facet normal 0.649449 0 0.760405
    outer loop
      vertex -4.70228 -50.61 1.48786
      vertex -5.12629 -50.65 1.85
      vertex -4.70228 -52.5 1.48786
    endloop
  endfacet
  facet normal 0.649455 -0 0.7604
    outer loop
      vertex -5.65685 -52.5 2.30315
      vertex -5.12629 -50.65 1.85
      vertex -5.65685 -50.65 2.30315
    endloop
  endfacet
  facet normal 0.649453 1.34908e-06 0.760402
    outer loop
      vertex -5.12629 -50.65 1.85
      vertex -5.65685 -52.5 2.30315
      vertex -4.70228 -52.5 1.48786
    endloop
  endfacet
  facet normal -0.649411 0 -0.760437
    outer loop
      vertex 4.70228 -52.5 36.4321
      vertex 5.65685 -50.65 35.6169
      vertex 5.65685 -52.5 35.6169
    endloop
  endfacet
  facet normal -0.649411 0 -0.760437
    outer loop
      vertex 5.65685 -50.65 35.6169
      vertex 4.70228 -52.5 36.4321
      vertex 4.70228 -50.65 36.4321
    endloop
  endfacet
  facet normal -0.760412 0 -0.649441
    outer loop
      vertex 6.47214 -52.5 34.6623
      vertex 5.65685 -50.65 35.6169
      vertex 6.47214 -50.65 34.6623
    endloop
  endfacet
  facet normal -0.760412 -0 -0.649441
    outer loop
      vertex 5.65685 -50.65 35.6169
      vertex 6.47214 -52.5 34.6623
      vertex 5.65685 -52.5 35.6169
    endloop
  endfacet
  facet normal -0.233404 0 -0.97238
    outer loop
      vertex 1.25148 -52.5 37.8615
      vertex 2.47214 -50.65 37.5685
      vertex 2.47214 -52.5 37.5685
    endloop
  endfacet
  facet normal -0.233404 0 -0.97238
    outer loop
      vertex 2.47214 -50.65 37.5685
      vertex 1.25148 -52.5 37.8615
      vertex 1.25148 -50.65 37.8615
    endloop
  endfacet
  facet normal -0.0784642 0 -0.996917
    outer loop
      vertex 0 -52.5 37.96
      vertex 1.25148 -50.65 37.8615
      vertex 1.25148 -52.5 37.8615
    endloop
  endfacet
  facet normal -0.0784642 0 -0.996917
    outer loop
      vertex 1.25148 -50.65 37.8615
      vertex 0 -52.5 37.96
      vertex 0 -50.65 37.96
    endloop
  endfacet
  facet normal -0.522496 0 0.852642
    outer loop
      vertex 3.63192 -50.61 0.831947
      vertex 4.70228 -52.5 1.48786
      vertex 4.70228 -50.61 1.48786
    endloop
  endfacet
  facet normal -0.522496 0 0.852642
    outer loop
      vertex 4.70228 -52.5 1.48786
      vertex 3.63192 -50.61 0.831947
      vertex 3.63192 -52.5 0.831947
    endloop
  endfacet
  facet normal -0.649449 0 0.760405
    outer loop
      vertex 5.12629 -50.61 1.85
      vertex 4.70228 -50.61 1.48786
      vertex 5.12629 -50.65 1.85
    endloop
  endfacet
  facet normal -0.649455 0 0.7604
    outer loop
      vertex 5.12629 -50.65 1.85
      vertex 5.65685 -52.5 2.30315
      vertex 5.65685 -50.65 2.30315
    endloop
  endfacet
  facet normal -0.649449 0 0.760405
    outer loop
      vertex 4.70228 -52.5 1.48786
      vertex 5.12629 -50.65 1.85
      vertex 4.70228 -50.61 1.48786
    endloop
  endfacet
  facet normal -0.649453 1.34908e-06 0.760402
    outer loop
      vertex 5.12629 -50.65 1.85
      vertex 4.70228 -52.5 1.48786
      vertex 5.65685 -52.5 2.30315
    endloop
  endfacet
  facet normal -0.760402 0 0.649453
    outer loop
      vertex 5.65685 -52.5 2.30315
      vertex 6.47214 -50.65 3.25772
      vertex 5.65685 -50.65 2.30315
    endloop
  endfacet
  facet normal -0.760402 0 0.649453
    outer loop
      vertex 6.47214 -50.65 3.25772
      vertex 5.65685 -52.5 2.30315
      vertex 6.47214 -52.5 3.25772
    endloop
  endfacet
  facet normal 0 0.522546 -0.852611
    outer loop
      vertex 85.65 -4.70228 36.4321
      vertex 87.5 -3.63192 37.0881
      vertex 87.5 -4.70228 36.4321
    endloop
  endfacet
  facet normal 0 0.522546 -0.852611
    outer loop
      vertex 87.5 -3.63192 37.0881
      vertex 85.65 -4.70228 36.4321
      vertex 85.65 -3.63192 37.0881
    endloop
  endfacet
  facet normal 0 -0.0784642 -0.996917
    outer loop
      vertex 85.65 0 37.96
      vertex 87.5 1.25148 37.8615
      vertex 87.5 0 37.96
    endloop
  endfacet
  facet normal -0 -0.0784642 -0.996917
    outer loop
      vertex 87.5 1.25148 37.8615
      vertex 85.65 0 37.96
      vertex 85.65 1.25148 37.8615
    endloop
  endfacet
  facet normal 0 0.996918 -0.078455
    outer loop
      vertex 87.5 -8 29.96
      vertex 85.65 -7.90151 31.2115
      vertex 87.5 -7.90151 31.2115
    endloop
  endfacet
  facet normal 0 0.996918 -0.078455
    outer loop
      vertex 85.65 -7.90151 31.2115
      vertex 87.5 -8 29.96
      vertex 85.65 -8 29.96
    endloop
  endfacet
  facet normal 0 0.760412 -0.649441
    outer loop
      vertex 87.5 -6.47214 34.6623
      vertex 85.65 -5.65685 35.6169
      vertex 87.5 -5.65685 35.6169
    endloop
  endfacet
  facet normal 0 0.760412 -0.649441
    outer loop
      vertex 85.65 -5.65685 35.6169
      vertex 87.5 -6.47214 34.6623
      vertex 85.65 -6.47214 34.6623
    endloop
  endfacet
  facet normal 0 0.233404 -0.97238
    outer loop
      vertex 85.65 -2.47214 37.5685
      vertex 87.5 -1.25148 37.8615
      vertex 87.5 -2.47214 37.5685
    endloop
  endfacet
  facet normal 0 0.233404 -0.97238
    outer loop
      vertex 87.5 -1.25148 37.8615
      vertex 85.65 -2.47214 37.5685
      vertex 85.65 -1.25148 37.8615
    endloop
  endfacet
  facet normal 0 -0.382686 -0.923879
    outer loop
      vertex 85.65 2.47214 37.5685
      vertex 87.5 3.63192 37.0881
      vertex 87.5 2.47214 37.5685
    endloop
  endfacet
  facet normal -0 -0.382686 -0.923879
    outer loop
      vertex 87.5 3.63192 37.0881
      vertex 85.65 2.47214 37.5685
      vertex 85.65 3.63192 37.0881
    endloop
  endfacet
  facet normal 0 -0.522546 -0.852611
    outer loop
      vertex 85.65 3.63192 37.0881
      vertex 87.5 4.70228 36.4321
      vertex 87.5 3.63192 37.0881
    endloop
  endfacet
  facet normal -0 -0.522546 -0.852611
    outer loop
      vertex 87.5 4.70228 36.4321
      vertex 85.65 3.63192 37.0881
      vertex 85.65 4.70228 36.4321
    endloop
  endfacet
  facet normal 0 1 -0
    outer loop
      vertex 87.5 -8 7.96
      vertex 85.65 -8 29.96
      vertex 87.5 -8 29.96
    endloop
  endfacet
  facet normal 0 1 0
    outer loop
      vertex 85.65 -8 29.96
      vertex 87.5 -8 7.96
      vertex 85.65 -8 7.96
    endloop
  endfacet
  facet normal 0 0.923879 0.382686
    outer loop
      vertex 87.5 -7.12805 4.32808
      vertex 85.65 -7.60845 5.48786
      vertex 87.5 -7.60845 5.48786
    endloop
  endfacet
  facet normal 0 0.923879 0.382686
    outer loop
      vertex 85.65 -7.60845 5.48786
      vertex 87.5 -7.12805 4.32808
      vertex 85.65 -7.12805 4.32808
    endloop
  endfacet
  facet normal 0 0.972366 -0.23346
    outer loop
      vertex 87.5 -7.90151 31.2115
      vertex 85.65 -7.60845 32.4321
      vertex 87.5 -7.60845 32.4321
    endloop
  endfacet
  facet normal 0 0.972366 -0.23346
    outer loop
      vertex 85.65 -7.60845 32.4321
      vertex 87.5 -7.90151 31.2115
      vertex 85.65 -7.90151 31.2115
    endloop
  endfacet
  facet normal 0 -0.233404 -0.97238
    outer loop
      vertex 85.65 1.25148 37.8615
      vertex 87.5 2.47214 37.5685
      vertex 87.5 1.25148 37.8615
    endloop
  endfacet
  facet normal -0 -0.233404 -0.97238
    outer loop
      vertex 87.5 2.47214 37.5685
      vertex 85.65 1.25148 37.8615
      vertex 85.65 2.47214 37.5685
    endloop
  endfacet
  facet normal 0 0.382686 -0.923879
    outer loop
      vertex 85.65 -3.63192 37.0881
      vertex 87.5 -2.47214 37.5685
      vertex 87.5 -3.63192 37.0881
    endloop
  endfacet
  facet normal 0 0.382686 -0.923879
    outer loop
      vertex 87.5 -2.47214 37.5685
      vertex 85.65 -3.63192 37.0881
      vertex 85.65 -2.47214 37.5685
    endloop
  endfacet
  facet normal 0 0.0784642 -0.996917
    outer loop
      vertex 85.65 -1.25148 37.8615
      vertex 87.5 0 37.96
      vertex 87.5 -1.25148 37.8615
    endloop
  endfacet
  facet normal 0 0.0784642 -0.996917
    outer loop
      vertex 87.5 0 37.96
      vertex 85.65 -1.25148 37.8615
      vertex 85.65 0 37.96
    endloop
  endfacet
  facet normal 0 0.649411 -0.760437
    outer loop
      vertex 85.65 -5.65685 35.6169
      vertex 87.5 -4.70228 36.4321
      vertex 87.5 -5.65685 35.6169
    endloop
  endfacet
  facet normal 0 0.649411 -0.760437
    outer loop
      vertex 87.5 -4.70228 36.4321
      vertex 85.65 -5.65685 35.6169
      vertex 85.65 -4.70228 36.4321
    endloop
  endfacet
  facet normal 0 -0.649411 -0.760437
    outer loop
      vertex 85.65 4.70228 36.4321
      vertex 87.5 5.65685 35.6169
      vertex 87.5 4.70228 36.4321
    endloop
  endfacet
  facet normal -0 -0.649411 -0.760437
    outer loop
      vertex 87.5 5.65685 35.6169
      vertex 85.65 4.70228 36.4321
      vertex 85.65 5.65685 35.6169
    endloop
  endfacet
  facet normal 0 -0.923881 -0.38268
    outer loop
      vertex 85.65 7.60845 32.4321
      vertex 87.5 7.12805 33.5919
      vertex 85.65 7.12805 33.5919
    endloop
  endfacet
  facet normal 0 -0.923881 -0.38268
    outer loop
      vertex 87.5 7.12805 33.5919
      vertex 85.65 7.60845 32.4321
      vertex 87.5 7.60845 32.4321
    endloop
  endfacet
  facet normal 1 0 0
    outer loop
      vertex 85.61 5.12629 1.85
      vertex 85.61 3.63192 0.831947
      vertex 85.61 4.70228 1.48786
    endloop
  endfacet
  facet normal 1 0 0
    outer loop
      vertex 85.61 5.12629 1.85
      vertex 85.61 2.47214 0.351547
      vertex 85.61 3.63192 0.831947
    endloop
  endfacet
  facet normal 1 0 0
    outer loop
      vertex 85.61 0.508251 0
      vertex 85.61 2.47214 0.351547
      vertex 85.61 5.12629 1.85
    endloop
  endfacet
  facet normal 1 0 0
    outer loop
      vertex 85.61 2.47214 0.351547
      vertex 85.61 0.508251 0
      vertex 85.61 1.25148 0.0584927
    endloop
  endfacet
  facet normal 1 0 0
    outer loop
      vertex 85.61 5.12629 1.85
      vertex 85.61 -0.508251 0
      vertex 85.61 0.508251 0
    endloop
  endfacet
  facet normal 1 -0 0
    outer loop
      vertex 85.61 -5.12629 1.85
      vertex 85.61 -0.508251 0
      vertex 85.61 5.12629 1.85
    endloop
  endfacet
  facet normal 1 0 0
    outer loop
      vertex 85.61 -0.508251 0
      vertex 85.61 -2.47214 0.351547
      vertex 85.61 -1.25148 0.0584927
    endloop
  endfacet
  facet normal 1 0 0
    outer loop
      vertex 85.61 -0.508251 0
      vertex 85.61 -5.12629 1.85
      vertex 85.61 -2.47214 0.351547
    endloop
  endfacet
  facet normal 1 0 0
    outer loop
      vertex 85.61 -2.47214 0.351547
      vertex 85.61 -5.12629 1.85
      vertex 85.61 -3.63192 0.831947
    endloop
  endfacet
  facet normal 1 0 0
    outer loop
      vertex 85.61 -3.63192 0.831947
      vertex 85.61 -5.12629 1.85
      vertex 85.61 -4.70228 1.48786
    endloop
  endfacet
  facet normal 0 0.923881 -0.38268
    outer loop
      vertex 87.5 -7.60845 32.4321
      vertex 85.65 -7.12805 33.5919
      vertex 87.5 -7.12805 33.5919
    endloop
  endfacet
  facet normal 0 0.923881 -0.38268
    outer loop
      vertex 85.65 -7.12805 33.5919
      vertex 87.5 -7.60845 32.4321
      vertex 85.65 -7.60845 32.4321
    endloop
  endfacet
  facet normal 0 0.852652 -0.52248
    outer loop
      vertex 87.5 -7.12805 33.5919
      vertex 85.65 -6.47214 34.6623
      vertex 87.5 -6.47214 34.6623
    endloop
  endfacet
  facet normal 0 0.852652 -0.52248
    outer loop
      vertex 85.65 -6.47214 34.6623
      vertex 87.5 -7.12805 33.5919
      vertex 85.65 -7.12805 33.5919
    endloop
  endfacet
  facet normal 0 -0.760412 -0.649441
    outer loop
      vertex 85.65 6.47214 34.6623
      vertex 87.5 5.65685 35.6169
      vertex 85.65 5.65685 35.6169
    endloop
  endfacet
  facet normal 0 -0.760412 -0.649441
    outer loop
      vertex 87.5 5.65685 35.6169
      vertex 85.65 6.47214 34.6623
      vertex 87.5 6.47214 34.6623
    endloop
  endfacet
  facet normal -0 0.0784582 0.996917
    outer loop
      vertex 85.61 -0.508251 0
      vertex 87.5 -1.25148 0.0584927
      vertex 87.5 -0.508251 0
    endloop
  endfacet
  facet normal 0 0.0784582 0.996917
    outer loop
      vertex 87.5 -1.25148 0.0584927
      vertex 85.61 -0.508251 0
      vertex 85.61 -1.25148 0.0584927
    endloop
  endfacet
  facet normal 0 -1 0
    outer loop
      vertex 85.65 8 7.96
      vertex 87.5 8 29.96
      vertex 85.65 8 29.96
    endloop
  endfacet
  facet normal 0 -1 -0
    outer loop
      vertex 87.5 8 29.96
      vertex 85.65 8 7.96
      vertex 87.5 8 7.96
    endloop
  endfacet
  facet normal 0 -0.522496 0.852642
    outer loop
      vertex 85.61 4.70228 1.48786
      vertex 87.5 3.63192 0.831947
      vertex 87.5 4.70228 1.48786
    endloop
  endfacet
  facet normal 0 -0.522496 0.852642
    outer loop
      vertex 87.5 3.63192 0.831947
      vertex 85.61 4.70228 1.48786
      vertex 85.61 3.63192 0.831947
    endloop
  endfacet
  facet normal 0 -0.972366 -0.23346
    outer loop
      vertex 85.65 7.90151 31.2115
      vertex 87.5 7.60845 32.4321
      vertex 85.65 7.60845 32.4321
    endloop
  endfacet
  facet normal 0 -0.972366 -0.23346
    outer loop
      vertex 87.5 7.60845 32.4321
      vertex 85.65 7.90151 31.2115
      vertex 87.5 7.90151 31.2115
    endloop
  endfacet
  facet normal 0 -0.996918 -0.078455
    outer loop
      vertex 85.65 8 29.96
      vertex 87.5 7.90151 31.2115
      vertex 85.65 7.90151 31.2115
    endloop
  endfacet
  facet normal 0 -0.996918 -0.078455
    outer loop
      vertex 87.5 7.90151 31.2115
      vertex 85.65 8 29.96
      vertex 87.5 8 29.96
    endloop
  endfacet
  facet normal 0 -0.852652 -0.52248
    outer loop
      vertex 85.65 7.12805 33.5919
      vertex 87.5 6.47214 34.6623
      vertex 85.65 6.47214 34.6623
    endloop
  endfacet
  facet normal 0 -0.852652 -0.52248
    outer loop
      vertex 87.5 6.47214 34.6623
      vertex 85.65 7.12805 33.5919
      vertex 87.5 7.12805 33.5919
    endloop
  endfacet
  facet normal 0 0.996918 0.0784562
    outer loop
      vertex 87.5 -7.90151 6.70852
      vertex 85.65 -8 7.96
      vertex 87.5 -8 7.96
    endloop
  endfacet
  facet normal 0 0.996918 0.0784562
    outer loop
      vertex 85.65 -8 7.96
      vertex 87.5 -7.90151 6.70852
      vertex 85.65 -7.90151 6.70852
    endloop
  endfacet
  facet normal -0 0.233445 0.97237
    outer loop
      vertex 85.61 -1.25148 0.0584927
      vertex 87.5 -2.47214 0.351547
      vertex 87.5 -1.25148 0.0584927
    endloop
  endfacet
  facet normal 0 0.233445 0.97237
    outer loop
      vertex 87.5 -2.47214 0.351547
      vertex 85.61 -1.25148 0.0584927
      vertex 85.61 -2.47214 0.351547
    endloop
  endfacet
  facet normal 0 0.852643 0.522494
    outer loop
      vertex 87.5 -6.47214 3.25772
      vertex 85.65 -7.12805 4.32808
      vertex 87.5 -7.12805 4.32808
    endloop
  endfacet
  facet normal 0 0.852643 0.522494
    outer loop
      vertex 85.65 -7.12805 4.32808
      vertex 87.5 -6.47214 3.25772
      vertex 85.65 -6.47214 3.25772
    endloop
  endfacet
  facet normal 0 -0.996918 0.0784562
    outer loop
      vertex 85.65 7.90151 6.70852
      vertex 87.5 8 7.96
      vertex 85.65 8 7.96
    endloop
  endfacet
  facet normal 0 -0.996918 0.0784562
    outer loop
      vertex 87.5 8 7.96
      vertex 85.65 7.90151 6.70852
      vertex 87.5 7.90151 6.70852
    endloop
  endfacet
  facet normal 0 -0.972369 0.233449
    outer loop
      vertex 85.65 7.60845 5.48786
      vertex 87.5 7.90151 6.70852
      vertex 85.65 7.90151 6.70852
    endloop
  endfacet
  facet normal 0 -0.972369 0.233449
    outer loop
      vertex 87.5 7.90151 6.70852
      vertex 85.65 7.60845 5.48786
      vertex 87.5 7.60845 5.48786
    endloop
  endfacet
  facet normal 0 -0.852643 0.522494
    outer loop
      vertex 85.65 6.47214 3.25772
      vertex 87.5 7.12805 4.32808
      vertex 85.65 7.12805 4.32808
    endloop
  endfacet
  facet normal 0 -0.852643 0.522494
    outer loop
      vertex 87.5 7.12805 4.32808
      vertex 85.65 6.47214 3.25772
      vertex 87.5 6.47214 3.25772
    endloop
  endfacet
  facet normal 0 -0.649455 0.7604
    outer loop
      vertex 85.65 5.12629 1.85
      vertex 87.5 5.65685 2.30315
      vertex 85.65 5.65685 2.30315
    endloop
  endfacet
  facet normal -1.34908e-06 -0.649453 0.760402
    outer loop
      vertex 87.5 5.65685 2.30315
      vertex 85.65 5.12629 1.85
      vertex 87.5 4.70228 1.48786
    endloop
  endfacet
  facet normal 0 -0.649449 0.760405
    outer loop
      vertex 85.61 4.70228 1.48786
      vertex 85.65 5.12629 1.85
      vertex 85.61 5.12629 1.85
    endloop
  endfacet
  facet normal 0 -0.649449 0.760405
    outer loop
      vertex 85.65 5.12629 1.85
      vertex 85.61 4.70228 1.48786
      vertex 87.5 4.70228 1.48786
    endloop
  endfacet
  facet normal 0 -0.382686 0.923879
    outer loop
      vertex 85.61 3.63192 0.831947
      vertex 87.5 2.47214 0.351547
      vertex 87.5 3.63192 0.831947
    endloop
  endfacet
  facet normal 0 -0.382686 0.923879
    outer loop
      vertex 87.5 2.47214 0.351547
      vertex 85.61 3.63192 0.831947
      vertex 85.61 2.47214 0.351547
    endloop
  endfacet
  facet normal 0 -0.233445 0.97237
    outer loop
      vertex 85.61 2.47214 0.351547
      vertex 87.5 1.25148 0.0584927
      vertex 87.5 2.47214 0.351547
    endloop
  endfacet
  facet normal 0 -0.233445 0.97237
    outer loop
      vertex 87.5 1.25148 0.0584927
      vertex 85.61 2.47214 0.351547
      vertex 85.61 1.25148 0.0584927
    endloop
  endfacet
  facet normal 0 0.972369 0.233449
    outer loop
      vertex 87.5 -7.60845 5.48786
      vertex 85.65 -7.90151 6.70852
      vertex 87.5 -7.90151 6.70852
    endloop
  endfacet
  facet normal 0 0.972369 0.233449
    outer loop
      vertex 85.65 -7.90151 6.70852
      vertex 87.5 -7.60845 5.48786
      vertex 85.65 -7.60845 5.48786
    endloop
  endfacet
  facet normal -0 0.522496 0.852642
    outer loop
      vertex 85.61 -3.63192 0.831947
      vertex 87.5 -4.70228 1.48786
      vertex 87.5 -3.63192 0.831947
    endloop
  endfacet
  facet normal 0 0.522496 0.852642
    outer loop
      vertex 87.5 -4.70228 1.48786
      vertex 85.61 -3.63192 0.831947
      vertex 85.61 -4.70228 1.48786
    endloop
  endfacet
  facet normal 0 0.760402 0.649453
    outer loop
      vertex 87.5 -5.65685 2.30315
      vertex 85.65 -6.47214 3.25772
      vertex 87.5 -6.47214 3.25772
    endloop
  endfacet
  facet normal 0 0.760402 0.649453
    outer loop
      vertex 85.65 -6.47214 3.25772
      vertex 87.5 -5.65685 2.30315
      vertex 85.65 -5.65685 2.30315
    endloop
  endfacet
  facet normal -1.34908e-06 0.649453 0.760402
    outer loop
      vertex 87.5 -4.70228 1.48786
      vertex 85.65 -5.12629 1.85
      vertex 87.5 -5.65685 2.30315
    endloop
  endfacet
  facet normal -0 0.649449 0.760405
    outer loop
      vertex 85.61 -4.70228 1.48786
      vertex 85.65 -5.12629 1.85
      vertex 87.5 -4.70228 1.48786
    endloop
  endfacet
  facet normal 0 0.649449 0.760405
    outer loop
      vertex 85.65 -5.12629 1.85
      vertex 85.61 -4.70228 1.48786
      vertex 85.61 -5.12629 1.85
    endloop
  endfacet
  facet normal 0 0.649455 0.7604
    outer loop
      vertex 87.5 -5.65685 2.30315
      vertex 85.65 -5.12629 1.85
      vertex 85.65 -5.65685 2.30315
    endloop
  endfacet
  facet normal 0 -0.760402 0.649453
    outer loop
      vertex 85.65 5.65685 2.30315
      vertex 87.5 6.47214 3.25772
      vertex 85.65 6.47214 3.25772
    endloop
  endfacet
  facet normal 0 -0.760402 0.649453
    outer loop
      vertex 87.5 6.47214 3.25772
      vertex 85.65 5.65685 2.30315
      vertex 87.5 5.65685 2.30315
    endloop
  endfacet
  facet normal 0 -0.0784582 0.996917
    outer loop
      vertex 85.61 1.25148 0.0584927
      vertex 87.5 0.508251 0
      vertex 87.5 1.25148 0.0584927
    endloop
  endfacet
  facet normal 0 -0.0784582 0.996917
    outer loop
      vertex 87.5 0.508251 0
      vertex 85.61 1.25148 0.0584927
      vertex 85.61 0.508251 0
    endloop
  endfacet
  facet normal -0 0.382686 0.923879
    outer loop
      vertex 85.61 -2.47214 0.351547
      vertex 87.5 -3.63192 0.831947
      vertex 87.5 -2.47214 0.351547
    endloop
  endfacet
  facet normal 0 0.382686 0.923879
    outer loop
      vertex 87.5 -3.63192 0.831947
      vertex 85.61 -2.47214 0.351547
      vertex 85.61 -3.63192 0.831947
    endloop
  endfacet
  facet normal 0 -0.923879 0.382686
    outer loop
      vertex 85.65 7.12805 4.32808
      vertex 87.5 7.60845 5.48786
      vertex 85.65 7.60845 5.48786
    endloop
  endfacet
  facet normal 0 -0.923879 0.382686
    outer loop
      vertex 87.5 7.60845 5.48786
      vertex 85.65 7.12805 4.32808
      vertex 87.5 7.12805 4.32808
    endloop
  endfacet
  facet normal 0 0.522546 -0.852611
    outer loop
      vertex -87.5 -4.70228 36.4321
      vertex -85.65 -3.63192 37.0881
      vertex -85.65 -4.70228 36.4321
    endloop
  endfacet
  facet normal 0 0.522546 -0.852611
    outer loop
      vertex -85.65 -3.63192 37.0881
      vertex -87.5 -4.70228 36.4321
      vertex -87.5 -3.63192 37.0881
    endloop
  endfacet
  facet normal 0 -0.0784642 -0.996917
    outer loop
      vertex -87.5 0 37.96
      vertex -85.65 1.25148 37.8615
      vertex -85.65 0 37.96
    endloop
  endfacet
  facet normal -0 -0.0784642 -0.996917
    outer loop
      vertex -85.65 1.25148 37.8615
      vertex -87.5 0 37.96
      vertex -87.5 1.25148 37.8615
    endloop
  endfacet
  facet normal 0 0.996918 -0.078455
    outer loop
      vertex -85.65 -8 29.96
      vertex -87.5 -7.90151 31.2115
      vertex -85.65 -7.90151 31.2115
    endloop
  endfacet
  facet normal 0 0.996918 -0.078455
    outer loop
      vertex -87.5 -7.90151 31.2115
      vertex -85.65 -8 29.96
      vertex -87.5 -8 29.96
    endloop
  endfacet
  facet normal 0 0.760412 -0.649441
    outer loop
      vertex -85.65 -6.47214 34.6623
      vertex -87.5 -5.65685 35.6169
      vertex -85.65 -5.65685 35.6169
    endloop
  endfacet
  facet normal 0 0.760412 -0.649441
    outer loop
      vertex -87.5 -5.65685 35.6169
      vertex -85.65 -6.47214 34.6623
      vertex -87.5 -6.47214 34.6623
    endloop
  endfacet
  facet normal 0 0.233404 -0.97238
    outer loop
      vertex -87.5 -2.47214 37.5685
      vertex -85.65 -1.25148 37.8615
      vertex -85.65 -2.47214 37.5685
    endloop
  endfacet
  facet normal 0 0.233404 -0.97238
    outer loop
      vertex -85.65 -1.25148 37.8615
      vertex -87.5 -2.47214 37.5685
      vertex -87.5 -1.25148 37.8615
    endloop
  endfacet
  facet normal 0 -0.382686 -0.923879
    outer loop
      vertex -87.5 2.47214 37.5685
      vertex -85.65 3.63192 37.0881
      vertex -85.65 2.47214 37.5685
    endloop
  endfacet
  facet normal -0 -0.382686 -0.923879
    outer loop
      vertex -85.65 3.63192 37.0881
      vertex -87.5 2.47214 37.5685
      vertex -87.5 3.63192 37.0881
    endloop
  endfacet
  facet normal 0 -0.522546 -0.852611
    outer loop
      vertex -87.5 3.63192 37.0881
      vertex -85.65 4.70228 36.4321
      vertex -85.65 3.63192 37.0881
    endloop
  endfacet
  facet normal -0 -0.522546 -0.852611
    outer loop
      vertex -85.65 4.70228 36.4321
      vertex -87.5 3.63192 37.0881
      vertex -87.5 4.70228 36.4321
    endloop
  endfacet
  facet normal 0 1 -0
    outer loop
      vertex -85.65 -8 7.96
      vertex -87.5 -8 29.96
      vertex -85.65 -8 29.96
    endloop
  endfacet
  facet normal 0 1 0
    outer loop
      vertex -87.5 -8 29.96
      vertex -85.65 -8 7.96
      vertex -87.5 -8 7.96
    endloop
  endfacet
  facet normal 0 0.923879 0.382686
    outer loop
      vertex -85.65 -7.12805 4.32808
      vertex -87.5 -7.60845 5.48786
      vertex -85.65 -7.60845 5.48786
    endloop
  endfacet
  facet normal 0 0.923879 0.382686
    outer loop
      vertex -87.5 -7.60845 5.48786
      vertex -85.65 -7.12805 4.32808
      vertex -87.5 -7.12805 4.32808
    endloop
  endfacet
  facet normal 0 0.972366 -0.23346
    outer loop
      vertex -85.65 -7.90151 31.2115
      vertex -87.5 -7.60845 32.4321
      vertex -85.65 -7.60845 32.4321
    endloop
  endfacet
  facet normal 0 0.972366 -0.23346
    outer loop
      vertex -87.5 -7.60845 32.4321
      vertex -85.65 -7.90151 31.2115
      vertex -87.5 -7.90151 31.2115
    endloop
  endfacet
  facet normal 0 -0.233404 -0.97238
    outer loop
      vertex -87.5 1.25148 37.8615
      vertex -85.65 2.47214 37.5685
      vertex -85.65 1.25148 37.8615
    endloop
  endfacet
  facet normal -0 -0.233404 -0.97238
    outer loop
      vertex -85.65 2.47214 37.5685
      vertex -87.5 1.25148 37.8615
      vertex -87.5 2.47214 37.5685
    endloop
  endfacet
  facet normal 0 0.382686 -0.923879
    outer loop
      vertex -87.5 -3.63192 37.0881
      vertex -85.65 -2.47214 37.5685
      vertex -85.65 -3.63192 37.0881
    endloop
  endfacet
  facet normal 0 0.382686 -0.923879
    outer loop
      vertex -85.65 -2.47214 37.5685
      vertex -87.5 -3.63192 37.0881
      vertex -87.5 -2.47214 37.5685
    endloop
  endfacet
  facet normal 0 0.0784642 -0.996917
    outer loop
      vertex -87.5 -1.25148 37.8615
      vertex -85.65 0 37.96
      vertex -85.65 -1.25148 37.8615
    endloop
  endfacet
  facet normal 0 0.0784642 -0.996917
    outer loop
      vertex -85.65 0 37.96
      vertex -87.5 -1.25148 37.8615
      vertex -87.5 0 37.96
    endloop
  endfacet
  facet normal 0 0.649411 -0.760437
    outer loop
      vertex -87.5 -5.65685 35.6169
      vertex -85.65 -4.70228 36.4321
      vertex -85.65 -5.65685 35.6169
    endloop
  endfacet
  facet normal 0 0.649411 -0.760437
    outer loop
      vertex -85.65 -4.70228 36.4321
      vertex -87.5 -5.65685 35.6169
      vertex -87.5 -4.70228 36.4321
    endloop
  endfacet
  facet normal 0 -0.649411 -0.760437
    outer loop
      vertex -87.5 4.70228 36.4321
      vertex -85.65 5.65685 35.6169
      vertex -85.65 4.70228 36.4321
    endloop
  endfacet
  facet normal -0 -0.649411 -0.760437
    outer loop
      vertex -85.65 5.65685 35.6169
      vertex -87.5 4.70228 36.4321
      vertex -87.5 5.65685 35.6169
    endloop
  endfacet
  facet normal 0 -0.923881 -0.38268
    outer loop
      vertex -87.5 7.60845 32.4321
      vertex -85.65 7.12805 33.5919
      vertex -87.5 7.12805 33.5919
    endloop
  endfacet
  facet normal 0 -0.923881 -0.38268
    outer loop
      vertex -85.65 7.12805 33.5919
      vertex -87.5 7.60845 32.4321
      vertex -85.65 7.60845 32.4321
    endloop
  endfacet
  facet normal 0 0.923881 -0.38268
    outer loop
      vertex -85.65 -7.60845 32.4321
      vertex -87.5 -7.12805 33.5919
      vertex -85.65 -7.12805 33.5919
    endloop
  endfacet
  facet normal 0 0.923881 -0.38268
    outer loop
      vertex -87.5 -7.12805 33.5919
      vertex -85.65 -7.60845 32.4321
      vertex -87.5 -7.60845 32.4321
    endloop
  endfacet
  facet normal 0 0.852652 -0.52248
    outer loop
      vertex -85.65 -7.12805 33.5919
      vertex -87.5 -6.47214 34.6623
      vertex -85.65 -6.47214 34.6623
    endloop
  endfacet
  facet normal 0 0.852652 -0.52248
    outer loop
      vertex -87.5 -6.47214 34.6623
      vertex -85.65 -7.12805 33.5919
      vertex -87.5 -7.12805 33.5919
    endloop
  endfacet
  facet normal 0 -0.760412 -0.649441
    outer loop
      vertex -87.5 6.47214 34.6623
      vertex -85.65 5.65685 35.6169
      vertex -87.5 5.65685 35.6169
    endloop
  endfacet
  facet normal 0 -0.760412 -0.649441
    outer loop
      vertex -85.65 5.65685 35.6169
      vertex -87.5 6.47214 34.6623
      vertex -85.65 6.47214 34.6623
    endloop
  endfacet
  facet normal -0 0.0784582 0.996917
    outer loop
      vertex -87.5 -0.508251 0
      vertex -85.61 -1.25148 0.0584927
      vertex -85.61 -0.508251 0
    endloop
  endfacet
  facet normal 0 0.0784582 0.996917
    outer loop
      vertex -85.61 -1.25148 0.0584927
      vertex -87.5 -0.508251 0
      vertex -87.5 -1.25148 0.0584927
    endloop
  endfacet
  facet normal 0 -1 0
    outer loop
      vertex -87.5 8 7.96
      vertex -85.65 8 29.96
      vertex -87.5 8 29.96
    endloop
  endfacet
  facet normal 0 -1 -0
    outer loop
      vertex -85.65 8 29.96
      vertex -87.5 8 7.96
      vertex -85.65 8 7.96
    endloop
  endfacet
  facet normal 0 -0.522496 0.852642
    outer loop
      vertex -87.5 4.70228 1.48786
      vertex -85.61 3.63192 0.831947
      vertex -85.61 4.70228 1.48786
    endloop
  endfacet
  facet normal 0 -0.522496 0.852642
    outer loop
      vertex -85.61 3.63192 0.831947
      vertex -87.5 4.70228 1.48786
      vertex -87.5 3.63192 0.831947
    endloop
  endfacet
  facet normal 0 -0.972366 -0.23346
    outer loop
      vertex -87.5 7.90151 31.2115
      vertex -85.65 7.60845 32.4321
      vertex -87.5 7.60845 32.4321
    endloop
  endfacet
  facet normal 0 -0.972366 -0.23346
    outer loop
      vertex -85.65 7.60845 32.4321
      vertex -87.5 7.90151 31.2115
      vertex -85.65 7.90151 31.2115
    endloop
  endfacet
  facet normal 0 -0.996918 -0.078455
    outer loop
      vertex -87.5 8 29.96
      vertex -85.65 7.90151 31.2115
      vertex -87.5 7.90151 31.2115
    endloop
  endfacet
  facet normal 0 -0.996918 -0.078455
    outer loop
      vertex -85.65 7.90151 31.2115
      vertex -87.5 8 29.96
      vertex -85.65 8 29.96
    endloop
  endfacet
  facet normal 0 -0.852652 -0.52248
    outer loop
      vertex -87.5 7.12805 33.5919
      vertex -85.65 6.47214 34.6623
      vertex -87.5 6.47214 34.6623
    endloop
  endfacet
  facet normal 0 -0.852652 -0.52248
    outer loop
      vertex -85.65 6.47214 34.6623
      vertex -87.5 7.12805 33.5919
      vertex -85.65 7.12805 33.5919
    endloop
  endfacet
  facet normal -1 0 0
    outer loop
      vertex -85.61 3.63192 0.831947
      vertex -85.61 5.12629 1.85
      vertex -85.61 4.70228 1.48786
    endloop
  endfacet
  facet normal -1 0 0
    outer loop
      vertex -85.61 2.47214 0.351547
      vertex -85.61 5.12629 1.85
      vertex -85.61 3.63192 0.831947
    endloop
  endfacet
  facet normal -1 0 0
    outer loop
      vertex -85.61 0.508251 0
      vertex -85.61 2.47214 0.351547
      vertex -85.61 1.25148 0.0584927
    endloop
  endfacet
  facet normal -1 -0 0
    outer loop
      vertex -85.61 2.47214 0.351547
      vertex -85.61 0.508251 0
      vertex -85.61 5.12629 1.85
    endloop
  endfacet
  facet normal -1 0 0
    outer loop
      vertex -85.61 -0.508251 0
      vertex -85.61 5.12629 1.85
      vertex -85.61 0.508251 0
    endloop
  endfacet
  facet normal -1 0 0
    outer loop
      vertex -85.61 -2.47214 0.351547
      vertex -85.61 -0.508251 0
      vertex -85.61 -1.25148 0.0584927
    endloop
  endfacet
  facet normal -1 0 0
    outer loop
      vertex -85.61 -5.12629 1.85
      vertex -85.61 -0.508251 0
      vertex -85.61 -2.47214 0.351547
    endloop
  endfacet
  facet normal -1 0 0
    outer loop
      vertex -85.61 -5.12629 1.85
      vertex -85.61 -2.47214 0.351547
      vertex -85.61 -3.63192 0.831947
    endloop
  endfacet
  facet normal -1 0 0
    outer loop
      vertex -85.61 -5.12629 1.85
      vertex -85.61 -3.63192 0.831947
      vertex -85.61 -4.70228 1.48786
    endloop
  endfacet
  facet normal -1 0 0
    outer loop
      vertex -85.61 -0.508251 0
      vertex -85.61 -5.12629 1.85
      vertex -85.61 5.12629 1.85
    endloop
  endfacet
  facet normal 0 0.996918 0.0784562
    outer loop
      vertex -85.65 -7.90151 6.70852
      vertex -87.5 -8 7.96
      vertex -85.65 -8 7.96
    endloop
  endfacet
  facet normal 0 0.996918 0.0784562
    outer loop
      vertex -87.5 -8 7.96
      vertex -85.65 -7.90151 6.70852
      vertex -87.5 -7.90151 6.70852
    endloop
  endfacet
  facet normal -0 0.233445 0.97237
    outer loop
      vertex -87.5 -1.25148 0.0584927
      vertex -85.61 -2.47214 0.351547
      vertex -85.61 -1.25148 0.0584927
    endloop
  endfacet
  facet normal 0 0.233445 0.97237
    outer loop
      vertex -85.61 -2.47214 0.351547
      vertex -87.5 -1.25148 0.0584927
      vertex -87.5 -2.47214 0.351547
    endloop
  endfacet
  facet normal 0 0.852643 0.522494
    outer loop
      vertex -85.65 -6.47214 3.25772
      vertex -87.5 -7.12805 4.32808
      vertex -85.65 -7.12805 4.32808
    endloop
  endfacet
  facet normal 0 0.852643 0.522494
    outer loop
      vertex -87.5 -7.12805 4.32808
      vertex -85.65 -6.47214 3.25772
      vertex -87.5 -6.47214 3.25772
    endloop
  endfacet
  facet normal 0 -0.996918 0.0784562
    outer loop
      vertex -87.5 7.90151 6.70852
      vertex -85.65 8 7.96
      vertex -87.5 8 7.96
    endloop
  endfacet
  facet normal 0 -0.996918 0.0784562
    outer loop
      vertex -85.65 8 7.96
      vertex -87.5 7.90151 6.70852
      vertex -85.65 7.90151 6.70852
    endloop
  endfacet
  facet normal 0 -0.972369 0.233449
    outer loop
      vertex -87.5 7.60845 5.48786
      vertex -85.65 7.90151 6.70852
      vertex -87.5 7.90151 6.70852
    endloop
  endfacet
  facet normal 0 -0.972369 0.233449
    outer loop
      vertex -85.65 7.90151 6.70852
      vertex -87.5 7.60845 5.48786
      vertex -85.65 7.60845 5.48786
    endloop
  endfacet
  facet normal 0 -0.852643 0.522494
    outer loop
      vertex -87.5 6.47214 3.25772
      vertex -85.65 7.12805 4.32808
      vertex -87.5 7.12805 4.32808
    endloop
  endfacet
  facet normal 0 -0.852643 0.522494
    outer loop
      vertex -85.65 7.12805 4.32808
      vertex -87.5 6.47214 3.25772
      vertex -85.65 6.47214 3.25772
    endloop
  endfacet
  facet normal 0 -0.649455 0.7604
    outer loop
      vertex -85.65 5.65685 2.30315
      vertex -87.5 5.65685 2.30315
      vertex -85.65 5.12629 1.85
    endloop
  endfacet
  facet normal 0 -0.649449 0.760405
    outer loop
      vertex -85.65 5.12629 1.85
      vertex -85.61 4.70228 1.48786
      vertex -85.61 5.12629 1.85
    endloop
  endfacet
  facet normal 1.34908e-06 -0.649453 0.760402
    outer loop
      vertex -87.5 4.70228 1.48786
      vertex -85.65 5.12629 1.85
      vertex -87.5 5.65685 2.30315
    endloop
  endfacet
  facet normal 0 -0.649449 0.760405
    outer loop
      vertex -85.65 5.12629 1.85
      vertex -87.5 4.70228 1.48786
      vertex -85.61 4.70228 1.48786
    endloop
  endfacet
  facet normal 0 -0.382686 0.923879
    outer loop
      vertex -87.5 3.63192 0.831947
      vertex -85.61 2.47214 0.351547
      vertex -85.61 3.63192 0.831947
    endloop
  endfacet
  facet normal 0 -0.382686 0.923879
    outer loop
      vertex -85.61 2.47214 0.351547
      vertex -87.5 3.63192 0.831947
      vertex -87.5 2.47214 0.351547
    endloop
  endfacet
  facet normal 0 -0.233445 0.97237
    outer loop
      vertex -87.5 2.47214 0.351547
      vertex -85.61 1.25148 0.0584927
      vertex -85.61 2.47214 0.351547
    endloop
  endfacet
  facet normal 0 -0.233445 0.97237
    outer loop
      vertex -85.61 1.25148 0.0584927
      vertex -87.5 2.47214 0.351547
      vertex -87.5 1.25148 0.0584927
    endloop
  endfacet
  facet normal 0 0.972369 0.233449
    outer loop
      vertex -85.65 -7.60845 5.48786
      vertex -87.5 -7.90151 6.70852
      vertex -85.65 -7.90151 6.70852
    endloop
  endfacet
  facet normal 0 0.972369 0.233449
    outer loop
      vertex -87.5 -7.90151 6.70852
      vertex -85.65 -7.60845 5.48786
      vertex -87.5 -7.60845 5.48786
    endloop
  endfacet
  facet normal -0 0.522496 0.852642
    outer loop
      vertex -87.5 -3.63192 0.831947
      vertex -85.61 -4.70228 1.48786
      vertex -85.61 -3.63192 0.831947
    endloop
  endfacet
  facet normal 0 0.522496 0.852642
    outer loop
      vertex -85.61 -4.70228 1.48786
      vertex -87.5 -3.63192 0.831947
      vertex -87.5 -4.70228 1.48786
    endloop
  endfacet
  facet normal 0 0.760402 0.649453
    outer loop
      vertex -85.65 -5.65685 2.30315
      vertex -87.5 -6.47214 3.25772
      vertex -85.65 -6.47214 3.25772
    endloop
  endfacet
  facet normal 0 0.760402 0.649453
    outer loop
      vertex -87.5 -6.47214 3.25772
      vertex -85.65 -5.65685 2.30315
      vertex -87.5 -5.65685 2.30315
    endloop
  endfacet
  facet normal 0 0.649449 0.760405
    outer loop
      vertex -85.61 -4.70228 1.48786
      vertex -85.65 -5.12629 1.85
      vertex -85.61 -5.12629 1.85
    endloop
  endfacet
  facet normal -0 0.649449 0.760405
    outer loop
      vertex -87.5 -4.70228 1.48786
      vertex -85.65 -5.12629 1.85
      vertex -85.61 -4.70228 1.48786
    endloop
  endfacet
  facet normal 1.34908e-06 0.649453 0.760402
    outer loop
      vertex -87.5 -5.65685 2.30315
      vertex -85.65 -5.12629 1.85
      vertex -87.5 -4.70228 1.48786
    endloop
  endfacet
  facet normal 0 0.649455 0.7604
    outer loop
      vertex -85.65 -5.12629 1.85
      vertex -87.5 -5.65685 2.30315
      vertex -85.65 -5.65685 2.30315
    endloop
  endfacet
  facet normal 0 -0.760402 0.649453
    outer loop
      vertex -87.5 5.65685 2.30315
      vertex -85.65 6.47214 3.25772
      vertex -87.5 6.47214 3.25772
    endloop
  endfacet
  facet normal 0 -0.760402 0.649453
    outer loop
      vertex -85.65 6.47214 3.25772
      vertex -87.5 5.65685 2.30315
      vertex -85.65 5.65685 2.30315
    endloop
  endfacet
  facet normal 0 -0.0784582 0.996917
    outer loop
      vertex -87.5 1.25148 0.0584927
      vertex -85.61 0.508251 0
      vertex -85.61 1.25148 0.0584927
    endloop
  endfacet
  facet normal 0 -0.0784582 0.996917
    outer loop
      vertex -85.61 0.508251 0
      vertex -87.5 1.25148 0.0584927
      vertex -87.5 0.508251 0
    endloop
  endfacet
  facet normal -0 0.382686 0.923879
    outer loop
      vertex -87.5 -2.47214 0.351547
      vertex -85.61 -3.63192 0.831947
      vertex -85.61 -2.47214 0.351547
    endloop
  endfacet
  facet normal 0 0.382686 0.923879
    outer loop
      vertex -85.61 -3.63192 0.831947
      vertex -87.5 -2.47214 0.351547
      vertex -87.5 -3.63192 0.831947
    endloop
  endfacet
  facet normal 0 -0.923879 0.382686
    outer loop
      vertex -87.5 7.12805 4.32808
      vertex -85.65 7.60845 5.48786
      vertex -87.5 7.60845 5.48786
    endloop
  endfacet
  facet normal 0 -0.923879 0.382686
    outer loop
      vertex -85.65 7.60845 5.48786
      vertex -87.5 7.12805 4.32808
      vertex -85.65 7.12805 4.32808
    endloop
  endfacet
endsolid OpenSCAD_Model
