solid OpenSCAD_Model
  facet normal -0.522455 -0.852667 0
    outer loop
      vertex -131.661 -48.453 0
      vertex -130.577 -49.1172 62
      vertex -131.661 -48.453 62
    endloop
  endfacet
  facet normal -0.522455 -0.852667 -0
    outer loop
      vertex -130.577 -49.1172 62
      vertex -131.661 -48.453 0
      vertex -130.577 -49.1172 0
    endloop
  endfacet
  facet normal -0.9969 0.0786819 0
    outer loop
      vertex -135 41.9001 0
      vertex -134.9 43.1671 62
      vertex -134.9 43.1671 0
    endloop
  endfacet
  facet normal -0.9969 0.0786819 0
    outer loop
      vertex -134.9 43.1671 62
      vertex -135 41.9001 0
      vertex -135 41.9001 62
    endloop
  endfacet
  facet normal -0.38276 -0.923848 0
    outer loop
      vertex -130.577 -49.1172 0
      vertex -129.403 -49.6036 62
      vertex -130.577 -49.1172 62
    endloop
  endfacet
  facet normal -0.38276 -0.923848 -0
    outer loop
      vertex -129.403 -49.6036 62
      vertex -130.577 -49.1172 0
      vertex -129.403 -49.6036 0
    endloop
  endfacet
  facet normal 0 0 1
    outer loop
      vertex -2.59999 50 62
      vertex -125.05 48.15 62
      vertex -2.59999 48.15 62
    endloop
  endfacet
  facet normal -0 0 1
    outer loop
      vertex -126.9 50 62
      vertex -125.05 48.15 62
      vertex -2.59999 50 62
    endloop
  endfacet
  facet normal 0 0 1
    outer loop
      vertex -126.9 50 62
      vertex -126.317 48.0503 62
      vertex -125.05 48.15 62
    endloop
  endfacet
  facet normal 0 0 1
    outer loop
      vertex -126.9 50 62
      vertex -127.553 47.7536 62
      vertex -126.317 48.0503 62
    endloop
  endfacet
  facet normal -0 0 1
    outer loop
      vertex -128.167 49.9003 62
      vertex -127.553 47.7536 62
      vertex -126.9 50 62
    endloop
  endfacet
  facet normal -0 0 1
    outer loop
      vertex -129.403 49.6036 62
      vertex -127.553 47.7536 62
      vertex -128.167 49.9003 62
    endloop
  endfacet
  facet normal 0 0 1
    outer loop
      vertex -127.553 47.7536 62
      vertex -129.403 49.6036 62
      vertex -128.727 47.2672 62
    endloop
  endfacet
  facet normal -0 0 1
    outer loop
      vertex -130.577 49.1172 62
      vertex -128.727 47.2672 62
      vertex -129.403 49.6036 62
    endloop
  endfacet
  facet normal 0 0 1
    outer loop
      vertex -128.727 47.2672 62
      vertex -130.577 49.1172 62
      vertex -129.811 46.603 62
    endloop
  endfacet
  facet normal -0 0 1
    outer loop
      vertex -131.661 48.453 62
      vertex -129.811 46.603 62
      vertex -130.577 49.1172 62
    endloop
  endfacet
  facet normal 0 0 1
    outer loop
      vertex -129.811 46.603 62
      vertex -131.661 48.453 62
      vertex -130.778 45.7776 62
    endloop
  endfacet
  facet normal -0 0 1
    outer loop
      vertex -132.628 47.6276 62
      vertex -130.778 45.7776 62
      vertex -131.661 48.453 62
    endloop
  endfacet
  facet normal -0 0 1
    outer loop
      vertex -133.453 46.6611 62
      vertex -130.778 45.7776 62
      vertex -132.628 47.6276 62
    endloop
  endfacet
  facet normal 0 0 1
    outer loop
      vertex -130.778 45.7776 62
      vertex -133.453 46.6611 62
      vertex -131.603 44.8111 62
    endloop
  endfacet
  facet normal -0 0 1
    outer loop
      vertex -134.117 45.5773 62
      vertex -131.603 44.8111 62
      vertex -133.453 46.6611 62
    endloop
  endfacet
  facet normal 0 0 1
    outer loop
      vertex -131.603 44.8111 62
      vertex -134.117 45.5773 62
      vertex -132.267 43.7273 62
    endloop
  endfacet
  facet normal -0 0 1
    outer loop
      vertex -134.604 44.403 62
      vertex -132.267 43.7273 62
      vertex -134.117 45.5773 62
    endloop
  endfacet
  facet normal -0 0 1
    outer loop
      vertex -134.9 43.1671 62
      vertex -132.754 42.553 62
      vertex -134.604 44.403 62
    endloop
  endfacet
  facet normal 0 0 1
    outer loop
      vertex -132.267 43.7273 62
      vertex -134.604 44.403 62
      vertex -132.754 42.553 62
    endloop
  endfacet
  facet normal -0 0 1
    outer loop
      vertex -125.05 -48.15 62
      vertex -2.59999 -50 62
      vertex -2.59999 -48.15 62
    endloop
  endfacet
  facet normal 0 0 1
    outer loop
      vertex -125.05 -48.15 62
      vertex -126.9 -50 62
      vertex -2.59999 -50 62
    endloop
  endfacet
  facet normal 0 0 1
    outer loop
      vertex -126.317 -48.0503 62
      vertex -126.9 -50 62
      vertex -125.05 -48.15 62
    endloop
  endfacet
  facet normal 0 0 1
    outer loop
      vertex -127.553 -47.7536 62
      vertex -126.9 -50 62
      vertex -126.317 -48.0503 62
    endloop
  endfacet
  facet normal 0 0 1
    outer loop
      vertex -127.553 -47.7536 62
      vertex -128.167 -49.9003 62
      vertex -126.9 -50 62
    endloop
  endfacet
  facet normal 0 0 1
    outer loop
      vertex -129.403 -49.6036 62
      vertex -127.553 -47.7536 62
      vertex -128.727 -47.2672 62
    endloop
  endfacet
  facet normal 0 0 1
    outer loop
      vertex -127.553 -47.7536 62
      vertex -129.403 -49.6036 62
      vertex -128.167 -49.9003 62
    endloop
  endfacet
  facet normal 0 0 1
    outer loop
      vertex -130.577 -49.1172 62
      vertex -128.727 -47.2672 62
      vertex -129.811 -46.603 62
    endloop
  endfacet
  facet normal 0 0 1
    outer loop
      vertex -128.727 -47.2672 62
      vertex -130.577 -49.1172 62
      vertex -129.403 -49.6036 62
    endloop
  endfacet
  facet normal 0 0 1
    outer loop
      vertex -131.661 -48.453 62
      vertex -129.811 -46.603 62
      vertex -130.778 -45.7776 62
    endloop
  endfacet
  facet normal 0 0 1
    outer loop
      vertex -133.453 -46.6611 62
      vertex -130.778 -45.7776 62
      vertex -131.603 -44.8111 62
    endloop
  endfacet
  facet normal 0 0 1
    outer loop
      vertex -129.811 -46.603 62
      vertex -131.661 -48.453 62
      vertex -130.577 -49.1172 62
    endloop
  endfacet
  facet normal 0 0 1
    outer loop
      vertex -134.117 -45.5773 62
      vertex -131.603 -44.8111 62
      vertex -132.267 -43.7273 62
    endloop
  endfacet
  facet normal 0 0 1
    outer loop
      vertex -130.778 -45.7776 62
      vertex -132.628 -47.6276 62
      vertex -131.661 -48.453 62
    endloop
  endfacet
  facet normal 0 0 1
    outer loop
      vertex -134.604 -44.403 62
      vertex -132.267 -43.7273 62
      vertex -132.754 -42.553 62
    endloop
  endfacet
  facet normal -0 0 1
    outer loop
      vertex -135 -41.9001 62
      vertex -132.754 -42.553 62
      vertex -133.05 -41.3171 62
    endloop
  endfacet
  facet normal 0 0 1
    outer loop
      vertex -135 -41.9001 62
      vertex -133.05 -41.3171 62
      vertex -133.15 -40.0501 62
    endloop
  endfacet
  facet normal 0 0 1
    outer loop
      vertex -130.778 -45.7776 62
      vertex -133.453 -46.6611 62
      vertex -132.628 -47.6276 62
    endloop
  endfacet
  facet normal 0 0 1
    outer loop
      vertex -133.15 40.0501 62
      vertex -135 41.9001 62
      vertex -133.15 -40.0501 62
    endloop
  endfacet
  facet normal 0 0 1
    outer loop
      vertex -135 41.9001 62
      vertex -132.754 42.553 62
      vertex -134.9 43.1671 62
    endloop
  endfacet
  facet normal 0 0 1
    outer loop
      vertex -135 -41.9001 62
      vertex -133.15 -40.0501 62
      vertex -135 41.9001 62
    endloop
  endfacet
  facet normal 0 0 1
    outer loop
      vertex -132.754 42.553 62
      vertex -135 41.9001 62
      vertex -133.05 41.3171 62
    endloop
  endfacet
  facet normal 0 0 1
    outer loop
      vertex -132.754 -42.553 62
      vertex -135 -41.9001 62
      vertex -134.9 -43.1671 62
    endloop
  endfacet
  facet normal 0 0 1
    outer loop
      vertex -133.05 41.3171 62
      vertex -135 41.9001 62
      vertex -133.15 40.0501 62
    endloop
  endfacet
  facet normal 0 0 1
    outer loop
      vertex -131.603 -44.8111 62
      vertex -134.117 -45.5773 62
      vertex -133.453 -46.6611 62
    endloop
  endfacet
  facet normal 0 0 1
    outer loop
      vertex -132.267 -43.7273 62
      vertex -134.604 -44.403 62
      vertex -134.117 -45.5773 62
    endloop
  endfacet
  facet normal 0 0 1
    outer loop
      vertex -132.754 -42.553 62
      vertex -134.9 -43.1671 62
      vertex -134.604 -44.403 62
    endloop
  endfacet
  facet normal -1 0 0
    outer loop
      vertex -135 10 32.96
      vertex -135 41.9001 0
      vertex -135 10 14.96
    endloop
  endfacet
  facet normal -1 0 0
    outer loop
      vertex -135 41.9001 0
      vertex -135 9.87688 13.3957
      vertex -135 10 14.96
    endloop
  endfacet
  facet normal -1 0 0
    outer loop
      vertex -135 41.9001 0
      vertex -135 9.51056 11.8698
      vertex -135 9.87688 13.3957
    endloop
  endfacet
  facet normal -1 0 0
    outer loop
      vertex -135 41.9001 0
      vertex -135 8.91006 10.4201
      vertex -135 9.51056 11.8698
    endloop
  endfacet
  facet normal -1 0 0
    outer loop
      vertex -135 41.9001 0
      vertex -135 8.09017 9.08215
      vertex -135 8.91006 10.4201
    endloop
  endfacet
  facet normal -1 0 0
    outer loop
      vertex -135 41.9001 0
      vertex -135 7.07107 7.88893
      vertex -135 8.09017 9.08215
    endloop
  endfacet
  facet normal -1 0 0
    outer loop
      vertex -135 41.9001 0
      vertex -135 5.87785 6.86983
      vertex -135 7.07107 7.88893
    endloop
  endfacet
  facet normal -1 0 0
    outer loop
      vertex -135 41.9001 0
      vertex -135 4.5399 6.04993
      vertex -135 5.87785 6.86983
    endloop
  endfacet
  facet normal -1 0 0
    outer loop
      vertex -135 41.9001 0
      vertex -135 3.09017 5.44943
      vertex -135 4.5399 6.04993
    endloop
  endfacet
  facet normal -1 0 0
    outer loop
      vertex -135 41.9001 0
      vertex -135 1.56434 5.08312
      vertex -135 3.09017 5.44943
    endloop
  endfacet
  facet normal -1 0 0
    outer loop
      vertex -135 41.9001 0
      vertex -135 0 4.96
      vertex -135 1.56434 5.08312
    endloop
  endfacet
  facet normal -1 0 0
    outer loop
      vertex -135 -41.9001 0
      vertex -135 0 4.96
      vertex -135 41.9001 0
    endloop
  endfacet
  facet normal -1 -0 0
    outer loop
      vertex -135 -10 14.96
      vertex -135 -41.9001 0
      vertex -135 -10 32.96
    endloop
  endfacet
  facet normal -1 -0 0
    outer loop
      vertex -135 -9.87688 13.3957
      vertex -135 -41.9001 0
      vertex -135 -10 14.96
    endloop
  endfacet
  facet normal -1 -0 0
    outer loop
      vertex -135 -9.51056 11.8698
      vertex -135 -41.9001 0
      vertex -135 -9.87688 13.3957
    endloop
  endfacet
  facet normal -1 -0 0
    outer loop
      vertex -135 -8.91006 10.4201
      vertex -135 -41.9001 0
      vertex -135 -9.51056 11.8698
    endloop
  endfacet
  facet normal -1 -0 0
    outer loop
      vertex -135 -8.09017 9.08215
      vertex -135 -41.9001 0
      vertex -135 -8.91006 10.4201
    endloop
  endfacet
  facet normal -1 -0 0
    outer loop
      vertex -135 -7.07107 7.88893
      vertex -135 -41.9001 0
      vertex -135 -8.09017 9.08215
    endloop
  endfacet
  facet normal -1 -0 0
    outer loop
      vertex -135 -5.87785 6.86983
      vertex -135 -41.9001 0
      vertex -135 -7.07107 7.88893
    endloop
  endfacet
  facet normal -1 -0 0
    outer loop
      vertex -135 -4.5399 6.04993
      vertex -135 -41.9001 0
      vertex -135 -5.87785 6.86983
    endloop
  endfacet
  facet normal -1 -0 0
    outer loop
      vertex -135 -3.09017 5.44943
      vertex -135 -41.9001 0
      vertex -135 -4.5399 6.04993
    endloop
  endfacet
  facet normal -1 -0 0
    outer loop
      vertex -135 -1.56434 5.08312
      vertex -135 -41.9001 0
      vertex -135 -3.09017 5.44943
    endloop
  endfacet
  facet normal -1 -0 0
    outer loop
      vertex -135 0 4.96
      vertex -135 -41.9001 0
      vertex -135 -1.56434 5.08312
    endloop
  endfacet
  facet normal -1 0 0
    outer loop
      vertex -135 41.9001 0
      vertex -135 10 32.96
      vertex -135 41.9001 62
    endloop
  endfacet
  facet normal -1 0 0
    outer loop
      vertex -135 9.87688 34.5243
      vertex -135 41.9001 62
      vertex -135 10 32.96
    endloop
  endfacet
  facet normal -1 0 0
    outer loop
      vertex -135 9.51056 36.0502
      vertex -135 41.9001 62
      vertex -135 9.87688 34.5243
    endloop
  endfacet
  facet normal -1 0 0
    outer loop
      vertex -135 8.91006 37.4999
      vertex -135 41.9001 62
      vertex -135 9.51056 36.0502
    endloop
  endfacet
  facet normal -1 0 0
    outer loop
      vertex -135 8.09017 38.8379
      vertex -135 41.9001 62
      vertex -135 8.91006 37.4999
    endloop
  endfacet
  facet normal -1 0 0
    outer loop
      vertex -135 7.07107 40.0311
      vertex -135 41.9001 62
      vertex -135 8.09017 38.8379
    endloop
  endfacet
  facet normal -1 0 0
    outer loop
      vertex -135 5.87785 41.0502
      vertex -135 41.9001 62
      vertex -135 7.07107 40.0311
    endloop
  endfacet
  facet normal -1 0 0
    outer loop
      vertex -135 4.5399 41.8701
      vertex -135 41.9001 62
      vertex -135 5.87785 41.0502
    endloop
  endfacet
  facet normal -1 0 0
    outer loop
      vertex -135 3.09017 42.4706
      vertex -135 41.9001 62
      vertex -135 4.5399 41.8701
    endloop
  endfacet
  facet normal -1 0 0
    outer loop
      vertex -135 1.56434 42.8369
      vertex -135 41.9001 62
      vertex -135 3.09017 42.4706
    endloop
  endfacet
  facet normal -1 0 0
    outer loop
      vertex -135 0 42.96
      vertex -135 41.9001 62
      vertex -135 1.56434 42.8369
    endloop
  endfacet
  facet normal -1 0 0
    outer loop
      vertex -135 -41.9001 62
      vertex -135 0 42.96
      vertex -135 -1.56434 42.8369
    endloop
  endfacet
  facet normal -1 0 0
    outer loop
      vertex -135 -41.9001 62
      vertex -135 -1.56434 42.8369
      vertex -135 -3.09017 42.4706
    endloop
  endfacet
  facet normal -1 0 0
    outer loop
      vertex -135 -41.9001 62
      vertex -135 -3.09017 42.4706
      vertex -135 -4.5399 41.8701
    endloop
  endfacet
  facet normal -1 0 0
    outer loop
      vertex -135 -41.9001 62
      vertex -135 -10 32.96
      vertex -135 -41.9001 0
    endloop
  endfacet
  facet normal -1 0 0
    outer loop
      vertex -135 -10 32.96
      vertex -135 -41.9001 62
      vertex -135 -9.87688 34.5243
    endloop
  endfacet
  facet normal -1 0 0
    outer loop
      vertex -135 -9.87688 34.5243
      vertex -135 -41.9001 62
      vertex -135 -9.51056 36.0502
    endloop
  endfacet
  facet normal -1 0 0
    outer loop
      vertex -135 -9.51056 36.0502
      vertex -135 -41.9001 62
      vertex -135 -8.91006 37.4999
    endloop
  endfacet
  facet normal -1 0 0
    outer loop
      vertex -135 -8.91006 37.4999
      vertex -135 -41.9001 62
      vertex -135 -8.09017 38.8379
    endloop
  endfacet
  facet normal -1 0 0
    outer loop
      vertex -135 0 42.96
      vertex -135 -41.9001 62
      vertex -135 41.9001 62
    endloop
  endfacet
  facet normal -1 0 0
    outer loop
      vertex -135 -5.87785 41.0502
      vertex -135 -41.9001 62
      vertex -135 -4.5399 41.8701
    endloop
  endfacet
  facet normal -1 0 0
    outer loop
      vertex -135 -7.07107 40.0311
      vertex -135 -41.9001 62
      vertex -135 -5.87785 41.0502
    endloop
  endfacet
  facet normal -1 0 0
    outer loop
      vertex -135 -8.09017 38.8379
      vertex -135 -41.9001 62
      vertex -135 -7.07107 40.0311
    endloop
  endfacet
  facet normal -0.233418 -0.972377 0
    outer loop
      vertex -129.403 -49.6036 0
      vertex -128.167 -49.9003 62
      vertex -129.403 -49.6036 62
    endloop
  endfacet
  facet normal -0.233418 -0.972377 -0
    outer loop
      vertex -128.167 -49.9003 62
      vertex -129.403 -49.6036 0
      vertex -128.167 -49.9003 0
    endloop
  endfacet
  facet normal -0.760588 -0.649235 0
    outer loop
      vertex -132.628 -47.6276 0
      vertex -133.453 -46.6611 62
      vertex -133.453 -46.6611 0
    endloop
  endfacet
  facet normal -0.760588 -0.649235 0
    outer loop
      vertex -133.453 -46.6611 62
      vertex -132.628 -47.6276 0
      vertex -132.628 -47.6276 62
    endloop
  endfacet
  facet normal -0.923716 -0.383079 0
    outer loop
      vertex -134.117 -45.5773 0
      vertex -134.604 -44.403 62
      vertex -134.604 -44.403 0
    endloop
  endfacet
  facet normal -0.923716 -0.383079 0
    outer loop
      vertex -134.604 -44.403 62
      vertex -134.117 -45.5773 0
      vertex -134.117 -45.5773 62
    endloop
  endfacet
  facet normal -0.38276 0.923848 0
    outer loop
      vertex -129.403 49.6036 0
      vertex -130.577 49.1172 62
      vertex -129.403 49.6036 62
    endloop
  endfacet
  facet normal -0.38276 0.923848 0
    outer loop
      vertex -130.577 49.1172 62
      vertex -129.403 49.6036 0
      vertex -130.577 49.1172 0
    endloop
  endfacet
  facet normal 0 1 0
    outer loop
      vertex -2.5 50 1.84999
      vertex -2.5 50 0
      vertex -2.59999 50 1.84999
    endloop
  endfacet
  facet normal 0 1 0
    outer loop
      vertex -2.5 50 43
      vertex -2.5 50 42.96
      vertex -2.59999 50 43
    endloop
  endfacet
  facet normal 0 1 0
    outer loop
      vertex -2.59999 50 61
      vertex -2.59999 50 62
      vertex -2.10001 50 61.5
    endloop
  endfacet
  facet normal 0 1 0
    outer loop
      vertex -10.5902 50 38.8379
      vertex -2.59999 50 62
      vertex -2.59999 50 61
    endloop
  endfacet
  facet normal 0 1 0
    outer loop
      vertex -2.59999 50 55
      vertex -2.59999 50 61
      vertex 0.399994 50 58
    endloop
  endfacet
  facet normal 0 1 0
    outer loop
      vertex -9.57107 50 40.0311
      vertex -2.59999 50 61
      vertex -2.59999 50 55
    endloop
  endfacet
  facet normal 0 1 0
    outer loop
      vertex -2.59999 50 49
      vertex -2.59999 50 55
      vertex 0.399994 50 52
    endloop
  endfacet
  facet normal 0 1 0
    outer loop
      vertex -8.37785 50 41.0502
      vertex -2.59999 50 55
      vertex -2.59999 50 49
    endloop
  endfacet
  facet normal 0 1 0
    outer loop
      vertex -2.59999 50 43
      vertex -2.59999 50 49
      vertex 0.399994 50 46
    endloop
  endfacet
  facet normal 0 1 0
    outer loop
      vertex -2.59999 50 49
      vertex -2.59999 50 43
      vertex -4.06434 50 42.8369
    endloop
  endfacet
  facet normal 0 1 0
    outer loop
      vertex -4.06434 50 42.8369
      vertex -2.59999 50 43
      vertex -2.5 50 42.96
    endloop
  endfacet
  facet normal 0 1 0
    outer loop
      vertex -2.59999 50 49
      vertex -4.06434 50 42.8369
      vertex -5.59017 50 42.4706
    endloop
  endfacet
  facet normal 0 1 0
    outer loop
      vertex -2.59999 50 49
      vertex -5.59017 50 42.4706
      vertex -7.0399 50 41.8701
    endloop
  endfacet
  facet normal 0 1 0
    outer loop
      vertex -8.37785 50 41.0502
      vertex -2.59999 50 49
      vertex -7.0399 50 41.8701
    endloop
  endfacet
  facet normal 0 1 0
    outer loop
      vertex -2.59999 50 55
      vertex -8.37785 50 41.0502
      vertex -9.57107 50 40.0311
    endloop
  endfacet
  facet normal 0 1 0
    outer loop
      vertex -2.59999 50 61
      vertex -9.57107 50 40.0311
      vertex -10.5902 50 38.8379
    endloop
  endfacet
  facet normal 0 1 0
    outer loop
      vertex -2.59999 50 62
      vertex -10.5902 50 38.8379
      vertex -126.9 50 62
    endloop
  endfacet
  facet normal 0 1 -0
    outer loop
      vertex -11.4101 50 37.4999
      vertex -126.9 50 62
      vertex -10.5902 50 38.8379
    endloop
  endfacet
  facet normal 0 1 -0
    outer loop
      vertex -12.0106 50 36.0502
      vertex -126.9 50 62
      vertex -11.4101 50 37.4999
    endloop
  endfacet
  facet normal 0 1 -0
    outer loop
      vertex -12.3769 50 34.5243
      vertex -126.9 50 62
      vertex -12.0106 50 36.0502
    endloop
  endfacet
  facet normal 0 1 -0
    outer loop
      vertex -12.5 50 32.96
      vertex -126.9 50 62
      vertex -12.3769 50 34.5243
    endloop
  endfacet
  facet normal 0 1 0
    outer loop
      vertex -126.9 50 0
      vertex -12.5 50 32.96
      vertex -12.5 50 14.96
    endloop
  endfacet
  facet normal 0 1 0
    outer loop
      vertex -126.9 50 0
      vertex -12.5 50 14.96
      vertex -12.3769 50 13.3957
    endloop
  endfacet
  facet normal 0 1 0
    outer loop
      vertex -126.9 50 0
      vertex -12.3769 50 13.3957
      vertex -12.0106 50 11.8698
    endloop
  endfacet
  facet normal 0 1 0
    outer loop
      vertex -126.9 50 0
      vertex -12.0106 50 11.8698
      vertex -11.4101 50 10.4201
    endloop
  endfacet
  facet normal 0 1 0
    outer loop
      vertex -126.9 50 0
      vertex -11.4101 50 10.4201
      vertex -10.5902 50 9.08215
    endloop
  endfacet
  facet normal 0 1 0
    outer loop
      vertex -126.9 50 0
      vertex -10.5902 50 9.08215
      vertex -9.57107 50 7.88893
    endloop
  endfacet
  facet normal 0 1 0
    outer loop
      vertex -2.5 50 0
      vertex -9.57107 50 7.88893
      vertex -8.37785 50 6.86983
    endloop
  endfacet
  facet normal 0 1 0
    outer loop
      vertex -2.5 50 0
      vertex -8.37785 50 6.86983
      vertex -7.0399 50 6.04993
    endloop
  endfacet
  facet normal 0 1 0
    outer loop
      vertex -2.59999 50 4.95999
      vertex -2.5 50 4.96
      vertex -2.5 50 4.95999
    endloop
  endfacet
  facet normal 0 1 0
    outer loop
      vertex -2.5 50 4.96
      vertex -2.59999 50 4.95999
      vertex -4.06434 50 5.08312
    endloop
  endfacet
  facet normal 0 1 0
    outer loop
      vertex -2.59999 50 1.84999
      vertex -2.59999 50 4.95999
      vertex -1.04501 50 3.405
    endloop
  endfacet
  facet normal 0 1 0
    outer loop
      vertex -2.59999 50 4.95999
      vertex -2.59999 50 1.84999
      vertex -4.06434 50 5.08312
    endloop
  endfacet
  facet normal 0 1 0
    outer loop
      vertex -4.06434 50 5.08312
      vertex -2.59999 50 1.84999
      vertex -5.59017 50 5.44943
    endloop
  endfacet
  facet normal 0 1 0
    outer loop
      vertex -2.5 50 0
      vertex -5.59017 50 5.44943
      vertex -2.59999 50 1.84999
    endloop
  endfacet
  facet normal 0 1 0
    outer loop
      vertex -5.59017 50 5.44943
      vertex -2.5 50 0
      vertex -7.0399 50 6.04993
    endloop
  endfacet
  facet normal 0 1 0
    outer loop
      vertex -9.57107 50 7.88893
      vertex -2.5 50 0
      vertex -126.9 50 0
    endloop
  endfacet
  facet normal 0 1 0
    outer loop
      vertex -12.5 50 32.96
      vertex -126.9 50 0
      vertex -126.9 50 62
    endloop
  endfacet
  facet normal -0.0784473 -0.996918 0
    outer loop
      vertex -128.167 -49.9003 0
      vertex -126.9 -50 62
      vertex -128.167 -49.9003 62
    endloop
  endfacet
  facet normal -0.0784473 -0.996918 -0
    outer loop
      vertex -126.9 -50 62
      vertex -128.167 -49.9003 0
      vertex -126.9 -50 0
    endloop
  endfacet
  facet normal -0.649222 -0.760599 0
    outer loop
      vertex -132.628 -47.6276 0
      vertex -131.661 -48.453 62
      vertex -132.628 -47.6276 62
    endloop
  endfacet
  facet normal -0.649222 -0.760599 -0
    outer loop
      vertex -131.661 -48.453 62
      vertex -132.628 -47.6276 0
      vertex -131.661 -48.453 0
    endloop
  endfacet
  facet normal -0.649222 0.760599 0
    outer loop
      vertex -131.661 48.453 0
      vertex -132.628 47.6276 62
      vertex -131.661 48.453 62
    endloop
  endfacet
  facet normal -0.649222 0.760599 0
    outer loop
      vertex -132.628 47.6276 62
      vertex -131.661 48.453 0
      vertex -132.628 47.6276 0
    endloop
  endfacet
  facet normal -0.972497 0.232915 0
    outer loop
      vertex -134.9 43.1671 0
      vertex -134.604 44.403 62
      vertex -134.604 44.403 0
    endloop
  endfacet
  facet normal -0.972497 0.232915 0
    outer loop
      vertex -134.604 44.403 62
      vertex -134.9 43.1671 0
      vertex -134.9 43.1671 62
    endloop
  endfacet
  facet normal -0.923716 0.383079 0
    outer loop
      vertex -134.604 44.403 0
      vertex -134.117 45.5773 62
      vertex -134.117 45.5773 0
    endloop
  endfacet
  facet normal -0.923716 0.383079 0
    outer loop
      vertex -134.117 45.5773 62
      vertex -134.604 44.403 0
      vertex -134.604 44.403 62
    endloop
  endfacet
  facet normal -0.760588 0.649235 0
    outer loop
      vertex -133.453 46.6611 0
      vertex -132.628 47.6276 62
      vertex -132.628 47.6276 0
    endloop
  endfacet
  facet normal -0.760588 0.649235 0
    outer loop
      vertex -132.628 47.6276 62
      vertex -133.453 46.6611 0
      vertex -133.453 46.6611 62
    endloop
  endfacet
  facet normal -0.522455 0.852667 0
    outer loop
      vertex -130.577 49.1172 0
      vertex -131.661 48.453 62
      vertex -130.577 49.1172 62
    endloop
  endfacet
  facet normal -0.522455 0.852667 0
    outer loop
      vertex -131.661 48.453 62
      vertex -130.577 49.1172 0
      vertex -131.661 48.453 0
    endloop
  endfacet
  facet normal -0.233418 0.972377 0
    outer loop
      vertex -128.167 49.9003 0
      vertex -129.403 49.6036 62
      vertex -128.167 49.9003 62
    endloop
  endfacet
  facet normal -0.233418 0.972377 0
    outer loop
      vertex -129.403 49.6036 62
      vertex -128.167 49.9003 0
      vertex -129.403 49.6036 0
    endloop
  endfacet
  facet normal -0.0784473 0.996918 0
    outer loop
      vertex -126.9 50 0
      vertex -128.167 49.9003 62
      vertex -126.9 50 62
    endloop
  endfacet
  facet normal -0.0784473 0.996918 0
    outer loop
      vertex -128.167 49.9003 62
      vertex -126.9 50 0
      vertex -128.167 49.9003 0
    endloop
  endfacet
  facet normal 0 -1 0
    outer loop
      vertex -10.5902 -50 38.8379
      vertex -2.59999 -50 62
      vertex -126.9 -50 62
    endloop
  endfacet
  facet normal 0 -1 0
    outer loop
      vertex -2.59999 -50 62
      vertex -2.59999 -50 61
      vertex -2.10001 -50 61.5
    endloop
  endfacet
  facet normal 0 -1 -0
    outer loop
      vertex -2.59999 -50 62
      vertex -10.5902 -50 38.8379
      vertex -2.59999 -50 61
    endloop
  endfacet
  facet normal 0 -1 0
    outer loop
      vertex -2.59999 -50 61
      vertex -2.59999 -50 55
      vertex 0.399994 -50 58
    endloop
  endfacet
  facet normal -0 -1 0
    outer loop
      vertex -9.57107 -50 40.0311
      vertex -2.59999 -50 61
      vertex -10.5902 -50 38.8379
    endloop
  endfacet
  facet normal 0 -1 0
    outer loop
      vertex -2.59999 -50 55
      vertex -2.59999 -50 49
      vertex 0.399994 -50 52
    endloop
  endfacet
  facet normal -0 -1 0
    outer loop
      vertex -8.37785 -50 41.0502
      vertex -2.59999 -50 55
      vertex -9.57107 -50 40.0311
    endloop
  endfacet
  facet normal -0 -1 0
    outer loop
      vertex -5.59017 -50 42.4706
      vertex -2.59999 -50 49
      vertex -7.0399 -50 41.8701
    endloop
  endfacet
  facet normal 0 -1 0
    outer loop
      vertex -2.59999 -50 43
      vertex -2.5 -50 42.96
      vertex -2.5 -50 43
    endloop
  endfacet
  facet normal 0 -1 0
    outer loop
      vertex -2.59999 -50 49
      vertex -2.59999 -50 43
      vertex 0.399994 -50 46
    endloop
  endfacet
  facet normal 0 -1 -0
    outer loop
      vertex -2.59999 -50 43
      vertex -4.06434 -50 42.8369
      vertex -2.5 -50 42.96
    endloop
  endfacet
  facet normal -0 -1 0
    outer loop
      vertex -2.59999 -50 43
      vertex -2.59999 -50 49
      vertex -4.06434 -50 42.8369
    endloop
  endfacet
  facet normal -0 -1 0
    outer loop
      vertex -4.06434 -50 42.8369
      vertex -2.59999 -50 49
      vertex -5.59017 -50 42.4706
    endloop
  endfacet
  facet normal 0 -1 0
    outer loop
      vertex -2.59999 -50 49
      vertex -8.37785 -50 41.0502
      vertex -7.0399 -50 41.8701
    endloop
  endfacet
  facet normal 0 -1 -0
    outer loop
      vertex -2.59999 -50 55
      vertex -8.37785 -50 41.0502
      vertex -2.59999 -50 49
    endloop
  endfacet
  facet normal 0 -1 -0
    outer loop
      vertex -2.59999 -50 61
      vertex -9.57107 -50 40.0311
      vertex -2.59999 -50 55
    endloop
  endfacet
  facet normal 0 -1 0
    outer loop
      vertex -126.9 -50 62
      vertex -11.4101 -50 37.4999
      vertex -10.5902 -50 38.8379
    endloop
  endfacet
  facet normal 0 -1 0
    outer loop
      vertex -126.9 -50 62
      vertex -12.0106 -50 36.0502
      vertex -11.4101 -50 37.4999
    endloop
  endfacet
  facet normal 0 -1 0
    outer loop
      vertex -126.9 -50 62
      vertex -12.3769 -50 34.5243
      vertex -12.0106 -50 36.0502
    endloop
  endfacet
  facet normal 0 -1 0
    outer loop
      vertex -126.9 -50 62
      vertex -12.5 -50 32.96
      vertex -12.3769 -50 34.5243
    endloop
  endfacet
  facet normal 0 -1 0
    outer loop
      vertex -126.9 -50 0
      vertex -12.5 -50 32.96
      vertex -126.9 -50 62
    endloop
  endfacet
  facet normal 0 -1 -0
    outer loop
      vertex -12.5 -50 32.96
      vertex -126.9 -50 0
      vertex -12.5 -50 14.96
    endloop
  endfacet
  facet normal 0 -1 -0
    outer loop
      vertex -12.5 -50 14.96
      vertex -126.9 -50 0
      vertex -12.3769 -50 13.3957
    endloop
  endfacet
  facet normal 0 -1 -0
    outer loop
      vertex -12.3769 -50 13.3957
      vertex -126.9 -50 0
      vertex -12.0106 -50 11.8698
    endloop
  endfacet
  facet normal 0 -1 -0
    outer loop
      vertex -12.0106 -50 11.8698
      vertex -126.9 -50 0
      vertex -11.4101 -50 10.4201
    endloop
  endfacet
  facet normal 0 -1 -0
    outer loop
      vertex -11.4101 -50 10.4201
      vertex -126.9 -50 0
      vertex -10.5902 -50 9.08215
    endloop
  endfacet
  facet normal 0 -1 -0
    outer loop
      vertex -10.5902 -50 9.08215
      vertex -126.9 -50 0
      vertex -9.57107 -50 7.88893
    endloop
  endfacet
  facet normal 0 -1 0
    outer loop
      vertex -2.5 -50 0
      vertex -9.57107 -50 7.88893
      vertex -126.9 -50 0
    endloop
  endfacet
  facet normal 0 -1 0
    outer loop
      vertex -4.06434 -50 5.08312
      vertex -2.59999 -50 4.95999
      vertex -2.5 -50 4.96
    endloop
  endfacet
  facet normal 0 -1 0
    outer loop
      vertex -2.59999 -50 1.84999
      vertex -2.59999 -50 4.95999
      vertex -4.06434 -50 5.08312
    endloop
  endfacet
  facet normal 0 -1 0
    outer loop
      vertex -2.59999 -50 1.84999
      vertex -4.06434 -50 5.08312
      vertex -5.59017 -50 5.44943
    endloop
  endfacet
  facet normal 0 -1 0
    outer loop
      vertex -2.5 -50 0
      vertex -5.59017 -50 5.44943
      vertex -7.0399 -50 6.04993
    endloop
  endfacet
  facet normal 0 -1 0
    outer loop
      vertex -2.59999 -50 4.95999
      vertex -2.59999 -50 1.84999
      vertex -1.04501 -50 3.405
    endloop
  endfacet
  facet normal 0 -1 0
    outer loop
      vertex -9.57107 -50 7.88893
      vertex -2.5 -50 0
      vertex -8.37785 -50 6.86983
    endloop
  endfacet
  facet normal 0 -1 0
    outer loop
      vertex -8.37785 -50 6.86983
      vertex -2.5 -50 0
      vertex -7.0399 -50 6.04993
    endloop
  endfacet
  facet normal 0 -1 0
    outer loop
      vertex -5.59017 -50 5.44943
      vertex -2.5 -50 0
      vertex -2.59999 -50 1.84999
    endloop
  endfacet
  facet normal 0 -1 0
    outer loop
      vertex -2.59999 -50 1.84999
      vertex -2.5 -50 0
      vertex -2.5 -50 1.84999
    endloop
  endfacet
  facet normal 0 -1 -0
    outer loop
      vertex -2.5 -50 4.96
      vertex -2.59999 -50 4.95999
      vertex -2.5 -50 4.95999
    endloop
  endfacet
  facet normal -0.9969 -0.0786819 0
    outer loop
      vertex -134.9 -43.1671 0
      vertex -135 -41.9001 62
      vertex -135 -41.9001 0
    endloop
  endfacet
  facet normal -0.9969 -0.0786819 0
    outer loop
      vertex -135 -41.9001 62
      vertex -134.9 -43.1671 0
      vertex -134.9 -43.1671 62
    endloop
  endfacet
  facet normal -0.972497 -0.232915 0
    outer loop
      vertex -134.604 -44.403 0
      vertex -134.9 -43.1671 62
      vertex -134.9 -43.1671 0
    endloop
  endfacet
  facet normal -0.972497 -0.232915 0
    outer loop
      vertex -134.9 -43.1671 62
      vertex -134.604 -44.403 0
      vertex -134.604 -44.403 62
    endloop
  endfacet
  facet normal -0.852694 -0.522411 0
    outer loop
      vertex -133.453 -46.6611 0
      vertex -134.117 -45.5773 62
      vertex -134.117 -45.5773 0
    endloop
  endfacet
  facet normal -0.852694 -0.522411 0
    outer loop
      vertex -134.117 -45.5773 62
      vertex -133.453 -46.6611 0
      vertex -133.453 -46.6611 62
    endloop
  endfacet
  facet normal -0.852694 0.522411 0
    outer loop
      vertex -134.117 45.5773 0
      vertex -133.453 46.6611 62
      vertex -133.453 46.6611 0
    endloop
  endfacet
  facet normal -0.852694 0.522411 0
    outer loop
      vertex -133.453 46.6611 62
      vertex -134.117 45.5773 0
      vertex -134.117 45.5773 62
    endloop
  endfacet
  facet normal 0 0 -1
    outer loop
      vertex -126.9 -50 0
      vertex -2.5 -48.15 0
      vertex -2.5 -50 0
    endloop
  endfacet
  facet normal -0 0 -1
    outer loop
      vertex -2.5 -48.15 0
      vertex -126.9 -50 0
      vertex -2.5 -38.15 0
    endloop
  endfacet
  facet normal 0 0 -1
    outer loop
      vertex -2.5 -38.15 0
      vertex -3.38385 -5.58044 0
      vertex -2.5 -5.65 0
    endloop
  endfacet
  facet normal 0 0 -1
    outer loop
      vertex -2.5 -38.15 0
      vertex -4.24595 -5.37347 0
      vertex -3.38385 -5.58044 0
    endloop
  endfacet
  facet normal 0 0 -1
    outer loop
      vertex -2.5 -38.15 0
      vertex -5.06505 -5.03419 0
      vertex -4.24595 -5.37347 0
    endloop
  endfacet
  facet normal 0 0 -1
    outer loop
      vertex -2.5 -38.15 0
      vertex -5.82099 -4.57095 0
      vertex -5.06505 -5.03419 0
    endloop
  endfacet
  facet normal 0 0 -1
    outer loop
      vertex -2.5 -38.15 0
      vertex -6.49515 -3.99515 0
      vertex -5.82099 -4.57095 0
    endloop
  endfacet
  facet normal 0 0 -1
    outer loop
      vertex -2.5 -38.15 0
      vertex -7.07095 -3.32099 0
      vertex -6.49515 -3.99515 0
    endloop
  endfacet
  facet normal 0 0 -1
    outer loop
      vertex -2.5 -38.15 0
      vertex -7.53419 -2.56505 0
      vertex -7.07095 -3.32099 0
    endloop
  endfacet
  facet normal -0 0 -1
    outer loop
      vertex -2.5 -38.15 0
      vertex -126.9 -50 0
      vertex -7.53419 -2.56505 0
    endloop
  endfacet
  facet normal -0 0 -1
    outer loop
      vertex -7.53419 -2.56505 0
      vertex -126.9 -50 0
      vertex -7.87347 -1.74595 0
    endloop
  endfacet
  facet normal -0 0 -1
    outer loop
      vertex -8.08044 -0.883854 0
      vertex -126.9 -50 0
      vertex -8.15 0 0
    endloop
  endfacet
  facet normal -0 0 -1
    outer loop
      vertex -7.87347 -1.74595 0
      vertex -126.9 -50 0
      vertex -8.08044 -0.883854 0
    endloop
  endfacet
  facet normal 0 0 -1
    outer loop
      vertex -2.5 -48.15 0
      vertex 1.46 -38.15 0
      vertex 1.46 -48.15 0
    endloop
  endfacet
  facet normal -0 0 -1
    outer loop
      vertex 1.46 -38.15 0
      vertex -2.5 -48.15 0
      vertex -2.5 -38.15 0
    endloop
  endfacet
  facet normal 0 0 -1
    outer loop
      vertex -2.5 5.65 0
      vertex 1.46 15.65 0
      vertex 1.46 5.65 0
    endloop
  endfacet
  facet normal 0 0 -1
    outer loop
      vertex -2.5 5.65 0
      vertex -2.5 15.65 0
      vertex 1.46 15.65 0
    endloop
  endfacet
  facet normal 0 0 -1
    outer loop
      vertex -3.38385 5.58044 0
      vertex -2.5 15.65 0
      vertex -2.5 5.65 0
    endloop
  endfacet
  facet normal 0 0 -1
    outer loop
      vertex -4.24595 5.37347 0
      vertex -2.5 15.65 0
      vertex -3.38385 5.58044 0
    endloop
  endfacet
  facet normal 0 0 -1
    outer loop
      vertex -5.06505 5.03419 0
      vertex -2.5 15.65 0
      vertex -4.24595 5.37347 0
    endloop
  endfacet
  facet normal 0 0 -1
    outer loop
      vertex -5.82099 4.57095 0
      vertex -2.5 15.65 0
      vertex -5.06505 5.03419 0
    endloop
  endfacet
  facet normal 0 0 -1
    outer loop
      vertex -6.49515 3.99515 0
      vertex -2.5 15.65 0
      vertex -5.82099 4.57095 0
    endloop
  endfacet
  facet normal 0 0 -1
    outer loop
      vertex -7.07095 3.32099 0
      vertex -2.5 15.65 0
      vertex -6.49515 3.99515 0
    endloop
  endfacet
  facet normal 0 0 -1
    outer loop
      vertex -7.53419 2.56505 0
      vertex -2.5 15.65 0
      vertex -7.07095 3.32099 0
    endloop
  endfacet
  facet normal -0 0 -1
    outer loop
      vertex -2.5 15.65 0
      vertex -7.53419 2.56505 0
      vertex -2.5 38.15 0
    endloop
  endfacet
  facet normal 0 0 -1
    outer loop
      vertex -126.9 50 0
      vertex -2.5 38.15 0
      vertex -7.53419 2.56505 0
    endloop
  endfacet
  facet normal 0 0 -1
    outer loop
      vertex -2.5 38.15 0
      vertex -126.9 50 0
      vertex -2.5 48.15 0
    endloop
  endfacet
  facet normal 0 0 -1
    outer loop
      vertex -126.9 50 0
      vertex -7.53419 2.56505 0
      vertex -7.87347 1.74595 0
    endloop
  endfacet
  facet normal 0 0 -1
    outer loop
      vertex -126.9 50 0
      vertex -7.87347 1.74595 0
      vertex -8.08044 0.883854 0
    endloop
  endfacet
  facet normal 0 0 -1
    outer loop
      vertex -126.9 50 0
      vertex -8.15 0 0
      vertex -126.9 -50 0
    endloop
  endfacet
  facet normal 0 0 -1
    outer loop
      vertex -8.15 0 0
      vertex -126.9 50 0
      vertex -8.08044 0.883854 0
    endloop
  endfacet
  facet normal 0 0 -1
    outer loop
      vertex -2.5 48.15 0
      vertex -126.9 50 0
      vertex -2.5 50 0
    endloop
  endfacet
  facet normal 0 0 -1
    outer loop
      vertex -135 -41.9001 0
      vertex -126.9 -50 0
      vertex -128.167 -49.9003 0
    endloop
  endfacet
  facet normal 0 0 -1
    outer loop
      vertex -126.9 -50 0
      vertex -135 -41.9001 0
      vertex -126.9 50 0
    endloop
  endfacet
  facet normal 0 0 -1
    outer loop
      vertex -135 -41.9001 0
      vertex -128.167 -49.9003 0
      vertex -129.403 -49.6036 0
    endloop
  endfacet
  facet normal 0 0 -1
    outer loop
      vertex -135 41.9001 0
      vertex -126.9 50 0
      vertex -135 -41.9001 0
    endloop
  endfacet
  facet normal 0 0 -1
    outer loop
      vertex -135 -41.9001 0
      vertex -129.403 -49.6036 0
      vertex -130.577 -49.1172 0
    endloop
  endfacet
  facet normal 0 0 -1
    outer loop
      vertex -126.9 50 0
      vertex -135 41.9001 0
      vertex -128.167 49.9003 0
    endloop
  endfacet
  facet normal 0 0 -1
    outer loop
      vertex -135 -41.9001 0
      vertex -130.577 -49.1172 0
      vertex -131.661 -48.453 0
    endloop
  endfacet
  facet normal 0 0 -1
    outer loop
      vertex -128.167 49.9003 0
      vertex -135 41.9001 0
      vertex -129.403 49.6036 0
    endloop
  endfacet
  facet normal 0 0 -1
    outer loop
      vertex -135 -41.9001 0
      vertex -131.661 -48.453 0
      vertex -132.628 -47.6276 0
    endloop
  endfacet
  facet normal 0 0 -1
    outer loop
      vertex -129.403 49.6036 0
      vertex -135 41.9001 0
      vertex -130.577 49.1172 0
    endloop
  endfacet
  facet normal 0 0 -1
    outer loop
      vertex -135 -41.9001 0
      vertex -132.628 -47.6276 0
      vertex -133.453 -46.6611 0
    endloop
  endfacet
  facet normal 0 0 -1
    outer loop
      vertex -130.577 49.1172 0
      vertex -135 41.9001 0
      vertex -131.661 48.453 0
    endloop
  endfacet
  facet normal 0 0 -1
    outer loop
      vertex -135 -41.9001 0
      vertex -133.453 -46.6611 0
      vertex -134.117 -45.5773 0
    endloop
  endfacet
  facet normal 0 0 -1
    outer loop
      vertex -131.661 48.453 0
      vertex -135 41.9001 0
      vertex -132.628 47.6276 0
    endloop
  endfacet
  facet normal 0 0 -1
    outer loop
      vertex -135 -41.9001 0
      vertex -134.117 -45.5773 0
      vertex -134.604 -44.403 0
    endloop
  endfacet
  facet normal 0 0 -1
    outer loop
      vertex -132.628 47.6276 0
      vertex -135 41.9001 0
      vertex -133.453 46.6611 0
    endloop
  endfacet
  facet normal 0 0 -1
    outer loop
      vertex -135 -41.9001 0
      vertex -134.604 -44.403 0
      vertex -134.9 -43.1671 0
    endloop
  endfacet
  facet normal 0 0 -1
    outer loop
      vertex -133.453 46.6611 0
      vertex -135 41.9001 0
      vertex -134.117 45.5773 0
    endloop
  endfacet
  facet normal 0 0 -1
    outer loop
      vertex -134.117 45.5773 0
      vertex -135 41.9001 0
      vertex -134.604 44.403 0
    endloop
  endfacet
  facet normal 0 0 -1
    outer loop
      vertex -134.604 44.403 0
      vertex -135 41.9001 0
      vertex -134.9 43.1671 0
    endloop
  endfacet
  facet normal 0 0 -1
    outer loop
      vertex -2.5 38.15 0
      vertex 1.46 48.15 0
      vertex 1.46 38.15 0
    endloop
  endfacet
  facet normal -0 0 -1
    outer loop
      vertex 1.46 48.15 0
      vertex -2.5 38.15 0
      vertex -2.5 48.15 0
    endloop
  endfacet
  facet normal 0.760588 0.649235 0
    outer loop
      vertex -130.778 -45.7776 62
      vertex -131.603 -44.8111 1.85
      vertex -131.603 -44.8111 62
    endloop
  endfacet
  facet normal 0.760588 0.649235 0
    outer loop
      vertex -131.603 -44.8111 1.85
      vertex -130.778 -45.7776 62
      vertex -130.778 -45.7776 1.85
    endloop
  endfacet
  facet normal 0.522455 0.852667 -0
    outer loop
      vertex -128.727 -47.2672 1.85
      vertex -129.811 -46.603 62
      vertex -128.727 -47.2672 62
    endloop
  endfacet
  facet normal 0.522455 0.852667 0
    outer loop
      vertex -129.811 -46.603 62
      vertex -128.727 -47.2672 1.85
      vertex -129.811 -46.603 1.85
    endloop
  endfacet
  facet normal 0.649222 0.760599 -0
    outer loop
      vertex -129.811 -46.603 1.85
      vertex -130.778 -45.7776 62
      vertex -129.811 -46.603 62
    endloop
  endfacet
  facet normal 0.649222 0.760599 0
    outer loop
      vertex -130.778 -45.7776 62
      vertex -129.811 -46.603 1.85
      vertex -130.778 -45.7776 1.85
    endloop
  endfacet
  facet normal 0.0784473 0.996918 -0
    outer loop
      vertex -125.05 -48.15 1.85
      vertex -126.317 -48.0503 62
      vertex -125.05 -48.15 62
    endloop
  endfacet
  facet normal 0.0784473 0.996918 0
    outer loop
      vertex -126.317 -48.0503 62
      vertex -125.05 -48.15 1.85
      vertex -126.317 -48.0503 1.85
    endloop
  endfacet
  facet normal 0.38276 0.923848 -0
    outer loop
      vertex -127.553 -47.7536 1.85
      vertex -128.727 -47.2672 62
      vertex -127.553 -47.7536 62
    endloop
  endfacet
  facet normal 0.38276 0.923848 0
    outer loop
      vertex -128.727 -47.2672 62
      vertex -127.553 -47.7536 1.85
      vertex -128.727 -47.2672 1.85
    endloop
  endfacet
  facet normal 0.233418 0.972377 -0
    outer loop
      vertex -126.317 -48.0503 1.85
      vertex -127.553 -47.7536 62
      vertex -126.317 -48.0503 62
    endloop
  endfacet
  facet normal 0.233418 0.972377 0
    outer loop
      vertex -127.553 -47.7536 62
      vertex -126.317 -48.0503 1.85
      vertex -127.553 -47.7536 1.85
    endloop
  endfacet
  facet normal 0.923716 0.383079 0
    outer loop
      vertex -132.267 -43.7273 62
      vertex -132.754 -42.553 1.85
      vertex -132.754 -42.553 62
    endloop
  endfacet
  facet normal 0.923716 0.383079 0
    outer loop
      vertex -132.754 -42.553 1.85
      vertex -132.267 -43.7273 62
      vertex -132.267 -43.7273 1.85
    endloop
  endfacet
  facet normal 1 0 0
    outer loop
      vertex -133.15 40.0501 62
      vertex -133.15 10 32.96
      vertex -133.15 40.0501 1.85
    endloop
  endfacet
  facet normal 1 0 0
    outer loop
      vertex -133.15 40.0501 62
      vertex -133.15 9.87688 34.5243
      vertex -133.15 10 32.96
    endloop
  endfacet
  facet normal 1 0 0
    outer loop
      vertex -133.15 40.0501 62
      vertex -133.15 9.51056 36.0502
      vertex -133.15 9.87688 34.5243
    endloop
  endfacet
  facet normal 1 0 0
    outer loop
      vertex -133.15 40.0501 62
      vertex -133.15 8.91006 37.4999
      vertex -133.15 9.51056 36.0502
    endloop
  endfacet
  facet normal 1 0 0
    outer loop
      vertex -133.15 40.0501 62
      vertex -133.15 8.09017 38.8379
      vertex -133.15 8.91006 37.4999
    endloop
  endfacet
  facet normal 1 0 0
    outer loop
      vertex -133.15 40.0501 62
      vertex -133.15 7.07107 40.0311
      vertex -133.15 8.09017 38.8379
    endloop
  endfacet
  facet normal 1 0 0
    outer loop
      vertex -133.15 40.0501 62
      vertex -133.15 5.87785 41.0502
      vertex -133.15 7.07107 40.0311
    endloop
  endfacet
  facet normal 1 0 0
    outer loop
      vertex -133.15 40.0501 62
      vertex -133.15 4.5399 41.8701
      vertex -133.15 5.87785 41.0502
    endloop
  endfacet
  facet normal 1 0 0
    outer loop
      vertex -133.15 40.0501 62
      vertex -133.15 3.09017 42.4706
      vertex -133.15 4.5399 41.8701
    endloop
  endfacet
  facet normal 1 0 0
    outer loop
      vertex -133.15 40.0501 62
      vertex -133.15 1.56434 42.8369
      vertex -133.15 3.09017 42.4706
    endloop
  endfacet
  facet normal 1 0 0
    outer loop
      vertex -133.15 40.0501 62
      vertex -133.15 0 42.96
      vertex -133.15 1.56434 42.8369
    endloop
  endfacet
  facet normal 1 -0 0
    outer loop
      vertex -133.15 -40.0501 62
      vertex -133.15 0 42.96
      vertex -133.15 40.0501 62
    endloop
  endfacet
  facet normal 1 0 0
    outer loop
      vertex -133.15 0 42.96
      vertex -133.15 -40.0501 62
      vertex -133.15 -1.56434 42.8369
    endloop
  endfacet
  facet normal 1 0 0
    outer loop
      vertex -133.15 -1.56434 42.8369
      vertex -133.15 -40.0501 62
      vertex -133.15 -3.09017 42.4706
    endloop
  endfacet
  facet normal 1 0 0
    outer loop
      vertex -133.15 -40.0501 1.85
      vertex -133.15 -10 32.96
      vertex -133.15 -40.0501 62
    endloop
  endfacet
  facet normal 1 0 0
    outer loop
      vertex -133.15 -9.87688 34.5243
      vertex -133.15 -40.0501 62
      vertex -133.15 -10 32.96
    endloop
  endfacet
  facet normal 1 0 0
    outer loop
      vertex -133.15 -9.51056 36.0502
      vertex -133.15 -40.0501 62
      vertex -133.15 -9.87688 34.5243
    endloop
  endfacet
  facet normal 1 0 0
    outer loop
      vertex -133.15 -8.91006 37.4999
      vertex -133.15 -40.0501 62
      vertex -133.15 -9.51056 36.0502
    endloop
  endfacet
  facet normal 1 0 0
    outer loop
      vertex -133.15 -8.09017 38.8379
      vertex -133.15 -40.0501 62
      vertex -133.15 -8.91006 37.4999
    endloop
  endfacet
  facet normal 1 0 0
    outer loop
      vertex -133.15 -7.07107 40.0311
      vertex -133.15 -40.0501 62
      vertex -133.15 -8.09017 38.8379
    endloop
  endfacet
  facet normal 1 0 0
    outer loop
      vertex -133.15 -5.87785 41.0502
      vertex -133.15 -40.0501 62
      vertex -133.15 -7.07107 40.0311
    endloop
  endfacet
  facet normal 1 0 0
    outer loop
      vertex -133.15 -4.5399 41.8701
      vertex -133.15 -40.0501 62
      vertex -133.15 -5.87785 41.0502
    endloop
  endfacet
  facet normal 1 0 0
    outer loop
      vertex -133.15 -3.09017 42.4706
      vertex -133.15 -40.0501 62
      vertex -133.15 -4.5399 41.8701
    endloop
  endfacet
  facet normal 1 -0 0
    outer loop
      vertex -133.15 10 14.96
      vertex -133.15 40.0501 1.85
      vertex -133.15 10 32.96
    endloop
  endfacet
  facet normal 1 -0 0
    outer loop
      vertex -133.15 9.87688 13.3957
      vertex -133.15 40.0501 1.85
      vertex -133.15 10 14.96
    endloop
  endfacet
  facet normal 1 -0 0
    outer loop
      vertex -133.15 9.51056 11.8698
      vertex -133.15 40.0501 1.85
      vertex -133.15 9.87688 13.3957
    endloop
  endfacet
  facet normal 1 -0 0
    outer loop
      vertex -133.15 8.91006 10.4201
      vertex -133.15 40.0501 1.85
      vertex -133.15 9.51056 11.8698
    endloop
  endfacet
  facet normal 1 -0 0
    outer loop
      vertex -133.15 8.09017 9.08215
      vertex -133.15 40.0501 1.85
      vertex -133.15 8.91006 10.4201
    endloop
  endfacet
  facet normal 1 -0 0
    outer loop
      vertex -133.15 7.07107 7.88893
      vertex -133.15 40.0501 1.85
      vertex -133.15 8.09017 9.08215
    endloop
  endfacet
  facet normal 1 -0 0
    outer loop
      vertex -133.15 5.87785 6.86983
      vertex -133.15 40.0501 1.85
      vertex -133.15 7.07107 7.88893
    endloop
  endfacet
  facet normal 1 -0 0
    outer loop
      vertex -133.15 4.5399 6.04993
      vertex -133.15 40.0501 1.85
      vertex -133.15 5.87785 6.86983
    endloop
  endfacet
  facet normal 1 -0 0
    outer loop
      vertex -133.15 3.09017 5.44943
      vertex -133.15 40.0501 1.85
      vertex -133.15 4.5399 6.04993
    endloop
  endfacet
  facet normal 1 -0 0
    outer loop
      vertex -133.15 1.56434 5.08312
      vertex -133.15 40.0501 1.85
      vertex -133.15 3.09017 5.44943
    endloop
  endfacet
  facet normal 1 -0 0
    outer loop
      vertex -133.15 0 4.96
      vertex -133.15 40.0501 1.85
      vertex -133.15 1.56434 5.08312
    endloop
  endfacet
  facet normal 1 0 0
    outer loop
      vertex -133.15 -10 32.96
      vertex -133.15 -40.0501 1.85
      vertex -133.15 -10 14.96
    endloop
  endfacet
  facet normal 1 0 0
    outer loop
      vertex -133.15 -10 14.96
      vertex -133.15 -40.0501 1.85
      vertex -133.15 -9.87688 13.3957
    endloop
  endfacet
  facet normal 1 0 0
    outer loop
      vertex -133.15 -9.87688 13.3957
      vertex -133.15 -40.0501 1.85
      vertex -133.15 -9.51056 11.8698
    endloop
  endfacet
  facet normal 1 0 0
    outer loop
      vertex -133.15 0 4.96
      vertex -133.15 -40.0501 1.85
      vertex -133.15 40.0501 1.85
    endloop
  endfacet
  facet normal 1 0 0
    outer loop
      vertex -133.15 -1.56434 5.08312
      vertex -133.15 -40.0501 1.85
      vertex -133.15 0 4.96
    endloop
  endfacet
  facet normal 1 0 0
    outer loop
      vertex -133.15 -3.09017 5.44943
      vertex -133.15 -40.0501 1.85
      vertex -133.15 -1.56434 5.08312
    endloop
  endfacet
  facet normal 1 0 0
    outer loop
      vertex -133.15 -4.5399 6.04993
      vertex -133.15 -40.0501 1.85
      vertex -133.15 -3.09017 5.44943
    endloop
  endfacet
  facet normal 1 0 0
    outer loop
      vertex -133.15 -5.87785 6.86983
      vertex -133.15 -40.0501 1.85
      vertex -133.15 -4.5399 6.04993
    endloop
  endfacet
  facet normal 1 0 0
    outer loop
      vertex -133.15 -7.07107 7.88893
      vertex -133.15 -40.0501 1.85
      vertex -133.15 -5.87785 6.86983
    endloop
  endfacet
  facet normal 1 0 0
    outer loop
      vertex -133.15 -8.09017 9.08215
      vertex -133.15 -40.0501 1.85
      vertex -133.15 -7.07107 7.88893
    endloop
  endfacet
  facet normal 1 0 0
    outer loop
      vertex -133.15 -8.91006 10.4201
      vertex -133.15 -40.0501 1.85
      vertex -133.15 -8.09017 9.08215
    endloop
  endfacet
  facet normal 1 0 0
    outer loop
      vertex -133.15 -9.51056 11.8698
      vertex -133.15 -40.0501 1.85
      vertex -133.15 -8.91006 10.4201
    endloop
  endfacet
  facet normal 0.38276 -0.923848 0
    outer loop
      vertex -128.727 47.2672 1.85
      vertex -127.553 47.7536 62
      vertex -128.727 47.2672 62
    endloop
  endfacet
  facet normal 0.38276 -0.923848 0
    outer loop
      vertex -127.553 47.7536 62
      vertex -128.727 47.2672 1.85
      vertex -127.553 47.7536 1.85
    endloop
  endfacet
  facet normal 0.852694 -0.522411 0
    outer loop
      vertex -132.267 43.7273 62
      vertex -131.603 44.8111 1.85
      vertex -131.603 44.8111 62
    endloop
  endfacet
  facet normal 0.852694 -0.522411 0
    outer loop
      vertex -131.603 44.8111 1.85
      vertex -132.267 43.7273 62
      vertex -132.267 43.7273 1.85
    endloop
  endfacet
  facet normal 0 -1 0
    outer loop
      vertex -123.55 48.15 1.85
      vertex -64.15 48.15 36.85
      vertex -123.55 48.15 36.85
    endloop
  endfacet
  facet normal 0 -1 -0
    outer loop
      vertex -64.15 48.15 36.85
      vertex -123.55 48.15 1.85
      vertex -64.15 48.15 1.85
    endloop
  endfacet
  facet normal 0 -1 0
    outer loop
      vertex -62.65 48.15 36.85
      vertex -2.59999 48.15 62
      vertex -125.05 48.15 62
    endloop
  endfacet
  facet normal -0 -1 0
    outer loop
      vertex -2.59999 48.15 61
      vertex -2.59999 48.15 62
      vertex -62.65 48.15 36.85
    endloop
  endfacet
  facet normal 0 -1 0
    outer loop
      vertex -2.59999 48.15 62
      vertex -2.59999 48.15 61
      vertex -2.10001 48.15 61.5
    endloop
  endfacet
  facet normal -0 -1 0
    outer loop
      vertex -10.5902 48.15 38.8379
      vertex -2.59999 48.15 61
      vertex -62.65 48.15 36.85
    endloop
  endfacet
  facet normal 0 -1 0
    outer loop
      vertex -2.59999 48.15 61
      vertex -2.59999 48.15 55
      vertex 0.399994 48.15 58
    endloop
  endfacet
  facet normal -0 -1 0
    outer loop
      vertex -9.57107 48.15 40.0311
      vertex -2.59999 48.15 61
      vertex -10.5902 48.15 38.8379
    endloop
  endfacet
  facet normal 0 -1 0
    outer loop
      vertex -2.59999 48.15 55
      vertex -2.59999 48.15 49
      vertex 0.399994 48.15 52
    endloop
  endfacet
  facet normal -0 -1 0
    outer loop
      vertex -8.37785 48.15 41.0502
      vertex -2.59999 48.15 55
      vertex -9.57107 48.15 40.0311
    endloop
  endfacet
  facet normal 0 -1 0
    outer loop
      vertex -2.59999 48.15 43
      vertex -2.5 48.15 42.96
      vertex -2.5 48.15 43
    endloop
  endfacet
  facet normal 0 -1 0
    outer loop
      vertex -2.59999 48.15 49
      vertex -2.59999 48.15 43
      vertex 0.399994 48.15 46
    endloop
  endfacet
  facet normal 0 -1 -0
    outer loop
      vertex -2.59999 48.15 43
      vertex -4.06434 48.15 42.8369
      vertex -2.5 48.15 42.96
    endloop
  endfacet
  facet normal -0 -1 0
    outer loop
      vertex -2.59999 48.15 43
      vertex -2.59999 48.15 49
      vertex -4.06434 48.15 42.8369
    endloop
  endfacet
  facet normal -0 -1 0
    outer loop
      vertex -5.59017 48.15 42.4706
      vertex -2.59999 48.15 49
      vertex -7.0399 48.15 41.8701
    endloop
  endfacet
  facet normal -0 -1 0
    outer loop
      vertex -4.06434 48.15 42.8369
      vertex -2.59999 48.15 49
      vertex -5.59017 48.15 42.4706
    endloop
  endfacet
  facet normal 0 -1 0
    outer loop
      vertex -2.59999 48.15 49
      vertex -8.37785 48.15 41.0502
      vertex -7.0399 48.15 41.8701
    endloop
  endfacet
  facet normal 0 -1 -0
    outer loop
      vertex -2.59999 48.15 55
      vertex -8.37785 48.15 41.0502
      vertex -2.59999 48.15 49
    endloop
  endfacet
  facet normal 0 -1 -0
    outer loop
      vertex -2.59999 48.15 61
      vertex -9.57107 48.15 40.0311
      vertex -2.59999 48.15 55
    endloop
  endfacet
  facet normal 0 -1 0
    outer loop
      vertex -123.55 48.15 36.85
      vertex -125.05 48.15 62
      vertex -125.05 48.15 36.85
    endloop
  endfacet
  facet normal 0 0 0
    outer loop
      vertex -125.05 48.15 1.85
      vertex -125.05 48.15 36.85
      vertex -125.05 48.15 62
    endloop
  endfacet
  facet normal 0 -1 0
    outer loop
      vertex -64.15 48.15 36.85
      vertex -125.05 48.15 62
      vertex -123.55 48.15 36.85
    endloop
  endfacet
  facet normal 0 -1 0
    outer loop
      vertex -62.65 48.15 36.85
      vertex -125.05 48.15 62
      vertex -64.15 48.15 36.85
    endloop
  endfacet
  facet normal 0 -1 0
    outer loop
      vertex -10.5902 48.15 38.8379
      vertex -62.65 48.15 36.85
      vertex -11.4101 48.15 37.4999
    endloop
  endfacet
  facet normal 0 -1 0
    outer loop
      vertex -62.65 48.15 36.85
      vertex -12.0106 48.15 36.0502
      vertex -11.4101 48.15 37.4999
    endloop
  endfacet
  facet normal 0 -1 0
    outer loop
      vertex -62.65 48.15 36.85
      vertex -12.3769 48.15 34.5243
      vertex -12.0106 48.15 36.0502
    endloop
  endfacet
  facet normal 0 -1 0
    outer loop
      vertex -62.65 48.15 36.85
      vertex -12.5 48.15 32.96
      vertex -12.3769 48.15 34.5243
    endloop
  endfacet
  facet normal 0 -1 0
    outer loop
      vertex -62.65 48.15 36.85
      vertex -12.5 48.15 14.96
      vertex -12.5 48.15 32.96
    endloop
  endfacet
  facet normal 0 -1 0
    outer loop
      vertex -62.65 48.15 1.85
      vertex -12.5 48.15 14.96
      vertex -62.65 48.15 36.85
    endloop
  endfacet
  facet normal 0 -1 -0
    outer loop
      vertex -12.5 48.15 14.96
      vertex -62.65 48.15 1.85
      vertex -12.3769 48.15 13.3957
    endloop
  endfacet
  facet normal 0 -1 -0
    outer loop
      vertex -12.3769 48.15 13.3957
      vertex -62.65 48.15 1.85
      vertex -12.0106 48.15 11.8698
    endloop
  endfacet
  facet normal 0 -1 -0
    outer loop
      vertex -12.0106 48.15 11.8698
      vertex -62.65 48.15 1.85
      vertex -11.4101 48.15 10.4201
    endloop
  endfacet
  facet normal 0 -1 -0
    outer loop
      vertex -11.4101 48.15 10.4201
      vertex -62.65 48.15 1.85
      vertex -10.5902 48.15 9.08215
    endloop
  endfacet
  facet normal 0 -1 -0
    outer loop
      vertex -10.5902 48.15 9.08215
      vertex -62.65 48.15 1.85
      vertex -9.57107 48.15 7.88893
    endloop
  endfacet
  facet normal 0 -1 -0
    outer loop
      vertex -9.57107 48.15 7.88893
      vertex -62.65 48.15 1.85
      vertex -8.37785 48.15 6.86983
    endloop
  endfacet
  facet normal 0 -1 0
    outer loop
      vertex -4.06434 48.15 5.08312
      vertex -2.59999 48.15 4.95999
      vertex -2.5 48.15 4.96
    endloop
  endfacet
  facet normal 0 -1 0
    outer loop
      vertex -2.54 48.15 3
      vertex -2.59999 48.15 4.95999
      vertex -4.06434 48.15 5.08312
    endloop
  endfacet
  facet normal 0 -1 0
    outer loop
      vertex -2.59998 48.15 1.85
      vertex -4.06434 48.15 5.08312
      vertex -5.59017 48.15 5.44943
    endloop
  endfacet
  facet normal 0 -1 0
    outer loop
      vertex -2.59998 48.15 1.85
      vertex -5.59017 48.15 5.44943
      vertex -7.0399 48.15 6.04993
    endloop
  endfacet
  facet normal 0 -1 0
    outer loop
      vertex -2.59999 48.15 4.95999
      vertex -2.54 48.15 3
      vertex -1.04501 48.15 3.405
    endloop
  endfacet
  facet normal 0 -1 0
    outer loop
      vertex -2.59998 48.15 1.85
      vertex -8.37785 48.15 6.86983
      vertex -62.65 48.15 1.85
    endloop
  endfacet
  facet normal 0 -1 0
    outer loop
      vertex -8.37785 48.15 6.86983
      vertex -2.59998 48.15 1.85
      vertex -7.0399 48.15 6.04993
    endloop
  endfacet
  facet normal 0 -1 0
    outer loop
      vertex -4.06434 48.15 5.08312
      vertex -2.59998 48.15 1.85
      vertex -2.54 48.15 3
    endloop
  endfacet
  facet normal 0 -1 -0
    outer loop
      vertex -2.54 48.15 3
      vertex -2.59998 48.15 1.85
      vertex -2.54 48.15 1.90998
    endloop
  endfacet
  facet normal 0 -1 -0
    outer loop
      vertex -2.5 48.15 4.96
      vertex -2.59999 48.15 4.95999
      vertex -2.5 48.15 4.95999
    endloop
  endfacet
  facet normal 0 -1 0
    outer loop
      vertex -1.04501 48.15 3.405
      vertex -2.54 48.15 3
      vertex -1.45 48.15 3
    endloop
  endfacet
  facet normal 0.233418 -0.972377 0
    outer loop
      vertex -127.553 47.7536 1.85
      vertex -126.317 48.0503 62
      vertex -127.553 47.7536 62
    endloop
  endfacet
  facet normal 0.233418 -0.972377 0
    outer loop
      vertex -126.317 48.0503 62
      vertex -127.553 47.7536 1.85
      vertex -126.317 48.0503 1.85
    endloop
  endfacet
  facet normal 0 1 0
    outer loop
      vertex -2.5 -48.15 43
      vertex -2.5 -48.15 42.96
      vertex -2.59999 -48.15 43
    endloop
  endfacet
  facet normal 0 1 0
    outer loop
      vertex -2.59999 -48.15 61
      vertex -2.59999 -48.15 62
      vertex -2.10001 -48.15 61.5
    endloop
  endfacet
  facet normal 0 1 0
    outer loop
      vertex -2.59999 -48.15 62
      vertex -2.59999 -48.15 61
      vertex -62.65 -48.15 36.85
    endloop
  endfacet
  facet normal 0 1 0
    outer loop
      vertex -2.59999 -48.15 55
      vertex -2.59999 -48.15 61
      vertex 0.399994 -48.15 58
    endloop
  endfacet
  facet normal 0 1 0
    outer loop
      vertex -9.57107 -48.15 40.0311
      vertex -2.59999 -48.15 61
      vertex -2.59999 -48.15 55
    endloop
  endfacet
  facet normal 0 1 0
    outer loop
      vertex -2.59999 -48.15 49
      vertex -2.59999 -48.15 55
      vertex 0.399994 -48.15 52
    endloop
  endfacet
  facet normal 0 1 0
    outer loop
      vertex -8.37785 -48.15 41.0502
      vertex -2.59999 -48.15 55
      vertex -2.59999 -48.15 49
    endloop
  endfacet
  facet normal 0 1 0
    outer loop
      vertex -2.59999 -48.15 43
      vertex -2.59999 -48.15 49
      vertex 0.399994 -48.15 46
    endloop
  endfacet
  facet normal 0 1 0
    outer loop
      vertex -2.59999 -48.15 49
      vertex -2.59999 -48.15 43
      vertex -4.06434 -48.15 42.8369
    endloop
  endfacet
  facet normal 0 1 0
    outer loop
      vertex -4.06434 -48.15 42.8369
      vertex -2.59999 -48.15 43
      vertex -2.5 -48.15 42.96
    endloop
  endfacet
  facet normal 0 1 0
    outer loop
      vertex -2.59999 -48.15 49
      vertex -4.06434 -48.15 42.8369
      vertex -5.59017 -48.15 42.4706
    endloop
  endfacet
  facet normal 0 1 0
    outer loop
      vertex -2.59999 -48.15 49
      vertex -5.59017 -48.15 42.4706
      vertex -7.0399 -48.15 41.8701
    endloop
  endfacet
  facet normal 0 1 0
    outer loop
      vertex -8.37785 -48.15 41.0502
      vertex -2.59999 -48.15 49
      vertex -7.0399 -48.15 41.8701
    endloop
  endfacet
  facet normal 0 1 0
    outer loop
      vertex -2.59999 -48.15 55
      vertex -8.37785 -48.15 41.0502
      vertex -9.57107 -48.15 40.0311
    endloop
  endfacet
  facet normal 0 1 0
    outer loop
      vertex -2.59999 -48.15 61
      vertex -9.57107 -48.15 40.0311
      vertex -10.5902 -48.15 38.8379
    endloop
  endfacet
  facet normal 0 1 0
    outer loop
      vertex -2.59999 -48.15 61
      vertex -10.5902 -48.15 38.8379
      vertex -62.65 -48.15 36.85
    endloop
  endfacet
  facet normal 0 1 0
    outer loop
      vertex -62.65 -48.15 36.85
      vertex -10.5902 -48.15 38.8379
      vertex -11.4101 -48.15 37.4999
    endloop
  endfacet
  facet normal 0 1 0
    outer loop
      vertex -2.59999 -48.15 62
      vertex -62.65 -48.15 36.85
      vertex -125.05 -48.15 62
    endloop
  endfacet
  facet normal 0 1 -0
    outer loop
      vertex -64.15 -48.15 36.85
      vertex -125.05 -48.15 62
      vertex -62.65 -48.15 36.85
    endloop
  endfacet
  facet normal 0 1 -0
    outer loop
      vertex -123.55 -48.15 36.85
      vertex -125.05 -48.15 62
      vertex -64.15 -48.15 36.85
    endloop
  endfacet
  facet normal 0 1 0
    outer loop
      vertex -125.05 -48.15 36.85
      vertex -125.05 -48.15 62
      vertex -123.55 -48.15 36.85
    endloop
  endfacet
  facet normal 0 -0 0
    outer loop
      vertex -125.05 -48.15 36.85
      vertex -125.05 -48.15 1.85
      vertex -125.05 -48.15 62
    endloop
  endfacet
  facet normal 0 1 -0
    outer loop
      vertex -64.15 -48.15 1.85
      vertex -123.55 -48.15 36.85
      vertex -64.15 -48.15 36.85
    endloop
  endfacet
  facet normal 0 1 0
    outer loop
      vertex -123.55 -48.15 36.85
      vertex -64.15 -48.15 1.85
      vertex -123.55 -48.15 1.85
    endloop
  endfacet
  facet normal 0 1 -0
    outer loop
      vertex -12.0106 -48.15 36.0502
      vertex -62.65 -48.15 36.85
      vertex -11.4101 -48.15 37.4999
    endloop
  endfacet
  facet normal 0 1 -0
    outer loop
      vertex -12.3769 -48.15 34.5243
      vertex -62.65 -48.15 36.85
      vertex -12.0106 -48.15 36.0502
    endloop
  endfacet
  facet normal 0 1 -0
    outer loop
      vertex -12.5 -48.15 32.96
      vertex -62.65 -48.15 36.85
      vertex -12.3769 -48.15 34.5243
    endloop
  endfacet
  facet normal 0 1 -0
    outer loop
      vertex -12.5 -48.15 14.96
      vertex -62.65 -48.15 36.85
      vertex -12.5 -48.15 32.96
    endloop
  endfacet
  facet normal 0 1 0
    outer loop
      vertex -62.65 -48.15 1.85
      vertex -12.5 -48.15 14.96
      vertex -12.3769 -48.15 13.3957
    endloop
  endfacet
  facet normal 0 1 0
    outer loop
      vertex -62.65 -48.15 1.85
      vertex -12.3769 -48.15 13.3957
      vertex -12.0106 -48.15 11.8698
    endloop
  endfacet
  facet normal 0 1 0
    outer loop
      vertex -62.65 -48.15 1.85
      vertex -12.0106 -48.15 11.8698
      vertex -11.4101 -48.15 10.4201
    endloop
  endfacet
  facet normal 0 1 0
    outer loop
      vertex -62.65 -48.15 1.85
      vertex -11.4101 -48.15 10.4201
      vertex -10.5902 -48.15 9.08215
    endloop
  endfacet
  facet normal 0 1 0
    outer loop
      vertex -62.65 -48.15 1.85
      vertex -10.5902 -48.15 9.08215
      vertex -9.57107 -48.15 7.88893
    endloop
  endfacet
  facet normal 0 1 0
    outer loop
      vertex -62.65 -48.15 1.85
      vertex -9.57107 -48.15 7.88893
      vertex -8.37785 -48.15 6.86983
    endloop
  endfacet
  facet normal 0 1 0
    outer loop
      vertex -2.59998 -48.15 1.85
      vertex -8.37785 -48.15 6.86983
      vertex -7.0399 -48.15 6.04993
    endloop
  endfacet
  facet normal 0 1 0
    outer loop
      vertex -2.59999 -48.15 4.95999
      vertex -2.5 -48.15 4.96
      vertex -2.5 -48.15 4.95999
    endloop
  endfacet
  facet normal 0 1 0
    outer loop
      vertex -2.5 -48.15 4.96
      vertex -2.59999 -48.15 4.95999
      vertex -4.06434 -48.15 5.08312
    endloop
  endfacet
  facet normal 0 1 -0
    outer loop
      vertex -2.54 -48.15 3
      vertex -2.59999 -48.15 4.95999
      vertex -1.04501 -48.15 3.405
    endloop
  endfacet
  facet normal 0 1 0
    outer loop
      vertex -2.59999 -48.15 4.95999
      vertex -2.54 -48.15 3
      vertex -4.06434 -48.15 5.08312
    endloop
  endfacet
  facet normal 0 1 -0
    outer loop
      vertex -2.59998 -48.15 1.85
      vertex -4.06434 -48.15 5.08312
      vertex -2.54 -48.15 3
    endloop
  endfacet
  facet normal 0 1 0
    outer loop
      vertex -2.54 -48.15 3
      vertex -1.04501 -48.15 3.405
      vertex -1.45 -48.15 3
    endloop
  endfacet
  facet normal 0 1 0
    outer loop
      vertex -4.06434 -48.15 5.08312
      vertex -2.59998 -48.15 1.85
      vertex -5.59017 -48.15 5.44943
    endloop
  endfacet
  facet normal 0 1 0
    outer loop
      vertex -5.59017 -48.15 5.44943
      vertex -2.59998 -48.15 1.85
      vertex -7.0399 -48.15 6.04993
    endloop
  endfacet
  facet normal 0 1 0
    outer loop
      vertex -2.59998 -48.15 1.85
      vertex -2.54 -48.15 3
      vertex -2.54 -48.15 1.90998
    endloop
  endfacet
  facet normal 0 1 0
    outer loop
      vertex -8.37785 -48.15 6.86983
      vertex -2.59998 -48.15 1.85
      vertex -62.65 -48.15 1.85
    endloop
  endfacet
  facet normal 0 1 0
    outer loop
      vertex -12.5 -48.15 14.96
      vertex -62.65 -48.15 1.85
      vertex -62.65 -48.15 36.85
    endloop
  endfacet
  facet normal 0 0 1
    outer loop
      vertex -2.59998 48.15 1.85
      vertex -3.67326 7.40766 1.85
      vertex -2.59998 7.49213 1.85
    endloop
  endfacet
  facet normal 0 0 1
    outer loop
      vertex -2.59998 48.15 1.85
      vertex -4.81763 7.13292 1.85
      vertex -3.67326 7.40766 1.85
    endloop
  endfacet
  facet normal 0 0 1
    outer loop
      vertex -2.59998 48.15 1.85
      vertex -5.90493 6.68255 1.85
      vertex -4.81763 7.13292 1.85
    endloop
  endfacet
  facet normal 0 0 1
    outer loop
      vertex -2.59998 48.15 1.85
      vertex -6.90839 6.06763 1.85
      vertex -5.90493 6.68255 1.85
    endloop
  endfacet
  facet normal 0 0 1
    outer loop
      vertex -2.59998 48.15 1.85
      vertex -7.8033 5.3033 1.85
      vertex -6.90839 6.06763 1.85
    endloop
  endfacet
  facet normal -0 0 1
    outer loop
      vertex -62.65 33.15 1.85
      vertex -7.8033 5.3033 1.85
      vertex -2.59998 48.15 1.85
    endloop
  endfacet
  facet normal 0 0 1
    outer loop
      vertex -7.8033 5.3033 1.85
      vertex -62.65 33.15 1.85
      vertex -8.56763 4.40839 1.85
    endloop
  endfacet
  facet normal 0 0 1
    outer loop
      vertex -8.56763 4.40839 1.85
      vertex -62.65 33.15 1.85
      vertex -9.18255 3.40493 1.85
    endloop
  endfacet
  facet normal 0 0 1
    outer loop
      vertex -9.18255 3.40493 1.85
      vertex -62.65 33.15 1.85
      vertex -9.63292 2.31763 1.85
    endloop
  endfacet
  facet normal 0 0 1
    outer loop
      vertex -9.63292 2.31763 1.85
      vertex -62.65 33.15 1.85
      vertex -9.90766 1.17326 1.85
    endloop
  endfacet
  facet normal 0 0 1
    outer loop
      vertex -62.65 33.15 1.85
      vertex -2.59998 48.15 1.85
      vertex -62.65 48.15 1.85
    endloop
  endfacet
  facet normal 0 0 1
    outer loop
      vertex -3.67326 -7.40766 1.85
      vertex -2.59998 -48.15 1.85
      vertex -2.59998 -7.49213 1.85
    endloop
  endfacet
  facet normal 0 0 1
    outer loop
      vertex -4.81763 -7.13292 1.85
      vertex -2.59998 -48.15 1.85
      vertex -3.67326 -7.40766 1.85
    endloop
  endfacet
  facet normal 0 0 1
    outer loop
      vertex -5.90493 -6.68255 1.85
      vertex -2.59998 -48.15 1.85
      vertex -4.81763 -7.13292 1.85
    endloop
  endfacet
  facet normal 0 0 1
    outer loop
      vertex -6.90839 -6.06763 1.85
      vertex -2.59998 -48.15 1.85
      vertex -5.90493 -6.68255 1.85
    endloop
  endfacet
  facet normal 0 0 1
    outer loop
      vertex -7.8033 -5.3033 1.85
      vertex -2.59998 -48.15 1.85
      vertex -6.90839 -6.06763 1.85
    endloop
  endfacet
  facet normal 0 0 1
    outer loop
      vertex -62.65 -33.15 1.85
      vertex -7.8033 -5.3033 1.85
      vertex -8.56763 -4.40839 1.85
    endloop
  endfacet
  facet normal 0 0 1
    outer loop
      vertex -62.65 -33.15 1.85
      vertex -8.56763 -4.40839 1.85
      vertex -9.18255 -3.40493 1.85
    endloop
  endfacet
  facet normal 0 0 1
    outer loop
      vertex -62.65 -33.15 1.85
      vertex -9.18255 -3.40493 1.85
      vertex -9.63292 -2.31763 1.85
    endloop
  endfacet
  facet normal 0 0 1
    outer loop
      vertex -62.65 -33.15 1.85
      vertex -9.63292 -2.31763 1.85
      vertex -9.90766 -1.17326 1.85
    endloop
  endfacet
  facet normal 0 0 1
    outer loop
      vertex -9.90766 1.17326 1.85
      vertex -62.65 33.15 1.85
      vertex -10 0 1.85
    endloop
  endfacet
  facet normal 0 0 1
    outer loop
      vertex -62.65 -33.15 1.85
      vertex -10 0 1.85
      vertex -62.65 33.15 1.85
    endloop
  endfacet
  facet normal 0 0 1
    outer loop
      vertex -10 0 1.85
      vertex -62.65 -33.15 1.85
      vertex -9.90766 -1.17326 1.85
    endloop
  endfacet
  facet normal 0 0 1
    outer loop
      vertex -7.8033 -5.3033 1.85
      vertex -62.65 -33.15 1.85
      vertex -2.59998 -48.15 1.85
    endloop
  endfacet
  facet normal 0 0 1
    outer loop
      vertex -2.59998 -48.15 1.85
      vertex -62.65 -33.15 1.85
      vertex -62.65 -48.15 1.85
    endloop
  endfacet
  facet normal 0 0 1
    outer loop
      vertex -125.05 33.15 1.85
      vertex -133.15 40.0501 1.85
      vertex -125.05 -33.15 1.85
    endloop
  endfacet
  facet normal -0 0 1
    outer loop
      vertex -126.317 48.0503 1.85
      vertex -125.05 33.15 1.85
      vertex -125.05 48.15 1.85
    endloop
  endfacet
  facet normal 0 0 1
    outer loop
      vertex -133.15 -40.0501 1.85
      vertex -125.05 -33.15 1.85
      vertex -133.15 40.0501 1.85
    endloop
  endfacet
  facet normal -0 0 1
    outer loop
      vertex -127.553 47.7536 1.85
      vertex -125.05 33.15 1.85
      vertex -126.317 48.0503 1.85
    endloop
  endfacet
  facet normal 0 -0 1
    outer loop
      vertex -133.05 -41.3171 1.85
      vertex -125.05 -33.15 1.85
      vertex -133.15 -40.0501 1.85
    endloop
  endfacet
  facet normal -0 0 1
    outer loop
      vertex -128.727 47.2672 1.85
      vertex -125.05 33.15 1.85
      vertex -127.553 47.7536 1.85
    endloop
  endfacet
  facet normal -0 0 1
    outer loop
      vertex -129.811 46.603 1.85
      vertex -125.05 33.15 1.85
      vertex -128.727 47.2672 1.85
    endloop
  endfacet
  facet normal 0 0 1
    outer loop
      vertex -125.05 -33.15 1.85
      vertex -126.317 -48.0503 1.85
      vertex -125.05 -48.15 1.85
    endloop
  endfacet
  facet normal -0 0 1
    outer loop
      vertex -130.778 45.7776 1.85
      vertex -125.05 33.15 1.85
      vertex -129.811 46.603 1.85
    endloop
  endfacet
  facet normal 0 0 1
    outer loop
      vertex -125.05 -33.15 1.85
      vertex -127.553 -47.7536 1.85
      vertex -126.317 -48.0503 1.85
    endloop
  endfacet
  facet normal -0 0 1
    outer loop
      vertex -131.603 44.8111 1.85
      vertex -125.05 33.15 1.85
      vertex -130.778 45.7776 1.85
    endloop
  endfacet
  facet normal 0 0 1
    outer loop
      vertex -125.05 -33.15 1.85
      vertex -128.727 -47.2672 1.85
      vertex -127.553 -47.7536 1.85
    endloop
  endfacet
  facet normal -0 0 1
    outer loop
      vertex -132.267 43.7273 1.85
      vertex -125.05 33.15 1.85
      vertex -131.603 44.8111 1.85
    endloop
  endfacet
  facet normal 0 0 1
    outer loop
      vertex -125.05 -33.15 1.85
      vertex -129.811 -46.603 1.85
      vertex -128.727 -47.2672 1.85
    endloop
  endfacet
  facet normal -0 0 1
    outer loop
      vertex -132.754 42.553 1.85
      vertex -125.05 33.15 1.85
      vertex -132.267 43.7273 1.85
    endloop
  endfacet
  facet normal 0 0 1
    outer loop
      vertex -125.05 -33.15 1.85
      vertex -130.778 -45.7776 1.85
      vertex -129.811 -46.603 1.85
    endloop
  endfacet
  facet normal -0 0 1
    outer loop
      vertex -133.05 41.3171 1.85
      vertex -125.05 33.15 1.85
      vertex -132.754 42.553 1.85
    endloop
  endfacet
  facet normal 0 0 1
    outer loop
      vertex -125.05 -33.15 1.85
      vertex -131.603 -44.8111 1.85
      vertex -130.778 -45.7776 1.85
    endloop
  endfacet
  facet normal 0 0 1
    outer loop
      vertex -125.05 33.15 1.85
      vertex -133.05 41.3171 1.85
      vertex -133.15 40.0501 1.85
    endloop
  endfacet
  facet normal 0 0 1
    outer loop
      vertex -125.05 -33.15 1.85
      vertex -132.267 -43.7273 1.85
      vertex -131.603 -44.8111 1.85
    endloop
  endfacet
  facet normal 0 0 1
    outer loop
      vertex -125.05 -33.15 1.85
      vertex -132.754 -42.553 1.85
      vertex -132.267 -43.7273 1.85
    endloop
  endfacet
  facet normal 0 0 1
    outer loop
      vertex -125.05 -33.15 1.85
      vertex -133.05 -41.3171 1.85
      vertex -132.754 -42.553 1.85
    endloop
  endfacet
  facet normal -0 0 1
    outer loop
      vertex -125.05 33.15 1.85
      vertex -123.55 -33.15 1.85
      vertex -123.55 33.15 1.85
    endloop
  endfacet
  facet normal 0 0 1
    outer loop
      vertex -123.55 -33.15 1.85
      vertex -125.05 33.15 1.85
      vertex -125.05 -33.15 1.85
    endloop
  endfacet
  facet normal 0 0 1
    outer loop
      vertex -123.55 33.15 1.85
      vertex -64.15 33.15 1.85
      vertex -64.15 48.15 1.85
    endloop
  endfacet
  facet normal 0 0 1
    outer loop
      vertex -64.15 33.15 1.85
      vertex -123.55 33.15 1.85
      vertex -64.15 -33.15 1.85
    endloop
  endfacet
  facet normal 0 0 1
    outer loop
      vertex -123.55 33.15 1.85
      vertex -64.15 48.15 1.85
      vertex -123.55 48.15 1.85
    endloop
  endfacet
  facet normal 0 0 1
    outer loop
      vertex -123.55 -33.15 1.85
      vertex -64.15 -33.15 1.85
      vertex -123.55 33.15 1.85
    endloop
  endfacet
  facet normal 0 0 1
    outer loop
      vertex -64.15 -33.15 1.85
      vertex -123.55 -33.15 1.85
      vertex -64.15 -48.15 1.85
    endloop
  endfacet
  facet normal 0 0 1
    outer loop
      vertex -64.15 -48.15 1.85
      vertex -123.55 -33.15 1.85
      vertex -123.55 -48.15 1.85
    endloop
  endfacet
  facet normal -0 0 1
    outer loop
      vertex -64.15 33.15 1.85
      vertex -62.65 -33.15 1.85
      vertex -62.65 33.15 1.85
    endloop
  endfacet
  facet normal 0 0 1
    outer loop
      vertex -62.65 -33.15 1.85
      vertex -64.15 33.15 1.85
      vertex -64.15 -33.15 1.85
    endloop
  endfacet
  facet normal 0.649222 -0.760599 0
    outer loop
      vertex -130.778 45.7776 1.85
      vertex -129.811 46.603 62
      vertex -130.778 45.7776 62
    endloop
  endfacet
  facet normal 0.649222 -0.760599 0
    outer loop
      vertex -129.811 46.603 62
      vertex -130.778 45.7776 1.85
      vertex -129.811 46.603 1.85
    endloop
  endfacet
  facet normal 0.760588 -0.649235 0
    outer loop
      vertex -131.603 44.8111 62
      vertex -130.778 45.7776 1.85
      vertex -130.778 45.7776 62
    endloop
  endfacet
  facet normal 0.760588 -0.649235 0
    outer loop
      vertex -130.778 45.7776 1.85
      vertex -131.603 44.8111 62
      vertex -131.603 44.8111 1.85
    endloop
  endfacet
  facet normal 0.522455 -0.852667 0
    outer loop
      vertex -129.811 46.603 1.85
      vertex -128.727 47.2672 62
      vertex -129.811 46.603 62
    endloop
  endfacet
  facet normal 0.522455 -0.852667 0
    outer loop
      vertex -128.727 47.2672 62
      vertex -129.811 46.603 1.85
      vertex -128.727 47.2672 1.85
    endloop
  endfacet
  facet normal 0.923716 -0.383079 0
    outer loop
      vertex -132.754 42.553 62
      vertex -132.267 43.7273 1.85
      vertex -132.267 43.7273 62
    endloop
  endfacet
  facet normal 0.923716 -0.383079 0
    outer loop
      vertex -132.267 43.7273 1.85
      vertex -132.754 42.553 62
      vertex -132.754 42.553 1.85
    endloop
  endfacet
  facet normal 0.0784473 -0.996918 0
    outer loop
      vertex -126.317 48.0503 1.85
      vertex -125.05 48.15 62
      vertex -126.317 48.0503 62
    endloop
  endfacet
  facet normal 0.0784473 -0.996918 0
    outer loop
      vertex -125.05 48.15 62
      vertex -126.317 48.0503 1.85
      vertex -125.05 48.15 1.85
    endloop
  endfacet
  facet normal 0.852694 0.522411 0
    outer loop
      vertex -131.603 -44.8111 62
      vertex -132.267 -43.7273 1.85
      vertex -132.267 -43.7273 62
    endloop
  endfacet
  facet normal 0.852694 0.522411 0
    outer loop
      vertex -132.267 -43.7273 1.85
      vertex -131.603 -44.8111 62
      vertex -131.603 -44.8111 1.85
    endloop
  endfacet
  facet normal 0.9969 0.0786819 0
    outer loop
      vertex -133.05 -41.3171 62
      vertex -133.15 -40.0501 1.85
      vertex -133.15 -40.0501 62
    endloop
  endfacet
  facet normal 0.9969 0.0786819 0
    outer loop
      vertex -133.15 -40.0501 1.85
      vertex -133.05 -41.3171 62
      vertex -133.05 -41.3171 1.85
    endloop
  endfacet
  facet normal 0.9969 -0.0786819 0
    outer loop
      vertex -133.15 40.0501 62
      vertex -133.05 41.3171 1.85
      vertex -133.05 41.3171 62
    endloop
  endfacet
  facet normal 0.9969 -0.0786819 0
    outer loop
      vertex -133.05 41.3171 1.85
      vertex -133.15 40.0501 62
      vertex -133.15 40.0501 1.85
    endloop
  endfacet
  facet normal 0.972497 -0.232915 0
    outer loop
      vertex -133.05 41.3171 62
      vertex -132.754 42.553 1.85
      vertex -132.754 42.553 62
    endloop
  endfacet
  facet normal 0.972497 -0.232915 0
    outer loop
      vertex -132.754 42.553 1.85
      vertex -133.05 41.3171 62
      vertex -133.05 41.3171 1.85
    endloop
  endfacet
  facet normal 0.972497 0.232915 0
    outer loop
      vertex -132.754 -42.553 62
      vertex -133.05 -41.3171 1.85
      vertex -133.05 -41.3171 62
    endloop
  endfacet
  facet normal 0.972497 0.232915 0
    outer loop
      vertex -133.05 -41.3171 1.85
      vertex -132.754 -42.553 62
      vertex -132.754 -42.553 1.85
    endloop
  endfacet
  facet normal 0 -0.919145 0.393919
    outer loop
      vertex -125.05 33.15 1.85
      vertex -123.55 48.15 36.85
      vertex -125.05 48.15 36.85
    endloop
  endfacet
  facet normal 0 -0.919145 0.393919
    outer loop
      vertex -123.55 48.15 36.85
      vertex -125.05 33.15 1.85
      vertex -123.55 33.15 1.85
    endloop
  endfacet
  facet normal -1 0 0
    outer loop
      vertex -125.05 48.15 1.85
      vertex -125.05 33.15 1.85
      vertex -125.05 48.15 36.85
    endloop
  endfacet
  facet normal 1 0 0
    outer loop
      vertex -123.55 48.15 36.85
      vertex -123.55 33.15 1.85
      vertex -123.55 48.15 1.85
    endloop
  endfacet
  facet normal 1 0 0
    outer loop
      vertex -123.55 -48.15 36.85
      vertex -123.55 -48.15 1.85
      vertex -123.55 -33.15 1.85
    endloop
  endfacet
  facet normal -1 0 0
    outer loop
      vertex -125.05 -33.15 1.85
      vertex -125.05 -48.15 1.85
      vertex -125.05 -48.15 36.85
    endloop
  endfacet
  facet normal 0 0.919145 0.393919
    outer loop
      vertex -123.55 -33.15 1.85
      vertex -125.05 -48.15 36.85
      vertex -123.55 -48.15 36.85
    endloop
  endfacet
  facet normal 0 0.919145 0.393919
    outer loop
      vertex -125.05 -48.15 36.85
      vertex -123.55 -33.15 1.85
      vertex -125.05 -33.15 1.85
    endloop
  endfacet
  facet normal 0 -0.919145 0.393919
    outer loop
      vertex -64.15 33.15 1.85
      vertex -62.65 48.15 36.85
      vertex -64.15 48.15 36.85
    endloop
  endfacet
  facet normal 0 -0.919145 0.393919
    outer loop
      vertex -62.65 48.15 36.85
      vertex -64.15 33.15 1.85
      vertex -62.65 33.15 1.85
    endloop
  endfacet
  facet normal -1 0 0
    outer loop
      vertex -64.15 48.15 1.85
      vertex -64.15 33.15 1.85
      vertex -64.15 48.15 36.85
    endloop
  endfacet
  facet normal 1 0 0
    outer loop
      vertex -62.65 48.15 36.85
      vertex -62.65 33.15 1.85
      vertex -62.65 48.15 1.85
    endloop
  endfacet
  facet normal 1 0 0
    outer loop
      vertex -62.65 -48.15 36.85
      vertex -62.65 -48.15 1.85
      vertex -62.65 -33.15 1.85
    endloop
  endfacet
  facet normal -1 0 0
    outer loop
      vertex -64.15 -33.15 1.85
      vertex -64.15 -48.15 1.85
      vertex -64.15 -48.15 36.85
    endloop
  endfacet
  facet normal 0 0.919145 0.393919
    outer loop
      vertex -62.65 -33.15 1.85
      vertex -64.15 -48.15 36.85
      vertex -62.65 -48.15 36.85
    endloop
  endfacet
  facet normal 0 0.919145 0.393919
    outer loop
      vertex -64.15 -48.15 36.85
      vertex -62.65 -33.15 1.85
      vertex -64.15 -33.15 1.85
    endloop
  endfacet
  facet normal -0.996917 0.0784612 0
    outer loop
      vertex -10 0 1.85
      vertex -9.90766 1.17326 62
      vertex -9.90766 1.17326 1.85
    endloop
  endfacet
  facet normal -0.996917 0.0784612 0
    outer loop
      vertex -9.90766 1.17326 62
      vertex -10 0 1.85
      vertex -10 0 62
    endloop
  endfacet
  facet normal 0.0784529 0.996918 0
    outer loop
      vertex -1.45 7.41736 3
      vertex -1.32674 7.40766 3.68673
      vertex -1.32674 7.40766 3.12326
    endloop
  endfacet
  facet normal 0.0784621 0.996917 -1.66792e-06
    outer loop
      vertex -1.32674 7.40766 3.68673
      vertex -1.45 7.41736 3
      vertex -2.5 7.5 3
    endloop
  endfacet
  facet normal 0.0784612 0.996917 0
    outer loop
      vertex -1.32674 7.40766 3.68673
      vertex -2.5 7.5 3
      vertex -2.5 7.5 4.86
    endloop
  endfacet
  facet normal 0.0784612 0.996917 -0
    outer loop
      vertex -1.32674 7.40766 44.2733
      vertex -2.5 7.5 48.9
      vertex -1.32674 7.40766 47.7267
    endloop
  endfacet
  facet normal 0.0784612 0.996917 0
    outer loop
      vertex -2.5 7.5 48.9
      vertex -1.32674 7.40766 44.2733
      vertex -2.5 7.5 43.1
    endloop
  endfacet
  facet normal 0.0784594 0.996917 0
    outer loop
      vertex -2.10001 7.46852 61.5
      vertex -2.5 7.5 61.1
      vertex -2.5 7.5 61.9
    endloop
  endfacet
  facet normal 0.0784612 0.996917 -0
    outer loop
      vertex -1.32674 7.40766 56.2733
      vertex -2.5 7.5 60.9
      vertex -1.32674 7.40766 59.7267
    endloop
  endfacet
  facet normal 0.0784612 0.996917 0
    outer loop
      vertex -2.5 7.5 60.9
      vertex -1.32674 7.40766 56.2733
      vertex -2.5 7.5 55.1
    endloop
  endfacet
  facet normal 0.0784612 0.996917 -0
    outer loop
      vertex -1.32674 7.40766 50.2733
      vertex -2.5 7.5 54.9
      vertex -1.32674 7.40766 53.7267
    endloop
  endfacet
  facet normal 0.0784612 0.996917 0
    outer loop
      vertex -2.5 7.5 54.9
      vertex -1.32674 7.40766 50.2733
      vertex -2.5 7.5 49.1
    endloop
  endfacet
  facet normal -0.64945 0.760404 0
    outer loop
      vertex -6.90839 6.06763 1.85
      vertex -7.8033 5.3033 62
      vertex -6.90839 6.06763 62
    endloop
  endfacet
  facet normal -0.64945 0.760404 0
    outer loop
      vertex -7.8033 5.3033 62
      vertex -6.90839 6.06763 1.85
      vertex -7.8033 5.3033 1.85
    endloop
  endfacet
  facet normal -0.38268 0.923881 0
    outer loop
      vertex -4.81763 7.13292 1.85
      vertex -5.90493 6.68255 62
      vertex -4.81763 7.13292 62
    endloop
  endfacet
  facet normal -0.38268 0.923881 0
    outer loop
      vertex -5.90493 6.68255 62
      vertex -4.81763 7.13292 1.85
      vertex -5.90493 6.68255 1.85
    endloop
  endfacet
  facet normal -0.923881 -0.38268 0
    outer loop
      vertex -9.18255 -3.40493 1.85
      vertex -9.63292 -2.31763 62
      vertex -9.63292 -2.31763 1.85
    endloop
  endfacet
  facet normal -0.923881 -0.38268 0
    outer loop
      vertex -9.63292 -2.31763 62
      vertex -9.18255 -3.40493 1.85
      vertex -9.18255 -3.40493 62
    endloop
  endfacet
  facet normal -0.852641 0.522498 0
    outer loop
      vertex -9.18255 3.40493 1.85
      vertex -8.56763 4.40839 62
      vertex -8.56763 4.40839 1.85
    endloop
  endfacet
  facet normal -0.852641 0.522498 0
    outer loop
      vertex -8.56763 4.40839 62
      vertex -9.18255 3.40493 1.85
      vertex -9.18255 3.40493 62
    endloop
  endfacet
  facet normal -0.760404 0.64945 0
    outer loop
      vertex -8.56763 4.40839 1.85
      vertex -7.8033 5.3033 62
      vertex -7.8033 5.3033 1.85
    endloop
  endfacet
  facet normal -0.760404 0.64945 0
    outer loop
      vertex -7.8033 5.3033 62
      vertex -8.56763 4.40839 1.85
      vertex -8.56763 4.40839 62
    endloop
  endfacet
  facet normal 0 0 1
    outer loop
      vertex -2.59999 7.49213 62
      vertex -3.38385 5.58044 62
      vertex -2.59999 5.64213 62
    endloop
  endfacet
  facet normal -0 0 1
    outer loop
      vertex -3.67326 7.40766 62
      vertex -3.38385 5.58044 62
      vertex -2.59999 7.49213 62
    endloop
  endfacet
  facet normal 0 0 1
    outer loop
      vertex -3.67326 7.40766 62
      vertex -4.24595 5.37347 62
      vertex -3.38385 5.58044 62
    endloop
  endfacet
  facet normal -0 0 1
    outer loop
      vertex -4.81763 7.13292 62
      vertex -4.24595 5.37347 62
      vertex -3.67326 7.40766 62
    endloop
  endfacet
  facet normal 0 0 1
    outer loop
      vertex -4.81763 7.13292 62
      vertex -5.06505 5.03419 62
      vertex -4.24595 5.37347 62
    endloop
  endfacet
  facet normal -0 0 1
    outer loop
      vertex -5.90493 6.68255 62
      vertex -5.06505 5.03419 62
      vertex -4.81763 7.13292 62
    endloop
  endfacet
  facet normal 0 0 1
    outer loop
      vertex -5.06505 5.03419 62
      vertex -5.90493 6.68255 62
      vertex -5.82099 4.57095 62
    endloop
  endfacet
  facet normal -0 0 1
    outer loop
      vertex -6.90839 6.06763 62
      vertex -5.82099 4.57095 62
      vertex -5.90493 6.68255 62
    endloop
  endfacet
  facet normal 0 0 1
    outer loop
      vertex -5.82099 4.57095 62
      vertex -6.90839 6.06763 62
      vertex -6.49515 3.99515 62
    endloop
  endfacet
  facet normal -0 0 1
    outer loop
      vertex -7.8033 5.3033 62
      vertex -6.49515 3.99515 62
      vertex -6.90839 6.06763 62
    endloop
  endfacet
  facet normal 0 0 1
    outer loop
      vertex -6.49515 3.99515 62
      vertex -7.8033 5.3033 62
      vertex -7.07095 3.32099 62
    endloop
  endfacet
  facet normal -0 0 1
    outer loop
      vertex -8.56763 4.40839 62
      vertex -7.07095 3.32099 62
      vertex -7.8033 5.3033 62
    endloop
  endfacet
  facet normal 0 0 1
    outer loop
      vertex -7.07095 3.32099 62
      vertex -8.56763 4.40839 62
      vertex -7.53419 2.56505 62
    endloop
  endfacet
  facet normal -0 0 1
    outer loop
      vertex -9.18255 3.40493 62
      vertex -7.53419 2.56505 62
      vertex -8.56763 4.40839 62
    endloop
  endfacet
  facet normal 0 0 1
    outer loop
      vertex -7.53419 2.56505 62
      vertex -9.18255 3.40493 62
      vertex -7.87347 1.74595 62
    endloop
  endfacet
  facet normal -0 0 1
    outer loop
      vertex -9.63292 2.31763 62
      vertex -7.87347 1.74595 62
      vertex -9.18255 3.40493 62
    endloop
  endfacet
  facet normal 0 0 1
    outer loop
      vertex -3.38385 -5.58044 62
      vertex -2.59999 -7.49213 62
      vertex -2.59999 -5.64213 62
    endloop
  endfacet
  facet normal 0 0 1
    outer loop
      vertex -3.38385 -5.58044 62
      vertex -3.67326 -7.40766 62
      vertex -2.59999 -7.49213 62
    endloop
  endfacet
  facet normal 0 0 1
    outer loop
      vertex -4.24595 -5.37347 62
      vertex -3.67326 -7.40766 62
      vertex -3.38385 -5.58044 62
    endloop
  endfacet
  facet normal 0 0 1
    outer loop
      vertex -4.24595 -5.37347 62
      vertex -4.81763 -7.13292 62
      vertex -3.67326 -7.40766 62
    endloop
  endfacet
  facet normal 0 0 1
    outer loop
      vertex -5.06505 -5.03419 62
      vertex -4.81763 -7.13292 62
      vertex -4.24595 -5.37347 62
    endloop
  endfacet
  facet normal 0 0 1
    outer loop
      vertex -5.90493 -6.68255 62
      vertex -5.06505 -5.03419 62
      vertex -5.82099 -4.57095 62
    endloop
  endfacet
  facet normal 0 0 1
    outer loop
      vertex -5.06505 -5.03419 62
      vertex -5.90493 -6.68255 62
      vertex -4.81763 -7.13292 62
    endloop
  endfacet
  facet normal 0 0 1
    outer loop
      vertex -6.90839 -6.06763 62
      vertex -5.82099 -4.57095 62
      vertex -6.49515 -3.99515 62
    endloop
  endfacet
  facet normal 0 0 1
    outer loop
      vertex -5.82099 -4.57095 62
      vertex -6.90839 -6.06763 62
      vertex -5.90493 -6.68255 62
    endloop
  endfacet
  facet normal 0 0 1
    outer loop
      vertex -7.8033 -5.3033 62
      vertex -6.49515 -3.99515 62
      vertex -7.07095 -3.32099 62
    endloop
  endfacet
  facet normal 0 0 1
    outer loop
      vertex -8.56763 -4.40839 62
      vertex -7.07095 -3.32099 62
      vertex -7.53419 -2.56505 62
    endloop
  endfacet
  facet normal 0 0 1
    outer loop
      vertex -6.49515 -3.99515 62
      vertex -7.8033 -5.3033 62
      vertex -6.90839 -6.06763 62
    endloop
  endfacet
  facet normal 0 0 1
    outer loop
      vertex -9.18255 -3.40493 62
      vertex -7.53419 -2.56505 62
      vertex -7.87347 -1.74595 62
    endloop
  endfacet
  facet normal 0 0 1
    outer loop
      vertex -9.63292 -2.31763 62
      vertex -7.87347 -1.74595 62
      vertex -8.08044 -0.883854 62
    endloop
  endfacet
  facet normal 0 0 1
    outer loop
      vertex -9.90766 -1.17326 62
      vertex -8.08044 -0.883854 62
      vertex -8.15 0 62
    endloop
  endfacet
  facet normal 0 0 1
    outer loop
      vertex -7.87347 1.74595 62
      vertex -9.63292 2.31763 62
      vertex -8.08044 0.883854 62
    endloop
  endfacet
  facet normal 0 0 1
    outer loop
      vertex -7.07095 -3.32099 62
      vertex -8.56763 -4.40839 62
      vertex -7.8033 -5.3033 62
    endloop
  endfacet
  facet normal -0 0 1
    outer loop
      vertex -9.90766 1.17326 62
      vertex -8.08044 0.883854 62
      vertex -9.63292 2.31763 62
    endloop
  endfacet
  facet normal 0 0 1
    outer loop
      vertex -7.53419 -2.56505 62
      vertex -9.18255 -3.40493 62
      vertex -8.56763 -4.40839 62
    endloop
  endfacet
  facet normal 0 0 1
    outer loop
      vertex -8.08044 0.883854 62
      vertex -9.90766 1.17326 62
      vertex -8.15 0 62
    endloop
  endfacet
  facet normal 0 0 1
    outer loop
      vertex -7.87347 -1.74595 62
      vertex -9.63292 -2.31763 62
      vertex -9.18255 -3.40493 62
    endloop
  endfacet
  facet normal 0 0 1
    outer loop
      vertex -10 0 62
      vertex -8.15 0 62
      vertex -9.90766 1.17326 62
    endloop
  endfacet
  facet normal 0 0 1
    outer loop
      vertex -8.08044 -0.883854 62
      vertex -9.90766 -1.17326 62
      vertex -9.63292 -2.31763 62
    endloop
  endfacet
  facet normal 0 0 1
    outer loop
      vertex -8.15 0 62
      vertex -10 0 62
      vertex -9.90766 -1.17326 62
    endloop
  endfacet
  facet normal -0.522498 0.852641 0
    outer loop
      vertex -5.90493 6.68255 1.85
      vertex -6.90839 6.06763 62
      vertex -5.90493 6.68255 62
    endloop
  endfacet
  facet normal -0.522498 0.852641 0
    outer loop
      vertex -6.90839 6.06763 62
      vertex -5.90493 6.68255 1.85
      vertex -6.90839 6.06763 1.85
    endloop
  endfacet
  facet normal -0.0784652 0.996917 0
    outer loop
      vertex -2.5 7.5 43
      vertex -2.5 7.5 4.95999
      vertex -2.59999 7.49213 43
    endloop
  endfacet
  facet normal -0.0784652 0.996917 0
    outer loop
      vertex -2.59999 7.49213 61
      vertex -2.59999 7.49213 62
      vertex -2.5 7.5 61.9
    endloop
  endfacet
  facet normal -0.0784652 0.996917 0
    outer loop
      vertex -2.59999 7.49213 61
      vertex -2.5 7.5 61.9
      vertex -2.5 7.5 61.1
    endloop
  endfacet
  facet normal -0.0784608 0.996917 0
    outer loop
      vertex -2.59999 7.49213 62
      vertex -2.59999 7.49213 61
      vertex -3.67326 7.40766 62
    endloop
  endfacet
  facet normal -0.0784652 0.996917 0
    outer loop
      vertex -2.59999 7.49213 55
      vertex -2.59999 7.49213 61
      vertex -2.5 7.5 60.9
    endloop
  endfacet
  facet normal -0.0784652 0.996917 0
    outer loop
      vertex -2.59999 7.49213 55
      vertex -2.5 7.5 60.9
      vertex -2.5 7.5 55.1
    endloop
  endfacet
  facet normal -0.0784608 0.996917 0
    outer loop
      vertex -2.59999 7.49213 61
      vertex -2.59999 7.49213 55
      vertex -3.67326 7.40766 62
    endloop
  endfacet
  facet normal -0.0784652 0.996917 0
    outer loop
      vertex -2.5 7.5 49.1
      vertex -2.59999 7.49213 55
      vertex -2.5 7.5 54.9
    endloop
  endfacet
  facet normal -0.0784652 0.996917 0
    outer loop
      vertex -2.59999 7.49213 49
      vertex -2.59999 7.49213 55
      vertex -2.5 7.5 49.1
    endloop
  endfacet
  facet normal -0.0784608 0.996917 0
    outer loop
      vertex -2.59999 7.49213 55
      vertex -2.59999 7.49213 49
      vertex -3.67326 7.40766 62
    endloop
  endfacet
  facet normal -0.0784652 0.996917 0
    outer loop
      vertex -2.5 7.5 43.1
      vertex -2.59999 7.49213 49
      vertex -2.5 7.5 48.9
    endloop
  endfacet
  facet normal -0.0784652 0.996917 0
    outer loop
      vertex -2.59999 7.49213 43
      vertex -2.59999 7.49213 49
      vertex -2.5 7.5 43.1
    endloop
  endfacet
  facet normal -0.0784608 0.996917 0
    outer loop
      vertex -2.59999 7.49213 49
      vertex -2.59999 7.49213 43
      vertex -3.67326 7.40766 62
    endloop
  endfacet
  facet normal -0.0784652 0.996917 0
    outer loop
      vertex -2.59999 7.49213 4.95999
      vertex -2.59999 7.49213 43
      vertex -2.5 7.5 4.95999
    endloop
  endfacet
  facet normal -0.0784608 0.996917 0
    outer loop
      vertex -3.67326 7.40766 1.85
      vertex -2.59999 7.49213 43
      vertex -2.59999 7.49213 4.95999
    endloop
  endfacet
  facet normal -0.0785069 0.996914 0
    outer loop
      vertex -2.54 7.49685 3
      vertex -2.5 7.5 4.86
      vertex -2.5 7.5 3
    endloop
  endfacet
  facet normal -0.0784661 0.996917 -8.84196e-07
    outer loop
      vertex -2.5 7.5 4.86
      vertex -2.54 7.49685 3
      vertex -2.59999 7.49213 4.95999
    endloop
  endfacet
  facet normal -0.0784595 0.996917 0
    outer loop
      vertex -3.67326 7.40766 1.85
      vertex -2.54 7.49685 3
      vertex -2.54 7.49685 1.90998
    endloop
  endfacet
  facet normal -0.07846 0.996917 9.7407e-06
    outer loop
      vertex -3.67326 7.40766 1.85
      vertex -2.54 7.49685 1.90998
      vertex -2.59998 7.49213 1.85
    endloop
  endfacet
  facet normal -0.0784589 0.996917 -6.62053e-07
    outer loop
      vertex -2.54 7.49685 3
      vertex -3.67326 7.40766 1.85
      vertex -2.59999 7.49213 4.95999
    endloop
  endfacet
  facet normal -0.0784608 0.996917 0
    outer loop
      vertex -2.59999 7.49213 43
      vertex -3.67326 7.40766 1.85
      vertex -3.67326 7.40766 62
    endloop
  endfacet
  facet normal 0.0784612 -0.996917 0
    outer loop
      vertex -2.5 -7.5 4.86
      vertex -1.32674 -7.40766 3.12326
      vertex -1.32674 -7.40766 3.68673
    endloop
  endfacet
  facet normal 0.0784612 -0.996917 0
    outer loop
      vertex -1.32674 -7.40766 3.12326
      vertex -2.5 -7.5 4.86
      vertex -2.5 -7.5 1.94998
    endloop
  endfacet
  facet normal 0.0784612 -0.996917 0
    outer loop
      vertex -2.5 -7.5 48.9
      vertex -1.32674 -7.40766 44.2733
      vertex -1.32674 -7.40766 47.7267
    endloop
  endfacet
  facet normal 0.0784612 -0.996917 0
    outer loop
      vertex -1.32674 -7.40766 44.2733
      vertex -2.5 -7.5 48.9
      vertex -2.5 -7.5 43.1
    endloop
  endfacet
  facet normal 0.0784594 -0.996917 0
    outer loop
      vertex -2.5 -7.5 61.9
      vertex -2.5 -7.5 61.1
      vertex -2.10001 -7.46852 61.5
    endloop
  endfacet
  facet normal 0.0784612 -0.996917 0
    outer loop
      vertex -2.5 -7.5 60.9
      vertex -1.32674 -7.40766 56.2733
      vertex -1.32674 -7.40766 59.7267
    endloop
  endfacet
  facet normal 0.0784612 -0.996917 0
    outer loop
      vertex -1.32674 -7.40766 56.2733
      vertex -2.5 -7.5 60.9
      vertex -2.5 -7.5 55.1
    endloop
  endfacet
  facet normal 0.0784612 -0.996917 0
    outer loop
      vertex -2.5 -7.5 54.9
      vertex -1.32674 -7.40766 50.2733
      vertex -1.32674 -7.40766 53.7267
    endloop
  endfacet
  facet normal 0.0784612 -0.996917 0
    outer loop
      vertex -1.32674 -7.40766 50.2733
      vertex -2.5 -7.5 54.9
      vertex -2.5 -7.5 49.1
    endloop
  endfacet
  facet normal -0.64945 -0.760404 0
    outer loop
      vertex -7.8033 -5.3033 1.85
      vertex -6.90839 -6.06763 62
      vertex -7.8033 -5.3033 62
    endloop
  endfacet
  facet normal -0.64945 -0.760404 -0
    outer loop
      vertex -6.90839 -6.06763 62
      vertex -7.8033 -5.3033 1.85
      vertex -6.90839 -6.06763 1.85
    endloop
  endfacet
  facet normal -0.852641 -0.522498 0
    outer loop
      vertex -8.56763 -4.40839 1.85
      vertex -9.18255 -3.40493 62
      vertex -9.18255 -3.40493 1.85
    endloop
  endfacet
  facet normal -0.852641 -0.522498 0
    outer loop
      vertex -9.18255 -3.40493 62
      vertex -8.56763 -4.40839 1.85
      vertex -8.56763 -4.40839 62
    endloop
  endfacet
  facet normal -0.996917 -0.0784612 0
    outer loop
      vertex -9.90766 -1.17326 1.85
      vertex -10 0 62
      vertex -10 0 1.85
    endloop
  endfacet
  facet normal -0.996917 -0.0784612 0
    outer loop
      vertex -10 0 62
      vertex -9.90766 -1.17326 1.85
      vertex -9.90766 -1.17326 62
    endloop
  endfacet
  facet normal 0.382678 0.923882 0
    outer loop
      vertex 0.399994 6.8917 46
      vertex -0.182373 7.13292 45.4176
      vertex -0.182373 7.13292 46.5824
    endloop
  endfacet
  facet normal 0.382678 0.923882 0
    outer loop
      vertex 0.399994 6.8917 58
      vertex -0.182373 7.13292 57.4176
      vertex -0.182373 7.13292 58.5824
    endloop
  endfacet
  facet normal 0.382678 0.923882 0
    outer loop
      vertex 0.399994 6.8917 52
      vertex -0.182373 7.13292 51.4176
      vertex -0.182373 7.13292 52.5824
    endloop
  endfacet
  facet normal 0.233454 0.972368 0
    outer loop
      vertex -1.04501 7.34002 3.405
      vertex -1.32674 7.40766 3.12326
      vertex -1.32674 7.40766 3.68673
    endloop
  endfacet
  facet normal 0.233447 0.97237 -0
    outer loop
      vertex -0.182373 7.13292 45.4176
      vertex -1.32674 7.40766 47.7267
      vertex -0.182373 7.13292 46.5824
    endloop
  endfacet
  facet normal 0.233447 0.97237 0
    outer loop
      vertex -1.32674 7.40766 47.7267
      vertex -0.182373 7.13292 45.4176
      vertex -1.32674 7.40766 44.2733
    endloop
  endfacet
  facet normal 0.233447 0.97237 -0
    outer loop
      vertex -0.182373 7.13292 57.4176
      vertex -1.32674 7.40766 59.7267
      vertex -0.182373 7.13292 58.5824
    endloop
  endfacet
  facet normal 0.233447 0.97237 0
    outer loop
      vertex -1.32674 7.40766 59.7267
      vertex -0.182373 7.13292 57.4176
      vertex -1.32674 7.40766 56.2733
    endloop
  endfacet
  facet normal 0.233447 0.97237 -0
    outer loop
      vertex -0.182373 7.13292 51.4176
      vertex -1.32674 7.40766 53.7267
      vertex -0.182373 7.13292 52.5824
    endloop
  endfacet
  facet normal 0.233447 0.97237 0
    outer loop
      vertex -1.32674 7.40766 53.7267
      vertex -0.182373 7.13292 51.4176
      vertex -1.32674 7.40766 50.2733
    endloop
  endfacet
  facet normal -0.923881 0.38268 0
    outer loop
      vertex -9.63292 2.31763 1.85
      vertex -9.18255 3.40493 62
      vertex -9.18255 3.40493 1.85
    endloop
  endfacet
  facet normal -0.923881 0.38268 0
    outer loop
      vertex -9.18255 3.40493 62
      vertex -9.63292 2.31763 1.85
      vertex -9.63292 2.31763 62
    endloop
  endfacet
  facet normal -0.97237 0.233446 0
    outer loop
      vertex -9.90766 1.17326 1.85
      vertex -9.63292 2.31763 62
      vertex -9.63292 2.31763 1.85
    endloop
  endfacet
  facet normal -0.97237 0.233446 0
    outer loop
      vertex -9.63292 2.31763 62
      vertex -9.90766 1.17326 1.85
      vertex -9.90766 1.17326 62
    endloop
  endfacet
  facet normal -0.233446 0.97237 0
    outer loop
      vertex -3.67326 7.40766 1.85
      vertex -4.81763 7.13292 62
      vertex -3.67326 7.40766 62
    endloop
  endfacet
  facet normal -0.233446 0.97237 0
    outer loop
      vertex -4.81763 7.13292 62
      vertex -3.67326 7.40766 1.85
      vertex -4.81763 7.13292 1.85
    endloop
  endfacet
  facet normal 0.233454 -0.972368 0
    outer loop
      vertex -1.32674 -7.40766 3.68673
      vertex -1.32674 -7.40766 3.12326
      vertex -1.04501 -7.34002 3.405
    endloop
  endfacet
  facet normal 0.233447 -0.97237 0
    outer loop
      vertex -1.32674 -7.40766 47.7267
      vertex -0.182373 -7.13292 45.4176
      vertex -0.182373 -7.13292 46.5824
    endloop
  endfacet
  facet normal 0.233447 -0.97237 0
    outer loop
      vertex -0.182373 -7.13292 45.4176
      vertex -1.32674 -7.40766 47.7267
      vertex -1.32674 -7.40766 44.2733
    endloop
  endfacet
  facet normal 0.233447 -0.97237 0
    outer loop
      vertex -1.32674 -7.40766 59.7267
      vertex -0.182373 -7.13292 57.4176
      vertex -0.182373 -7.13292 58.5824
    endloop
  endfacet
  facet normal 0.233447 -0.97237 0
    outer loop
      vertex -0.182373 -7.13292 57.4176
      vertex -1.32674 -7.40766 59.7267
      vertex -1.32674 -7.40766 56.2733
    endloop
  endfacet
  facet normal 0.233447 -0.97237 0
    outer loop
      vertex -1.32674 -7.40766 53.7267
      vertex -0.182373 -7.13292 51.4176
      vertex -0.182373 -7.13292 52.5824
    endloop
  endfacet
  facet normal 0.233447 -0.97237 0
    outer loop
      vertex -0.182373 -7.13292 51.4176
      vertex -1.32674 -7.40766 53.7267
      vertex -1.32674 -7.40766 50.2733
    endloop
  endfacet
  facet normal -0.522498 -0.852641 0
    outer loop
      vertex -6.90839 -6.06763 1.85
      vertex -5.90493 -6.68255 62
      vertex -6.90839 -6.06763 62
    endloop
  endfacet
  facet normal -0.522498 -0.852641 -0
    outer loop
      vertex -5.90493 -6.68255 62
      vertex -6.90839 -6.06763 1.85
      vertex -5.90493 -6.68255 1.85
    endloop
  endfacet
  facet normal -0.38268 -0.923881 0
    outer loop
      vertex -5.90493 -6.68255 1.85
      vertex -4.81763 -7.13292 62
      vertex -5.90493 -6.68255 62
    endloop
  endfacet
  facet normal -0.38268 -0.923881 -0
    outer loop
      vertex -4.81763 -7.13292 62
      vertex -5.90493 -6.68255 1.85
      vertex -4.81763 -7.13292 1.85
    endloop
  endfacet
  facet normal -0.0784608 -0.996917 0
    outer loop
      vertex -2.59999 -7.49213 61
      vertex -2.59999 -7.49213 62
      vertex -3.67326 -7.40766 62
    endloop
  endfacet
  facet normal -0.0784652 -0.996917 -0
    outer loop
      vertex -2.59999 -7.49213 62
      vertex -2.59999 -7.49213 61
      vertex -2.5 -7.5 61.9
    endloop
  endfacet
  facet normal -0.0784652 -0.996917 -0
    outer loop
      vertex -2.5 -7.5 61.9
      vertex -2.59999 -7.49213 61
      vertex -2.5 -7.5 61.1
    endloop
  endfacet
  facet normal -0.0784608 -0.996917 0
    outer loop
      vertex -2.59999 -7.49213 55
      vertex -2.59999 -7.49213 61
      vertex -3.67326 -7.40766 62
    endloop
  endfacet
  facet normal -0.0784652 -0.996917 -0
    outer loop
      vertex -2.59999 -7.49213 61
      vertex -2.59999 -7.49213 55
      vertex -2.5 -7.5 60.9
    endloop
  endfacet
  facet normal -0.0784652 -0.996917 -0
    outer loop
      vertex -2.5 -7.5 60.9
      vertex -2.59999 -7.49213 55
      vertex -2.5 -7.5 55.1
    endloop
  endfacet
  facet normal -0.0784652 -0.996917 0
    outer loop
      vertex -2.59999 -7.49213 55
      vertex -2.5 -7.5 49.1
      vertex -2.5 -7.5 54.9
    endloop
  endfacet
  facet normal -0.0784608 -0.996917 0
    outer loop
      vertex -2.59999 -7.49213 49
      vertex -2.59999 -7.49213 55
      vertex -3.67326 -7.40766 62
    endloop
  endfacet
  facet normal -0.0784652 -0.996917 -0
    outer loop
      vertex -2.59999 -7.49213 55
      vertex -2.59999 -7.49213 49
      vertex -2.5 -7.5 49.1
    endloop
  endfacet
  facet normal -0.0784652 -0.996917 0
    outer loop
      vertex -2.59999 -7.49213 49
      vertex -2.5 -7.5 43.1
      vertex -2.5 -7.5 48.9
    endloop
  endfacet
  facet normal -0.0784608 -0.996917 0
    outer loop
      vertex -2.59999 -7.49213 43
      vertex -2.59999 -7.49213 49
      vertex -3.67326 -7.40766 62
    endloop
  endfacet
  facet normal -0.0784652 -0.996917 -0
    outer loop
      vertex -2.59999 -7.49213 49
      vertex -2.59999 -7.49213 43
      vertex -2.5 -7.5 43.1
    endloop
  endfacet
  facet normal -0.0784652 -0.996917 -0
    outer loop
      vertex -2.59999 -7.49213 43
      vertex -2.59999 -7.49213 4.95999
      vertex -2.5 -7.5 43
    endloop
  endfacet
  facet normal -0.0784608 -0.996917 0
    outer loop
      vertex -3.67326 -7.40766 1.85
      vertex -2.59999 -7.49213 43
      vertex -3.67326 -7.40766 62
    endloop
  endfacet
  facet normal -0.0784641 -0.996917 1.14305e-06
    outer loop
      vertex -3.67326 -7.40766 1.85
      vertex -2.5 -7.5 4.86
      vertex -2.59999 -7.49213 4.95999
    endloop
  endfacet
  facet normal -0.0784608 -0.996917 -0
    outer loop
      vertex -2.59999 -7.49213 43
      vertex -3.67326 -7.40766 1.85
      vertex -2.59999 -7.49213 4.95999
    endloop
  endfacet
  facet normal -0.0784612 -0.996917 -0
    outer loop
      vertex -2.5 -7.5 4.86
      vertex -3.67326 -7.40766 1.85
      vertex -2.5 -7.5 1.94998
    endloop
  endfacet
  facet normal -0.07846 -0.996917 -1.30344e-05
    outer loop
      vertex -2.5 -7.5 1.94998
      vertex -3.67326 -7.40766 1.85
      vertex -2.59998 -7.49213 1.85
    endloop
  endfacet
  facet normal -0.0784652 -0.996917 -0
    outer loop
      vertex -2.5 -7.5 43
      vertex -2.59999 -7.49213 4.95999
      vertex -2.5 -7.5 4.95999
    endloop
  endfacet
  facet normal -0.760404 -0.64945 0
    outer loop
      vertex -7.8033 -5.3033 1.85
      vertex -8.56763 -4.40839 62
      vertex -8.56763 -4.40839 1.85
    endloop
  endfacet
  facet normal -0.760404 -0.64945 0
    outer loop
      vertex -8.56763 -4.40839 62
      vertex -7.8033 -5.3033 1.85
      vertex -7.8033 -5.3033 62
    endloop
  endfacet
  facet normal -0.97237 -0.233446 0
    outer loop
      vertex -9.63292 -2.31763 1.85
      vertex -9.90766 -1.17326 62
      vertex -9.90766 -1.17326 1.85
    endloop
  endfacet
  facet normal -0.97237 -0.233446 0
    outer loop
      vertex -9.90766 -1.17326 62
      vertex -9.63292 -2.31763 1.85
      vertex -9.63292 -2.31763 62
    endloop
  endfacet
  facet normal 0.382678 -0.923882 0
    outer loop
      vertex -0.182373 -7.13292 46.5824
      vertex -0.182373 -7.13292 45.4176
      vertex 0.399994 -6.8917 46
    endloop
  endfacet
  facet normal 0.382678 -0.923882 0
    outer loop
      vertex -0.182373 -7.13292 58.5824
      vertex -0.182373 -7.13292 57.4176
      vertex 0.399994 -6.8917 58
    endloop
  endfacet
  facet normal 0.382678 -0.923882 0
    outer loop
      vertex -0.182373 -7.13292 52.5824
      vertex -0.182373 -7.13292 51.4176
      vertex 0.399994 -6.8917 52
    endloop
  endfacet
  facet normal -0.233446 -0.97237 0
    outer loop
      vertex -4.81763 -7.13292 1.85
      vertex -3.67326 -7.40766 62
      vertex -4.81763 -7.13292 62
    endloop
  endfacet
  facet normal -0.233446 -0.97237 -0
    outer loop
      vertex -3.67326 -7.40766 62
      vertex -4.81763 -7.13292 1.85
      vertex -3.67326 -7.40766 1.85
    endloop
  endfacet
  facet normal 0.996917 -0.0784582 0
    outer loop
      vertex -8.15 0 62
      vertex -8.08044 0.883854 0
      vertex -8.08044 0.883854 62
    endloop
  endfacet
  facet normal 0.996917 -0.0784582 0
    outer loop
      vertex -8.08044 0.883854 0
      vertex -8.15 0 62
      vertex -8.15 0 0
    endloop
  endfacet
  facet normal -0.0784585 -0.996917 0
    outer loop
      vertex -2.5 5.65 3
      vertex -1.61615 5.58044 3.97614
      vertex -2.5 5.65 4.86
    endloop
  endfacet
  facet normal -0.0784585 -0.996917 0
    outer loop
      vertex -2.5 5.65 3
      vertex -1.61615 5.58044 2.83385
      vertex -1.61615 5.58044 3.97614
    endloop
  endfacet
  facet normal -0.0784585 -0.996917 0
    outer loop
      vertex -1.61615 5.58044 2.83385
      vertex -2.5 5.65 3
      vertex -2.5 5.65 1.94998
    endloop
  endfacet
  facet normal -0.0784585 -0.996917 0
    outer loop
      vertex -2.5 5.65 48.9
      vertex -1.61615 5.58044 43.9838
      vertex -1.61615 5.58044 48.0162
    endloop
  endfacet
  facet normal -0.0784585 -0.996917 0
    outer loop
      vertex -1.61615 5.58044 43.9838
      vertex -2.5 5.65 48.9
      vertex -2.5 5.65 43.1
    endloop
  endfacet
  facet normal -0.0784594 -0.996917 0
    outer loop
      vertex -2.10001 5.61852 61.5
      vertex -2.5 5.65 61.9
      vertex -2.5 5.65 61.1
    endloop
  endfacet
  facet normal -0.0784585 -0.996917 0
    outer loop
      vertex -2.5 5.65 60.9
      vertex -1.61615 5.58044 55.9838
      vertex -1.61615 5.58044 60.0162
    endloop
  endfacet
  facet normal -0.0784585 -0.996917 0
    outer loop
      vertex -1.61615 5.58044 55.9838
      vertex -2.5 5.65 60.9
      vertex -2.5 5.65 55.1
    endloop
  endfacet
  facet normal -0.0784585 -0.996917 0
    outer loop
      vertex -2.5 5.65 54.9
      vertex -1.61615 5.58044 49.9838
      vertex -1.61615 5.58044 54.0162
    endloop
  endfacet
  facet normal -0.0784585 -0.996917 0
    outer loop
      vertex -1.61615 5.58044 49.9838
      vertex -2.5 5.65 54.9
      vertex -2.5 5.65 49.1
    endloop
  endfacet
  facet normal 0.0784652 0.996917 0
    outer loop
      vertex -2.5 -5.65 1.84999
      vertex -2.5 -5.65 0
      vertex -2.59999 -5.64213 1.84999
    endloop
  endfacet
  facet normal 0.0784652 0.996917 0
    outer loop
      vertex -2.5 -5.65 43
      vertex -2.5 -5.65 4.95999
      vertex -2.59999 -5.64213 43
    endloop
  endfacet
  facet normal 0.0784577 0.996917 -7.56851e-06
    outer loop
      vertex -2.5 -5.65 61.9
      vertex -3.38385 -5.58044 62
      vertex -2.59999 -5.64213 62
    endloop
  endfacet
  facet normal 0.0784585 0.996917 -0
    outer loop
      vertex -2.5 -5.65 61.1
      vertex -3.38385 -5.58044 62
      vertex -2.5 -5.65 61.9
    endloop
  endfacet
  facet normal 0.0784619 0.996917 3.32593e-06
    outer loop
      vertex -2.59999 -5.64213 61
      vertex -3.38385 -5.58044 62
      vertex -2.5 -5.65 61.1
    endloop
  endfacet
  facet normal 0.0784652 0.996917 -0
    outer loop
      vertex -2.5 -5.65 55.1
      vertex -2.59999 -5.64213 61
      vertex -2.5 -5.65 60.9
    endloop
  endfacet
  facet normal 0.0784652 0.996917 -0
    outer loop
      vertex -2.59999 -5.64213 55
      vertex -2.59999 -5.64213 61
      vertex -2.5 -5.65 55.1
    endloop
  endfacet
  facet normal 0.0784577 0.996917 0
    outer loop
      vertex -2.59999 -5.64213 61
      vertex -2.59999 -5.64213 55
      vertex -3.38385 -5.58044 62
    endloop
  endfacet
  facet normal 0.0784652 0.996917 -0
    outer loop
      vertex -2.5 -5.65 49.1
      vertex -2.59999 -5.64213 55
      vertex -2.5 -5.65 54.9
    endloop
  endfacet
  facet normal 0.0784652 0.996917 -0
    outer loop
      vertex -2.59999 -5.64213 49
      vertex -2.59999 -5.64213 55
      vertex -2.5 -5.65 49.1
    endloop
  endfacet
  facet normal 0.0784577 0.996917 0
    outer loop
      vertex -2.59999 -5.64213 55
      vertex -2.59999 -5.64213 49
      vertex -3.38385 -5.58044 62
    endloop
  endfacet
  facet normal 0.0784652 0.996917 -0
    outer loop
      vertex -2.5 -5.65 43.1
      vertex -2.59999 -5.64213 49
      vertex -2.5 -5.65 48.9
    endloop
  endfacet
  facet normal 0.0784652 0.996917 -0
    outer loop
      vertex -2.59999 -5.64213 43
      vertex -2.59999 -5.64213 49
      vertex -2.5 -5.65 43.1
    endloop
  endfacet
  facet normal 0.0784577 0.996917 0
    outer loop
      vertex -2.59999 -5.64213 49
      vertex -2.59999 -5.64213 43
      vertex -3.38385 -5.58044 62
    endloop
  endfacet
  facet normal 0.0784652 0.996917 -0
    outer loop
      vertex -2.59999 -5.64213 4.95999
      vertex -2.59999 -5.64213 43
      vertex -2.5 -5.65 4.95999
    endloop
  endfacet
  facet normal 0.0784577 0.996917 0
    outer loop
      vertex -3.38385 -5.58044 0
      vertex -2.59999 -5.64213 43
      vertex -2.59999 -5.64213 4.95999
    endloop
  endfacet
  facet normal 0.0784652 0.996917 -0
    outer loop
      vertex -2.5 -5.65 1.94998
      vertex -2.59999 -5.64213 4.95999
      vertex -2.5 -5.65 4.86
    endloop
  endfacet
  facet normal 0.0784652 0.996917 -0
    outer loop
      vertex -2.59999 -5.64213 1.84999
      vertex -2.59999 -5.64213 4.95999
      vertex -2.5 -5.65 1.94998
    endloop
  endfacet
  facet normal 0.0784577 0.996917 0
    outer loop
      vertex -3.38385 -5.58044 0
      vertex -2.59999 -5.64213 4.95999
      vertex -2.59999 -5.64213 1.84999
    endloop
  endfacet
  facet normal 0.0784577 0.996917 0
    outer loop
      vertex -2.59999 -5.64213 43
      vertex -3.38385 -5.58044 0
      vertex -3.38385 -5.58044 62
    endloop
  endfacet
  facet normal 0.0784585 0.996917 -3.62828e-07
    outer loop
      vertex -3.38385 -5.58044 0
      vertex -2.59999 -5.64213 1.84999
      vertex -2.5 -5.65 0
    endloop
  endfacet
  facet normal 0.760399 0.649457 0
    outer loop
      vertex -6.49515 -3.99515 62
      vertex -7.07095 -3.32099 0
      vertex -7.07095 -3.32099 62
    endloop
  endfacet
  facet normal 0.760399 0.649457 0
    outer loop
      vertex -7.07095 -3.32099 0
      vertex -6.49515 -3.99515 62
      vertex -6.49515 -3.99515 0
    endloop
  endfacet
  facet normal 0.649457 -0.760399 0
    outer loop
      vertex -6.49515 3.99515 0
      vertex -5.82099 4.57095 62
      vertex -6.49515 3.99515 62
    endloop
  endfacet
  facet normal 0.649457 -0.760399 0
    outer loop
      vertex -5.82099 4.57095 62
      vertex -6.49515 3.99515 0
      vertex -5.82099 4.57095 0
    endloop
  endfacet
  facet normal 0.382681 -0.92388 0
    outer loop
      vertex -5.06505 5.03419 0
      vertex -4.24595 5.37347 62
      vertex -5.06505 5.03419 62
    endloop
  endfacet
  facet normal 0.382681 -0.92388 0
    outer loop
      vertex -4.24595 5.37347 62
      vertex -5.06505 5.03419 0
      vertex -4.24595 5.37347 0
    endloop
  endfacet
  facet normal -0.382681 -0.923881 0
    outer loop
      vertex -0.754054 5.37347 47.1541
      vertex 0.0650463 5.03419 45.6651
      vertex 0.0650463 5.03419 46.3349
    endloop
  endfacet
  facet normal -0.382681 -0.923881 0
    outer loop
      vertex 0.0650463 5.03419 45.6651
      vertex -0.754054 5.37347 47.1541
      vertex -0.754054 5.37347 44.8459
    endloop
  endfacet
  facet normal -0.382681 -0.923881 0
    outer loop
      vertex -0.754054 5.37347 59.1541
      vertex 0.0650463 5.03419 57.6651
      vertex 0.0650463 5.03419 58.3349
    endloop
  endfacet
  facet normal -0.382681 -0.923881 0
    outer loop
      vertex 0.0650463 5.03419 57.6651
      vertex -0.754054 5.37347 59.1541
      vertex -0.754054 5.37347 56.8459
    endloop
  endfacet
  facet normal -0.382681 -0.923881 0
    outer loop
      vertex -0.754054 5.37347 53.1541
      vertex 0.0650463 5.03419 51.6651
      vertex 0.0650463 5.03419 52.3349
    endloop
  endfacet
  facet normal -0.382681 -0.923881 0
    outer loop
      vertex 0.0650463 5.03419 51.6651
      vertex -0.754054 5.37347 53.1541
      vertex -0.754054 5.37347 50.8459
    endloop
  endfacet
  facet normal -0.233448 -0.972369 0
    outer loop
      vertex -1.04501 5.44332 3.405
      vertex -1.61615 5.58044 3.97614
      vertex -1.61615 5.58044 2.83385
    endloop
  endfacet
  facet normal -0.233444 -0.97237 0
    outer loop
      vertex -1.61615 5.58044 48.0162
      vertex -0.754054 5.37347 44.8459
      vertex -0.754054 5.37347 47.1541
    endloop
  endfacet
  facet normal -0.233444 -0.97237 0
    outer loop
      vertex -0.754054 5.37347 44.8459
      vertex -1.61615 5.58044 48.0162
      vertex -1.61615 5.58044 43.9838
    endloop
  endfacet
  facet normal -0.233444 -0.97237 0
    outer loop
      vertex -1.61615 5.58044 60.0162
      vertex -0.754054 5.37347 56.8459
      vertex -0.754054 5.37347 59.1541
    endloop
  endfacet
  facet normal -0.233444 -0.97237 0
    outer loop
      vertex -0.754054 5.37347 56.8459
      vertex -1.61615 5.58044 60.0162
      vertex -1.61615 5.58044 55.9838
    endloop
  endfacet
  facet normal -0.233444 -0.97237 0
    outer loop
      vertex -1.61615 5.58044 54.0162
      vertex -0.754054 5.37347 50.8459
      vertex -0.754054 5.37347 53.1541
    endloop
  endfacet
  facet normal -0.233444 -0.97237 0
    outer loop
      vertex -0.754054 5.37347 50.8459
      vertex -1.61615 5.58044 54.0162
      vertex -1.61615 5.58044 49.9838
    endloop
  endfacet
  facet normal -0.522506 -0.852636 0
    outer loop
      vertex 0.399994 4.82893 46
      vertex 0.0650463 5.03419 46.3349
      vertex 0.0650463 5.03419 45.6651
    endloop
  endfacet
  facet normal -0.522506 -0.852636 0
    outer loop
      vertex 0.399994 4.82893 58
      vertex 0.0650463 5.03419 58.3349
      vertex 0.0650463 5.03419 57.6651
    endloop
  endfacet
  facet normal -0.522506 -0.852636 0
    outer loop
      vertex 0.399994 4.82893 52
      vertex 0.0650463 5.03419 52.3349
      vertex 0.0650463 5.03419 51.6651
    endloop
  endfacet
  facet normal 0.85264 -0.522498 0
    outer loop
      vertex -7.53419 2.56505 62
      vertex -7.07095 3.32099 0
      vertex -7.07095 3.32099 62
    endloop
  endfacet
  facet normal 0.85264 -0.522498 0
    outer loop
      vertex -7.07095 3.32099 0
      vertex -7.53419 2.56505 62
      vertex -7.53419 2.56505 0
    endloop
  endfacet
  facet normal 0.760399 -0.649457 0
    outer loop
      vertex -7.07095 3.32099 62
      vertex -6.49515 3.99515 0
      vertex -6.49515 3.99515 62
    endloop
  endfacet
  facet normal 0.760399 -0.649457 0
    outer loop
      vertex -6.49515 3.99515 0
      vertex -7.07095 3.32099 62
      vertex -7.07095 3.32099 0
    endloop
  endfacet
  facet normal 0.522498 -0.85264 0
    outer loop
      vertex -5.82099 4.57095 0
      vertex -5.06505 5.03419 62
      vertex -5.82099 4.57095 62
    endloop
  endfacet
  facet normal 0.522498 -0.85264 0
    outer loop
      vertex -5.06505 5.03419 62
      vertex -5.82099 4.57095 0
      vertex -5.06505 5.03419 0
    endloop
  endfacet
  facet normal 0.0784577 -0.996917 -7.56851e-06
    outer loop
      vertex -3.38385 5.58044 62
      vertex -2.5 5.65 61.9
      vertex -2.59999 5.64213 62
    endloop
  endfacet
  facet normal 0.0784585 -0.996917 0
    outer loop
      vertex -3.38385 5.58044 62
      vertex -2.5 5.65 61.1
      vertex -2.5 5.65 61.9
    endloop
  endfacet
  facet normal 0.0784619 -0.996917 3.32593e-06
    outer loop
      vertex -3.38385 5.58044 62
      vertex -2.59999 5.64213 61
      vertex -2.5 5.65 61.1
    endloop
  endfacet
  facet normal 0.0784652 -0.996917 0
    outer loop
      vertex -2.59999 5.64213 61
      vertex -2.5 5.65 55.1
      vertex -2.5 5.65 60.9
    endloop
  endfacet
  facet normal 0.0784577 -0.996917 0
    outer loop
      vertex -2.59999 5.64213 55
      vertex -2.59999 5.64213 61
      vertex -3.38385 5.58044 62
    endloop
  endfacet
  facet normal 0.0784652 -0.996917 0
    outer loop
      vertex -2.59999 5.64213 61
      vertex -2.59999 5.64213 55
      vertex -2.5 5.65 55.1
    endloop
  endfacet
  facet normal 0.0784652 -0.996917 0
    outer loop
      vertex -2.59999 5.64213 55
      vertex -2.5 5.65 49.1
      vertex -2.5 5.65 54.9
    endloop
  endfacet
  facet normal 0.0784577 -0.996917 0
    outer loop
      vertex -2.59999 5.64213 49
      vertex -2.59999 5.64213 55
      vertex -3.38385 5.58044 62
    endloop
  endfacet
  facet normal 0.0784652 -0.996917 0
    outer loop
      vertex -2.59999 5.64213 55
      vertex -2.59999 5.64213 49
      vertex -2.5 5.65 49.1
    endloop
  endfacet
  facet normal 0.0784652 -0.996917 0
    outer loop
      vertex -2.59999 5.64213 49
      vertex -2.5 5.65 43.1
      vertex -2.5 5.65 48.9
    endloop
  endfacet
  facet normal 0.0784577 -0.996917 0
    outer loop
      vertex -2.59999 5.64213 43
      vertex -2.59999 5.64213 49
      vertex -3.38385 5.58044 62
    endloop
  endfacet
  facet normal 0.0784652 -0.996917 0
    outer loop
      vertex -2.59999 5.64213 49
      vertex -2.59999 5.64213 43
      vertex -2.5 5.65 43.1
    endloop
  endfacet
  facet normal 0.0784652 -0.996917 0
    outer loop
      vertex -2.59999 5.64213 43
      vertex -2.59999 5.64213 4.95999
      vertex -2.5 5.65 43
    endloop
  endfacet
  facet normal 0.0784577 -0.996917 0
    outer loop
      vertex -3.38385 5.58044 0
      vertex -2.59999 5.64213 43
      vertex -3.38385 5.58044 62
    endloop
  endfacet
  facet normal 0.0784652 -0.996917 0
    outer loop
      vertex -2.59999 5.64213 4.95999
      vertex -2.5 5.65 3
      vertex -2.5 5.65 4.86
    endloop
  endfacet
  facet normal 0.0784595 -0.996917 -2.91917e-07
    outer loop
      vertex -3.38385 5.58044 0
      vertex -2.5 5.65 3
      vertex -2.59999 5.64213 4.95999
    endloop
  endfacet
  facet normal 0.0784652 -0.996917 0
    outer loop
      vertex -2.5 5.65 3
      vertex -2.59999 5.64213 1.84999
      vertex -2.5 5.65 1.94998
    endloop
  endfacet
  facet normal 0.0784577 -0.996917 0
    outer loop
      vertex -2.59999 5.64213 43
      vertex -3.38385 5.58044 0
      vertex -2.59999 5.64213 4.95999
    endloop
  endfacet
  facet normal 0.0784557 -0.996918 8.28044e-07
    outer loop
      vertex -2.5 5.65 3
      vertex -3.38385 5.58044 0
      vertex -2.59999 5.64213 1.84999
    endloop
  endfacet
  facet normal 0.0784585 -0.996917 -3.62828e-07
    outer loop
      vertex -2.5 5.65 0
      vertex -2.59999 5.64213 1.84999
      vertex -3.38385 5.58044 0
    endloop
  endfacet
  facet normal 0.0784652 -0.996917 0
    outer loop
      vertex -2.59999 5.64213 1.84999
      vertex -2.5 5.65 0
      vertex -2.5 5.65 1.84999
    endloop
  endfacet
  facet normal 0.0784652 -0.996917 0
    outer loop
      vertex -2.5 5.65 43
      vertex -2.59999 5.64213 4.95999
      vertex -2.5 5.65 4.95999
    endloop
  endfacet
  facet normal -0.382681 0.923881 0
    outer loop
      vertex 0.0650463 -5.03419 45.6651
      vertex -0.754054 -5.37347 47.1541
      vertex 0.0650463 -5.03419 46.3349
    endloop
  endfacet
  facet normal -0.382681 0.923881 0
    outer loop
      vertex -0.754054 -5.37347 47.1541
      vertex 0.0650463 -5.03419 45.6651
      vertex -0.754054 -5.37347 44.8459
    endloop
  endfacet
  facet normal -0.382681 0.923881 0
    outer loop
      vertex 0.0650463 -5.03419 57.6651
      vertex -0.754054 -5.37347 59.1541
      vertex 0.0650463 -5.03419 58.3349
    endloop
  endfacet
  facet normal -0.382681 0.923881 0
    outer loop
      vertex -0.754054 -5.37347 59.1541
      vertex 0.0650463 -5.03419 57.6651
      vertex -0.754054 -5.37347 56.8459
    endloop
  endfacet
  facet normal -0.382681 0.923881 0
    outer loop
      vertex 0.0650463 -5.03419 51.6651
      vertex -0.754054 -5.37347 53.1541
      vertex 0.0650463 -5.03419 52.3349
    endloop
  endfacet
  facet normal -0.382681 0.923881 0
    outer loop
      vertex -0.754054 -5.37347 53.1541
      vertex 0.0650463 -5.03419 51.6651
      vertex -0.754054 -5.37347 50.8459
    endloop
  endfacet
  facet normal -0.0784585 0.996917 0
    outer loop
      vertex -1.61615 -5.58044 2.83385
      vertex -2.5 -5.65 4.86
      vertex -1.61615 -5.58044 3.97614
    endloop
  endfacet
  facet normal -0.0784585 0.996917 0
    outer loop
      vertex -2.5 -5.65 4.86
      vertex -1.61615 -5.58044 2.83385
      vertex -2.5 -5.65 1.94998
    endloop
  endfacet
  facet normal -0.0784585 0.996917 0
    outer loop
      vertex -1.61615 -5.58044 43.9838
      vertex -2.5 -5.65 48.9
      vertex -1.61615 -5.58044 48.0162
    endloop
  endfacet
  facet normal -0.0784585 0.996917 0
    outer loop
      vertex -2.5 -5.65 48.9
      vertex -1.61615 -5.58044 43.9838
      vertex -2.5 -5.65 43.1
    endloop
  endfacet
  facet normal -0.0784594 0.996917 0
    outer loop
      vertex -2.5 -5.65 61.9
      vertex -2.10001 -5.61852 61.5
      vertex -2.5 -5.65 61.1
    endloop
  endfacet
  facet normal -0.0784585 0.996917 0
    outer loop
      vertex -1.61615 -5.58044 55.9838
      vertex -2.5 -5.65 60.9
      vertex -1.61615 -5.58044 60.0162
    endloop
  endfacet
  facet normal -0.0784585 0.996917 0
    outer loop
      vertex -2.5 -5.65 60.9
      vertex -1.61615 -5.58044 55.9838
      vertex -2.5 -5.65 55.1
    endloop
  endfacet
  facet normal -0.0784585 0.996917 0
    outer loop
      vertex -1.61615 -5.58044 49.9838
      vertex -2.5 -5.65 54.9
      vertex -1.61615 -5.58044 54.0162
    endloop
  endfacet
  facet normal -0.0784585 0.996917 0
    outer loop
      vertex -2.5 -5.65 54.9
      vertex -1.61615 -5.58044 49.9838
      vertex -2.5 -5.65 49.1
    endloop
  endfacet
  facet normal -0.522506 0.852636 0
    outer loop
      vertex 0.0650463 -5.03419 46.3349
      vertex 0.399994 -4.82893 46
      vertex 0.0650463 -5.03419 45.6651
    endloop
  endfacet
  facet normal -0.522506 0.852636 0
    outer loop
      vertex 0.0650463 -5.03419 58.3349
      vertex 0.399994 -4.82893 58
      vertex 0.0650463 -5.03419 57.6651
    endloop
  endfacet
  facet normal -0.522506 0.852636 0
    outer loop
      vertex 0.0650463 -5.03419 52.3349
      vertex 0.399994 -4.82893 52
      vertex 0.0650463 -5.03419 51.6651
    endloop
  endfacet
  facet normal 0.649457 0.760399 -0
    outer loop
      vertex -5.82099 -4.57095 0
      vertex -6.49515 -3.99515 62
      vertex -5.82099 -4.57095 62
    endloop
  endfacet
  facet normal 0.649457 0.760399 0
    outer loop
      vertex -6.49515 -3.99515 62
      vertex -5.82099 -4.57095 0
      vertex -6.49515 -3.99515 0
    endloop
  endfacet
  facet normal 0.85264 0.522498 0
    outer loop
      vertex -7.07095 -3.32099 62
      vertex -7.53419 -2.56505 0
      vertex -7.53419 -2.56505 62
    endloop
  endfacet
  facet normal 0.85264 0.522498 0
    outer loop
      vertex -7.53419 -2.56505 0
      vertex -7.07095 -3.32099 62
      vertex -7.07095 -3.32099 0
    endloop
  endfacet
  facet normal 0.996917 0.0784582 0
    outer loop
      vertex -8.08044 -0.883854 62
      vertex -8.15 0 0
      vertex -8.15 0 62
    endloop
  endfacet
  facet normal 0.996917 0.0784582 0
    outer loop
      vertex -8.15 0 0
      vertex -8.08044 -0.883854 62
      vertex -8.08044 -0.883854 0
    endloop
  endfacet
  facet normal 0.92388 -0.382681 0
    outer loop
      vertex -7.87347 1.74595 62
      vertex -7.53419 2.56505 0
      vertex -7.53419 2.56505 62
    endloop
  endfacet
  facet normal 0.92388 -0.382681 0
    outer loop
      vertex -7.53419 2.56505 0
      vertex -7.87347 1.74595 62
      vertex -7.87347 1.74595 0
    endloop
  endfacet
  facet normal 0.97237 -0.233444 0
    outer loop
      vertex -8.08044 0.883854 62
      vertex -7.87347 1.74595 0
      vertex -7.87347 1.74595 62
    endloop
  endfacet
  facet normal 0.97237 -0.233444 0
    outer loop
      vertex -7.87347 1.74595 0
      vertex -8.08044 0.883854 62
      vertex -8.08044 0.883854 0
    endloop
  endfacet
  facet normal 0.233443 -0.97237 0
    outer loop
      vertex -4.24595 5.37347 0
      vertex -3.38385 5.58044 62
      vertex -4.24595 5.37347 62
    endloop
  endfacet
  facet normal 0.233443 -0.97237 0
    outer loop
      vertex -3.38385 5.58044 62
      vertex -4.24595 5.37347 0
      vertex -3.38385 5.58044 0
    endloop
  endfacet
  facet normal -0.233448 0.972369 0
    outer loop
      vertex -1.61615 -5.58044 3.97614
      vertex -1.04501 -5.44332 3.405
      vertex -1.61615 -5.58044 2.83385
    endloop
  endfacet
  facet normal -0.233444 0.97237 0
    outer loop
      vertex -0.754054 -5.37347 44.8459
      vertex -1.61615 -5.58044 48.0162
      vertex -0.754054 -5.37347 47.1541
    endloop
  endfacet
  facet normal -0.233444 0.97237 0
    outer loop
      vertex -1.61615 -5.58044 48.0162
      vertex -0.754054 -5.37347 44.8459
      vertex -1.61615 -5.58044 43.9838
    endloop
  endfacet
  facet normal -0.233444 0.97237 0
    outer loop
      vertex -0.754054 -5.37347 56.8459
      vertex -1.61615 -5.58044 60.0162
      vertex -0.754054 -5.37347 59.1541
    endloop
  endfacet
  facet normal -0.233444 0.97237 0
    outer loop
      vertex -1.61615 -5.58044 60.0162
      vertex -0.754054 -5.37347 56.8459
      vertex -1.61615 -5.58044 55.9838
    endloop
  endfacet
  facet normal -0.233444 0.97237 0
    outer loop
      vertex -0.754054 -5.37347 50.8459
      vertex -1.61615 -5.58044 54.0162
      vertex -0.754054 -5.37347 53.1541
    endloop
  endfacet
  facet normal -0.233444 0.97237 0
    outer loop
      vertex -1.61615 -5.58044 54.0162
      vertex -0.754054 -5.37347 50.8459
      vertex -1.61615 -5.58044 49.9838
    endloop
  endfacet
  facet normal 0.522498 0.85264 -0
    outer loop
      vertex -5.06505 -5.03419 0
      vertex -5.82099 -4.57095 62
      vertex -5.06505 -5.03419 62
    endloop
  endfacet
  facet normal 0.522498 0.85264 0
    outer loop
      vertex -5.82099 -4.57095 62
      vertex -5.06505 -5.03419 0
      vertex -5.82099 -4.57095 0
    endloop
  endfacet
  facet normal 0.382681 0.92388 -0
    outer loop
      vertex -4.24595 -5.37347 0
      vertex -5.06505 -5.03419 62
      vertex -4.24595 -5.37347 62
    endloop
  endfacet
  facet normal 0.382681 0.92388 0
    outer loop
      vertex -5.06505 -5.03419 62
      vertex -4.24595 -5.37347 0
      vertex -5.06505 -5.03419 0
    endloop
  endfacet
  facet normal 0.97237 0.233444 0
    outer loop
      vertex -7.87347 -1.74595 62
      vertex -8.08044 -0.883854 0
      vertex -8.08044 -0.883854 62
    endloop
  endfacet
  facet normal 0.97237 0.233444 0
    outer loop
      vertex -8.08044 -0.883854 0
      vertex -7.87347 -1.74595 62
      vertex -7.87347 -1.74595 0
    endloop
  endfacet
  facet normal 0.233443 0.97237 -0
    outer loop
      vertex -3.38385 -5.58044 0
      vertex -4.24595 -5.37347 62
      vertex -3.38385 -5.58044 62
    endloop
  endfacet
  facet normal 0.233443 0.97237 0
    outer loop
      vertex -4.24595 -5.37347 62
      vertex -3.38385 -5.58044 0
      vertex -4.24595 -5.37347 0
    endloop
  endfacet
  facet normal 0.92388 0.382681 0
    outer loop
      vertex -7.53419 -2.56505 62
      vertex -7.87347 -1.74595 0
      vertex -7.87347 -1.74595 62
    endloop
  endfacet
  facet normal 0.92388 0.382681 0
    outer loop
      vertex -7.87347 -1.74595 0
      vertex -7.53419 -2.56505 62
      vertex -7.53419 -2.56505 0
    endloop
  endfacet
  facet normal 0.996918 -0 0.0784508
    outer loop
      vertex -12.5 48.15 14.96
      vertex -12.3769 50 13.3957
      vertex -12.5 50 14.96
    endloop
  endfacet
  facet normal 0.996918 0 0.0784508
    outer loop
      vertex -12.3769 50 13.3957
      vertex -12.5 48.15 14.96
      vertex -12.3769 48.15 13.3957
    endloop
  endfacet
  facet normal 0.649446 0 -0.760408
    outer loop
      vertex -9.57107 48.15 40.0311
      vertex -8.37785 50 41.0502
      vertex -8.37785 48.15 41.0502
    endloop
  endfacet
  facet normal 0.649446 0 -0.760408
    outer loop
      vertex -8.37785 50 41.0502
      vertex -9.57107 48.15 40.0311
      vertex -9.57107 50 40.0311
    endloop
  endfacet
  facet normal 0.5225 0 -0.852639
    outer loop
      vertex -8.37785 48.15 41.0502
      vertex -7.0399 50 41.8701
      vertex -7.0399 48.15 41.8701
    endloop
  endfacet
  facet normal 0.5225 0 -0.852639
    outer loop
      vertex -7.0399 50 41.8701
      vertex -8.37785 48.15 41.0502
      vertex -8.37785 50 41.0502
    endloop
  endfacet
  facet normal 0.996918 0 -0.0784508
    outer loop
      vertex -12.3769 48.15 34.5243
      vertex -12.5 50 32.96
      vertex -12.3769 50 34.5243
    endloop
  endfacet
  facet normal 0.996918 0 -0.0784508
    outer loop
      vertex -12.5 50 32.96
      vertex -12.3769 48.15 34.5243
      vertex -12.5 48.15 32.96
    endloop
  endfacet
  facet normal 1 -0 0
    outer loop
      vertex -12.5 48.15 32.96
      vertex -12.5 50 14.96
      vertex -12.5 50 32.96
    endloop
  endfacet
  facet normal 1 0 0
    outer loop
      vertex -12.5 50 14.96
      vertex -12.5 48.15 32.96
      vertex -12.5 48.15 14.96
    endloop
  endfacet
  facet normal 0.972375 0 -0.233424
    outer loop
      vertex -12.0106 48.15 36.0502
      vertex -12.3769 50 34.5243
      vertex -12.0106 50 36.0502
    endloop
  endfacet
  facet normal 0.972375 0 -0.233424
    outer loop
      vertex -12.3769 50 34.5243
      vertex -12.0106 48.15 36.0502
      vertex -12.3769 48.15 34.5243
    endloop
  endfacet
  facet normal 0.923876 0 -0.382691
    outer loop
      vertex -11.4101 48.15 37.4999
      vertex -12.0106 50 36.0502
      vertex -11.4101 50 37.4999
    endloop
  endfacet
  facet normal 0.923876 0 -0.382691
    outer loop
      vertex -12.0106 50 36.0502
      vertex -11.4101 48.15 37.4999
      vertex -12.0106 48.15 36.0502
    endloop
  endfacet
  facet normal 0.23344 0 0.972371
    outer loop
      vertex -5.59017 50 5.44943
      vertex -4.06434 48.15 5.08312
      vertex -4.06434 50 5.08312
    endloop
  endfacet
  facet normal 0.23344 0 0.972371
    outer loop
      vertex -4.06434 48.15 5.08312
      vertex -5.59017 50 5.44943
      vertex -5.59017 48.15 5.44943
    endloop
  endfacet
  facet normal 0.233434 0 -0.972373
    outer loop
      vertex -5.59017 48.15 42.4706
      vertex -4.06434 50 42.8369
      vertex -4.06434 48.15 42.8369
    endloop
  endfacet
  facet normal 0.233434 0 -0.972373
    outer loop
      vertex -4.06434 50 42.8369
      vertex -5.59017 48.15 42.4706
      vertex -5.59017 50 42.4706
    endloop
  endfacet
  facet normal 0.0784488 0 -0.996918
    outer loop
      vertex -4.06434 48.15 42.8369
      vertex -2.5 50 42.96
      vertex -2.5 48.15 42.96
    endloop
  endfacet
  facet normal 0.0784488 0 -0.996918
    outer loop
      vertex -2.5 50 42.96
      vertex -4.06434 48.15 42.8369
      vertex -4.06434 50 42.8369
    endloop
  endfacet
  facet normal 0.760393 0 -0.649463
    outer loop
      vertex -9.57107 48.15 40.0311
      vertex -10.5902 50 38.8379
      vertex -9.57107 50 40.0311
    endloop
  endfacet
  facet normal 0.760393 0 -0.649463
    outer loop
      vertex -10.5902 50 38.8379
      vertex -9.57107 48.15 40.0311
      vertex -10.5902 48.15 38.8379
    endloop
  endfacet
  facet normal 0.852648 0 -0.522486
    outer loop
      vertex -10.5902 48.15 38.8379
      vertex -11.4101 50 37.4999
      vertex -10.5902 50 38.8379
    endloop
  endfacet
  facet normal 0.852648 0 -0.522486
    outer loop
      vertex -11.4101 50 37.4999
      vertex -10.5902 48.15 38.8379
      vertex -11.4101 48.15 37.4999
    endloop
  endfacet
  facet normal 0.972375 -0 0.233424
    outer loop
      vertex -12.3769 48.15 13.3957
      vertex -12.0106 50 11.8698
      vertex -12.3769 50 13.3957
    endloop
  endfacet
  facet normal 0.972375 0 0.233424
    outer loop
      vertex -12.0106 50 11.8698
      vertex -12.3769 48.15 13.3957
      vertex -12.0106 48.15 11.8698
    endloop
  endfacet
  facet normal 0.923876 -0 0.382691
    outer loop
      vertex -12.0106 48.15 11.8698
      vertex -11.4101 50 10.4201
      vertex -12.0106 50 11.8698
    endloop
  endfacet
  facet normal 0.923876 0 0.382691
    outer loop
      vertex -11.4101 50 10.4201
      vertex -12.0106 48.15 11.8698
      vertex -11.4101 48.15 10.4201
    endloop
  endfacet
  facet normal 0.649446 0 0.760408
    outer loop
      vertex -9.57107 50 7.88893
      vertex -8.37785 48.15 6.86983
      vertex -8.37785 50 6.86983
    endloop
  endfacet
  facet normal 0.649446 0 0.760408
    outer loop
      vertex -8.37785 48.15 6.86983
      vertex -9.57107 50 7.88893
      vertex -9.57107 48.15 7.88893
    endloop
  endfacet
  facet normal 0.382685 0 -0.923879
    outer loop
      vertex -7.0399 48.15 41.8701
      vertex -5.59017 50 42.4706
      vertex -5.59017 48.15 42.4706
    endloop
  endfacet
  facet normal 0.382685 0 -0.923879
    outer loop
      vertex -5.59017 50 42.4706
      vertex -7.0399 48.15 41.8701
      vertex -7.0399 50 41.8701
    endloop
  endfacet
  facet normal 0.760398 -0 0.649457
    outer loop
      vertex -10.5902 48.15 9.08215
      vertex -9.57107 50 7.88893
      vertex -10.5902 50 9.08215
    endloop
  endfacet
  facet normal 0.760398 0 0.649457
    outer loop
      vertex -9.57107 50 7.88893
      vertex -10.5902 48.15 9.08215
      vertex -9.57107 48.15 7.88893
    endloop
  endfacet
  facet normal 0.0784615 0 0.996917
    outer loop
      vertex -4.06434 50 5.08312
      vertex -2.5 48.15 4.96
      vertex -2.5 50 4.96
    endloop
  endfacet
  facet normal 0.0784615 0 0.996917
    outer loop
      vertex -2.5 48.15 4.96
      vertex -4.06434 50 5.08312
      vertex -4.06434 48.15 5.08312
    endloop
  endfacet
  facet normal 0.852639 -0 0.5225
    outer loop
      vertex -11.4101 48.15 10.4201
      vertex -10.5902 50 9.08215
      vertex -11.4101 50 10.4201
    endloop
  endfacet
  facet normal 0.852639 0 0.5225
    outer loop
      vertex -10.5902 50 9.08215
      vertex -11.4101 48.15 10.4201
      vertex -10.5902 48.15 9.08215
    endloop
  endfacet
  facet normal 0.5225 0 0.852639
    outer loop
      vertex -8.37785 50 6.86983
      vertex -7.0399 48.15 6.04993
      vertex -7.0399 50 6.04993
    endloop
  endfacet
  facet normal 0.5225 0 0.852639
    outer loop
      vertex -7.0399 48.15 6.04993
      vertex -8.37785 50 6.86983
      vertex -8.37785 48.15 6.86983
    endloop
  endfacet
  facet normal 0.382685 0 0.923879
    outer loop
      vertex -7.0399 50 6.04993
      vertex -5.59017 48.15 5.44943
      vertex -5.59017 50 5.44943
    endloop
  endfacet
  facet normal 0.382685 0 0.923879
    outer loop
      vertex -5.59017 48.15 5.44943
      vertex -7.0399 50 6.04993
      vertex -7.0399 48.15 6.04993
    endloop
  endfacet
  facet normal 0.972375 0 -0.233424
    outer loop
      vertex -12.0106 -50 36.0502
      vertex -12.3769 -48.15 34.5243
      vertex -12.0106 -48.15 36.0502
    endloop
  endfacet
  facet normal 0.972375 0 -0.233424
    outer loop
      vertex -12.3769 -48.15 34.5243
      vertex -12.0106 -50 36.0502
      vertex -12.3769 -50 34.5243
    endloop
  endfacet
  facet normal 0.923876 0 -0.382691
    outer loop
      vertex -11.4101 -50 37.4999
      vertex -12.0106 -48.15 36.0502
      vertex -11.4101 -48.15 37.4999
    endloop
  endfacet
  facet normal 0.923876 0 -0.382691
    outer loop
      vertex -12.0106 -48.15 36.0502
      vertex -11.4101 -50 37.4999
      vertex -12.0106 -50 36.0502
    endloop
  endfacet
  facet normal 0.382685 0 -0.923879
    outer loop
      vertex -7.0399 -50 41.8701
      vertex -5.59017 -48.15 42.4706
      vertex -5.59017 -50 42.4706
    endloop
  endfacet
  facet normal 0.382685 0 -0.923879
    outer loop
      vertex -5.59017 -48.15 42.4706
      vertex -7.0399 -50 41.8701
      vertex -7.0399 -48.15 41.8701
    endloop
  endfacet
  facet normal 0.5225 0 -0.852639
    outer loop
      vertex -8.37785 -50 41.0502
      vertex -7.0399 -48.15 41.8701
      vertex -7.0399 -50 41.8701
    endloop
  endfacet
  facet normal 0.5225 0 -0.852639
    outer loop
      vertex -7.0399 -48.15 41.8701
      vertex -8.37785 -50 41.0502
      vertex -8.37785 -48.15 41.0502
    endloop
  endfacet
  facet normal 1 -0 0
    outer loop
      vertex -12.5 -50 32.96
      vertex -12.5 -48.15 14.96
      vertex -12.5 -48.15 32.96
    endloop
  endfacet
  facet normal 1 0 0
    outer loop
      vertex -12.5 -48.15 14.96
      vertex -12.5 -50 32.96
      vertex -12.5 -50 14.96
    endloop
  endfacet
  facet normal 0.996918 0 -0.0784508
    outer loop
      vertex -12.3769 -50 34.5243
      vertex -12.5 -48.15 32.96
      vertex -12.3769 -48.15 34.5243
    endloop
  endfacet
  facet normal 0.996918 0 -0.0784508
    outer loop
      vertex -12.5 -48.15 32.96
      vertex -12.3769 -50 34.5243
      vertex -12.5 -50 32.96
    endloop
  endfacet
  facet normal 0.5225 0 0.852639
    outer loop
      vertex -8.37785 -48.15 6.86983
      vertex -7.0399 -50 6.04993
      vertex -7.0399 -48.15 6.04993
    endloop
  endfacet
  facet normal 0.5225 0 0.852639
    outer loop
      vertex -7.0399 -50 6.04993
      vertex -8.37785 -48.15 6.86983
      vertex -8.37785 -50 6.86983
    endloop
  endfacet
  facet normal 0.649446 0 0.760408
    outer loop
      vertex -9.57107 -48.15 7.88893
      vertex -8.37785 -50 6.86983
      vertex -8.37785 -48.15 6.86983
    endloop
  endfacet
  facet normal 0.649446 0 0.760408
    outer loop
      vertex -8.37785 -50 6.86983
      vertex -9.57107 -48.15 7.88893
      vertex -9.57107 -50 7.88893
    endloop
  endfacet
  facet normal 0.972375 -0 0.233424
    outer loop
      vertex -12.3769 -50 13.3957
      vertex -12.0106 -48.15 11.8698
      vertex -12.3769 -48.15 13.3957
    endloop
  endfacet
  facet normal 0.972375 0 0.233424
    outer loop
      vertex -12.0106 -48.15 11.8698
      vertex -12.3769 -50 13.3957
      vertex -12.0106 -50 11.8698
    endloop
  endfacet
  facet normal 0.233434 0 -0.972373
    outer loop
      vertex -5.59017 -50 42.4706
      vertex -4.06434 -48.15 42.8369
      vertex -4.06434 -50 42.8369
    endloop
  endfacet
  facet normal 0.233434 0 -0.972373
    outer loop
      vertex -4.06434 -48.15 42.8369
      vertex -5.59017 -50 42.4706
      vertex -5.59017 -48.15 42.4706
    endloop
  endfacet
  facet normal 0.760393 0 -0.649463
    outer loop
      vertex -9.57107 -50 40.0311
      vertex -10.5902 -48.15 38.8379
      vertex -9.57107 -48.15 40.0311
    endloop
  endfacet
  facet normal 0.760393 0 -0.649463
    outer loop
      vertex -10.5902 -48.15 38.8379
      vertex -9.57107 -50 40.0311
      vertex -10.5902 -50 38.8379
    endloop
  endfacet
  facet normal 0.852648 0 -0.522486
    outer loop
      vertex -10.5902 -50 38.8379
      vertex -11.4101 -48.15 37.4999
      vertex -10.5902 -48.15 38.8379
    endloop
  endfacet
  facet normal 0.852648 0 -0.522486
    outer loop
      vertex -11.4101 -48.15 37.4999
      vertex -10.5902 -50 38.8379
      vertex -11.4101 -50 37.4999
    endloop
  endfacet
  facet normal 0.649446 0 -0.760408
    outer loop
      vertex -9.57107 -50 40.0311
      vertex -8.37785 -48.15 41.0502
      vertex -8.37785 -50 41.0502
    endloop
  endfacet
  facet normal 0.649446 0 -0.760408
    outer loop
      vertex -8.37785 -48.15 41.0502
      vertex -9.57107 -50 40.0311
      vertex -9.57107 -48.15 40.0311
    endloop
  endfacet
  facet normal 0.996918 -0 0.0784508
    outer loop
      vertex -12.5 -50 14.96
      vertex -12.3769 -48.15 13.3957
      vertex -12.5 -48.15 14.96
    endloop
  endfacet
  facet normal 0.996918 0 0.0784508
    outer loop
      vertex -12.3769 -48.15 13.3957
      vertex -12.5 -50 14.96
      vertex -12.3769 -50 13.3957
    endloop
  endfacet
  facet normal 0.760398 -0 0.649457
    outer loop
      vertex -10.5902 -50 9.08215
      vertex -9.57107 -48.15 7.88893
      vertex -10.5902 -48.15 9.08215
    endloop
  endfacet
  facet normal 0.760398 0 0.649457
    outer loop
      vertex -9.57107 -48.15 7.88893
      vertex -10.5902 -50 9.08215
      vertex -9.57107 -50 7.88893
    endloop
  endfacet
  facet normal 0.0784488 0 -0.996918
    outer loop
      vertex -4.06434 -50 42.8369
      vertex -2.5 -48.15 42.96
      vertex -2.5 -50 42.96
    endloop
  endfacet
  facet normal 0.0784488 0 -0.996918
    outer loop
      vertex -2.5 -48.15 42.96
      vertex -4.06434 -50 42.8369
      vertex -4.06434 -48.15 42.8369
    endloop
  endfacet
  facet normal 0.923876 -0 0.382691
    outer loop
      vertex -12.0106 -50 11.8698
      vertex -11.4101 -48.15 10.4201
      vertex -12.0106 -48.15 11.8698
    endloop
  endfacet
  facet normal 0.923876 0 0.382691
    outer loop
      vertex -11.4101 -48.15 10.4201
      vertex -12.0106 -50 11.8698
      vertex -11.4101 -50 10.4201
    endloop
  endfacet
  facet normal 0.852639 -0 0.5225
    outer loop
      vertex -11.4101 -50 10.4201
      vertex -10.5902 -48.15 9.08215
      vertex -11.4101 -48.15 10.4201
    endloop
  endfacet
  facet normal 0.852639 0 0.5225
    outer loop
      vertex -10.5902 -48.15 9.08215
      vertex -11.4101 -50 10.4201
      vertex -10.5902 -50 9.08215
    endloop
  endfacet
  facet normal 0.23344 0 0.972371
    outer loop
      vertex -5.59017 -48.15 5.44943
      vertex -4.06434 -50 5.08312
      vertex -4.06434 -48.15 5.08312
    endloop
  endfacet
  facet normal 0.23344 0 0.972371
    outer loop
      vertex -4.06434 -50 5.08312
      vertex -5.59017 -48.15 5.44943
      vertex -5.59017 -50 5.44943
    endloop
  endfacet
  facet normal 0.0784615 0 0.996917
    outer loop
      vertex -4.06434 -48.15 5.08312
      vertex -2.5 -50 4.96
      vertex -2.5 -48.15 4.96
    endloop
  endfacet
  facet normal 0.0784615 0 0.996917
    outer loop
      vertex -2.5 -50 4.96
      vertex -4.06434 -48.15 5.08312
      vertex -4.06434 -50 5.08312
    endloop
  endfacet
  facet normal 0.382685 0 0.923879
    outer loop
      vertex -7.0399 -48.15 6.04993
      vertex -5.59017 -50 5.44943
      vertex -5.59017 -48.15 5.44943
    endloop
  endfacet
  facet normal 0.382685 0 0.923879
    outer loop
      vertex -5.59017 -50 5.44943
      vertex -7.0399 -48.15 6.04993
      vertex -7.0399 -50 6.04993
    endloop
  endfacet
  facet normal 0 -1 0
    outer loop
      vertex -135 10 14.96
      vertex -133.15 10 32.96
      vertex -135 10 32.96
    endloop
  endfacet
  facet normal 0 -1 -0
    outer loop
      vertex -133.15 10 32.96
      vertex -135 10 14.96
      vertex -133.15 10 14.96
    endloop
  endfacet
  facet normal 0 -0.852642 0.522495
    outer loop
      vertex -135 8.09017 9.08215
      vertex -133.15 8.91006 10.4201
      vertex -135 8.91006 10.4201
    endloop
  endfacet
  facet normal 0 -0.852642 0.522495
    outer loop
      vertex -133.15 8.91006 10.4201
      vertex -135 8.09017 9.08215
      vertex -133.15 8.09017 9.08215
    endloop
  endfacet
  facet normal 0 -0.649446 -0.760408
    outer loop
      vertex -135 5.87785 41.0502
      vertex -133.15 7.07107 40.0311
      vertex -133.15 5.87785 41.0502
    endloop
  endfacet
  facet normal -0 -0.649446 -0.760408
    outer loop
      vertex -133.15 7.07107 40.0311
      vertex -135 5.87785 41.0502
      vertex -135 7.07107 40.0311
    endloop
  endfacet
  facet normal 0 0.923876 0.382691
    outer loop
      vertex -133.15 -8.91006 10.4201
      vertex -135 -9.51056 11.8698
      vertex -133.15 -9.51056 11.8698
    endloop
  endfacet
  facet normal 0 0.923876 0.382691
    outer loop
      vertex -135 -9.51056 11.8698
      vertex -133.15 -8.91006 10.4201
      vertex -135 -8.91006 10.4201
    endloop
  endfacet
  facet normal 0 0.923876 -0.382691
    outer loop
      vertex -133.15 -9.51056 36.0502
      vertex -135 -8.91006 37.4999
      vertex -133.15 -8.91006 37.4999
    endloop
  endfacet
  facet normal 0 0.923876 -0.382691
    outer loop
      vertex -135 -8.91006 37.4999
      vertex -133.15 -9.51056 36.0502
      vertex -135 -9.51056 36.0502
    endloop
  endfacet
  facet normal 0 -0.233434 -0.972373
    outer loop
      vertex -135 1.56434 42.8369
      vertex -133.15 3.09017 42.4706
      vertex -133.15 1.56434 42.8369
    endloop
  endfacet
  facet normal -0 -0.233434 -0.972373
    outer loop
      vertex -133.15 3.09017 42.4706
      vertex -135 1.56434 42.8369
      vertex -135 3.09017 42.4706
    endloop
  endfacet
  facet normal 0 -0.5225 -0.852639
    outer loop
      vertex -135 4.5399 41.8701
      vertex -133.15 5.87785 41.0502
      vertex -133.15 4.5399 41.8701
    endloop
  endfacet
  facet normal -0 -0.5225 -0.852639
    outer loop
      vertex -133.15 5.87785 41.0502
      vertex -135 4.5399 41.8701
      vertex -135 5.87785 41.0502
    endloop
  endfacet
  facet normal 0 0.996917 0.0784635
    outer loop
      vertex -133.15 -9.87688 13.3957
      vertex -135 -10 14.96
      vertex -133.15 -10 14.96
    endloop
  endfacet
  facet normal 0 0.996917 0.0784635
    outer loop
      vertex -135 -10 14.96
      vertex -133.15 -9.87688 13.3957
      vertex -135 -9.87688 13.3957
    endloop
  endfacet
  facet normal 0 0.852642 0.522495
    outer loop
      vertex -133.15 -8.09017 9.08215
      vertex -135 -8.91006 10.4201
      vertex -133.15 -8.91006 10.4201
    endloop
  endfacet
  facet normal 0 0.852642 0.522495
    outer loop
      vertex -135 -8.91006 10.4201
      vertex -133.15 -8.09017 9.08215
      vertex -135 -8.09017 9.08215
    endloop
  endfacet
  facet normal 0 1 -0
    outer loop
      vertex -133.15 -10 14.96
      vertex -135 -10 32.96
      vertex -133.15 -10 32.96
    endloop
  endfacet
  facet normal 0 1 0
    outer loop
      vertex -135 -10 32.96
      vertex -133.15 -10 14.96
      vertex -135 -10 14.96
    endloop
  endfacet
  facet normal 0 0.972372 0.233436
    outer loop
      vertex -133.15 -9.51056 11.8698
      vertex -135 -9.87688 13.3957
      vertex -133.15 -9.87688 13.3957
    endloop
  endfacet
  facet normal 0 0.972372 0.233436
    outer loop
      vertex -135 -9.87688 13.3957
      vertex -133.15 -9.51056 11.8698
      vertex -135 -9.51056 11.8698
    endloop
  endfacet
  facet normal 0 -0.382685 -0.923879
    outer loop
      vertex -135 3.09017 42.4706
      vertex -133.15 4.5399 41.8701
      vertex -133.15 3.09017 42.4706
    endloop
  endfacet
  facet normal -0 -0.382685 -0.923879
    outer loop
      vertex -133.15 4.5399 41.8701
      vertex -135 3.09017 42.4706
      vertex -135 4.5399 41.8701
    endloop
  endfacet
  facet normal 0 -0.760403 -0.649452
    outer loop
      vertex -135 8.09017 38.8379
      vertex -133.15 7.07107 40.0311
      vertex -135 7.07107 40.0311
    endloop
  endfacet
  facet normal 0 -0.760403 -0.649452
    outer loop
      vertex -133.15 7.07107 40.0311
      vertex -135 8.09017 38.8379
      vertex -133.15 8.09017 38.8379
    endloop
  endfacet
  facet normal 0 -0.972372 -0.233436
    outer loop
      vertex -135 9.87688 34.5243
      vertex -133.15 9.51056 36.0502
      vertex -135 9.51056 36.0502
    endloop
  endfacet
  facet normal 0 -0.972372 -0.233436
    outer loop
      vertex -133.15 9.51056 36.0502
      vertex -135 9.87688 34.5243
      vertex -133.15 9.87688 34.5243
    endloop
  endfacet
  facet normal 0 -0.996917 -0.0784635
    outer loop
      vertex -135 10 32.96
      vertex -133.15 9.87688 34.5243
      vertex -135 9.87688 34.5243
    endloop
  endfacet
  facet normal 0 -0.996917 -0.0784635
    outer loop
      vertex -133.15 9.87688 34.5243
      vertex -135 10 32.96
      vertex -133.15 10 32.96
    endloop
  endfacet
  facet normal -0 0.382685 0.923879
    outer loop
      vertex -135 -3.09017 5.44943
      vertex -133.15 -4.5399 6.04993
      vertex -133.15 -3.09017 5.44943
    endloop
  endfacet
  facet normal 0 0.382685 0.923879
    outer loop
      vertex -133.15 -4.5399 6.04993
      vertex -135 -3.09017 5.44943
      vertex -135 -4.5399 6.04993
    endloop
  endfacet
  facet normal 0 0.852651 -0.522481
    outer loop
      vertex -133.15 -8.91006 37.4999
      vertex -135 -8.09017 38.8379
      vertex -133.15 -8.09017 38.8379
    endloop
  endfacet
  facet normal 0 0.852651 -0.522481
    outer loop
      vertex -135 -8.09017 38.8379
      vertex -133.15 -8.91006 37.4999
      vertex -135 -8.91006 37.4999
    endloop
  endfacet
  facet normal 0 0.5225 -0.852639
    outer loop
      vertex -135 -5.87785 41.0502
      vertex -133.15 -4.5399 41.8701
      vertex -133.15 -5.87785 41.0502
    endloop
  endfacet
  facet normal 0 0.5225 -0.852639
    outer loop
      vertex -133.15 -4.5399 41.8701
      vertex -135 -5.87785 41.0502
      vertex -135 -4.5399 41.8701
    endloop
  endfacet
  facet normal -0 0.5225 0.852639
    outer loop
      vertex -135 -4.5399 6.04993
      vertex -133.15 -5.87785 6.86983
      vertex -133.15 -4.5399 6.04993
    endloop
  endfacet
  facet normal 0 0.5225 0.852639
    outer loop
      vertex -133.15 -5.87785 6.86983
      vertex -135 -4.5399 6.04993
      vertex -135 -5.87785 6.86983
    endloop
  endfacet
  facet normal -0 0.649446 0.760408
    outer loop
      vertex -135 -5.87785 6.86983
      vertex -133.15 -7.07107 7.88893
      vertex -133.15 -5.87785 6.86983
    endloop
  endfacet
  facet normal 0 0.649446 0.760408
    outer loop
      vertex -133.15 -7.07107 7.88893
      vertex -135 -5.87785 6.86983
      vertex -135 -7.07107 7.88893
    endloop
  endfacet
  facet normal 0 0.760408 0.649446
    outer loop
      vertex -133.15 -7.07107 7.88893
      vertex -135 -8.09017 9.08215
      vertex -133.15 -8.09017 9.08215
    endloop
  endfacet
  facet normal 0 0.760408 0.649446
    outer loop
      vertex -135 -8.09017 9.08215
      vertex -133.15 -7.07107 7.88893
      vertex -135 -7.07107 7.88893
    endloop
  endfacet
  facet normal 0 -0.923876 0.382691
    outer loop
      vertex -135 8.91006 10.4201
      vertex -133.15 9.51056 11.8698
      vertex -135 9.51056 11.8698
    endloop
  endfacet
  facet normal 0 -0.923876 0.382691
    outer loop
      vertex -133.15 9.51056 11.8698
      vertex -135 8.91006 10.4201
      vertex -133.15 8.91006 10.4201
    endloop
  endfacet
  facet normal 0 -0.5225 0.852639
    outer loop
      vertex -135 5.87785 6.86983
      vertex -133.15 4.5399 6.04993
      vertex -133.15 5.87785 6.86983
    endloop
  endfacet
  facet normal 0 -0.5225 0.852639
    outer loop
      vertex -133.15 4.5399 6.04993
      vertex -135 5.87785 6.86983
      vertex -135 4.5399 6.04993
    endloop
  endfacet
  facet normal 0 -0.760408 0.649446
    outer loop
      vertex -135 7.07107 7.88893
      vertex -133.15 8.09017 9.08215
      vertex -135 8.09017 9.08215
    endloop
  endfacet
  facet normal 0 -0.760408 0.649446
    outer loop
      vertex -133.15 8.09017 9.08215
      vertex -135 7.07107 7.88893
      vertex -133.15 7.07107 7.88893
    endloop
  endfacet
  facet normal -0 0.23344 0.972371
    outer loop
      vertex -135 -1.56434 5.08312
      vertex -133.15 -3.09017 5.44943
      vertex -133.15 -1.56434 5.08312
    endloop
  endfacet
  facet normal 0 0.23344 0.972371
    outer loop
      vertex -133.15 -3.09017 5.44943
      vertex -135 -1.56434 5.08312
      vertex -135 -3.09017 5.44943
    endloop
  endfacet
  facet normal 0 0.760403 -0.649452
    outer loop
      vertex -133.15 -8.09017 38.8379
      vertex -135 -7.07107 40.0311
      vertex -133.15 -7.07107 40.0311
    endloop
  endfacet
  facet normal 0 0.760403 -0.649452
    outer loop
      vertex -135 -7.07107 40.0311
      vertex -133.15 -8.09017 38.8379
      vertex -135 -8.09017 38.8379
    endloop
  endfacet
  facet normal 0 0.649446 -0.760408
    outer loop
      vertex -135 -7.07107 40.0311
      vertex -133.15 -5.87785 41.0502
      vertex -133.15 -7.07107 40.0311
    endloop
  endfacet
  facet normal 0 0.649446 -0.760408
    outer loop
      vertex -133.15 -5.87785 41.0502
      vertex -135 -7.07107 40.0311
      vertex -135 -5.87785 41.0502
    endloop
  endfacet
  facet normal 0 0.996917 -0.0784635
    outer loop
      vertex -133.15 -10 32.96
      vertex -135 -9.87688 34.5243
      vertex -133.15 -9.87688 34.5243
    endloop
  endfacet
  facet normal 0 0.996917 -0.0784635
    outer loop
      vertex -135 -9.87688 34.5243
      vertex -133.15 -10 32.96
      vertex -135 -10 32.96
    endloop
  endfacet
  facet normal 0 0.972372 -0.233436
    outer loop
      vertex -133.15 -9.87688 34.5243
      vertex -135 -9.51056 36.0502
      vertex -133.15 -9.51056 36.0502
    endloop
  endfacet
  facet normal 0 0.972372 -0.233436
    outer loop
      vertex -135 -9.51056 36.0502
      vertex -133.15 -9.87688 34.5243
      vertex -135 -9.87688 34.5243
    endloop
  endfacet
  facet normal 0 0.382685 -0.923879
    outer loop
      vertex -135 -4.5399 41.8701
      vertex -133.15 -3.09017 42.4706
      vertex -133.15 -4.5399 41.8701
    endloop
  endfacet
  facet normal 0 0.382685 -0.923879
    outer loop
      vertex -133.15 -3.09017 42.4706
      vertex -135 -4.5399 41.8701
      vertex -135 -3.09017 42.4706
    endloop
  endfacet
  facet normal 0 -0.0784488 -0.996918
    outer loop
      vertex -135 0 42.96
      vertex -133.15 1.56434 42.8369
      vertex -133.15 0 42.96
    endloop
  endfacet
  facet normal -0 -0.0784488 -0.996918
    outer loop
      vertex -133.15 1.56434 42.8369
      vertex -135 0 42.96
      vertex -135 1.56434 42.8369
    endloop
  endfacet
  facet normal 0 0.233434 -0.972373
    outer loop
      vertex -135 -3.09017 42.4706
      vertex -133.15 -1.56434 42.8369
      vertex -133.15 -3.09017 42.4706
    endloop
  endfacet
  facet normal 0 0.233434 -0.972373
    outer loop
      vertex -133.15 -1.56434 42.8369
      vertex -135 -3.09017 42.4706
      vertex -135 -1.56434 42.8369
    endloop
  endfacet
  facet normal 0 -0.972372 0.233436
    outer loop
      vertex -135 9.51056 11.8698
      vertex -133.15 9.87688 13.3957
      vertex -135 9.87688 13.3957
    endloop
  endfacet
  facet normal 0 -0.972372 0.233436
    outer loop
      vertex -133.15 9.87688 13.3957
      vertex -135 9.51056 11.8698
      vertex -133.15 9.51056 11.8698
    endloop
  endfacet
  facet normal 0 -0.649446 0.760408
    outer loop
      vertex -135 7.07107 7.88893
      vertex -133.15 5.87785 6.86983
      vertex -133.15 7.07107 7.88893
    endloop
  endfacet
  facet normal 0 -0.649446 0.760408
    outer loop
      vertex -133.15 5.87785 6.86983
      vertex -135 7.07107 7.88893
      vertex -135 5.87785 6.86983
    endloop
  endfacet
  facet normal 0 -0.382685 0.923879
    outer loop
      vertex -135 4.5399 6.04993
      vertex -133.15 3.09017 5.44943
      vertex -133.15 4.5399 6.04993
    endloop
  endfacet
  facet normal 0 -0.382685 0.923879
    outer loop
      vertex -133.15 3.09017 5.44943
      vertex -135 4.5399 6.04993
      vertex -135 3.09017 5.44943
    endloop
  endfacet
  facet normal -0 0.0784615 0.996917
    outer loop
      vertex -135 0 4.96
      vertex -133.15 -1.56434 5.08312
      vertex -133.15 0 4.96
    endloop
  endfacet
  facet normal 0 0.0784615 0.996917
    outer loop
      vertex -133.15 -1.56434 5.08312
      vertex -135 0 4.96
      vertex -135 -1.56434 5.08312
    endloop
  endfacet
  facet normal 0 0.0784488 -0.996918
    outer loop
      vertex -135 -1.56434 42.8369
      vertex -133.15 0 42.96
      vertex -133.15 -1.56434 42.8369
    endloop
  endfacet
  facet normal 0 0.0784488 -0.996918
    outer loop
      vertex -133.15 0 42.96
      vertex -135 -1.56434 42.8369
      vertex -135 0 42.96
    endloop
  endfacet
  facet normal 0 -0.852651 -0.522481
    outer loop
      vertex -135 8.91006 37.4999
      vertex -133.15 8.09017 38.8379
      vertex -135 8.09017 38.8379
    endloop
  endfacet
  facet normal 0 -0.852651 -0.522481
    outer loop
      vertex -133.15 8.09017 38.8379
      vertex -135 8.91006 37.4999
      vertex -133.15 8.91006 37.4999
    endloop
  endfacet
  facet normal 0 -0.923876 -0.382691
    outer loop
      vertex -135 9.51056 36.0502
      vertex -133.15 8.91006 37.4999
      vertex -135 8.91006 37.4999
    endloop
  endfacet
  facet normal 0 -0.923876 -0.382691
    outer loop
      vertex -133.15 8.91006 37.4999
      vertex -135 9.51056 36.0502
      vertex -133.15 9.51056 36.0502
    endloop
  endfacet
  facet normal 0 -0.996917 0.0784635
    outer loop
      vertex -135 9.87688 13.3957
      vertex -133.15 10 14.96
      vertex -135 10 14.96
    endloop
  endfacet
  facet normal 0 -0.996917 0.0784635
    outer loop
      vertex -133.15 10 14.96
      vertex -135 9.87688 13.3957
      vertex -133.15 9.87688 13.3957
    endloop
  endfacet
  facet normal 0 -0.23344 0.972371
    outer loop
      vertex -135 3.09017 5.44943
      vertex -133.15 1.56434 5.08312
      vertex -133.15 3.09017 5.44943
    endloop
  endfacet
  facet normal 0 -0.23344 0.972371
    outer loop
      vertex -133.15 1.56434 5.08312
      vertex -135 3.09017 5.44943
      vertex -135 1.56434 5.08312
    endloop
  endfacet
  facet normal 0 -0.0784615 0.996917
    outer loop
      vertex -135 1.56434 5.08312
      vertex -133.15 0 4.96
      vertex -133.15 1.56434 5.08312
    endloop
  endfacet
  facet normal 0 -0.0784615 0.996917
    outer loop
      vertex -133.15 0 4.96
      vertex -135 1.56434 5.08312
      vertex -135 0 4.96
    endloop
  endfacet
  facet normal 0.707142 -0 0.707071
    outer loop
      vertex -2.59999 -7.49213 62
      vertex -2.5 -5.65 61.9
      vertex -2.59999 -5.64213 62
    endloop
  endfacet
  facet normal 0.707142 0 0.707071
    outer loop
      vertex -2.5 -5.65 61.9
      vertex -2.59999 -7.49213 62
      vertex -2.5 -7.5 61.9
    endloop
  endfacet
  facet normal 0.707116 0 0.707098
    outer loop
      vertex -2.5 -5.65 61.9
      vertex -2.5 -7.5 61.9
      vertex -2.10001 -7.46852 61.5
    endloop
  endfacet
  facet normal 0.707116 0 0.707098
    outer loop
      vertex -2.10001 -5.61852 61.5
      vertex -2.5 -5.65 61.9
      vertex -2.10001 -7.46852 61.5
    endloop
  endfacet
  facet normal 0.707142 -0 0.707071
    outer loop
      vertex -2.5 5.65 61.9
      vertex -2.5 7.5 61.9
      vertex -2.59999 7.49213 62
    endloop
  endfacet
  facet normal 0.707116 0 0.707098
    outer loop
      vertex -2.5 7.5 61.9
      vertex -2.5 5.65 61.9
      vertex -2.10001 7.46852 61.5
    endloop
  endfacet
  facet normal 0.707142 0 0.707071
    outer loop
      vertex -2.5 5.65 61.9
      vertex -2.59999 7.49213 62
      vertex -2.59999 5.64213 62
    endloop
  endfacet
  facet normal 0.707116 0 0.707098
    outer loop
      vertex -2.10001 7.46852 61.5
      vertex -2.5 5.65 61.9
      vertex -2.10001 5.61852 61.5
    endloop
  endfacet
  facet normal 0.707121 -0 0.707093
    outer loop
      vertex -2.59999 48.15 62
      vertex -2.10001 50 61.5
      vertex -2.59999 50 62
    endloop
  endfacet
  facet normal 0.707121 0 0.707093
    outer loop
      vertex -2.10001 50 61.5
      vertex -2.59999 48.15 62
      vertex -2.10001 48.15 61.5
    endloop
  endfacet
  facet normal 0.707121 -0 0.707093
    outer loop
      vertex -2.59999 -50 62
      vertex -2.10001 -48.15 61.5
      vertex -2.59999 -48.15 62
    endloop
  endfacet
  facet normal 0.707121 0 0.707093
    outer loop
      vertex -2.10001 -48.15 61.5
      vertex -2.59999 -50 62
      vertex -2.10001 -50 61.5
    endloop
  endfacet
  facet normal 0.707116 0 -0.707098
    outer loop
      vertex -2.10001 7.46852 61.5
      vertex -2.10001 5.61852 61.5
      vertex -2.5 5.65 61.1
    endloop
  endfacet
  facet normal 0.707116 0 -0.707098
    outer loop
      vertex -2.5 5.65 61.1
      vertex -2.5 7.5 61.1
      vertex -2.10001 7.46852 61.5
    endloop
  endfacet
  facet normal 0.707142 0 -0.707071
    outer loop
      vertex -2.5 7.5 61.1
      vertex -2.5 5.65 61.1
      vertex -2.59999 7.49213 61
    endloop
  endfacet
  facet normal 0.707142 0 -0.707071
    outer loop
      vertex -2.59999 7.49213 61
      vertex -2.5 5.65 61.1
      vertex -2.59999 5.64213 61
    endloop
  endfacet
  facet normal 0.707116 0 -0.707098
    outer loop
      vertex -2.10001 -5.61852 61.5
      vertex -2.10001 -7.46852 61.5
      vertex -2.5 -5.65 61.1
    endloop
  endfacet
  facet normal 0.707116 0 -0.707098
    outer loop
      vertex -2.5 -7.5 61.1
      vertex -2.5 -5.65 61.1
      vertex -2.10001 -7.46852 61.5
    endloop
  endfacet
  facet normal 0.707142 0 -0.707071
    outer loop
      vertex -2.59999 -7.49213 61
      vertex -2.5 -5.65 61.1
      vertex -2.5 -7.5 61.1
    endloop
  endfacet
  facet normal 0.707142 0 -0.707071
    outer loop
      vertex -2.5 -5.65 61.1
      vertex -2.59999 -7.49213 61
      vertex -2.59999 -5.64213 61
    endloop
  endfacet
  facet normal 0.707121 0 -0.707093
    outer loop
      vertex -2.10001 -50 61.5
      vertex -2.59999 -48.15 61
      vertex -2.10001 -48.15 61.5
    endloop
  endfacet
  facet normal 0.707121 0 -0.707093
    outer loop
      vertex -2.59999 -48.15 61
      vertex -2.10001 -50 61.5
      vertex -2.59999 -50 61
    endloop
  endfacet
  facet normal 0.707121 0 -0.707093
    outer loop
      vertex -2.10001 48.15 61.5
      vertex -2.59999 50 61
      vertex -2.10001 50 61.5
    endloop
  endfacet
  facet normal 0.707121 0 -0.707093
    outer loop
      vertex -2.59999 50 61
      vertex -2.10001 48.15 61.5
      vertex -2.59999 48.15 61
    endloop
  endfacet
  facet normal 0.707142 -0 0.707071
    outer loop
      vertex -2.5 5.65 60.9
      vertex -2.5 7.5 60.9
      vertex -2.59999 7.49213 61
    endloop
  endfacet
  facet normal 0.707119 0 0.707095
    outer loop
      vertex -2.5 7.5 60.9
      vertex -2.5 5.65 60.9
      vertex -1.32674 7.40766 59.7267
    endloop
  endfacet
  facet normal 0.707091 3.98706e-05 0.707123
    outer loop
      vertex -1.32674 7.40766 59.7267
      vertex -1.61615 5.58044 60.0162
      vertex -0.182373 7.13292 58.5824
    endloop
  endfacet
  facet normal 0.707088 4.06587e-05 0.707125
    outer loop
      vertex -1.32674 7.40766 59.7267
      vertex -2.5 5.65 60.9
      vertex -1.61615 5.58044 60.0162
    endloop
  endfacet
  facet normal 0.707142 0 0.707071
    outer loop
      vertex -2.5 5.65 60.9
      vertex -2.59999 7.49213 61
      vertex -2.59999 5.64213 61
    endloop
  endfacet
  facet normal 0.707109 6.09447e-06 0.707104
    outer loop
      vertex -0.754054 5.37347 59.1541
      vertex -0.182373 7.13292 58.5824
      vertex -1.61615 5.58044 60.0162
    endloop
  endfacet
  facet normal 0.707126 -4.74444e-06 0.707088
    outer loop
      vertex -0.182373 7.13292 58.5824
      vertex -0.754054 5.37347 59.1541
      vertex 0.399994 6.8917 58
    endloop
  endfacet
  facet normal 0.707143 -3.13358e-05 0.70707
    outer loop
      vertex 0.0650463 5.03419 58.3349
      vertex 0.399994 6.8917 58
      vertex -0.754054 5.37347 59.1541
    endloop
  endfacet
  facet normal 0.707056 0 0.707157
    outer loop
      vertex 0.399994 6.8917 58
      vertex 0.0650463 5.03419 58.3349
      vertex 0.399994 4.82893 58
    endloop
  endfacet
  facet normal 0.707142 -0 0.707071
    outer loop
      vertex -2.59999 -7.49213 61
      vertex -2.5 -5.65 60.9
      vertex -2.59999 -5.64213 61
    endloop
  endfacet
  facet normal 0.707117 4.58283e-05 0.707096
    outer loop
      vertex -2.5 -5.65 60.9
      vertex -0.182373 -7.13292 58.5824
      vertex 0.399994 -6.8917 58
    endloop
  endfacet
  facet normal 0.707091 -3.76879e-05 0.707123
    outer loop
      vertex -2.5 -5.65 60.9
      vertex -1.32674 -7.40766 59.7267
      vertex -0.182373 -7.13292 58.5824
    endloop
  endfacet
  facet normal 0.707142 0 0.707071
    outer loop
      vertex -2.5 -5.65 60.9
      vertex -2.59999 -7.49213 61
      vertex -2.5 -7.5 60.9
    endloop
  endfacet
  facet normal 0.707119 0 0.707095
    outer loop
      vertex -2.5 -5.65 60.9
      vertex -2.5 -7.5 60.9
      vertex -1.32674 -7.40766 59.7267
    endloop
  endfacet
  facet normal 0.707056 0 0.707157
    outer loop
      vertex 0.0650463 -5.03419 58.3349
      vertex 0.399994 -6.8917 58
      vertex 0.399994 -4.82893 58
    endloop
  endfacet
  facet normal 0.707143 3.13358e-05 0.70707
    outer loop
      vertex -0.754054 -5.37347 59.1541
      vertex 0.399994 -6.8917 58
      vertex 0.0650463 -5.03419 58.3349
    endloop
  endfacet
  facet normal 0.707111 -1.8372e-05 0.707103
    outer loop
      vertex -1.61615 -5.58044 60.0162
      vertex 0.399994 -6.8917 58
      vertex -0.754054 -5.37347 59.1541
    endloop
  endfacet
  facet normal 0.70709 -8.18062e-05 0.707124
    outer loop
      vertex 0.399994 -6.8917 58
      vertex -1.61615 -5.58044 60.0162
      vertex -2.5 -5.65 60.9
    endloop
  endfacet
  facet normal 0.707109 -0 0.707105
    outer loop
      vertex -2.59999 -50 61
      vertex 0.399994 -48.15 58
      vertex -2.59999 -48.15 61
    endloop
  endfacet
  facet normal 0.707109 0 0.707105
    outer loop
      vertex 0.399994 -48.15 58
      vertex -2.59999 -50 61
      vertex 0.399994 -50 58
    endloop
  endfacet
  facet normal 0.707109 -0 0.707105
    outer loop
      vertex -2.59999 48.15 61
      vertex 0.399994 50 58
      vertex -2.59999 50 61
    endloop
  endfacet
  facet normal 0.707109 0 0.707105
    outer loop
      vertex 0.399994 50 58
      vertex -2.59999 48.15 61
      vertex 0.399994 48.15 58
    endloop
  endfacet
  facet normal 0.707088 4.06587e-05 -0.707125
    outer loop
      vertex -1.32674 7.40766 56.2733
      vertex -1.61615 5.58044 55.9838
      vertex -2.5 5.65 55.1
    endloop
  endfacet
  facet normal 0.707109 6.09447e-06 -0.707104
    outer loop
      vertex -0.182373 7.13292 57.4176
      vertex -0.754054 5.37347 56.8459
      vertex -1.61615 5.58044 55.9838
    endloop
  endfacet
  facet normal 0.707143 -3.13358e-05 -0.70707
    outer loop
      vertex 0.399994 6.8917 58
      vertex 0.0650463 5.03419 57.6651
      vertex -0.754054 5.37347 56.8459
    endloop
  endfacet
  facet normal 0.707056 0 -0.707157
    outer loop
      vertex 0.0650463 5.03419 57.6651
      vertex 0.399994 6.8917 58
      vertex 0.399994 4.82893 58
    endloop
  endfacet
  facet normal 0.707119 0 -0.707095
    outer loop
      vertex -2.5 5.65 55.1
      vertex -2.5 7.5 55.1
      vertex -1.32674 7.40766 56.2733
    endloop
  endfacet
  facet normal 0.707091 3.98706e-05 -0.707123
    outer loop
      vertex -1.61615 5.58044 55.9838
      vertex -1.32674 7.40766 56.2733
      vertex -0.182373 7.13292 57.4176
    endloop
  endfacet
  facet normal 0.707126 -4.74444e-06 -0.707088
    outer loop
      vertex -0.754054 5.37347 56.8459
      vertex -0.182373 7.13292 57.4176
      vertex 0.399994 6.8917 58
    endloop
  endfacet
  facet normal 0.707142 0 -0.707071
    outer loop
      vertex -2.5 7.5 55.1
      vertex -2.5 5.65 55.1
      vertex -2.59999 7.49213 55
    endloop
  endfacet
  facet normal 0.707142 0 -0.707071
    outer loop
      vertex -2.59999 7.49213 55
      vertex -2.5 5.65 55.1
      vertex -2.59999 5.64213 55
    endloop
  endfacet
  facet normal 0.707109 -6.09447e-06 -0.707104
    outer loop
      vertex -0.754054 -5.37347 56.8459
      vertex -0.182373 -7.13292 57.4176
      vertex -1.61615 -5.58044 55.9838
    endloop
  endfacet
  facet normal 0.707126 4.74444e-06 -0.707088
    outer loop
      vertex -0.182373 -7.13292 57.4176
      vertex -0.754054 -5.37347 56.8459
      vertex 0.399994 -6.8917 58
    endloop
  endfacet
  facet normal 0.707143 3.13358e-05 -0.70707
    outer loop
      vertex 0.0650463 -5.03419 57.6651
      vertex 0.399994 -6.8917 58
      vertex -0.754054 -5.37347 56.8459
    endloop
  endfacet
  facet normal 0.707056 0 -0.707157
    outer loop
      vertex 0.399994 -6.8917 58
      vertex 0.0650463 -5.03419 57.6651
      vertex 0.399994 -4.82893 58
    endloop
  endfacet
  facet normal 0.707091 -3.98706e-05 -0.707123
    outer loop
      vertex -1.32674 -7.40766 56.2733
      vertex -1.61615 -5.58044 55.9838
      vertex -0.182373 -7.13292 57.4176
    endloop
  endfacet
  facet normal 0.707088 -4.06587e-05 -0.707125
    outer loop
      vertex -1.61615 -5.58044 55.9838
      vertex -1.32674 -7.40766 56.2733
      vertex -2.5 -5.65 55.1
    endloop
  endfacet
  facet normal 0.707119 0 -0.707095
    outer loop
      vertex -2.5 -7.5 55.1
      vertex -2.5 -5.65 55.1
      vertex -1.32674 -7.40766 56.2733
    endloop
  endfacet
  facet normal 0.707142 0 -0.707071
    outer loop
      vertex -2.59999 -7.49213 55
      vertex -2.5 -5.65 55.1
      vertex -2.5 -7.5 55.1
    endloop
  endfacet
  facet normal 0.707142 0 -0.707071
    outer loop
      vertex -2.5 -5.65 55.1
      vertex -2.59999 -7.49213 55
      vertex -2.59999 -5.64213 55
    endloop
  endfacet
  facet normal 0.707109 0 -0.707105
    outer loop
      vertex 0.399994 -50 58
      vertex -2.59999 -48.15 55
      vertex 0.399994 -48.15 58
    endloop
  endfacet
  facet normal 0.707109 0 -0.707105
    outer loop
      vertex -2.59999 -48.15 55
      vertex 0.399994 -50 58
      vertex -2.59999 -50 55
    endloop
  endfacet
  facet normal 0.707109 0 -0.707105
    outer loop
      vertex 0.399994 48.15 58
      vertex -2.59999 50 55
      vertex 0.399994 50 58
    endloop
  endfacet
  facet normal 0.707109 0 -0.707105
    outer loop
      vertex -2.59999 50 55
      vertex 0.399994 48.15 58
      vertex -2.59999 48.15 55
    endloop
  endfacet
  facet normal 0.707142 -0 0.707071
    outer loop
      vertex -2.5 5.65 54.9
      vertex -2.5 7.5 54.9
      vertex -2.59999 7.49213 55
    endloop
  endfacet
  facet normal 0.707119 0 0.707095
    outer loop
      vertex -2.5 7.5 54.9
      vertex -2.5 5.65 54.9
      vertex -1.32674 7.40766 53.7267
    endloop
  endfacet
  facet normal 0.707091 3.98706e-05 0.707123
    outer loop
      vertex -1.32674 7.40766 53.7267
      vertex -1.61615 5.58044 54.0162
      vertex -0.182373 7.13292 52.5824
    endloop
  endfacet
  facet normal 0.707088 4.06587e-05 0.707125
    outer loop
      vertex -1.32674 7.40766 53.7267
      vertex -2.5 5.65 54.9
      vertex -1.61615 5.58044 54.0162
    endloop
  endfacet
  facet normal 0.707142 0 0.707071
    outer loop
      vertex -2.5 5.65 54.9
      vertex -2.59999 7.49213 55
      vertex -2.59999 5.64213 55
    endloop
  endfacet
  facet normal 0.707109 6.09447e-06 0.707104
    outer loop
      vertex -0.754054 5.37347 53.1541
      vertex -0.182373 7.13292 52.5824
      vertex -1.61615 5.58044 54.0162
    endloop
  endfacet
  facet normal 0.707126 -4.74444e-06 0.707088
    outer loop
      vertex -0.182373 7.13292 52.5824
      vertex -0.754054 5.37347 53.1541
      vertex 0.399994 6.8917 52
    endloop
  endfacet
  facet normal 0.707143 -3.13358e-05 0.70707
    outer loop
      vertex 0.0650463 5.03419 52.3349
      vertex 0.399994 6.8917 52
      vertex -0.754054 5.37347 53.1541
    endloop
  endfacet
  facet normal 0.707056 0 0.707157
    outer loop
      vertex 0.399994 6.8917 52
      vertex 0.0650463 5.03419 52.3349
      vertex 0.399994 4.82893 52
    endloop
  endfacet
  facet normal 0.707142 -0 0.707071
    outer loop
      vertex -2.59999 -7.49213 55
      vertex -2.5 -5.65 54.9
      vertex -2.59999 -5.64213 55
    endloop
  endfacet
  facet normal 0.707117 4.58283e-05 0.707096
    outer loop
      vertex -2.5 -5.65 54.9
      vertex -0.182373 -7.13292 52.5824
      vertex 0.399994 -6.8917 52
    endloop
  endfacet
  facet normal 0.707091 -3.76879e-05 0.707123
    outer loop
      vertex -2.5 -5.65 54.9
      vertex -1.32674 -7.40766 53.7267
      vertex -0.182373 -7.13292 52.5824
    endloop
  endfacet
  facet normal 0.707142 0 0.707071
    outer loop
      vertex -2.5 -5.65 54.9
      vertex -2.59999 -7.49213 55
      vertex -2.5 -7.5 54.9
    endloop
  endfacet
  facet normal 0.707119 0 0.707095
    outer loop
      vertex -2.5 -5.65 54.9
      vertex -2.5 -7.5 54.9
      vertex -1.32674 -7.40766 53.7267
    endloop
  endfacet
  facet normal 0.707056 0 0.707157
    outer loop
      vertex 0.0650463 -5.03419 52.3349
      vertex 0.399994 -6.8917 52
      vertex 0.399994 -4.82893 52
    endloop
  endfacet
  facet normal 0.707143 3.13358e-05 0.70707
    outer loop
      vertex -0.754054 -5.37347 53.1541
      vertex 0.399994 -6.8917 52
      vertex 0.0650463 -5.03419 52.3349
    endloop
  endfacet
  facet normal 0.707111 -1.8372e-05 0.707103
    outer loop
      vertex -1.61615 -5.58044 54.0162
      vertex 0.399994 -6.8917 52
      vertex -0.754054 -5.37347 53.1541
    endloop
  endfacet
  facet normal 0.70709 -8.18062e-05 0.707124
    outer loop
      vertex 0.399994 -6.8917 52
      vertex -1.61615 -5.58044 54.0162
      vertex -2.5 -5.65 54.9
    endloop
  endfacet
  facet normal 0.707109 -0 0.707105
    outer loop
      vertex -2.59999 -50 55
      vertex 0.399994 -48.15 52
      vertex -2.59999 -48.15 55
    endloop
  endfacet
  facet normal 0.707109 0 0.707105
    outer loop
      vertex 0.399994 -48.15 52
      vertex -2.59999 -50 55
      vertex 0.399994 -50 52
    endloop
  endfacet
  facet normal 0.707109 -0 0.707105
    outer loop
      vertex -2.59999 48.15 55
      vertex 0.399994 50 52
      vertex -2.59999 50 55
    endloop
  endfacet
  facet normal 0.707109 0 0.707105
    outer loop
      vertex 0.399994 50 52
      vertex -2.59999 48.15 55
      vertex 0.399994 48.15 52
    endloop
  endfacet
  facet normal 0.707088 4.06587e-05 -0.707125
    outer loop
      vertex -1.32674 7.40766 50.2733
      vertex -1.61615 5.58044 49.9838
      vertex -2.5 5.65 49.1
    endloop
  endfacet
  facet normal 0.707109 6.09447e-06 -0.707104
    outer loop
      vertex -0.182373 7.13292 51.4176
      vertex -0.754054 5.37347 50.8459
      vertex -1.61615 5.58044 49.9838
    endloop
  endfacet
  facet normal 0.707143 -3.13358e-05 -0.70707
    outer loop
      vertex 0.399994 6.8917 52
      vertex 0.0650463 5.03419 51.6651
      vertex -0.754054 5.37347 50.8459
    endloop
  endfacet
  facet normal 0.707056 0 -0.707157
    outer loop
      vertex 0.0650463 5.03419 51.6651
      vertex 0.399994 6.8917 52
      vertex 0.399994 4.82893 52
    endloop
  endfacet
  facet normal 0.707119 0 -0.707095
    outer loop
      vertex -2.5 5.65 49.1
      vertex -2.5 7.5 49.1
      vertex -1.32674 7.40766 50.2733
    endloop
  endfacet
  facet normal 0.707091 3.98706e-05 -0.707123
    outer loop
      vertex -1.61615 5.58044 49.9838
      vertex -1.32674 7.40766 50.2733
      vertex -0.182373 7.13292 51.4176
    endloop
  endfacet
  facet normal 0.707126 -4.74444e-06 -0.707088
    outer loop
      vertex -0.754054 5.37347 50.8459
      vertex -0.182373 7.13292 51.4176
      vertex 0.399994 6.8917 52
    endloop
  endfacet
  facet normal 0.707142 0 -0.707071
    outer loop
      vertex -2.5 7.5 49.1
      vertex -2.5 5.65 49.1
      vertex -2.59999 7.49213 49
    endloop
  endfacet
  facet normal 0.707142 0 -0.707071
    outer loop
      vertex -2.59999 7.49213 49
      vertex -2.5 5.65 49.1
      vertex -2.59999 5.64213 49
    endloop
  endfacet
  facet normal 0.707109 -6.09447e-06 -0.707104
    outer loop
      vertex -0.754054 -5.37347 50.8459
      vertex -0.182373 -7.13292 51.4176
      vertex -1.61615 -5.58044 49.9838
    endloop
  endfacet
  facet normal 0.707126 4.74444e-06 -0.707088
    outer loop
      vertex -0.182373 -7.13292 51.4176
      vertex -0.754054 -5.37347 50.8459
      vertex 0.399994 -6.8917 52
    endloop
  endfacet
  facet normal 0.707143 3.13358e-05 -0.70707
    outer loop
      vertex 0.0650463 -5.03419 51.6651
      vertex 0.399994 -6.8917 52
      vertex -0.754054 -5.37347 50.8459
    endloop
  endfacet
  facet normal 0.707056 0 -0.707157
    outer loop
      vertex 0.399994 -6.8917 52
      vertex 0.0650463 -5.03419 51.6651
      vertex 0.399994 -4.82893 52
    endloop
  endfacet
  facet normal 0.707091 -3.98706e-05 -0.707123
    outer loop
      vertex -1.32674 -7.40766 50.2733
      vertex -1.61615 -5.58044 49.9838
      vertex -0.182373 -7.13292 51.4176
    endloop
  endfacet
  facet normal 0.707088 -4.06587e-05 -0.707125
    outer loop
      vertex -1.61615 -5.58044 49.9838
      vertex -1.32674 -7.40766 50.2733
      vertex -2.5 -5.65 49.1
    endloop
  endfacet
  facet normal 0.707119 0 -0.707095
    outer loop
      vertex -2.5 -7.5 49.1
      vertex -2.5 -5.65 49.1
      vertex -1.32674 -7.40766 50.2733
    endloop
  endfacet
  facet normal 0.707142 0 -0.707071
    outer loop
      vertex -2.59999 -7.49213 49
      vertex -2.5 -5.65 49.1
      vertex -2.5 -7.5 49.1
    endloop
  endfacet
  facet normal 0.707142 0 -0.707071
    outer loop
      vertex -2.5 -5.65 49.1
      vertex -2.59999 -7.49213 49
      vertex -2.59999 -5.64213 49
    endloop
  endfacet
  facet normal 0.707109 0 -0.707105
    outer loop
      vertex 0.399994 -50 52
      vertex -2.59999 -48.15 49
      vertex 0.399994 -48.15 52
    endloop
  endfacet
  facet normal 0.707109 0 -0.707105
    outer loop
      vertex -2.59999 -48.15 49
      vertex 0.399994 -50 52
      vertex -2.59999 -50 49
    endloop
  endfacet
  facet normal 0.707109 0 -0.707105
    outer loop
      vertex 0.399994 48.15 52
      vertex -2.59999 50 49
      vertex 0.399994 50 52
    endloop
  endfacet
  facet normal 0.707109 0 -0.707105
    outer loop
      vertex -2.59999 50 49
      vertex 0.399994 48.15 52
      vertex -2.59999 48.15 49
    endloop
  endfacet
  facet normal 0.707142 -0 0.707071
    outer loop
      vertex -2.5 5.65 48.9
      vertex -2.5 7.5 48.9
      vertex -2.59999 7.49213 49
    endloop
  endfacet
  facet normal 0.707119 0 0.707095
    outer loop
      vertex -2.5 7.5 48.9
      vertex -2.5 5.65 48.9
      vertex -1.32674 7.40766 47.7267
    endloop
  endfacet
  facet normal 0.707091 3.98706e-05 0.707123
    outer loop
      vertex -1.32674 7.40766 47.7267
      vertex -1.61615 5.58044 48.0162
      vertex -0.182373 7.13292 46.5824
    endloop
  endfacet
  facet normal 0.707088 4.06587e-05 0.707125
    outer loop
      vertex -1.32674 7.40766 47.7267
      vertex -2.5 5.65 48.9
      vertex -1.61615 5.58044 48.0162
    endloop
  endfacet
  facet normal 0.707142 0 0.707071
    outer loop
      vertex -2.5 5.65 48.9
      vertex -2.59999 7.49213 49
      vertex -2.59999 5.64213 49
    endloop
  endfacet
  facet normal 0.707109 6.09447e-06 0.707104
    outer loop
      vertex -0.754054 5.37347 47.1541
      vertex -0.182373 7.13292 46.5824
      vertex -1.61615 5.58044 48.0162
    endloop
  endfacet
  facet normal 0.707126 -4.74444e-06 0.707088
    outer loop
      vertex -0.182373 7.13292 46.5824
      vertex -0.754054 5.37347 47.1541
      vertex 0.399994 6.8917 46
    endloop
  endfacet
  facet normal 0.707143 -3.13358e-05 0.70707
    outer loop
      vertex 0.0650463 5.03419 46.3349
      vertex 0.399994 6.8917 46
      vertex -0.754054 5.37347 47.1541
    endloop
  endfacet
  facet normal 0.707056 0 0.707157
    outer loop
      vertex 0.399994 6.8917 46
      vertex 0.0650463 5.03419 46.3349
      vertex 0.399994 4.82893 46
    endloop
  endfacet
  facet normal 0.707142 -0 0.707071
    outer loop
      vertex -2.59999 -7.49213 49
      vertex -2.5 -5.65 48.9
      vertex -2.59999 -5.64213 49
    endloop
  endfacet
  facet normal 0.707117 4.58283e-05 0.707096
    outer loop
      vertex -2.5 -5.65 48.9
      vertex -0.182373 -7.13292 46.5824
      vertex 0.399994 -6.8917 46
    endloop
  endfacet
  facet normal 0.707091 -3.76879e-05 0.707123
    outer loop
      vertex -2.5 -5.65 48.9
      vertex -1.32674 -7.40766 47.7267
      vertex -0.182373 -7.13292 46.5824
    endloop
  endfacet
  facet normal 0.707142 0 0.707071
    outer loop
      vertex -2.5 -5.65 48.9
      vertex -2.59999 -7.49213 49
      vertex -2.5 -7.5 48.9
    endloop
  endfacet
  facet normal 0.707119 0 0.707095
    outer loop
      vertex -2.5 -5.65 48.9
      vertex -2.5 -7.5 48.9
      vertex -1.32674 -7.40766 47.7267
    endloop
  endfacet
  facet normal 0.707056 0 0.707157
    outer loop
      vertex 0.0650463 -5.03419 46.3349
      vertex 0.399994 -6.8917 46
      vertex 0.399994 -4.82893 46
    endloop
  endfacet
  facet normal 0.707143 3.13358e-05 0.70707
    outer loop
      vertex -0.754054 -5.37347 47.1541
      vertex 0.399994 -6.8917 46
      vertex 0.0650463 -5.03419 46.3349
    endloop
  endfacet
  facet normal 0.707111 -1.8372e-05 0.707103
    outer loop
      vertex -1.61615 -5.58044 48.0162
      vertex 0.399994 -6.8917 46
      vertex -0.754054 -5.37347 47.1541
    endloop
  endfacet
  facet normal 0.70709 -8.18062e-05 0.707124
    outer loop
      vertex 0.399994 -6.8917 46
      vertex -1.61615 -5.58044 48.0162
      vertex -2.5 -5.65 48.9
    endloop
  endfacet
  facet normal 0.707109 -0 0.707105
    outer loop
      vertex -2.59999 -50 49
      vertex 0.399994 -48.15 46
      vertex -2.59999 -48.15 49
    endloop
  endfacet
  facet normal 0.707109 0 0.707105
    outer loop
      vertex 0.399994 -48.15 46
      vertex -2.59999 -50 49
      vertex 0.399994 -50 46
    endloop
  endfacet
  facet normal 0.707109 -0 0.707105
    outer loop
      vertex -2.59999 48.15 49
      vertex 0.399994 50 46
      vertex -2.59999 50 49
    endloop
  endfacet
  facet normal 0.707109 0 0.707105
    outer loop
      vertex 0.399994 50 46
      vertex -2.59999 48.15 49
      vertex 0.399994 48.15 46
    endloop
  endfacet
  facet normal 0.707088 4.06587e-05 -0.707125
    outer loop
      vertex -1.32674 7.40766 44.2733
      vertex -1.61615 5.58044 43.9838
      vertex -2.5 5.65 43.1
    endloop
  endfacet
  facet normal 0.707109 6.09447e-06 -0.707104
    outer loop
      vertex -0.182373 7.13292 45.4176
      vertex -0.754054 5.37347 44.8459
      vertex -1.61615 5.58044 43.9838
    endloop
  endfacet
  facet normal 0.707143 -3.13358e-05 -0.70707
    outer loop
      vertex 0.399994 6.8917 46
      vertex 0.0650463 5.03419 45.6651
      vertex -0.754054 5.37347 44.8459
    endloop
  endfacet
  facet normal 0.707056 0 -0.707157
    outer loop
      vertex 0.0650463 5.03419 45.6651
      vertex 0.399994 6.8917 46
      vertex 0.399994 4.82893 46
    endloop
  endfacet
  facet normal 0.707119 0 -0.707095
    outer loop
      vertex -2.5 5.65 43.1
      vertex -2.5 7.5 43.1
      vertex -1.32674 7.40766 44.2733
    endloop
  endfacet
  facet normal 0.707091 3.98706e-05 -0.707123
    outer loop
      vertex -1.61615 5.58044 43.9838
      vertex -1.32674 7.40766 44.2733
      vertex -0.182373 7.13292 45.4176
    endloop
  endfacet
  facet normal 0.707126 -4.74444e-06 -0.707088
    outer loop
      vertex -0.754054 5.37347 44.8459
      vertex -0.182373 7.13292 45.4176
      vertex 0.399994 6.8917 46
    endloop
  endfacet
  facet normal 0.707142 0 -0.707071
    outer loop
      vertex -2.5 7.5 43.1
      vertex -2.5 5.65 43.1
      vertex -2.59999 7.49213 43
    endloop
  endfacet
  facet normal 0.707142 0 -0.707071
    outer loop
      vertex -2.59999 7.49213 43
      vertex -2.5 5.65 43.1
      vertex -2.59999 5.64213 43
    endloop
  endfacet
  facet normal 0.707109 -6.09447e-06 -0.707104
    outer loop
      vertex -0.754054 -5.37347 44.8459
      vertex -0.182373 -7.13292 45.4176
      vertex -1.61615 -5.58044 43.9838
    endloop
  endfacet
  facet normal 0.707126 4.74444e-06 -0.707088
    outer loop
      vertex -0.182373 -7.13292 45.4176
      vertex -0.754054 -5.37347 44.8459
      vertex 0.399994 -6.8917 46
    endloop
  endfacet
  facet normal 0.707143 3.13358e-05 -0.70707
    outer loop
      vertex 0.0650463 -5.03419 45.6651
      vertex 0.399994 -6.8917 46
      vertex -0.754054 -5.37347 44.8459
    endloop
  endfacet
  facet normal 0.707056 0 -0.707157
    outer loop
      vertex 0.399994 -6.8917 46
      vertex 0.0650463 -5.03419 45.6651
      vertex 0.399994 -4.82893 46
    endloop
  endfacet
  facet normal 0.707091 -3.98706e-05 -0.707123
    outer loop
      vertex -1.32674 -7.40766 44.2733
      vertex -1.61615 -5.58044 43.9838
      vertex -0.182373 -7.13292 45.4176
    endloop
  endfacet
  facet normal 0.707088 -4.06587e-05 -0.707125
    outer loop
      vertex -1.61615 -5.58044 43.9838
      vertex -1.32674 -7.40766 44.2733
      vertex -2.5 -5.65 43.1
    endloop
  endfacet
  facet normal 0.707119 0 -0.707095
    outer loop
      vertex -2.5 -7.5 43.1
      vertex -2.5 -5.65 43.1
      vertex -1.32674 -7.40766 44.2733
    endloop
  endfacet
  facet normal 0.707142 0 -0.707071
    outer loop
      vertex -2.59999 -7.49213 43
      vertex -2.5 -5.65 43.1
      vertex -2.5 -7.5 43.1
    endloop
  endfacet
  facet normal 0.707142 0 -0.707071
    outer loop
      vertex -2.5 -5.65 43.1
      vertex -2.59999 -7.49213 43
      vertex -2.59999 -5.64213 43
    endloop
  endfacet
  facet normal 0.707109 0 -0.707105
    outer loop
      vertex 0.399994 -50 46
      vertex -2.59999 -48.15 43
      vertex 0.399994 -48.15 46
    endloop
  endfacet
  facet normal 0.707109 0 -0.707105
    outer loop
      vertex -2.59999 -48.15 43
      vertex 0.399994 -50 46
      vertex -2.59999 -50 43
    endloop
  endfacet
  facet normal 0.707109 0 -0.707105
    outer loop
      vertex 0.399994 48.15 46
      vertex -2.59999 50 43
      vertex 0.399994 50 46
    endloop
  endfacet
  facet normal 0.707109 0 -0.707105
    outer loop
      vertex -2.59999 50 43
      vertex 0.399994 48.15 46
      vertex -2.59999 48.15 43
    endloop
  endfacet
  facet normal 0 0 1
    outer loop
      vertex -2.59999 -7.49213 43
      vertex -2.5 -5.65 43
      vertex -2.59999 -5.64213 43
    endloop
  endfacet
  facet normal 0 0 1
    outer loop
      vertex -2.5 -5.65 43
      vertex -2.59999 -7.49213 43
      vertex -2.5 -7.5 43
    endloop
  endfacet
  facet normal -0 0 1
    outer loop
      vertex -2.59999 7.49213 43
      vertex -2.5 5.65 43
      vertex -2.5 7.5 43
    endloop
  endfacet
  facet normal 0 0 1
    outer loop
      vertex -2.5 5.65 43
      vertex -2.59999 7.49213 43
      vertex -2.59999 5.64213 43
    endloop
  endfacet
  facet normal -0 0 1
    outer loop
      vertex -2.59999 -48.15 43
      vertex -2.5 -50 43
      vertex -2.5 -48.15 43
    endloop
  endfacet
  facet normal 0 0 1
    outer loop
      vertex -2.5 -50 43
      vertex -2.59999 -48.15 43
      vertex -2.59999 -50 43
    endloop
  endfacet
  facet normal -0 0 1
    outer loop
      vertex -2.59999 50 43
      vertex -2.5 48.15 43
      vertex -2.5 50 43
    endloop
  endfacet
  facet normal 0 0 1
    outer loop
      vertex -2.5 48.15 43
      vertex -2.59999 50 43
      vertex -2.59999 48.15 43
    endloop
  endfacet
  facet normal 1 -0 0
    outer loop
      vertex -2.5 48.15 4.96
      vertex -2.5 50 4.95999
      vertex -2.5 50 4.96
    endloop
  endfacet
  facet normal 1 0 0
    outer loop
      vertex -2.5 50 4.95999
      vertex -2.5 48.15 4.96
      vertex -2.5 48.15 4.95999
    endloop
  endfacet
  facet normal 1 -0 0
    outer loop
      vertex -2.5 -50 4.96
      vertex -2.5 -48.15 4.95999
      vertex -2.5 -48.15 4.96
    endloop
  endfacet
  facet normal 1 0 0
    outer loop
      vertex -2.5 -48.15 4.95999
      vertex -2.5 -50 4.96
      vertex -2.5 -50 4.95999
    endloop
  endfacet
  facet normal 1 -0 0
    outer loop
      vertex -2.5 48.15 43
      vertex -2.5 50 42.96
      vertex -2.5 50 43
    endloop
  endfacet
  facet normal 1 0 0
    outer loop
      vertex -2.5 50 42.96
      vertex -2.5 48.15 43
      vertex -2.5 48.15 42.96
    endloop
  endfacet
  facet normal 1 -0 0
    outer loop
      vertex -2.5 -50 43
      vertex -2.5 -48.15 42.96
      vertex -2.5 -48.15 43
    endloop
  endfacet
  facet normal 1 0 0
    outer loop
      vertex -2.5 -48.15 42.96
      vertex -2.5 -50 43
      vertex -2.5 -50 42.96
    endloop
  endfacet
  facet normal 1 -0 0
    outer loop
      vertex -2.5 -7.5 43
      vertex -2.5 -5.65 4.95999
      vertex -2.5 -5.65 43
    endloop
  endfacet
  facet normal 1 0 0
    outer loop
      vertex -2.5 -5.65 4.95999
      vertex -2.5 -7.5 43
      vertex -2.5 -7.5 4.95999
    endloop
  endfacet
  facet normal 1 -0 0
    outer loop
      vertex -2.5 5.65 43
      vertex -2.5 7.5 4.95999
      vertex -2.5 7.5 43
    endloop
  endfacet
  facet normal 1 0 0
    outer loop
      vertex -2.5 7.5 4.95999
      vertex -2.5 5.65 43
      vertex -2.5 5.65 4.95999
    endloop
  endfacet
  facet normal 0 0 -1
    outer loop
      vertex -2.59999 -7.49213 4.95999
      vertex -2.5 -5.65 4.95999
      vertex -2.5 -7.5 4.95999
    endloop
  endfacet
  facet normal -0 0 -1
    outer loop
      vertex -2.5 -5.65 4.95999
      vertex -2.59999 -7.49213 4.95999
      vertex -2.59999 -5.64213 4.95999
    endloop
  endfacet
  facet normal 0 0 -1
    outer loop
      vertex -2.59999 7.49213 4.95999
      vertex -2.5 5.65 4.95999
      vertex -2.59999 5.64213 4.95999
    endloop
  endfacet
  facet normal 0 0 -1
    outer loop
      vertex -2.5 5.65 4.95999
      vertex -2.59999 7.49213 4.95999
      vertex -2.5 7.5 4.95999
    endloop
  endfacet
  facet normal 0 0 -1
    outer loop
      vertex -2.59999 -50 4.95999
      vertex -2.5 -48.15 4.95999
      vertex -2.5 -50 4.95999
    endloop
  endfacet
  facet normal -0 0 -1
    outer loop
      vertex -2.5 -48.15 4.95999
      vertex -2.59999 -50 4.95999
      vertex -2.59999 -48.15 4.95999
    endloop
  endfacet
  facet normal 0 0 -1
    outer loop
      vertex -2.59999 48.15 4.95999
      vertex -2.5 50 4.95999
      vertex -2.5 48.15 4.95999
    endloop
  endfacet
  facet normal -0 0 -1
    outer loop
      vertex -2.5 50 4.95999
      vertex -2.59999 48.15 4.95999
      vertex -2.59999 50 4.95999
    endloop
  endfacet
  facet normal 0.707107 -0 0.707107
    outer loop
      vertex -2.5 5.65 4.86
      vertex -2.5 7.5 4.86
      vertex -2.59999 7.49213 4.95999
    endloop
  endfacet
  facet normal 0.70711 0 0.707104
    outer loop
      vertex -2.5 7.5 4.86
      vertex -2.5 5.65 4.86
      vertex -1.32674 7.40766 3.68673
    endloop
  endfacet
  facet normal 0.707111 -1.25155e-06 0.707103
    outer loop
      vertex -1.32674 7.40766 3.68673
      vertex -2.5 5.65 4.86
      vertex -1.61615 5.58044 3.97614
    endloop
  endfacet
  facet normal 0.707107 0 0.707107
    outer loop
      vertex -2.5 5.65 4.86
      vertex -2.59999 7.49213 4.95999
      vertex -2.59999 5.64213 4.95999
    endloop
  endfacet
  facet normal 0.707107 9.18211e-17 0.707107
    outer loop
      vertex -1.32674 7.40766 3.68673
      vertex -1.61615 5.58044 3.97614
      vertex -1.04501 7.34002 3.405
    endloop
  endfacet
  facet normal 0.707107 0 0.707107
    outer loop
      vertex -1.04501 7.34002 3.405
      vertex -1.61615 5.58044 3.97614
      vertex -1.04501 5.44332 3.405
    endloop
  endfacet
  facet normal 0.707107 -0 0.707107
    outer loop
      vertex -2.59999 -7.49213 4.95999
      vertex -2.5 -5.65 4.86
      vertex -2.59999 -5.64213 4.95999
    endloop
  endfacet
  facet normal 0.707107 -3.46732e-06 0.707106
    outer loop
      vertex -2.5 -5.65 4.86
      vertex -1.32674 -7.40766 3.68673
      vertex -1.04501 -7.34002 3.405
    endloop
  endfacet
  facet normal 0.707107 0 0.707107
    outer loop
      vertex -2.5 -5.65 4.86
      vertex -2.59999 -7.49213 4.95999
      vertex -2.5 -7.5 4.86
    endloop
  endfacet
  facet normal 0.70711 0 0.707104
    outer loop
      vertex -2.5 -5.65 4.86
      vertex -2.5 -7.5 4.86
      vertex -1.32674 -7.40766 3.68673
    endloop
  endfacet
  facet normal 0.707107 0 0.707107
    outer loop
      vertex -1.61615 -5.58044 3.97614
      vertex -1.04501 -7.34002 3.405
      vertex -1.04501 -5.44332 3.405
    endloop
  endfacet
  facet normal 0.707111 2.53211e-06 0.707103
    outer loop
      vertex -1.04501 -7.34002 3.405
      vertex -1.61615 -5.58044 3.97614
      vertex -2.5 -5.65 4.86
    endloop
  endfacet
  facet normal 0.707109 -0 0.707105
    outer loop
      vertex -2.59999 -50 4.95999
      vertex -1.04501 -48.15 3.405
      vertex -2.59999 -48.15 4.95999
    endloop
  endfacet
  facet normal 0.707109 0 0.707105
    outer loop
      vertex -1.04501 -48.15 3.405
      vertex -2.59999 -50 4.95999
      vertex -1.04501 -50 3.405
    endloop
  endfacet
  facet normal 0.707109 -0 0.707105
    outer loop
      vertex -2.59999 48.15 4.95999
      vertex -1.04501 50 3.405
      vertex -2.59999 50 4.95999
    endloop
  endfacet
  facet normal 0.707109 0 0.707105
    outer loop
      vertex -1.04501 50 3.405
      vertex -2.59999 48.15 4.95999
      vertex -1.04501 48.15 3.405
    endloop
  endfacet
  facet normal 0.707114 -8.35749e-07 -0.7071
    outer loop
      vertex -2.59999 -50 1.84999
      vertex -1.45 -48.15 3
      vertex -1.04501 -50 3.405
    endloop
  endfacet
  facet normal 0.707116 0 -0.707098
    outer loop
      vertex -1.04501 -50 3.405
      vertex -1.45 -48.15 3
      vertex -1.04501 -48.15 3.405
    endloop
  endfacet
  facet normal 0.707119 3.82964e-06 -0.707095
    outer loop
      vertex -1.32674 -7.40766 3.12326
      vertex -1.61615 -5.58044 2.83385
      vertex -1.04501 -7.34002 3.405
    endloop
  endfacet
  facet normal 0.707113 0 -0.707101
    outer loop
      vertex -1.04501 -7.34002 3.405
      vertex -1.61615 -5.58044 2.83385
      vertex -1.04501 -5.44332 3.405
    endloop
  endfacet
  facet normal 0.707115 2.50308e-06 -0.707099
    outer loop
      vertex -1.61615 -5.58044 2.83385
      vertex -1.32674 -7.40766 3.12326
      vertex -2.5 -5.65 1.94998
    endloop
  endfacet
  facet normal 0.707113 0 -0.707101
    outer loop
      vertex -2.5 -7.5 1.94998
      vertex -2.5 -5.65 1.94998
      vertex -1.32674 -7.40766 3.12326
    endloop
  endfacet
  facet normal 0.707107 0 -0.707107
    outer loop
      vertex -2.59998 -7.49213 1.85
      vertex -2.5 -5.65 1.94998
      vertex -2.5 -7.5 1.94998
    endloop
  endfacet
  facet normal 0.707107 0 -0.707107
    outer loop
      vertex -2.59998 -48.15 1.85
      vertex -2.59999 -5.64213 1.84999
      vertex -2.59998 -7.49213 1.85
    endloop
  endfacet
  facet normal 0.707113 -4.20719e-07 -0.7071
    outer loop
      vertex -1.45 -48.15 3
      vertex -2.59999 -50 1.84999
      vertex -2.54 -48.15 1.90998
    endloop
  endfacet
  facet normal 0.707107 0 -0.707107
    outer loop
      vertex -2.59998 -48.15 1.85
      vertex -2.59999 -50 1.84999
      vertex -2.59999 -5.64213 1.84999
    endloop
  endfacet
  facet normal 0.707107 0 -0.707107
    outer loop
      vertex -2.54 -48.15 1.90998
      vertex -2.59999 -50 1.84999
      vertex -2.59998 -48.15 1.85
    endloop
  endfacet
  facet normal 0.707107 0 -0.707107
    outer loop
      vertex -2.5 -5.65 1.94998
      vertex -2.59998 -7.49213 1.85
      vertex -2.59999 -5.64213 1.84999
    endloop
  endfacet
  facet normal 0.707107 0 -0.707107
    outer loop
      vertex -2.5 5.65 1.94998
      vertex -2.59999 5.64213 1.84999
      vertex -2.54 5.65 1.90998
    endloop
  endfacet
  facet normal 0.707107 0 -0.707107
    outer loop
      vertex -2.54 7.49685 1.90998
      vertex -2.54 5.65 1.90998
      vertex -2.59998 7.49213 1.85
    endloop
  endfacet
  facet normal 0.707114 8.35749e-07 -0.7071
    outer loop
      vertex -1.04501 50 3.405
      vertex -1.45 48.15 3
      vertex -2.59999 50 1.84999
    endloop
  endfacet
  facet normal 0.707116 0 -0.707098
    outer loop
      vertex -1.04501 48.15 3.405
      vertex -1.45 48.15 3
      vertex -1.04501 50 3.405
    endloop
  endfacet
  facet normal 0.707113 4.20719e-07 -0.7071
    outer loop
      vertex -2.54 48.15 1.90998
      vertex -2.59999 50 1.84999
      vertex -1.45 48.15 3
    endloop
  endfacet
  facet normal 0.707107 0 -0.707107
    outer loop
      vertex -2.54 48.15 1.90998
      vertex -2.59998 48.15 1.85
      vertex -2.59999 50 1.84999
    endloop
  endfacet
  facet normal 0.707107 0 -0.707107
    outer loop
      vertex -2.59998 7.49213 1.85
      vertex -2.59999 50 1.84999
      vertex -2.59998 48.15 1.85
    endloop
  endfacet
  facet normal 0.707107 0 -0.707107
    outer loop
      vertex -2.59998 7.49213 1.85
      vertex -2.59999 5.64213 1.84999
      vertex -2.59999 50 1.84999
    endloop
  endfacet
  facet normal 0.707107 0 -0.707107
    outer loop
      vertex -2.59999 5.64213 1.84999
      vertex -2.59998 7.49213 1.85
      vertex -2.54 5.65 1.90998
    endloop
  endfacet
  facet normal 0.707119 -1.73093e-06 -0.707094
    outer loop
      vertex -1.45 5.65 3
      vertex -1.32674 7.40766 3.12326
      vertex -1.04501 7.34002 3.405
    endloop
  endfacet
  facet normal 0.707107 0 -0.707107
    outer loop
      vertex -1.32674 7.40766 3.12326
      vertex -1.45 5.65 3
      vertex -1.45 7.41736 3
    endloop
  endfacet
  facet normal 0.707114 -3.21708e-05 -0.7071
    outer loop
      vertex -1.45 5.65 3
      vertex -1.61615 5.58044 2.83385
      vertex -2.5 5.65 1.94998
    endloop
  endfacet
  facet normal 0.707111 -1.87943e-05 -0.707103
    outer loop
      vertex -1.45 5.65 3
      vertex -1.04501 5.44332 3.405
      vertex -1.61615 5.58044 2.83385
    endloop
  endfacet
  facet normal 0.707116 0 -0.707098
    outer loop
      vertex -1.04501 5.44332 3.405
      vertex -1.45 5.65 3
      vertex -1.04501 7.34002 3.405
    endloop
  endfacet
  facet normal 0 0 1
    outer loop
      vertex -2.5 50 1.84999
      vertex -2.54 48.15 1.84999
      vertex -2.5 48.15 1.84999
    endloop
  endfacet
  facet normal 0 0 1
    outer loop
      vertex -2.59999 50 1.84999
      vertex -2.54 38.15 1.84999
      vertex -2.54 48.15 1.84999
    endloop
  endfacet
  facet normal 0 0 1
    outer loop
      vertex -2.54 38.15 1.84999
      vertex -2.59999 50 1.84999
      vertex -2.54 15.65 1.84999
    endloop
  endfacet
  facet normal 0 0 1
    outer loop
      vertex -2.54 15.65 1.84999
      vertex -2.59999 50 1.84999
      vertex -2.59999 5.64213 1.84999
    endloop
  endfacet
  facet normal -0 0 1
    outer loop
      vertex -2.59999 50 1.84999
      vertex -2.54 48.15 1.84999
      vertex -2.5 50 1.84999
    endloop
  endfacet
  facet normal -0 0 1
    outer loop
      vertex -2.54 38.15 1.84999
      vertex -2.5 15.65 1.84999
      vertex -2.5 38.15 1.84999
    endloop
  endfacet
  facet normal 0 0 1
    outer loop
      vertex -2.5 15.65 1.84999
      vertex -2.54 38.15 1.84999
      vertex -2.54 15.65 1.84999
    endloop
  endfacet
  facet normal -0 0 1
    outer loop
      vertex -2.54 5.65 1.84999
      vertex -2.59999 5.64213 1.84999
      vertex -2.5 5.65 1.84999
    endloop
  endfacet
  facet normal 0 0 1
    outer loop
      vertex -2.54 15.65 1.84999
      vertex -2.59999 5.64213 1.84999
      vertex -2.54 5.65 1.84999
    endloop
  endfacet
  facet normal 0 0 1
    outer loop
      vertex -2.5 -5.65 1.84999
      vertex -2.54 -38.15 1.84999
      vertex -2.5 -38.15 1.84999
    endloop
  endfacet
  facet normal 0 0 1
    outer loop
      vertex -2.59999 -50 1.84999
      vertex -2.54 -38.15 1.84999
      vertex -2.59999 -5.64213 1.84999
    endloop
  endfacet
  facet normal 0 0 1
    outer loop
      vertex -2.59999 -5.64213 1.84999
      vertex -2.54 -38.15 1.84999
      vertex -2.5 -5.65 1.84999
    endloop
  endfacet
  facet normal -0 0 1
    outer loop
      vertex -2.54 -48.15 1.84999
      vertex -2.5 -50 1.84999
      vertex -2.5 -48.15 1.84999
    endloop
  endfacet
  facet normal 0 0 1
    outer loop
      vertex -2.54 -48.15 1.84999
      vertex -2.59999 -50 1.84999
      vertex -2.5 -50 1.84999
    endloop
  endfacet
  facet normal 0 0 1
    outer loop
      vertex -2.54 -38.15 1.84999
      vertex -2.59999 -50 1.84999
      vertex -2.54 -48.15 1.84999
    endloop
  endfacet
  facet normal 1 -0 0
    outer loop
      vertex -2.5 -38.15 1.84999
      vertex -2.5 -5.65 0
      vertex -2.5 -5.65 1.84999
    endloop
  endfacet
  facet normal 1 0 0
    outer loop
      vertex -2.5 -5.65 0
      vertex -2.5 -38.15 1.84999
      vertex -2.5 -38.15 0
    endloop
  endfacet
  facet normal 1 -0 0
    outer loop
      vertex -2.5 48.15 1.84999
      vertex -2.5 50 0
      vertex -2.5 50 1.84999
    endloop
  endfacet
  facet normal 1 0 0
    outer loop
      vertex -2.5 50 0
      vertex -2.5 48.15 1.84999
      vertex -2.5 48.15 0
    endloop
  endfacet
  facet normal 1 -0 0
    outer loop
      vertex -2.5 -50 1.84999
      vertex -2.5 -48.15 0
      vertex -2.5 -48.15 1.84999
    endloop
  endfacet
  facet normal 1 0 0
    outer loop
      vertex -2.5 -48.15 0
      vertex -2.5 -50 1.84999
      vertex -2.5 -50 0
    endloop
  endfacet
  facet normal 1 -0 0
    outer loop
      vertex -2.5 15.65 1.84999
      vertex -2.5 38.15 0
      vertex -2.5 38.15 1.84999
    endloop
  endfacet
  facet normal 1 0 0
    outer loop
      vertex -2.5 38.15 0
      vertex -2.5 15.65 1.84999
      vertex -2.5 15.65 0
    endloop
  endfacet
  facet normal -1 0 0
    outer loop
      vertex -2.54 -38.15 1.84999
      vertex -2.54 -48.15 1.90998
      vertex -2.54 -38.15 3
    endloop
  endfacet
  facet normal -1 0 0
    outer loop
      vertex -2.54 -48.15 1.84999
      vertex -2.54 -48.15 1.90998
      vertex -2.54 -38.15 1.84999
    endloop
  endfacet
  facet normal -1 -0 0
    outer loop
      vertex -2.54 -38.15 3
      vertex -2.54 -48.15 1.90998
      vertex -2.54 -48.15 3
    endloop
  endfacet
  facet normal 0 0 1
    outer loop
      vertex 1.46 -38.15 3
      vertex -1.45 -48.15 3
      vertex 1.46 -48.15 3
    endloop
  endfacet
  facet normal -0 0 1
    outer loop
      vertex -2.54 -38.15 3
      vertex -1.45 -48.15 3
      vertex 1.46 -38.15 3
    endloop
  endfacet
  facet normal 0 0 1
    outer loop
      vertex -1.45 -48.15 3
      vertex -2.54 -38.15 3
      vertex -2.54 -48.15 3
    endloop
  endfacet
  facet normal 1 -0 0
    outer loop
      vertex 1.46 -48.15 3
      vertex 1.46 -38.15 0
      vertex 1.46 -38.15 3
    endloop
  endfacet
  facet normal 1 0 0
    outer loop
      vertex 1.46 -38.15 0
      vertex 1.46 -48.15 3
      vertex 1.46 -48.15 0
    endloop
  endfacet
  facet normal 0 1 0
    outer loop
      vertex 1.46 -38.15 3
      vertex -2.5 -38.15 1.84999
      vertex -2.54 -38.15 3
    endloop
  endfacet
  facet normal 0 1 -0
    outer loop
      vertex 1.46 -38.15 0
      vertex -2.5 -38.15 1.84999
      vertex 1.46 -38.15 3
    endloop
  endfacet
  facet normal 0 1 0
    outer loop
      vertex -2.5 -38.15 1.84999
      vertex 1.46 -38.15 0
      vertex -2.5 -38.15 0
    endloop
  endfacet
  facet normal 0 1 0
    outer loop
      vertex -2.54 -38.15 3
      vertex -2.5 -38.15 1.84999
      vertex -2.54 -38.15 1.84999
    endloop
  endfacet
  facet normal 0 -1 0
    outer loop
      vertex -2.5 -48.15 1.84999
      vertex -1.45 -48.15 3
      vertex -2.54 -48.15 1.90998
    endloop
  endfacet
  facet normal 0 -1 0
    outer loop
      vertex -2.5 -48.15 1.84999
      vertex -2.54 -48.15 1.90998
      vertex -2.54 -48.15 1.84999
    endloop
  endfacet
  facet normal 0 -1 0
    outer loop
      vertex 1.46 -48.15 0
      vertex -1.45 -48.15 3
      vertex -2.5 -48.15 1.84999
    endloop
  endfacet
  facet normal 0 -1 0
    outer loop
      vertex 1.46 -48.15 0
      vertex -2.5 -48.15 1.84999
      vertex -2.5 -48.15 0
    endloop
  endfacet
  facet normal 0 -1 0
    outer loop
      vertex -1.45 -48.15 3
      vertex 1.46 -48.15 0
      vertex 1.46 -48.15 3
    endloop
  endfacet
  facet normal -1 0 0
    outer loop
      vertex -2.54 15.65 1.84999
      vertex -2.54 7.49685 1.90998
      vertex -2.54 15.65 3
    endloop
  endfacet
  facet normal -1 0 0
    outer loop
      vertex -2.54 5.65 1.84999
      vertex -2.54 7.49685 1.90998
      vertex -2.54 15.65 1.84999
    endloop
  endfacet
  facet normal -1 -0 0
    outer loop
      vertex -2.54 7.49685 1.90998
      vertex -2.54 5.65 1.84999
      vertex -2.54 5.65 1.90998
    endloop
  endfacet
  facet normal -1 -0 0
    outer loop
      vertex -2.54 15.65 3
      vertex -2.54 7.49685 1.90998
      vertex -2.54 7.49685 3
    endloop
  endfacet
  facet normal 0 0 1
    outer loop
      vertex 1.46 15.65 3
      vertex -1.45 7.41736 3
      vertex 1.46 5.65 3
    endloop
  endfacet
  facet normal -0 0 1
    outer loop
      vertex -2.54 15.65 3
      vertex -1.45 7.41736 3
      vertex 1.46 15.65 3
    endloop
  endfacet
  facet normal 0 0 1
    outer loop
      vertex -1.45 7.41736 3
      vertex -2.54 15.65 3
      vertex -2.5 7.5 3
    endloop
  endfacet
  facet normal 0 0 1
    outer loop
      vertex -2.5 7.5 3
      vertex -2.54 15.65 3
      vertex -2.54 7.49685 3
    endloop
  endfacet
  facet normal 0 0 1
    outer loop
      vertex 1.46 5.65 3
      vertex -1.45 7.41736 3
      vertex -1.45 5.65 3
    endloop
  endfacet
  facet normal 1 -0 0
    outer loop
      vertex 1.46 5.65 3
      vertex 1.46 15.65 0
      vertex 1.46 15.65 3
    endloop
  endfacet
  facet normal 1 0 0
    outer loop
      vertex 1.46 15.65 0
      vertex 1.46 5.65 3
      vertex 1.46 5.65 0
    endloop
  endfacet
  facet normal 0 -1 0
    outer loop
      vertex -2.5 5.65 1.84999
      vertex -1.45 5.65 3
      vertex -2.5 5.65 1.94998
    endloop
  endfacet
  facet normal 0 -1 0
    outer loop
      vertex -2.5 5.65 1.84999
      vertex -2.5 5.65 1.94998
      vertex -2.54 5.65 1.90998
    endloop
  endfacet
  facet normal 0 -1 0
    outer loop
      vertex -2.5 5.65 1.84999
      vertex -2.54 5.65 1.90998
      vertex -2.54 5.65 1.84999
    endloop
  endfacet
  facet normal 0 -1 0
    outer loop
      vertex 1.46 5.65 0
      vertex -1.45 5.65 3
      vertex -2.5 5.65 1.84999
    endloop
  endfacet
  facet normal 0 -1 0
    outer loop
      vertex 1.46 5.65 0
      vertex -2.5 5.65 1.84999
      vertex -2.5 5.65 0
    endloop
  endfacet
  facet normal 0 -1 0
    outer loop
      vertex -1.45 5.65 3
      vertex 1.46 5.65 0
      vertex 1.46 5.65 3
    endloop
  endfacet
  facet normal 0 1 0
    outer loop
      vertex 1.46 15.65 3
      vertex -2.5 15.65 1.84999
      vertex -2.54 15.65 3
    endloop
  endfacet
  facet normal 0 1 -0
    outer loop
      vertex 1.46 15.65 0
      vertex -2.5 15.65 1.84999
      vertex 1.46 15.65 3
    endloop
  endfacet
  facet normal 0 1 0
    outer loop
      vertex -2.5 15.65 1.84999
      vertex 1.46 15.65 0
      vertex -2.5 15.65 0
    endloop
  endfacet
  facet normal 0 1 0
    outer loop
      vertex -2.54 15.65 3
      vertex -2.5 15.65 1.84999
      vertex -2.54 15.65 1.84999
    endloop
  endfacet
  facet normal -1 0 0
    outer loop
      vertex -2.54 38.15 1.84999
      vertex -2.54 48.15 1.90998
      vertex -2.54 48.15 1.84999
    endloop
  endfacet
  facet normal -1 0 0
    outer loop
      vertex -2.54 38.15 1.84999
      vertex -2.54 48.15 3
      vertex -2.54 48.15 1.90998
    endloop
  endfacet
  facet normal -1 -0 0
    outer loop
      vertex -2.54 48.15 3
      vertex -2.54 38.15 1.84999
      vertex -2.54 38.15 3
    endloop
  endfacet
  facet normal 0 0 1
    outer loop
      vertex 1.46 48.15 3
      vertex -1.45 48.15 3
      vertex 1.46 38.15 3
    endloop
  endfacet
  facet normal 0 0 1
    outer loop
      vertex -2.54 38.15 3
      vertex -1.45 48.15 3
      vertex -2.54 48.15 3
    endloop
  endfacet
  facet normal 0 0 1
    outer loop
      vertex -1.45 48.15 3
      vertex -2.54 38.15 3
      vertex 1.46 38.15 3
    endloop
  endfacet
  facet normal 1 -0 0
    outer loop
      vertex 1.46 38.15 3
      vertex 1.46 48.15 0
      vertex 1.46 48.15 3
    endloop
  endfacet
  facet normal 1 0 0
    outer loop
      vertex 1.46 48.15 0
      vertex 1.46 38.15 3
      vertex 1.46 38.15 0
    endloop
  endfacet
  facet normal 0 1 -0
    outer loop
      vertex 1.46 48.15 0
      vertex -1.45 48.15 3
      vertex 1.46 48.15 3
    endloop
  endfacet
  facet normal 0 1 0
    outer loop
      vertex -1.45 48.15 3
      vertex -2.5 48.15 1.84999
      vertex -2.54 48.15 1.90998
    endloop
  endfacet
  facet normal 0 1 0
    outer loop
      vertex -1.45 48.15 3
      vertex 1.46 48.15 0
      vertex -2.5 48.15 1.84999
    endloop
  endfacet
  facet normal 0 1 0
    outer loop
      vertex -2.5 48.15 1.84999
      vertex 1.46 48.15 0
      vertex -2.5 48.15 0
    endloop
  endfacet
  facet normal 0 1 0
    outer loop
      vertex -2.54 48.15 1.90998
      vertex -2.5 48.15 1.84999
      vertex -2.54 48.15 1.84999
    endloop
  endfacet
  facet normal 0 -1 0
    outer loop
      vertex -2.5 38.15 1.84999
      vertex -2.54 38.15 3
      vertex -2.54 38.15 1.84999
    endloop
  endfacet
  facet normal 0 -1 0
    outer loop
      vertex -2.54 38.15 3
      vertex -2.5 38.15 1.84999
      vertex 1.46 38.15 3
    endloop
  endfacet
  facet normal 0 -1 0
    outer loop
      vertex 1.46 38.15 0
      vertex -2.5 38.15 1.84999
      vertex -2.5 38.15 0
    endloop
  endfacet
  facet normal 0 -1 0
    outer loop
      vertex -2.5 38.15 1.84999
      vertex 1.46 38.15 0
      vertex 1.46 38.15 3
    endloop
  endfacet
  facet normal -0.99691 -0.0785536 0
    outer loop
      vertex -132.902 78.7063 8.1
      vertex -133 79.95 11.1
      vertex -133 79.95 8.1
    endloop
  endfacet
  facet normal -0.99691 -0.0785536 0
    outer loop
      vertex -133 79.95 11.1
      vertex -132.902 78.7063 8.1
      vertex -132.902 78.7063 11.1
    endloop
  endfacet
  facet normal -0 0 1
    outer loop
      vertex -125.05 168 11.1
      vertex -2.5 166.15 11.1
      vertex -2.5 168 11.1
    endloop
  endfacet
  facet normal 0 0 1
    outer loop
      vertex -125.05 168 11.1
      vertex -125.05 166.15 11.1
      vertex -2.5 166.15 11.1
    endloop
  endfacet
  facet normal 0 0 1
    outer loop
      vertex -125.05 168 11.1
      vertex -126.004 166.075 11.1
      vertex -125.05 166.15 11.1
    endloop
  endfacet
  facet normal -0 0 1
    outer loop
      vertex -126.294 167.902 11.1
      vertex -126.004 166.075 11.1
      vertex -125.05 168 11.1
    endloop
  endfacet
  facet normal 0 0 1
    outer loop
      vertex -126.294 167.902 11.1
      vertex -126.935 165.851 11.1
      vertex -126.004 166.075 11.1
    endloop
  endfacet
  facet normal -0 0 1
    outer loop
      vertex -127.507 167.611 11.1
      vertex -126.935 165.851 11.1
      vertex -126.294 167.902 11.1
    endloop
  endfacet
  facet normal 0 0 1
    outer loop
      vertex -127.507 167.611 11.1
      vertex -127.819 165.485 11.1
      vertex -126.935 165.851 11.1
    endloop
  endfacet
  facet normal -0 0 1
    outer loop
      vertex -128.659 167.133 11.1
      vertex -127.819 165.485 11.1
      vertex -127.507 167.611 11.1
    endloop
  endfacet
  facet normal 0 0 1
    outer loop
      vertex -127.819 165.485 11.1
      vertex -128.659 167.133 11.1
      vertex -128.635 164.985 11.1
    endloop
  endfacet
  facet normal -0 0 1
    outer loop
      vertex -129.723 166.482 11.1
      vertex -128.635 164.985 11.1
      vertex -128.659 167.133 11.1
    endloop
  endfacet
  facet normal 0 0 1
    outer loop
      vertex -128.635 164.985 11.1
      vertex -129.723 166.482 11.1
      vertex -129.363 164.363 11.1
    endloop
  endfacet
  facet normal -0 0 1
    outer loop
      vertex -130.671 165.671 11.1
      vertex -129.363 164.363 11.1
      vertex -129.723 166.482 11.1
    endloop
  endfacet
  facet normal 0 0 1
    outer loop
      vertex -129.363 164.363 11.1
      vertex -130.671 165.671 11.1
      vertex -129.985 163.635 11.1
    endloop
  endfacet
  facet normal -0 0 1
    outer loop
      vertex -131.482 164.723 11.1
      vertex -129.985 163.635 11.1
      vertex -130.671 165.671 11.1
    endloop
  endfacet
  facet normal 0 0 1
    outer loop
      vertex -129.985 163.635 11.1
      vertex -131.482 164.723 11.1
      vertex -130.485 162.819 11.1
    endloop
  endfacet
  facet normal -0 0 1
    outer loop
      vertex -132.133 163.659 11.1
      vertex -130.485 162.819 11.1
      vertex -131.482 164.723 11.1
    endloop
  endfacet
  facet normal 0 0 1
    outer loop
      vertex -130.851 161.935 11.1
      vertex -132.611 162.507 11.1
      vertex -131.075 161.004 11.1
    endloop
  endfacet
  facet normal -0 0 1
    outer loop
      vertex -132.611 162.507 11.1
      vertex -130.851 161.935 11.1
      vertex -132.133 163.659 11.1
    endloop
  endfacet
  facet normal 0 0 1
    outer loop
      vertex -130.485 162.819 11.1
      vertex -132.133 163.659 11.1
      vertex -130.851 161.935 11.1
    endloop
  endfacet
  facet normal 0 0 1
    outer loop
      vertex -2.5 73.85 11.1
      vertex -125.05 72 11.1
      vertex -2.5 72 11.1
    endloop
  endfacet
  facet normal -0 0 1
    outer loop
      vertex -125.05 73.85 11.1
      vertex -125.05 72 11.1
      vertex -2.5 73.85 11.1
    endloop
  endfacet
  facet normal 0 0 1
    outer loop
      vertex -126.004 73.9251 11.1
      vertex -125.05 72 11.1
      vertex -125.05 73.85 11.1
    endloop
  endfacet
  facet normal 0 0 1
    outer loop
      vertex -126.004 73.9251 11.1
      vertex -126.294 72.0979 11.1
      vertex -125.05 72 11.1
    endloop
  endfacet
  facet normal 0 0 1
    outer loop
      vertex -126.935 74.1486 11.1
      vertex -126.294 72.0979 11.1
      vertex -126.004 73.9251 11.1
    endloop
  endfacet
  facet normal 0 0 1
    outer loop
      vertex -126.935 74.1486 11.1
      vertex -127.507 72.3891 11.1
      vertex -126.294 72.0979 11.1
    endloop
  endfacet
  facet normal 0 0 1
    outer loop
      vertex -127.819 74.5149 11.1
      vertex -127.507 72.3891 11.1
      vertex -126.935 74.1486 11.1
    endloop
  endfacet
  facet normal 0 0 1
    outer loop
      vertex -128.659 72.8665 11.1
      vertex -127.819 74.5149 11.1
      vertex -128.635 75.015 11.1
    endloop
  endfacet
  facet normal 0 0 1
    outer loop
      vertex -127.819 74.5149 11.1
      vertex -128.659 72.8665 11.1
      vertex -127.507 72.3891 11.1
    endloop
  endfacet
  facet normal 0 0 1
    outer loop
      vertex -129.723 73.5183 11.1
      vertex -128.635 75.015 11.1
      vertex -129.363 75.6367 11.1
    endloop
  endfacet
  facet normal 0 0 1
    outer loop
      vertex -128.635 75.015 11.1
      vertex -129.723 73.5183 11.1
      vertex -128.659 72.8665 11.1
    endloop
  endfacet
  facet normal 0 0 1
    outer loop
      vertex -130.671 74.3285 11.1
      vertex -129.363 75.6367 11.1
      vertex -129.985 76.3645 11.1
    endloop
  endfacet
  facet normal 0 0 1
    outer loop
      vertex -131.482 75.2771 11.1
      vertex -129.985 76.3645 11.1
      vertex -130.485 77.1807 11.1
    endloop
  endfacet
  facet normal 0 0 1
    outer loop
      vertex -129.363 75.6367 11.1
      vertex -130.671 74.3285 11.1
      vertex -129.723 73.5183 11.1
    endloop
  endfacet
  facet normal 0 0 1
    outer loop
      vertex -132.133 76.3408 11.1
      vertex -130.485 77.1807 11.1
      vertex -130.851 78.065 11.1
    endloop
  endfacet
  facet normal 0 0 1
    outer loop
      vertex -132.611 77.4933 11.1
      vertex -130.851 78.065 11.1
      vertex -131.075 78.9958 11.1
    endloop
  endfacet
  facet normal 0 0 1
    outer loop
      vertex -129.985 76.3645 11.1
      vertex -131.482 75.2771 11.1
      vertex -130.671 74.3285 11.1
    endloop
  endfacet
  facet normal 0 0 1
    outer loop
      vertex -132.902 78.7063 11.1
      vertex -131.075 78.9958 11.1
      vertex -131.15 79.9499 11.1
    endloop
  endfacet
  facet normal 0 0 1
    outer loop
      vertex -131.15 160.05 11.1
      vertex -133 160.05 11.1
      vertex -131.15 79.9499 11.1
    endloop
  endfacet
  facet normal -0 0 1
    outer loop
      vertex -132.902 161.294 11.1
      vertex -131.075 161.004 11.1
      vertex -132.611 162.507 11.1
    endloop
  endfacet
  facet normal -0 0 1
    outer loop
      vertex -133 79.95 11.1
      vertex -131.15 79.9499 11.1
      vertex -133 160.05 11.1
    endloop
  endfacet
  facet normal 0 0 1
    outer loop
      vertex -131.075 161.004 11.1
      vertex -132.902 161.294 11.1
      vertex -131.15 160.05 11.1
    endloop
  endfacet
  facet normal 0 -0 1
    outer loop
      vertex -132.902 78.7063 11.1
      vertex -131.15 79.9499 11.1
      vertex -133 79.95 11.1
    endloop
  endfacet
  facet normal 0 0 1
    outer loop
      vertex -131.15 160.05 11.1
      vertex -132.902 161.294 11.1
      vertex -133 160.05 11.1
    endloop
  endfacet
  facet normal 0 0 1
    outer loop
      vertex -130.485 77.1807 11.1
      vertex -132.133 76.3408 11.1
      vertex -131.482 75.2771 11.1
    endloop
  endfacet
  facet normal 0 0 1
    outer loop
      vertex -130.851 78.065 11.1
      vertex -132.611 77.4933 11.1
      vertex -132.133 76.3408 11.1
    endloop
  endfacet
  facet normal 0 0 1
    outer loop
      vertex -131.075 78.9958 11.1
      vertex -132.902 78.7063 11.1
      vertex -132.611 77.4933 11.1
    endloop
  endfacet
  facet normal -1 0 0
    outer loop
      vertex -133 79.95 8.1
      vertex -133 160.05 11.1
      vertex -133 160.05 8.1
    endloop
  endfacet
  facet normal -1 -0 0
    outer loop
      vertex -133 160.05 11.1
      vertex -133 79.95 8.1
      vertex -133 79.95 11.1
    endloop
  endfacet
  facet normal 0 -1 0
    outer loop
      vertex -125.05 72 8.1
      vertex -2.5 72 11.1
      vertex -125.05 72 11.1
    endloop
  endfacet
  facet normal 0 -1 -0
    outer loop
      vertex -2.5 72 11.1
      vertex -125.05 72 8.1
      vertex -2.5 72 8.1
    endloop
  endfacet
  facet normal -0.650065 0.759879 0
    outer loop
      vertex -129.723 166.482 8.1
      vertex -130.671 165.671 11.1
      vertex -129.723 166.482 11.1
    endloop
  endfacet
  facet normal -0.650065 0.759879 0
    outer loop
      vertex -130.671 165.671 11.1
      vertex -129.723 166.482 8.1
      vertex -130.671 165.671 8.1
    endloop
  endfacet
  facet normal 0 1 -0
    outer loop
      vertex -2.5 168 8.1
      vertex -125.05 168 11.1
      vertex -2.5 168 11.1
    endloop
  endfacet
  facet normal 0 1 0
    outer loop
      vertex -125.05 168 11.1
      vertex -2.5 168 8.1
      vertex -125.05 168 8.1
    endloop
  endfacet
  facet normal -0.382838 -0.923815 0
    outer loop
      vertex -128.659 72.8665 8.1
      vertex -127.507 72.3891 11.1
      vertex -128.659 72.8665 11.1
    endloop
  endfacet
  facet normal -0.382838 -0.923815 -0
    outer loop
      vertex -127.507 72.3891 11.1
      vertex -128.659 72.8665 8.1
      vertex -127.507 72.3891 8.1
    endloop
  endfacet
  facet normal -0.649694 -0.760195 0
    outer loop
      vertex -130.671 74.3285 8.1
      vertex -129.723 73.5183 11.1
      vertex -130.671 74.3285 11.1
    endloop
  endfacet
  facet normal -0.649694 -0.760195 -0
    outer loop
      vertex -129.723 73.5183 11.1
      vertex -130.671 74.3285 8.1
      vertex -129.723 73.5183 8.1
    endloop
  endfacet
  facet normal -0.760082 -0.649827 0
    outer loop
      vertex -130.671 74.3285 8.1
      vertex -131.482 75.2771 11.1
      vertex -131.482 75.2771 8.1
    endloop
  endfacet
  facet normal -0.760082 -0.649827 0
    outer loop
      vertex -131.482 75.2771 11.1
      vertex -130.671 74.3285 8.1
      vertex -130.671 74.3285 11.1
    endloop
  endfacet
  facet normal -0.852939 -0.522011 0
    outer loop
      vertex -131.482 75.2771 8.1
      vertex -132.133 76.3408 11.1
      vertex -132.133 76.3408 8.1
    endloop
  endfacet
  facet normal -0.852939 -0.522011 0
    outer loop
      vertex -132.133 76.3408 11.1
      vertex -131.482 75.2771 8.1
      vertex -131.482 75.2771 11.1
    endloop
  endfacet
  facet normal -0.972409 -0.233282 0
    outer loop
      vertex -132.611 77.4933 8.1
      vertex -132.902 78.7063 11.1
      vertex -132.902 78.7063 8.1
    endloop
  endfacet
  facet normal -0.972409 -0.233282 0
    outer loop
      vertex -132.902 78.7063 11.1
      vertex -132.611 77.4933 8.1
      vertex -132.611 77.4933 11.1
    endloop
  endfacet
  facet normal -0.233434 -0.972373 0
    outer loop
      vertex -127.507 72.3891 8.1
      vertex -126.294 72.0979 11.1
      vertex -127.507 72.3891 11.1
    endloop
  endfacet
  facet normal -0.233434 -0.972373 -0
    outer loop
      vertex -126.294 72.0979 11.1
      vertex -127.507 72.3891 8.1
      vertex -126.294 72.0979 8.1
    endloop
  endfacet
  facet normal -0.52237 -0.852719 0
    outer loop
      vertex -129.723 73.5183 8.1
      vertex -128.659 72.8665 11.1
      vertex -129.723 73.5183 11.1
    endloop
  endfacet
  facet normal -0.52237 -0.852719 -0
    outer loop
      vertex -128.659 72.8665 11.1
      vertex -129.723 73.5183 8.1
      vertex -128.659 72.8665 8.1
    endloop
  endfacet
  facet normal -0.923704 -0.383107 0
    outer loop
      vertex -132.133 76.3408 8.1
      vertex -132.611 77.4933 11.1
      vertex -132.611 77.4933 8.1
    endloop
  endfacet
  facet normal -0.923704 -0.383107 0
    outer loop
      vertex -132.611 77.4933 11.1
      vertex -132.133 76.3408 8.1
      vertex -132.133 76.3408 11.1
    endloop
  endfacet
  facet normal -0.923645 0.383249 0
    outer loop
      vertex -132.611 162.507 8.1
      vertex -132.133 163.659 11.1
      vertex -132.133 163.659 8.1
    endloop
  endfacet
  facet normal -0.923645 0.383249 0
    outer loop
      vertex -132.133 163.659 11.1
      vertex -132.611 162.507 8.1
      vertex -132.611 162.507 11.1
    endloop
  endfacet
  facet normal -0.233282 0.972409 0
    outer loop
      vertex -126.294 167.902 8.1
      vertex -127.507 167.611 11.1
      vertex -126.294 167.902 11.1
    endloop
  endfacet
  facet normal -0.233282 0.972409 0
    outer loop
      vertex -127.507 167.611 11.1
      vertex -126.294 167.902 8.1
      vertex -127.507 167.611 8.1
    endloop
  endfacet
  facet normal -0.0784552 -0.996918 0
    outer loop
      vertex -126.294 72.0979 8.1
      vertex -125.05 72 11.1
      vertex -126.294 72.0979 11.1
    endloop
  endfacet
  facet normal -0.0784552 -0.996918 -0
    outer loop
      vertex -125.05 72 11.1
      vertex -126.294 72.0979 8.1
      vertex -125.05 72 8.1
    endloop
  endfacet
  facet normal -0.383249 0.923645 0
    outer loop
      vertex -127.507 167.611 8.1
      vertex -128.659 167.133 11.1
      vertex -127.507 167.611 11.1
    endloop
  endfacet
  facet normal -0.383249 0.923645 0
    outer loop
      vertex -128.659 167.133 11.1
      vertex -127.507 167.611 8.1
      vertex -128.659 167.133 8.1
    endloop
  endfacet
  facet normal -0.972409 0.233282 0
    outer loop
      vertex -132.902 161.294 8.1
      vertex -132.611 162.507 11.1
      vertex -132.611 162.507 8.1
    endloop
  endfacet
  facet normal -0.972409 0.233282 0
    outer loop
      vertex -132.611 162.507 11.1
      vertex -132.902 161.294 8.1
      vertex -132.902 161.294 11.1
    endloop
  endfacet
  facet normal -0.853004 0.521904 0
    outer loop
      vertex -132.133 163.659 8.1
      vertex -131.482 164.723 11.1
      vertex -131.482 164.723 8.1
    endloop
  endfacet
  facet normal -0.853004 0.521904 0
    outer loop
      vertex -131.482 164.723 11.1
      vertex -132.133 163.659 8.1
      vertex -132.133 163.659 11.1
    endloop
  endfacet
  facet normal -0.759879 0.650065 0
    outer loop
      vertex -131.482 164.723 8.1
      vertex -130.671 165.671 11.1
      vertex -130.671 165.671 8.1
    endloop
  endfacet
  facet normal -0.759879 0.650065 0
    outer loop
      vertex -130.671 165.671 11.1
      vertex -131.482 164.723 8.1
      vertex -131.482 164.723 11.1
    endloop
  endfacet
  facet normal -0.0785348 0.996911 0
    outer loop
      vertex -125.05 168 8.1
      vertex -126.294 167.902 11.1
      vertex -125.05 168 11.1
    endloop
  endfacet
  facet normal -0.0785348 0.996911 0
    outer loop
      vertex -126.294 167.902 11.1
      vertex -125.05 168 8.1
      vertex -126.294 167.902 8.1
    endloop
  endfacet
  facet normal -0.521904 0.853004 0
    outer loop
      vertex -128.659 167.133 8.1
      vertex -129.723 166.482 11.1
      vertex -128.659 167.133 11.1
    endloop
  endfacet
  facet normal -0.521904 0.853004 0
    outer loop
      vertex -129.723 166.482 11.1
      vertex -128.659 167.133 8.1
      vertex -129.723 166.482 8.1
    endloop
  endfacet
  facet normal -0.996911 0.0785348 0
    outer loop
      vertex -133 160.05 8.1
      vertex -132.902 161.294 11.1
      vertex -132.902 161.294 8.1
    endloop
  endfacet
  facet normal -0.996911 0.0785348 0
    outer loop
      vertex -132.902 161.294 11.1
      vertex -133 160.05 8.1
      vertex -133 160.05 11.1
    endloop
  endfacet
  facet normal 0.996925 0.0783664 0
    outer loop
      vertex -131.075 78.9958 11.1
      vertex -131.15 79.9499 8.1
      vertex -131.15 79.9499 11.1
    endloop
  endfacet
  facet normal 0.996925 0.0783664 0
    outer loop
      vertex -131.15 79.9499 8.1
      vertex -131.075 78.9958 11.1
      vertex -131.075 78.9958 8.1
    endloop
  endfacet
  facet normal 0 1 -0
    outer loop
      vertex -2.5 73.85 8.1
      vertex -125.05 73.85 11.1
      vertex -2.5 73.85 11.1
    endloop
  endfacet
  facet normal 0 1 0
    outer loop
      vertex -125.05 73.85 11.1
      vertex -2.5 73.85 8.1
      vertex -125.05 73.85 8.1
    endloop
  endfacet
  facet normal 0.382804 0.92383 -0
    outer loop
      vertex -126.935 74.1486 8.1
      vertex -127.819 74.5149 11.1
      vertex -126.935 74.1486 11.1
    endloop
  endfacet
  facet normal 0.382804 0.92383 0
    outer loop
      vertex -127.819 74.5149 11.1
      vertex -126.935 74.1486 8.1
      vertex -127.819 74.5149 8.1
    endloop
  endfacet
  facet normal 0.52254 0.852615 -0
    outer loop
      vertex -127.819 74.5149 8.1
      vertex -128.635 75.015 11.1
      vertex -127.819 74.5149 11.1
    endloop
  endfacet
  facet normal 0.52254 0.852615 0
    outer loop
      vertex -128.635 75.015 11.1
      vertex -127.819 74.5149 8.1
      vertex -128.635 75.015 8.1
    endloop
  endfacet
  facet normal 0 -1 0
    outer loop
      vertex -125.05 166.15 8.1
      vertex -2.5 166.15 11.1
      vertex -125.05 166.15 11.1
    endloop
  endfacet
  facet normal 0 -1 -0
    outer loop
      vertex -2.5 166.15 11.1
      vertex -125.05 166.15 8.1
      vertex -2.5 166.15 8.1
    endloop
  endfacet
  facet normal 0.92394 -0.382536 0
    outer loop
      vertex -130.851 161.935 11.1
      vertex -130.485 162.819 8.1
      vertex -130.485 162.819 11.1
    endloop
  endfacet
  facet normal 0.92394 -0.382536 0
    outer loop
      vertex -130.485 162.819 8.1
      vertex -130.851 161.935 11.1
      vertex -130.851 161.935 8.1
    endloop
  endfacet
  facet normal 1 -0 0
    outer loop
      vertex -131.15 79.9499 11.1
      vertex -131.15 160.05 8.1
      vertex -131.15 160.05 11.1
    endloop
  endfacet
  facet normal 1 0 0
    outer loop
      vertex -131.15 160.05 8.1
      vertex -131.15 79.9499 11.1
      vertex -131.15 79.9499 8.1
    endloop
  endfacet
  facet normal 0.0784784 0.996916 -0
    outer loop
      vertex -125.05 73.85 8.1
      vertex -126.004 73.9251 11.1
      vertex -125.05 73.85 11.1
    endloop
  endfacet
  facet normal 0.0784784 0.996916 0
    outer loop
      vertex -126.004 73.9251 11.1
      vertex -125.05 73.85 8.1
      vertex -126.004 73.9251 8.1
    endloop
  endfacet
  facet normal 0.233432 0.972373 -0
    outer loop
      vertex -126.004 73.9251 8.1
      vertex -126.935 74.1486 11.1
      vertex -126.004 73.9251 11.1
    endloop
  endfacet
  facet normal 0.233432 0.972373 0
    outer loop
      vertex -126.935 74.1486 11.1
      vertex -126.004 73.9251 8.1
      vertex -126.935 74.1486 8.1
    endloop
  endfacet
  facet normal 0.0783745 -0.996924 0
    outer loop
      vertex -126.004 166.075 8.1
      vertex -125.05 166.15 11.1
      vertex -126.004 166.075 11.1
    endloop
  endfacet
  facet normal 0.0783745 -0.996924 0
    outer loop
      vertex -125.05 166.15 11.1
      vertex -126.004 166.075 8.1
      vertex -125.05 166.15 8.1
    endloop
  endfacet
  facet normal 0.7602 0.64969 0
    outer loop
      vertex -129.363 75.6367 11.1
      vertex -129.985 76.3645 8.1
      vertex -129.985 76.3645 11.1
    endloop
  endfacet
  facet normal 0.7602 0.64969 0
    outer loop
      vertex -129.985 76.3645 8.1
      vertex -129.363 75.6367 11.1
      vertex -129.363 75.6367 8.1
    endloop
  endfacet
  facet normal 0.233926 -0.972254 0
    outer loop
      vertex -126.935 165.851 8.1
      vertex -126.004 166.075 11.1
      vertex -126.935 165.851 11.1
    endloop
  endfacet
  facet normal 0.233926 -0.972254 0
    outer loop
      vertex -126.004 166.075 11.1
      vertex -126.935 165.851 8.1
      vertex -126.004 166.075 8.1
    endloop
  endfacet
  facet normal 0.382536 -0.92394 0
    outer loop
      vertex -127.819 165.485 8.1
      vertex -126.935 165.851 11.1
      vertex -127.819 165.485 11.1
    endloop
  endfacet
  facet normal 0.382536 -0.92394 0
    outer loop
      vertex -126.935 165.851 11.1
      vertex -127.819 165.485 8.1
      vertex -126.935 165.851 8.1
    endloop
  endfacet
  facet normal 0.649405 0.760442 -0
    outer loop
      vertex -128.635 75.015 8.1
      vertex -129.363 75.6367 11.1
      vertex -128.635 75.015 11.1
    endloop
  endfacet
  facet normal 0.649405 0.760442 0
    outer loop
      vertex -129.363 75.6367 11.1
      vertex -128.635 75.015 8.1
      vertex -129.363 75.6367 8.1
    endloop
  endfacet
  facet normal 0.852718 0.522371 0
    outer loop
      vertex -129.985 76.3645 11.1
      vertex -130.485 77.1807 8.1
      vertex -130.485 77.1807 11.1
    endloop
  endfacet
  facet normal 0.852718 0.522371 0
    outer loop
      vertex -130.485 77.1807 8.1
      vertex -129.985 76.3645 11.1
      vertex -129.985 76.3645 8.1
    endloop
  endfacet
  facet normal 0.923986 0.382426 0
    outer loop
      vertex -130.485 77.1807 11.1
      vertex -130.851 78.065 8.1
      vertex -130.851 78.065 11.1
    endloop
  endfacet
  facet normal 0.923986 0.382426 0
    outer loop
      vertex -130.851 78.065 8.1
      vertex -130.485 77.1807 11.1
      vertex -130.485 77.1807 8.1
    endloop
  endfacet
  facet normal 0.972243 0.233973 0
    outer loop
      vertex -130.851 78.065 11.1
      vertex -131.075 78.9958 8.1
      vertex -131.075 78.9958 11.1
    endloop
  endfacet
  facet normal 0.972243 0.233973 0
    outer loop
      vertex -131.075 78.9958 8.1
      vertex -130.851 78.065 11.1
      vertex -130.851 78.065 8.1
    endloop
  endfacet
  facet normal 0.522464 -0.852661 0
    outer loop
      vertex -128.635 164.985 8.1
      vertex -127.819 165.485 11.1
      vertex -128.635 164.985 11.1
    endloop
  endfacet
  facet normal 0.522464 -0.852661 0
    outer loop
      vertex -127.819 165.485 11.1
      vertex -128.635 164.985 8.1
      vertex -127.819 165.485 8.1
    endloop
  endfacet
  facet normal 0.972254 -0.233926 0
    outer loop
      vertex -131.075 161.004 11.1
      vertex -130.851 161.935 8.1
      vertex -130.851 161.935 11.1
    endloop
  endfacet
  facet normal 0.972254 -0.233926 0
    outer loop
      vertex -130.851 161.935 8.1
      vertex -131.075 161.004 11.1
      vertex -131.075 161.004 8.1
    endloop
  endfacet
  facet normal 0.852661 -0.522464 0
    outer loop
      vertex -130.485 162.819 11.1
      vertex -129.985 163.635 8.1
      vertex -129.985 163.635 11.1
    endloop
  endfacet
  facet normal 0.852661 -0.522464 0
    outer loop
      vertex -129.985 163.635 8.1
      vertex -130.485 162.819 11.1
      vertex -130.485 162.819 8.1
    endloop
  endfacet
  facet normal 0.996924 -0.0783745 0
    outer loop
      vertex -131.15 160.05 11.1
      vertex -131.075 161.004 8.1
      vertex -131.075 161.004 11.1
    endloop
  endfacet
  facet normal 0.996924 -0.0783745 0
    outer loop
      vertex -131.075 161.004 8.1
      vertex -131.15 160.05 11.1
      vertex -131.15 160.05 8.1
    endloop
  endfacet
  facet normal 0 0 1
    outer loop
      vertex -2.5 166.15 8.1
      vertex -3.84142 128.469 8.1
      vertex -2.5 128.575 8.1
    endloop
  endfacet
  facet normal 0 0 1
    outer loop
      vertex -2.5 166.15 8.1
      vertex -5.14982 128.155 8.1
      vertex -3.84142 128.469 8.1
    endloop
  endfacet
  facet normal 0 0 1
    outer loop
      vertex -2.5 166.15 8.1
      vertex -6.39297 127.64 8.1
      vertex -5.14982 128.155 8.1
    endloop
  endfacet
  facet normal 0 0 1
    outer loop
      vertex -2.5 166.15 8.1
      vertex -7.54026 126.937 8.1
      vertex -6.39297 127.64 8.1
    endloop
  endfacet
  facet normal 0 0 1
    outer loop
      vertex -2.5 166.15 8.1
      vertex -8.56344 126.063 8.1
      vertex -7.54026 126.937 8.1
    endloop
  endfacet
  facet normal 0 0 1
    outer loop
      vertex -2.5 166.15 8.1
      vertex -9.43732 125.04 8.1
      vertex -8.56344 126.063 8.1
    endloop
  endfacet
  facet normal 0 0 1
    outer loop
      vertex -2.5 166.15 8.1
      vertex -10.1404 123.893 8.1
      vertex -9.43732 125.04 8.1
    endloop
  endfacet
  facet normal -0 0 1
    outer loop
      vertex -125.05 166.15 8.1
      vertex -10.1404 123.893 8.1
      vertex -2.5 166.15 8.1
    endloop
  endfacet
  facet normal 0 0 1
    outer loop
      vertex -10.1404 123.893 8.1
      vertex -125.05 166.15 8.1
      vertex -10.6553 122.65 8.1
    endloop
  endfacet
  facet normal 0 0 1
    outer loop
      vertex -10.9694 121.341 8.1
      vertex -125.05 166.15 8.1
      vertex -11.075 120 8.1
    endloop
  endfacet
  facet normal 0 0 1
    outer loop
      vertex -10.6553 122.65 8.1
      vertex -125.05 166.15 8.1
      vertex -10.9694 121.341 8.1
    endloop
  endfacet
  facet normal 0 0 1
    outer loop
      vertex -3.84142 111.531 8.1
      vertex -2.5 73.85 8.1
      vertex -2.5 111.425 8.1
    endloop
  endfacet
  facet normal 0 0 1
    outer loop
      vertex -5.14982 111.845 8.1
      vertex -2.5 73.85 8.1
      vertex -3.84142 111.531 8.1
    endloop
  endfacet
  facet normal 0 0 1
    outer loop
      vertex -6.39297 112.36 8.1
      vertex -2.5 73.85 8.1
      vertex -5.14982 111.845 8.1
    endloop
  endfacet
  facet normal 0 0 1
    outer loop
      vertex -7.54026 113.063 8.1
      vertex -2.5 73.85 8.1
      vertex -6.39297 112.36 8.1
    endloop
  endfacet
  facet normal 0 0 1
    outer loop
      vertex -8.56344 113.937 8.1
      vertex -2.5 73.85 8.1
      vertex -7.54026 113.063 8.1
    endloop
  endfacet
  facet normal 0 0 1
    outer loop
      vertex -9.43732 114.96 8.1
      vertex -2.5 73.85 8.1
      vertex -8.56344 113.937 8.1
    endloop
  endfacet
  facet normal 0 0 1
    outer loop
      vertex -10.1404 116.107 8.1
      vertex -2.5 73.85 8.1
      vertex -9.43732 114.96 8.1
    endloop
  endfacet
  facet normal 0 0 1
    outer loop
      vertex -125.05 73.85 8.1
      vertex -10.1404 116.107 8.1
      vertex -10.6553 117.35 8.1
    endloop
  endfacet
  facet normal 0 0 1
    outer loop
      vertex -125.05 73.85 8.1
      vertex -10.6553 117.35 8.1
      vertex -10.9694 118.659 8.1
    endloop
  endfacet
  facet normal 0 0 1
    outer loop
      vertex -125.05 73.85 8.1
      vertex -11.075 120 8.1
      vertex -125.05 166.15 8.1
    endloop
  endfacet
  facet normal 0 0 1
    outer loop
      vertex -11.075 120 8.1
      vertex -125.05 73.85 8.1
      vertex -10.9694 118.659 8.1
    endloop
  endfacet
  facet normal 0 0 1
    outer loop
      vertex -10.1404 116.107 8.1
      vertex -125.05 73.85 8.1
      vertex -2.5 73.85 8.1
    endloop
  endfacet
  facet normal 0 0 1
    outer loop
      vertex -131.15 160.05 8.1
      vertex -125.05 166.15 8.1
      vertex -126.004 166.075 8.1
    endloop
  endfacet
  facet normal 0 0 1
    outer loop
      vertex -125.05 166.15 8.1
      vertex -131.15 160.05 8.1
      vertex -125.05 73.85 8.1
    endloop
  endfacet
  facet normal 0 0 1
    outer loop
      vertex -131.15 160.05 8.1
      vertex -126.004 166.075 8.1
      vertex -126.935 165.851 8.1
    endloop
  endfacet
  facet normal -0 0 1
    outer loop
      vertex -131.15 79.9499 8.1
      vertex -125.05 73.85 8.1
      vertex -131.15 160.05 8.1
    endloop
  endfacet
  facet normal 0 0 1
    outer loop
      vertex -131.15 160.05 8.1
      vertex -126.935 165.851 8.1
      vertex -127.819 165.485 8.1
    endloop
  endfacet
  facet normal 0 0 1
    outer loop
      vertex -125.05 73.85 8.1
      vertex -131.15 79.9499 8.1
      vertex -126.004 73.9251 8.1
    endloop
  endfacet
  facet normal 0 0 1
    outer loop
      vertex -131.15 160.05 8.1
      vertex -127.819 165.485 8.1
      vertex -128.635 164.985 8.1
    endloop
  endfacet
  facet normal 0 0 1
    outer loop
      vertex -126.004 73.9251 8.1
      vertex -131.15 79.9499 8.1
      vertex -126.935 74.1486 8.1
    endloop
  endfacet
  facet normal 0 0 1
    outer loop
      vertex -131.15 160.05 8.1
      vertex -128.635 164.985 8.1
      vertex -129.363 164.363 8.1
    endloop
  endfacet
  facet normal 0 0 1
    outer loop
      vertex -126.935 74.1486 8.1
      vertex -131.15 79.9499 8.1
      vertex -127.819 74.5149 8.1
    endloop
  endfacet
  facet normal 0 0 1
    outer loop
      vertex -131.15 160.05 8.1
      vertex -129.363 164.363 8.1
      vertex -129.985 163.635 8.1
    endloop
  endfacet
  facet normal 0 0 1
    outer loop
      vertex -127.819 74.5149 8.1
      vertex -131.15 79.9499 8.1
      vertex -128.635 75.015 8.1
    endloop
  endfacet
  facet normal 0 0 1
    outer loop
      vertex -131.15 160.05 8.1
      vertex -129.985 163.635 8.1
      vertex -130.485 162.819 8.1
    endloop
  endfacet
  facet normal 0 0 1
    outer loop
      vertex -128.635 75.015 8.1
      vertex -131.15 79.9499 8.1
      vertex -129.363 75.6367 8.1
    endloop
  endfacet
  facet normal 0 0 1
    outer loop
      vertex -131.15 160.05 8.1
      vertex -130.485 162.819 8.1
      vertex -130.851 161.935 8.1
    endloop
  endfacet
  facet normal 0 0 1
    outer loop
      vertex -129.363 75.6367 8.1
      vertex -131.15 79.9499 8.1
      vertex -129.985 76.3645 8.1
    endloop
  endfacet
  facet normal 0 0 1
    outer loop
      vertex -131.15 160.05 8.1
      vertex -130.851 161.935 8.1
      vertex -131.075 161.004 8.1
    endloop
  endfacet
  facet normal 0 0 1
    outer loop
      vertex -129.985 76.3645 8.1
      vertex -131.15 79.9499 8.1
      vertex -130.485 77.1807 8.1
    endloop
  endfacet
  facet normal 0 0 1
    outer loop
      vertex -130.485 77.1807 8.1
      vertex -131.15 79.9499 8.1
      vertex -130.851 78.065 8.1
    endloop
  endfacet
  facet normal 0 0 1
    outer loop
      vertex -130.851 78.065 8.1
      vertex -131.15 79.9499 8.1
      vertex -131.075 78.9958 8.1
    endloop
  endfacet
  facet normal 0.649586 -0.760288 0
    outer loop
      vertex -129.363 164.363 8.1
      vertex -128.635 164.985 11.1
      vertex -129.363 164.363 11.1
    endloop
  endfacet
  facet normal 0.649586 -0.760288 0
    outer loop
      vertex -128.635 164.985 11.1
      vertex -129.363 164.363 8.1
      vertex -128.635 164.985 8.1
    endloop
  endfacet
  facet normal 0.760288 -0.649586 0
    outer loop
      vertex -129.985 163.635 11.1
      vertex -129.363 164.363 8.1
      vertex -129.363 164.363 11.1
    endloop
  endfacet
  facet normal 0.760288 -0.649586 0
    outer loop
      vertex -129.363 164.363 8.1
      vertex -129.985 163.635 11.1
      vertex -129.985 163.635 8.1
    endloop
  endfacet
  facet normal -0.522398 -0.852702 0
    outer loop
      vertex -133.661 69.547 0
      vertex -132.577 68.8829 8.1
      vertex -133.661 69.547 8.1
    endloop
  endfacet
  facet normal -0.522398 -0.852702 -0
    outer loop
      vertex -132.577 68.8829 8.1
      vertex -133.661 69.547 0
      vertex -132.577 68.8829 0
    endloop
  endfacet
  facet normal -0.9969 0.0786819 0
    outer loop
      vertex -137 163.9 0
      vertex -136.9 165.167 8.1
      vertex -136.9 165.167 0
    endloop
  endfacet
  facet normal -0.9969 0.0786819 0
    outer loop
      vertex -136.9 165.167 8.1
      vertex -137 163.9 0
      vertex -137 163.9 8.1
    endloop
  endfacet
  facet normal -0.382827 -0.92382 0
    outer loop
      vertex -132.577 68.8829 0
      vertex -131.403 68.3964 8.1
      vertex -132.577 68.8829 8.1
    endloop
  endfacet
  facet normal -0.382827 -0.92382 -0
    outer loop
      vertex -131.403 68.3964 8.1
      vertex -132.577 68.8829 0
      vertex -131.403 68.3964 0
    endloop
  endfacet
  facet normal 0 0 1
    outer loop
      vertex -2.5 172 8.1
      vertex -125.05 168 8.1
      vertex -2.5 168 8.1
    endloop
  endfacet
  facet normal -0 0 1
    outer loop
      vertex -128.9 172 8.1
      vertex -125.05 168 8.1
      vertex -2.5 172 8.1
    endloop
  endfacet
  facet normal 0 0 1
    outer loop
      vertex -128.9 172 8.1
      vertex -126.294 167.902 8.1
      vertex -125.05 168 8.1
    endloop
  endfacet
  facet normal 0 0 1
    outer loop
      vertex -128.9 172 8.1
      vertex -127.507 167.611 8.1
      vertex -126.294 167.902 8.1
    endloop
  endfacet
  facet normal 0 0 1
    outer loop
      vertex -128.9 172 8.1
      vertex -128.659 167.133 8.1
      vertex -127.507 167.611 8.1
    endloop
  endfacet
  facet normal -0 0 1
    outer loop
      vertex -130.167 171.9 8.1
      vertex -128.659 167.133 8.1
      vertex -128.9 172 8.1
    endloop
  endfacet
  facet normal -0 0 1
    outer loop
      vertex -131.403 171.604 8.1
      vertex -128.659 167.133 8.1
      vertex -130.167 171.9 8.1
    endloop
  endfacet
  facet normal 0 0 1
    outer loop
      vertex -128.659 167.133 8.1
      vertex -131.403 171.604 8.1
      vertex -129.723 166.482 8.1
    endloop
  endfacet
  facet normal -0 0 1
    outer loop
      vertex -132.577 171.117 8.1
      vertex -129.723 166.482 8.1
      vertex -131.403 171.604 8.1
    endloop
  endfacet
  facet normal -0 0 1
    outer loop
      vertex -133.661 170.453 8.1
      vertex -129.723 166.482 8.1
      vertex -132.577 171.117 8.1
    endloop
  endfacet
  facet normal 0 0 1
    outer loop
      vertex -129.723 166.482 8.1
      vertex -133.661 170.453 8.1
      vertex -130.671 165.671 8.1
    endloop
  endfacet
  facet normal -0 0 1
    outer loop
      vertex -134.628 169.628 8.1
      vertex -130.671 165.671 8.1
      vertex -133.661 170.453 8.1
    endloop
  endfacet
  facet normal -0 0 1
    outer loop
      vertex -135.453 168.661 8.1
      vertex -130.671 165.671 8.1
      vertex -134.628 169.628 8.1
    endloop
  endfacet
  facet normal 0 0 1
    outer loop
      vertex -130.671 165.671 8.1
      vertex -135.453 168.661 8.1
      vertex -131.482 164.723 8.1
    endloop
  endfacet
  facet normal -0 0 1
    outer loop
      vertex -136.117 167.577 8.1
      vertex -131.482 164.723 8.1
      vertex -135.453 168.661 8.1
    endloop
  endfacet
  facet normal 0 0 1
    outer loop
      vertex -131.482 164.723 8.1
      vertex -136.604 166.403 8.1
      vertex -132.133 163.659 8.1
    endloop
  endfacet
  facet normal -0 0 1
    outer loop
      vertex -136.604 166.403 8.1
      vertex -131.482 164.723 8.1
      vertex -136.117 167.577 8.1
    endloop
  endfacet
  facet normal -0 0 1
    outer loop
      vertex -125.05 72 8.1
      vertex -2.5 68 8.1
      vertex -2.5 72 8.1
    endloop
  endfacet
  facet normal 0 0 1
    outer loop
      vertex -125.05 72 8.1
      vertex -128.9 68 8.1
      vertex -2.5 68 8.1
    endloop
  endfacet
  facet normal 0 0 1
    outer loop
      vertex -126.294 72.0979 8.1
      vertex -128.9 68 8.1
      vertex -125.05 72 8.1
    endloop
  endfacet
  facet normal 0 0 1
    outer loop
      vertex -127.507 72.3891 8.1
      vertex -128.9 68 8.1
      vertex -126.294 72.0979 8.1
    endloop
  endfacet
  facet normal 0 0 1
    outer loop
      vertex -128.659 72.8665 8.1
      vertex -128.9 68 8.1
      vertex -127.507 72.3891 8.1
    endloop
  endfacet
  facet normal 0 0 1
    outer loop
      vertex -131.403 68.3964 8.1
      vertex -128.659 72.8665 8.1
      vertex -129.723 73.5183 8.1
    endloop
  endfacet
  facet normal 0 0 1
    outer loop
      vertex -128.659 72.8665 8.1
      vertex -130.167 68.0997 8.1
      vertex -128.9 68 8.1
    endloop
  endfacet
  facet normal 0 0 1
    outer loop
      vertex -133.661 69.547 8.1
      vertex -129.723 73.5183 8.1
      vertex -130.671 74.3285 8.1
    endloop
  endfacet
  facet normal 0 0 1
    outer loop
      vertex -128.659 72.8665 8.1
      vertex -131.403 68.3964 8.1
      vertex -130.167 68.0997 8.1
    endloop
  endfacet
  facet normal 0 0 1
    outer loop
      vertex -135.453 71.3389 8.1
      vertex -130.671 74.3285 8.1
      vertex -131.482 75.2771 8.1
    endloop
  endfacet
  facet normal 0 0 1
    outer loop
      vertex -136.604 73.597 8.1
      vertex -131.482 75.2771 8.1
      vertex -132.133 76.3408 8.1
    endloop
  endfacet
  facet normal 0 0 1
    outer loop
      vertex -129.723 73.5183 8.1
      vertex -132.577 68.8829 8.1
      vertex -131.403 68.3964 8.1
    endloop
  endfacet
  facet normal 0 0 1
    outer loop
      vertex -137 76.0999 8.1
      vertex -132.133 76.3408 8.1
      vertex -132.611 77.4933 8.1
    endloop
  endfacet
  facet normal 0 0 1
    outer loop
      vertex -137 76.0999 8.1
      vertex -132.611 77.4933 8.1
      vertex -132.902 78.7063 8.1
    endloop
  endfacet
  facet normal 0 0 1
    outer loop
      vertex -137 76.0999 8.1
      vertex -132.902 78.7063 8.1
      vertex -133 79.95 8.1
    endloop
  endfacet
  facet normal 0 0 1
    outer loop
      vertex -129.723 73.5183 8.1
      vertex -133.661 69.547 8.1
      vertex -132.577 68.8829 8.1
    endloop
  endfacet
  facet normal 0 0 1
    outer loop
      vertex -133 160.05 8.1
      vertex -137 163.9 8.1
      vertex -133 79.95 8.1
    endloop
  endfacet
  facet normal -0 0 1
    outer loop
      vertex -136.9 165.167 8.1
      vertex -132.133 163.659 8.1
      vertex -136.604 166.403 8.1
    endloop
  endfacet
  facet normal 0 0 1
    outer loop
      vertex -137 76.0999 8.1
      vertex -133 79.95 8.1
      vertex -137 163.9 8.1
    endloop
  endfacet
  facet normal -0 0 1
    outer loop
      vertex -137 163.9 8.1
      vertex -132.133 163.659 8.1
      vertex -136.9 165.167 8.1
    endloop
  endfacet
  facet normal 0 0 1
    outer loop
      vertex -132.133 76.3408 8.1
      vertex -137 76.0999 8.1
      vertex -136.9 74.8329 8.1
    endloop
  endfacet
  facet normal 0 0 1
    outer loop
      vertex -132.133 163.659 8.1
      vertex -137 163.9 8.1
      vertex -132.611 162.507 8.1
    endloop
  endfacet
  facet normal 0 0 1
    outer loop
      vertex -130.671 74.3285 8.1
      vertex -134.628 70.3724 8.1
      vertex -133.661 69.547 8.1
    endloop
  endfacet
  facet normal 0 0 1
    outer loop
      vertex -132.611 162.507 8.1
      vertex -137 163.9 8.1
      vertex -132.902 161.294 8.1
    endloop
  endfacet
  facet normal 0 0 1
    outer loop
      vertex -130.671 74.3285 8.1
      vertex -135.453 71.3389 8.1
      vertex -134.628 70.3724 8.1
    endloop
  endfacet
  facet normal 0 0 1
    outer loop
      vertex -132.902 161.294 8.1
      vertex -137 163.9 8.1
      vertex -133 160.05 8.1
    endloop
  endfacet
  facet normal 0 0 1
    outer loop
      vertex -131.482 75.2771 8.1
      vertex -136.117 72.4227 8.1
      vertex -135.453 71.3389 8.1
    endloop
  endfacet
  facet normal 0 0 1
    outer loop
      vertex -131.482 75.2771 8.1
      vertex -136.604 73.597 8.1
      vertex -136.117 72.4227 8.1
    endloop
  endfacet
  facet normal 0 0 1
    outer loop
      vertex -132.133 76.3408 8.1
      vertex -136.9 74.8329 8.1
      vertex -136.604 73.597 8.1
    endloop
  endfacet
  facet normal -1 0 0
    outer loop
      vertex -137 76.0999 0
      vertex -137 163.9 8.1
      vertex -137 163.9 0
    endloop
  endfacet
  facet normal -1 -0 0
    outer loop
      vertex -137 163.9 8.1
      vertex -137 76.0999 0
      vertex -137 76.0999 8.1
    endloop
  endfacet
  facet normal -0.233418 -0.972377 0
    outer loop
      vertex -131.403 68.3964 0
      vertex -130.167 68.0997 8.1
      vertex -131.403 68.3964 8.1
    endloop
  endfacet
  facet normal -0.233418 -0.972377 -0
    outer loop
      vertex -130.167 68.0997 8.1
      vertex -131.403 68.3964 0
      vertex -130.167 68.0997 0
    endloop
  endfacet
  facet normal -0.760588 -0.649235 0
    outer loop
      vertex -134.628 70.3724 0
      vertex -135.453 71.3389 8.1
      vertex -135.453 71.3389 0
    endloop
  endfacet
  facet normal -0.760588 -0.649235 0
    outer loop
      vertex -135.453 71.3389 8.1
      vertex -134.628 70.3724 0
      vertex -134.628 70.3724 8.1
    endloop
  endfacet
  facet normal -0.923716 -0.383079 0
    outer loop
      vertex -136.117 72.4227 0
      vertex -136.604 73.597 8.1
      vertex -136.604 73.597 0
    endloop
  endfacet
  facet normal -0.923716 -0.383079 0
    outer loop
      vertex -136.604 73.597 8.1
      vertex -136.117 72.4227 0
      vertex -136.117 72.4227 8.1
    endloop
  endfacet
  facet normal -0.383162 0.923681 0
    outer loop
      vertex -131.403 171.604 0
      vertex -132.577 171.117 8.1
      vertex -131.403 171.604 8.1
    endloop
  endfacet
  facet normal -0.383162 0.923681 0
    outer loop
      vertex -132.577 171.117 8.1
      vertex -131.403 171.604 0
      vertex -132.577 171.117 0
    endloop
  endfacet
  facet normal 0 1 0
    outer loop
      vertex -2.59999 172 4.89999
      vertex -2.5 172 8.1
      vertex -2.5 172 4.89999
    endloop
  endfacet
  facet normal 0 1 0
    outer loop
      vertex -2.5 172 8.1
      vertex -2.59999 172 4.89999
      vertex -128.9 172 8.1
    endloop
  endfacet
  facet normal 0 1 0
    outer loop
      vertex -2.59999 172 0
      vertex -2.59999 172 4.89999
      vertex -0.150009 172 2.45
    endloop
  endfacet
  facet normal 0 1 0
    outer loop
      vertex -128.9 172 0
      vertex -2.59999 172 4.89999
      vertex -2.59999 172 0
    endloop
  endfacet
  facet normal 0 1 0
    outer loop
      vertex -2.59999 172 4.89999
      vertex -128.9 172 0
      vertex -128.9 172 8.1
    endloop
  endfacet
  facet normal -0.0784473 -0.996918 0
    outer loop
      vertex -130.167 68.0997 0
      vertex -128.9 68 8.1
      vertex -130.167 68.0997 8.1
    endloop
  endfacet
  facet normal -0.0784473 -0.996918 -0
    outer loop
      vertex -128.9 68 8.1
      vertex -130.167 68.0997 0
      vertex -128.9 68 0
    endloop
  endfacet
  facet normal -0.649222 -0.760599 0
    outer loop
      vertex -134.628 70.3724 0
      vertex -133.661 69.547 8.1
      vertex -134.628 70.3724 8.1
    endloop
  endfacet
  facet normal -0.649222 -0.760599 -0
    outer loop
      vertex -133.661 69.547 8.1
      vertex -134.628 70.3724 0
      vertex -133.661 69.547 0
    endloop
  endfacet
  facet normal -0.64904 0.760754 0
    outer loop
      vertex -133.661 170.453 0
      vertex -134.628 169.628 8.1
      vertex -133.661 170.453 8.1
    endloop
  endfacet
  facet normal -0.64904 0.760754 0
    outer loop
      vertex -134.628 169.628 8.1
      vertex -133.661 170.453 0
      vertex -134.628 169.628 0
    endloop
  endfacet
  facet normal -0.972501 0.232897 0
    outer loop
      vertex -136.9 165.167 0
      vertex -136.604 166.403 8.1
      vertex -136.604 166.403 0
    endloop
  endfacet
  facet normal -0.972501 0.232897 0
    outer loop
      vertex -136.604 166.403 8.1
      vertex -136.9 165.167 0
      vertex -136.9 165.167 8.1
    endloop
  endfacet
  facet normal -0.923681 0.383162 0
    outer loop
      vertex -136.604 166.403 0
      vertex -136.117 167.577 8.1
      vertex -136.117 167.577 0
    endloop
  endfacet
  facet normal -0.923681 0.383162 0
    outer loop
      vertex -136.117 167.577 8.1
      vertex -136.604 166.403 0
      vertex -136.604 166.403 8.1
    endloop
  endfacet
  facet normal -0.760754 0.64904 0
    outer loop
      vertex -135.453 168.661 0
      vertex -134.628 169.628 8.1
      vertex -134.628 169.628 0
    endloop
  endfacet
  facet normal -0.760754 0.64904 0
    outer loop
      vertex -134.628 169.628 8.1
      vertex -135.453 168.661 0
      vertex -135.453 168.661 8.1
    endloop
  endfacet
  facet normal -0.522341 0.852737 0
    outer loop
      vertex -132.577 171.117 0
      vertex -133.661 170.453 8.1
      vertex -132.577 171.117 8.1
    endloop
  endfacet
  facet normal -0.522341 0.852737 0
    outer loop
      vertex -133.661 170.453 8.1
      vertex -132.577 171.117 0
      vertex -133.661 170.453 0
    endloop
  endfacet
  facet normal -0.232897 0.972501 0
    outer loop
      vertex -130.167 171.9 0
      vertex -131.403 171.604 8.1
      vertex -130.167 171.9 8.1
    endloop
  endfacet
  facet normal -0.232897 0.972501 0
    outer loop
      vertex -131.403 171.604 8.1
      vertex -130.167 171.9 0
      vertex -131.403 171.604 0
    endloop
  endfacet
  facet normal -0.0786819 0.9969 0
    outer loop
      vertex -128.9 172 0
      vertex -130.167 171.9 8.1
      vertex -128.9 172 8.1
    endloop
  endfacet
  facet normal -0.0786819 0.9969 0
    outer loop
      vertex -130.167 171.9 8.1
      vertex -128.9 172 0
      vertex -130.167 171.9 0
    endloop
  endfacet
  facet normal 0 -1 0
    outer loop
      vertex -128.9 68 8.1
      vertex -2.59999 68 4.89999
      vertex -2.5 68 8.1
    endloop
  endfacet
  facet normal 0 -1 0
    outer loop
      vertex -128.9 68 0
      vertex -2.59999 68 4.89999
      vertex -128.9 68 8.1
    endloop
  endfacet
  facet normal 0 -1 -0
    outer loop
      vertex -2.59999 68 4.89999
      vertex -128.9 68 0
      vertex -2.59999 68 0
    endloop
  endfacet
  facet normal 0 -1 0
    outer loop
      vertex -2.59999 68 4.89999
      vertex -2.59999 68 0
      vertex -0.150009 68 2.45
    endloop
  endfacet
  facet normal 0 -1 -0
    outer loop
      vertex -2.5 68 8.1
      vertex -2.59999 68 4.89999
      vertex -2.5 68 4.89999
    endloop
  endfacet
  facet normal -0.9969 -0.0786819 0
    outer loop
      vertex -136.9 74.8329 0
      vertex -137 76.0999 8.1
      vertex -137 76.0999 0
    endloop
  endfacet
  facet normal -0.9969 -0.0786819 0
    outer loop
      vertex -137 76.0999 8.1
      vertex -136.9 74.8329 0
      vertex -136.9 74.8329 8.1
    endloop
  endfacet
  facet normal -0.972497 -0.232915 0
    outer loop
      vertex -136.604 73.597 0
      vertex -136.9 74.8329 8.1
      vertex -136.9 74.8329 0
    endloop
  endfacet
  facet normal -0.972497 -0.232915 0
    outer loop
      vertex -136.9 74.8329 8.1
      vertex -136.604 73.597 0
      vertex -136.604 73.597 8.1
    endloop
  endfacet
  facet normal -0.852694 -0.522411 0
    outer loop
      vertex -135.453 71.3389 0
      vertex -136.117 72.4227 8.1
      vertex -136.117 72.4227 0
    endloop
  endfacet
  facet normal -0.852694 -0.522411 0
    outer loop
      vertex -136.117 72.4227 8.1
      vertex -135.453 71.3389 0
      vertex -135.453 71.3389 8.1
    endloop
  endfacet
  facet normal -0.852737 0.522341 0
    outer loop
      vertex -136.117 167.577 0
      vertex -135.453 168.661 8.1
      vertex -135.453 168.661 0
    endloop
  endfacet
  facet normal -0.852737 0.522341 0
    outer loop
      vertex -135.453 168.661 8.1
      vertex -136.117 167.577 0
      vertex -136.117 167.577 8.1
    endloop
  endfacet
  facet normal 0 0 -1
    outer loop
      vertex -128.9 68 0
      vertex -2.59999 172 0
      vertex -2.59999 68 0
    endloop
  endfacet
  facet normal 0 0 -1
    outer loop
      vertex -128.9 68 0
      vertex -128.9 172 0
      vertex -2.59999 172 0
    endloop
  endfacet
  facet normal 0 0 -1
    outer loop
      vertex -137 76.0999 0
      vertex -128.9 68 0
      vertex -130.167 68.0997 0
    endloop
  endfacet
  facet normal 0 0 -1
    outer loop
      vertex -128.9 68 0
      vertex -137 76.0999 0
      vertex -128.9 172 0
    endloop
  endfacet
  facet normal 0 0 -1
    outer loop
      vertex -137 76.0999 0
      vertex -130.167 68.0997 0
      vertex -131.403 68.3964 0
    endloop
  endfacet
  facet normal 0 0 -1
    outer loop
      vertex -137 163.9 0
      vertex -128.9 172 0
      vertex -137 76.0999 0
    endloop
  endfacet
  facet normal 0 0 -1
    outer loop
      vertex -137 76.0999 0
      vertex -131.403 68.3964 0
      vertex -132.577 68.8829 0
    endloop
  endfacet
  facet normal 0 0 -1
    outer loop
      vertex -128.9 172 0
      vertex -137 163.9 0
      vertex -130.167 171.9 0
    endloop
  endfacet
  facet normal 0 0 -1
    outer loop
      vertex -137 76.0999 0
      vertex -132.577 68.8829 0
      vertex -133.661 69.547 0
    endloop
  endfacet
  facet normal 0 0 -1
    outer loop
      vertex -130.167 171.9 0
      vertex -137 163.9 0
      vertex -131.403 171.604 0
    endloop
  endfacet
  facet normal 0 0 -1
    outer loop
      vertex -137 76.0999 0
      vertex -133.661 69.547 0
      vertex -134.628 70.3724 0
    endloop
  endfacet
  facet normal 0 0 -1
    outer loop
      vertex -131.403 171.604 0
      vertex -137 163.9 0
      vertex -132.577 171.117 0
    endloop
  endfacet
  facet normal 0 0 -1
    outer loop
      vertex -137 76.0999 0
      vertex -134.628 70.3724 0
      vertex -135.453 71.3389 0
    endloop
  endfacet
  facet normal 0 0 -1
    outer loop
      vertex -132.577 171.117 0
      vertex -137 163.9 0
      vertex -133.661 170.453 0
    endloop
  endfacet
  facet normal 0 0 -1
    outer loop
      vertex -137 76.0999 0
      vertex -135.453 71.3389 0
      vertex -136.117 72.4227 0
    endloop
  endfacet
  facet normal 0 0 -1
    outer loop
      vertex -133.661 170.453 0
      vertex -137 163.9 0
      vertex -134.628 169.628 0
    endloop
  endfacet
  facet normal 0 0 -1
    outer loop
      vertex -137 76.0999 0
      vertex -136.117 72.4227 0
      vertex -136.604 73.597 0
    endloop
  endfacet
  facet normal 0 0 -1
    outer loop
      vertex -134.628 169.628 0
      vertex -137 163.9 0
      vertex -135.453 168.661 0
    endloop
  endfacet
  facet normal 0 0 -1
    outer loop
      vertex -137 76.0999 0
      vertex -136.604 73.597 0
      vertex -136.9 74.8329 0
    endloop
  endfacet
  facet normal 0 0 -1
    outer loop
      vertex -135.453 168.661 0
      vertex -137 163.9 0
      vertex -136.117 167.577 0
    endloop
  endfacet
  facet normal 0 0 -1
    outer loop
      vertex -136.117 167.577 0
      vertex -137 163.9 0
      vertex -136.604 166.403 0
    endloop
  endfacet
  facet normal 0 0 -1
    outer loop
      vertex -136.604 166.403 0
      vertex -137 163.9 0
      vertex -136.9 165.167 0
    endloop
  endfacet
  facet normal -0.382728 0.923861 0
    outer loop
      vertex -5.14982 128.155 8.1
      vertex -6.39297 127.64 11.1
      vertex -5.14982 128.155 11.1
    endloop
  endfacet
  facet normal -0.382728 0.923861 0
    outer loop
      vertex -6.39297 127.64 11.1
      vertex -5.14982 128.155 8.1
      vertex -6.39297 127.64 8.1
    endloop
  endfacet
  facet normal -0.852575 0.522605 0
    outer loop
      vertex -10.1404 123.893 8.1
      vertex -9.43732 125.04 11.1
      vertex -9.43732 125.04 8.1
    endloop
  endfacet
  facet normal -0.852575 0.522605 0
    outer loop
      vertex -9.43732 125.04 11.1
      vertex -10.1404 123.893 8.1
      vertex -10.1404 123.893 11.1
    endloop
  endfacet
  facet normal -0.852575 -0.522605 0
    outer loop
      vertex -9.43732 114.96 8.1
      vertex -10.1404 116.107 11.1
      vertex -10.1404 116.107 8.1
    endloop
  endfacet
  facet normal -0.852575 -0.522605 0
    outer loop
      vertex -10.1404 116.107 11.1
      vertex -9.43732 114.96 8.1
      vertex -9.43732 114.96 11.1
    endloop
  endfacet
  facet normal -0.996914 0.0785042 0
    outer loop
      vertex -11.075 120 8.1
      vertex -10.9694 121.341 11.1
      vertex -10.9694 121.341 8.1
    endloop
  endfacet
  facet normal -0.996914 0.0785042 0
    outer loop
      vertex -10.9694 121.341 11.1
      vertex -11.075 120 8.1
      vertex -11.075 120 11.1
    endloop
  endfacet
  facet normal -0.972397 0.233331 0
    outer loop
      vertex -10.9694 121.341 8.1
      vertex -10.6553 122.65 11.1
      vertex -10.6553 122.65 8.1
    endloop
  endfacet
  facet normal -0.972397 0.233331 0
    outer loop
      vertex -10.6553 122.65 11.1
      vertex -10.9694 121.341 8.1
      vertex -10.9694 121.341 11.1
    endloop
  endfacet
  facet normal -0.760349 0.649515 0
    outer loop
      vertex -9.43732 125.04 8.1
      vertex -8.56344 126.063 11.1
      vertex -8.56344 126.063 8.1
    endloop
  endfacet
  facet normal -0.760349 0.649515 0
    outer loop
      vertex -8.56344 126.063 11.1
      vertex -9.43732 125.04 8.1
      vertex -9.43732 125.04 11.1
    endloop
  endfacet
  facet normal -0.522466 0.85266 0
    outer loop
      vertex -6.39297 127.64 8.1
      vertex -7.54026 126.937 11.1
      vertex -6.39297 127.64 11.1
    endloop
  endfacet
  facet normal -0.522466 0.85266 0
    outer loop
      vertex -7.54026 126.937 11.1
      vertex -6.39297 127.64 8.1
      vertex -7.54026 126.937 8.1
    endloop
  endfacet
  facet normal -0.0787752 0.996892 0
    outer loop
      vertex -2.5 128.575 8.1
      vertex -3.84142 128.469 11.1
      vertex -2.5 128.575 11.1
    endloop
  endfacet
  facet normal -0.0787752 0.996892 0
    outer loop
      vertex -3.84142 128.469 11.1
      vertex -2.5 128.575 8.1
      vertex -3.84142 128.469 8.1
    endloop
  endfacet
  facet normal -0.6495 0.760361 0
    outer loop
      vertex -7.54026 126.937 8.1
      vertex -8.56344 126.063 11.1
      vertex -7.54026 126.937 11.1
    endloop
  endfacet
  facet normal -0.6495 0.760361 0
    outer loop
      vertex -8.56344 126.063 11.1
      vertex -7.54026 126.937 8.1
      vertex -8.56344 126.063 8.1
    endloop
  endfacet
  facet normal -0.522466 -0.85266 0
    outer loop
      vertex -7.54026 113.063 8.1
      vertex -6.39297 112.36 11.1
      vertex -7.54026 113.063 11.1
    endloop
  endfacet
  facet normal -0.522466 -0.85266 -0
    outer loop
      vertex -6.39297 112.36 11.1
      vertex -7.54026 113.063 8.1
      vertex -6.39297 112.36 8.1
    endloop
  endfacet
  facet normal -0.6495 -0.760361 0
    outer loop
      vertex -8.56344 113.937 8.1
      vertex -7.54026 113.063 11.1
      vertex -8.56344 113.937 11.1
    endloop
  endfacet
  facet normal -0.6495 -0.760361 -0
    outer loop
      vertex -7.54026 113.063 11.1
      vertex -8.56344 113.937 8.1
      vertex -7.54026 113.063 8.1
    endloop
  endfacet
  facet normal -0.996914 -0.0785042 0
    outer loop
      vertex -10.9694 118.659 8.1
      vertex -11.075 120 11.1
      vertex -11.075 120 8.1
    endloop
  endfacet
  facet normal -0.996914 -0.0785042 0
    outer loop
      vertex -11.075 120 11.1
      vertex -10.9694 118.659 8.1
      vertex -10.9694 118.659 11.1
    endloop
  endfacet
  facet normal 0 0 1
    outer loop
      vertex -2.5 128.575 11.1
      vertex -3.69672 127.556 11.1
      vertex -2.5 127.65 11.1
    endloop
  endfacet
  facet normal -0 0 1
    outer loop
      vertex -3.84142 128.469 11.1
      vertex -3.69672 127.556 11.1
      vertex -2.5 128.575 11.1
    endloop
  endfacet
  facet normal 0 0 1
    outer loop
      vertex -3.84142 128.469 11.1
      vertex -4.86398 127.276 11.1
      vertex -3.69672 127.556 11.1
    endloop
  endfacet
  facet normal -0 0 1
    outer loop
      vertex -5.14982 128.155 11.1
      vertex -4.86398 127.276 11.1
      vertex -3.84142 128.469 11.1
    endloop
  endfacet
  facet normal 0 0 1
    outer loop
      vertex -5.14982 128.155 11.1
      vertex -5.97303 126.816 11.1
      vertex -4.86398 127.276 11.1
    endloop
  endfacet
  facet normal -0 0 1
    outer loop
      vertex -6.39297 127.64 11.1
      vertex -5.97303 126.816 11.1
      vertex -5.14982 128.155 11.1
    endloop
  endfacet
  facet normal 0 0 1
    outer loop
      vertex -6.39297 127.64 11.1
      vertex -6.99656 126.189 11.1
      vertex -5.97303 126.816 11.1
    endloop
  endfacet
  facet normal -0 0 1
    outer loop
      vertex -7.54026 126.937 11.1
      vertex -6.99656 126.189 11.1
      vertex -6.39297 127.64 11.1
    endloop
  endfacet
  facet normal 0 0 1
    outer loop
      vertex -7.54026 126.937 11.1
      vertex -7.90937 125.409 11.1
      vertex -6.99656 126.189 11.1
    endloop
  endfacet
  facet normal -0 0 1
    outer loop
      vertex -8.56344 126.063 11.1
      vertex -7.90937 125.409 11.1
      vertex -7.54026 126.937 11.1
    endloop
  endfacet
  facet normal 0 0 1
    outer loop
      vertex -8.56344 126.063 11.1
      vertex -8.68898 124.497 11.1
      vertex -7.90937 125.409 11.1
    endloop
  endfacet
  facet normal -0 0 1
    outer loop
      vertex -9.43732 125.04 11.1
      vertex -8.68898 124.497 11.1
      vertex -8.56344 126.063 11.1
    endloop
  endfacet
  facet normal 0 0 1
    outer loop
      vertex -8.68898 124.497 11.1
      vertex -9.43732 125.04 11.1
      vertex -9.3162 123.473 11.1
    endloop
  endfacet
  facet normal -0 0 1
    outer loop
      vertex -10.1404 123.893 11.1
      vertex -9.3162 123.473 11.1
      vertex -9.43732 125.04 11.1
    endloop
  endfacet
  facet normal 0 0 1
    outer loop
      vertex -9.3162 123.473 11.1
      vertex -10.1404 123.893 11.1
      vertex -9.77558 122.364 11.1
    endloop
  endfacet
  facet normal -0 0 1
    outer loop
      vertex -10.6553 122.65 11.1
      vertex -9.77558 122.364 11.1
      vertex -10.1404 123.893 11.1
    endloop
  endfacet
  facet normal 0 0 1
    outer loop
      vertex -9.77558 122.364 11.1
      vertex -10.6553 122.65 11.1
      vertex -10.0558 121.197 11.1
    endloop
  endfacet
  facet normal -0 0 1
    outer loop
      vertex -10.9694 121.341 11.1
      vertex -10.0558 121.197 11.1
      vertex -10.6553 122.65 11.1
    endloop
  endfacet
  facet normal 0 0 1
    outer loop
      vertex -3.69672 112.444 11.1
      vertex -2.5 111.425 11.1
      vertex -2.5 112.35 11.1
    endloop
  endfacet
  facet normal 0 0 1
    outer loop
      vertex -3.69672 112.444 11.1
      vertex -3.84142 111.531 11.1
      vertex -2.5 111.425 11.1
    endloop
  endfacet
  facet normal 0 0 1
    outer loop
      vertex -4.86398 112.724 11.1
      vertex -3.84142 111.531 11.1
      vertex -3.69672 112.444 11.1
    endloop
  endfacet
  facet normal 0 0 1
    outer loop
      vertex -4.86398 112.724 11.1
      vertex -5.14982 111.845 11.1
      vertex -3.84142 111.531 11.1
    endloop
  endfacet
  facet normal 0 0 1
    outer loop
      vertex -5.97303 113.184 11.1
      vertex -5.14982 111.845 11.1
      vertex -4.86398 112.724 11.1
    endloop
  endfacet
  facet normal 0 0 1
    outer loop
      vertex -5.97303 113.184 11.1
      vertex -6.39297 112.36 11.1
      vertex -5.14982 111.845 11.1
    endloop
  endfacet
  facet normal 0 0 1
    outer loop
      vertex -6.99656 113.811 11.1
      vertex -6.39297 112.36 11.1
      vertex -5.97303 113.184 11.1
    endloop
  endfacet
  facet normal 0 0 1
    outer loop
      vertex -6.99656 113.811 11.1
      vertex -7.54026 113.063 11.1
      vertex -6.39297 112.36 11.1
    endloop
  endfacet
  facet normal 0 0 1
    outer loop
      vertex -7.90937 114.591 11.1
      vertex -7.54026 113.063 11.1
      vertex -6.99656 113.811 11.1
    endloop
  endfacet
  facet normal 0 0 1
    outer loop
      vertex -7.90937 114.591 11.1
      vertex -8.56344 113.937 11.1
      vertex -7.54026 113.063 11.1
    endloop
  endfacet
  facet normal 0 0 1
    outer loop
      vertex -8.68898 115.503 11.1
      vertex -8.56344 113.937 11.1
      vertex -7.90937 114.591 11.1
    endloop
  endfacet
  facet normal 0 0 1
    outer loop
      vertex -9.43732 114.96 11.1
      vertex -8.68898 115.503 11.1
      vertex -9.3162 116.527 11.1
    endloop
  endfacet
  facet normal 0 0 1
    outer loop
      vertex -8.68898 115.503 11.1
      vertex -9.43732 114.96 11.1
      vertex -8.56344 113.937 11.1
    endloop
  endfacet
  facet normal 0 0 1
    outer loop
      vertex -10.1404 116.107 11.1
      vertex -9.3162 116.527 11.1
      vertex -9.77558 117.636 11.1
    endloop
  endfacet
  facet normal 0 0 1
    outer loop
      vertex -10.6553 117.35 11.1
      vertex -9.77558 117.636 11.1
      vertex -10.0558 118.803 11.1
    endloop
  endfacet
  facet normal 0 0 1
    outer loop
      vertex -9.3162 116.527 11.1
      vertex -10.1404 116.107 11.1
      vertex -9.43732 114.96 11.1
    endloop
  endfacet
  facet normal 0 0 1
    outer loop
      vertex -10.9694 118.659 11.1
      vertex -10.0558 118.803 11.1
      vertex -10.15 120 11.1
    endloop
  endfacet
  facet normal 0 0 1
    outer loop
      vertex -10.0558 121.197 11.1
      vertex -10.9694 121.341 11.1
      vertex -10.15 120 11.1
    endloop
  endfacet
  facet normal 0 0 1
    outer loop
      vertex -9.77558 117.636 11.1
      vertex -10.6553 117.35 11.1
      vertex -10.1404 116.107 11.1
    endloop
  endfacet
  facet normal 0 0 1
    outer loop
      vertex -11.075 120 11.1
      vertex -10.15 120 11.1
      vertex -10.9694 121.341 11.1
    endloop
  endfacet
  facet normal 0 0 1
    outer loop
      vertex -10.0558 118.803 11.1
      vertex -10.9694 118.659 11.1
      vertex -10.6553 117.35 11.1
    endloop
  endfacet
  facet normal 0 0 1
    outer loop
      vertex -10.15 120 11.1
      vertex -11.075 120 11.1
      vertex -10.9694 118.659 11.1
    endloop
  endfacet
  facet normal -0.0787752 -0.996892 0
    outer loop
      vertex -3.84142 111.531 8.1
      vertex -2.5 111.425 11.1
      vertex -3.84142 111.531 11.1
    endloop
  endfacet
  facet normal -0.0787752 -0.996892 -0
    outer loop
      vertex -2.5 111.425 11.1
      vertex -3.84142 111.531 8.1
      vertex -2.5 111.425 8.1
    endloop
  endfacet
  facet normal -0.382728 -0.923861 0
    outer loop
      vertex -6.39297 112.36 8.1
      vertex -5.14982 111.845 11.1
      vertex -6.39297 112.36 11.1
    endloop
  endfacet
  facet normal -0.382728 -0.923861 -0
    outer loop
      vertex -5.14982 111.845 11.1
      vertex -6.39297 112.36 8.1
      vertex -5.14982 111.845 8.1
    endloop
  endfacet
  facet normal -0.233362 -0.97239 0
    outer loop
      vertex -5.14982 111.845 8.1
      vertex -3.84142 111.531 11.1
      vertex -5.14982 111.845 11.1
    endloop
  endfacet
  facet normal -0.233362 -0.97239 -0
    outer loop
      vertex -3.84142 111.531 11.1
      vertex -5.14982 111.845 8.1
      vertex -3.84142 111.531 8.1
    endloop
  endfacet
  facet normal -0.972397 -0.233331 0
    outer loop
      vertex -10.6553 117.35 8.1
      vertex -10.9694 118.659 11.1
      vertex -10.9694 118.659 8.1
    endloop
  endfacet
  facet normal -0.972397 -0.233331 0
    outer loop
      vertex -10.9694 118.659 11.1
      vertex -10.6553 117.35 8.1
      vertex -10.6553 117.35 11.1
    endloop
  endfacet
  facet normal -0.923871 -0.382704 0
    outer loop
      vertex -10.1404 116.107 8.1
      vertex -10.6553 117.35 11.1
      vertex -10.6553 117.35 8.1
    endloop
  endfacet
  facet normal -0.923871 -0.382704 0
    outer loop
      vertex -10.6553 117.35 11.1
      vertex -10.1404 116.107 8.1
      vertex -10.1404 116.107 11.1
    endloop
  endfacet
  facet normal -0.760349 -0.649515 0
    outer loop
      vertex -8.56344 113.937 8.1
      vertex -9.43732 114.96 11.1
      vertex -9.43732 114.96 8.1
    endloop
  endfacet
  facet normal -0.760349 -0.649515 0
    outer loop
      vertex -9.43732 114.96 11.1
      vertex -8.56344 113.937 8.1
      vertex -8.56344 113.937 11.1
    endloop
  endfacet
  facet normal -0.923871 0.382704 0
    outer loop
      vertex -10.6553 122.65 8.1
      vertex -10.1404 123.893 11.1
      vertex -10.1404 123.893 8.1
    endloop
  endfacet
  facet normal -0.923871 0.382704 0
    outer loop
      vertex -10.1404 123.893 11.1
      vertex -10.6553 122.65 8.1
      vertex -10.6553 122.65 11.1
    endloop
  endfacet
  facet normal -0.233362 0.97239 0
    outer loop
      vertex -3.84142 128.469 8.1
      vertex -5.14982 128.155 11.1
      vertex -3.84142 128.469 11.1
    endloop
  endfacet
  facet normal -0.233362 0.97239 0
    outer loop
      vertex -5.14982 128.155 11.1
      vertex -3.84142 128.469 8.1
      vertex -5.14982 128.155 8.1
    endloop
  endfacet
  facet normal 0.996918 -0.0784542 0
    outer loop
      vertex -10.15 120 11.1
      vertex -10.0558 121.197 5.9
      vertex -10.0558 121.197 11.1
    endloop
  endfacet
  facet normal 0.996918 -0.0784542 0
    outer loop
      vertex -10.0558 121.197 5.9
      vertex -10.15 120 11.1
      vertex -10.15 120 5.9
    endloop
  endfacet
  facet normal 0.0783068 -0.996929 0
    outer loop
      vertex -3.69672 127.556 11.1
      vertex -2.5 127.65 8.06
      vertex -2.5 127.65 11.1
    endloop
  endfacet
  facet normal 0.0783068 -0.996929 0
    outer loop
      vertex -3.69672 127.556 5.9
      vertex -2.5 127.65 8.06
      vertex -3.69672 127.556 11.1
    endloop
  endfacet
  facet normal 0.0783068 -0.996929 0
    outer loop
      vertex -2.5 127.65 8.06
      vertex -3.69672 127.556 5.9
      vertex -2.5 127.65 5.9
    endloop
  endfacet
  facet normal 0.649634 -0.760247 0
    outer loop
      vertex -7.90937 125.409 5.9
      vertex -6.99656 126.189 11.1
      vertex -7.90937 125.409 11.1
    endloop
  endfacet
  facet normal 0.649634 -0.760247 0
    outer loop
      vertex -6.99656 126.189 11.1
      vertex -7.90937 125.409 5.9
      vertex -6.99656 126.189 5.9
    endloop
  endfacet
  facet normal 0.383122 -0.923698 0
    outer loop
      vertex -5.97303 126.816 5.9
      vertex -4.86398 127.276 11.1
      vertex -5.97303 126.816 11.1
    endloop
  endfacet
  facet normal 0.383122 -0.923698 0
    outer loop
      vertex -4.86398 127.276 11.1
      vertex -5.97303 126.816 5.9
      vertex -4.86398 127.276 5.9
    endloop
  endfacet
  facet normal 0.923874 -0.382696 0
    outer loop
      vertex -9.77558 122.364 11.1
      vertex -9.3162 123.473 5.9
      vertex -9.3162 123.473 11.1
    endloop
  endfacet
  facet normal 0.923874 -0.382696 0
    outer loop
      vertex -9.3162 123.473 5.9
      vertex -9.77558 122.364 11.1
      vertex -9.77558 122.364 5.9
    endloop
  endfacet
  facet normal 0.852747 -0.522324 0
    outer loop
      vertex -9.3162 123.473 11.1
      vertex -8.68898 124.497 5.9
      vertex -8.68898 124.497 11.1
    endloop
  endfacet
  facet normal 0.852747 -0.522324 0
    outer loop
      vertex -8.68898 124.497 5.9
      vertex -9.3162 123.473 11.1
      vertex -9.3162 123.473 5.9
    endloop
  endfacet
  facet normal 0.972361 -0.233483 0
    outer loop
      vertex -10.0558 121.197 11.1
      vertex -9.77558 122.364 5.9
      vertex -9.77558 122.364 11.1
    endloop
  endfacet
  facet normal 0.972361 -0.233483 0
    outer loop
      vertex -9.77558 122.364 5.9
      vertex -10.0558 121.197 11.1
      vertex -10.0558 121.197 5.9
    endloop
  endfacet
  facet normal 0.522365 -0.852722 0
    outer loop
      vertex -6.99656 126.189 5.9
      vertex -5.97303 126.816 11.1
      vertex -6.99656 126.189 11.1
    endloop
  endfacet
  facet normal 0.522365 -0.852722 0
    outer loop
      vertex -5.97303 126.816 11.1
      vertex -6.99656 126.189 5.9
      vertex -5.97303 126.816 5.9
    endloop
  endfacet
  facet normal 0.233261 -0.972414 0
    outer loop
      vertex -4.86398 127.276 5.9
      vertex -3.69672 127.556 11.1
      vertex -4.86398 127.276 11.1
    endloop
  endfacet
  facet normal 0.233261 -0.972414 0
    outer loop
      vertex -3.69672 127.556 11.1
      vertex -4.86398 127.276 5.9
      vertex -3.69672 127.556 5.9
    endloop
  endfacet
  facet normal -0 0 1
    outer loop
      vertex -3.69672 127.556 5.9
      vertex -2.5 112.35 5.9
      vertex -2.5 127.65 5.9
    endloop
  endfacet
  facet normal 0 0 1
    outer loop
      vertex -3.69672 127.556 5.9
      vertex -3.69672 112.444 5.9
      vertex -2.5 112.35 5.9
    endloop
  endfacet
  facet normal -0 0 1
    outer loop
      vertex -4.86398 127.276 5.9
      vertex -3.69672 112.444 5.9
      vertex -3.69672 127.556 5.9
    endloop
  endfacet
  facet normal 0 0 1
    outer loop
      vertex -4.86398 127.276 5.9
      vertex -4.86398 112.724 5.9
      vertex -3.69672 112.444 5.9
    endloop
  endfacet
  facet normal -0 0 1
    outer loop
      vertex -5.97303 126.816 5.9
      vertex -4.86398 112.724 5.9
      vertex -4.86398 127.276 5.9
    endloop
  endfacet
  facet normal 0 0 1
    outer loop
      vertex -5.97303 126.816 5.9
      vertex -5.97303 113.184 5.9
      vertex -4.86398 112.724 5.9
    endloop
  endfacet
  facet normal -0 0 1
    outer loop
      vertex -6.99656 126.189 5.9
      vertex -5.97303 113.184 5.9
      vertex -5.97303 126.816 5.9
    endloop
  endfacet
  facet normal 0 0 1
    outer loop
      vertex -6.99656 126.189 5.9
      vertex -6.99656 113.811 5.9
      vertex -5.97303 113.184 5.9
    endloop
  endfacet
  facet normal -0 0 1
    outer loop
      vertex -7.90937 125.409 5.9
      vertex -6.99656 113.811 5.9
      vertex -6.99656 126.189 5.9
    endloop
  endfacet
  facet normal 0 0 1
    outer loop
      vertex -7.90937 125.409 5.9
      vertex -7.90937 114.591 5.9
      vertex -6.99656 113.811 5.9
    endloop
  endfacet
  facet normal -0 0 1
    outer loop
      vertex -8.68898 124.497 5.9
      vertex -7.90937 114.591 5.9
      vertex -7.90937 125.409 5.9
    endloop
  endfacet
  facet normal 0 0 1
    outer loop
      vertex -8.68898 124.497 5.9
      vertex -8.68898 115.503 5.9
      vertex -7.90937 114.591 5.9
    endloop
  endfacet
  facet normal -0 0 1
    outer loop
      vertex -9.3162 123.473 5.9
      vertex -8.68898 115.503 5.9
      vertex -8.68898 124.497 5.9
    endloop
  endfacet
  facet normal 0 0 1
    outer loop
      vertex -9.3162 123.473 5.9
      vertex -9.3162 116.527 5.9
      vertex -8.68898 115.503 5.9
    endloop
  endfacet
  facet normal -0 0 1
    outer loop
      vertex -9.77558 122.364 5.9
      vertex -9.3162 116.527 5.9
      vertex -9.3162 123.473 5.9
    endloop
  endfacet
  facet normal 0 0 1
    outer loop
      vertex -9.77558 122.364 5.9
      vertex -9.77558 117.636 5.9
      vertex -9.3162 116.527 5.9
    endloop
  endfacet
  facet normal -0 0 1
    outer loop
      vertex -10.0558 121.197 5.9
      vertex -9.77558 117.636 5.9
      vertex -9.77558 122.364 5.9
    endloop
  endfacet
  facet normal 0 0 1
    outer loop
      vertex -10.0558 121.197 5.9
      vertex -10.0558 118.803 5.9
      vertex -9.77558 117.636 5.9
    endloop
  endfacet
  facet normal 0 -0 1
    outer loop
      vertex -10.0558 118.803 5.9
      vertex -10.0558 121.197 5.9
      vertex -10.15 120 5.9
    endloop
  endfacet
  facet normal 0.852747 0.522324 0
    outer loop
      vertex -8.68898 115.503 11.1
      vertex -9.3162 116.527 5.9
      vertex -9.3162 116.527 11.1
    endloop
  endfacet
  facet normal 0.852747 0.522324 0
    outer loop
      vertex -9.3162 116.527 5.9
      vertex -8.68898 115.503 11.1
      vertex -8.68898 115.503 5.9
    endloop
  endfacet
  facet normal 0.923874 0.382696 0
    outer loop
      vertex -9.3162 116.527 11.1
      vertex -9.77558 117.636 5.9
      vertex -9.77558 117.636 11.1
    endloop
  endfacet
  facet normal 0.923874 0.382696 0
    outer loop
      vertex -9.77558 117.636 5.9
      vertex -9.3162 116.527 11.1
      vertex -9.3162 116.527 5.9
    endloop
  endfacet
  facet normal 0.996918 0.0784542 0
    outer loop
      vertex -10.0558 118.803 11.1
      vertex -10.15 120 5.9
      vertex -10.15 120 11.1
    endloop
  endfacet
  facet normal 0.996918 0.0784542 0
    outer loop
      vertex -10.15 120 5.9
      vertex -10.0558 118.803 11.1
      vertex -10.0558 118.803 5.9
    endloop
  endfacet
  facet normal 0.760123 -0.64978 0
    outer loop
      vertex -8.68898 124.497 11.1
      vertex -7.90937 125.409 5.9
      vertex -7.90937 125.409 11.1
    endloop
  endfacet
  facet normal 0.760123 -0.64978 0
    outer loop
      vertex -7.90937 125.409 5.9
      vertex -8.68898 124.497 11.1
      vertex -8.68898 124.497 5.9
    endloop
  endfacet
  facet normal 0.233261 0.972414 -0
    outer loop
      vertex -3.69672 112.444 5.9
      vertex -4.86398 112.724 11.1
      vertex -3.69672 112.444 11.1
    endloop
  endfacet
  facet normal 0.233261 0.972414 0
    outer loop
      vertex -4.86398 112.724 11.1
      vertex -3.69672 112.444 5.9
      vertex -4.86398 112.724 5.9
    endloop
  endfacet
  facet normal 0.522365 0.852722 -0
    outer loop
      vertex -5.97303 113.184 5.9
      vertex -6.99656 113.811 11.1
      vertex -5.97303 113.184 11.1
    endloop
  endfacet
  facet normal 0.522365 0.852722 0
    outer loop
      vertex -6.99656 113.811 11.1
      vertex -5.97303 113.184 5.9
      vertex -6.99656 113.811 5.9
    endloop
  endfacet
  facet normal 0.972361 0.233483 0
    outer loop
      vertex -9.77558 117.636 11.1
      vertex -10.0558 118.803 5.9
      vertex -10.0558 118.803 11.1
    endloop
  endfacet
  facet normal 0.972361 0.233483 0
    outer loop
      vertex -10.0558 118.803 5.9
      vertex -9.77558 117.636 11.1
      vertex -9.77558 117.636 5.9
    endloop
  endfacet
  facet normal 0.0783068 0.996929 -0
    outer loop
      vertex -2.5 112.35 5.9
      vertex -3.69672 112.444 11.1
      vertex -2.5 112.35 11.1
    endloop
  endfacet
  facet normal 0.0783068 0.996929 0
    outer loop
      vertex -3.69672 112.444 11.1
      vertex -2.5 112.35 5.9
      vertex -3.69672 112.444 5.9
    endloop
  endfacet
  facet normal 0.383122 0.923698 -0
    outer loop
      vertex -4.86398 112.724 5.9
      vertex -5.97303 113.184 11.1
      vertex -4.86398 112.724 11.1
    endloop
  endfacet
  facet normal 0.383122 0.923698 0
    outer loop
      vertex -5.97303 113.184 11.1
      vertex -4.86398 112.724 5.9
      vertex -5.97303 113.184 5.9
    endloop
  endfacet
  facet normal 0.649634 0.760247 -0
    outer loop
      vertex -6.99656 113.811 5.9
      vertex -7.90937 114.591 11.1
      vertex -6.99656 113.811 11.1
    endloop
  endfacet
  facet normal 0.649634 0.760247 0
    outer loop
      vertex -7.90937 114.591 11.1
      vertex -6.99656 113.811 5.9
      vertex -7.90937 114.591 5.9
    endloop
  endfacet
  facet normal 0.760123 0.64978 0
    outer loop
      vertex -7.90937 114.591 11.1
      vertex -8.68898 115.503 5.9
      vertex -8.68898 115.503 11.1
    endloop
  endfacet
  facet normal 0.760123 0.64978 0
    outer loop
      vertex -8.68898 115.503 5.9
      vertex -7.90937 114.591 11.1
      vertex -7.90937 114.591 5.9
    endloop
  endfacet
  facet normal 1 0 0
    outer loop
      vertex -2.5 111.425 8.1
      vertex -2.5 112.35 11.1
      vertex -2.5 111.425 11.1
    endloop
  endfacet
  facet normal 1 0 0
    outer loop
      vertex -2.5 127.65 5.9
      vertex -2.5 112.35 5.9
      vertex -2.5 127.65 5.06
    endloop
  endfacet
  facet normal 1 0 0
    outer loop
      vertex -2.5 128.575 11.1
      vertex -2.5 127.65 11.1
      vertex -2.5 128.575 8.1
    endloop
  endfacet
  facet normal 1 0 0
    outer loop
      vertex -2.5 168 11.1
      vertex -2.5 167 8.06
      vertex -2.5 168 8.1
    endloop
  endfacet
  facet normal 1 -0 0
    outer loop
      vertex -2.5 166.15 11.1
      vertex -2.5 167 8.06
      vertex -2.5 168 11.1
    endloop
  endfacet
  facet normal 1 -0 0
    outer loop
      vertex -2.5 166.15 8.1
      vertex -2.5 167 8.06
      vertex -2.5 166.15 11.1
    endloop
  endfacet
  facet normal 1 0 0
    outer loop
      vertex -2.5 166.15 8.1
      vertex -2.5 157 8.06
      vertex -2.5 167 8.06
    endloop
  endfacet
  facet normal 1 0 0
    outer loop
      vertex -2.5 157 8.06
      vertex -2.5 137.65 8.06
      vertex -2.5 157 5.06
    endloop
  endfacet
  facet normal 1 0 0
    outer loop
      vertex -2.5 166.15 8.1
      vertex -2.5 137.65 8.06
      vertex -2.5 157 8.06
    endloop
  endfacet
  facet normal 1 -0 0
    outer loop
      vertex -2.5 128.575 8.1
      vertex -2.5 137.65 8.06
      vertex -2.5 166.15 8.1
    endloop
  endfacet
  facet normal 1 0 0
    outer loop
      vertex -2.5 128.575 8.1
      vertex -2.5 127.65 8.06
      vertex -2.5 137.65 8.06
    endloop
  endfacet
  facet normal 1 0 0
    outer loop
      vertex -2.5 127.65 8.06
      vertex -2.5 128.575 8.1
      vertex -2.5 127.65 11.1
    endloop
  endfacet
  facet normal 1 -0 0
    outer loop
      vertex -2.5 168 8.1
      vertex -2.5 172 4.89999
      vertex -2.5 172 8.1
    endloop
  endfacet
  facet normal 1 0 0
    outer loop
      vertex -2.5 167 5.06
      vertex -2.5 168 8.1
      vertex -2.5 167 8.06
    endloop
  endfacet
  facet normal 1 0 0
    outer loop
      vertex -2.5 168 8.1
      vertex -2.5 167 5.06
      vertex -2.5 172 4.89999
    endloop
  endfacet
  facet normal 1 -0 0
    outer loop
      vertex -2.5 157 5.06
      vertex -2.5 172 4.89999
      vertex -2.5 167 5.06
    endloop
  endfacet
  facet normal 1 0 0
    outer loop
      vertex -2.5 137.65 5.06
      vertex -2.5 157 5.06
      vertex -2.5 137.65 8.06
    endloop
  endfacet
  facet normal 1 -0 0
    outer loop
      vertex -2.5 137.65 5.06
      vertex -2.5 172 4.89999
      vertex -2.5 157 5.06
    endloop
  endfacet
  facet normal 1 -0 0
    outer loop
      vertex -2.5 127.65 5.06
      vertex -2.5 172 4.89999
      vertex -2.5 137.65 5.06
    endloop
  endfacet
  facet normal 1 0 0
    outer loop
      vertex -2.5 112.35 11.1
      vertex -2.5 111.425 8.1
      vertex -2.5 112.35 5.9
    endloop
  endfacet
  facet normal 1 0 0
    outer loop
      vertex -2.5 83 5.06
      vertex -2.5 111.425 8.1
      vertex -2.5 83 8.06
    endloop
  endfacet
  facet normal 1 0 0
    outer loop
      vertex -2.5 111.425 8.1
      vertex -2.5 83 5.06
      vertex -2.5 112.35 5.9
    endloop
  endfacet
  facet normal 1 0 0
    outer loop
      vertex -2.5 83 5.06
      vertex -2.5 127.65 5.06
      vertex -2.5 112.35 5.9
    endloop
  endfacet
  facet normal 1 -0 0
    outer loop
      vertex -2.5 83 5.06
      vertex -2.5 172 4.89999
      vertex -2.5 127.65 5.06
    endloop
  endfacet
  facet normal 1 0 0
    outer loop
      vertex -2.5 68 4.89999
      vertex -2.5 83 5.06
      vertex -2.5 73 5.06
    endloop
  endfacet
  facet normal 1 0 0
    outer loop
      vertex -2.5 73 8.06
      vertex -2.5 72 8.1
      vertex -2.5 73 5.06
    endloop
  endfacet
  facet normal 1 0 0
    outer loop
      vertex -2.5 68 4.89999
      vertex -2.5 72 8.1
      vertex -2.5 68 8.1
    endloop
  endfacet
  facet normal 1 0 0
    outer loop
      vertex -2.5 83 5.06
      vertex -2.5 68 4.89999
      vertex -2.5 172 4.89999
    endloop
  endfacet
  facet normal 1 0 0
    outer loop
      vertex -2.5 72 8.1
      vertex -2.5 68 4.89999
      vertex -2.5 73 5.06
    endloop
  endfacet
  facet normal 1 0 0
    outer loop
      vertex -2.5 73.85 11.1
      vertex -2.5 73 8.06
      vertex -2.5 73.85 8.1
    endloop
  endfacet
  facet normal 1 -0 0
    outer loop
      vertex -2.5 72 8.1
      vertex -2.5 73 8.06
      vertex -2.5 72 11.1
    endloop
  endfacet
  facet normal 1 -0 0
    outer loop
      vertex -2.5 72 11.1
      vertex -2.5 73 8.06
      vertex -2.5 73.85 11.1
    endloop
  endfacet
  facet normal 1 -0 0
    outer loop
      vertex -2.5 73.85 8.1
      vertex -2.5 83 8.06
      vertex -2.5 111.425 8.1
    endloop
  endfacet
  facet normal 1 0 0
    outer loop
      vertex -2.5 83 8.06
      vertex -2.5 73.85 8.1
      vertex -2.5 73 8.06
    endloop
  endfacet
  facet normal 0 0 -1
    outer loop
      vertex -2.59999 68 4.89999
      vertex -2.5 172 4.89999
      vertex -2.5 68 4.89999
    endloop
  endfacet
  facet normal -0 0 -1
    outer loop
      vertex -2.5 172 4.89999
      vertex -2.59999 68 4.89999
      vertex -2.59999 172 4.89999
    endloop
  endfacet
  facet normal 0.707108 -0 0.707105
    outer loop
      vertex -2.59999 68 4.89999
      vertex -0.150009 172 2.45
      vertex -2.59999 172 4.89999
    endloop
  endfacet
  facet normal 0.707108 0 0.707105
    outer loop
      vertex -0.150009 172 2.45
      vertex -2.59999 68 4.89999
      vertex -0.150009 68 2.45
    endloop
  endfacet
  facet normal 0.70711 0 -0.707104
    outer loop
      vertex -0.150009 68 2.45
      vertex -2.59999 172 0
      vertex -0.150009 172 2.45
    endloop
  endfacet
  facet normal 0.70711 0 -0.707104
    outer loop
      vertex -2.59999 172 0
      vertex -0.150009 68 2.45
      vertex -2.59999 68 0
    endloop
  endfacet
  facet normal -0 0 1
    outer loop
      vertex -2.5 83 8.06
      vertex 1.46 73 8.06
      vertex 1.46 83 8.06
    endloop
  endfacet
  facet normal 0 0 1
    outer loop
      vertex 1.46 73 8.06
      vertex -2.5 83 8.06
      vertex -2.5 73 8.06
    endloop
  endfacet
  facet normal 1 -0 0
    outer loop
      vertex 1.46 73 8.06
      vertex 1.46 83 5.06
      vertex 1.46 83 8.06
    endloop
  endfacet
  facet normal 1 0 0
    outer loop
      vertex 1.46 83 5.06
      vertex 1.46 73 8.06
      vertex 1.46 73 5.06
    endloop
  endfacet
  facet normal 0 1 -0
    outer loop
      vertex 1.46 83 5.06
      vertex -2.5 83 8.06
      vertex 1.46 83 8.06
    endloop
  endfacet
  facet normal 0 1 0
    outer loop
      vertex -2.5 83 8.06
      vertex 1.46 83 5.06
      vertex -2.5 83 5.06
    endloop
  endfacet
  facet normal 0 0 -1
    outer loop
      vertex -2.5 73 5.06
      vertex 1.46 83 5.06
      vertex 1.46 73 5.06
    endloop
  endfacet
  facet normal -0 0 -1
    outer loop
      vertex 1.46 83 5.06
      vertex -2.5 73 5.06
      vertex -2.5 83 5.06
    endloop
  endfacet
  facet normal 0 -1 0
    outer loop
      vertex -2.5 73 5.06
      vertex 1.46 73 8.06
      vertex -2.5 73 8.06
    endloop
  endfacet
  facet normal 0 -1 -0
    outer loop
      vertex 1.46 73 8.06
      vertex -2.5 73 5.06
      vertex 1.46 73 5.06
    endloop
  endfacet
  facet normal -0 0 1
    outer loop
      vertex -2.5 137.65 8.06
      vertex 1.46 127.65 8.06
      vertex 1.46 137.65 8.06
    endloop
  endfacet
  facet normal 0 0 1
    outer loop
      vertex 1.46 127.65 8.06
      vertex -2.5 137.65 8.06
      vertex -2.5 127.65 8.06
    endloop
  endfacet
  facet normal 1 -0 0
    outer loop
      vertex 1.46 127.65 8.06
      vertex 1.46 137.65 5.06
      vertex 1.46 137.65 8.06
    endloop
  endfacet
  facet normal 1 0 0
    outer loop
      vertex 1.46 137.65 5.06
      vertex 1.46 127.65 8.06
      vertex 1.46 127.65 5.06
    endloop
  endfacet
  facet normal 0 0 -1
    outer loop
      vertex -2.5 127.65 5.06
      vertex 1.46 137.65 5.06
      vertex 1.46 127.65 5.06
    endloop
  endfacet
  facet normal -0 0 -1
    outer loop
      vertex 1.46 137.65 5.06
      vertex -2.5 127.65 5.06
      vertex -2.5 137.65 5.06
    endloop
  endfacet
  facet normal 0 -1 0
    outer loop
      vertex -2.5 127.65 5.9
      vertex 1.46 127.65 8.06
      vertex -2.5 127.65 8.06
    endloop
  endfacet
  facet normal 0 -1 0
    outer loop
      vertex 1.46 127.65 5.06
      vertex -2.5 127.65 5.9
      vertex -2.5 127.65 5.06
    endloop
  endfacet
  facet normal 0 -1 0
    outer loop
      vertex -2.5 127.65 5.9
      vertex 1.46 127.65 5.06
      vertex 1.46 127.65 8.06
    endloop
  endfacet
  facet normal 0 1 -0
    outer loop
      vertex 1.46 137.65 5.06
      vertex -2.5 137.65 8.06
      vertex 1.46 137.65 8.06
    endloop
  endfacet
  facet normal 0 1 0
    outer loop
      vertex -2.5 137.65 8.06
      vertex 1.46 137.65 5.06
      vertex -2.5 137.65 5.06
    endloop
  endfacet
  facet normal -0 0 1
    outer loop
      vertex -2.5 167 8.06
      vertex 1.46 157 8.06
      vertex 1.46 167 8.06
    endloop
  endfacet
  facet normal 0 0 1
    outer loop
      vertex 1.46 157 8.06
      vertex -2.5 167 8.06
      vertex -2.5 157 8.06
    endloop
  endfacet
  facet normal 1 -0 0
    outer loop
      vertex 1.46 157 8.06
      vertex 1.46 167 5.06
      vertex 1.46 167 8.06
    endloop
  endfacet
  facet normal 1 0 0
    outer loop
      vertex 1.46 167 5.06
      vertex 1.46 157 8.06
      vertex 1.46 157 5.06
    endloop
  endfacet
  facet normal 0 1 -0
    outer loop
      vertex 1.46 167 5.06
      vertex -2.5 167 8.06
      vertex 1.46 167 8.06
    endloop
  endfacet
  facet normal 0 1 0
    outer loop
      vertex -2.5 167 8.06
      vertex 1.46 167 5.06
      vertex -2.5 167 5.06
    endloop
  endfacet
  facet normal 0 0 -1
    outer loop
      vertex -2.5 157 5.06
      vertex 1.46 167 5.06
      vertex 1.46 157 5.06
    endloop
  endfacet
  facet normal -0 0 -1
    outer loop
      vertex 1.46 167 5.06
      vertex -2.5 157 5.06
      vertex -2.5 167 5.06
    endloop
  endfacet
  facet normal 0 -1 0
    outer loop
      vertex -2.5 157 5.06
      vertex 1.46 157 8.06
      vertex -2.5 157 8.06
    endloop
  endfacet
  facet normal 0 -1 -0
    outer loop
      vertex 1.46 157 8.06
      vertex -2.5 157 5.06
      vertex 1.46 157 5.06
    endloop
  endfacet
  facet normal -0 0 1
    outer loop
      vertex 132.754 42.553 62
      vertex 135 41.9001 62
      vertex 134.9 43.1671 62
    endloop
  endfacet
  facet normal 0 0 1
    outer loop
      vertex 135 41.9001 62
      vertex 133.15 40.0501 62
      vertex 135 -41.9001 62
    endloop
  endfacet
  facet normal 0 0 1
    outer loop
      vertex 132.754 42.553 62
      vertex 134.9 43.1671 62
      vertex 134.604 44.403 62
    endloop
  endfacet
  facet normal -0 0 1
    outer loop
      vertex 133.15 -40.0501 62
      vertex 135 -41.9001 62
      vertex 133.15 40.0501 62
    endloop
  endfacet
  facet normal 0 0 1
    outer loop
      vertex 132.267 43.7273 62
      vertex 134.604 44.403 62
      vertex 134.117 45.5773 62
    endloop
  endfacet
  facet normal -0 0 1
    outer loop
      vertex 133.05 -41.3171 62
      vertex 135 -41.9001 62
      vertex 133.15 -40.0501 62
    endloop
  endfacet
  facet normal 0 0 1
    outer loop
      vertex 131.603 44.8111 62
      vertex 134.117 45.5773 62
      vertex 133.453 46.6611 62
    endloop
  endfacet
  facet normal 0 0 1
    outer loop
      vertex 132.754 -42.553 62
      vertex 135 -41.9001 62
      vertex 133.05 -41.3171 62
    endloop
  endfacet
  facet normal 0 0 1
    outer loop
      vertex 135 -41.9001 62
      vertex 132.754 -42.553 62
      vertex 134.9 -43.1671 62
    endloop
  endfacet
  facet normal 0 0 1
    outer loop
      vertex 135 41.9001 62
      vertex 133.05 41.3171 62
      vertex 133.15 40.0501 62
    endloop
  endfacet
  facet normal 0 0 1
    outer loop
      vertex 135 41.9001 62
      vertex 132.754 42.553 62
      vertex 133.05 41.3171 62
    endloop
  endfacet
  facet normal 0 0 1
    outer loop
      vertex 130.778 45.7776 62
      vertex 133.453 46.6611 62
      vertex 132.628 47.6276 62
    endloop
  endfacet
  facet normal 0 0 1
    outer loop
      vertex 134.604 44.403 62
      vertex 132.267 43.7273 62
      vertex 132.754 42.553 62
    endloop
  endfacet
  facet normal 0 0 1
    outer loop
      vertex 130.778 45.7776 62
      vertex 132.628 47.6276 62
      vertex 131.661 48.453 62
    endloop
  endfacet
  facet normal 0 0 1
    outer loop
      vertex 134.117 45.5773 62
      vertex 131.603 44.8111 62
      vertex 132.267 43.7273 62
    endloop
  endfacet
  facet normal 0 0 1
    outer loop
      vertex 133.453 46.6611 62
      vertex 130.778 45.7776 62
      vertex 131.603 44.8111 62
    endloop
  endfacet
  facet normal 0 0 1
    outer loop
      vertex 129.811 46.603 62
      vertex 131.661 48.453 62
      vertex 130.577 49.1172 62
    endloop
  endfacet
  facet normal 0 0 1
    outer loop
      vertex 131.661 48.453 62
      vertex 129.811 46.603 62
      vertex 130.778 45.7776 62
    endloop
  endfacet
  facet normal 0 0 1
    outer loop
      vertex 128.727 47.2672 62
      vertex 130.577 49.1172 62
      vertex 129.403 49.6036 62
    endloop
  endfacet
  facet normal 0 0 1
    outer loop
      vertex 130.577 49.1172 62
      vertex 128.727 47.2672 62
      vertex 129.811 46.603 62
    endloop
  endfacet
  facet normal 0 0 1
    outer loop
      vertex 127.553 47.7536 62
      vertex 129.403 49.6036 62
      vertex 128.167 49.9003 62
    endloop
  endfacet
  facet normal 0 0 1
    outer loop
      vertex 129.403 49.6036 62
      vertex 127.553 47.7536 62
      vertex 128.727 47.2672 62
    endloop
  endfacet
  facet normal 0 0 1
    outer loop
      vertex 126.9 50 62
      vertex 127.553 47.7536 62
      vertex 128.167 49.9003 62
    endloop
  endfacet
  facet normal 0 0 1
    outer loop
      vertex 126.9 50 62
      vertex 126.317 48.0503 62
      vertex 127.553 47.7536 62
    endloop
  endfacet
  facet normal 0 0 1
    outer loop
      vertex 126.9 50 62
      vertex 125.05 48.15 62
      vertex 126.317 48.0503 62
    endloop
  endfacet
  facet normal -0 0 1
    outer loop
      vertex 2.59999 50 62
      vertex 125.05 48.15 62
      vertex 126.9 50 62
    endloop
  endfacet
  facet normal 0 0 1
    outer loop
      vertex 125.05 48.15 62
      vertex 2.59999 50 62
      vertex 2.59999 48.15 62
    endloop
  endfacet
  facet normal 0 0 1
    outer loop
      vertex 134.9 -43.1671 62
      vertex 132.754 -42.553 62
      vertex 134.604 -44.403 62
    endloop
  endfacet
  facet normal -0 0 1
    outer loop
      vertex 132.267 -43.7273 62
      vertex 134.604 -44.403 62
      vertex 132.754 -42.553 62
    endloop
  endfacet
  facet normal 0 0 1
    outer loop
      vertex 134.604 -44.403 62
      vertex 132.267 -43.7273 62
      vertex 134.117 -45.5773 62
    endloop
  endfacet
  facet normal -0 0 1
    outer loop
      vertex 131.603 -44.8111 62
      vertex 134.117 -45.5773 62
      vertex 132.267 -43.7273 62
    endloop
  endfacet
  facet normal 0 0 1
    outer loop
      vertex 134.117 -45.5773 62
      vertex 131.603 -44.8111 62
      vertex 133.453 -46.6611 62
    endloop
  endfacet
  facet normal -0 0 1
    outer loop
      vertex 130.778 -45.7776 62
      vertex 133.453 -46.6611 62
      vertex 131.603 -44.8111 62
    endloop
  endfacet
  facet normal 0 0 1
    outer loop
      vertex 133.453 -46.6611 62
      vertex 130.778 -45.7776 62
      vertex 132.628 -47.6276 62
    endloop
  endfacet
  facet normal 0 0 1
    outer loop
      vertex 132.628 -47.6276 62
      vertex 130.778 -45.7776 62
      vertex 131.661 -48.453 62
    endloop
  endfacet
  facet normal -0 0 1
    outer loop
      vertex 129.811 -46.603 62
      vertex 131.661 -48.453 62
      vertex 130.778 -45.7776 62
    endloop
  endfacet
  facet normal 0 0 1
    outer loop
      vertex 131.661 -48.453 62
      vertex 129.811 -46.603 62
      vertex 130.577 -49.1172 62
    endloop
  endfacet
  facet normal -0 0 1
    outer loop
      vertex 128.727 -47.2672 62
      vertex 130.577 -49.1172 62
      vertex 129.811 -46.603 62
    endloop
  endfacet
  facet normal 0 0 1
    outer loop
      vertex 130.577 -49.1172 62
      vertex 128.727 -47.2672 62
      vertex 129.403 -49.6036 62
    endloop
  endfacet
  facet normal -0 0 1
    outer loop
      vertex 127.553 -47.7536 62
      vertex 129.403 -49.6036 62
      vertex 128.727 -47.2672 62
    endloop
  endfacet
  facet normal 0 0 1
    outer loop
      vertex 129.403 -49.6036 62
      vertex 127.553 -47.7536 62
      vertex 128.167 -49.9003 62
    endloop
  endfacet
  facet normal 0 0 1
    outer loop
      vertex 127.553 -47.7536 62
      vertex 126.9 -50 62
      vertex 128.167 -49.9003 62
    endloop
  endfacet
  facet normal -0 0 1
    outer loop
      vertex 126.317 -48.0503 62
      vertex 126.9 -50 62
      vertex 127.553 -47.7536 62
    endloop
  endfacet
  facet normal -0 0 1
    outer loop
      vertex 125.05 -48.15 62
      vertex 126.9 -50 62
      vertex 126.317 -48.0503 62
    endloop
  endfacet
  facet normal 0 0 1
    outer loop
      vertex 2.59999 -50 62
      vertex 125.05 -48.15 62
      vertex 2.59999 -48.15 62
    endloop
  endfacet
  facet normal 0 0 1
    outer loop
      vertex 125.05 -48.15 62
      vertex 2.59999 -50 62
      vertex 126.9 -50 62
    endloop
  endfacet
  facet normal 0.233418 -0.972377 0
    outer loop
      vertex 128.167 -49.9003 0
      vertex 129.403 -49.6036 62
      vertex 128.167 -49.9003 62
    endloop
  endfacet
  facet normal 0.233418 -0.972377 0
    outer loop
      vertex 129.403 -49.6036 62
      vertex 128.167 -49.9003 0
      vertex 129.403 -49.6036 0
    endloop
  endfacet
  facet normal 0.0784473 -0.996918 0
    outer loop
      vertex 126.9 -50 0
      vertex 128.167 -49.9003 62
      vertex 126.9 -50 62
    endloop
  endfacet
  facet normal 0.0784473 -0.996918 0
    outer loop
      vertex 128.167 -49.9003 62
      vertex 126.9 -50 0
      vertex 128.167 -49.9003 0
    endloop
  endfacet
  facet normal 0.522455 0.852667 -0
    outer loop
      vertex 131.661 48.453 0
      vertex 130.577 49.1172 62
      vertex 131.661 48.453 62
    endloop
  endfacet
  facet normal 0.522455 0.852667 0
    outer loop
      vertex 130.577 49.1172 62
      vertex 131.661 48.453 0
      vertex 130.577 49.1172 0
    endloop
  endfacet
  facet normal 0.0784473 0.996918 -0
    outer loop
      vertex 128.167 49.9003 0
      vertex 126.9 50 62
      vertex 128.167 49.9003 62
    endloop
  endfacet
  facet normal 0.0784473 0.996918 0
    outer loop
      vertex 126.9 50 62
      vertex 128.167 49.9003 0
      vertex 126.9 50 0
    endloop
  endfacet
  facet normal 0 1 0
    outer loop
      vertex 126.9 50 62
      vertex 3.09999 50 61.5
      vertex 2.59999 50 62
    endloop
  endfacet
  facet normal 0 1 -0
    outer loop
      vertex 5.59999 50 58
      vertex 3.09999 50 61.5
      vertex 126.9 50 62
    endloop
  endfacet
  facet normal 0 1 0
    outer loop
      vertex 3.09999 50 61.5
      vertex 5.59999 50 58
      vertex 2.59999 50 61
    endloop
  endfacet
  facet normal 0 1 -0
    outer loop
      vertex 11.4101 50 37.4999
      vertex 5.59999 50 58
      vertex 126.9 50 62
    endloop
  endfacet
  facet normal 0 1 0
    outer loop
      vertex 5.59999 50 58
      vertex 5.59999 50 52
      vertex 2.59999 50 55
    endloop
  endfacet
  facet normal -0 1 -0
    outer loop
      vertex 10.5902 50 38.8379
      vertex 5.59999 50 58
      vertex 11.4101 50 37.4999
    endloop
  endfacet
  facet normal 0 1 0
    outer loop
      vertex 5.59999 50 52
      vertex 5.59999 50 46
      vertex 2.59999 50 49
    endloop
  endfacet
  facet normal -0 1 -0
    outer loop
      vertex 9.57107 50 40.0311
      vertex 5.59999 50 52
      vertex 10.5902 50 38.8379
    endloop
  endfacet
  facet normal 0 1 0
    outer loop
      vertex 2.59999 50 43
      vertex 2.5 50 42.96
      vertex 2.5 50 43
    endloop
  endfacet
  facet normal 0 1 0
    outer loop
      vertex 5.59999 50 46
      vertex 4.06434 50 42.8369
      vertex 2.59999 50 43
    endloop
  endfacet
  facet normal 0 1 0
    outer loop
      vertex 2.59999 50 43
      vertex 4.06434 50 42.8369
      vertex 2.5 50 42.96
    endloop
  endfacet
  facet normal 0 1 0
    outer loop
      vertex 5.59999 50 46
      vertex 5.59017 50 42.4706
      vertex 4.06434 50 42.8369
    endloop
  endfacet
  facet normal 0 1 0
    outer loop
      vertex 5.59999 50 46
      vertex 7.0399 50 41.8701
      vertex 5.59017 50 42.4706
    endloop
  endfacet
  facet normal 0 1 0
    outer loop
      vertex 5.59999 50 46
      vertex 8.37785 50 41.0502
      vertex 7.0399 50 41.8701
    endloop
  endfacet
  facet normal 0 1 0
    outer loop
      vertex 5.59999 50 46
      vertex 9.57107 50 40.0311
      vertex 8.37785 50 41.0502
    endloop
  endfacet
  facet normal 0 1 0
    outer loop
      vertex 5.59999 50 52
      vertex 9.57107 50 40.0311
      vertex 5.59999 50 46
    endloop
  endfacet
  facet normal 0 1 0
    outer loop
      vertex 5.59999 50 58
      vertex 10.5902 50 38.8379
      vertex 5.59999 50 52
    endloop
  endfacet
  facet normal 0 1 0
    outer loop
      vertex 126.9 50 62
      vertex 12.0106 50 36.0502
      vertex 11.4101 50 37.4999
    endloop
  endfacet
  facet normal 0 1 0
    outer loop
      vertex 126.9 50 62
      vertex 12.3769 50 34.5243
      vertex 12.0106 50 36.0502
    endloop
  endfacet
  facet normal 0 1 0
    outer loop
      vertex 126.9 50 62
      vertex 12.5 50 32.96
      vertex 12.3769 50 34.5243
    endloop
  endfacet
  facet normal 0 1 -0
    outer loop
      vertex 126.9 50 0
      vertex 12.5 50 32.96
      vertex 126.9 50 62
    endloop
  endfacet
  facet normal 0 1 0
    outer loop
      vertex 12.5 50 32.96
      vertex 126.9 50 0
      vertex 12.5 50 14.96
    endloop
  endfacet
  facet normal 0 1 0
    outer loop
      vertex 12.5 50 14.96
      vertex 126.9 50 0
      vertex 12.3769 50 13.3957
    endloop
  endfacet
  facet normal 0 1 0
    outer loop
      vertex 12.3769 50 13.3957
      vertex 126.9 50 0
      vertex 12.0106 50 11.8698
    endloop
  endfacet
  facet normal 0 1 0
    outer loop
      vertex 12.0106 50 11.8698
      vertex 126.9 50 0
      vertex 11.4101 50 10.4201
    endloop
  endfacet
  facet normal 0 1 0
    outer loop
      vertex 11.4101 50 10.4201
      vertex 126.9 50 0
      vertex 10.5902 50 9.08215
    endloop
  endfacet
  facet normal 0 1 0
    outer loop
      vertex 10.5902 50 9.08215
      vertex 126.9 50 0
      vertex 9.57107 50 7.88893
    endloop
  endfacet
  facet normal 0 1 0
    outer loop
      vertex 2.5 50 0
      vertex 9.57107 50 7.88893
      vertex 126.9 50 0
    endloop
  endfacet
  facet normal 0 1 0
    outer loop
      vertex 4.06434 50 5.08312
      vertex 2.59999 50 4.95999
      vertex 2.5 50 4.96
    endloop
  endfacet
  facet normal 0 1 0
    outer loop
      vertex 4.06434 50 5.08312
      vertex 4.155 50 3.405
      vertex 2.59999 50 4.95999
    endloop
  endfacet
  facet normal 0 1 0
    outer loop
      vertex 5.59017 50 5.44943
      vertex 4.155 50 3.405
      vertex 4.06434 50 5.08312
    endloop
  endfacet
  facet normal 0 1 0
    outer loop
      vertex 7.0399 50 6.04993
      vertex 4.155 50 3.405
      vertex 5.59017 50 5.44943
    endloop
  endfacet
  facet normal 0 1 0
    outer loop
      vertex 9.57107 50 7.88893
      vertex 2.5 50 0
      vertex 8.37785 50 6.86983
    endloop
  endfacet
  facet normal 0 1 0
    outer loop
      vertex 8.37785 50 6.86983
      vertex 2.5 50 0
      vertex 7.0399 50 6.04993
    endloop
  endfacet
  facet normal 0 1 0
    outer loop
      vertex 7.0399 50 6.04993
      vertex 2.5 50 0
      vertex 4.155 50 3.405
    endloop
  endfacet
  facet normal 0 1 0
    outer loop
      vertex 4.155 50 3.405
      vertex 2.5 50 0
      vertex 2.59999 50 1.84999
    endloop
  endfacet
  facet normal 0 1 0
    outer loop
      vertex 2.59999 50 1.84999
      vertex 2.5 50 0
      vertex 2.5 50 1.84999
    endloop
  endfacet
  facet normal 0 1 0
    outer loop
      vertex 2.5 50 4.96
      vertex 2.59999 50 4.95999
      vertex 2.5 50 4.95999
    endloop
  endfacet
  facet normal 0.760588 -0.649235 0
    outer loop
      vertex 132.628 -47.6276 62
      vertex 133.453 -46.6611 0
      vertex 133.453 -46.6611 62
    endloop
  endfacet
  facet normal 0.760588 -0.649235 0
    outer loop
      vertex 133.453 -46.6611 0
      vertex 132.628 -47.6276 62
      vertex 132.628 -47.6276 0
    endloop
  endfacet
  facet normal 0.38276 0.923848 -0
    outer loop
      vertex 130.577 49.1172 0
      vertex 129.403 49.6036 62
      vertex 130.577 49.1172 62
    endloop
  endfacet
  facet normal 0.38276 0.923848 0
    outer loop
      vertex 129.403 49.6036 62
      vertex 130.577 49.1172 0
      vertex 129.403 49.6036 0
    endloop
  endfacet
  facet normal 0.233418 0.972377 -0
    outer loop
      vertex 129.403 49.6036 0
      vertex 128.167 49.9003 62
      vertex 129.403 49.6036 62
    endloop
  endfacet
  facet normal 0.233418 0.972377 0
    outer loop
      vertex 128.167 49.9003 62
      vertex 129.403 49.6036 0
      vertex 128.167 49.9003 0
    endloop
  endfacet
  facet normal 0.649222 0.760599 -0
    outer loop
      vertex 132.628 47.6276 0
      vertex 131.661 48.453 62
      vertex 132.628 47.6276 62
    endloop
  endfacet
  facet normal 0.649222 0.760599 0
    outer loop
      vertex 131.661 48.453 62
      vertex 132.628 47.6276 0
      vertex 131.661 48.453 0
    endloop
  endfacet
  facet normal 0.38276 -0.923848 0
    outer loop
      vertex 129.403 -49.6036 0
      vertex 130.577 -49.1172 62
      vertex 129.403 -49.6036 62
    endloop
  endfacet
  facet normal 0.38276 -0.923848 0
    outer loop
      vertex 130.577 -49.1172 62
      vertex 129.403 -49.6036 0
      vertex 130.577 -49.1172 0
    endloop
  endfacet
  facet normal 0.649222 -0.760599 0
    outer loop
      vertex 131.661 -48.453 0
      vertex 132.628 -47.6276 62
      vertex 131.661 -48.453 62
    endloop
  endfacet
  facet normal 0.649222 -0.760599 0
    outer loop
      vertex 132.628 -47.6276 62
      vertex 131.661 -48.453 0
      vertex 132.628 -47.6276 0
    endloop
  endfacet
  facet normal 0.522455 -0.852667 0
    outer loop
      vertex 130.577 -49.1172 0
      vertex 131.661 -48.453 62
      vertex 130.577 -49.1172 62
    endloop
  endfacet
  facet normal 0.522455 -0.852667 0
    outer loop
      vertex 131.661 -48.453 62
      vertex 130.577 -49.1172 0
      vertex 131.661 -48.453 0
    endloop
  endfacet
  facet normal 1 0 0
    outer loop
      vertex 135 41.9001 62
      vertex 135 10 32.96
      vertex 135 41.9001 0
    endloop
  endfacet
  facet normal 1 0 0
    outer loop
      vertex 135 41.9001 62
      vertex 135 9.87688 34.5243
      vertex 135 10 32.96
    endloop
  endfacet
  facet normal 1 0 0
    outer loop
      vertex 135 41.9001 62
      vertex 135 9.51056 36.0502
      vertex 135 9.87688 34.5243
    endloop
  endfacet
  facet normal 1 0 0
    outer loop
      vertex 135 41.9001 62
      vertex 135 8.91006 37.4999
      vertex 135 9.51056 36.0502
    endloop
  endfacet
  facet normal 1 0 0
    outer loop
      vertex 135 41.9001 62
      vertex 135 8.09017 38.8379
      vertex 135 8.91006 37.4999
    endloop
  endfacet
  facet normal 1 0 0
    outer loop
      vertex 135 41.9001 62
      vertex 135 7.07107 40.0311
      vertex 135 8.09017 38.8379
    endloop
  endfacet
  facet normal 1 0 0
    outer loop
      vertex 135 41.9001 62
      vertex 135 5.87785 41.0502
      vertex 135 7.07107 40.0311
    endloop
  endfacet
  facet normal 1 0 0
    outer loop
      vertex 135 41.9001 62
      vertex 135 4.5399 41.8701
      vertex 135 5.87785 41.0502
    endloop
  endfacet
  facet normal 1 0 0
    outer loop
      vertex 135 41.9001 62
      vertex 135 3.09017 42.4706
      vertex 135 4.5399 41.8701
    endloop
  endfacet
  facet normal 1 0 0
    outer loop
      vertex 135 41.9001 62
      vertex 135 1.56434 42.8369
      vertex 135 3.09017 42.4706
    endloop
  endfacet
  facet normal 1 0 0
    outer loop
      vertex 135 41.9001 62
      vertex 135 0 42.96
      vertex 135 1.56434 42.8369
    endloop
  endfacet
  facet normal 1 -0 0
    outer loop
      vertex 135 -41.9001 62
      vertex 135 0 42.96
      vertex 135 41.9001 62
    endloop
  endfacet
  facet normal 1 0 0
    outer loop
      vertex 135 0 42.96
      vertex 135 -41.9001 62
      vertex 135 -1.56434 42.8369
    endloop
  endfacet
  facet normal 1 0 0
    outer loop
      vertex 135 -1.56434 42.8369
      vertex 135 -41.9001 62
      vertex 135 -3.09017 42.4706
    endloop
  endfacet
  facet normal 1 0 0
    outer loop
      vertex 135 -41.9001 0
      vertex 135 -10 32.96
      vertex 135 -41.9001 62
    endloop
  endfacet
  facet normal 1 0 0
    outer loop
      vertex 135 -9.87688 34.5243
      vertex 135 -41.9001 62
      vertex 135 -10 32.96
    endloop
  endfacet
  facet normal 1 0 0
    outer loop
      vertex 135 -9.51056 36.0502
      vertex 135 -41.9001 62
      vertex 135 -9.87688 34.5243
    endloop
  endfacet
  facet normal 1 0 0
    outer loop
      vertex 135 -8.91006 37.4999
      vertex 135 -41.9001 62
      vertex 135 -9.51056 36.0502
    endloop
  endfacet
  facet normal 1 0 0
    outer loop
      vertex 135 -8.09017 38.8379
      vertex 135 -41.9001 62
      vertex 135 -8.91006 37.4999
    endloop
  endfacet
  facet normal 1 0 0
    outer loop
      vertex 135 -7.07107 40.0311
      vertex 135 -41.9001 62
      vertex 135 -8.09017 38.8379
    endloop
  endfacet
  facet normal 1 0 0
    outer loop
      vertex 135 -5.87785 41.0502
      vertex 135 -41.9001 62
      vertex 135 -7.07107 40.0311
    endloop
  endfacet
  facet normal 1 0 0
    outer loop
      vertex 135 -4.5399 41.8701
      vertex 135 -41.9001 62
      vertex 135 -5.87785 41.0502
    endloop
  endfacet
  facet normal 1 0 0
    outer loop
      vertex 135 -3.09017 42.4706
      vertex 135 -41.9001 62
      vertex 135 -4.5399 41.8701
    endloop
  endfacet
  facet normal 1 -0 0
    outer loop
      vertex 135 10 14.96
      vertex 135 41.9001 0
      vertex 135 10 32.96
    endloop
  endfacet
  facet normal 1 -0 0
    outer loop
      vertex 135 9.87688 13.3957
      vertex 135 41.9001 0
      vertex 135 10 14.96
    endloop
  endfacet
  facet normal 1 -0 0
    outer loop
      vertex 135 9.51056 11.8698
      vertex 135 41.9001 0
      vertex 135 9.87688 13.3957
    endloop
  endfacet
  facet normal 1 -0 0
    outer loop
      vertex 135 8.91006 10.4201
      vertex 135 41.9001 0
      vertex 135 9.51056 11.8698
    endloop
  endfacet
  facet normal 1 -0 0
    outer loop
      vertex 135 8.09017 9.08215
      vertex 135 41.9001 0
      vertex 135 8.91006 10.4201
    endloop
  endfacet
  facet normal 1 -0 0
    outer loop
      vertex 135 7.07107 7.88893
      vertex 135 41.9001 0
      vertex 135 8.09017 9.08215
    endloop
  endfacet
  facet normal 1 -0 0
    outer loop
      vertex 135 5.87785 6.86983
      vertex 135 41.9001 0
      vertex 135 7.07107 7.88893
    endloop
  endfacet
  facet normal 1 -0 0
    outer loop
      vertex 135 4.5399 6.04993
      vertex 135 41.9001 0
      vertex 135 5.87785 6.86983
    endloop
  endfacet
  facet normal 1 -0 0
    outer loop
      vertex 135 3.09017 5.44943
      vertex 135 41.9001 0
      vertex 135 4.5399 6.04993
    endloop
  endfacet
  facet normal 1 -0 0
    outer loop
      vertex 135 1.56434 5.08312
      vertex 135 41.9001 0
      vertex 135 3.09017 5.44943
    endloop
  endfacet
  facet normal 1 -0 0
    outer loop
      vertex 135 0 4.96
      vertex 135 41.9001 0
      vertex 135 1.56434 5.08312
    endloop
  endfacet
  facet normal 1 0 0
    outer loop
      vertex 135 -41.9001 0
      vertex 135 0 4.96
      vertex 135 -1.56434 5.08312
    endloop
  endfacet
  facet normal 1 0 0
    outer loop
      vertex 135 -10 32.96
      vertex 135 -41.9001 0
      vertex 135 -10 14.96
    endloop
  endfacet
  facet normal 1 0 0
    outer loop
      vertex 135 -10 14.96
      vertex 135 -41.9001 0
      vertex 135 -9.87688 13.3957
    endloop
  endfacet
  facet normal 1 0 0
    outer loop
      vertex 135 -9.87688 13.3957
      vertex 135 -41.9001 0
      vertex 135 -9.51056 11.8698
    endloop
  endfacet
  facet normal 1 0 0
    outer loop
      vertex 135 -9.51056 11.8698
      vertex 135 -41.9001 0
      vertex 135 -8.91006 10.4201
    endloop
  endfacet
  facet normal 1 0 0
    outer loop
      vertex 135 0 4.96
      vertex 135 -41.9001 0
      vertex 135 41.9001 0
    endloop
  endfacet
  facet normal 1 0 0
    outer loop
      vertex 135 -3.09017 5.44943
      vertex 135 -41.9001 0
      vertex 135 -1.56434 5.08312
    endloop
  endfacet
  facet normal 1 0 0
    outer loop
      vertex 135 -4.5399 6.04993
      vertex 135 -41.9001 0
      vertex 135 -3.09017 5.44943
    endloop
  endfacet
  facet normal 1 0 0
    outer loop
      vertex 135 -5.87785 6.86983
      vertex 135 -41.9001 0
      vertex 135 -4.5399 6.04993
    endloop
  endfacet
  facet normal 1 0 0
    outer loop
      vertex 135 -7.07107 7.88893
      vertex 135 -41.9001 0
      vertex 135 -5.87785 6.86983
    endloop
  endfacet
  facet normal 1 0 0
    outer loop
      vertex 135 -8.09017 9.08215
      vertex 135 -41.9001 0
      vertex 135 -7.07107 7.88893
    endloop
  endfacet
  facet normal 1 0 0
    outer loop
      vertex 135 -8.91006 10.4201
      vertex 135 -41.9001 0
      vertex 135 -8.09017 9.08215
    endloop
  endfacet
  facet normal 0.972497 -0.232915 0
    outer loop
      vertex 134.604 -44.403 62
      vertex 134.9 -43.1671 0
      vertex 134.9 -43.1671 62
    endloop
  endfacet
  facet normal 0.972497 -0.232915 0
    outer loop
      vertex 134.9 -43.1671 0
      vertex 134.604 -44.403 62
      vertex 134.604 -44.403 0
    endloop
  endfacet
  facet normal 0.923716 0.383079 0
    outer loop
      vertex 134.604 44.403 62
      vertex 134.117 45.5773 0
      vertex 134.117 45.5773 62
    endloop
  endfacet
  facet normal 0.923716 0.383079 0
    outer loop
      vertex 134.117 45.5773 0
      vertex 134.604 44.403 62
      vertex 134.604 44.403 0
    endloop
  endfacet
  facet normal 0 -1 0
    outer loop
      vertex 2.5 -50 1.84999
      vertex 2.5 -50 0
      vertex 2.59999 -50 1.84999
    endloop
  endfacet
  facet normal 0 -1 0
    outer loop
      vertex 2.5 -50 43
      vertex 2.5 -50 42.96
      vertex 2.59999 -50 43
    endloop
  endfacet
  facet normal 0 -1 0
    outer loop
      vertex 3.09999 -50 61.5
      vertex 126.9 -50 62
      vertex 2.59999 -50 62
    endloop
  endfacet
  facet normal 0 -1 0
    outer loop
      vertex 5.59999 -50 58
      vertex 3.09999 -50 61.5
      vertex 2.59999 -50 61
    endloop
  endfacet
  facet normal 0 -1 0
    outer loop
      vertex 3.09999 -50 61.5
      vertex 5.59999 -50 58
      vertex 126.9 -50 62
    endloop
  endfacet
  facet normal 0 -1 0
    outer loop
      vertex 5.59999 -50 52
      vertex 5.59999 -50 58
      vertex 2.59999 -50 55
    endloop
  endfacet
  facet normal 0 -1 0
    outer loop
      vertex 10.5902 -50 38.8379
      vertex 5.59999 -50 58
      vertex 5.59999 -50 52
    endloop
  endfacet
  facet normal 0 -1 0
    outer loop
      vertex 5.59999 -50 46
      vertex 5.59999 -50 52
      vertex 2.59999 -50 49
    endloop
  endfacet
  facet normal 0 -1 0
    outer loop
      vertex 9.57107 -50 40.0311
      vertex 5.59999 -50 52
      vertex 5.59999 -50 46
    endloop
  endfacet
  facet normal 0 -1 0
    outer loop
      vertex 4.06434 -50 42.8369
      vertex 5.59999 -50 46
      vertex 2.59999 -50 43
    endloop
  endfacet
  facet normal 0 -1 0
    outer loop
      vertex 4.06434 -50 42.8369
      vertex 2.59999 -50 43
      vertex 2.5 -50 42.96
    endloop
  endfacet
  facet normal 0 -1 0
    outer loop
      vertex 5.59017 -50 42.4706
      vertex 5.59999 -50 46
      vertex 4.06434 -50 42.8369
    endloop
  endfacet
  facet normal 0 -1 0
    outer loop
      vertex 7.0399 -50 41.8701
      vertex 5.59999 -50 46
      vertex 5.59017 -50 42.4706
    endloop
  endfacet
  facet normal 0 -1 0
    outer loop
      vertex 8.37785 -50 41.0502
      vertex 5.59999 -50 46
      vertex 7.0399 -50 41.8701
    endloop
  endfacet
  facet normal 0 -1 0
    outer loop
      vertex 9.57107 -50 40.0311
      vertex 5.59999 -50 46
      vertex 8.37785 -50 41.0502
    endloop
  endfacet
  facet normal 0 -1 0
    outer loop
      vertex 5.59999 -50 52
      vertex 9.57107 -50 40.0311
      vertex 10.5902 -50 38.8379
    endloop
  endfacet
  facet normal 0 -1 0
    outer loop
      vertex 5.59999 -50 58
      vertex 10.5902 -50 38.8379
      vertex 11.4101 -50 37.4999
    endloop
  endfacet
  facet normal 0 -1 0
    outer loop
      vertex 5.59999 -50 58
      vertex 11.4101 -50 37.4999
      vertex 126.9 -50 62
    endloop
  endfacet
  facet normal 0 -1 0
    outer loop
      vertex 12.0106 -50 36.0502
      vertex 126.9 -50 62
      vertex 11.4101 -50 37.4999
    endloop
  endfacet
  facet normal 0 -1 0
    outer loop
      vertex 12.3769 -50 34.5243
      vertex 126.9 -50 62
      vertex 12.0106 -50 36.0502
    endloop
  endfacet
  facet normal 0 -1 0
    outer loop
      vertex 12.5 -50 32.96
      vertex 126.9 -50 62
      vertex 12.3769 -50 34.5243
    endloop
  endfacet
  facet normal 0 -1 0
    outer loop
      vertex 126.9 -50 0
      vertex 12.5 -50 32.96
      vertex 12.5 -50 14.96
    endloop
  endfacet
  facet normal 0 -1 0
    outer loop
      vertex 126.9 -50 0
      vertex 12.5 -50 14.96
      vertex 12.3769 -50 13.3957
    endloop
  endfacet
  facet normal 0 -1 0
    outer loop
      vertex 126.9 -50 0
      vertex 12.3769 -50 13.3957
      vertex 12.0106 -50 11.8698
    endloop
  endfacet
  facet normal 0 -1 0
    outer loop
      vertex 126.9 -50 0
      vertex 12.0106 -50 11.8698
      vertex 11.4101 -50 10.4201
    endloop
  endfacet
  facet normal 0 -1 0
    outer loop
      vertex 126.9 -50 0
      vertex 11.4101 -50 10.4201
      vertex 10.5902 -50 9.08215
    endloop
  endfacet
  facet normal 0 -1 0
    outer loop
      vertex 126.9 -50 0
      vertex 10.5902 -50 9.08215
      vertex 9.57107 -50 7.88893
    endloop
  endfacet
  facet normal 0 -1 0
    outer loop
      vertex 2.5 -50 0
      vertex 9.57107 -50 7.88893
      vertex 8.37785 -50 6.86983
    endloop
  endfacet
  facet normal 0 -1 0
    outer loop
      vertex 2.5 -50 0
      vertex 8.37785 -50 6.86983
      vertex 7.0399 -50 6.04993
    endloop
  endfacet
  facet normal 0 -1 0
    outer loop
      vertex 2.59999 -50 4.95999
      vertex 2.5 -50 4.96
      vertex 2.5 -50 4.95999
    endloop
  endfacet
  facet normal 0 -1 0
    outer loop
      vertex 2.5 -50 4.96
      vertex 2.59999 -50 4.95999
      vertex 4.06434 -50 5.08312
    endloop
  endfacet
  facet normal 0 -1 0
    outer loop
      vertex 4.155 -50 3.405
      vertex 4.06434 -50 5.08312
      vertex 2.59999 -50 4.95999
    endloop
  endfacet
  facet normal 0 -1 0
    outer loop
      vertex 4.155 -50 3.405
      vertex 5.59017 -50 5.44943
      vertex 4.06434 -50 5.08312
    endloop
  endfacet
  facet normal 0 -1 0
    outer loop
      vertex 4.155 -50 3.405
      vertex 7.0399 -50 6.04993
      vertex 5.59017 -50 5.44943
    endloop
  endfacet
  facet normal 0 -1 0
    outer loop
      vertex 2.5 -50 0
      vertex 7.0399 -50 6.04993
      vertex 4.155 -50 3.405
    endloop
  endfacet
  facet normal 0 -1 0
    outer loop
      vertex 2.5 -50 0
      vertex 4.155 -50 3.405
      vertex 2.59999 -50 1.84999
    endloop
  endfacet
  facet normal 0 -1 -0
    outer loop
      vertex 9.57107 -50 7.88893
      vertex 2.5 -50 0
      vertex 126.9 -50 0
    endloop
  endfacet
  facet normal 0 -1 0
    outer loop
      vertex 12.5 -50 32.96
      vertex 126.9 -50 0
      vertex 126.9 -50 62
    endloop
  endfacet
  facet normal 0.852694 -0.522411 0
    outer loop
      vertex 133.453 -46.6611 62
      vertex 134.117 -45.5773 0
      vertex 134.117 -45.5773 62
    endloop
  endfacet
  facet normal 0.852694 -0.522411 0
    outer loop
      vertex 134.117 -45.5773 0
      vertex 133.453 -46.6611 62
      vertex 133.453 -46.6611 0
    endloop
  endfacet
  facet normal 0.9969 -0.0786819 0
    outer loop
      vertex 134.9 -43.1671 62
      vertex 135 -41.9001 0
      vertex 135 -41.9001 62
    endloop
  endfacet
  facet normal 0.9969 -0.0786819 0
    outer loop
      vertex 135 -41.9001 0
      vertex 134.9 -43.1671 62
      vertex 134.9 -43.1671 0
    endloop
  endfacet
  facet normal 0 0 -1
    outer loop
      vertex 2.5 15.85 0
      vertex 6.9 37.95 0
      vertex 6.9 15.85 0
    endloop
  endfacet
  facet normal -0 0 -1
    outer loop
      vertex 6.9 37.95 0
      vertex 2.5 15.85 0
      vertex 2.5 37.95 0
    endloop
  endfacet
  facet normal 0 0 -1
    outer loop
      vertex 6.49515 3.99515 0
      vertex 6.9 5.45 0
      vertex 7.07095 3.32099 0
    endloop
  endfacet
  facet normal 0 0 -1
    outer loop
      vertex 5.82099 4.57095 0
      vertex 6.9 5.45 0
      vertex 6.49515 3.99515 0
    endloop
  endfacet
  facet normal 0 0 -1
    outer loop
      vertex 5.06505 5.03419 0
      vertex 6.9 5.45 0
      vertex 5.82099 4.57095 0
    endloop
  endfacet
  facet normal 0 0 -1
    outer loop
      vertex 4.24595 5.37347 0
      vertex 6.9 5.45 0
      vertex 5.06505 5.03419 0
    endloop
  endfacet
  facet normal -0 0 -1
    outer loop
      vertex 6.9 5.45 0
      vertex 4.24595 5.37347 0
      vertex 3.92717 5.45 0
    endloop
  endfacet
  facet normal 0 0 -1
    outer loop
      vertex 126.9 -50 0
      vertex 135 -41.9001 0
      vertex 134.9 -43.1671 0
    endloop
  endfacet
  facet normal -0 0 -1
    outer loop
      vertex 135 -41.9001 0
      vertex 126.9 -50 0
      vertex 135 41.9001 0
    endloop
  endfacet
  facet normal 0 0 -1
    outer loop
      vertex 126.9 -50 0
      vertex 134.9 -43.1671 0
      vertex 134.604 -44.403 0
    endloop
  endfacet
  facet normal 0 0 -1
    outer loop
      vertex 126.9 50 0
      vertex 135 41.9001 0
      vertex 126.9 -50 0
    endloop
  endfacet
  facet normal 0 0 -1
    outer loop
      vertex 126.9 -50 0
      vertex 134.604 -44.403 0
      vertex 134.117 -45.5773 0
    endloop
  endfacet
  facet normal 0 0 -1
    outer loop
      vertex 135 41.9001 0
      vertex 126.9 50 0
      vertex 134.9 43.1671 0
    endloop
  endfacet
  facet normal 0 0 -1
    outer loop
      vertex 126.9 -50 0
      vertex 134.117 -45.5773 0
      vertex 133.453 -46.6611 0
    endloop
  endfacet
  facet normal 0 0 -1
    outer loop
      vertex 134.9 43.1671 0
      vertex 126.9 50 0
      vertex 134.604 44.403 0
    endloop
  endfacet
  facet normal 0 0 -1
    outer loop
      vertex 126.9 -50 0
      vertex 133.453 -46.6611 0
      vertex 132.628 -47.6276 0
    endloop
  endfacet
  facet normal 0 0 -1
    outer loop
      vertex 134.604 44.403 0
      vertex 126.9 50 0
      vertex 134.117 45.5773 0
    endloop
  endfacet
  facet normal 0 0 -1
    outer loop
      vertex 126.9 -50 0
      vertex 132.628 -47.6276 0
      vertex 131.661 -48.453 0
    endloop
  endfacet
  facet normal 0 0 -1
    outer loop
      vertex 134.117 45.5773 0
      vertex 126.9 50 0
      vertex 133.453 46.6611 0
    endloop
  endfacet
  facet normal 0 0 -1
    outer loop
      vertex 126.9 -50 0
      vertex 131.661 -48.453 0
      vertex 130.577 -49.1172 0
    endloop
  endfacet
  facet normal 0 0 -1
    outer loop
      vertex 133.453 46.6611 0
      vertex 126.9 50 0
      vertex 132.628 47.6276 0
    endloop
  endfacet
  facet normal 0 0 -1
    outer loop
      vertex 126.9 -50 0
      vertex 130.577 -49.1172 0
      vertex 129.403 -49.6036 0
    endloop
  endfacet
  facet normal 0 0 -1
    outer loop
      vertex 132.628 47.6276 0
      vertex 126.9 50 0
      vertex 131.661 48.453 0
    endloop
  endfacet
  facet normal 0 0 -1
    outer loop
      vertex 126.9 -50 0
      vertex 129.403 -49.6036 0
      vertex 128.167 -49.9003 0
    endloop
  endfacet
  facet normal 0 0 -1
    outer loop
      vertex 131.661 48.453 0
      vertex 126.9 50 0
      vertex 130.577 49.1172 0
    endloop
  endfacet
  facet normal 0 0 -1
    outer loop
      vertex 130.577 49.1172 0
      vertex 126.9 50 0
      vertex 129.403 49.6036 0
    endloop
  endfacet
  facet normal 0 0 -1
    outer loop
      vertex 129.403 49.6036 0
      vertex 126.9 50 0
      vertex 128.167 49.9003 0
    endloop
  endfacet
  facet normal 0 0 -1
    outer loop
      vertex 126.9 -50 0
      vertex 8.15 0 0
      vertex 126.9 50 0
    endloop
  endfacet
  facet normal 0 0 -1
    outer loop
      vertex 126.9 -50 0
      vertex 8.08044 -0.883854 0
      vertex 8.15 0 0
    endloop
  endfacet
  facet normal 0 0 -1
    outer loop
      vertex 126.9 -50 0
      vertex 7.87347 -1.74595 0
      vertex 8.08044 -0.883854 0
    endloop
  endfacet
  facet normal 0 0 -1
    outer loop
      vertex 6.9 -37.95 0
      vertex 7.87347 -1.74595 0
      vertex 126.9 -50 0
    endloop
  endfacet
  facet normal 0 0 -1
    outer loop
      vertex 7.87347 -1.74595 0
      vertex 6.9 -37.95 0
      vertex 7.53419 -2.56505 0
    endloop
  endfacet
  facet normal 0 0 -1
    outer loop
      vertex 6.9 -37.95 0
      vertex 126.9 -50 0
      vertex 6.9 -48.35 0
    endloop
  endfacet
  facet normal 0 0 -1
    outer loop
      vertex 2.5 -50 0
      vertex 6.9 -48.35 0
      vertex 126.9 -50 0
    endloop
  endfacet
  facet normal -0 0 -1
    outer loop
      vertex 6.9 -48.35 0
      vertex 2.5 -50 0
      vertex 2.5 -48.35 0
    endloop
  endfacet
  facet normal 0 0 -1
    outer loop
      vertex 8.08044 0.883854 0
      vertex 126.9 50 0
      vertex 8.15 0 0
    endloop
  endfacet
  facet normal 0 0 -1
    outer loop
      vertex 6.9 15.85 0
      vertex 8.08044 0.883854 0
      vertex 7.87347 1.74595 0
    endloop
  endfacet
  facet normal 0 0 -1
    outer loop
      vertex 6.9 5.45 0
      vertex 7.87347 1.74595 0
      vertex 7.53419 2.56505 0
    endloop
  endfacet
  facet normal 0 0 -1
    outer loop
      vertex 6.9 5.45 0
      vertex 7.53419 2.56505 0
      vertex 7.07095 3.32099 0
    endloop
  endfacet
  facet normal 0 0 -1
    outer loop
      vertex 7.87347 1.74595 0
      vertex 6.9 5.45 0
      vertex 6.9 15.85 0
    endloop
  endfacet
  facet normal 0 0 -1
    outer loop
      vertex 8.08044 0.883854 0
      vertex 6.9 15.85 0
      vertex 126.9 50 0
    endloop
  endfacet
  facet normal 0 0 -1
    outer loop
      vertex 6.9 37.95 0
      vertex 126.9 50 0
      vertex 6.9 15.85 0
    endloop
  endfacet
  facet normal 0 0 -1
    outer loop
      vertex 6.9 48.35 0
      vertex 126.9 50 0
      vertex 6.9 37.95 0
    endloop
  endfacet
  facet normal 0 0 -1
    outer loop
      vertex 2.5 50 0
      vertex 6.9 48.35 0
      vertex 2.5 48.35 0
    endloop
  endfacet
  facet normal 0 0 -1
    outer loop
      vertex 6.9 48.35 0
      vertex 2.5 50 0
      vertex 126.9 50 0
    endloop
  endfacet
  facet normal 0 0 -1
    outer loop
      vertex 7.53419 -2.56505 0
      vertex 6.9 -37.95 0
      vertex 7.07095 -3.32099 0
    endloop
  endfacet
  facet normal 0 0 -1
    outer loop
      vertex 6.9 -37.95 0
      vertex 6.49515 -3.99515 0
      vertex 7.07095 -3.32099 0
    endloop
  endfacet
  facet normal 0 0 -1
    outer loop
      vertex 6.9 -37.95 0
      vertex 5.82099 -4.57095 0
      vertex 6.49515 -3.99515 0
    endloop
  endfacet
  facet normal 0 0 -1
    outer loop
      vertex 6.9 -37.95 0
      vertex 5.06505 -5.03419 0
      vertex 5.82099 -4.57095 0
    endloop
  endfacet
  facet normal 0 0 -1
    outer loop
      vertex 6.9 -37.95 0
      vertex 4.24595 -5.37347 0
      vertex 5.06505 -5.03419 0
    endloop
  endfacet
  facet normal 0 0 -1
    outer loop
      vertex 6.9 -37.95 0
      vertex 3.38385 -5.58044 0
      vertex 4.24595 -5.37347 0
    endloop
  endfacet
  facet normal 0 0 -1
    outer loop
      vertex 2.5 -37.95 0
      vertex 3.38385 -5.58044 0
      vertex 6.9 -37.95 0
    endloop
  endfacet
  facet normal 0 0 -1
    outer loop
      vertex 3.38385 -5.58044 0
      vertex 2.5 -37.95 0
      vertex 2.5 -5.65 0
    endloop
  endfacet
  facet normal 0.923716 -0.383079 0
    outer loop
      vertex 134.117 -45.5773 62
      vertex 134.604 -44.403 0
      vertex 134.604 -44.403 62
    endloop
  endfacet
  facet normal 0.923716 -0.383079 0
    outer loop
      vertex 134.604 -44.403 0
      vertex 134.117 -45.5773 62
      vertex 134.117 -45.5773 0
    endloop
  endfacet
  facet normal 0.9969 0.0786819 0
    outer loop
      vertex 135 41.9001 62
      vertex 134.9 43.1671 0
      vertex 134.9 43.1671 62
    endloop
  endfacet
  facet normal 0.9969 0.0786819 0
    outer loop
      vertex 134.9 43.1671 0
      vertex 135 41.9001 62
      vertex 135 41.9001 0
    endloop
  endfacet
  facet normal 0.760588 0.649235 0
    outer loop
      vertex 133.453 46.6611 62
      vertex 132.628 47.6276 0
      vertex 132.628 47.6276 62
    endloop
  endfacet
  facet normal 0.760588 0.649235 0
    outer loop
      vertex 132.628 47.6276 0
      vertex 133.453 46.6611 62
      vertex 133.453 46.6611 0
    endloop
  endfacet
  facet normal 0.852694 0.522411 0
    outer loop
      vertex 134.117 45.5773 62
      vertex 133.453 46.6611 0
      vertex 133.453 46.6611 62
    endloop
  endfacet
  facet normal 0.852694 0.522411 0
    outer loop
      vertex 133.453 46.6611 0
      vertex 134.117 45.5773 62
      vertex 134.117 45.5773 0
    endloop
  endfacet
  facet normal 0.972497 0.232915 0
    outer loop
      vertex 134.9 43.1671 62
      vertex 134.604 44.403 0
      vertex 134.604 44.403 62
    endloop
  endfacet
  facet normal 0.972497 0.232915 0
    outer loop
      vertex 134.604 44.403 0
      vertex 134.9 43.1671 62
      vertex 134.9 43.1671 0
    endloop
  endfacet
  facet normal -0.38276 0.923848 0
    outer loop
      vertex 128.727 -47.2672 1.85
      vertex 127.553 -47.7536 62
      vertex 128.727 -47.2672 62
    endloop
  endfacet
  facet normal -0.38276 0.923848 0
    outer loop
      vertex 127.553 -47.7536 62
      vertex 128.727 -47.2672 1.85
      vertex 127.553 -47.7536 1.85
    endloop
  endfacet
  facet normal -1 0 0
    outer loop
      vertex 133.15 10 32.96
      vertex 133.15 40.0501 1.85
      vertex 133.15 10 14.96
    endloop
  endfacet
  facet normal -1 0 0
    outer loop
      vertex 133.15 40.0501 1.85
      vertex 133.15 9.87688 13.3957
      vertex 133.15 10 14.96
    endloop
  endfacet
  facet normal -1 0 0
    outer loop
      vertex 133.15 40.0501 1.85
      vertex 133.15 9.51056 11.8698
      vertex 133.15 9.87688 13.3957
    endloop
  endfacet
  facet normal -1 0 0
    outer loop
      vertex 133.15 40.0501 1.85
      vertex 133.15 8.91006 10.4201
      vertex 133.15 9.51056 11.8698
    endloop
  endfacet
  facet normal -1 0 0
    outer loop
      vertex 133.15 40.0501 1.85
      vertex 133.15 8.09017 9.08215
      vertex 133.15 8.91006 10.4201
    endloop
  endfacet
  facet normal -1 0 0
    outer loop
      vertex 133.15 40.0501 1.85
      vertex 133.15 7.07107 7.88893
      vertex 133.15 8.09017 9.08215
    endloop
  endfacet
  facet normal -1 0 0
    outer loop
      vertex 133.15 40.0501 1.85
      vertex 133.15 5.87785 6.86983
      vertex 133.15 7.07107 7.88893
    endloop
  endfacet
  facet normal -1 0 0
    outer loop
      vertex 133.15 40.0501 1.85
      vertex 133.15 4.5399 6.04993
      vertex 133.15 5.87785 6.86983
    endloop
  endfacet
  facet normal -1 0 0
    outer loop
      vertex 133.15 40.0501 1.85
      vertex 133.15 3.09017 5.44943
      vertex 133.15 4.5399 6.04993
    endloop
  endfacet
  facet normal -1 0 0
    outer loop
      vertex 133.15 40.0501 1.85
      vertex 133.15 1.56434 5.08312
      vertex 133.15 3.09017 5.44943
    endloop
  endfacet
  facet normal -1 0 0
    outer loop
      vertex 133.15 40.0501 1.85
      vertex 133.15 0 4.96
      vertex 133.15 1.56434 5.08312
    endloop
  endfacet
  facet normal -1 -0 0
    outer loop
      vertex 133.15 -10 14.96
      vertex 133.15 -40.0501 1.85
      vertex 133.15 -10 32.96
    endloop
  endfacet
  facet normal -1 -0 0
    outer loop
      vertex 133.15 -9.87688 13.3957
      vertex 133.15 -40.0501 1.85
      vertex 133.15 -10 14.96
    endloop
  endfacet
  facet normal -1 -0 0
    outer loop
      vertex 133.15 -9.51056 11.8698
      vertex 133.15 -40.0501 1.85
      vertex 133.15 -9.87688 13.3957
    endloop
  endfacet
  facet normal -1 -0 0
    outer loop
      vertex 133.15 -8.91006 10.4201
      vertex 133.15 -40.0501 1.85
      vertex 133.15 -9.51056 11.8698
    endloop
  endfacet
  facet normal -1 -0 0
    outer loop
      vertex 133.15 -8.09017 9.08215
      vertex 133.15 -40.0501 1.85
      vertex 133.15 -8.91006 10.4201
    endloop
  endfacet
  facet normal -1 -0 0
    outer loop
      vertex 133.15 -7.07107 7.88893
      vertex 133.15 -40.0501 1.85
      vertex 133.15 -8.09017 9.08215
    endloop
  endfacet
  facet normal -1 -0 0
    outer loop
      vertex 133.15 -5.87785 6.86983
      vertex 133.15 -40.0501 1.85
      vertex 133.15 -7.07107 7.88893
    endloop
  endfacet
  facet normal -1 -0 0
    outer loop
      vertex 133.15 -4.5399 6.04993
      vertex 133.15 -40.0501 1.85
      vertex 133.15 -5.87785 6.86983
    endloop
  endfacet
  facet normal -1 -0 0
    outer loop
      vertex 133.15 -3.09017 5.44943
      vertex 133.15 -40.0501 1.85
      vertex 133.15 -4.5399 6.04993
    endloop
  endfacet
  facet normal -1 -0 0
    outer loop
      vertex 133.15 -1.56434 5.08312
      vertex 133.15 -40.0501 1.85
      vertex 133.15 -3.09017 5.44943
    endloop
  endfacet
  facet normal -1 -0 0
    outer loop
      vertex 133.15 0 4.96
      vertex 133.15 -40.0501 1.85
      vertex 133.15 -1.56434 5.08312
    endloop
  endfacet
  facet normal -1 0 0
    outer loop
      vertex 133.15 -40.0501 1.85
      vertex 133.15 0 4.96
      vertex 133.15 40.0501 1.85
    endloop
  endfacet
  facet normal -1 0 0
    outer loop
      vertex 133.15 40.0501 1.85
      vertex 133.15 10 32.96
      vertex 133.15 40.0501 62
    endloop
  endfacet
  facet normal -1 0 0
    outer loop
      vertex 133.15 9.87688 34.5243
      vertex 133.15 40.0501 62
      vertex 133.15 10 32.96
    endloop
  endfacet
  facet normal -1 0 0
    outer loop
      vertex 133.15 9.51056 36.0502
      vertex 133.15 40.0501 62
      vertex 133.15 9.87688 34.5243
    endloop
  endfacet
  facet normal -1 0 0
    outer loop
      vertex 133.15 8.91006 37.4999
      vertex 133.15 40.0501 62
      vertex 133.15 9.51056 36.0502
    endloop
  endfacet
  facet normal -1 0 0
    outer loop
      vertex 133.15 8.09017 38.8379
      vertex 133.15 40.0501 62
      vertex 133.15 8.91006 37.4999
    endloop
  endfacet
  facet normal -1 0 0
    outer loop
      vertex 133.15 7.07107 40.0311
      vertex 133.15 40.0501 62
      vertex 133.15 8.09017 38.8379
    endloop
  endfacet
  facet normal -1 0 0
    outer loop
      vertex 133.15 5.87785 41.0502
      vertex 133.15 40.0501 62
      vertex 133.15 7.07107 40.0311
    endloop
  endfacet
  facet normal -1 0 0
    outer loop
      vertex 133.15 4.5399 41.8701
      vertex 133.15 40.0501 62
      vertex 133.15 5.87785 41.0502
    endloop
  endfacet
  facet normal -1 0 0
    outer loop
      vertex 133.15 3.09017 42.4706
      vertex 133.15 40.0501 62
      vertex 133.15 4.5399 41.8701
    endloop
  endfacet
  facet normal -1 0 0
    outer loop
      vertex 133.15 1.56434 42.8369
      vertex 133.15 40.0501 62
      vertex 133.15 3.09017 42.4706
    endloop
  endfacet
  facet normal -1 0 0
    outer loop
      vertex 133.15 0 42.96
      vertex 133.15 40.0501 62
      vertex 133.15 1.56434 42.8369
    endloop
  endfacet
  facet normal -1 0 0
    outer loop
      vertex 133.15 -40.0501 62
      vertex 133.15 0 42.96
      vertex 133.15 -1.56434 42.8369
    endloop
  endfacet
  facet normal -1 0 0
    outer loop
      vertex 133.15 -40.0501 62
      vertex 133.15 -1.56434 42.8369
      vertex 133.15 -3.09017 42.4706
    endloop
  endfacet
  facet normal -1 0 0
    outer loop
      vertex 133.15 -40.0501 62
      vertex 133.15 -3.09017 42.4706
      vertex 133.15 -4.5399 41.8701
    endloop
  endfacet
  facet normal -1 0 0
    outer loop
      vertex 133.15 -40.0501 62
      vertex 133.15 -10 32.96
      vertex 133.15 -40.0501 1.85
    endloop
  endfacet
  facet normal -1 0 0
    outer loop
      vertex 133.15 -10 32.96
      vertex 133.15 -40.0501 62
      vertex 133.15 -9.87688 34.5243
    endloop
  endfacet
  facet normal -1 0 0
    outer loop
      vertex 133.15 -9.87688 34.5243
      vertex 133.15 -40.0501 62
      vertex 133.15 -9.51056 36.0502
    endloop
  endfacet
  facet normal -1 0 0
    outer loop
      vertex 133.15 -9.51056 36.0502
      vertex 133.15 -40.0501 62
      vertex 133.15 -8.91006 37.4999
    endloop
  endfacet
  facet normal -1 0 0
    outer loop
      vertex 133.15 -8.91006 37.4999
      vertex 133.15 -40.0501 62
      vertex 133.15 -8.09017 38.8379
    endloop
  endfacet
  facet normal -1 0 0
    outer loop
      vertex 133.15 0 42.96
      vertex 133.15 -40.0501 62
      vertex 133.15 40.0501 62
    endloop
  endfacet
  facet normal -1 0 0
    outer loop
      vertex 133.15 -5.87785 41.0502
      vertex 133.15 -40.0501 62
      vertex 133.15 -4.5399 41.8701
    endloop
  endfacet
  facet normal -1 0 0
    outer loop
      vertex 133.15 -7.07107 40.0311
      vertex 133.15 -40.0501 62
      vertex 133.15 -5.87785 41.0502
    endloop
  endfacet
  facet normal -1 0 0
    outer loop
      vertex 133.15 -8.09017 38.8379
      vertex 133.15 -40.0501 62
      vertex 133.15 -7.07107 40.0311
    endloop
  endfacet
  facet normal -0.0784473 -0.996918 0
    outer loop
      vertex 125.05 48.15 1.85
      vertex 126.317 48.0503 62
      vertex 125.05 48.15 62
    endloop
  endfacet
  facet normal -0.0784473 -0.996918 -0
    outer loop
      vertex 126.317 48.0503 62
      vertex 125.05 48.15 1.85
      vertex 126.317 48.0503 1.85
    endloop
  endfacet
  facet normal 0 -1 0
    outer loop
      vertex 2.5 48.15 43
      vertex 2.5 48.15 42.96
      vertex 2.59999 48.15 43
    endloop
  endfacet
  facet normal 0 -1 0
    outer loop
      vertex 3.09999 48.15 61.5
      vertex 125.05 48.15 62
      vertex 2.59999 48.15 62
    endloop
  endfacet
  facet normal 0 -1 0
    outer loop
      vertex 5.59999 48.15 58
      vertex 3.09999 48.15 61.5
      vertex 2.59999 48.15 61
    endloop
  endfacet
  facet normal 0 -1 0
    outer loop
      vertex 3.09999 48.15 61.5
      vertex 5.59999 48.15 58
      vertex 62.65 48.15 36.85
    endloop
  endfacet
  facet normal 0 -1 0
    outer loop
      vertex 5.59999 48.15 52
      vertex 5.59999 48.15 58
      vertex 2.59999 48.15 55
    endloop
  endfacet
  facet normal 0 -1 0
    outer loop
      vertex 10.5902 48.15 38.8379
      vertex 5.59999 48.15 58
      vertex 5.59999 48.15 52
    endloop
  endfacet
  facet normal 0 -1 0
    outer loop
      vertex 5.59999 48.15 46
      vertex 5.59999 48.15 52
      vertex 2.59999 48.15 49
    endloop
  endfacet
  facet normal 0 -1 0
    outer loop
      vertex 9.57107 48.15 40.0311
      vertex 5.59999 48.15 52
      vertex 5.59999 48.15 46
    endloop
  endfacet
  facet normal 0 -1 0
    outer loop
      vertex 4.06434 48.15 42.8369
      vertex 5.59999 48.15 46
      vertex 2.59999 48.15 43
    endloop
  endfacet
  facet normal 0 -1 0
    outer loop
      vertex 4.06434 48.15 42.8369
      vertex 2.59999 48.15 43
      vertex 2.5 48.15 42.96
    endloop
  endfacet
  facet normal 0 -1 0
    outer loop
      vertex 5.59017 48.15 42.4706
      vertex 5.59999 48.15 46
      vertex 4.06434 48.15 42.8369
    endloop
  endfacet
  facet normal 0 -1 0
    outer loop
      vertex 7.0399 48.15 41.8701
      vertex 5.59999 48.15 46
      vertex 5.59017 48.15 42.4706
    endloop
  endfacet
  facet normal 0 -1 0
    outer loop
      vertex 8.37785 48.15 41.0502
      vertex 5.59999 48.15 46
      vertex 7.0399 48.15 41.8701
    endloop
  endfacet
  facet normal 0 -1 0
    outer loop
      vertex 9.57107 48.15 40.0311
      vertex 5.59999 48.15 46
      vertex 8.37785 48.15 41.0502
    endloop
  endfacet
  facet normal 0 -1 0
    outer loop
      vertex 10.5902 48.15 38.8379
      vertex 5.59999 48.15 52
      vertex 9.57107 48.15 40.0311
    endloop
  endfacet
  facet normal 0 -1 0
    outer loop
      vertex 5.59999 48.15 58
      vertex 10.5902 48.15 38.8379
      vertex 62.65 48.15 36.85
    endloop
  endfacet
  facet normal 0 -1 0
    outer loop
      vertex 62.65 48.15 36.85
      vertex 10.5902 48.15 38.8379
      vertex 11.4101 48.15 37.4999
    endloop
  endfacet
  facet normal 0 -1 0
    outer loop
      vertex 3.09999 48.15 61.5
      vertex 62.65 48.15 36.85
      vertex 125.05 48.15 62
    endloop
  endfacet
  facet normal 0 -1 0
    outer loop
      vertex 64.15 48.15 36.85
      vertex 125.05 48.15 62
      vertex 62.65 48.15 36.85
    endloop
  endfacet
  facet normal 0 -1 0
    outer loop
      vertex 123.55 48.15 36.85
      vertex 125.05 48.15 62
      vertex 64.15 48.15 36.85
    endloop
  endfacet
  facet normal 0 -1 0
    outer loop
      vertex 125.05 48.15 36.85
      vertex 125.05 48.15 62
      vertex 123.55 48.15 36.85
    endloop
  endfacet
  facet normal 0 -0 0
    outer loop
      vertex 125.05 48.15 36.85
      vertex 125.05 48.15 1.85
      vertex 125.05 48.15 62
    endloop
  endfacet
  facet normal 0 -1 0
    outer loop
      vertex 64.15 48.15 1.85
      vertex 123.55 48.15 36.85
      vertex 64.15 48.15 36.85
    endloop
  endfacet
  facet normal 0 -1 -0
    outer loop
      vertex 123.55 48.15 36.85
      vertex 64.15 48.15 1.85
      vertex 123.55 48.15 1.85
    endloop
  endfacet
  facet normal 0 -1 0
    outer loop
      vertex 12.0106 48.15 36.0502
      vertex 62.65 48.15 36.85
      vertex 11.4101 48.15 37.4999
    endloop
  endfacet
  facet normal 0 -1 0
    outer loop
      vertex 12.3769 48.15 34.5243
      vertex 62.65 48.15 36.85
      vertex 12.0106 48.15 36.0502
    endloop
  endfacet
  facet normal 0 -1 0
    outer loop
      vertex 12.5 48.15 32.96
      vertex 62.65 48.15 36.85
      vertex 12.3769 48.15 34.5243
    endloop
  endfacet
  facet normal 0 -1 0
    outer loop
      vertex 12.5 48.15 14.96
      vertex 62.65 48.15 36.85
      vertex 12.5 48.15 32.96
    endloop
  endfacet
  facet normal 0 -1 0
    outer loop
      vertex 62.65 48.15 1.85
      vertex 12.5 48.15 14.96
      vertex 12.3769 48.15 13.3957
    endloop
  endfacet
  facet normal 0 -1 0
    outer loop
      vertex 62.65 48.15 1.85
      vertex 12.3769 48.15 13.3957
      vertex 12.0106 48.15 11.8698
    endloop
  endfacet
  facet normal 0 -1 0
    outer loop
      vertex 62.65 48.15 1.85
      vertex 12.0106 48.15 11.8698
      vertex 11.4101 48.15 10.4201
    endloop
  endfacet
  facet normal 0 -1 0
    outer loop
      vertex 62.65 48.15 1.85
      vertex 11.4101 48.15 10.4201
      vertex 10.5902 48.15 9.08215
    endloop
  endfacet
  facet normal 0 -1 0
    outer loop
      vertex 6.9 48.15 1.85
      vertex 10.5902 48.15 9.08215
      vertex 9.57107 48.15 7.88893
    endloop
  endfacet
  facet normal 0 -1 0
    outer loop
      vertex 6.9 48.15 3.22
      vertex 9.57107 48.15 7.88893
      vertex 8.37785 48.15 6.86983
    endloop
  endfacet
  facet normal 0 -1 0
    outer loop
      vertex 6.9 48.15 3.22
      vertex 8.37785 48.15 6.86983
      vertex 7.0399 48.15 6.04993
    endloop
  endfacet
  facet normal 0 -1 0
    outer loop
      vertex 2.59999 48.15 4.95999
      vertex 2.5 48.15 4.96
      vertex 2.5 48.15 4.95999
    endloop
  endfacet
  facet normal 0 -1 0
    outer loop
      vertex 2.5 48.15 4.96
      vertex 2.59999 48.15 4.95999
      vertex 4.06434 48.15 5.08312
    endloop
  endfacet
  facet normal 0 -1 0
    outer loop
      vertex 4.155 48.15 3.405
      vertex 4.06434 48.15 5.08312
      vertex 2.59999 48.15 4.95999
    endloop
  endfacet
  facet normal 0 -1 0
    outer loop
      vertex 4.155 48.15 3.405
      vertex 5.59017 48.15 5.44943
      vertex 4.06434 48.15 5.08312
    endloop
  endfacet
  facet normal 0 -1 0
    outer loop
      vertex 6.9 48.15 3.22
      vertex 5.59017 48.15 5.44943
      vertex 4.155 48.15 3.405
    endloop
  endfacet
  facet normal 0 -1 0
    outer loop
      vertex 5.59017 48.15 5.44943
      vertex 6.9 48.15 3.22
      vertex 7.0399 48.15 6.04993
    endloop
  endfacet
  facet normal 0 -1 0
    outer loop
      vertex 6.9 48.15 3.22
      vertex 4.155 48.15 3.405
      vertex 3.97 48.15 3.22
    endloop
  endfacet
  facet normal 0 -1 0
    outer loop
      vertex 9.57107 48.15 7.88893
      vertex 6.9 48.15 3.22
      vertex 6.9 48.15 1.85
    endloop
  endfacet
  facet normal 0 -1 -0
    outer loop
      vertex 10.5902 48.15 9.08215
      vertex 6.9 48.15 1.85
      vertex 62.65 48.15 1.85
    endloop
  endfacet
  facet normal 0 -1 0
    outer loop
      vertex 12.5 48.15 14.96
      vertex 62.65 48.15 1.85
      vertex 62.65 48.15 36.85
    endloop
  endfacet
  facet normal 0 1 -0
    outer loop
      vertex 123.55 -48.15 1.85
      vertex 64.15 -48.15 36.85
      vertex 123.55 -48.15 36.85
    endloop
  endfacet
  facet normal 0 1 0
    outer loop
      vertex 64.15 -48.15 36.85
      vertex 123.55 -48.15 1.85
      vertex 64.15 -48.15 1.85
    endloop
  endfacet
  facet normal 0 1 0
    outer loop
      vertex 125.05 -48.15 62
      vertex 3.09999 -48.15 61.5
      vertex 2.59999 -48.15 62
    endloop
  endfacet
  facet normal 0 1 -0
    outer loop
      vertex 62.65 -48.15 36.85
      vertex 3.09999 -48.15 61.5
      vertex 125.05 -48.15 62
    endloop
  endfacet
  facet normal -0 1 -0
    outer loop
      vertex 5.59999 -48.15 58
      vertex 3.09999 -48.15 61.5
      vertex 62.65 -48.15 36.85
    endloop
  endfacet
  facet normal 0 1 0
    outer loop
      vertex 3.09999 -48.15 61.5
      vertex 5.59999 -48.15 58
      vertex 2.59999 -48.15 61
    endloop
  endfacet
  facet normal -0 1 -0
    outer loop
      vertex 10.5902 -48.15 38.8379
      vertex 5.59999 -48.15 58
      vertex 62.65 -48.15 36.85
    endloop
  endfacet
  facet normal 0 1 0
    outer loop
      vertex 5.59999 -48.15 58
      vertex 5.59999 -48.15 52
      vertex 2.59999 -48.15 55
    endloop
  endfacet
  facet normal 0 1 0
    outer loop
      vertex 5.59999 -48.15 58
      vertex 10.5902 -48.15 38.8379
      vertex 5.59999 -48.15 52
    endloop
  endfacet
  facet normal 0 1 0
    outer loop
      vertex 5.59999 -48.15 52
      vertex 5.59999 -48.15 46
      vertex 2.59999 -48.15 49
    endloop
  endfacet
  facet normal 0 1 0
    outer loop
      vertex 2.59999 -48.15 43
      vertex 2.5 -48.15 42.96
      vertex 2.5 -48.15 43
    endloop
  endfacet
  facet normal 0 1 0
    outer loop
      vertex 5.59999 -48.15 46
      vertex 4.06434 -48.15 42.8369
      vertex 2.59999 -48.15 43
    endloop
  endfacet
  facet normal 0 1 0
    outer loop
      vertex 2.59999 -48.15 43
      vertex 4.06434 -48.15 42.8369
      vertex 2.5 -48.15 42.96
    endloop
  endfacet
  facet normal 0 1 0
    outer loop
      vertex 5.59999 -48.15 46
      vertex 5.59017 -48.15 42.4706
      vertex 4.06434 -48.15 42.8369
    endloop
  endfacet
  facet normal 0 1 0
    outer loop
      vertex 5.59999 -48.15 52
      vertex 9.57107 -48.15 40.0311
      vertex 5.59999 -48.15 46
    endloop
  endfacet
  facet normal 0 1 0
    outer loop
      vertex 5.59999 -48.15 46
      vertex 7.0399 -48.15 41.8701
      vertex 5.59017 -48.15 42.4706
    endloop
  endfacet
  facet normal 0 1 0
    outer loop
      vertex 5.59999 -48.15 46
      vertex 8.37785 -48.15 41.0502
      vertex 7.0399 -48.15 41.8701
    endloop
  endfacet
  facet normal 0 1 0
    outer loop
      vertex 5.59999 -48.15 46
      vertex 9.57107 -48.15 40.0311
      vertex 8.37785 -48.15 41.0502
    endloop
  endfacet
  facet normal 0 1 0
    outer loop
      vertex 5.59999 -48.15 52
      vertex 10.5902 -48.15 38.8379
      vertex 9.57107 -48.15 40.0311
    endloop
  endfacet
  facet normal 0 1 0
    outer loop
      vertex 123.55 -48.15 36.85
      vertex 125.05 -48.15 62
      vertex 125.05 -48.15 36.85
    endloop
  endfacet
  facet normal 0 0 0
    outer loop
      vertex 125.05 -48.15 1.85
      vertex 125.05 -48.15 36.85
      vertex 125.05 -48.15 62
    endloop
  endfacet
  facet normal 0 1 0
    outer loop
      vertex 64.15 -48.15 36.85
      vertex 125.05 -48.15 62
      vertex 123.55 -48.15 36.85
    endloop
  endfacet
  facet normal 0 1 0
    outer loop
      vertex 62.65 -48.15 36.85
      vertex 125.05 -48.15 62
      vertex 64.15 -48.15 36.85
    endloop
  endfacet
  facet normal 0 1 0
    outer loop
      vertex 10.5902 -48.15 38.8379
      vertex 62.65 -48.15 36.85
      vertex 11.4101 -48.15 37.4999
    endloop
  endfacet
  facet normal 0 1 0
    outer loop
      vertex 62.65 -48.15 36.85
      vertex 12.0106 -48.15 36.0502
      vertex 11.4101 -48.15 37.4999
    endloop
  endfacet
  facet normal 0 1 0
    outer loop
      vertex 62.65 -48.15 36.85
      vertex 12.3769 -48.15 34.5243
      vertex 12.0106 -48.15 36.0502
    endloop
  endfacet
  facet normal 0 1 0
    outer loop
      vertex 62.65 -48.15 36.85
      vertex 12.5 -48.15 32.96
      vertex 12.3769 -48.15 34.5243
    endloop
  endfacet
  facet normal 0 1 0
    outer loop
      vertex 62.65 -48.15 36.85
      vertex 12.5 -48.15 14.96
      vertex 12.5 -48.15 32.96
    endloop
  endfacet
  facet normal 0 1 -0
    outer loop
      vertex 62.65 -48.15 1.85
      vertex 12.5 -48.15 14.96
      vertex 62.65 -48.15 36.85
    endloop
  endfacet
  facet normal 0 1 0
    outer loop
      vertex 12.5 -48.15 14.96
      vertex 62.65 -48.15 1.85
      vertex 12.3769 -48.15 13.3957
    endloop
  endfacet
  facet normal 0 1 0
    outer loop
      vertex 12.3769 -48.15 13.3957
      vertex 62.65 -48.15 1.85
      vertex 12.0106 -48.15 11.8698
    endloop
  endfacet
  facet normal 0 1 0
    outer loop
      vertex 12.0106 -48.15 11.8698
      vertex 62.65 -48.15 1.85
      vertex 11.4101 -48.15 10.4201
    endloop
  endfacet
  facet normal 0 1 0
    outer loop
      vertex 11.4101 -48.15 10.4201
      vertex 62.65 -48.15 1.85
      vertex 10.5902 -48.15 9.08215
    endloop
  endfacet
  facet normal 0 1 0
    outer loop
      vertex 6.9 -48.15 1.85
      vertex 10.5902 -48.15 9.08215
      vertex 62.65 -48.15 1.85
    endloop
  endfacet
  facet normal 0 1 0
    outer loop
      vertex 10.5902 -48.15 9.08215
      vertex 6.9 -48.15 1.85
      vertex 9.57107 -48.15 7.88893
    endloop
  endfacet
  facet normal 0 1 0
    outer loop
      vertex 4.06434 -48.15 5.08312
      vertex 2.59999 -48.15 4.95999
      vertex 2.5 -48.15 4.96
    endloop
  endfacet
  facet normal 0 1 0
    outer loop
      vertex 4.06434 -48.15 5.08312
      vertex 4.155 -48.15 3.405
      vertex 2.59999 -48.15 4.95999
    endloop
  endfacet
  facet normal 0 1 0
    outer loop
      vertex 5.59017 -48.15 5.44943
      vertex 4.155 -48.15 3.405
      vertex 4.06434 -48.15 5.08312
    endloop
  endfacet
  facet normal 0 1 -0
    outer loop
      vertex 6.9 -48.15 3.22
      vertex 5.59017 -48.15 5.44943
      vertex 7.0399 -48.15 6.04993
    endloop
  endfacet
  facet normal -0 1 0
    outer loop
      vertex 6.9 -48.15 3.22
      vertex 9.57107 -48.15 7.88893
      vertex 6.9 -48.15 1.85
    endloop
  endfacet
  facet normal 0 1 0
    outer loop
      vertex 5.59017 -48.15 5.44943
      vertex 6.9 -48.15 3.22
      vertex 4.155 -48.15 3.405
    endloop
  endfacet
  facet normal 0 1 0
    outer loop
      vertex 8.37785 -48.15 6.86983
      vertex 6.9 -48.15 3.22
      vertex 7.0399 -48.15 6.04993
    endloop
  endfacet
  facet normal 0 1 0
    outer loop
      vertex 9.57107 -48.15 7.88893
      vertex 6.9 -48.15 3.22
      vertex 8.37785 -48.15 6.86983
    endloop
  endfacet
  facet normal 0 1 0
    outer loop
      vertex 2.5 -48.15 4.96
      vertex 2.59999 -48.15 4.95999
      vertex 2.5 -48.15 4.95999
    endloop
  endfacet
  facet normal 0 1 0
    outer loop
      vertex 4.155 -48.15 3.405
      vertex 6.9 -48.15 3.22
      vertex 3.97 -48.15 3.22
    endloop
  endfacet
  facet normal -0 0 1
    outer loop
      vertex 5.90493 -6.68255 1.85
      vertex 6.9 -37.95 1.85
      vertex 6.90839 -6.06763 1.85
    endloop
  endfacet
  facet normal -0 0 1
    outer loop
      vertex 4.81763 -7.13292 1.85
      vertex 6.9 -37.95 1.85
      vertex 5.90493 -6.68255 1.85
    endloop
  endfacet
  facet normal -0 0 1
    outer loop
      vertex 3.67326 -7.40766 1.85
      vertex 6.9 -37.95 1.85
      vertex 4.81763 -7.13292 1.85
    endloop
  endfacet
  facet normal 0 0 1
    outer loop
      vertex 2.6 -37.95 1.85
      vertex 3.67326 -7.40766 1.85
      vertex 2.6 -7.49213 1.85
    endloop
  endfacet
  facet normal 0 0 1
    outer loop
      vertex 3.67326 -7.40766 1.85
      vertex 2.6 -37.95 1.85
      vertex 6.9 -37.95 1.85
    endloop
  endfacet
  facet normal -0 0 1
    outer loop
      vertex 2.6 37.95 1.85
      vertex 6.9 15.85 1.85
      vertex 6.9 37.95 1.85
    endloop
  endfacet
  facet normal 0 0 1
    outer loop
      vertex 6.9 15.85 1.85
      vertex 2.6 37.95 1.85
      vertex 2.6 15.85 1.85
    endloop
  endfacet
  facet normal -0 0 1
    outer loop
      vertex 6.9 37.95 1.85
      vertex 62.65 33.15 1.85
      vertex 62.65 48.15 1.85
    endloop
  endfacet
  facet normal 0 -0 1
    outer loop
      vertex 10 0 1.85
      vertex 62.65 33.15 1.85
      vertex 9.90766 1.17326 1.85
    endloop
  endfacet
  facet normal -0 0 1
    outer loop
      vertex 9.90766 -1.17326 1.85
      vertex 62.65 -33.15 1.85
      vertex 10 0 1.85
    endloop
  endfacet
  facet normal 0 0 1
    outer loop
      vertex 62.65 33.15 1.85
      vertex 10 0 1.85
      vertex 62.65 -33.15 1.85
    endloop
  endfacet
  facet normal 0 0 1
    outer loop
      vertex 62.65 33.15 1.85
      vertex 9.63292 2.31763 1.85
      vertex 9.90766 1.17326 1.85
    endloop
  endfacet
  facet normal 0 -0 1
    outer loop
      vertex 9.18255 3.40493 1.85
      vertex 62.65 33.15 1.85
      vertex 6.9 15.85 1.85
    endloop
  endfacet
  facet normal 0 0 1
    outer loop
      vertex 62.65 33.15 1.85
      vertex 9.18255 3.40493 1.85
      vertex 9.63292 2.31763 1.85
    endloop
  endfacet
  facet normal 0 0 1
    outer loop
      vertex 9.18255 3.40493 1.85
      vertex 6.9 15.85 1.85
      vertex 8.56763 4.40839 1.85
    endloop
  endfacet
  facet normal 0 0 1
    outer loop
      vertex 8.56763 4.40839 1.85
      vertex 6.9 15.85 1.85
      vertex 7.8033 5.3033 1.85
    endloop
  endfacet
  facet normal 0 0 1
    outer loop
      vertex 6.9 37.95 1.85
      vertex 62.65 48.15 1.85
      vertex 6.9 48.15 1.85
    endloop
  endfacet
  facet normal 0 0 1
    outer loop
      vertex 62.65 33.15 1.85
      vertex 6.9 37.95 1.85
      vertex 6.9 15.85 1.85
    endloop
  endfacet
  facet normal 0 0 1
    outer loop
      vertex 7.8033 5.3033 1.85
      vertex 6.9 15.85 1.85
      vertex 6.90839 6.06763 1.85
    endloop
  endfacet
  facet normal 0 0 1
    outer loop
      vertex 6.90839 6.06763 1.85
      vertex 6.9 15.85 1.85
      vertex 6.9 6.07277 1.85
    endloop
  endfacet
  facet normal -0 0 1
    outer loop
      vertex 62.65 33.15 1.85
      vertex 64.15 -33.15 1.85
      vertex 64.15 33.15 1.85
    endloop
  endfacet
  facet normal 0 0 1
    outer loop
      vertex 64.15 -33.15 1.85
      vertex 62.65 33.15 1.85
      vertex 62.65 -33.15 1.85
    endloop
  endfacet
  facet normal 0 0 1
    outer loop
      vertex 64.15 33.15 1.85
      vertex 123.55 33.15 1.85
      vertex 123.55 48.15 1.85
    endloop
  endfacet
  facet normal 0 0 1
    outer loop
      vertex 123.55 33.15 1.85
      vertex 64.15 33.15 1.85
      vertex 123.55 -33.15 1.85
    endloop
  endfacet
  facet normal 0 0 1
    outer loop
      vertex 64.15 33.15 1.85
      vertex 123.55 48.15 1.85
      vertex 64.15 48.15 1.85
    endloop
  endfacet
  facet normal 0 0 1
    outer loop
      vertex 64.15 -33.15 1.85
      vertex 123.55 -33.15 1.85
      vertex 64.15 33.15 1.85
    endloop
  endfacet
  facet normal 0 0 1
    outer loop
      vertex 123.55 -33.15 1.85
      vertex 64.15 -33.15 1.85
      vertex 123.55 -48.15 1.85
    endloop
  endfacet
  facet normal 0 0 1
    outer loop
      vertex 123.55 -48.15 1.85
      vertex 64.15 -33.15 1.85
      vertex 64.15 -48.15 1.85
    endloop
  endfacet
  facet normal -0 0 1
    outer loop
      vertex 123.55 33.15 1.85
      vertex 125.05 -33.15 1.85
      vertex 125.05 33.15 1.85
    endloop
  endfacet
  facet normal 0 0 1
    outer loop
      vertex 125.05 -33.15 1.85
      vertex 123.55 33.15 1.85
      vertex 123.55 -33.15 1.85
    endloop
  endfacet
  facet normal 0 0 1
    outer loop
      vertex 125.05 33.15 1.85
      vertex 133.15 40.0501 1.85
      vertex 133.05 41.3171 1.85
    endloop
  endfacet
  facet normal 0 0 1
    outer loop
      vertex 133.15 40.0501 1.85
      vertex 125.05 33.15 1.85
      vertex 133.15 -40.0501 1.85
    endloop
  endfacet
  facet normal 0 0 1
    outer loop
      vertex 125.05 33.15 1.85
      vertex 133.05 41.3171 1.85
      vertex 132.754 42.553 1.85
    endloop
  endfacet
  facet normal -0 0 1
    outer loop
      vertex 125.05 -33.15 1.85
      vertex 133.15 -40.0501 1.85
      vertex 125.05 33.15 1.85
    endloop
  endfacet
  facet normal 0 0 1
    outer loop
      vertex 125.05 33.15 1.85
      vertex 132.754 42.553 1.85
      vertex 132.267 43.7273 1.85
    endloop
  endfacet
  facet normal 0 0 1
    outer loop
      vertex 133.15 -40.0501 1.85
      vertex 125.05 -33.15 1.85
      vertex 133.05 -41.3171 1.85
    endloop
  endfacet
  facet normal 0 0 1
    outer loop
      vertex 125.05 33.15 1.85
      vertex 132.267 43.7273 1.85
      vertex 131.603 44.8111 1.85
    endloop
  endfacet
  facet normal 0 0 1
    outer loop
      vertex 133.05 -41.3171 1.85
      vertex 125.05 -33.15 1.85
      vertex 132.754 -42.553 1.85
    endloop
  endfacet
  facet normal 0 0 1
    outer loop
      vertex 125.05 33.15 1.85
      vertex 131.603 44.8111 1.85
      vertex 130.778 45.7776 1.85
    endloop
  endfacet
  facet normal 0 0 1
    outer loop
      vertex 132.754 -42.553 1.85
      vertex 125.05 -33.15 1.85
      vertex 132.267 -43.7273 1.85
    endloop
  endfacet
  facet normal 0 0 1
    outer loop
      vertex 125.05 33.15 1.85
      vertex 130.778 45.7776 1.85
      vertex 129.811 46.603 1.85
    endloop
  endfacet
  facet normal 0 0 1
    outer loop
      vertex 132.267 -43.7273 1.85
      vertex 125.05 -33.15 1.85
      vertex 131.603 -44.8111 1.85
    endloop
  endfacet
  facet normal 0 0 1
    outer loop
      vertex 125.05 33.15 1.85
      vertex 129.811 46.603 1.85
      vertex 128.727 47.2672 1.85
    endloop
  endfacet
  facet normal 0 0 1
    outer loop
      vertex 131.603 -44.8111 1.85
      vertex 125.05 -33.15 1.85
      vertex 130.778 -45.7776 1.85
    endloop
  endfacet
  facet normal 0 0 1
    outer loop
      vertex 125.05 33.15 1.85
      vertex 128.727 47.2672 1.85
      vertex 127.553 47.7536 1.85
    endloop
  endfacet
  facet normal 0 0 1
    outer loop
      vertex 130.778 -45.7776 1.85
      vertex 125.05 -33.15 1.85
      vertex 129.811 -46.603 1.85
    endloop
  endfacet
  facet normal 0 0 1
    outer loop
      vertex 125.05 33.15 1.85
      vertex 127.553 47.7536 1.85
      vertex 126.317 48.0503 1.85
    endloop
  endfacet
  facet normal 0 0 1
    outer loop
      vertex 129.811 -46.603 1.85
      vertex 125.05 -33.15 1.85
      vertex 128.727 -47.2672 1.85
    endloop
  endfacet
  facet normal 0 0 1
    outer loop
      vertex 125.05 33.15 1.85
      vertex 126.317 48.0503 1.85
      vertex 125.05 48.15 1.85
    endloop
  endfacet
  facet normal 0 0 1
    outer loop
      vertex 128.727 -47.2672 1.85
      vertex 125.05 -33.15 1.85
      vertex 127.553 -47.7536 1.85
    endloop
  endfacet
  facet normal 0 0 1
    outer loop
      vertex 127.553 -47.7536 1.85
      vertex 125.05 -33.15 1.85
      vertex 126.317 -48.0503 1.85
    endloop
  endfacet
  facet normal 0 0 1
    outer loop
      vertex 126.317 -48.0503 1.85
      vertex 125.05 -33.15 1.85
      vertex 125.05 -48.15 1.85
    endloop
  endfacet
  facet normal -0 0 1
    outer loop
      vertex 9.63292 -2.31763 1.85
      vertex 62.65 -33.15 1.85
      vertex 9.90766 -1.17326 1.85
    endloop
  endfacet
  facet normal -0 0 1
    outer loop
      vertex 9.18255 -3.40493 1.85
      vertex 62.65 -33.15 1.85
      vertex 9.63292 -2.31763 1.85
    endloop
  endfacet
  facet normal -0 0 1
    outer loop
      vertex 8.56763 -4.40839 1.85
      vertex 62.65 -33.15 1.85
      vertex 9.18255 -3.40493 1.85
    endloop
  endfacet
  facet normal 0 0 1
    outer loop
      vertex 6.9 -37.95 1.85
      vertex 62.65 -33.15 1.85
      vertex 8.56763 -4.40839 1.85
    endloop
  endfacet
  facet normal 0 0 1
    outer loop
      vertex 6.9 -37.95 1.85
      vertex 8.56763 -4.40839 1.85
      vertex 7.8033 -5.3033 1.85
    endloop
  endfacet
  facet normal 0 0 1
    outer loop
      vertex 6.9 -37.95 1.85
      vertex 7.8033 -5.3033 1.85
      vertex 6.90839 -6.06763 1.85
    endloop
  endfacet
  facet normal 0 0 1
    outer loop
      vertex 62.65 -33.15 1.85
      vertex 6.9 -37.95 1.85
      vertex 62.65 -48.15 1.85
    endloop
  endfacet
  facet normal 0 0 1
    outer loop
      vertex 62.65 -48.15 1.85
      vertex 6.9 -37.95 1.85
      vertex 6.9 -48.15 1.85
    endloop
  endfacet
  facet normal -0.233418 -0.972377 0
    outer loop
      vertex 126.317 48.0503 1.85
      vertex 127.553 47.7536 62
      vertex 126.317 48.0503 62
    endloop
  endfacet
  facet normal -0.233418 -0.972377 -0
    outer loop
      vertex 127.553 47.7536 62
      vertex 126.317 48.0503 1.85
      vertex 127.553 47.7536 1.85
    endloop
  endfacet
  facet normal -0.38276 -0.923848 0
    outer loop
      vertex 127.553 47.7536 1.85
      vertex 128.727 47.2672 62
      vertex 127.553 47.7536 62
    endloop
  endfacet
  facet normal -0.38276 -0.923848 -0
    outer loop
      vertex 128.727 47.2672 62
      vertex 127.553 47.7536 1.85
      vertex 128.727 47.2672 1.85
    endloop
  endfacet
  facet normal -0.522455 -0.852667 0
    outer loop
      vertex 128.727 47.2672 1.85
      vertex 129.811 46.603 62
      vertex 128.727 47.2672 62
    endloop
  endfacet
  facet normal -0.522455 -0.852667 -0
    outer loop
      vertex 129.811 46.603 62
      vertex 128.727 47.2672 1.85
      vertex 129.811 46.603 1.85
    endloop
  endfacet
  facet normal -0.923716 -0.383079 0
    outer loop
      vertex 132.754 42.553 1.85
      vertex 132.267 43.7273 62
      vertex 132.267 43.7273 1.85
    endloop
  endfacet
  facet normal -0.923716 -0.383079 0
    outer loop
      vertex 132.267 43.7273 62
      vertex 132.754 42.553 1.85
      vertex 132.754 42.553 62
    endloop
  endfacet
  facet normal -0.649222 0.760599 0
    outer loop
      vertex 130.778 -45.7776 1.85
      vertex 129.811 -46.603 62
      vertex 130.778 -45.7776 62
    endloop
  endfacet
  facet normal -0.649222 0.760599 0
    outer loop
      vertex 129.811 -46.603 62
      vertex 130.778 -45.7776 1.85
      vertex 129.811 -46.603 1.85
    endloop
  endfacet
  facet normal -0.852694 0.522411 0
    outer loop
      vertex 131.603 -44.8111 1.85
      vertex 132.267 -43.7273 62
      vertex 132.267 -43.7273 1.85
    endloop
  endfacet
  facet normal -0.852694 0.522411 0
    outer loop
      vertex 132.267 -43.7273 62
      vertex 131.603 -44.8111 1.85
      vertex 131.603 -44.8111 62
    endloop
  endfacet
  facet normal -0.0784473 0.996918 0
    outer loop
      vertex 126.317 -48.0503 1.85
      vertex 125.05 -48.15 62
      vertex 126.317 -48.0503 62
    endloop
  endfacet
  facet normal -0.0784473 0.996918 0
    outer loop
      vertex 125.05 -48.15 62
      vertex 126.317 -48.0503 1.85
      vertex 125.05 -48.15 1.85
    endloop
  endfacet
  facet normal -0.233418 0.972377 0
    outer loop
      vertex 127.553 -47.7536 1.85
      vertex 126.317 -48.0503 62
      vertex 127.553 -47.7536 62
    endloop
  endfacet
  facet normal -0.233418 0.972377 0
    outer loop
      vertex 126.317 -48.0503 62
      vertex 127.553 -47.7536 1.85
      vertex 126.317 -48.0503 1.85
    endloop
  endfacet
  facet normal -0.972497 -0.232915 0
    outer loop
      vertex 133.05 41.3171 1.85
      vertex 132.754 42.553 62
      vertex 132.754 42.553 1.85
    endloop
  endfacet
  facet normal -0.972497 -0.232915 0
    outer loop
      vertex 132.754 42.553 62
      vertex 133.05 41.3171 1.85
      vertex 133.05 41.3171 62
    endloop
  endfacet
  facet normal -0.9969 -0.0786819 0
    outer loop
      vertex 133.15 40.0501 1.85
      vertex 133.05 41.3171 62
      vertex 133.05 41.3171 1.85
    endloop
  endfacet
  facet normal -0.9969 -0.0786819 0
    outer loop
      vertex 133.05 41.3171 62
      vertex 133.15 40.0501 1.85
      vertex 133.15 40.0501 62
    endloop
  endfacet
  facet normal -0.522455 0.852667 0
    outer loop
      vertex 129.811 -46.603 1.85
      vertex 128.727 -47.2672 62
      vertex 129.811 -46.603 62
    endloop
  endfacet
  facet normal -0.522455 0.852667 0
    outer loop
      vertex 128.727 -47.2672 62
      vertex 129.811 -46.603 1.85
      vertex 128.727 -47.2672 1.85
    endloop
  endfacet
  facet normal -0.760588 0.649235 0
    outer loop
      vertex 130.778 -45.7776 1.85
      vertex 131.603 -44.8111 62
      vertex 131.603 -44.8111 1.85
    endloop
  endfacet
  facet normal -0.760588 0.649235 0
    outer loop
      vertex 131.603 -44.8111 62
      vertex 130.778 -45.7776 1.85
      vertex 130.778 -45.7776 62
    endloop
  endfacet
  facet normal -0.923716 0.383079 0
    outer loop
      vertex 132.267 -43.7273 1.85
      vertex 132.754 -42.553 62
      vertex 132.754 -42.553 1.85
    endloop
  endfacet
  facet normal -0.923716 0.383079 0
    outer loop
      vertex 132.754 -42.553 62
      vertex 132.267 -43.7273 1.85
      vertex 132.267 -43.7273 62
    endloop
  endfacet
  facet normal -0.9969 0.0786819 0
    outer loop
      vertex 133.05 -41.3171 1.85
      vertex 133.15 -40.0501 62
      vertex 133.15 -40.0501 1.85
    endloop
  endfacet
  facet normal -0.9969 0.0786819 0
    outer loop
      vertex 133.15 -40.0501 62
      vertex 133.05 -41.3171 1.85
      vertex 133.05 -41.3171 62
    endloop
  endfacet
  facet normal -0.972497 0.232915 0
    outer loop
      vertex 132.754 -42.553 1.85
      vertex 133.05 -41.3171 62
      vertex 133.05 -41.3171 1.85
    endloop
  endfacet
  facet normal -0.972497 0.232915 0
    outer loop
      vertex 133.05 -41.3171 62
      vertex 132.754 -42.553 1.85
      vertex 132.754 -42.553 62
    endloop
  endfacet
  facet normal -0.649222 -0.760599 0
    outer loop
      vertex 129.811 46.603 1.85
      vertex 130.778 45.7776 62
      vertex 129.811 46.603 62
    endloop
  endfacet
  facet normal -0.649222 -0.760599 -0
    outer loop
      vertex 130.778 45.7776 62
      vertex 129.811 46.603 1.85
      vertex 130.778 45.7776 1.85
    endloop
  endfacet
  facet normal -0.760588 -0.649235 0
    outer loop
      vertex 131.603 44.8111 1.85
      vertex 130.778 45.7776 62
      vertex 130.778 45.7776 1.85
    endloop
  endfacet
  facet normal -0.760588 -0.649235 0
    outer loop
      vertex 130.778 45.7776 62
      vertex 131.603 44.8111 1.85
      vertex 131.603 44.8111 62
    endloop
  endfacet
  facet normal -0.852694 -0.522411 0
    outer loop
      vertex 132.267 43.7273 1.85
      vertex 131.603 44.8111 62
      vertex 131.603 44.8111 1.85
    endloop
  endfacet
  facet normal -0.852694 -0.522411 0
    outer loop
      vertex 131.603 44.8111 62
      vertex 132.267 43.7273 1.85
      vertex 132.267 43.7273 62
    endloop
  endfacet
  facet normal 0 -0.919145 0.393919
    outer loop
      vertex 62.65 33.15 1.85
      vertex 64.15 48.15 36.85
      vertex 62.65 48.15 36.85
    endloop
  endfacet
  facet normal 0 -0.919145 0.393919
    outer loop
      vertex 64.15 48.15 36.85
      vertex 62.65 33.15 1.85
      vertex 64.15 33.15 1.85
    endloop
  endfacet
  facet normal -1 0 0
    outer loop
      vertex 62.65 48.15 1.85
      vertex 62.65 33.15 1.85
      vertex 62.65 48.15 36.85
    endloop
  endfacet
  facet normal 1 0 0
    outer loop
      vertex 64.15 48.15 36.85
      vertex 64.15 33.15 1.85
      vertex 64.15 48.15 1.85
    endloop
  endfacet
  facet normal 1 0 0
    outer loop
      vertex 64.15 -48.15 36.85
      vertex 64.15 -48.15 1.85
      vertex 64.15 -33.15 1.85
    endloop
  endfacet
  facet normal -1 0 0
    outer loop
      vertex 62.65 -33.15 1.85
      vertex 62.65 -48.15 1.85
      vertex 62.65 -48.15 36.85
    endloop
  endfacet
  facet normal 0 0.919145 0.393919
    outer loop
      vertex 64.15 -33.15 1.85
      vertex 62.65 -48.15 36.85
      vertex 64.15 -48.15 36.85
    endloop
  endfacet
  facet normal 0 0.919145 0.393919
    outer loop
      vertex 62.65 -48.15 36.85
      vertex 64.15 -33.15 1.85
      vertex 62.65 -33.15 1.85
    endloop
  endfacet
  facet normal 0 -0.919145 0.393919
    outer loop
      vertex 123.55 33.15 1.85
      vertex 125.05 48.15 36.85
      vertex 123.55 48.15 36.85
    endloop
  endfacet
  facet normal 0 -0.919145 0.393919
    outer loop
      vertex 125.05 48.15 36.85
      vertex 123.55 33.15 1.85
      vertex 125.05 33.15 1.85
    endloop
  endfacet
  facet normal -1 0 0
    outer loop
      vertex 123.55 48.15 1.85
      vertex 123.55 33.15 1.85
      vertex 123.55 48.15 36.85
    endloop
  endfacet
  facet normal 1 0 0
    outer loop
      vertex 125.05 48.15 36.85
      vertex 125.05 33.15 1.85
      vertex 125.05 48.15 1.85
    endloop
  endfacet
  facet normal 1 0 0
    outer loop
      vertex 125.05 -48.15 36.85
      vertex 125.05 -48.15 1.85
      vertex 125.05 -33.15 1.85
    endloop
  endfacet
  facet normal -1 0 0
    outer loop
      vertex 123.55 -33.15 1.85
      vertex 123.55 -48.15 1.85
      vertex 123.55 -48.15 36.85
    endloop
  endfacet
  facet normal 0 0.919145 0.393919
    outer loop
      vertex 125.05 -33.15 1.85
      vertex 123.55 -48.15 36.85
      vertex 125.05 -48.15 36.85
    endloop
  endfacet
  facet normal 0 0.919145 0.393919
    outer loop
      vertex 123.55 -48.15 36.85
      vertex 125.05 -33.15 1.85
      vertex 123.55 -33.15 1.85
    endloop
  endfacet
  facet normal 0.996917 0.0784612 0
    outer loop
      vertex 10 0 62
      vertex 9.90766 1.17326 1.85
      vertex 9.90766 1.17326 62
    endloop
  endfacet
  facet normal 0.996917 0.0784612 0
    outer loop
      vertex 9.90766 1.17326 1.85
      vertex 10 0 62
      vertex 10 0 1.85
    endloop
  endfacet
  facet normal 0.0784608 0.996917 3.39127e-06
    outer loop
      vertex 3.67326 7.40766 62
      vertex 3.09999 7.45278 61.5
      vertex 2.59999 7.49213 62
    endloop
  endfacet
  facet normal 0.0784637 0.996917 -0
    outer loop
      vertex 3.67326 7.40766 59.9267
      vertex 3.09999 7.45278 61.5
      vertex 3.67326 7.40766 62
    endloop
  endfacet
  facet normal 0.0784591 0.996917 -1.69561e-06
    outer loop
      vertex 3.09999 7.45278 61.5
      vertex 3.67326 7.40766 59.9267
      vertex 2.59999 7.49213 61
    endloop
  endfacet
  facet normal 0.0784652 0.996917 0
    outer loop
      vertex 2.59999 7.49213 43
      vertex 2.59999 7.49213 4.95999
      vertex 2.5 7.5 43
    endloop
  endfacet
  facet normal 0.0784608 0.996917 0
    outer loop
      vertex 3.67326 7.40766 44.0733
      vertex 2.59999 7.49213 4.95999
      vertex 2.59999 7.49213 43
    endloop
  endfacet
  facet normal 0.0784608 0.996917 0
    outer loop
      vertex 2.59999 7.49213 4.95999
      vertex 3.67326 7.40766 44.0733
      vertex 3.67326 7.40766 3.88673
    endloop
  endfacet
  facet normal 0.0784652 0.996917 0
    outer loop
      vertex 2.5 7.5 43
      vertex 2.59999 7.49213 4.95999
      vertex 2.5 7.5 4.95999
    endloop
  endfacet
  facet normal 0.0784608 0.996917 -0
    outer loop
      vertex 3.67326 7.40766 47.9267
      vertex 2.59999 7.49213 49
      vertex 3.67326 7.40766 50.0733
    endloop
  endfacet
  facet normal 0.0784608 0.996917 -0
    outer loop
      vertex 3.67326 7.40766 53.9267
      vertex 2.59999 7.49213 55
      vertex 3.67326 7.40766 56.0733
    endloop
  endfacet
  facet normal 0.760404 0.64945 0
    outer loop
      vertex 8.56763 4.40839 62
      vertex 7.8033 5.3033 1.85
      vertex 7.8033 5.3033 62
    endloop
  endfacet
  facet normal 0.760404 0.64945 0
    outer loop
      vertex 7.8033 5.3033 1.85
      vertex 8.56763 4.40839 62
      vertex 8.56763 4.40839 1.85
    endloop
  endfacet
  facet normal 0.923881 0.38268 0
    outer loop
      vertex 9.63292 2.31763 62
      vertex 9.18255 3.40493 1.85
      vertex 9.18255 3.40493 62
    endloop
  endfacet
  facet normal 0.923881 0.38268 0
    outer loop
      vertex 9.18255 3.40493 1.85
      vertex 9.63292 2.31763 62
      vertex 9.63292 2.31763 1.85
    endloop
  endfacet
  facet normal 0.97237 0.233446 0
    outer loop
      vertex 9.90766 1.17326 62
      vertex 9.63292 2.31763 1.85
      vertex 9.63292 2.31763 62
    endloop
  endfacet
  facet normal 0.97237 0.233446 0
    outer loop
      vertex 9.63292 2.31763 1.85
      vertex 9.90766 1.17326 62
      vertex 9.90766 1.17326 1.85
    endloop
  endfacet
  facet normal 0.852641 0.522498 0
    outer loop
      vertex 9.18255 3.40493 62
      vertex 8.56763 4.40839 1.85
      vertex 8.56763 4.40839 62
    endloop
  endfacet
  facet normal 0.852641 0.522498 0
    outer loop
      vertex 8.56763 4.40839 1.85
      vertex 9.18255 3.40493 62
      vertex 9.18255 3.40493 1.85
    endloop
  endfacet
  facet normal 0.522498 0.852641 -2.01569e-08
    outer loop
      vertex 6.90839 6.06763 62
      vertex 6.9 6.07277 3.22
      vertex 5.90493 6.68255 62
    endloop
  endfacet
  facet normal 0.522395 0.852703 -0
    outer loop
      vertex 6.90839 6.06763 1.85
      vertex 6.9 6.07277 3.22
      vertex 6.90839 6.06763 62
    endloop
  endfacet
  facet normal 0.522395 0.852703 0
    outer loop
      vertex 6.9 6.07277 3.22
      vertex 6.90839 6.06763 1.85
      vertex 6.9 6.07277 1.85
    endloop
  endfacet
  facet normal 0.522499 0.85264 0
    outer loop
      vertex 5.90493 6.68255 62
      vertex 6.9 6.07277 3.22
      vertex 5.90493 6.68255 3.22
    endloop
  endfacet
  facet normal 0.64945 0.760404 -0
    outer loop
      vertex 7.8033 5.3033 1.85
      vertex 6.90839 6.06763 62
      vertex 7.8033 5.3033 62
    endloop
  endfacet
  facet normal 0.64945 0.760404 0
    outer loop
      vertex 6.90839 6.06763 62
      vertex 7.8033 5.3033 1.85
      vertex 6.90839 6.06763 1.85
    endloop
  endfacet
  facet normal 0 0 1
    outer loop
      vertex 8.15 0 62
      vertex 10 0 62
      vertex 9.90766 1.17326 62
    endloop
  endfacet
  facet normal 0 0 1
    outer loop
      vertex 8.08044 0.883854 62
      vertex 9.90766 1.17326 62
      vertex 9.63292 2.31763 62
    endloop
  endfacet
  facet normal 0 0 1
    outer loop
      vertex 10 0 62
      vertex 8.15 0 62
      vertex 9.90766 -1.17326 62
    endloop
  endfacet
  facet normal 0 0 1
    outer loop
      vertex 7.87347 1.74595 62
      vertex 9.63292 2.31763 62
      vertex 9.18255 3.40493 62
    endloop
  endfacet
  facet normal -0 0 1
    outer loop
      vertex 8.08044 -0.883854 62
      vertex 9.90766 -1.17326 62
      vertex 8.15 0 62
    endloop
  endfacet
  facet normal 0 0 1
    outer loop
      vertex 7.53419 2.56505 62
      vertex 9.18255 3.40493 62
      vertex 8.56763 4.40839 62
    endloop
  endfacet
  facet normal 0 0 1
    outer loop
      vertex 9.90766 -1.17326 62
      vertex 8.08044 -0.883854 62
      vertex 9.63292 -2.31763 62
    endloop
  endfacet
  facet normal -0 0 1
    outer loop
      vertex 7.87347 -1.74595 62
      vertex 9.63292 -2.31763 62
      vertex 8.08044 -0.883854 62
    endloop
  endfacet
  facet normal 0 0 1
    outer loop
      vertex 9.90766 1.17326 62
      vertex 8.08044 0.883854 62
      vertex 8.15 0 62
    endloop
  endfacet
  facet normal 0 0 1
    outer loop
      vertex 9.63292 2.31763 62
      vertex 7.87347 1.74595 62
      vertex 8.08044 0.883854 62
    endloop
  endfacet
  facet normal 0 0 1
    outer loop
      vertex 7.07095 3.32099 62
      vertex 8.56763 4.40839 62
      vertex 7.8033 5.3033 62
    endloop
  endfacet
  facet normal 0 0 1
    outer loop
      vertex 9.18255 3.40493 62
      vertex 7.53419 2.56505 62
      vertex 7.87347 1.74595 62
    endloop
  endfacet
  facet normal 0 0 1
    outer loop
      vertex 8.56763 4.40839 62
      vertex 7.07095 3.32099 62
      vertex 7.53419 2.56505 62
    endloop
  endfacet
  facet normal 0 0 1
    outer loop
      vertex 6.49515 3.99515 62
      vertex 7.8033 5.3033 62
      vertex 6.90839 6.06763 62
    endloop
  endfacet
  facet normal 0 0 1
    outer loop
      vertex 7.8033 5.3033 62
      vertex 6.49515 3.99515 62
      vertex 7.07095 3.32099 62
    endloop
  endfacet
  facet normal 0 0 1
    outer loop
      vertex 5.82099 4.57095 62
      vertex 6.90839 6.06763 62
      vertex 5.90493 6.68255 62
    endloop
  endfacet
  facet normal 0 0 1
    outer loop
      vertex 6.90839 6.06763 62
      vertex 5.82099 4.57095 62
      vertex 6.49515 3.99515 62
    endloop
  endfacet
  facet normal 0 0 1
    outer loop
      vertex 5.90493 6.68255 62
      vertex 5.06505 5.03419 62
      vertex 5.82099 4.57095 62
    endloop
  endfacet
  facet normal 0 0 1
    outer loop
      vertex 4.81763 7.13292 62
      vertex 5.06505 5.03419 62
      vertex 5.90493 6.68255 62
    endloop
  endfacet
  facet normal 0 0 1
    outer loop
      vertex 4.81763 7.13292 62
      vertex 4.24595 5.37347 62
      vertex 5.06505 5.03419 62
    endloop
  endfacet
  facet normal 0 0 1
    outer loop
      vertex 3.67326 7.40766 62
      vertex 4.24595 5.37347 62
      vertex 4.81763 7.13292 62
    endloop
  endfacet
  facet normal 0 0 1
    outer loop
      vertex 3.67326 7.40766 62
      vertex 3.38385 5.58044 62
      vertex 4.24595 5.37347 62
    endloop
  endfacet
  facet normal 0 0 1
    outer loop
      vertex 2.59999 7.49213 62
      vertex 3.38385 5.58044 62
      vertex 3.67326 7.40766 62
    endloop
  endfacet
  facet normal 0 0 1
    outer loop
      vertex 3.38385 5.58044 62
      vertex 2.59999 7.49213 62
      vertex 2.59999 5.64213 62
    endloop
  endfacet
  facet normal 0 0 1
    outer loop
      vertex 9.63292 -2.31763 62
      vertex 7.87347 -1.74595 62
      vertex 9.18255 -3.40493 62
    endloop
  endfacet
  facet normal -0 0 1
    outer loop
      vertex 7.53419 -2.56505 62
      vertex 9.18255 -3.40493 62
      vertex 7.87347 -1.74595 62
    endloop
  endfacet
  facet normal 0 0 1
    outer loop
      vertex 9.18255 -3.40493 62
      vertex 7.53419 -2.56505 62
      vertex 8.56763 -4.40839 62
    endloop
  endfacet
  facet normal -0 0 1
    outer loop
      vertex 7.07095 -3.32099 62
      vertex 8.56763 -4.40839 62
      vertex 7.53419 -2.56505 62
    endloop
  endfacet
  facet normal 0 0 1
    outer loop
      vertex 8.56763 -4.40839 62
      vertex 7.07095 -3.32099 62
      vertex 7.8033 -5.3033 62
    endloop
  endfacet
  facet normal -0 0 1
    outer loop
      vertex 6.49515 -3.99515 62
      vertex 7.8033 -5.3033 62
      vertex 7.07095 -3.32099 62
    endloop
  endfacet
  facet normal 0 0 1
    outer loop
      vertex 7.8033 -5.3033 62
      vertex 6.49515 -3.99515 62
      vertex 6.90839 -6.06763 62
    endloop
  endfacet
  facet normal -0 0 1
    outer loop
      vertex 5.82099 -4.57095 62
      vertex 6.90839 -6.06763 62
      vertex 6.49515 -3.99515 62
    endloop
  endfacet
  facet normal 0 0 1
    outer loop
      vertex 6.90839 -6.06763 62
      vertex 5.82099 -4.57095 62
      vertex 5.90493 -6.68255 62
    endloop
  endfacet
  facet normal -0 0 1
    outer loop
      vertex 5.06505 -5.03419 62
      vertex 5.90493 -6.68255 62
      vertex 5.82099 -4.57095 62
    endloop
  endfacet
  facet normal 0 0 1
    outer loop
      vertex 5.06505 -5.03419 62
      vertex 4.81763 -7.13292 62
      vertex 5.90493 -6.68255 62
    endloop
  endfacet
  facet normal -0 0 1
    outer loop
      vertex 4.24595 -5.37347 62
      vertex 4.81763 -7.13292 62
      vertex 5.06505 -5.03419 62
    endloop
  endfacet
  facet normal 0 0 1
    outer loop
      vertex 4.24595 -5.37347 62
      vertex 3.67326 -7.40766 62
      vertex 4.81763 -7.13292 62
    endloop
  endfacet
  facet normal -0 0 1
    outer loop
      vertex 3.38385 -5.58044 62
      vertex 3.67326 -7.40766 62
      vertex 4.24595 -5.37347 62
    endloop
  endfacet
  facet normal -0 0 1
    outer loop
      vertex 2.59999 -5.64213 62
      vertex 3.67326 -7.40766 62
      vertex 3.38385 -5.58044 62
    endloop
  endfacet
  facet normal 0 0 1
    outer loop
      vertex 3.67326 -7.40766 62
      vertex 2.59999 -5.64213 62
      vertex 2.59999 -7.49213 62
    endloop
  endfacet
  facet normal 0.0784608 -0.996917 3.39127e-06
    outer loop
      vertex 3.09999 -7.45278 61.5
      vertex 3.67326 -7.40766 62
      vertex 2.59999 -7.49213 62
    endloop
  endfacet
  facet normal 0.0784591 -0.996917 -1.69561e-06
    outer loop
      vertex 3.67326 -7.40766 59.9267
      vertex 3.09999 -7.45278 61.5
      vertex 2.59999 -7.49213 61
    endloop
  endfacet
  facet normal 0.0784637 -0.996917 0
    outer loop
      vertex 3.09999 -7.45278 61.5
      vertex 3.67326 -7.40766 59.9267
      vertex 3.67326 -7.40766 62
    endloop
  endfacet
  facet normal 0.0784615 -0.996917 0
    outer loop
      vertex 3.67326 -7.40766 2.92326
      vertex 2.6 -7.49213 1.85
      vertex 3.67326 -7.40766 1.85
    endloop
  endfacet
  facet normal 0.0784652 -0.996917 0
    outer loop
      vertex 2.5 -7.5 43
      vertex 2.5 -7.5 4.95999
      vertex 2.59999 -7.49213 43
    endloop
  endfacet
  facet normal 0.0784652 -0.996917 0
    outer loop
      vertex 2.59999 -7.49213 4.95999
      vertex 2.59999 -7.49213 43
      vertex 2.5 -7.5 4.95999
    endloop
  endfacet
  facet normal 0.0784608 -0.996917 0
    outer loop
      vertex 2.59999 -7.49213 43
      vertex 2.59999 -7.49213 4.95999
      vertex 3.67326 -7.40766 44.0733
    endloop
  endfacet
  facet normal 0.0784608 -0.996917 0
    outer loop
      vertex 3.67326 -7.40766 44.0733
      vertex 2.59999 -7.49213 4.95999
      vertex 3.67326 -7.40766 3.88673
    endloop
  endfacet
  facet normal 0.0784608 -0.996917 0
    outer loop
      vertex 3.67326 -7.40766 50.0733
      vertex 2.59999 -7.49213 49
      vertex 3.67326 -7.40766 47.9267
    endloop
  endfacet
  facet normal 0.0784608 -0.996917 0
    outer loop
      vertex 3.67326 -7.40766 56.0733
      vertex 2.59999 -7.49213 55
      vertex 3.67326 -7.40766 53.9267
    endloop
  endfacet
  facet normal 0.522498 -0.852641 0
    outer loop
      vertex 5.90493 -6.68255 1.85
      vertex 6.90839 -6.06763 62
      vertex 5.90493 -6.68255 62
    endloop
  endfacet
  facet normal 0.522498 -0.852641 0
    outer loop
      vertex 6.90839 -6.06763 62
      vertex 5.90493 -6.68255 1.85
      vertex 6.90839 -6.06763 1.85
    endloop
  endfacet
  facet normal 0.97237 -0.233446 0
    outer loop
      vertex 9.63292 -2.31763 62
      vertex 9.90766 -1.17326 1.85
      vertex 9.90766 -1.17326 62
    endloop
  endfacet
  facet normal 0.97237 -0.233446 0
    outer loop
      vertex 9.90766 -1.17326 1.85
      vertex 9.63292 -2.31763 62
      vertex 9.63292 -2.31763 1.85
    endloop
  endfacet
  facet normal 0.38268 0.923881 0
    outer loop
      vertex 5.90493 6.68255 62
      vertex 4.81763 7.13292 58.7824
      vertex 4.81763 7.13292 62
    endloop
  endfacet
  facet normal 0.38268 0.923881 2.83965e-07
    outer loop
      vertex 5.90493 6.68255 62
      vertex 5.59999 6.80886 58
      vertex 4.81763 7.13292 58.7824
    endloop
  endfacet
  facet normal 0.382679 0.923881 0
    outer loop
      vertex 5.59999 6.80886 58
      vertex 4.81763 7.13292 52.7824
      vertex 4.81763 7.13292 57.2176
    endloop
  endfacet
  facet normal 0.382679 0.923881 0
    outer loop
      vertex 5.59999 6.80886 58
      vertex 5.59999 6.80886 52
      vertex 4.81763 7.13292 52.7824
    endloop
  endfacet
  facet normal 0.382683 0.92388 0
    outer loop
      vertex 5.90493 6.68255 62
      vertex 5.59999 6.80886 52
      vertex 5.59999 6.80886 58
    endloop
  endfacet
  facet normal 0.382679 0.923881 0
    outer loop
      vertex 5.59999 6.80886 52
      vertex 4.81763 7.13292 46.7824
      vertex 4.81763 7.13292 51.2176
    endloop
  endfacet
  facet normal 0.382679 0.923881 0
    outer loop
      vertex 5.59999 6.80886 52
      vertex 5.59999 6.80886 46
      vertex 4.81763 7.13292 46.7824
    endloop
  endfacet
  facet normal 0.382683 0.92388 0
    outer loop
      vertex 5.90493 6.68255 62
      vertex 5.59999 6.80886 46
      vertex 5.59999 6.80886 52
    endloop
  endfacet
  facet normal 0.382683 0.92388 -0
    outer loop
      vertex 5.90493 6.68255 3.22
      vertex 5.59999 6.80886 46
      vertex 5.90493 6.68255 62
    endloop
  endfacet
  facet normal 0.382679 0.923881 -2.83732e-08
    outer loop
      vertex 5.90493 6.68255 3.22
      vertex 4.81763 7.13292 45.2176
      vertex 5.59999 6.80886 46
    endloop
  endfacet
  facet normal 0.38268 0.923881 0
    outer loop
      vertex 4.81763 7.13292 45.2176
      vertex 5.90493 6.68255 3.22
      vertex 4.81763 7.13292 3.22
    endloop
  endfacet
  facet normal 0.233446 0.97237 0
    outer loop
      vertex 4.81763 7.13292 62
      vertex 3.67326 7.40766 59.9267
      vertex 3.67326 7.40766 62
    endloop
  endfacet
  facet normal 0.233446 0.97237 0
    outer loop
      vertex 3.67326 7.40766 59.9267
      vertex 4.81763 7.13292 62
      vertex 4.81763 7.13292 58.7824
    endloop
  endfacet
  facet normal 0.233446 0.97237 -0
    outer loop
      vertex 4.81763 7.13292 3.22
      vertex 3.67326 7.40766 44.0733
      vertex 4.81763 7.13292 45.2176
    endloop
  endfacet
  facet normal 0.233446 0.97237 0
    outer loop
      vertex 3.67326 7.40766 44.0733
      vertex 4.81763 7.13292 3.22
      vertex 3.67326 7.40766 3.88673
    endloop
  endfacet
  facet normal 0.233462 0.972366 2.89787e-05
    outer loop
      vertex 3.67326 7.40766 3.88673
      vertex 4.81763 7.13292 3.22
      vertex 4.155 7.29201 3.405
    endloop
  endfacet
  facet normal 0.233448 0.972369 -2.63643e-05
    outer loop
      vertex 4.155 7.29201 3.405
      vertex 4.81763 7.13292 3.22
      vertex 3.97 7.33642 3.22
    endloop
  endfacet
  facet normal 0.233446 0.97237 0
    outer loop
      vertex 4.81763 7.13292 51.2176
      vertex 3.67326 7.40766 47.9267
      vertex 3.67326 7.40766 50.0733
    endloop
  endfacet
  facet normal 0.233446 0.97237 0
    outer loop
      vertex 3.67326 7.40766 47.9267
      vertex 4.81763 7.13292 51.2176
      vertex 4.81763 7.13292 46.7824
    endloop
  endfacet
  facet normal 0.233446 0.97237 0
    outer loop
      vertex 4.81763 7.13292 57.2176
      vertex 3.67326 7.40766 53.9267
      vertex 3.67326 7.40766 56.0733
    endloop
  endfacet
  facet normal 0.233446 0.97237 0
    outer loop
      vertex 3.67326 7.40766 53.9267
      vertex 4.81763 7.13292 57.2176
      vertex 4.81763 7.13292 52.7824
    endloop
  endfacet
  facet normal 0.996917 -0.0784612 0
    outer loop
      vertex 9.90766 -1.17326 62
      vertex 10 0 1.85
      vertex 10 0 62
    endloop
  endfacet
  facet normal 0.996917 -0.0784612 0
    outer loop
      vertex 10 0 1.85
      vertex 9.90766 -1.17326 62
      vertex 9.90766 -1.17326 1.85
    endloop
  endfacet
  facet normal 0.233446 -0.97237 0
    outer loop
      vertex 3.67326 -7.40766 59.9267
      vertex 4.81763 -7.13292 62
      vertex 3.67326 -7.40766 62
    endloop
  endfacet
  facet normal 0.233446 -0.97237 0
    outer loop
      vertex 4.81763 -7.13292 62
      vertex 3.67326 -7.40766 59.9267
      vertex 4.81763 -7.13292 58.7824
    endloop
  endfacet
  facet normal 0.233435 -0.972372 0
    outer loop
      vertex 4.155 -7.29201 3.405
      vertex 3.67326 -7.40766 44.0733
      vertex 3.67326 -7.40766 3.88673
    endloop
  endfacet
  facet normal 0.233446 -0.97237 1.41591e-07
    outer loop
      vertex 3.67326 -7.40766 44.0733
      vertex 4.155 -7.29201 3.405
      vertex 4.81763 -7.13292 45.2176
    endloop
  endfacet
  facet normal 0.233446 -0.97237 0
    outer loop
      vertex 4.81763 -7.13292 1.85
      vertex 3.67326 -7.40766 2.92326
      vertex 3.67326 -7.40766 1.85
    endloop
  endfacet
  facet normal 0.233455 -0.972368 0
    outer loop
      vertex 4.155 -7.29201 3.405
      vertex 4.81763 -7.13292 1.85
      vertex 4.81763 -7.13292 45.2176
    endloop
  endfacet
  facet normal 0.233441 -0.972371 -6.24124e-06
    outer loop
      vertex 3.67326 -7.40766 2.92326
      vertex 4.81763 -7.13292 1.85
      vertex 4.155 -7.29201 3.405
    endloop
  endfacet
  facet normal 0.233446 -0.97237 0
    outer loop
      vertex 3.67326 -7.40766 47.9267
      vertex 4.81763 -7.13292 51.2176
      vertex 3.67326 -7.40766 50.0733
    endloop
  endfacet
  facet normal 0.233446 -0.97237 0
    outer loop
      vertex 4.81763 -7.13292 51.2176
      vertex 3.67326 -7.40766 47.9267
      vertex 4.81763 -7.13292 46.7824
    endloop
  endfacet
  facet normal 0.233446 -0.97237 0
    outer loop
      vertex 3.67326 -7.40766 53.9267
      vertex 4.81763 -7.13292 57.2176
      vertex 3.67326 -7.40766 56.0733
    endloop
  endfacet
  facet normal 0.233446 -0.97237 0
    outer loop
      vertex 4.81763 -7.13292 57.2176
      vertex 3.67326 -7.40766 53.9267
      vertex 4.81763 -7.13292 52.7824
    endloop
  endfacet
  facet normal 0.64945 -0.760404 0
    outer loop
      vertex 6.90839 -6.06763 1.85
      vertex 7.8033 -5.3033 62
      vertex 6.90839 -6.06763 62
    endloop
  endfacet
  facet normal 0.64945 -0.760404 0
    outer loop
      vertex 7.8033 -5.3033 62
      vertex 6.90839 -6.06763 1.85
      vertex 7.8033 -5.3033 1.85
    endloop
  endfacet
  facet normal 0.760404 -0.64945 0
    outer loop
      vertex 7.8033 -5.3033 62
      vertex 8.56763 -4.40839 1.85
      vertex 8.56763 -4.40839 62
    endloop
  endfacet
  facet normal 0.760404 -0.64945 0
    outer loop
      vertex 8.56763 -4.40839 1.85
      vertex 7.8033 -5.3033 62
      vertex 7.8033 -5.3033 1.85
    endloop
  endfacet
  facet normal 0.923881 -0.38268 0
    outer loop
      vertex 9.18255 -3.40493 62
      vertex 9.63292 -2.31763 1.85
      vertex 9.63292 -2.31763 62
    endloop
  endfacet
  facet normal 0.923881 -0.38268 0
    outer loop
      vertex 9.63292 -2.31763 1.85
      vertex 9.18255 -3.40493 62
      vertex 9.18255 -3.40493 1.85
    endloop
  endfacet
  facet normal 0.38268 -0.923881 0
    outer loop
      vertex 4.81763 -7.13292 58.7824
      vertex 5.90493 -6.68255 62
      vertex 4.81763 -7.13292 62
    endloop
  endfacet
  facet normal 0.38268 -0.923881 2.83965e-07
    outer loop
      vertex 5.59999 -6.80886 58
      vertex 5.90493 -6.68255 62
      vertex 4.81763 -7.13292 58.7824
    endloop
  endfacet
  facet normal 0.382679 -0.923881 0
    outer loop
      vertex 4.81763 -7.13292 52.7824
      vertex 5.59999 -6.80886 58
      vertex 4.81763 -7.13292 57.2176
    endloop
  endfacet
  facet normal 0.382679 -0.923881 0
    outer loop
      vertex 5.59999 -6.80886 52
      vertex 5.59999 -6.80886 58
      vertex 4.81763 -7.13292 52.7824
    endloop
  endfacet
  facet normal 0.382683 -0.92388 0
    outer loop
      vertex 5.59999 -6.80886 52
      vertex 5.90493 -6.68255 62
      vertex 5.59999 -6.80886 58
    endloop
  endfacet
  facet normal 0.382679 -0.923881 0
    outer loop
      vertex 4.81763 -7.13292 46.7824
      vertex 5.59999 -6.80886 52
      vertex 4.81763 -7.13292 51.2176
    endloop
  endfacet
  facet normal 0.382679 -0.923881 0
    outer loop
      vertex 5.59999 -6.80886 46
      vertex 5.59999 -6.80886 52
      vertex 4.81763 -7.13292 46.7824
    endloop
  endfacet
  facet normal 0.382683 -0.92388 0
    outer loop
      vertex 5.59999 -6.80886 46
      vertex 5.90493 -6.68255 62
      vertex 5.59999 -6.80886 52
    endloop
  endfacet
  facet normal 0.38268 -0.923881 0
    outer loop
      vertex 5.90493 -6.68255 1.85
      vertex 4.81763 -7.13292 45.2176
      vertex 4.81763 -7.13292 1.85
    endloop
  endfacet
  facet normal 0.382679 -0.923881 -2.74988e-08
    outer loop
      vertex 4.81763 -7.13292 45.2176
      vertex 5.90493 -6.68255 1.85
      vertex 5.59999 -6.80886 46
    endloop
  endfacet
  facet normal 0.382683 -0.92388 0
    outer loop
      vertex 5.59999 -6.80886 46
      vertex 5.90493 -6.68255 1.85
      vertex 5.90493 -6.68255 62
    endloop
  endfacet
  facet normal 0.852641 -0.522498 0
    outer loop
      vertex 8.56763 -4.40839 62
      vertex 9.18255 -3.40493 1.85
      vertex 9.18255 -3.40493 62
    endloop
  endfacet
  facet normal 0.852641 -0.522498 0
    outer loop
      vertex 9.18255 -3.40493 1.85
      vertex 8.56763 -4.40839 62
      vertex 8.56763 -4.40839 1.85
    endloop
  endfacet
  facet normal -0.996917 -0.0784582 0
    outer loop
      vertex 8.15 0 0
      vertex 8.08044 0.883854 62
      vertex 8.08044 0.883854 0
    endloop
  endfacet
  facet normal -0.996917 -0.0784582 0
    outer loop
      vertex 8.08044 0.883854 62
      vertex 8.15 0 0
      vertex 8.15 0 62
    endloop
  endfacet
  facet normal -0.0784577 -0.996917 -2.77254e-07
    outer loop
      vertex 3.09999 5.60278 61.5
      vertex 3.38385 5.58044 62
      vertex 2.59999 5.64213 62
    endloop
  endfacet
  facet normal -0.0784582 -0.996917 0
    outer loop
      vertex 3.09999 5.60278 61.5
      vertex 3.38385 5.58044 60.2161
      vertex 3.38385 5.58044 62
    endloop
  endfacet
  facet normal -0.0784575 -0.996917 1.38623e-07
    outer loop
      vertex 3.38385 5.58044 60.2161
      vertex 3.09999 5.60278 61.5
      vertex 2.59999 5.64213 61
    endloop
  endfacet
  facet normal -0.0784652 -0.996917 -0
    outer loop
      vertex 2.5 5.65 43
      vertex 2.5 5.65 4.95999
      vertex 2.59999 5.64213 43
    endloop
  endfacet
  facet normal -0.0784652 -0.996917 0
    outer loop
      vertex 2.59999 5.64213 4.95999
      vertex 2.59999 5.64213 43
      vertex 2.5 5.65 4.95999
    endloop
  endfacet
  facet normal -0.0784577 -0.996917 -0
    outer loop
      vertex 2.59999 5.64213 43
      vertex 2.59999 5.64213 4.95999
      vertex 3.38385 5.58044 43.7839
    endloop
  endfacet
  facet normal -0.0784577 -0.996917 -0
    outer loop
      vertex 3.38385 5.58044 43.7839
      vertex 2.59999 5.64213 4.95999
      vertex 3.38385 5.58044 4.17614
    endloop
  endfacet
  facet normal -0.0784577 -0.996917 0
    outer loop
      vertex 3.38385 5.58044 48.2161
      vertex 3.38385 5.58044 49.7839
      vertex 2.59999 5.64213 49
    endloop
  endfacet
  facet normal -0.0784577 -0.996917 0
    outer loop
      vertex 3.38385 5.58044 54.2161
      vertex 3.38385 5.58044 55.7839
      vertex 2.59999 5.64213 55
    endloop
  endfacet
  facet normal -0.649457 -0.760399 0
    outer loop
      vertex 5.82099 4.57095 0
      vertex 6.49515 3.99515 62
      vertex 5.82099 4.57095 62
    endloop
  endfacet
  facet normal -0.649457 -0.760399 -0
    outer loop
      vertex 6.49515 3.99515 62
      vertex 5.82099 4.57095 0
      vertex 6.49515 3.99515 0
    endloop
  endfacet
  facet normal -0.760399 0.649457 0
    outer loop
      vertex 6.49515 -3.99515 0
      vertex 7.07095 -3.32099 62
      vertex 7.07095 -3.32099 0
    endloop
  endfacet
  facet normal -0.760399 0.649457 0
    outer loop
      vertex 7.07095 -3.32099 62
      vertex 6.49515 -3.99515 0
      vertex 6.49515 -3.99515 62
    endloop
  endfacet
  facet normal -0.92388 -0.382681 0
    outer loop
      vertex 7.87347 1.74595 0
      vertex 7.53419 2.56505 62
      vertex 7.53419 2.56505 0
    endloop
  endfacet
  facet normal -0.92388 -0.382681 0
    outer loop
      vertex 7.53419 2.56505 62
      vertex 7.87347 1.74595 0
      vertex 7.87347 1.74595 62
    endloop
  endfacet
  facet normal -0.97237 -0.233444 0
    outer loop
      vertex 8.08044 0.883854 0
      vertex 7.87347 1.74595 62
      vertex 7.87347 1.74595 0
    endloop
  endfacet
  facet normal -0.97237 -0.233444 0
    outer loop
      vertex 7.87347 1.74595 62
      vertex 8.08044 0.883854 0
      vertex 8.08044 0.883854 62
    endloop
  endfacet
  facet normal -0.85264 -0.522498 0
    outer loop
      vertex 7.53419 2.56505 0
      vertex 7.07095 3.32099 62
      vertex 7.07095 3.32099 0
    endloop
  endfacet
  facet normal -0.85264 -0.522498 0
    outer loop
      vertex 7.07095 3.32099 62
      vertex 7.53419 2.56505 0
      vertex 7.53419 2.56505 62
    endloop
  endfacet
  facet normal -0.382681 -0.92388 0
    outer loop
      vertex 5.06505 5.03419 0
      vertex 4.24595 5.37347 44.646
      vertex 4.24595 5.37347 0
    endloop
  endfacet
  facet normal -0.382681 -0.92388 0
    outer loop
      vertex 4.24595 5.37347 44.646
      vertex 5.06505 5.03419 0
      vertex 5.06505 5.03419 45.4651
    endloop
  endfacet
  facet normal -0.382681 -0.92388 0
    outer loop
      vertex 4.24595 5.37347 59.354
      vertex 5.06505 5.03419 62
      vertex 4.24595 5.37347 62
    endloop
  endfacet
  facet normal -0.382681 -0.92388 -0
    outer loop
      vertex 5.06505 5.03419 62
      vertex 4.24595 5.37347 59.354
      vertex 5.06505 5.03419 58.5349
    endloop
  endfacet
  facet normal -0.382681 -0.92388 0
    outer loop
      vertex 4.24595 5.37347 47.354
      vertex 5.06505 5.03419 51.4651
      vertex 4.24595 5.37347 50.646
    endloop
  endfacet
  facet normal -0.382681 -0.92388 -0
    outer loop
      vertex 5.06505 5.03419 51.4651
      vertex 4.24595 5.37347 47.354
      vertex 5.06505 5.03419 46.5349
    endloop
  endfacet
  facet normal -0.382681 -0.92388 0
    outer loop
      vertex 4.24595 5.37347 53.354
      vertex 5.06505 5.03419 57.4651
      vertex 4.24595 5.37347 56.646
    endloop
  endfacet
  facet normal -0.382681 -0.92388 -0
    outer loop
      vertex 5.06505 5.03419 57.4651
      vertex 4.24595 5.37347 53.354
      vertex 5.06505 5.03419 52.5349
    endloop
  endfacet
  facet normal -0.233443 -0.97237 0
    outer loop
      vertex 3.38385 5.58044 4.17614
      vertex 4.24595 5.37347 44.646
      vertex 3.38385 5.58044 43.7839
    endloop
  endfacet
  facet normal -0.233449 -0.972369 1.30526e-07
    outer loop
      vertex 4.155 5.3953 3.405
      vertex 4.24595 5.37347 44.646
      vertex 3.38385 5.58044 4.17614
    endloop
  endfacet
  facet normal -0.233439 -0.972372 0
    outer loop
      vertex 4.24595 5.37347 0
      vertex 3.92717 5.45 3.17717
      vertex 3.92717 5.45 0
    endloop
  endfacet
  facet normal -0.233393 -0.972382 0
    outer loop
      vertex 4.155 5.3953 3.405
      vertex 4.24595 5.37347 0
      vertex 4.24595 5.37347 44.646
    endloop
  endfacet
  facet normal -0.233455 -0.972368 -1.75323e-06
    outer loop
      vertex 3.92717 5.45 3.17717
      vertex 4.24595 5.37347 0
      vertex 4.155 5.3953 3.405
    endloop
  endfacet
  facet normal -0.233443 -0.97237 0
    outer loop
      vertex 3.38385 5.58044 60.2161
      vertex 4.24595 5.37347 62
      vertex 3.38385 5.58044 62
    endloop
  endfacet
  facet normal -0.233443 -0.97237 -0
    outer loop
      vertex 4.24595 5.37347 62
      vertex 3.38385 5.58044 60.2161
      vertex 4.24595 5.37347 59.354
    endloop
  endfacet
  facet normal -0.233443 -0.97237 0
    outer loop
      vertex 3.38385 5.58044 48.2161
      vertex 4.24595 5.37347 50.646
      vertex 3.38385 5.58044 49.7839
    endloop
  endfacet
  facet normal -0.233443 -0.97237 -0
    outer loop
      vertex 4.24595 5.37347 50.646
      vertex 3.38385 5.58044 48.2161
      vertex 4.24595 5.37347 47.354
    endloop
  endfacet
  facet normal -0.233443 -0.97237 0
    outer loop
      vertex 3.38385 5.58044 54.2161
      vertex 4.24595 5.37347 56.646
      vertex 3.38385 5.58044 55.7839
    endloop
  endfacet
  facet normal -0.233443 -0.97237 -0
    outer loop
      vertex 4.24595 5.37347 56.646
      vertex 3.38385 5.58044 54.2161
      vertex 4.24595 5.37347 53.354
    endloop
  endfacet
  facet normal -0.522498 -0.85264 0
    outer loop
      vertex 5.06505 5.03419 58.5349
      vertex 5.82099 4.57095 62
      vertex 5.06505 5.03419 62
    endloop
  endfacet
  facet normal -0.522506 -0.852635 2.5093e-06
    outer loop
      vertex 5.59999 4.70637 58
      vertex 5.82099 4.57095 62
      vertex 5.06505 5.03419 58.5349
    endloop
  endfacet
  facet normal -0.522508 -0.852634 0
    outer loop
      vertex 5.06505 5.03419 52.5349
      vertex 5.59999 4.70637 58
      vertex 5.06505 5.03419 57.4651
    endloop
  endfacet
  facet normal -0.522508 -0.852634 0
    outer loop
      vertex 5.59999 4.70637 52
      vertex 5.59999 4.70637 58
      vertex 5.06505 5.03419 52.5349
    endloop
  endfacet
  facet normal -0.522473 -0.852656 0
    outer loop
      vertex 5.59999 4.70637 52
      vertex 5.82099 4.57095 62
      vertex 5.59999 4.70637 58
    endloop
  endfacet
  facet normal -0.522508 -0.852634 0
    outer loop
      vertex 5.06505 5.03419 46.5349
      vertex 5.59999 4.70637 52
      vertex 5.06505 5.03419 51.4651
    endloop
  endfacet
  facet normal -0.522508 -0.852634 0
    outer loop
      vertex 5.59999 4.70637 46
      vertex 5.59999 4.70637 52
      vertex 5.06505 5.03419 46.5349
    endloop
  endfacet
  facet normal -0.522473 -0.852656 0
    outer loop
      vertex 5.59999 4.70637 46
      vertex 5.82099 4.57095 62
      vertex 5.59999 4.70637 52
    endloop
  endfacet
  facet normal -0.522498 -0.85264 0
    outer loop
      vertex 5.82099 4.57095 0
      vertex 5.06505 5.03419 45.4651
      vertex 5.06505 5.03419 0
    endloop
  endfacet
  facet normal -0.522508 -0.852634 -2.29154e-07
    outer loop
      vertex 5.06505 5.03419 45.4651
      vertex 5.82099 4.57095 0
      vertex 5.59999 4.70637 46
    endloop
  endfacet
  facet normal -0.522473 -0.852656 0
    outer loop
      vertex 5.59999 4.70637 46
      vertex 5.82099 4.57095 0
      vertex 5.82099 4.57095 62
    endloop
  endfacet
  facet normal -0.996917 0.0784582 0
    outer loop
      vertex 8.08044 -0.883854 0
      vertex 8.15 0 62
      vertex 8.15 0 0
    endloop
  endfacet
  facet normal -0.996917 0.0784582 0
    outer loop
      vertex 8.15 0 62
      vertex 8.08044 -0.883854 0
      vertex 8.08044 -0.883854 62
    endloop
  endfacet
  facet normal -0.382681 0.92388 0
    outer loop
      vertex 5.06505 -5.03419 0
      vertex 4.24595 -5.37347 44.646
      vertex 5.06505 -5.03419 45.4651
    endloop
  endfacet
  facet normal -0.382681 0.92388 0
    outer loop
      vertex 4.24595 -5.37347 44.646
      vertex 5.06505 -5.03419 0
      vertex 4.24595 -5.37347 0
    endloop
  endfacet
  facet normal -0.382681 0.92388 0
    outer loop
      vertex 5.06505 -5.03419 62
      vertex 4.24595 -5.37347 59.354
      vertex 4.24595 -5.37347 62
    endloop
  endfacet
  facet normal -0.382681 0.92388 0
    outer loop
      vertex 4.24595 -5.37347 59.354
      vertex 5.06505 -5.03419 62
      vertex 5.06505 -5.03419 58.5349
    endloop
  endfacet
  facet normal -0.382681 0.92388 0
    outer loop
      vertex 5.06505 -5.03419 51.4651
      vertex 4.24595 -5.37347 47.354
      vertex 4.24595 -5.37347 50.646
    endloop
  endfacet
  facet normal -0.382681 0.92388 0
    outer loop
      vertex 4.24595 -5.37347 47.354
      vertex 5.06505 -5.03419 51.4651
      vertex 5.06505 -5.03419 46.5349
    endloop
  endfacet
  facet normal -0.382681 0.92388 0
    outer loop
      vertex 5.06505 -5.03419 57.4651
      vertex 4.24595 -5.37347 53.354
      vertex 4.24595 -5.37347 56.646
    endloop
  endfacet
  facet normal -0.382681 0.92388 0
    outer loop
      vertex 4.24595 -5.37347 53.354
      vertex 5.06505 -5.03419 57.4651
      vertex 5.06505 -5.03419 52.5349
    endloop
  endfacet
  facet normal -0.0784577 0.996917 0
    outer loop
      vertex 3.38385 -5.58044 0
      vertex 2.59999 -5.64213 1.84999
      vertex 3.38385 -5.58044 2.63385
    endloop
  endfacet
  facet normal -0.0784585 0.996917 -3.62828e-07
    outer loop
      vertex 2.5 -5.65 0
      vertex 2.59999 -5.64213 1.84999
      vertex 3.38385 -5.58044 0
    endloop
  endfacet
  facet normal -0.0784652 0.996917 0
    outer loop
      vertex 2.59999 -5.64213 1.84999
      vertex 2.5 -5.65 0
      vertex 2.5 -5.65 1.84999
    endloop
  endfacet
  facet normal -0.0784577 0.996917 -2.77254e-07
    outer loop
      vertex 3.38385 -5.58044 62
      vertex 3.09999 -5.60278 61.5
      vertex 2.59999 -5.64213 62
    endloop
  endfacet
  facet normal -0.0784575 0.996917 1.38623e-07
    outer loop
      vertex 3.09999 -5.60278 61.5
      vertex 3.38385 -5.58044 60.2161
      vertex 2.59999 -5.64213 61
    endloop
  endfacet
  facet normal -0.0784582 0.996917 0
    outer loop
      vertex 3.38385 -5.58044 60.2161
      vertex 3.09999 -5.60278 61.5
      vertex 3.38385 -5.58044 62
    endloop
  endfacet
  facet normal -0.0784652 0.996917 0
    outer loop
      vertex 2.59999 -5.64213 43
      vertex 2.59999 -5.64213 4.95999
      vertex 2.5 -5.65 43
    endloop
  endfacet
  facet normal -0.0784577 0.996917 0
    outer loop
      vertex 3.38385 -5.58044 43.7839
      vertex 2.59999 -5.64213 4.95999
      vertex 2.59999 -5.64213 43
    endloop
  endfacet
  facet normal -0.0784577 0.996917 0
    outer loop
      vertex 2.59999 -5.64213 4.95999
      vertex 3.38385 -5.58044 43.7839
      vertex 3.38385 -5.58044 4.17614
    endloop
  endfacet
  facet normal -0.0784652 0.996917 0
    outer loop
      vertex 2.5 -5.65 43
      vertex 2.59999 -5.64213 4.95999
      vertex 2.5 -5.65 4.95999
    endloop
  endfacet
  facet normal -0.0784577 0.996917 0
    outer loop
      vertex 3.38385 -5.58044 49.7839
      vertex 3.38385 -5.58044 48.2161
      vertex 2.59999 -5.64213 49
    endloop
  endfacet
  facet normal -0.0784577 0.996917 0
    outer loop
      vertex 3.38385 -5.58044 55.7839
      vertex 3.38385 -5.58044 54.2161
      vertex 2.59999 -5.64213 55
    endloop
  endfacet
  facet normal -0.522498 0.85264 0
    outer loop
      vertex 5.82099 -4.57095 62
      vertex 5.06505 -5.03419 58.5349
      vertex 5.06505 -5.03419 62
    endloop
  endfacet
  facet normal -0.522506 0.852635 2.5093e-06
    outer loop
      vertex 5.82099 -4.57095 62
      vertex 5.59999 -4.70637 58
      vertex 5.06505 -5.03419 58.5349
    endloop
  endfacet
  facet normal -0.522508 0.852634 0
    outer loop
      vertex 5.59999 -4.70637 58
      vertex 5.06505 -5.03419 52.5349
      vertex 5.06505 -5.03419 57.4651
    endloop
  endfacet
  facet normal -0.522508 0.852634 0
    outer loop
      vertex 5.59999 -4.70637 58
      vertex 5.59999 -4.70637 52
      vertex 5.06505 -5.03419 52.5349
    endloop
  endfacet
  facet normal -0.522473 0.852656 0
    outer loop
      vertex 5.82099 -4.57095 62
      vertex 5.59999 -4.70637 52
      vertex 5.59999 -4.70637 58
    endloop
  endfacet
  facet normal -0.522508 0.852634 0
    outer loop
      vertex 5.59999 -4.70637 52
      vertex 5.06505 -5.03419 46.5349
      vertex 5.06505 -5.03419 51.4651
    endloop
  endfacet
  facet normal -0.522508 0.852634 0
    outer loop
      vertex 5.59999 -4.70637 52
      vertex 5.59999 -4.70637 46
      vertex 5.06505 -5.03419 46.5349
    endloop
  endfacet
  facet normal -0.522473 0.852656 0
    outer loop
      vertex 5.82099 -4.57095 62
      vertex 5.59999 -4.70637 46
      vertex 5.59999 -4.70637 52
    endloop
  endfacet
  facet normal -0.522473 0.852656 0
    outer loop
      vertex 5.82099 -4.57095 0
      vertex 5.59999 -4.70637 46
      vertex 5.82099 -4.57095 62
    endloop
  endfacet
  facet normal -0.522508 0.852634 -2.29154e-07
    outer loop
      vertex 5.82099 -4.57095 0
      vertex 5.06505 -5.03419 45.4651
      vertex 5.59999 -4.70637 46
    endloop
  endfacet
  facet normal -0.522498 0.85264 0
    outer loop
      vertex 5.06505 -5.03419 45.4651
      vertex 5.82099 -4.57095 0
      vertex 5.06505 -5.03419 0
    endloop
  endfacet
  facet normal -0.760399 -0.649457 0
    outer loop
      vertex 7.07095 3.32099 0
      vertex 6.49515 3.99515 62
      vertex 6.49515 3.99515 0
    endloop
  endfacet
  facet normal -0.760399 -0.649457 0
    outer loop
      vertex 6.49515 3.99515 62
      vertex 7.07095 3.32099 0
      vertex 7.07095 3.32099 62
    endloop
  endfacet
  facet normal -0.233443 0.97237 0
    outer loop
      vertex 4.24595 -5.37347 44.646
      vertex 3.38385 -5.58044 4.17614
      vertex 3.38385 -5.58044 43.7839
    endloop
  endfacet
  facet normal -0.233449 0.972369 1.30526e-07
    outer loop
      vertex 4.24595 -5.37347 44.646
      vertex 4.155 -5.3953 3.405
      vertex 3.38385 -5.58044 4.17614
    endloop
  endfacet
  facet normal -0.233393 0.972382 0
    outer loop
      vertex 4.24595 -5.37347 0
      vertex 4.155 -5.3953 3.405
      vertex 4.24595 -5.37347 44.646
    endloop
  endfacet
  facet normal -0.233448 0.972369 -1.54319e-06
    outer loop
      vertex 4.24595 -5.37347 0
      vertex 3.38385 -5.58044 2.63385
      vertex 4.155 -5.3953 3.405
    endloop
  endfacet
  facet normal -0.233443 0.97237 0
    outer loop
      vertex 3.38385 -5.58044 2.63385
      vertex 4.24595 -5.37347 0
      vertex 3.38385 -5.58044 0
    endloop
  endfacet
  facet normal -0.233443 0.97237 0
    outer loop
      vertex 4.24595 -5.37347 62
      vertex 3.38385 -5.58044 60.2161
      vertex 3.38385 -5.58044 62
    endloop
  endfacet
  facet normal -0.233443 0.97237 0
    outer loop
      vertex 3.38385 -5.58044 60.2161
      vertex 4.24595 -5.37347 62
      vertex 4.24595 -5.37347 59.354
    endloop
  endfacet
  facet normal -0.233443 0.97237 0
    outer loop
      vertex 4.24595 -5.37347 50.646
      vertex 3.38385 -5.58044 48.2161
      vertex 3.38385 -5.58044 49.7839
    endloop
  endfacet
  facet normal -0.233443 0.97237 0
    outer loop
      vertex 3.38385 -5.58044 48.2161
      vertex 4.24595 -5.37347 50.646
      vertex 4.24595 -5.37347 47.354
    endloop
  endfacet
  facet normal -0.233443 0.97237 0
    outer loop
      vertex 4.24595 -5.37347 56.646
      vertex 3.38385 -5.58044 54.2161
      vertex 3.38385 -5.58044 55.7839
    endloop
  endfacet
  facet normal -0.233443 0.97237 0
    outer loop
      vertex 3.38385 -5.58044 54.2161
      vertex 4.24595 -5.37347 56.646
      vertex 4.24595 -5.37347 53.354
    endloop
  endfacet
  facet normal -0.649457 0.760399 0
    outer loop
      vertex 6.49515 -3.99515 0
      vertex 5.82099 -4.57095 62
      vertex 6.49515 -3.99515 62
    endloop
  endfacet
  facet normal -0.649457 0.760399 0
    outer loop
      vertex 5.82099 -4.57095 62
      vertex 6.49515 -3.99515 0
      vertex 5.82099 -4.57095 0
    endloop
  endfacet
  facet normal -0.85264 0.522498 0
    outer loop
      vertex 7.07095 -3.32099 0
      vertex 7.53419 -2.56505 62
      vertex 7.53419 -2.56505 0
    endloop
  endfacet
  facet normal -0.85264 0.522498 0
    outer loop
      vertex 7.53419 -2.56505 62
      vertex 7.07095 -3.32099 0
      vertex 7.07095 -3.32099 62
    endloop
  endfacet
  facet normal -0.92388 0.382681 0
    outer loop
      vertex 7.53419 -2.56505 0
      vertex 7.87347 -1.74595 62
      vertex 7.87347 -1.74595 0
    endloop
  endfacet
  facet normal -0.92388 0.382681 0
    outer loop
      vertex 7.87347 -1.74595 62
      vertex 7.53419 -2.56505 0
      vertex 7.53419 -2.56505 62
    endloop
  endfacet
  facet normal -0.97237 0.233444 0
    outer loop
      vertex 7.87347 -1.74595 0
      vertex 8.08044 -0.883854 62
      vertex 8.08044 -0.883854 0
    endloop
  endfacet
  facet normal -0.97237 0.233444 0
    outer loop
      vertex 8.08044 -0.883854 62
      vertex 7.87347 -1.74595 0
      vertex 7.87347 -1.74595 62
    endloop
  endfacet
  facet normal -1 0 0
    outer loop
      vertex 12.5 48.15 14.96
      vertex 12.5 50 32.96
      vertex 12.5 50 14.96
    endloop
  endfacet
  facet normal -1 -0 0
    outer loop
      vertex 12.5 50 32.96
      vertex 12.5 48.15 14.96
      vertex 12.5 48.15 32.96
    endloop
  endfacet
  facet normal -0.996918 0 -0.0784508
    outer loop
      vertex 12.5 48.15 32.96
      vertex 12.3769 50 34.5243
      vertex 12.5 50 32.96
    endloop
  endfacet
  facet normal -0.996918 -0 -0.0784508
    outer loop
      vertex 12.3769 50 34.5243
      vertex 12.5 48.15 32.96
      vertex 12.3769 48.15 34.5243
    endloop
  endfacet
  facet normal -0.23344 0 0.972371
    outer loop
      vertex 4.06434 50 5.08312
      vertex 5.59017 48.15 5.44943
      vertex 5.59017 50 5.44943
    endloop
  endfacet
  facet normal -0.23344 0 0.972371
    outer loop
      vertex 5.59017 48.15 5.44943
      vertex 4.06434 50 5.08312
      vertex 4.06434 48.15 5.08312
    endloop
  endfacet
  facet normal -0.760398 0 0.649457
    outer loop
      vertex 9.57107 48.15 7.88893
      vertex 10.5902 50 9.08215
      vertex 9.57107 50 7.88893
    endloop
  endfacet
  facet normal -0.760398 0 0.649457
    outer loop
      vertex 10.5902 50 9.08215
      vertex 9.57107 48.15 7.88893
      vertex 10.5902 48.15 9.08215
    endloop
  endfacet
  facet normal -0.972375 0 -0.233424
    outer loop
      vertex 12.3769 48.15 34.5243
      vertex 12.0106 50 36.0502
      vertex 12.3769 50 34.5243
    endloop
  endfacet
  facet normal -0.972375 -0 -0.233424
    outer loop
      vertex 12.0106 50 36.0502
      vertex 12.3769 48.15 34.5243
      vertex 12.0106 48.15 36.0502
    endloop
  endfacet
  facet normal -0.649446 0 -0.760408
    outer loop
      vertex 8.37785 48.15 41.0502
      vertex 9.57107 50 40.0311
      vertex 9.57107 48.15 40.0311
    endloop
  endfacet
  facet normal -0.649446 0 -0.760408
    outer loop
      vertex 9.57107 50 40.0311
      vertex 8.37785 48.15 41.0502
      vertex 8.37785 50 41.0502
    endloop
  endfacet
  facet normal -0.0784615 0 0.996917
    outer loop
      vertex 2.5 50 4.96
      vertex 4.06434 48.15 5.08312
      vertex 4.06434 50 5.08312
    endloop
  endfacet
  facet normal -0.0784615 0 0.996917
    outer loop
      vertex 4.06434 48.15 5.08312
      vertex 2.5 50 4.96
      vertex 2.5 48.15 4.96
    endloop
  endfacet
  facet normal -0.649446 0 0.760408
    outer loop
      vertex 8.37785 50 6.86983
      vertex 9.57107 48.15 7.88893
      vertex 9.57107 50 7.88893
    endloop
  endfacet
  facet normal -0.649446 0 0.760408
    outer loop
      vertex 9.57107 48.15 7.88893
      vertex 8.37785 50 6.86983
      vertex 8.37785 48.15 6.86983
    endloop
  endfacet
  facet normal -0.382685 0 0.923879
    outer loop
      vertex 5.59017 50 5.44943
      vertex 7.0399 48.15 6.04993
      vertex 7.0399 50 6.04993
    endloop
  endfacet
  facet normal -0.382685 0 0.923879
    outer loop
      vertex 7.0399 48.15 6.04993
      vertex 5.59017 50 5.44943
      vertex 5.59017 48.15 5.44943
    endloop
  endfacet
  facet normal -0.972375 0 0.233424
    outer loop
      vertex 12.0106 48.15 11.8698
      vertex 12.3769 50 13.3957
      vertex 12.0106 50 11.8698
    endloop
  endfacet
  facet normal -0.972375 0 0.233424
    outer loop
      vertex 12.3769 50 13.3957
      vertex 12.0106 48.15 11.8698
      vertex 12.3769 48.15 13.3957
    endloop
  endfacet
  facet normal -0.852648 0 -0.522486
    outer loop
      vertex 11.4101 48.15 37.4999
      vertex 10.5902 50 38.8379
      vertex 11.4101 50 37.4999
    endloop
  endfacet
  facet normal -0.852648 -0 -0.522486
    outer loop
      vertex 10.5902 50 38.8379
      vertex 11.4101 48.15 37.4999
      vertex 10.5902 48.15 38.8379
    endloop
  endfacet
  facet normal -0.5225 0 0.852639
    outer loop
      vertex 7.0399 50 6.04993
      vertex 8.37785 48.15 6.86983
      vertex 8.37785 50 6.86983
    endloop
  endfacet
  facet normal -0.5225 0 0.852639
    outer loop
      vertex 8.37785 48.15 6.86983
      vertex 7.0399 50 6.04993
      vertex 7.0399 48.15 6.04993
    endloop
  endfacet
  facet normal -0.996918 0 0.0784508
    outer loop
      vertex 12.3769 48.15 13.3957
      vertex 12.5 50 14.96
      vertex 12.3769 50 13.3957
    endloop
  endfacet
  facet normal -0.996918 0 0.0784508
    outer loop
      vertex 12.5 50 14.96
      vertex 12.3769 48.15 13.3957
      vertex 12.5 48.15 14.96
    endloop
  endfacet
  facet normal -0.852639 0 0.5225
    outer loop
      vertex 10.5902 48.15 9.08215
      vertex 11.4101 50 10.4201
      vertex 10.5902 50 9.08215
    endloop
  endfacet
  facet normal -0.852639 0 0.5225
    outer loop
      vertex 11.4101 50 10.4201
      vertex 10.5902 48.15 9.08215
      vertex 11.4101 48.15 10.4201
    endloop
  endfacet
  facet normal -0.923876 0 0.382691
    outer loop
      vertex 11.4101 48.15 10.4201
      vertex 12.0106 50 11.8698
      vertex 11.4101 50 10.4201
    endloop
  endfacet
  facet normal -0.923876 0 0.382691
    outer loop
      vertex 12.0106 50 11.8698
      vertex 11.4101 48.15 10.4201
      vertex 12.0106 48.15 11.8698
    endloop
  endfacet
  facet normal -0.382685 0 -0.923879
    outer loop
      vertex 5.59017 48.15 42.4706
      vertex 7.0399 50 41.8701
      vertex 7.0399 48.15 41.8701
    endloop
  endfacet
  facet normal -0.382685 0 -0.923879
    outer loop
      vertex 7.0399 50 41.8701
      vertex 5.59017 48.15 42.4706
      vertex 5.59017 50 42.4706
    endloop
  endfacet
  facet normal -0.5225 0 -0.852639
    outer loop
      vertex 7.0399 48.15 41.8701
      vertex 8.37785 50 41.0502
      vertex 8.37785 48.15 41.0502
    endloop
  endfacet
  facet normal -0.5225 0 -0.852639
    outer loop
      vertex 8.37785 50 41.0502
      vertex 7.0399 48.15 41.8701
      vertex 7.0399 50 41.8701
    endloop
  endfacet
  facet normal -0.0784488 0 -0.996918
    outer loop
      vertex 2.5 48.15 42.96
      vertex 4.06434 50 42.8369
      vertex 4.06434 48.15 42.8369
    endloop
  endfacet
  facet normal -0.0784488 0 -0.996918
    outer loop
      vertex 4.06434 50 42.8369
      vertex 2.5 48.15 42.96
      vertex 2.5 50 42.96
    endloop
  endfacet
  facet normal -0.923876 0 -0.382691
    outer loop
      vertex 12.0106 48.15 36.0502
      vertex 11.4101 50 37.4999
      vertex 12.0106 50 36.0502
    endloop
  endfacet
  facet normal -0.923876 -0 -0.382691
    outer loop
      vertex 11.4101 50 37.4999
      vertex 12.0106 48.15 36.0502
      vertex 11.4101 48.15 37.4999
    endloop
  endfacet
  facet normal -0.760393 0 -0.649463
    outer loop
      vertex 10.5902 48.15 38.8379
      vertex 9.57107 50 40.0311
      vertex 10.5902 50 38.8379
    endloop
  endfacet
  facet normal -0.760393 -0 -0.649463
    outer loop
      vertex 9.57107 50 40.0311
      vertex 10.5902 48.15 38.8379
      vertex 9.57107 48.15 40.0311
    endloop
  endfacet
  facet normal -0.233434 0 -0.972373
    outer loop
      vertex 4.06434 48.15 42.8369
      vertex 5.59017 50 42.4706
      vertex 5.59017 48.15 42.4706
    endloop
  endfacet
  facet normal -0.233434 0 -0.972373
    outer loop
      vertex 5.59017 50 42.4706
      vertex 4.06434 48.15 42.8369
      vertex 4.06434 50 42.8369
    endloop
  endfacet
  facet normal -0.972375 0 -0.233424
    outer loop
      vertex 12.3769 -50 34.5243
      vertex 12.0106 -48.15 36.0502
      vertex 12.3769 -48.15 34.5243
    endloop
  endfacet
  facet normal -0.972375 -0 -0.233424
    outer loop
      vertex 12.0106 -48.15 36.0502
      vertex 12.3769 -50 34.5243
      vertex 12.0106 -50 36.0502
    endloop
  endfacet
  facet normal -1 0 0
    outer loop
      vertex 12.5 -50 14.96
      vertex 12.5 -48.15 32.96
      vertex 12.5 -48.15 14.96
    endloop
  endfacet
  facet normal -1 -0 0
    outer loop
      vertex 12.5 -48.15 32.96
      vertex 12.5 -50 14.96
      vertex 12.5 -50 32.96
    endloop
  endfacet
  facet normal -0.996918 0 -0.0784508
    outer loop
      vertex 12.5 -50 32.96
      vertex 12.3769 -48.15 34.5243
      vertex 12.5 -48.15 32.96
    endloop
  endfacet
  facet normal -0.996918 -0 -0.0784508
    outer loop
      vertex 12.3769 -48.15 34.5243
      vertex 12.5 -50 32.96
      vertex 12.3769 -50 34.5243
    endloop
  endfacet
  facet normal -0.923876 0 -0.382691
    outer loop
      vertex 12.0106 -50 36.0502
      vertex 11.4101 -48.15 37.4999
      vertex 12.0106 -48.15 36.0502
    endloop
  endfacet
  facet normal -0.923876 -0 -0.382691
    outer loop
      vertex 11.4101 -48.15 37.4999
      vertex 12.0106 -50 36.0502
      vertex 11.4101 -50 37.4999
    endloop
  endfacet
  facet normal -0.382685 0 -0.923879
    outer loop
      vertex 5.59017 -50 42.4706
      vertex 7.0399 -48.15 41.8701
      vertex 7.0399 -50 41.8701
    endloop
  endfacet
  facet normal -0.382685 0 -0.923879
    outer loop
      vertex 7.0399 -48.15 41.8701
      vertex 5.59017 -50 42.4706
      vertex 5.59017 -48.15 42.4706
    endloop
  endfacet
  facet normal -0.996918 0 0.0784508
    outer loop
      vertex 12.3769 -50 13.3957
      vertex 12.5 -48.15 14.96
      vertex 12.3769 -48.15 13.3957
    endloop
  endfacet
  facet normal -0.996918 0 0.0784508
    outer loop
      vertex 12.5 -48.15 14.96
      vertex 12.3769 -50 13.3957
      vertex 12.5 -50 14.96
    endloop
  endfacet
  facet normal -0.0784615 0 0.996917
    outer loop
      vertex 2.5 -48.15 4.96
      vertex 4.06434 -50 5.08312
      vertex 4.06434 -48.15 5.08312
    endloop
  endfacet
  facet normal -0.0784615 0 0.996917
    outer loop
      vertex 4.06434 -50 5.08312
      vertex 2.5 -48.15 4.96
      vertex 2.5 -50 4.96
    endloop
  endfacet
  facet normal -0.760398 0 0.649457
    outer loop
      vertex 9.57107 -50 7.88893
      vertex 10.5902 -48.15 9.08215
      vertex 9.57107 -48.15 7.88893
    endloop
  endfacet
  facet normal -0.760398 0 0.649457
    outer loop
      vertex 10.5902 -48.15 9.08215
      vertex 9.57107 -50 7.88893
      vertex 10.5902 -50 9.08215
    endloop
  endfacet
  facet normal -0.972375 0 0.233424
    outer loop
      vertex 12.0106 -50 11.8698
      vertex 12.3769 -48.15 13.3957
      vertex 12.0106 -48.15 11.8698
    endloop
  endfacet
  facet normal -0.972375 0 0.233424
    outer loop
      vertex 12.3769 -48.15 13.3957
      vertex 12.0106 -50 11.8698
      vertex 12.3769 -50 13.3957
    endloop
  endfacet
  facet normal -0.5225 0 0.852639
    outer loop
      vertex 7.0399 -48.15 6.04993
      vertex 8.37785 -50 6.86983
      vertex 8.37785 -48.15 6.86983
    endloop
  endfacet
  facet normal -0.5225 0 0.852639
    outer loop
      vertex 8.37785 -50 6.86983
      vertex 7.0399 -48.15 6.04993
      vertex 7.0399 -50 6.04993
    endloop
  endfacet
  facet normal -0.649446 0 0.760408
    outer loop
      vertex 8.37785 -48.15 6.86983
      vertex 9.57107 -50 7.88893
      vertex 9.57107 -48.15 7.88893
    endloop
  endfacet
  facet normal -0.649446 0 0.760408
    outer loop
      vertex 9.57107 -50 7.88893
      vertex 8.37785 -48.15 6.86983
      vertex 8.37785 -50 6.86983
    endloop
  endfacet
  facet normal -0.23344 0 0.972371
    outer loop
      vertex 4.06434 -48.15 5.08312
      vertex 5.59017 -50 5.44943
      vertex 5.59017 -48.15 5.44943
    endloop
  endfacet
  facet normal -0.23344 0 0.972371
    outer loop
      vertex 5.59017 -50 5.44943
      vertex 4.06434 -48.15 5.08312
      vertex 4.06434 -50 5.08312
    endloop
  endfacet
  facet normal -0.852648 0 -0.522486
    outer loop
      vertex 11.4101 -50 37.4999
      vertex 10.5902 -48.15 38.8379
      vertex 11.4101 -48.15 37.4999
    endloop
  endfacet
  facet normal -0.852648 -0 -0.522486
    outer loop
      vertex 10.5902 -48.15 38.8379
      vertex 11.4101 -50 37.4999
      vertex 10.5902 -50 38.8379
    endloop
  endfacet
  facet normal -0.760393 0 -0.649463
    outer loop
      vertex 10.5902 -50 38.8379
      vertex 9.57107 -48.15 40.0311
      vertex 10.5902 -48.15 38.8379
    endloop
  endfacet
  facet normal -0.760393 -0 -0.649463
    outer loop
      vertex 9.57107 -48.15 40.0311
      vertex 10.5902 -50 38.8379
      vertex 9.57107 -50 40.0311
    endloop
  endfacet
  facet normal -0.649446 0 -0.760408
    outer loop
      vertex 8.37785 -50 41.0502
      vertex 9.57107 -48.15 40.0311
      vertex 9.57107 -50 40.0311
    endloop
  endfacet
  facet normal -0.649446 0 -0.760408
    outer loop
      vertex 9.57107 -48.15 40.0311
      vertex 8.37785 -50 41.0502
      vertex 8.37785 -48.15 41.0502
    endloop
  endfacet
  facet normal -0.0784488 0 -0.996918
    outer loop
      vertex 2.5 -50 42.96
      vertex 4.06434 -48.15 42.8369
      vertex 4.06434 -50 42.8369
    endloop
  endfacet
  facet normal -0.0784488 0 -0.996918
    outer loop
      vertex 4.06434 -48.15 42.8369
      vertex 2.5 -50 42.96
      vertex 2.5 -48.15 42.96
    endloop
  endfacet
  facet normal -0.923876 0 0.382691
    outer loop
      vertex 11.4101 -50 10.4201
      vertex 12.0106 -48.15 11.8698
      vertex 11.4101 -48.15 10.4201
    endloop
  endfacet
  facet normal -0.923876 0 0.382691
    outer loop
      vertex 12.0106 -48.15 11.8698
      vertex 11.4101 -50 10.4201
      vertex 12.0106 -50 11.8698
    endloop
  endfacet
  facet normal -0.852639 0 0.5225
    outer loop
      vertex 10.5902 -50 9.08215
      vertex 11.4101 -48.15 10.4201
      vertex 10.5902 -48.15 9.08215
    endloop
  endfacet
  facet normal -0.852639 0 0.5225
    outer loop
      vertex 11.4101 -48.15 10.4201
      vertex 10.5902 -50 9.08215
      vertex 11.4101 -50 10.4201
    endloop
  endfacet
  facet normal -0.382685 0 0.923879
    outer loop
      vertex 5.59017 -48.15 5.44943
      vertex 7.0399 -50 6.04993
      vertex 7.0399 -48.15 6.04993
    endloop
  endfacet
  facet normal -0.382685 0 0.923879
    outer loop
      vertex 7.0399 -50 6.04993
      vertex 5.59017 -48.15 5.44943
      vertex 5.59017 -50 5.44943
    endloop
  endfacet
  facet normal -0.5225 0 -0.852639
    outer loop
      vertex 7.0399 -50 41.8701
      vertex 8.37785 -48.15 41.0502
      vertex 8.37785 -50 41.0502
    endloop
  endfacet
  facet normal -0.5225 0 -0.852639
    outer loop
      vertex 8.37785 -48.15 41.0502
      vertex 7.0399 -50 41.8701
      vertex 7.0399 -48.15 41.8701
    endloop
  endfacet
  facet normal -0.233434 0 -0.972373
    outer loop
      vertex 4.06434 -50 42.8369
      vertex 5.59017 -48.15 42.4706
      vertex 5.59017 -50 42.4706
    endloop
  endfacet
  facet normal -0.233434 0 -0.972373
    outer loop
      vertex 5.59017 -48.15 42.4706
      vertex 4.06434 -50 42.8369
      vertex 4.06434 -48.15 42.8369
    endloop
  endfacet
  facet normal 0 -1 0
    outer loop
      vertex 133.15 10 14.96
      vertex 135 10 32.96
      vertex 133.15 10 32.96
    endloop
  endfacet
  facet normal 0 -1 -0
    outer loop
      vertex 135 10 32.96
      vertex 133.15 10 14.96
      vertex 135 10 14.96
    endloop
  endfacet
  facet normal 0 -0.852642 0.522495
    outer loop
      vertex 133.15 8.09017 9.08215
      vertex 135 8.91006 10.4201
      vertex 133.15 8.91006 10.4201
    endloop
  endfacet
  facet normal 0 -0.852642 0.522495
    outer loop
      vertex 135 8.91006 10.4201
      vertex 133.15 8.09017 9.08215
      vertex 135 8.09017 9.08215
    endloop
  endfacet
  facet normal 0 -0.649446 -0.760408
    outer loop
      vertex 133.15 5.87785 41.0502
      vertex 135 7.07107 40.0311
      vertex 135 5.87785 41.0502
    endloop
  endfacet
  facet normal -0 -0.649446 -0.760408
    outer loop
      vertex 135 7.07107 40.0311
      vertex 133.15 5.87785 41.0502
      vertex 133.15 7.07107 40.0311
    endloop
  endfacet
  facet normal 0 0.923876 -0.382691
    outer loop
      vertex 135 -9.51056 36.0502
      vertex 133.15 -8.91006 37.4999
      vertex 135 -8.91006 37.4999
    endloop
  endfacet
  facet normal 0 0.923876 -0.382691
    outer loop
      vertex 133.15 -8.91006 37.4999
      vertex 135 -9.51056 36.0502
      vertex 133.15 -9.51056 36.0502
    endloop
  endfacet
  facet normal 0 -0.233434 -0.972373
    outer loop
      vertex 133.15 1.56434 42.8369
      vertex 135 3.09017 42.4706
      vertex 135 1.56434 42.8369
    endloop
  endfacet
  facet normal -0 -0.233434 -0.972373
    outer loop
      vertex 135 3.09017 42.4706
      vertex 133.15 1.56434 42.8369
      vertex 133.15 3.09017 42.4706
    endloop
  endfacet
  facet normal 0 -0.5225 -0.852639
    outer loop
      vertex 133.15 4.5399 41.8701
      vertex 135 5.87785 41.0502
      vertex 135 4.5399 41.8701
    endloop
  endfacet
  facet normal -0 -0.5225 -0.852639
    outer loop
      vertex 135 5.87785 41.0502
      vertex 133.15 4.5399 41.8701
      vertex 133.15 5.87785 41.0502
    endloop
  endfacet
  facet normal 0 0.996917 0.0784635
    outer loop
      vertex 135 -9.87688 13.3957
      vertex 133.15 -10 14.96
      vertex 135 -10 14.96
    endloop
  endfacet
  facet normal 0 0.996917 0.0784635
    outer loop
      vertex 133.15 -10 14.96
      vertex 135 -9.87688 13.3957
      vertex 133.15 -9.87688 13.3957
    endloop
  endfacet
  facet normal 0 0.852642 0.522495
    outer loop
      vertex 135 -8.09017 9.08215
      vertex 133.15 -8.91006 10.4201
      vertex 135 -8.91006 10.4201
    endloop
  endfacet
  facet normal 0 0.852642 0.522495
    outer loop
      vertex 133.15 -8.91006 10.4201
      vertex 135 -8.09017 9.08215
      vertex 133.15 -8.09017 9.08215
    endloop
  endfacet
  facet normal 0 1 -0
    outer loop
      vertex 135 -10 14.96
      vertex 133.15 -10 32.96
      vertex 135 -10 32.96
    endloop
  endfacet
  facet normal 0 1 0
    outer loop
      vertex 133.15 -10 32.96
      vertex 135 -10 14.96
      vertex 133.15 -10 14.96
    endloop
  endfacet
  facet normal 0 0.972372 0.233436
    outer loop
      vertex 135 -9.51056 11.8698
      vertex 133.15 -9.87688 13.3957
      vertex 135 -9.87688 13.3957
    endloop
  endfacet
  facet normal 0 0.972372 0.233436
    outer loop
      vertex 133.15 -9.87688 13.3957
      vertex 135 -9.51056 11.8698
      vertex 133.15 -9.51056 11.8698
    endloop
  endfacet
  facet normal 0 -0.382685 -0.923879
    outer loop
      vertex 133.15 3.09017 42.4706
      vertex 135 4.5399 41.8701
      vertex 135 3.09017 42.4706
    endloop
  endfacet
  facet normal -0 -0.382685 -0.923879
    outer loop
      vertex 135 4.5399 41.8701
      vertex 133.15 3.09017 42.4706
      vertex 133.15 4.5399 41.8701
    endloop
  endfacet
  facet normal 0 -0.996917 0.0784635
    outer loop
      vertex 133.15 9.87688 13.3957
      vertex 135 10 14.96
      vertex 133.15 10 14.96
    endloop
  endfacet
  facet normal 0 -0.996917 0.0784635
    outer loop
      vertex 135 10 14.96
      vertex 133.15 9.87688 13.3957
      vertex 135 9.87688 13.3957
    endloop
  endfacet
  facet normal 0 -0.760403 -0.649452
    outer loop
      vertex 133.15 8.09017 38.8379
      vertex 135 7.07107 40.0311
      vertex 133.15 7.07107 40.0311
    endloop
  endfacet
  facet normal 0 -0.760403 -0.649452
    outer loop
      vertex 135 7.07107 40.0311
      vertex 133.15 8.09017 38.8379
      vertex 135 8.09017 38.8379
    endloop
  endfacet
  facet normal 0 -0.972372 -0.233436
    outer loop
      vertex 133.15 9.87688 34.5243
      vertex 135 9.51056 36.0502
      vertex 133.15 9.51056 36.0502
    endloop
  endfacet
  facet normal 0 -0.972372 -0.233436
    outer loop
      vertex 135 9.51056 36.0502
      vertex 133.15 9.87688 34.5243
      vertex 135 9.87688 34.5243
    endloop
  endfacet
  facet normal 0 -0.996917 -0.0784635
    outer loop
      vertex 133.15 10 32.96
      vertex 135 9.87688 34.5243
      vertex 133.15 9.87688 34.5243
    endloop
  endfacet
  facet normal 0 -0.996917 -0.0784635
    outer loop
      vertex 135 9.87688 34.5243
      vertex 133.15 10 32.96
      vertex 135 10 32.96
    endloop
  endfacet
  facet normal -0 0.382685 0.923879
    outer loop
      vertex 133.15 -3.09017 5.44943
      vertex 135 -4.5399 6.04993
      vertex 135 -3.09017 5.44943
    endloop
  endfacet
  facet normal 0 0.382685 0.923879
    outer loop
      vertex 135 -4.5399 6.04993
      vertex 133.15 -3.09017 5.44943
      vertex 133.15 -4.5399 6.04993
    endloop
  endfacet
  facet normal -0 0.0784615 0.996917
    outer loop
      vertex 133.15 0 4.96
      vertex 135 -1.56434 5.08312
      vertex 135 0 4.96
    endloop
  endfacet
  facet normal 0 0.0784615 0.996917
    outer loop
      vertex 135 -1.56434 5.08312
      vertex 133.15 0 4.96
      vertex 133.15 -1.56434 5.08312
    endloop
  endfacet
  facet normal 0 0.852651 -0.522481
    outer loop
      vertex 135 -8.91006 37.4999
      vertex 133.15 -8.09017 38.8379
      vertex 135 -8.09017 38.8379
    endloop
  endfacet
  facet normal 0 0.852651 -0.522481
    outer loop
      vertex 133.15 -8.09017 38.8379
      vertex 135 -8.91006 37.4999
      vertex 133.15 -8.91006 37.4999
    endloop
  endfacet
  facet normal 0 0.923876 0.382691
    outer loop
      vertex 135 -8.91006 10.4201
      vertex 133.15 -9.51056 11.8698
      vertex 135 -9.51056 11.8698
    endloop
  endfacet
  facet normal 0 0.923876 0.382691
    outer loop
      vertex 133.15 -9.51056 11.8698
      vertex 135 -8.91006 10.4201
      vertex 133.15 -8.91006 10.4201
    endloop
  endfacet
  facet normal 0 0.5225 -0.852639
    outer loop
      vertex 133.15 -5.87785 41.0502
      vertex 135 -4.5399 41.8701
      vertex 135 -5.87785 41.0502
    endloop
  endfacet
  facet normal 0 0.5225 -0.852639
    outer loop
      vertex 135 -4.5399 41.8701
      vertex 133.15 -5.87785 41.0502
      vertex 133.15 -4.5399 41.8701
    endloop
  endfacet
  facet normal -0 0.5225 0.852639
    outer loop
      vertex 133.15 -4.5399 6.04993
      vertex 135 -5.87785 6.86983
      vertex 135 -4.5399 6.04993
    endloop
  endfacet
  facet normal 0 0.5225 0.852639
    outer loop
      vertex 135 -5.87785 6.86983
      vertex 133.15 -4.5399 6.04993
      vertex 133.15 -5.87785 6.86983
    endloop
  endfacet
  facet normal -0 0.649446 0.760408
    outer loop
      vertex 133.15 -5.87785 6.86983
      vertex 135 -7.07107 7.88893
      vertex 135 -5.87785 6.86983
    endloop
  endfacet
  facet normal 0 0.649446 0.760408
    outer loop
      vertex 135 -7.07107 7.88893
      vertex 133.15 -5.87785 6.86983
      vertex 133.15 -7.07107 7.88893
    endloop
  endfacet
  facet normal 0 0.760408 0.649446
    outer loop
      vertex 135 -7.07107 7.88893
      vertex 133.15 -8.09017 9.08215
      vertex 135 -8.09017 9.08215
    endloop
  endfacet
  facet normal 0 0.760408 0.649446
    outer loop
      vertex 133.15 -8.09017 9.08215
      vertex 135 -7.07107 7.88893
      vertex 133.15 -7.07107 7.88893
    endloop
  endfacet
  facet normal 0 -0.923876 0.382691
    outer loop
      vertex 133.15 8.91006 10.4201
      vertex 135 9.51056 11.8698
      vertex 133.15 9.51056 11.8698
    endloop
  endfacet
  facet normal 0 -0.923876 0.382691
    outer loop
      vertex 135 9.51056 11.8698
      vertex 133.15 8.91006 10.4201
      vertex 135 8.91006 10.4201
    endloop
  endfacet
  facet normal 0 -0.5225 0.852639
    outer loop
      vertex 133.15 5.87785 6.86983
      vertex 135 4.5399 6.04993
      vertex 135 5.87785 6.86983
    endloop
  endfacet
  facet normal 0 -0.5225 0.852639
    outer loop
      vertex 135 4.5399 6.04993
      vertex 133.15 5.87785 6.86983
      vertex 133.15 4.5399 6.04993
    endloop
  endfacet
  facet normal 0 -0.760408 0.649446
    outer loop
      vertex 133.15 7.07107 7.88893
      vertex 135 8.09017 9.08215
      vertex 133.15 8.09017 9.08215
    endloop
  endfacet
  facet normal 0 -0.760408 0.649446
    outer loop
      vertex 135 8.09017 9.08215
      vertex 133.15 7.07107 7.88893
      vertex 135 7.07107 7.88893
    endloop
  endfacet
  facet normal -0 0.23344 0.972371
    outer loop
      vertex 133.15 -1.56434 5.08312
      vertex 135 -3.09017 5.44943
      vertex 135 -1.56434 5.08312
    endloop
  endfacet
  facet normal 0 0.23344 0.972371
    outer loop
      vertex 135 -3.09017 5.44943
      vertex 133.15 -1.56434 5.08312
      vertex 133.15 -3.09017 5.44943
    endloop
  endfacet
  facet normal 0 0.760403 -0.649452
    outer loop
      vertex 135 -8.09017 38.8379
      vertex 133.15 -7.07107 40.0311
      vertex 135 -7.07107 40.0311
    endloop
  endfacet
  facet normal 0 0.760403 -0.649452
    outer loop
      vertex 133.15 -7.07107 40.0311
      vertex 135 -8.09017 38.8379
      vertex 133.15 -8.09017 38.8379
    endloop
  endfacet
  facet normal 0 0.649446 -0.760408
    outer loop
      vertex 133.15 -7.07107 40.0311
      vertex 135 -5.87785 41.0502
      vertex 135 -7.07107 40.0311
    endloop
  endfacet
  facet normal 0 0.649446 -0.760408
    outer loop
      vertex 135 -5.87785 41.0502
      vertex 133.15 -7.07107 40.0311
      vertex 133.15 -5.87785 41.0502
    endloop
  endfacet
  facet normal 0 0.996917 -0.0784635
    outer loop
      vertex 135 -10 32.96
      vertex 133.15 -9.87688 34.5243
      vertex 135 -9.87688 34.5243
    endloop
  endfacet
  facet normal 0 0.996917 -0.0784635
    outer loop
      vertex 133.15 -9.87688 34.5243
      vertex 135 -10 32.96
      vertex 133.15 -10 32.96
    endloop
  endfacet
  facet normal 0 0.972372 -0.233436
    outer loop
      vertex 135 -9.87688 34.5243
      vertex 133.15 -9.51056 36.0502
      vertex 135 -9.51056 36.0502
    endloop
  endfacet
  facet normal 0 0.972372 -0.233436
    outer loop
      vertex 133.15 -9.51056 36.0502
      vertex 135 -9.87688 34.5243
      vertex 133.15 -9.87688 34.5243
    endloop
  endfacet
  facet normal 0 0.382685 -0.923879
    outer loop
      vertex 133.15 -4.5399 41.8701
      vertex 135 -3.09017 42.4706
      vertex 135 -4.5399 41.8701
    endloop
  endfacet
  facet normal 0 0.382685 -0.923879
    outer loop
      vertex 135 -3.09017 42.4706
      vertex 133.15 -4.5399 41.8701
      vertex 133.15 -3.09017 42.4706
    endloop
  endfacet
  facet normal 0 -0.0784488 -0.996918
    outer loop
      vertex 133.15 0 42.96
      vertex 135 1.56434 42.8369
      vertex 135 0 42.96
    endloop
  endfacet
  facet normal -0 -0.0784488 -0.996918
    outer loop
      vertex 135 1.56434 42.8369
      vertex 133.15 0 42.96
      vertex 133.15 1.56434 42.8369
    endloop
  endfacet
  facet normal 0 0.233434 -0.972373
    outer loop
      vertex 133.15 -3.09017 42.4706
      vertex 135 -1.56434 42.8369
      vertex 135 -3.09017 42.4706
    endloop
  endfacet
  facet normal 0 0.233434 -0.972373
    outer loop
      vertex 135 -1.56434 42.8369
      vertex 133.15 -3.09017 42.4706
      vertex 133.15 -1.56434 42.8369
    endloop
  endfacet
  facet normal 0 -0.972372 0.233436
    outer loop
      vertex 133.15 9.51056 11.8698
      vertex 135 9.87688 13.3957
      vertex 133.15 9.87688 13.3957
    endloop
  endfacet
  facet normal 0 -0.972372 0.233436
    outer loop
      vertex 135 9.87688 13.3957
      vertex 133.15 9.51056 11.8698
      vertex 135 9.51056 11.8698
    endloop
  endfacet
  facet normal 0 -0.649446 0.760408
    outer loop
      vertex 133.15 7.07107 7.88893
      vertex 135 5.87785 6.86983
      vertex 135 7.07107 7.88893
    endloop
  endfacet
  facet normal 0 -0.649446 0.760408
    outer loop
      vertex 135 5.87785 6.86983
      vertex 133.15 7.07107 7.88893
      vertex 133.15 5.87785 6.86983
    endloop
  endfacet
  facet normal 0 -0.382685 0.923879
    outer loop
      vertex 133.15 4.5399 6.04993
      vertex 135 3.09017 5.44943
      vertex 135 4.5399 6.04993
    endloop
  endfacet
  facet normal 0 -0.382685 0.923879
    outer loop
      vertex 135 3.09017 5.44943
      vertex 133.15 4.5399 6.04993
      vertex 133.15 3.09017 5.44943
    endloop
  endfacet
  facet normal 0 0.0784488 -0.996918
    outer loop
      vertex 133.15 -1.56434 42.8369
      vertex 135 0 42.96
      vertex 135 -1.56434 42.8369
    endloop
  endfacet
  facet normal 0 0.0784488 -0.996918
    outer loop
      vertex 135 0 42.96
      vertex 133.15 -1.56434 42.8369
      vertex 133.15 0 42.96
    endloop
  endfacet
  facet normal 0 -0.852651 -0.522481
    outer loop
      vertex 133.15 8.91006 37.4999
      vertex 135 8.09017 38.8379
      vertex 133.15 8.09017 38.8379
    endloop
  endfacet
  facet normal 0 -0.852651 -0.522481
    outer loop
      vertex 135 8.09017 38.8379
      vertex 133.15 8.91006 37.4999
      vertex 135 8.91006 37.4999
    endloop
  endfacet
  facet normal 0 -0.923876 -0.382691
    outer loop
      vertex 133.15 9.51056 36.0502
      vertex 135 8.91006 37.4999
      vertex 133.15 8.91006 37.4999
    endloop
  endfacet
  facet normal 0 -0.923876 -0.382691
    outer loop
      vertex 135 8.91006 37.4999
      vertex 133.15 9.51056 36.0502
      vertex 135 9.51056 36.0502
    endloop
  endfacet
  facet normal 0 -0.23344 0.972371
    outer loop
      vertex 133.15 3.09017 5.44943
      vertex 135 1.56434 5.08312
      vertex 135 3.09017 5.44943
    endloop
  endfacet
  facet normal 0 -0.23344 0.972371
    outer loop
      vertex 135 1.56434 5.08312
      vertex 133.15 3.09017 5.44943
      vertex 133.15 1.56434 5.08312
    endloop
  endfacet
  facet normal 0 -0.0784615 0.996917
    outer loop
      vertex 133.15 1.56434 5.08312
      vertex 135 0 4.96
      vertex 135 1.56434 5.08312
    endloop
  endfacet
  facet normal 0 -0.0784615 0.996917
    outer loop
      vertex 135 0 4.96
      vertex 133.15 1.56434 5.08312
      vertex 133.15 0 4.96
    endloop
  endfacet
  facet normal 0 0 -1
    outer loop
      vertex 3.97 -48.35 3.22
      vertex 6.9 -48.15 3.22
      vertex 6.9 -48.35 3.22
    endloop
  endfacet
  facet normal -0 0 -1
    outer loop
      vertex 6.9 -48.15 3.22
      vertex 3.97 -48.35 3.22
      vertex 3.97 -48.15 3.22
    endloop
  endfacet
  facet normal -1 0 0
    outer loop
      vertex 6.9 -37.95 0
      vertex 6.9 -48.15 1.85
      vertex 6.9 -37.95 1.85
    endloop
  endfacet
  facet normal -1 0 0
    outer loop
      vertex 6.9 -48.35 0
      vertex 6.9 -48.15 1.85
      vertex 6.9 -37.95 0
    endloop
  endfacet
  facet normal -1 0 0
    outer loop
      vertex 6.9 -48.35 3.22
      vertex 6.9 -48.15 1.85
      vertex 6.9 -48.35 0
    endloop
  endfacet
  facet normal -1 0 0
    outer loop
      vertex 6.9 -48.15 1.85
      vertex 6.9 -48.35 3.22
      vertex 6.9 -48.15 3.22
    endloop
  endfacet
  facet normal 0 -1 0
    outer loop
      vertex 2.5 -37.95 1.84999
      vertex 2.5 -37.95 0
      vertex 2.59999 -37.95 1.84999
    endloop
  endfacet
  facet normal 0 -1 0
    outer loop
      vertex 2.5 -37.95 0
      vertex 2.6 -37.95 1.85
      vertex 2.59999 -37.95 1.84999
    endloop
  endfacet
  facet normal 0 -1 -0
    outer loop
      vertex 2.6 -37.95 1.85
      vertex 2.5 -37.95 0
      vertex 6.9 -37.95 0
    endloop
  endfacet
  facet normal 0 -1 0
    outer loop
      vertex 2.6 -37.95 1.85
      vertex 6.9 -37.95 0
      vertex 6.9 -37.95 1.85
    endloop
  endfacet
  facet normal 0 1 -0
    outer loop
      vertex 6.9 -48.35 0
      vertex 3.97 -48.35 3.22
      vertex 6.9 -48.35 3.22
    endloop
  endfacet
  facet normal 0 1 0
    outer loop
      vertex 3.97 -48.35 3.22
      vertex 6.9 -48.35 0
      vertex 2.59999 -48.35 1.84999
    endloop
  endfacet
  facet normal 0 1 0
    outer loop
      vertex 2.5 -48.35 0
      vertex 2.59999 -48.35 1.84999
      vertex 6.9 -48.35 0
    endloop
  endfacet
  facet normal 0 1 0
    outer loop
      vertex 2.59999 -48.35 1.84999
      vertex 2.5 -48.35 0
      vertex 2.5 -48.35 1.84999
    endloop
  endfacet
  facet normal 0 0 -1
    outer loop
      vertex 6.9 5.45 3.22
      vertex 5.90493 6.68255 3.22
      vertex 6.9 6.07277 3.22
    endloop
  endfacet
  facet normal 0 0 -1
    outer loop
      vertex 3.97 5.45 3.22
      vertex 5.90493 6.68255 3.22
      vertex 6.9 5.45 3.22
    endloop
  endfacet
  facet normal -0 0 -1
    outer loop
      vertex 5.90493 6.68255 3.22
      vertex 3.97 5.45 3.22
      vertex 4.81763 7.13292 3.22
    endloop
  endfacet
  facet normal -0 0 -1
    outer loop
      vertex 4.81763 7.13292 3.22
      vertex 3.97 5.45 3.22
      vertex 3.97 7.33642 3.22
    endloop
  endfacet
  facet normal -1 0 0
    outer loop
      vertex 6.9 15.85 0
      vertex 6.9 6.07277 1.85
      vertex 6.9 15.85 1.85
    endloop
  endfacet
  facet normal -1 0 0
    outer loop
      vertex 6.9 5.45 0
      vertex 6.9 6.07277 1.85
      vertex 6.9 15.85 0
    endloop
  endfacet
  facet normal -1 0 0
    outer loop
      vertex 6.9 5.45 3.22
      vertex 6.9 6.07277 1.85
      vertex 6.9 5.45 0
    endloop
  endfacet
  facet normal -1 0 0
    outer loop
      vertex 6.9 6.07277 1.85
      vertex 6.9 5.45 3.22
      vertex 6.9 6.07277 3.22
    endloop
  endfacet
  facet normal 0 -1 0
    outer loop
      vertex 2.5 15.85 1.84999
      vertex 2.5 15.85 0
      vertex 2.59999 15.85 1.84999
    endloop
  endfacet
  facet normal 0 -1 0
    outer loop
      vertex 2.5 15.85 0
      vertex 2.6 15.85 1.85
      vertex 2.59999 15.85 1.84999
    endloop
  endfacet
  facet normal 0 -1 -0
    outer loop
      vertex 2.6 15.85 1.85
      vertex 2.5 15.85 0
      vertex 6.9 15.85 0
    endloop
  endfacet
  facet normal 0 -1 0
    outer loop
      vertex 2.6 15.85 1.85
      vertex 6.9 15.85 0
      vertex 6.9 15.85 1.85
    endloop
  endfacet
  facet normal 0 1 0
    outer loop
      vertex 6.9 5.45 3.22
      vertex 3.92717 5.45 3.17717
      vertex 3.97 5.45 3.22
    endloop
  endfacet
  facet normal 0 1 -0
    outer loop
      vertex 6.9 5.45 0
      vertex 3.92717 5.45 3.17717
      vertex 6.9 5.45 3.22
    endloop
  endfacet
  facet normal 0 1 0
    outer loop
      vertex 3.92717 5.45 3.17717
      vertex 6.9 5.45 0
      vertex 3.92717 5.45 0
    endloop
  endfacet
  facet normal 0 0 -1
    outer loop
      vertex 3.97 48.15 3.22
      vertex 6.9 48.35 3.22
      vertex 6.9 48.15 3.22
    endloop
  endfacet
  facet normal -0 0 -1
    outer loop
      vertex 6.9 48.35 3.22
      vertex 3.97 48.15 3.22
      vertex 3.97 48.35 3.22
    endloop
  endfacet
  facet normal -1 0 0
    outer loop
      vertex 6.9 48.35 0
      vertex 6.9 48.15 1.85
      vertex 6.9 48.35 3.22
    endloop
  endfacet
  facet normal -1 0 0
    outer loop
      vertex 6.9 37.95 0
      vertex 6.9 48.15 1.85
      vertex 6.9 48.35 0
    endloop
  endfacet
  facet normal -1 -0 0
    outer loop
      vertex 6.9 48.15 1.85
      vertex 6.9 37.95 0
      vertex 6.9 37.95 1.85
    endloop
  endfacet
  facet normal -1 -0 0
    outer loop
      vertex 6.9 48.35 3.22
      vertex 6.9 48.15 1.85
      vertex 6.9 48.15 3.22
    endloop
  endfacet
  facet normal 0 -1 0
    outer loop
      vertex 2.5 48.35 1.84999
      vertex 2.5 48.35 0
      vertex 2.59999 48.35 1.84999
    endloop
  endfacet
  facet normal 0 -1 0
    outer loop
      vertex 6.9 48.35 0
      vertex 3.97 48.35 3.22
      vertex 2.59999 48.35 1.84999
    endloop
  endfacet
  facet normal 0 -1 0
    outer loop
      vertex 6.9 48.35 0
      vertex 2.59999 48.35 1.84999
      vertex 2.5 48.35 0
    endloop
  endfacet
  facet normal 0 -1 0
    outer loop
      vertex 3.97 48.35 3.22
      vertex 6.9 48.35 0
      vertex 6.9 48.35 3.22
    endloop
  endfacet
  facet normal 0 1 -0
    outer loop
      vertex 6.9 37.95 0
      vertex 2.6 37.95 1.85
      vertex 6.9 37.95 1.85
    endloop
  endfacet
  facet normal 0 1 0
    outer loop
      vertex 2.5 37.95 0
      vertex 2.6 37.95 1.85
      vertex 6.9 37.95 0
    endloop
  endfacet
  facet normal 0 1 0
    outer loop
      vertex 2.6 37.95 1.85
      vertex 2.5 37.95 0
      vertex 2.59999 37.95 1.84999
    endloop
  endfacet
  facet normal 0 1 0
    outer loop
      vertex 2.59999 37.95 1.84999
      vertex 2.5 37.95 0
      vertex 2.5 37.95 1.84999
    endloop
  endfacet
  facet normal -0 0 1
    outer loop
      vertex 2.5 -5.65 1.84999
      vertex 2.59999 -37.95 1.84999
      vertex 2.59999 -5.64213 1.84999
    endloop
  endfacet
  facet normal 0 0 1
    outer loop
      vertex 2.59999 -37.95 1.84999
      vertex 2.5 -5.65 1.84999
      vertex 2.5 -37.95 1.84999
    endloop
  endfacet
  facet normal -0 0 1
    outer loop
      vertex 2.5 -48.35 1.84999
      vertex 2.59999 -50 1.84999
      vertex 2.59999 -48.35 1.84999
    endloop
  endfacet
  facet normal 0 0 1
    outer loop
      vertex 2.59999 -50 1.84999
      vertex 2.5 -48.35 1.84999
      vertex 2.5 -50 1.84999
    endloop
  endfacet
  facet normal -0 0 1
    outer loop
      vertex 2.5 50 1.84999
      vertex 2.59999 48.35 1.84999
      vertex 2.59999 50 1.84999
    endloop
  endfacet
  facet normal 0 0 1
    outer loop
      vertex 2.59999 48.35 1.84999
      vertex 2.5 50 1.84999
      vertex 2.5 48.35 1.84999
    endloop
  endfacet
  facet normal -0 0 1
    outer loop
      vertex 2.5 37.95 1.84999
      vertex 2.59999 15.85 1.84999
      vertex 2.59999 37.95 1.84999
    endloop
  endfacet
  facet normal 0 0 1
    outer loop
      vertex 2.59999 15.85 1.84999
      vertex 2.5 37.95 1.84999
      vertex 2.5 15.85 1.84999
    endloop
  endfacet
  facet normal -0.707107 0 0.707107
    outer loop
      vertex 3.38385 -5.58044 2.63385
      vertex 4.155 -7.29201 3.405
      vertex 4.155 -5.3953 3.405
    endloop
  endfacet
  facet normal -0.707107 0 0.707107
    outer loop
      vertex 3.67326 -7.40766 2.92326
      vertex 3.38385 -5.58044 2.63385
      vertex 2.59999 -5.64213 1.84999
    endloop
  endfacet
  facet normal -0.707107 8.5918e-17 0.707107
    outer loop
      vertex 3.38385 -5.58044 2.63385
      vertex 3.67326 -7.40766 2.92326
      vertex 4.155 -7.29201 3.405
    endloop
  endfacet
  facet normal -0.707107 0 0.707107
    outer loop
      vertex 2.59999 -5.64213 1.84999
      vertex 2.6 -7.49213 1.85
      vertex 3.67326 -7.40766 2.92326
    endloop
  endfacet
  facet normal -0.707107 0 0.707107
    outer loop
      vertex 2.59999 -37.95 1.84999
      vertex 2.6 -7.49213 1.85
      vertex 2.59999 -5.64213 1.84999
    endloop
  endfacet
  facet normal -0.707107 0 0.707107
    outer loop
      vertex 2.6 -7.49213 1.85
      vertex 2.59999 -37.95 1.84999
      vertex 2.6 -37.95 1.85
    endloop
  endfacet
  facet normal -0.707107 0 0.707107
    outer loop
      vertex 2.59999 -48.35 1.84999
      vertex 2.59999 -50 1.84999
      vertex 3.97 -48.35 3.22
    endloop
  endfacet
  facet normal -0.707107 0 0.707107
    outer loop
      vertex 3.97 -48.35 3.22
      vertex 4.155 -48.15 3.405
      vertex 3.97 -48.15 3.22
    endloop
  endfacet
  facet normal -0.707107 -1.68283e-16 0.707107
    outer loop
      vertex 4.155 -50 3.405
      vertex 3.97 -48.35 3.22
      vertex 2.59999 -50 1.84999
    endloop
  endfacet
  facet normal -0.707107 0 0.707107
    outer loop
      vertex 3.97 -48.35 3.22
      vertex 4.155 -50 3.405
      vertex 4.155 -48.15 3.405
    endloop
  endfacet
  facet normal -0.707107 0 0.707107
    outer loop
      vertex 3.97 5.45 3.22
      vertex 4.155 7.29201 3.405
      vertex 3.97 7.33642 3.22
    endloop
  endfacet
  facet normal -0.707107 0 0.707107
    outer loop
      vertex 4.155 7.29201 3.405
      vertex 3.97 5.45 3.22
      vertex 4.155 5.3953 3.405
    endloop
  endfacet
  facet normal -0.707107 -5.75934e-15 0.707107
    outer loop
      vertex 3.92717 5.45 3.17717
      vertex 4.155 5.3953 3.405
      vertex 3.97 5.45 3.22
    endloop
  endfacet
  facet normal -0.707107 0 0.707107
    outer loop
      vertex 3.97 48.35 3.22
      vertex 2.59999 50 1.84999
      vertex 2.59999 48.35 1.84999
    endloop
  endfacet
  facet normal -0.707107 2.44776e-16 0.707107
    outer loop
      vertex 2.59999 50 1.84999
      vertex 3.97 48.35 3.22
      vertex 4.155 50 3.405
    endloop
  endfacet
  facet normal -0.707107 0 0.707107
    outer loop
      vertex 4.155 48.15 3.405
      vertex 3.97 48.35 3.22
      vertex 3.97 48.15 3.22
    endloop
  endfacet
  facet normal -0.707107 0 0.707107
    outer loop
      vertex 3.97 48.35 3.22
      vertex 4.155 48.15 3.405
      vertex 4.155 50 3.405
    endloop
  endfacet
  facet normal -0.707107 0 0.707107
    outer loop
      vertex 2.59999 15.85 1.84999
      vertex 2.6 37.95 1.85
      vertex 2.59999 37.95 1.84999
    endloop
  endfacet
  facet normal -0.707107 0 0.707107
    outer loop
      vertex 2.6 37.95 1.85
      vertex 2.59999 15.85 1.84999
      vertex 2.6 15.85 1.85
    endloop
  endfacet
  facet normal -0.707102 0 -0.707111
    outer loop
      vertex 3.38385 5.58044 4.17614
      vertex 4.155 7.29201 3.405
      vertex 4.155 5.3953 3.405
    endloop
  endfacet
  facet normal -0.7071 -2.23971e-06 -0.707114
    outer loop
      vertex 4.155 7.29201 3.405
      vertex 3.38385 5.58044 4.17614
      vertex 3.67326 7.40766 3.88673
    endloop
  endfacet
  facet normal -0.707102 -1.41121e-06 -0.707111
    outer loop
      vertex 2.59999 5.64213 4.95999
      vertex 3.67326 7.40766 3.88673
      vertex 3.38385 5.58044 4.17614
    endloop
  endfacet
  facet normal -0.707103 0 -0.70711
    outer loop
      vertex 3.67326 7.40766 3.88673
      vertex 2.59999 5.64213 4.95999
      vertex 2.59999 7.49213 4.95999
    endloop
  endfacet
  facet normal -0.7071 2.23971e-06 -0.707114
    outer loop
      vertex 3.38385 -5.58044 4.17614
      vertex 4.155 -7.29201 3.405
      vertex 3.67326 -7.40766 3.88673
    endloop
  endfacet
  facet normal -0.707102 0 -0.707111
    outer loop
      vertex 4.155 -7.29201 3.405
      vertex 3.38385 -5.58044 4.17614
      vertex 4.155 -5.3953 3.405
    endloop
  endfacet
  facet normal -0.707104 1.03067e-06 -0.70711
    outer loop
      vertex 2.59999 -7.49213 4.95999
      vertex 3.38385 -5.58044 4.17614
      vertex 3.67326 -7.40766 3.88673
    endloop
  endfacet
  facet normal -0.707102 0 -0.707111
    outer loop
      vertex 3.38385 -5.58044 4.17614
      vertex 2.59999 -7.49213 4.95999
      vertex 2.59999 -5.64213 4.95999
    endloop
  endfacet
  facet normal -0.707102 0 -0.707111
    outer loop
      vertex 2.59999 -50 4.95999
      vertex 4.155 -48.15 3.405
      vertex 4.155 -50 3.405
    endloop
  endfacet
  facet normal -0.707102 0 -0.707111
    outer loop
      vertex 4.155 -48.15 3.405
      vertex 2.59999 -50 4.95999
      vertex 2.59999 -48.15 4.95999
    endloop
  endfacet
  facet normal -0.707102 0 -0.707111
    outer loop
      vertex 2.59999 48.15 4.95999
      vertex 4.155 50 3.405
      vertex 4.155 48.15 3.405
    endloop
  endfacet
  facet normal -0.707102 0 -0.707111
    outer loop
      vertex 4.155 50 3.405
      vertex 2.59999 48.15 4.95999
      vertex 2.59999 50 4.95999
    endloop
  endfacet
  facet normal 0 0 -1
    outer loop
      vertex 2.5 -5.65 4.95999
      vertex 2.59999 -7.49213 4.95999
      vertex 2.5 -7.5 4.95999
    endloop
  endfacet
  facet normal 0 0 -1
    outer loop
      vertex 2.59999 -7.49213 4.95999
      vertex 2.5 -5.65 4.95999
      vertex 2.59999 -5.64213 4.95999
    endloop
  endfacet
  facet normal 0 0 -1
    outer loop
      vertex 2.5 5.65 4.95999
      vertex 2.59999 7.49213 4.95999
      vertex 2.59999 5.64213 4.95999
    endloop
  endfacet
  facet normal -0 0 -1
    outer loop
      vertex 2.59999 7.49213 4.95999
      vertex 2.5 5.65 4.95999
      vertex 2.5 7.5 4.95999
    endloop
  endfacet
  facet normal 0 0 -1
    outer loop
      vertex 2.5 -50 4.95999
      vertex 2.59999 -48.15 4.95999
      vertex 2.59999 -50 4.95999
    endloop
  endfacet
  facet normal -0 0 -1
    outer loop
      vertex 2.59999 -48.15 4.95999
      vertex 2.5 -50 4.95999
      vertex 2.5 -48.15 4.95999
    endloop
  endfacet
  facet normal 0 0 -1
    outer loop
      vertex 2.5 48.15 4.95999
      vertex 2.59999 50 4.95999
      vertex 2.59999 48.15 4.95999
    endloop
  endfacet
  facet normal -0 0 -1
    outer loop
      vertex 2.59999 50 4.95999
      vertex 2.5 48.15 4.95999
      vertex 2.5 50 4.95999
    endloop
  endfacet
  facet normal -1 0 0
    outer loop
      vertex 2.5 48.15 4.95999
      vertex 2.5 50 4.96
      vertex 2.5 50 4.95999
    endloop
  endfacet
  facet normal -1 -0 0
    outer loop
      vertex 2.5 50 4.96
      vertex 2.5 48.15 4.95999
      vertex 2.5 48.15 4.96
    endloop
  endfacet
  facet normal -1 0 0
    outer loop
      vertex 2.5 -50 4.95999
      vertex 2.5 -48.15 4.96
      vertex 2.5 -48.15 4.95999
    endloop
  endfacet
  facet normal -1 -0 0
    outer loop
      vertex 2.5 -48.15 4.96
      vertex 2.5 -50 4.95999
      vertex 2.5 -50 4.96
    endloop
  endfacet
  facet normal -1 0 0
    outer loop
      vertex 2.5 48.15 42.96
      vertex 2.5 50 43
      vertex 2.5 50 42.96
    endloop
  endfacet
  facet normal -1 -0 0
    outer loop
      vertex 2.5 50 43
      vertex 2.5 48.15 42.96
      vertex 2.5 48.15 43
    endloop
  endfacet
  facet normal -1 0 0
    outer loop
      vertex 2.5 -50 42.96
      vertex 2.5 -48.15 43
      vertex 2.5 -48.15 42.96
    endloop
  endfacet
  facet normal -1 -0 0
    outer loop
      vertex 2.5 -48.15 43
      vertex 2.5 -50 42.96
      vertex 2.5 -50 43
    endloop
  endfacet
  facet normal -1 0 0
    outer loop
      vertex 2.5 -7.5 4.95999
      vertex 2.5 -5.65 43
      vertex 2.5 -5.65 4.95999
    endloop
  endfacet
  facet normal -1 -0 0
    outer loop
      vertex 2.5 -5.65 43
      vertex 2.5 -7.5 4.95999
      vertex 2.5 -7.5 43
    endloop
  endfacet
  facet normal -1 0 0
    outer loop
      vertex 2.5 5.65 4.95999
      vertex 2.5 7.5 43
      vertex 2.5 7.5 4.95999
    endloop
  endfacet
  facet normal -1 -0 0
    outer loop
      vertex 2.5 7.5 43
      vertex 2.5 5.65 4.95999
      vertex 2.5 5.65 43
    endloop
  endfacet
  facet normal -0 0 1
    outer loop
      vertex 2.5 -5.65 43
      vertex 2.59999 -7.49213 43
      vertex 2.59999 -5.64213 43
    endloop
  endfacet
  facet normal 0 0 1
    outer loop
      vertex 2.59999 -7.49213 43
      vertex 2.5 -5.65 43
      vertex 2.5 -7.5 43
    endloop
  endfacet
  facet normal 0 0 1
    outer loop
      vertex 2.5 5.65 43
      vertex 2.59999 7.49213 43
      vertex 2.5 7.5 43
    endloop
  endfacet
  facet normal 0 0 1
    outer loop
      vertex 2.59999 7.49213 43
      vertex 2.5 5.65 43
      vertex 2.59999 5.64213 43
    endloop
  endfacet
  facet normal -0 0 1
    outer loop
      vertex 2.5 -48.15 43
      vertex 2.59999 -50 43
      vertex 2.59999 -48.15 43
    endloop
  endfacet
  facet normal 0 0 1
    outer loop
      vertex 2.59999 -50 43
      vertex 2.5 -48.15 43
      vertex 2.5 -50 43
    endloop
  endfacet
  facet normal -0 0 1
    outer loop
      vertex 2.5 50 43
      vertex 2.59999 48.15 43
      vertex 2.59999 50 43
    endloop
  endfacet
  facet normal 0 0 1
    outer loop
      vertex 2.59999 48.15 43
      vertex 2.5 50 43
      vertex 2.5 48.15 43
    endloop
  endfacet
  facet normal -0.707116 6.91411e-06 0.707097
    outer loop
      vertex 3.38385 5.58044 43.7839
      vertex 3.67326 7.40766 44.0733
      vertex 2.59999 7.49213 43
    endloop
  endfacet
  facet normal -0.707085 -2.8718e-06 0.707128
    outer loop
      vertex 3.67326 7.40766 44.0733
      vertex 3.38385 5.58044 43.7839
      vertex 4.81763 7.13292 45.2176
    endloop
  endfacet
  facet normal -0.707125 0 0.707089
    outer loop
      vertex 3.38385 5.58044 43.7839
      vertex 2.59999 7.49213 43
      vertex 2.59999 5.64213 43
    endloop
  endfacet
  facet normal -0.707103 2.98249e-05 0.70711
    outer loop
      vertex 4.24595 5.37347 44.646
      vertex 4.81763 7.13292 45.2176
      vertex 3.38385 5.58044 43.7839
    endloop
  endfacet
  facet normal -0.707117 3.86902e-05 0.707097
    outer loop
      vertex 4.81763 7.13292 45.2176
      vertex 4.24595 5.37347 44.646
      vertex 5.59999 6.80886 46
    endloop
  endfacet
  facet normal -0.707104 1.41688e-05 0.70711
    outer loop
      vertex 5.06505 5.03419 45.4651
      vertex 5.59999 6.80886 46
      vertex 4.24595 5.37347 44.646
    endloop
  endfacet
  facet normal -0.70708 0 0.707133
    outer loop
      vertex 5.59999 6.80886 46
      vertex 5.06505 5.03419 45.4651
      vertex 5.59999 4.70637 46
    endloop
  endfacet
  facet normal -0.70708 0 0.707133
    outer loop
      vertex 5.06505 -5.03419 45.4651
      vertex 5.59999 -6.80886 46
      vertex 5.59999 -4.70637 46
    endloop
  endfacet
  facet normal -0.707104 -1.41688e-05 0.70711
    outer loop
      vertex 4.24595 -5.37347 44.646
      vertex 5.59999 -6.80886 46
      vertex 5.06505 -5.03419 45.4651
    endloop
  endfacet
  facet normal -0.707103 -2.98249e-05 0.70711
    outer loop
      vertex 4.81763 -7.13292 45.2176
      vertex 4.24595 -5.37347 44.646
      vertex 3.38385 -5.58044 43.7839
    endloop
  endfacet
  facet normal -0.707124 -9.46678e-06 0.707089
    outer loop
      vertex 3.67326 -7.40766 44.0733
      vertex 3.38385 -5.58044 43.7839
      vertex 2.59999 -5.64213 43
    endloop
  endfacet
  facet normal -0.707117 -3.86902e-05 0.707097
    outer loop
      vertex 4.24595 -5.37347 44.646
      vertex 4.81763 -7.13292 45.2176
      vertex 5.59999 -6.80886 46
    endloop
  endfacet
  facet normal -0.707085 2.8718e-06 0.707128
    outer loop
      vertex 3.38385 -5.58044 43.7839
      vertex 3.67326 -7.40766 44.0733
      vertex 4.81763 -7.13292 45.2176
    endloop
  endfacet
  facet normal -0.707117 0 0.707097
    outer loop
      vertex 3.67326 -7.40766 44.0733
      vertex 2.59999 -5.64213 43
      vertex 2.59999 -7.49213 43
    endloop
  endfacet
  facet normal -0.707107 0 0.707107
    outer loop
      vertex 2.59999 -50 43
      vertex 5.59999 -48.15 46
      vertex 2.59999 -48.15 43
    endloop
  endfacet
  facet normal -0.707107 0 0.707107
    outer loop
      vertex 5.59999 -48.15 46
      vertex 2.59999 -50 43
      vertex 5.59999 -50 46
    endloop
  endfacet
  facet normal -0.707107 0 0.707107
    outer loop
      vertex 2.59999 48.15 43
      vertex 5.59999 50 46
      vertex 2.59999 50 43
    endloop
  endfacet
  facet normal -0.707107 0 0.707107
    outer loop
      vertex 5.59999 50 46
      vertex 2.59999 48.15 43
      vertex 5.59999 48.15 46
    endloop
  endfacet
  facet normal -0.707085 -2.8718e-06 -0.707128
    outer loop
      vertex 3.38385 5.58044 48.2161
      vertex 3.67326 7.40766 47.9267
      vertex 4.81763 7.13292 46.7824
    endloop
  endfacet
  facet normal -0.707117 3.86902e-05 -0.707097
    outer loop
      vertex 4.24595 5.37347 47.354
      vertex 4.81763 7.13292 46.7824
      vertex 5.59999 6.80886 46
    endloop
  endfacet
  facet normal -0.707116 6.91411e-06 -0.707097
    outer loop
      vertex 3.67326 7.40766 47.9267
      vertex 3.38385 5.58044 48.2161
      vertex 2.59999 7.49213 49
    endloop
  endfacet
  facet normal -0.707125 -0 -0.707089
    outer loop
      vertex 2.59999 7.49213 49
      vertex 3.38385 5.58044 48.2161
      vertex 2.59999 5.64213 49
    endloop
  endfacet
  facet normal -0.707103 2.98249e-05 -0.70711
    outer loop
      vertex 4.81763 7.13292 46.7824
      vertex 4.24595 5.37347 47.354
      vertex 3.38385 5.58044 48.2161
    endloop
  endfacet
  facet normal -0.707104 1.41688e-05 -0.70711
    outer loop
      vertex 5.59999 6.80886 46
      vertex 5.06505 5.03419 46.5349
      vertex 4.24595 5.37347 47.354
    endloop
  endfacet
  facet normal -0.70708 0 -0.707133
    outer loop
      vertex 5.06505 5.03419 46.5349
      vertex 5.59999 6.80886 46
      vertex 5.59999 4.70637 46
    endloop
  endfacet
  facet normal -0.70708 0 -0.707133
    outer loop
      vertex 5.59999 -6.80886 46
      vertex 5.06505 -5.03419 46.5349
      vertex 5.59999 -4.70637 46
    endloop
  endfacet
  facet normal -0.707104 -1.41688e-05 -0.70711
    outer loop
      vertex 5.59999 -6.80886 46
      vertex 4.24595 -5.37347 47.354
      vertex 5.06505 -5.03419 46.5349
    endloop
  endfacet
  facet normal -0.707117 -3.86902e-05 -0.707097
    outer loop
      vertex 4.81763 -7.13292 46.7824
      vertex 4.24595 -5.37347 47.354
      vertex 5.59999 -6.80886 46
    endloop
  endfacet
  facet normal -0.707103 -2.98249e-05 -0.70711
    outer loop
      vertex 4.24595 -5.37347 47.354
      vertex 4.81763 -7.13292 46.7824
      vertex 3.38385 -5.58044 48.2161
    endloop
  endfacet
  facet normal -0.707085 2.8718e-06 -0.707128
    outer loop
      vertex 3.67326 -7.40766 47.9267
      vertex 3.38385 -5.58044 48.2161
      vertex 4.81763 -7.13292 46.7824
    endloop
  endfacet
  facet normal -0.707124 -9.46678e-06 -0.707089
    outer loop
      vertex 3.38385 -5.58044 48.2161
      vertex 3.67326 -7.40766 47.9267
      vertex 2.59999 -5.64213 49
    endloop
  endfacet
  facet normal -0.707117 -0 -0.707097
    outer loop
      vertex 2.59999 -5.64213 49
      vertex 3.67326 -7.40766 47.9267
      vertex 2.59999 -7.49213 49
    endloop
  endfacet
  facet normal -0.707107 0 -0.707107
    outer loop
      vertex 5.59999 -50 46
      vertex 2.59999 -48.15 49
      vertex 5.59999 -48.15 46
    endloop
  endfacet
  facet normal -0.707107 -0 -0.707107
    outer loop
      vertex 2.59999 -48.15 49
      vertex 5.59999 -50 46
      vertex 2.59999 -50 49
    endloop
  endfacet
  facet normal -0.707107 0 -0.707107
    outer loop
      vertex 5.59999 48.15 46
      vertex 2.59999 50 49
      vertex 5.59999 50 46
    endloop
  endfacet
  facet normal -0.707107 -0 -0.707107
    outer loop
      vertex 2.59999 50 49
      vertex 5.59999 48.15 46
      vertex 2.59999 48.15 49
    endloop
  endfacet
  facet normal -0.707116 6.91411e-06 0.707097
    outer loop
      vertex 3.38385 5.58044 49.7839
      vertex 3.67326 7.40766 50.0733
      vertex 2.59999 7.49213 49
    endloop
  endfacet
  facet normal -0.707085 -2.8718e-06 0.707128
    outer loop
      vertex 3.67326 7.40766 50.0733
      vertex 3.38385 5.58044 49.7839
      vertex 4.81763 7.13292 51.2176
    endloop
  endfacet
  facet normal -0.707125 0 0.707089
    outer loop
      vertex 3.38385 5.58044 49.7839
      vertex 2.59999 7.49213 49
      vertex 2.59999 5.64213 49
    endloop
  endfacet
  facet normal -0.707103 2.98249e-05 0.70711
    outer loop
      vertex 4.24595 5.37347 50.646
      vertex 4.81763 7.13292 51.2176
      vertex 3.38385 5.58044 49.7839
    endloop
  endfacet
  facet normal -0.707117 3.86902e-05 0.707097
    outer loop
      vertex 4.81763 7.13292 51.2176
      vertex 4.24595 5.37347 50.646
      vertex 5.59999 6.80886 52
    endloop
  endfacet
  facet normal -0.707104 1.41688e-05 0.70711
    outer loop
      vertex 5.06505 5.03419 51.4651
      vertex 5.59999 6.80886 52
      vertex 4.24595 5.37347 50.646
    endloop
  endfacet
  facet normal -0.70708 0 0.707133
    outer loop
      vertex 5.59999 6.80886 52
      vertex 5.06505 5.03419 51.4651
      vertex 5.59999 4.70637 52
    endloop
  endfacet
  facet normal -0.70708 0 0.707133
    outer loop
      vertex 5.06505 -5.03419 51.4651
      vertex 5.59999 -6.80886 52
      vertex 5.59999 -4.70637 52
    endloop
  endfacet
  facet normal -0.707104 -1.41688e-05 0.70711
    outer loop
      vertex 4.24595 -5.37347 50.646
      vertex 5.59999 -6.80886 52
      vertex 5.06505 -5.03419 51.4651
    endloop
  endfacet
  facet normal -0.707103 -2.98249e-05 0.70711
    outer loop
      vertex 4.81763 -7.13292 51.2176
      vertex 4.24595 -5.37347 50.646
      vertex 3.38385 -5.58044 49.7839
    endloop
  endfacet
  facet normal -0.707124 -9.46678e-06 0.707089
    outer loop
      vertex 3.67326 -7.40766 50.0733
      vertex 3.38385 -5.58044 49.7839
      vertex 2.59999 -5.64213 49
    endloop
  endfacet
  facet normal -0.707117 -3.86902e-05 0.707097
    outer loop
      vertex 4.24595 -5.37347 50.646
      vertex 4.81763 -7.13292 51.2176
      vertex 5.59999 -6.80886 52
    endloop
  endfacet
  facet normal -0.707085 2.8718e-06 0.707128
    outer loop
      vertex 3.38385 -5.58044 49.7839
      vertex 3.67326 -7.40766 50.0733
      vertex 4.81763 -7.13292 51.2176
    endloop
  endfacet
  facet normal -0.707117 0 0.707097
    outer loop
      vertex 3.67326 -7.40766 50.0733
      vertex 2.59999 -5.64213 49
      vertex 2.59999 -7.49213 49
    endloop
  endfacet
  facet normal -0.707107 0 0.707107
    outer loop
      vertex 2.59999 -50 49
      vertex 5.59999 -48.15 52
      vertex 2.59999 -48.15 49
    endloop
  endfacet
  facet normal -0.707107 0 0.707107
    outer loop
      vertex 5.59999 -48.15 52
      vertex 2.59999 -50 49
      vertex 5.59999 -50 52
    endloop
  endfacet
  facet normal -0.707107 0 0.707107
    outer loop
      vertex 2.59999 48.15 49
      vertex 5.59999 50 52
      vertex 2.59999 50 49
    endloop
  endfacet
  facet normal -0.707107 0 0.707107
    outer loop
      vertex 5.59999 50 52
      vertex 2.59999 48.15 49
      vertex 5.59999 48.15 52
    endloop
  endfacet
  facet normal -0.707085 -2.8718e-06 -0.707128
    outer loop
      vertex 3.38385 5.58044 54.2161
      vertex 3.67326 7.40766 53.9267
      vertex 4.81763 7.13292 52.7824
    endloop
  endfacet
  facet normal -0.707117 3.86902e-05 -0.707097
    outer loop
      vertex 4.24595 5.37347 53.354
      vertex 4.81763 7.13292 52.7824
      vertex 5.59999 6.80886 52
    endloop
  endfacet
  facet normal -0.707116 6.91411e-06 -0.707097
    outer loop
      vertex 3.67326 7.40766 53.9267
      vertex 3.38385 5.58044 54.2161
      vertex 2.59999 7.49213 55
    endloop
  endfacet
  facet normal -0.707125 -0 -0.707089
    outer loop
      vertex 2.59999 7.49213 55
      vertex 3.38385 5.58044 54.2161
      vertex 2.59999 5.64213 55
    endloop
  endfacet
  facet normal -0.707103 2.98249e-05 -0.70711
    outer loop
      vertex 4.81763 7.13292 52.7824
      vertex 4.24595 5.37347 53.354
      vertex 3.38385 5.58044 54.2161
    endloop
  endfacet
  facet normal -0.707104 1.41688e-05 -0.70711
    outer loop
      vertex 5.59999 6.80886 52
      vertex 5.06505 5.03419 52.5349
      vertex 4.24595 5.37347 53.354
    endloop
  endfacet
  facet normal -0.70708 0 -0.707133
    outer loop
      vertex 5.06505 5.03419 52.5349
      vertex 5.59999 6.80886 52
      vertex 5.59999 4.70637 52
    endloop
  endfacet
  facet normal -0.70708 0 -0.707133
    outer loop
      vertex 5.59999 -6.80886 52
      vertex 5.06505 -5.03419 52.5349
      vertex 5.59999 -4.70637 52
    endloop
  endfacet
  facet normal -0.707104 -1.41688e-05 -0.70711
    outer loop
      vertex 5.59999 -6.80886 52
      vertex 4.24595 -5.37347 53.354
      vertex 5.06505 -5.03419 52.5349
    endloop
  endfacet
  facet normal -0.707117 -3.86902e-05 -0.707097
    outer loop
      vertex 4.81763 -7.13292 52.7824
      vertex 4.24595 -5.37347 53.354
      vertex 5.59999 -6.80886 52
    endloop
  endfacet
  facet normal -0.707103 -2.98249e-05 -0.70711
    outer loop
      vertex 4.24595 -5.37347 53.354
      vertex 4.81763 -7.13292 52.7824
      vertex 3.38385 -5.58044 54.2161
    endloop
  endfacet
  facet normal -0.707085 2.8718e-06 -0.707128
    outer loop
      vertex 3.67326 -7.40766 53.9267
      vertex 3.38385 -5.58044 54.2161
      vertex 4.81763 -7.13292 52.7824
    endloop
  endfacet
  facet normal -0.707124 -9.46678e-06 -0.707089
    outer loop
      vertex 3.38385 -5.58044 54.2161
      vertex 3.67326 -7.40766 53.9267
      vertex 2.59999 -5.64213 55
    endloop
  endfacet
  facet normal -0.707117 -0 -0.707097
    outer loop
      vertex 2.59999 -5.64213 55
      vertex 3.67326 -7.40766 53.9267
      vertex 2.59999 -7.49213 55
    endloop
  endfacet
  facet normal -0.707107 0 -0.707107
    outer loop
      vertex 5.59999 -50 52
      vertex 2.59999 -48.15 55
      vertex 5.59999 -48.15 52
    endloop
  endfacet
  facet normal -0.707107 -0 -0.707107
    outer loop
      vertex 2.59999 -48.15 55
      vertex 5.59999 -50 52
      vertex 2.59999 -50 55
    endloop
  endfacet
  facet normal -0.707107 0 -0.707107
    outer loop
      vertex 5.59999 48.15 52
      vertex 2.59999 50 55
      vertex 5.59999 50 52
    endloop
  endfacet
  facet normal -0.707107 -0 -0.707107
    outer loop
      vertex 2.59999 50 55
      vertex 5.59999 48.15 52
      vertex 2.59999 48.15 55
    endloop
  endfacet
  facet normal -0.707116 6.91411e-06 0.707097
    outer loop
      vertex 3.38385 5.58044 55.7839
      vertex 3.67326 7.40766 56.0733
      vertex 2.59999 7.49213 55
    endloop
  endfacet
  facet normal -0.707085 -2.8718e-06 0.707128
    outer loop
      vertex 3.67326 7.40766 56.0733
      vertex 3.38385 5.58044 55.7839
      vertex 4.81763 7.13292 57.2176
    endloop
  endfacet
  facet normal -0.707125 0 0.707089
    outer loop
      vertex 3.38385 5.58044 55.7839
      vertex 2.59999 7.49213 55
      vertex 2.59999 5.64213 55
    endloop
  endfacet
  facet normal -0.707103 2.98249e-05 0.70711
    outer loop
      vertex 4.24595 5.37347 56.646
      vertex 4.81763 7.13292 57.2176
      vertex 3.38385 5.58044 55.7839
    endloop
  endfacet
  facet normal -0.707117 3.86902e-05 0.707097
    outer loop
      vertex 4.81763 7.13292 57.2176
      vertex 4.24595 5.37347 56.646
      vertex 5.59999 6.80886 58
    endloop
  endfacet
  facet normal -0.707104 1.41688e-05 0.70711
    outer loop
      vertex 5.06505 5.03419 57.4651
      vertex 5.59999 6.80886 58
      vertex 4.24595 5.37347 56.646
    endloop
  endfacet
  facet normal -0.70708 0 0.707133
    outer loop
      vertex 5.59999 6.80886 58
      vertex 5.06505 5.03419 57.4651
      vertex 5.59999 4.70637 58
    endloop
  endfacet
  facet normal -0.70708 0 0.707133
    outer loop
      vertex 5.06505 -5.03419 57.4651
      vertex 5.59999 -6.80886 58
      vertex 5.59999 -4.70637 58
    endloop
  endfacet
  facet normal -0.707104 -1.41688e-05 0.70711
    outer loop
      vertex 4.24595 -5.37347 56.646
      vertex 5.59999 -6.80886 58
      vertex 5.06505 -5.03419 57.4651
    endloop
  endfacet
  facet normal -0.707103 -2.98249e-05 0.70711
    outer loop
      vertex 4.81763 -7.13292 57.2176
      vertex 4.24595 -5.37347 56.646
      vertex 3.38385 -5.58044 55.7839
    endloop
  endfacet
  facet normal -0.707124 -9.46678e-06 0.707089
    outer loop
      vertex 3.67326 -7.40766 56.0733
      vertex 3.38385 -5.58044 55.7839
      vertex 2.59999 -5.64213 55
    endloop
  endfacet
  facet normal -0.707117 -3.86902e-05 0.707097
    outer loop
      vertex 4.24595 -5.37347 56.646
      vertex 4.81763 -7.13292 57.2176
      vertex 5.59999 -6.80886 58
    endloop
  endfacet
  facet normal -0.707085 2.8718e-06 0.707128
    outer loop
      vertex 3.38385 -5.58044 55.7839
      vertex 3.67326 -7.40766 56.0733
      vertex 4.81763 -7.13292 57.2176
    endloop
  endfacet
  facet normal -0.707117 0 0.707097
    outer loop
      vertex 3.67326 -7.40766 56.0733
      vertex 2.59999 -5.64213 55
      vertex 2.59999 -7.49213 55
    endloop
  endfacet
  facet normal -0.707107 0 0.707107
    outer loop
      vertex 2.59999 48.15 55
      vertex 5.59999 50 58
      vertex 2.59999 50 55
    endloop
  endfacet
  facet normal -0.707107 0 0.707107
    outer loop
      vertex 5.59999 50 58
      vertex 2.59999 48.15 55
      vertex 5.59999 48.15 58
    endloop
  endfacet
  facet normal -0.707107 0 0.707107
    outer loop
      vertex 2.59999 -50 55
      vertex 5.59999 -48.15 58
      vertex 2.59999 -48.15 55
    endloop
  endfacet
  facet normal -0.707107 0 0.707107
    outer loop
      vertex 5.59999 -48.15 58
      vertex 2.59999 -50 55
      vertex 5.59999 -50 58
    endloop
  endfacet
  facet normal -0.707085 -2.8718e-06 -0.707128
    outer loop
      vertex 3.38385 5.58044 60.2161
      vertex 3.67326 7.40766 59.9267
      vertex 4.81763 7.13292 58.7824
    endloop
  endfacet
  facet normal -0.707117 3.86902e-05 -0.707097
    outer loop
      vertex 4.24595 5.37347 59.354
      vertex 4.81763 7.13292 58.7824
      vertex 5.59999 6.80886 58
    endloop
  endfacet
  facet normal -0.707116 6.91411e-06 -0.707097
    outer loop
      vertex 3.67326 7.40766 59.9267
      vertex 3.38385 5.58044 60.2161
      vertex 2.59999 7.49213 61
    endloop
  endfacet
  facet normal -0.707125 -0 -0.707089
    outer loop
      vertex 2.59999 7.49213 61
      vertex 3.38385 5.58044 60.2161
      vertex 2.59999 5.64213 61
    endloop
  endfacet
  facet normal -0.707103 2.98249e-05 -0.70711
    outer loop
      vertex 4.81763 7.13292 58.7824
      vertex 4.24595 5.37347 59.354
      vertex 3.38385 5.58044 60.2161
    endloop
  endfacet
  facet normal -0.707104 1.41688e-05 -0.70711
    outer loop
      vertex 5.59999 6.80886 58
      vertex 5.06505 5.03419 58.5349
      vertex 4.24595 5.37347 59.354
    endloop
  endfacet
  facet normal -0.70708 0 -0.707133
    outer loop
      vertex 5.06505 5.03419 58.5349
      vertex 5.59999 6.80886 58
      vertex 5.59999 4.70637 58
    endloop
  endfacet
  facet normal -0.70708 0 -0.707133
    outer loop
      vertex 5.59999 -6.80886 58
      vertex 5.06505 -5.03419 58.5349
      vertex 5.59999 -4.70637 58
    endloop
  endfacet
  facet normal -0.707104 -1.41688e-05 -0.70711
    outer loop
      vertex 5.59999 -6.80886 58
      vertex 4.24595 -5.37347 59.354
      vertex 5.06505 -5.03419 58.5349
    endloop
  endfacet
  facet normal -0.707117 -3.86902e-05 -0.707097
    outer loop
      vertex 4.81763 -7.13292 58.7824
      vertex 4.24595 -5.37347 59.354
      vertex 5.59999 -6.80886 58
    endloop
  endfacet
  facet normal -0.707103 -2.98249e-05 -0.70711
    outer loop
      vertex 4.24595 -5.37347 59.354
      vertex 4.81763 -7.13292 58.7824
      vertex 3.38385 -5.58044 60.2161
    endloop
  endfacet
  facet normal -0.707085 2.8718e-06 -0.707128
    outer loop
      vertex 3.67326 -7.40766 59.9267
      vertex 3.38385 -5.58044 60.2161
      vertex 4.81763 -7.13292 58.7824
    endloop
  endfacet
  facet normal -0.707124 -9.46678e-06 -0.707089
    outer loop
      vertex 3.38385 -5.58044 60.2161
      vertex 3.67326 -7.40766 59.9267
      vertex 2.59999 -5.64213 61
    endloop
  endfacet
  facet normal -0.707117 -0 -0.707097
    outer loop
      vertex 2.59999 -5.64213 61
      vertex 3.67326 -7.40766 59.9267
      vertex 2.59999 -7.49213 61
    endloop
  endfacet
  facet normal -0.707107 0 -0.707107
    outer loop
      vertex 5.59999 48.15 58
      vertex 2.59999 50 61
      vertex 5.59999 50 58
    endloop
  endfacet
  facet normal -0.707107 -0 -0.707107
    outer loop
      vertex 2.59999 50 61
      vertex 5.59999 48.15 58
      vertex 2.59999 48.15 61
    endloop
  endfacet
  facet normal -0.707107 0 -0.707107
    outer loop
      vertex 5.59999 -50 58
      vertex 2.59999 -48.15 61
      vertex 5.59999 -48.15 58
    endloop
  endfacet
  facet normal -0.707107 -0 -0.707107
    outer loop
      vertex 2.59999 -48.15 61
      vertex 5.59999 -50 58
      vertex 2.59999 -50 61
    endloop
  endfacet
  facet normal -0.707107 0 0.707107
    outer loop
      vertex 2.59999 48.15 61
      vertex 3.09999 50 61.5
      vertex 2.59999 50 61
    endloop
  endfacet
  facet normal -0.707107 0 0.707107
    outer loop
      vertex 3.09999 50 61.5
      vertex 2.59999 48.15 61
      vertex 3.09999 48.15 61.5
    endloop
  endfacet
  facet normal -0.707107 0 0.707107
    outer loop
      vertex 2.59999 -50 61
      vertex 3.09999 -48.15 61.5
      vertex 2.59999 -48.15 61
    endloop
  endfacet
  facet normal -0.707107 0 0.707107
    outer loop
      vertex 3.09999 -48.15 61.5
      vertex 2.59999 -50 61
      vertex 3.09999 -50 61.5
    endloop
  endfacet
  facet normal -0.707107 0 0.707107
    outer loop
      vertex 2.59999 5.64213 61
      vertex 3.09999 7.45278 61.5
      vertex 2.59999 7.49213 61
    endloop
  endfacet
  facet normal -0.707107 0 0.707107
    outer loop
      vertex 3.09999 7.45278 61.5
      vertex 2.59999 5.64213 61
      vertex 3.09999 5.60278 61.5
    endloop
  endfacet
  facet normal -0.707107 0 0.707107
    outer loop
      vertex 2.59999 -5.64213 61
      vertex 3.09999 -7.45278 61.5
      vertex 3.09999 -5.60278 61.5
    endloop
  endfacet
  facet normal -0.707107 0 0.707107
    outer loop
      vertex 3.09999 -7.45278 61.5
      vertex 2.59999 -5.64213 61
      vertex 2.59999 -7.49213 61
    endloop
  endfacet
  facet normal -0.707107 0 -0.707107
    outer loop
      vertex 3.09999 7.45278 61.5
      vertex 2.59999 5.64213 62
      vertex 2.59999 7.49213 62
    endloop
  endfacet
  facet normal -0.707107 0 -0.707107
    outer loop
      vertex 2.59999 5.64213 62
      vertex 3.09999 7.45278 61.5
      vertex 3.09999 5.60278 61.5
    endloop
  endfacet
  facet normal -0.707107 0 -0.707107
    outer loop
      vertex 3.09999 -7.45278 61.5
      vertex 2.59999 -5.64213 62
      vertex 3.09999 -5.60278 61.5
    endloop
  endfacet
  facet normal -0.707107 -0 -0.707107
    outer loop
      vertex 2.59999 -5.64213 62
      vertex 3.09999 -7.45278 61.5
      vertex 2.59999 -7.49213 62
    endloop
  endfacet
  facet normal -0.707107 0 -0.707107
    outer loop
      vertex 3.09999 48.15 61.5
      vertex 2.59999 50 62
      vertex 3.09999 50 61.5
    endloop
  endfacet
  facet normal -0.707107 -0 -0.707107
    outer loop
      vertex 2.59999 50 62
      vertex 3.09999 48.15 61.5
      vertex 2.59999 48.15 62
    endloop
  endfacet
  facet normal -0.707107 0 -0.707107
    outer loop
      vertex 3.09999 -50 61.5
      vertex 2.59999 -48.15 62
      vertex 3.09999 -48.15 61.5
    endloop
  endfacet
  facet normal -0.707107 -0 -0.707107
    outer loop
      vertex 2.59999 -48.15 62
      vertex 3.09999 -50 61.5
      vertex 2.59999 -50 62
    endloop
  endfacet
  facet normal -1 0 0
    outer loop
      vertex 2.5 -37.95 0
      vertex 2.5 -5.65 1.84999
      vertex 2.5 -5.65 0
    endloop
  endfacet
  facet normal -1 -0 0
    outer loop
      vertex 2.5 -5.65 1.84999
      vertex 2.5 -37.95 0
      vertex 2.5 -37.95 1.84999
    endloop
  endfacet
  facet normal -1 0 0
    outer loop
      vertex 2.5 48.35 0
      vertex 2.5 50 1.84999
      vertex 2.5 50 0
    endloop
  endfacet
  facet normal -1 -0 0
    outer loop
      vertex 2.5 50 1.84999
      vertex 2.5 48.35 0
      vertex 2.5 48.35 1.84999
    endloop
  endfacet
  facet normal -1 0 0
    outer loop
      vertex 2.5 -50 0
      vertex 2.5 -48.35 1.84999
      vertex 2.5 -48.35 0
    endloop
  endfacet
  facet normal -1 -0 0
    outer loop
      vertex 2.5 -48.35 1.84999
      vertex 2.5 -50 0
      vertex 2.5 -50 1.84999
    endloop
  endfacet
  facet normal -1 0 0
    outer loop
      vertex 2.5 15.85 0
      vertex 2.5 37.95 1.84999
      vertex 2.5 37.95 0
    endloop
  endfacet
  facet normal -1 -0 0
    outer loop
      vertex 2.5 37.95 1.84999
      vertex 2.5 15.85 0
      vertex 2.5 15.85 1.84999
    endloop
  endfacet
  facet normal 0 0 1
    outer loop
      vertex 131.15 160.05 11.1
      vertex 133 160.05 11.1
      vertex 132.902 161.294 11.1
    endloop
  endfacet
  facet normal 0 0 1
    outer loop
      vertex 133 160.05 11.1
      vertex 131.15 160.05 11.1
      vertex 133 79.95 11.1
    endloop
  endfacet
  facet normal 0 0 1
    outer loop
      vertex 131.075 161.004 11.1
      vertex 132.902 161.294 11.1
      vertex 132.611 162.507 11.1
    endloop
  endfacet
  facet normal 0 0 1
    outer loop
      vertex 131.15 79.9499 11.1
      vertex 133 79.95 11.1
      vertex 131.15 160.05 11.1
    endloop
  endfacet
  facet normal 0 0 1
    outer loop
      vertex 130.851 161.935 11.1
      vertex 132.611 162.507 11.1
      vertex 132.133 163.659 11.1
    endloop
  endfacet
  facet normal 0 0 1
    outer loop
      vertex 133 79.95 11.1
      vertex 131.15 79.9499 11.1
      vertex 132.902 78.7063 11.1
    endloop
  endfacet
  facet normal 0 0 1
    outer loop
      vertex 130.485 162.819 11.1
      vertex 132.133 163.659 11.1
      vertex 131.482 164.723 11.1
    endloop
  endfacet
  facet normal -0 0 1
    outer loop
      vertex 131.075 78.9958 11.1
      vertex 132.902 78.7063 11.1
      vertex 131.15 79.9499 11.1
    endloop
  endfacet
  facet normal 0 0 1
    outer loop
      vertex 132.902 78.7063 11.1
      vertex 131.075 78.9958 11.1
      vertex 132.611 77.4933 11.1
    endloop
  endfacet
  facet normal 0 0 1
    outer loop
      vertex 132.902 161.294 11.1
      vertex 131.075 161.004 11.1
      vertex 131.15 160.05 11.1
    endloop
  endfacet
  facet normal 0 0 1
    outer loop
      vertex 132.611 162.507 11.1
      vertex 130.851 161.935 11.1
      vertex 131.075 161.004 11.1
    endloop
  endfacet
  facet normal 0 0 1
    outer loop
      vertex 129.985 163.635 11.1
      vertex 131.482 164.723 11.1
      vertex 130.671 165.671 11.1
    endloop
  endfacet
  facet normal 0 0 1
    outer loop
      vertex 132.133 163.659 11.1
      vertex 130.485 162.819 11.1
      vertex 130.851 161.935 11.1
    endloop
  endfacet
  facet normal 0 0 1
    outer loop
      vertex 131.482 164.723 11.1
      vertex 129.985 163.635 11.1
      vertex 130.485 162.819 11.1
    endloop
  endfacet
  facet normal 0 0 1
    outer loop
      vertex 129.363 164.363 11.1
      vertex 130.671 165.671 11.1
      vertex 129.723 166.482 11.1
    endloop
  endfacet
  facet normal 0 0 1
    outer loop
      vertex 130.671 165.671 11.1
      vertex 129.363 164.363 11.1
      vertex 129.985 163.635 11.1
    endloop
  endfacet
  facet normal 0 0 1
    outer loop
      vertex 128.635 164.985 11.1
      vertex 129.723 166.482 11.1
      vertex 128.659 167.133 11.1
    endloop
  endfacet
  facet normal 0 0 1
    outer loop
      vertex 129.723 166.482 11.1
      vertex 128.635 164.985 11.1
      vertex 129.363 164.363 11.1
    endloop
  endfacet
  facet normal 0 0 1
    outer loop
      vertex 128.659 167.133 11.1
      vertex 127.819 165.485 11.1
      vertex 128.635 164.985 11.1
    endloop
  endfacet
  facet normal 0 0 1
    outer loop
      vertex 127.507 167.611 11.1
      vertex 127.819 165.485 11.1
      vertex 128.659 167.133 11.1
    endloop
  endfacet
  facet normal 0 0 1
    outer loop
      vertex 127.507 167.611 11.1
      vertex 126.935 165.851 11.1
      vertex 127.819 165.485 11.1
    endloop
  endfacet
  facet normal 0 0 1
    outer loop
      vertex 126.294 167.902 11.1
      vertex 126.935 165.851 11.1
      vertex 127.507 167.611 11.1
    endloop
  endfacet
  facet normal 0 0 1
    outer loop
      vertex 126.294 167.902 11.1
      vertex 126.004 166.075 11.1
      vertex 126.935 165.851 11.1
    endloop
  endfacet
  facet normal 0 0 1
    outer loop
      vertex 126.294 167.902 11.1
      vertex 125.05 166.15 11.1
      vertex 126.004 166.075 11.1
    endloop
  endfacet
  facet normal 0 0 1
    outer loop
      vertex 125.05 168 11.1
      vertex 125.05 166.15 11.1
      vertex 126.294 167.902 11.1
    endloop
  endfacet
  facet normal -0 0 1
    outer loop
      vertex 2.5 168 11.1
      vertex 125.05 166.15 11.1
      vertex 125.05 168 11.1
    endloop
  endfacet
  facet normal 0 0 1
    outer loop
      vertex 125.05 166.15 11.1
      vertex 2.5 168 11.1
      vertex 2.5 166.15 11.1
    endloop
  endfacet
  facet normal -0 0 1
    outer loop
      vertex 130.851 78.065 11.1
      vertex 132.611 77.4933 11.1
      vertex 131.075 78.9958 11.1
    endloop
  endfacet
  facet normal 0 0 1
    outer loop
      vertex 132.611 77.4933 11.1
      vertex 130.851 78.065 11.1
      vertex 132.133 76.3408 11.1
    endloop
  endfacet
  facet normal -0 0 1
    outer loop
      vertex 130.485 77.1807 11.1
      vertex 132.133 76.3408 11.1
      vertex 130.851 78.065 11.1
    endloop
  endfacet
  facet normal 0 0 1
    outer loop
      vertex 132.133 76.3408 11.1
      vertex 130.485 77.1807 11.1
      vertex 131.482 75.2771 11.1
    endloop
  endfacet
  facet normal -0 0 1
    outer loop
      vertex 129.985 76.3645 11.1
      vertex 131.482 75.2771 11.1
      vertex 130.485 77.1807 11.1
    endloop
  endfacet
  facet normal 0 0 1
    outer loop
      vertex 131.482 75.2771 11.1
      vertex 129.985 76.3645 11.1
      vertex 130.671 74.3285 11.1
    endloop
  endfacet
  facet normal -0 0 1
    outer loop
      vertex 129.363 75.6367 11.1
      vertex 130.671 74.3285 11.1
      vertex 129.985 76.3645 11.1
    endloop
  endfacet
  facet normal 0 0 1
    outer loop
      vertex 130.671 74.3285 11.1
      vertex 129.363 75.6367 11.1
      vertex 129.723 73.5183 11.1
    endloop
  endfacet
  facet normal -0 0 1
    outer loop
      vertex 128.635 75.015 11.1
      vertex 129.723 73.5183 11.1
      vertex 129.363 75.6367 11.1
    endloop
  endfacet
  facet normal 0 0 1
    outer loop
      vertex 129.723 73.5183 11.1
      vertex 128.635 75.015 11.1
      vertex 128.659 72.8665 11.1
    endloop
  endfacet
  facet normal -0 0 1
    outer loop
      vertex 127.819 74.5149 11.1
      vertex 128.659 72.8665 11.1
      vertex 128.635 75.015 11.1
    endloop
  endfacet
  facet normal 0 0 1
    outer loop
      vertex 127.819 74.5149 11.1
      vertex 127.507 72.3891 11.1
      vertex 128.659 72.8665 11.1
    endloop
  endfacet
  facet normal -0 0 1
    outer loop
      vertex 126.935 74.1486 11.1
      vertex 127.507 72.3891 11.1
      vertex 127.819 74.5149 11.1
    endloop
  endfacet
  facet normal 0 0 1
    outer loop
      vertex 126.935 74.1486 11.1
      vertex 126.294 72.0979 11.1
      vertex 127.507 72.3891 11.1
    endloop
  endfacet
  facet normal -0 0 1
    outer loop
      vertex 126.004 73.9251 11.1
      vertex 126.294 72.0979 11.1
      vertex 126.935 74.1486 11.1
    endloop
  endfacet
  facet normal -0 0 1
    outer loop
      vertex 125.05 73.85 11.1
      vertex 126.294 72.0979 11.1
      vertex 126.004 73.9251 11.1
    endloop
  endfacet
  facet normal 0 0 1
    outer loop
      vertex 125.05 73.85 11.1
      vertex 125.05 72 11.1
      vertex 126.294 72.0979 11.1
    endloop
  endfacet
  facet normal -0 0 1
    outer loop
      vertex 2.5 73.85 11.1
      vertex 125.05 72 11.1
      vertex 125.05 73.85 11.1
    endloop
  endfacet
  facet normal 0 0 1
    outer loop
      vertex 125.05 72 11.1
      vertex 2.5 73.85 11.1
      vertex 2.5 72 11.1
    endloop
  endfacet
  facet normal 0 -1 0
    outer loop
      vertex 2.5 72 8.1
      vertex 125.05 72 11.1
      vertex 2.5 72 11.1
    endloop
  endfacet
  facet normal 0 -1 -0
    outer loop
      vertex 125.05 72 11.1
      vertex 2.5 72 8.1
      vertex 125.05 72 8.1
    endloop
  endfacet
  facet normal 0.233434 -0.972373 0
    outer loop
      vertex 126.294 72.0979 8.1
      vertex 127.507 72.3891 11.1
      vertex 126.294 72.0979 11.1
    endloop
  endfacet
  facet normal 0.233434 -0.972373 0
    outer loop
      vertex 127.507 72.3891 11.1
      vertex 126.294 72.0979 8.1
      vertex 127.507 72.3891 8.1
    endloop
  endfacet
  facet normal 1 -0 0
    outer loop
      vertex 133 79.95 11.1
      vertex 133 160.05 8.1
      vertex 133 160.05 11.1
    endloop
  endfacet
  facet normal 1 0 0
    outer loop
      vertex 133 160.05 8.1
      vertex 133 79.95 11.1
      vertex 133 79.95 8.1
    endloop
  endfacet
  facet normal 0.760082 -0.649827 0
    outer loop
      vertex 130.671 74.3285 11.1
      vertex 131.482 75.2771 8.1
      vertex 131.482 75.2771 11.1
    endloop
  endfacet
  facet normal 0.760082 -0.649827 0
    outer loop
      vertex 131.482 75.2771 8.1
      vertex 130.671 74.3285 11.1
      vertex 130.671 74.3285 8.1
    endloop
  endfacet
  facet normal 0.0784552 -0.996918 0
    outer loop
      vertex 125.05 72 8.1
      vertex 126.294 72.0979 11.1
      vertex 125.05 72 11.1
    endloop
  endfacet
  facet normal 0.0784552 -0.996918 0
    outer loop
      vertex 126.294 72.0979 11.1
      vertex 125.05 72 8.1
      vertex 126.294 72.0979 8.1
    endloop
  endfacet
  facet normal 0.650065 0.759879 -0
    outer loop
      vertex 130.671 165.671 8.1
      vertex 129.723 166.482 11.1
      vertex 130.671 165.671 11.1
    endloop
  endfacet
  facet normal 0.650065 0.759879 0
    outer loop
      vertex 129.723 166.482 11.1
      vertex 130.671 165.671 8.1
      vertex 129.723 166.482 8.1
    endloop
  endfacet
  facet normal 0 1 -0
    outer loop
      vertex 125.05 168 8.1
      vertex 2.5 168 11.1
      vertex 125.05 168 11.1
    endloop
  endfacet
  facet normal 0 1 0
    outer loop
      vertex 2.5 168 11.1
      vertex 125.05 168 8.1
      vertex 2.5 168 8.1
    endloop
  endfacet
  facet normal 0.923704 -0.383107 0
    outer loop
      vertex 132.133 76.3408 11.1
      vertex 132.611 77.4933 8.1
      vertex 132.611 77.4933 11.1
    endloop
  endfacet
  facet normal 0.923704 -0.383107 0
    outer loop
      vertex 132.611 77.4933 8.1
      vertex 132.133 76.3408 11.1
      vertex 132.133 76.3408 8.1
    endloop
  endfacet
  facet normal 0.996911 0.0785348 0
    outer loop
      vertex 133 160.05 11.1
      vertex 132.902 161.294 8.1
      vertex 132.902 161.294 11.1
    endloop
  endfacet
  facet normal 0.996911 0.0785348 0
    outer loop
      vertex 132.902 161.294 8.1
      vertex 133 160.05 11.1
      vertex 133 160.05 8.1
    endloop
  endfacet
  facet normal 0.759879 0.650065 0
    outer loop
      vertex 131.482 164.723 11.1
      vertex 130.671 165.671 8.1
      vertex 130.671 165.671 11.1
    endloop
  endfacet
  facet normal 0.759879 0.650065 0
    outer loop
      vertex 130.671 165.671 8.1
      vertex 131.482 164.723 11.1
      vertex 131.482 164.723 8.1
    endloop
  endfacet
  facet normal 0.972409 -0.233282 0
    outer loop
      vertex 132.611 77.4933 11.1
      vertex 132.902 78.7063 8.1
      vertex 132.902 78.7063 11.1
    endloop
  endfacet
  facet normal 0.972409 -0.233282 0
    outer loop
      vertex 132.902 78.7063 8.1
      vertex 132.611 77.4933 11.1
      vertex 132.611 77.4933 8.1
    endloop
  endfacet
  facet normal 0.382838 -0.923815 0
    outer loop
      vertex 127.507 72.3891 8.1
      vertex 128.659 72.8665 11.1
      vertex 127.507 72.3891 11.1
    endloop
  endfacet
  facet normal 0.382838 -0.923815 0
    outer loop
      vertex 128.659 72.8665 11.1
      vertex 127.507 72.3891 8.1
      vertex 128.659 72.8665 8.1
    endloop
  endfacet
  facet normal 0.649694 -0.760195 0
    outer loop
      vertex 129.723 73.5183 8.1
      vertex 130.671 74.3285 11.1
      vertex 129.723 73.5183 11.1
    endloop
  endfacet
  facet normal 0.649694 -0.760195 0
    outer loop
      vertex 130.671 74.3285 11.1
      vertex 129.723 73.5183 8.1
      vertex 130.671 74.3285 8.1
    endloop
  endfacet
  facet normal 0.923645 0.383249 0
    outer loop
      vertex 132.611 162.507 11.1
      vertex 132.133 163.659 8.1
      vertex 132.133 163.659 11.1
    endloop
  endfacet
  facet normal 0.923645 0.383249 0
    outer loop
      vertex 132.133 163.659 8.1
      vertex 132.611 162.507 11.1
      vertex 132.611 162.507 8.1
    endloop
  endfacet
  facet normal 0.853004 0.521904 0
    outer loop
      vertex 132.133 163.659 11.1
      vertex 131.482 164.723 8.1
      vertex 131.482 164.723 11.1
    endloop
  endfacet
  facet normal 0.853004 0.521904 0
    outer loop
      vertex 131.482 164.723 8.1
      vertex 132.133 163.659 11.1
      vertex 132.133 163.659 8.1
    endloop
  endfacet
  facet normal 0.521904 0.853004 -0
    outer loop
      vertex 129.723 166.482 8.1
      vertex 128.659 167.133 11.1
      vertex 129.723 166.482 11.1
    endloop
  endfacet
  facet normal 0.521904 0.853004 0
    outer loop
      vertex 128.659 167.133 11.1
      vertex 129.723 166.482 8.1
      vertex 128.659 167.133 8.1
    endloop
  endfacet
  facet normal 0.383249 0.923645 -0
    outer loop
      vertex 128.659 167.133 8.1
      vertex 127.507 167.611 11.1
      vertex 128.659 167.133 11.1
    endloop
  endfacet
  facet normal 0.383249 0.923645 0
    outer loop
      vertex 127.507 167.611 11.1
      vertex 128.659 167.133 8.1
      vertex 127.507 167.611 8.1
    endloop
  endfacet
  facet normal 0.52237 -0.852719 0
    outer loop
      vertex 128.659 72.8665 8.1
      vertex 129.723 73.5183 11.1
      vertex 128.659 72.8665 11.1
    endloop
  endfacet
  facet normal 0.52237 -0.852719 0
    outer loop
      vertex 129.723 73.5183 11.1
      vertex 128.659 72.8665 8.1
      vertex 129.723 73.5183 8.1
    endloop
  endfacet
  facet normal 0.972409 0.233282 0
    outer loop
      vertex 132.902 161.294 11.1
      vertex 132.611 162.507 8.1
      vertex 132.611 162.507 11.1
    endloop
  endfacet
  facet normal 0.972409 0.233282 0
    outer loop
      vertex 132.611 162.507 8.1
      vertex 132.902 161.294 11.1
      vertex 132.902 161.294 8.1
    endloop
  endfacet
  facet normal 0.0785348 0.996911 -0
    outer loop
      vertex 126.294 167.902 8.1
      vertex 125.05 168 11.1
      vertex 126.294 167.902 11.1
    endloop
  endfacet
  facet normal 0.0785348 0.996911 0
    outer loop
      vertex 125.05 168 11.1
      vertex 126.294 167.902 8.1
      vertex 125.05 168 8.1
    endloop
  endfacet
  facet normal 0.233282 0.972409 -0
    outer loop
      vertex 127.507 167.611 8.1
      vertex 126.294 167.902 11.1
      vertex 127.507 167.611 11.1
    endloop
  endfacet
  facet normal 0.233282 0.972409 0
    outer loop
      vertex 126.294 167.902 11.1
      vertex 127.507 167.611 8.1
      vertex 126.294 167.902 8.1
    endloop
  endfacet
  facet normal 0.852939 -0.522011 0
    outer loop
      vertex 131.482 75.2771 11.1
      vertex 132.133 76.3408 8.1
      vertex 132.133 76.3408 11.1
    endloop
  endfacet
  facet normal 0.852939 -0.522011 0
    outer loop
      vertex 132.133 76.3408 8.1
      vertex 131.482 75.2771 11.1
      vertex 131.482 75.2771 8.1
    endloop
  endfacet
  facet normal 0.99691 -0.0785536 0
    outer loop
      vertex 132.902 78.7063 11.1
      vertex 133 79.95 8.1
      vertex 133 79.95 11.1
    endloop
  endfacet
  facet normal 0.99691 -0.0785536 0
    outer loop
      vertex 133 79.95 8.1
      vertex 132.902 78.7063 11.1
      vertex 132.902 78.7063 8.1
    endloop
  endfacet
  facet normal -0.7602 0.64969 0
    outer loop
      vertex 129.363 75.6367 8.1
      vertex 129.985 76.3645 11.1
      vertex 129.985 76.3645 8.1
    endloop
  endfacet
  facet normal -0.7602 0.64969 0
    outer loop
      vertex 129.985 76.3645 11.1
      vertex 129.363 75.6367 8.1
      vertex 129.363 75.6367 11.1
    endloop
  endfacet
  facet normal 0 1 0
    outer loop
      vertex 125.05 73.85 11.1
      vertex 6.9 73.85 8.28
      vertex 2.5 73.85 11.1
    endloop
  endfacet
  facet normal 0 1 -0
    outer loop
      vertex 125.05 73.85 8.1
      vertex 6.9 73.85 8.28
      vertex 125.05 73.85 11.1
    endloop
  endfacet
  facet normal 0 1 0
    outer loop
      vertex 6.9 73.85 8.28
      vertex 125.05 73.85 8.1
      vertex 6.9 73.85 8.1
    endloop
  endfacet
  facet normal 0 1 0
    outer loop
      vertex 2.5 73.85 11.1
      vertex 6.9 73.85 8.28
      vertex 2.5 73.85 8.28
    endloop
  endfacet
  facet normal -1 0 0
    outer loop
      vertex 131.15 79.9499 8.1
      vertex 131.15 160.05 11.1
      vertex 131.15 160.05 8.1
    endloop
  endfacet
  facet normal -1 -0 0
    outer loop
      vertex 131.15 160.05 11.1
      vertex 131.15 79.9499 8.1
      vertex 131.15 79.9499 11.1
    endloop
  endfacet
  facet normal -0.233432 0.972373 0
    outer loop
      vertex 126.935 74.1486 8.1
      vertex 126.004 73.9251 11.1
      vertex 126.935 74.1486 11.1
    endloop
  endfacet
  facet normal -0.233432 0.972373 0
    outer loop
      vertex 126.004 73.9251 11.1
      vertex 126.935 74.1486 8.1
      vertex 126.004 73.9251 8.1
    endloop
  endfacet
  facet normal -0.0784784 0.996916 0
    outer loop
      vertex 126.004 73.9251 8.1
      vertex 125.05 73.85 11.1
      vertex 126.004 73.9251 11.1
    endloop
  endfacet
  facet normal -0.0784784 0.996916 0
    outer loop
      vertex 125.05 73.85 11.1
      vertex 126.004 73.9251 8.1
      vertex 125.05 73.85 8.1
    endloop
  endfacet
  facet normal 0 -1 0
    outer loop
      vertex 6.9 166.15 8.28
      vertex 2.5 166.15 11.1
      vertex 2.5 166.15 8.28
    endloop
  endfacet
  facet normal 0 -1 0
    outer loop
      vertex 2.5 166.15 11.1
      vertex 6.9 166.15 8.28
      vertex 125.05 166.15 11.1
    endloop
  endfacet
  facet normal 0 -1 0
    outer loop
      vertex 125.05 166.15 8.1
      vertex 6.9 166.15 8.28
      vertex 6.9 166.15 8.1
    endloop
  endfacet
  facet normal 0 -1 0
    outer loop
      vertex 6.9 166.15 8.28
      vertex 125.05 166.15 8.1
      vertex 125.05 166.15 11.1
    endloop
  endfacet
  facet normal -0.382804 0.92383 0
    outer loop
      vertex 127.819 74.5149 8.1
      vertex 126.935 74.1486 11.1
      vertex 127.819 74.5149 11.1
    endloop
  endfacet
  facet normal -0.382804 0.92383 0
    outer loop
      vertex 126.935 74.1486 11.1
      vertex 127.819 74.5149 8.1
      vertex 126.935 74.1486 8.1
    endloop
  endfacet
  facet normal -0.996925 0.0783664 0
    outer loop
      vertex 131.075 78.9958 8.1
      vertex 131.15 79.9499 11.1
      vertex 131.15 79.9499 8.1
    endloop
  endfacet
  facet normal -0.996925 0.0783664 0
    outer loop
      vertex 131.15 79.9499 11.1
      vertex 131.075 78.9958 8.1
      vertex 131.075 78.9958 11.1
    endloop
  endfacet
  facet normal -0.649405 0.760442 0
    outer loop
      vertex 129.363 75.6367 8.1
      vertex 128.635 75.015 11.1
      vertex 129.363 75.6367 11.1
    endloop
  endfacet
  facet normal -0.649405 0.760442 0
    outer loop
      vertex 128.635 75.015 11.1
      vertex 129.363 75.6367 8.1
      vertex 128.635 75.015 8.1
    endloop
  endfacet
  facet normal -0.52254 0.852615 0
    outer loop
      vertex 128.635 75.015 8.1
      vertex 127.819 74.5149 11.1
      vertex 128.635 75.015 11.1
    endloop
  endfacet
  facet normal -0.52254 0.852615 0
    outer loop
      vertex 127.819 74.5149 11.1
      vertex 128.635 75.015 8.1
      vertex 127.819 74.5149 8.1
    endloop
  endfacet
  facet normal -0.92394 -0.382536 0
    outer loop
      vertex 130.851 161.935 8.1
      vertex 130.485 162.819 11.1
      vertex 130.485 162.819 8.1
    endloop
  endfacet
  facet normal -0.92394 -0.382536 0
    outer loop
      vertex 130.485 162.819 11.1
      vertex 130.851 161.935 8.1
      vertex 130.851 161.935 11.1
    endloop
  endfacet
  facet normal -0.852661 -0.522464 0
    outer loop
      vertex 130.485 162.819 8.1
      vertex 129.985 163.635 11.1
      vertex 129.985 163.635 8.1
    endloop
  endfacet
  facet normal -0.852661 -0.522464 0
    outer loop
      vertex 129.985 163.635 11.1
      vertex 130.485 162.819 8.1
      vertex 130.485 162.819 11.1
    endloop
  endfacet
  facet normal -0.382536 -0.92394 0
    outer loop
      vertex 126.935 165.851 8.1
      vertex 127.819 165.485 11.1
      vertex 126.935 165.851 11.1
    endloop
  endfacet
  facet normal -0.382536 -0.92394 -0
    outer loop
      vertex 127.819 165.485 11.1
      vertex 126.935 165.851 8.1
      vertex 127.819 165.485 8.1
    endloop
  endfacet
  facet normal -0.923986 0.382426 0
    outer loop
      vertex 130.485 77.1807 8.1
      vertex 130.851 78.065 11.1
      vertex 130.851 78.065 8.1
    endloop
  endfacet
  facet normal -0.923986 0.382426 0
    outer loop
      vertex 130.851 78.065 11.1
      vertex 130.485 77.1807 8.1
      vertex 130.485 77.1807 11.1
    endloop
  endfacet
  facet normal -0.852718 0.522371 0
    outer loop
      vertex 129.985 76.3645 8.1
      vertex 130.485 77.1807 11.1
      vertex 130.485 77.1807 8.1
    endloop
  endfacet
  facet normal -0.852718 0.522371 0
    outer loop
      vertex 130.485 77.1807 11.1
      vertex 129.985 76.3645 8.1
      vertex 129.985 76.3645 11.1
    endloop
  endfacet
  facet normal -0.972254 -0.233926 0
    outer loop
      vertex 131.075 161.004 8.1
      vertex 130.851 161.935 11.1
      vertex 130.851 161.935 8.1
    endloop
  endfacet
  facet normal -0.972254 -0.233926 0
    outer loop
      vertex 130.851 161.935 11.1
      vertex 131.075 161.004 8.1
      vertex 131.075 161.004 11.1
    endloop
  endfacet
  facet normal -0.522464 -0.852661 0
    outer loop
      vertex 127.819 165.485 8.1
      vertex 128.635 164.985 11.1
      vertex 127.819 165.485 11.1
    endloop
  endfacet
  facet normal -0.522464 -0.852661 -0
    outer loop
      vertex 128.635 164.985 11.1
      vertex 127.819 165.485 8.1
      vertex 128.635 164.985 8.1
    endloop
  endfacet
  facet normal -0.760288 -0.649586 0
    outer loop
      vertex 129.985 163.635 8.1
      vertex 129.363 164.363 11.1
      vertex 129.363 164.363 8.1
    endloop
  endfacet
  facet normal -0.760288 -0.649586 0
    outer loop
      vertex 129.363 164.363 11.1
      vertex 129.985 163.635 8.1
      vertex 129.985 163.635 11.1
    endloop
  endfacet
  facet normal -0.0783745 -0.996924 0
    outer loop
      vertex 125.05 166.15 8.1
      vertex 126.004 166.075 11.1
      vertex 125.05 166.15 11.1
    endloop
  endfacet
  facet normal -0.0783745 -0.996924 -0
    outer loop
      vertex 126.004 166.075 11.1
      vertex 125.05 166.15 8.1
      vertex 126.004 166.075 8.1
    endloop
  endfacet
  facet normal -0.233926 -0.972254 0
    outer loop
      vertex 126.004 166.075 8.1
      vertex 126.935 165.851 11.1
      vertex 126.004 166.075 11.1
    endloop
  endfacet
  facet normal -0.233926 -0.972254 -0
    outer loop
      vertex 126.935 165.851 11.1
      vertex 126.004 166.075 8.1
      vertex 126.935 165.851 8.1
    endloop
  endfacet
  facet normal -0 0 1
    outer loop
      vertex 6.39297 112.36 8.1
      vertex 6.9 83.2 8.1
      vertex 7.54026 113.063 8.1
    endloop
  endfacet
  facet normal -0 0 1
    outer loop
      vertex 5.14982 111.845 8.1
      vertex 6.9 83.2 8.1
      vertex 6.39297 112.36 8.1
    endloop
  endfacet
  facet normal -0 0 1
    outer loop
      vertex 3.84142 111.531 8.1
      vertex 6.9 83.2 8.1
      vertex 5.14982 111.845 8.1
    endloop
  endfacet
  facet normal 0 0 1
    outer loop
      vertex 2.5 83.2 8.1
      vertex 3.84142 111.531 8.1
      vertex 2.5 111.425 8.1
    endloop
  endfacet
  facet normal 0 0 1
    outer loop
      vertex 3.84142 111.531 8.1
      vertex 2.5 83.2 8.1
      vertex 6.9 83.2 8.1
    endloop
  endfacet
  facet normal -0 0 1
    outer loop
      vertex 2.5 156.8 8.1
      vertex 6.9 137.85 8.1
      vertex 6.9 156.8 8.1
    endloop
  endfacet
  facet normal 0 0 1
    outer loop
      vertex 6.9 137.85 8.1
      vertex 2.5 156.8 8.1
      vertex 2.5 137.85 8.1
    endloop
  endfacet
  facet normal 0 0 1
    outer loop
      vertex 125.05 166.15 8.1
      vertex 131.15 160.05 8.1
      vertex 131.075 161.004 8.1
    endloop
  endfacet
  facet normal 0 0 1
    outer loop
      vertex 131.15 160.05 8.1
      vertex 125.05 166.15 8.1
      vertex 131.15 79.9499 8.1
    endloop
  endfacet
  facet normal 0 0 1
    outer loop
      vertex 125.05 166.15 8.1
      vertex 131.075 161.004 8.1
      vertex 130.851 161.935 8.1
    endloop
  endfacet
  facet normal 0 0 1
    outer loop
      vertex 125.05 73.85 8.1
      vertex 131.15 79.9499 8.1
      vertex 125.05 166.15 8.1
    endloop
  endfacet
  facet normal 0 0 1
    outer loop
      vertex 125.05 166.15 8.1
      vertex 130.851 161.935 8.1
      vertex 130.485 162.819 8.1
    endloop
  endfacet
  facet normal 0 0 1
    outer loop
      vertex 131.15 79.9499 8.1
      vertex 125.05 73.85 8.1
      vertex 131.075 78.9958 8.1
    endloop
  endfacet
  facet normal 0 0 1
    outer loop
      vertex 125.05 166.15 8.1
      vertex 130.485 162.819 8.1
      vertex 129.985 163.635 8.1
    endloop
  endfacet
  facet normal 0 0 1
    outer loop
      vertex 131.075 78.9958 8.1
      vertex 125.05 73.85 8.1
      vertex 130.851 78.065 8.1
    endloop
  endfacet
  facet normal 0 0 1
    outer loop
      vertex 125.05 166.15 8.1
      vertex 129.985 163.635 8.1
      vertex 129.363 164.363 8.1
    endloop
  endfacet
  facet normal 0 0 1
    outer loop
      vertex 130.851 78.065 8.1
      vertex 125.05 73.85 8.1
      vertex 130.485 77.1807 8.1
    endloop
  endfacet
  facet normal 0 0 1
    outer loop
      vertex 125.05 166.15 8.1
      vertex 129.363 164.363 8.1
      vertex 128.635 164.985 8.1
    endloop
  endfacet
  facet normal 0 0 1
    outer loop
      vertex 130.485 77.1807 8.1
      vertex 125.05 73.85 8.1
      vertex 129.985 76.3645 8.1
    endloop
  endfacet
  facet normal 0 0 1
    outer loop
      vertex 125.05 166.15 8.1
      vertex 128.635 164.985 8.1
      vertex 127.819 165.485 8.1
    endloop
  endfacet
  facet normal 0 0 1
    outer loop
      vertex 129.985 76.3645 8.1
      vertex 125.05 73.85 8.1
      vertex 129.363 75.6367 8.1
    endloop
  endfacet
  facet normal 0 0 1
    outer loop
      vertex 125.05 166.15 8.1
      vertex 127.819 165.485 8.1
      vertex 126.935 165.851 8.1
    endloop
  endfacet
  facet normal 0 0 1
    outer loop
      vertex 129.363 75.6367 8.1
      vertex 125.05 73.85 8.1
      vertex 128.635 75.015 8.1
    endloop
  endfacet
  facet normal 0 0 1
    outer loop
      vertex 125.05 166.15 8.1
      vertex 126.935 165.851 8.1
      vertex 126.004 166.075 8.1
    endloop
  endfacet
  facet normal 0 0 1
    outer loop
      vertex 128.635 75.015 8.1
      vertex 125.05 73.85 8.1
      vertex 127.819 74.5149 8.1
    endloop
  endfacet
  facet normal 0 0 1
    outer loop
      vertex 127.819 74.5149 8.1
      vertex 125.05 73.85 8.1
      vertex 126.935 74.1486 8.1
    endloop
  endfacet
  facet normal 0 0 1
    outer loop
      vertex 126.935 74.1486 8.1
      vertex 125.05 73.85 8.1
      vertex 126.004 73.9251 8.1
    endloop
  endfacet
  facet normal 0 0 1
    outer loop
      vertex 125.05 166.15 8.1
      vertex 11.075 120 8.1
      vertex 125.05 73.85 8.1
    endloop
  endfacet
  facet normal 0 0 1
    outer loop
      vertex 125.05 166.15 8.1
      vertex 10.9694 121.341 8.1
      vertex 11.075 120 8.1
    endloop
  endfacet
  facet normal 0 0 1
    outer loop
      vertex 125.05 166.15 8.1
      vertex 10.6553 122.65 8.1
      vertex 10.9694 121.341 8.1
    endloop
  endfacet
  facet normal -0 0 1
    outer loop
      vertex 6.9 137.85 8.1
      vertex 10.6553 122.65 8.1
      vertex 125.05 166.15 8.1
    endloop
  endfacet
  facet normal 0 0 1
    outer loop
      vertex 10.6553 122.65 8.1
      vertex 6.9 137.85 8.1
      vertex 10.1404 123.893 8.1
    endloop
  endfacet
  facet normal 0 0 1
    outer loop
      vertex 10.1404 123.893 8.1
      vertex 6.9 137.85 8.1
      vertex 9.43732 125.04 8.1
    endloop
  endfacet
  facet normal 0 0 1
    outer loop
      vertex 9.43732 125.04 8.1
      vertex 6.9 137.85 8.1
      vertex 8.56344 126.063 8.1
    endloop
  endfacet
  facet normal 0 0 1
    outer loop
      vertex 6.9 156.8 8.1
      vertex 125.05 166.15 8.1
      vertex 6.9 166.15 8.1
    endloop
  endfacet
  facet normal 0 0 1
    outer loop
      vertex 6.9 137.85 8.1
      vertex 125.05 166.15 8.1
      vertex 6.9 156.8 8.1
    endloop
  endfacet
  facet normal 0 0 1
    outer loop
      vertex 8.56344 126.063 8.1
      vertex 6.9 137.85 8.1
      vertex 7.54026 126.937 8.1
    endloop
  endfacet
  facet normal -0 0 1
    outer loop
      vertex 6.9 127.45 8.1
      vertex 7.54026 126.937 8.1
      vertex 6.9 137.85 8.1
    endloop
  endfacet
  facet normal 0 0 1
    outer loop
      vertex 7.54026 126.937 8.1
      vertex 6.9 127.45 8.1
      vertex 6.70364 127.45 8.1
    endloop
  endfacet
  facet normal -0 0 1
    outer loop
      vertex 10.9694 118.659 8.1
      vertex 125.05 73.85 8.1
      vertex 11.075 120 8.1
    endloop
  endfacet
  facet normal -0 0 1
    outer loop
      vertex 10.6553 117.35 8.1
      vertex 125.05 73.85 8.1
      vertex 10.9694 118.659 8.1
    endloop
  endfacet
  facet normal 0 0 1
    outer loop
      vertex 6.9 83.2 8.1
      vertex 10.6553 117.35 8.1
      vertex 10.1404 116.107 8.1
    endloop
  endfacet
  facet normal 0 0 1
    outer loop
      vertex 6.9 83.2 8.1
      vertex 10.1404 116.107 8.1
      vertex 9.43732 114.96 8.1
    endloop
  endfacet
  facet normal 0 0 1
    outer loop
      vertex 6.9 83.2 8.1
      vertex 9.43732 114.96 8.1
      vertex 8.56344 113.937 8.1
    endloop
  endfacet
  facet normal 0 0 1
    outer loop
      vertex 6.9 83.2 8.1
      vertex 8.56344 113.937 8.1
      vertex 7.54026 113.063 8.1
    endloop
  endfacet
  facet normal 0 0 1
    outer loop
      vertex 10.6553 117.35 8.1
      vertex 6.9 83.2 8.1
      vertex 125.05 73.85 8.1
    endloop
  endfacet
  facet normal 0 0 1
    outer loop
      vertex 125.05 73.85 8.1
      vertex 6.9 83.2 8.1
      vertex 6.9 73.85 8.1
    endloop
  endfacet
  facet normal -0.972243 0.233973 0
    outer loop
      vertex 130.851 78.065 8.1
      vertex 131.075 78.9958 11.1
      vertex 131.075 78.9958 8.1
    endloop
  endfacet
  facet normal -0.972243 0.233973 0
    outer loop
      vertex 131.075 78.9958 11.1
      vertex 130.851 78.065 8.1
      vertex 130.851 78.065 11.1
    endloop
  endfacet
  facet normal -0.996924 -0.0783745 0
    outer loop
      vertex 131.15 160.05 8.1
      vertex 131.075 161.004 11.1
      vertex 131.075 161.004 8.1
    endloop
  endfacet
  facet normal -0.996924 -0.0783745 0
    outer loop
      vertex 131.075 161.004 11.1
      vertex 131.15 160.05 8.1
      vertex 131.15 160.05 11.1
    endloop
  endfacet
  facet normal -0.649586 -0.760288 0
    outer loop
      vertex 128.635 164.985 8.1
      vertex 129.363 164.363 11.1
      vertex 128.635 164.985 11.1
    endloop
  endfacet
  facet normal -0.649586 -0.760288 -0
    outer loop
      vertex 129.363 164.363 11.1
      vertex 128.635 164.985 8.1
      vertex 129.363 164.363 8.1
    endloop
  endfacet
  facet normal 0 0 1
    outer loop
      vertex 132.133 163.659 8.1
      vertex 137 163.9 8.1
      vertex 136.9 165.167 8.1
    endloop
  endfacet
  facet normal 0 0 1
    outer loop
      vertex 137 163.9 8.1
      vertex 133 160.05 8.1
      vertex 137 76.0999 8.1
    endloop
  endfacet
  facet normal 0 0 1
    outer loop
      vertex 132.133 163.659 8.1
      vertex 136.9 165.167 8.1
      vertex 136.604 166.403 8.1
    endloop
  endfacet
  facet normal -0 0 1
    outer loop
      vertex 133 79.95 8.1
      vertex 137 76.0999 8.1
      vertex 133 160.05 8.1
    endloop
  endfacet
  facet normal 0 0 1
    outer loop
      vertex 131.482 164.723 8.1
      vertex 136.604 166.403 8.1
      vertex 136.117 167.577 8.1
    endloop
  endfacet
  facet normal -0 0 1
    outer loop
      vertex 132.902 78.7063 8.1
      vertex 137 76.0999 8.1
      vertex 133 79.95 8.1
    endloop
  endfacet
  facet normal 0 0 1
    outer loop
      vertex 131.482 164.723 8.1
      vertex 136.117 167.577 8.1
      vertex 135.453 168.661 8.1
    endloop
  endfacet
  facet normal -0 0 1
    outer loop
      vertex 132.611 77.4933 8.1
      vertex 137 76.0999 8.1
      vertex 132.902 78.7063 8.1
    endloop
  endfacet
  facet normal 0 0 1
    outer loop
      vertex 130.671 165.671 8.1
      vertex 135.453 168.661 8.1
      vertex 134.628 169.628 8.1
    endloop
  endfacet
  facet normal -0 0 1
    outer loop
      vertex 132.133 76.3408 8.1
      vertex 137 76.0999 8.1
      vertex 132.611 77.4933 8.1
    endloop
  endfacet
  facet normal 0 0 1
    outer loop
      vertex 130.671 165.671 8.1
      vertex 134.628 169.628 8.1
      vertex 133.661 170.453 8.1
    endloop
  endfacet
  facet normal 0 0 1
    outer loop
      vertex 137 76.0999 8.1
      vertex 132.133 76.3408 8.1
      vertex 136.9 74.8329 8.1
    endloop
  endfacet
  facet normal 0 0 1
    outer loop
      vertex 136.9 74.8329 8.1
      vertex 132.133 76.3408 8.1
      vertex 136.604 73.597 8.1
    endloop
  endfacet
  facet normal 0 0 1
    outer loop
      vertex 137 163.9 8.1
      vertex 132.902 161.294 8.1
      vertex 133 160.05 8.1
    endloop
  endfacet
  facet normal 0 0 1
    outer loop
      vertex 137 163.9 8.1
      vertex 132.611 162.507 8.1
      vertex 132.902 161.294 8.1
    endloop
  endfacet
  facet normal 0 0 1
    outer loop
      vertex 129.723 166.482 8.1
      vertex 133.661 170.453 8.1
      vertex 132.577 171.117 8.1
    endloop
  endfacet
  facet normal 0 0 1
    outer loop
      vertex 137 163.9 8.1
      vertex 132.133 163.659 8.1
      vertex 132.611 162.507 8.1
    endloop
  endfacet
  facet normal 0 0 1
    outer loop
      vertex 136.604 166.403 8.1
      vertex 131.482 164.723 8.1
      vertex 132.133 163.659 8.1
    endloop
  endfacet
  facet normal 0 0 1
    outer loop
      vertex 129.723 166.482 8.1
      vertex 132.577 171.117 8.1
      vertex 131.403 171.604 8.1
    endloop
  endfacet
  facet normal 0 0 1
    outer loop
      vertex 135.453 168.661 8.1
      vertex 130.671 165.671 8.1
      vertex 131.482 164.723 8.1
    endloop
  endfacet
  facet normal 0 0 1
    outer loop
      vertex 128.659 167.133 8.1
      vertex 131.403 171.604 8.1
      vertex 130.167 171.9 8.1
    endloop
  endfacet
  facet normal 0 0 1
    outer loop
      vertex 133.661 170.453 8.1
      vertex 129.723 166.482 8.1
      vertex 130.671 165.671 8.1
    endloop
  endfacet
  facet normal 0 0 1
    outer loop
      vertex 128.659 167.133 8.1
      vertex 130.167 171.9 8.1
      vertex 128.9 172 8.1
    endloop
  endfacet
  facet normal 0 0 1
    outer loop
      vertex 131.403 171.604 8.1
      vertex 128.659 167.133 8.1
      vertex 129.723 166.482 8.1
    endloop
  endfacet
  facet normal 0 0 1
    outer loop
      vertex 128.9 172 8.1
      vertex 127.507 167.611 8.1
      vertex 128.659 167.133 8.1
    endloop
  endfacet
  facet normal 0 0 1
    outer loop
      vertex 128.9 172 8.1
      vertex 126.294 167.902 8.1
      vertex 127.507 167.611 8.1
    endloop
  endfacet
  facet normal 0 0 1
    outer loop
      vertex 128.9 172 8.1
      vertex 125.05 168 8.1
      vertex 126.294 167.902 8.1
    endloop
  endfacet
  facet normal -0 0 1
    outer loop
      vertex 2.5 172 8.1
      vertex 125.05 168 8.1
      vertex 128.9 172 8.1
    endloop
  endfacet
  facet normal 0 0 1
    outer loop
      vertex 125.05 168 8.1
      vertex 2.5 172 8.1
      vertex 2.5 168 8.1
    endloop
  endfacet
  facet normal -0 0 1
    outer loop
      vertex 131.482 75.2771 8.1
      vertex 136.604 73.597 8.1
      vertex 132.133 76.3408 8.1
    endloop
  endfacet
  facet normal 0 0 1
    outer loop
      vertex 136.604 73.597 8.1
      vertex 131.482 75.2771 8.1
      vertex 136.117 72.4227 8.1
    endloop
  endfacet
  facet normal 0 0 1
    outer loop
      vertex 136.117 72.4227 8.1
      vertex 131.482 75.2771 8.1
      vertex 135.453 71.3389 8.1
    endloop
  endfacet
  facet normal -0 0 1
    outer loop
      vertex 130.671 74.3285 8.1
      vertex 135.453 71.3389 8.1
      vertex 131.482 75.2771 8.1
    endloop
  endfacet
  facet normal 0 0 1
    outer loop
      vertex 135.453 71.3389 8.1
      vertex 130.671 74.3285 8.1
      vertex 134.628 70.3724 8.1
    endloop
  endfacet
  facet normal 0 0 1
    outer loop
      vertex 134.628 70.3724 8.1
      vertex 130.671 74.3285 8.1
      vertex 133.661 69.547 8.1
    endloop
  endfacet
  facet normal -0 0 1
    outer loop
      vertex 129.723 73.5183 8.1
      vertex 133.661 69.547 8.1
      vertex 130.671 74.3285 8.1
    endloop
  endfacet
  facet normal 0 0 1
    outer loop
      vertex 133.661 69.547 8.1
      vertex 129.723 73.5183 8.1
      vertex 132.577 68.8829 8.1
    endloop
  endfacet
  facet normal 0 0 1
    outer loop
      vertex 132.577 68.8829 8.1
      vertex 129.723 73.5183 8.1
      vertex 131.403 68.3964 8.1
    endloop
  endfacet
  facet normal -0 0 1
    outer loop
      vertex 128.659 72.8665 8.1
      vertex 131.403 68.3964 8.1
      vertex 129.723 73.5183 8.1
    endloop
  endfacet
  facet normal 0 0 1
    outer loop
      vertex 131.403 68.3964 8.1
      vertex 128.659 72.8665 8.1
      vertex 130.167 68.0997 8.1
    endloop
  endfacet
  facet normal 0 0 1
    outer loop
      vertex 130.167 68.0997 8.1
      vertex 128.659 72.8665 8.1
      vertex 128.9 68 8.1
    endloop
  endfacet
  facet normal -0 0 1
    outer loop
      vertex 127.507 72.3891 8.1
      vertex 128.9 68 8.1
      vertex 128.659 72.8665 8.1
    endloop
  endfacet
  facet normal -0 0 1
    outer loop
      vertex 126.294 72.0979 8.1
      vertex 128.9 68 8.1
      vertex 127.507 72.3891 8.1
    endloop
  endfacet
  facet normal -0 0 1
    outer loop
      vertex 125.05 72 8.1
      vertex 128.9 68 8.1
      vertex 126.294 72.0979 8.1
    endloop
  endfacet
  facet normal 0 0 1
    outer loop
      vertex 2.5 68 8.1
      vertex 125.05 72 8.1
      vertex 2.5 72 8.1
    endloop
  endfacet
  facet normal 0 0 1
    outer loop
      vertex 125.05 72 8.1
      vertex 2.5 68 8.1
      vertex 128.9 68 8.1
    endloop
  endfacet
  facet normal 0.233418 -0.972377 0
    outer loop
      vertex 130.167 68.0997 0
      vertex 131.403 68.3964 8.1
      vertex 130.167 68.0997 8.1
    endloop
  endfacet
  facet normal 0.233418 -0.972377 0
    outer loop
      vertex 131.403 68.3964 8.1
      vertex 130.167 68.0997 0
      vertex 131.403 68.3964 0
    endloop
  endfacet
  facet normal 0.0784473 -0.996918 0
    outer loop
      vertex 128.9 68 0
      vertex 130.167 68.0997 8.1
      vertex 128.9 68 8.1
    endloop
  endfacet
  facet normal 0.0784473 -0.996918 0
    outer loop
      vertex 130.167 68.0997 8.1
      vertex 128.9 68 0
      vertex 130.167 68.0997 0
    endloop
  endfacet
  facet normal 0.522341 0.852737 -0
    outer loop
      vertex 133.661 170.453 0
      vertex 132.577 171.117 8.1
      vertex 133.661 170.453 8.1
    endloop
  endfacet
  facet normal 0.522341 0.852737 0
    outer loop
      vertex 132.577 171.117 8.1
      vertex 133.661 170.453 0
      vertex 132.577 171.117 0
    endloop
  endfacet
  facet normal 0.0786819 0.9969 -0
    outer loop
      vertex 130.167 171.9 0
      vertex 128.9 172 8.1
      vertex 130.167 171.9 8.1
    endloop
  endfacet
  facet normal 0.0786819 0.9969 0
    outer loop
      vertex 128.9 172 8.1
      vertex 130.167 171.9 0
      vertex 128.9 172 0
    endloop
  endfacet
  facet normal 0 1 -0
    outer loop
      vertex 5.04999 172 2.45
      vertex 2.5 172 8.1
      vertex 128.9 172 8.1
    endloop
  endfacet
  facet normal 0 1 0
    outer loop
      vertex 2.5 172 8.1
      vertex 5.04999 172 2.45
      vertex 2.59999 172 4.89999
    endloop
  endfacet
  facet normal 0 1 -0
    outer loop
      vertex 128.9 172 0
      vertex 5.04999 172 2.45
      vertex 128.9 172 8.1
    endloop
  endfacet
  facet normal 0 1 0
    outer loop
      vertex 5.04999 172 2.45
      vertex 128.9 172 0
      vertex 2.59999 172 0
    endloop
  endfacet
  facet normal 0 1 0
    outer loop
      vertex 2.5 172 8.1
      vertex 2.59999 172 4.89999
      vertex 2.5 172 4.89999
    endloop
  endfacet
  facet normal 0.760588 -0.649235 0
    outer loop
      vertex 134.628 70.3724 8.1
      vertex 135.453 71.3389 0
      vertex 135.453 71.3389 8.1
    endloop
  endfacet
  facet normal 0.760588 -0.649235 0
    outer loop
      vertex 135.453 71.3389 0
      vertex 134.628 70.3724 8.1
      vertex 134.628 70.3724 0
    endloop
  endfacet
  facet normal 0.383162 0.923681 -0
    outer loop
      vertex 132.577 171.117 0
      vertex 131.403 171.604 8.1
      vertex 132.577 171.117 8.1
    endloop
  endfacet
  facet normal 0.383162 0.923681 0
    outer loop
      vertex 131.403 171.604 8.1
      vertex 132.577 171.117 0
      vertex 131.403 171.604 0
    endloop
  endfacet
  facet normal 0.232897 0.972501 -0
    outer loop
      vertex 131.403 171.604 0
      vertex 130.167 171.9 8.1
      vertex 131.403 171.604 8.1
    endloop
  endfacet
  facet normal 0.232897 0.972501 0
    outer loop
      vertex 130.167 171.9 8.1
      vertex 131.403 171.604 0
      vertex 130.167 171.9 0
    endloop
  endfacet
  facet normal 0.64904 0.760754 -0
    outer loop
      vertex 134.628 169.628 0
      vertex 133.661 170.453 8.1
      vertex 134.628 169.628 8.1
    endloop
  endfacet
  facet normal 0.64904 0.760754 0
    outer loop
      vertex 133.661 170.453 8.1
      vertex 134.628 169.628 0
      vertex 133.661 170.453 0
    endloop
  endfacet
  facet normal 0.382827 -0.92382 0
    outer loop
      vertex 131.403 68.3964 0
      vertex 132.577 68.8829 8.1
      vertex 131.403 68.3964 8.1
    endloop
  endfacet
  facet normal 0.382827 -0.92382 0
    outer loop
      vertex 132.577 68.8829 8.1
      vertex 131.403 68.3964 0
      vertex 132.577 68.8829 0
    endloop
  endfacet
  facet normal 0.649222 -0.760599 0
    outer loop
      vertex 133.661 69.547 0
      vertex 134.628 70.3724 8.1
      vertex 133.661 69.547 8.1
    endloop
  endfacet
  facet normal 0.649222 -0.760599 0
    outer loop
      vertex 134.628 70.3724 8.1
      vertex 133.661 69.547 0
      vertex 134.628 70.3724 0
    endloop
  endfacet
  facet normal 0.522398 -0.852702 0
    outer loop
      vertex 132.577 68.8829 0
      vertex 133.661 69.547 8.1
      vertex 132.577 68.8829 8.1
    endloop
  endfacet
  facet normal 0.522398 -0.852702 0
    outer loop
      vertex 133.661 69.547 8.1
      vertex 132.577 68.8829 0
      vertex 133.661 69.547 0
    endloop
  endfacet
  facet normal 1 -0 0
    outer loop
      vertex 137 76.0999 8.1
      vertex 137 163.9 0
      vertex 137 163.9 8.1
    endloop
  endfacet
  facet normal 1 0 0
    outer loop
      vertex 137 163.9 0
      vertex 137 76.0999 8.1
      vertex 137 76.0999 0
    endloop
  endfacet
  facet normal 0.972497 -0.232915 0
    outer loop
      vertex 136.604 73.597 8.1
      vertex 136.9 74.8329 0
      vertex 136.9 74.8329 8.1
    endloop
  endfacet
  facet normal 0.972497 -0.232915 0
    outer loop
      vertex 136.9 74.8329 0
      vertex 136.604 73.597 8.1
      vertex 136.604 73.597 0
    endloop
  endfacet
  facet normal 0.923681 0.383162 0
    outer loop
      vertex 136.604 166.403 8.1
      vertex 136.117 167.577 0
      vertex 136.117 167.577 8.1
    endloop
  endfacet
  facet normal 0.923681 0.383162 0
    outer loop
      vertex 136.117 167.577 0
      vertex 136.604 166.403 8.1
      vertex 136.604 166.403 0
    endloop
  endfacet
  facet normal 0 -1 0
    outer loop
      vertex 2.59999 68 4.89999
      vertex 2.5 68 8.1
      vertex 2.5 68 4.89999
    endloop
  endfacet
  facet normal 0 -1 0
    outer loop
      vertex 5.04999 68 2.45
      vertex 2.5 68 8.1
      vertex 2.59999 68 4.89999
    endloop
  endfacet
  facet normal 0 -1 0
    outer loop
      vertex 2.5 68 8.1
      vertex 5.04999 68 2.45
      vertex 128.9 68 8.1
    endloop
  endfacet
  facet normal 0 -1 0
    outer loop
      vertex 128.9 68 0
      vertex 5.04999 68 2.45
      vertex 2.59999 68 0
    endloop
  endfacet
  facet normal 0 -1 0
    outer loop
      vertex 5.04999 68 2.45
      vertex 128.9 68 0
      vertex 128.9 68 8.1
    endloop
  endfacet
  facet normal 0.852694 -0.522411 0
    outer loop
      vertex 135.453 71.3389 8.1
      vertex 136.117 72.4227 0
      vertex 136.117 72.4227 8.1
    endloop
  endfacet
  facet normal 0.852694 -0.522411 0
    outer loop
      vertex 136.117 72.4227 0
      vertex 135.453 71.3389 8.1
      vertex 135.453 71.3389 0
    endloop
  endfacet
  facet normal 0.9969 -0.0786819 0
    outer loop
      vertex 136.9 74.8329 8.1
      vertex 137 76.0999 0
      vertex 137 76.0999 8.1
    endloop
  endfacet
  facet normal 0.9969 -0.0786819 0
    outer loop
      vertex 137 76.0999 0
      vertex 136.9 74.8329 8.1
      vertex 136.9 74.8329 0
    endloop
  endfacet
  facet normal 0.760754 0.64904 0
    outer loop
      vertex 135.453 168.661 8.1
      vertex 134.628 169.628 0
      vertex 134.628 169.628 8.1
    endloop
  endfacet
  facet normal 0.760754 0.64904 0
    outer loop
      vertex 134.628 169.628 0
      vertex 135.453 168.661 8.1
      vertex 135.453 168.661 0
    endloop
  endfacet
  facet normal 0.972501 0.232897 0
    outer loop
      vertex 136.9 165.167 8.1
      vertex 136.604 166.403 0
      vertex 136.604 166.403 8.1
    endloop
  endfacet
  facet normal 0.972501 0.232897 0
    outer loop
      vertex 136.604 166.403 0
      vertex 136.9 165.167 8.1
      vertex 136.9 165.167 0
    endloop
  endfacet
  facet normal 0.9969 0.0786819 0
    outer loop
      vertex 137 163.9 8.1
      vertex 136.9 165.167 0
      vertex 136.9 165.167 8.1
    endloop
  endfacet
  facet normal 0.9969 0.0786819 0
    outer loop
      vertex 136.9 165.167 0
      vertex 137 163.9 8.1
      vertex 137 163.9 0
    endloop
  endfacet
  facet normal 0 0 -1
    outer loop
      vertex 128.9 68 0
      vertex 137 76.0999 0
      vertex 136.9 74.8329 0
    endloop
  endfacet
  facet normal -0 0 -1
    outer loop
      vertex 137 76.0999 0
      vertex 128.9 68 0
      vertex 137 163.9 0
    endloop
  endfacet
  facet normal 0 0 -1
    outer loop
      vertex 128.9 68 0
      vertex 136.9 74.8329 0
      vertex 136.604 73.597 0
    endloop
  endfacet
  facet normal 0 0 -1
    outer loop
      vertex 128.9 172 0
      vertex 137 163.9 0
      vertex 128.9 68 0
    endloop
  endfacet
  facet normal 0 0 -1
    outer loop
      vertex 128.9 68 0
      vertex 136.604 73.597 0
      vertex 136.117 72.4227 0
    endloop
  endfacet
  facet normal 0 0 -1
    outer loop
      vertex 137 163.9 0
      vertex 128.9 172 0
      vertex 136.9 165.167 0
    endloop
  endfacet
  facet normal 0 0 -1
    outer loop
      vertex 128.9 68 0
      vertex 136.117 72.4227 0
      vertex 135.453 71.3389 0
    endloop
  endfacet
  facet normal 0 0 -1
    outer loop
      vertex 136.9 165.167 0
      vertex 128.9 172 0
      vertex 136.604 166.403 0
    endloop
  endfacet
  facet normal 0 0 -1
    outer loop
      vertex 128.9 68 0
      vertex 135.453 71.3389 0
      vertex 134.628 70.3724 0
    endloop
  endfacet
  facet normal 0 0 -1
    outer loop
      vertex 136.604 166.403 0
      vertex 128.9 172 0
      vertex 136.117 167.577 0
    endloop
  endfacet
  facet normal 0 0 -1
    outer loop
      vertex 128.9 68 0
      vertex 134.628 70.3724 0
      vertex 133.661 69.547 0
    endloop
  endfacet
  facet normal 0 0 -1
    outer loop
      vertex 136.117 167.577 0
      vertex 128.9 172 0
      vertex 135.453 168.661 0
    endloop
  endfacet
  facet normal 0 0 -1
    outer loop
      vertex 128.9 68 0
      vertex 133.661 69.547 0
      vertex 132.577 68.8829 0
    endloop
  endfacet
  facet normal 0 0 -1
    outer loop
      vertex 135.453 168.661 0
      vertex 128.9 172 0
      vertex 134.628 169.628 0
    endloop
  endfacet
  facet normal 0 0 -1
    outer loop
      vertex 128.9 68 0
      vertex 132.577 68.8829 0
      vertex 131.403 68.3964 0
    endloop
  endfacet
  facet normal 0 0 -1
    outer loop
      vertex 134.628 169.628 0
      vertex 128.9 172 0
      vertex 133.661 170.453 0
    endloop
  endfacet
  facet normal 0 0 -1
    outer loop
      vertex 128.9 68 0
      vertex 131.403 68.3964 0
      vertex 130.167 68.0997 0
    endloop
  endfacet
  facet normal 0 0 -1
    outer loop
      vertex 133.661 170.453 0
      vertex 128.9 172 0
      vertex 132.577 171.117 0
    endloop
  endfacet
  facet normal 0 0 -1
    outer loop
      vertex 132.577 171.117 0
      vertex 128.9 172 0
      vertex 131.403 171.604 0
    endloop
  endfacet
  facet normal 0 0 -1
    outer loop
      vertex 131.403 171.604 0
      vertex 128.9 172 0
      vertex 130.167 171.9 0
    endloop
  endfacet
  facet normal 0 0 -1
    outer loop
      vertex 2.59999 68 0
      vertex 128.9 172 0
      vertex 128.9 68 0
    endloop
  endfacet
  facet normal -0 0 -1
    outer loop
      vertex 128.9 172 0
      vertex 2.59999 68 0
      vertex 2.59999 172 0
    endloop
  endfacet
  facet normal 0.923716 -0.383079 0
    outer loop
      vertex 136.117 72.4227 8.1
      vertex 136.604 73.597 0
      vertex 136.604 73.597 8.1
    endloop
  endfacet
  facet normal 0.923716 -0.383079 0
    outer loop
      vertex 136.604 73.597 0
      vertex 136.117 72.4227 8.1
      vertex 136.117 72.4227 0
    endloop
  endfacet
  facet normal 0.852737 0.522341 0
    outer loop
      vertex 136.117 167.577 8.1
      vertex 135.453 168.661 0
      vertex 135.453 168.661 8.1
    endloop
  endfacet
  facet normal 0.852737 0.522341 0
    outer loop
      vertex 135.453 168.661 0
      vertex 136.117 167.577 8.1
      vertex 136.117 167.577 0
    endloop
  endfacet
  facet normal 0.522466 0.85266 0.000109611
    outer loop
      vertex 7.54026 126.937 11.1
      vertex 6.70364 127.45 8.28
      vertex 6.39297 127.64 11.1
    endloop
  endfacet
  facet normal 0.522735 0.852495 -0
    outer loop
      vertex 7.54026 126.937 8.1
      vertex 6.70364 127.45 8.28
      vertex 7.54026 126.937 11.1
    endloop
  endfacet
  facet normal 0.522735 0.852495 0
    outer loop
      vertex 6.70364 127.45 8.28
      vertex 7.54026 126.937 8.1
      vertex 6.70364 127.45 8.1
    endloop
  endfacet
  facet normal 0.521742 0.853103 0
    outer loop
      vertex 6.39297 127.64 11.1
      vertex 6.70364 127.45 8.28
      vertex 6.39297 127.64 8.28
    endloop
  endfacet
  facet normal 0.996914 -0.0785042 0
    outer loop
      vertex 10.9694 118.659 11.1
      vertex 11.075 120 8.1
      vertex 11.075 120 11.1
    endloop
  endfacet
  facet normal 0.996914 -0.0785042 0
    outer loop
      vertex 11.075 120 8.1
      vertex 10.9694 118.659 11.1
      vertex 10.9694 118.659 8.1
    endloop
  endfacet
  facet normal 0.923871 0.382704 0
    outer loop
      vertex 10.6553 122.65 11.1
      vertex 10.1404 123.893 8.1
      vertex 10.1404 123.893 11.1
    endloop
  endfacet
  facet normal 0.923871 0.382704 0
    outer loop
      vertex 10.1404 123.893 8.1
      vertex 10.6553 122.65 11.1
      vertex 10.6553 122.65 8.1
    endloop
  endfacet
  facet normal 0.852575 0.522605 0
    outer loop
      vertex 10.1404 123.893 11.1
      vertex 9.43732 125.04 8.1
      vertex 9.43732 125.04 11.1
    endloop
  endfacet
  facet normal 0.852575 0.522605 0
    outer loop
      vertex 9.43732 125.04 8.1
      vertex 10.1404 123.893 11.1
      vertex 10.1404 123.893 8.1
    endloop
  endfacet
  facet normal 0.760349 0.649515 0
    outer loop
      vertex 9.43732 125.04 11.1
      vertex 8.56344 126.063 8.1
      vertex 8.56344 126.063 11.1
    endloop
  endfacet
  facet normal 0.760349 0.649515 0
    outer loop
      vertex 8.56344 126.063 8.1
      vertex 9.43732 125.04 11.1
      vertex 9.43732 125.04 8.1
    endloop
  endfacet
  facet normal 0.6495 0.760361 -0
    outer loop
      vertex 8.56344 126.063 8.1
      vertex 7.54026 126.937 11.1
      vertex 8.56344 126.063 11.1
    endloop
  endfacet
  facet normal 0.6495 0.760361 0
    outer loop
      vertex 7.54026 126.937 11.1
      vertex 8.56344 126.063 8.1
      vertex 7.54026 126.937 8.1
    endloop
  endfacet
  facet normal 0.382728 0.923861 -0
    outer loop
      vertex 6.39297 127.64 8.28
      vertex 5.14982 128.155 11.1
      vertex 6.39297 127.64 11.1
    endloop
  endfacet
  facet normal 0.382728 0.923861 0
    outer loop
      vertex 5.14982 128.155 11.1
      vertex 6.39297 127.64 8.28
      vertex 5.14982 128.155 8.28
    endloop
  endfacet
  facet normal 0.0787752 0.996892 -0
    outer loop
      vertex 3.84142 128.469 8.28
      vertex 2.5 128.575 11.1
      vertex 3.84142 128.469 11.1
    endloop
  endfacet
  facet normal 0.0787752 0.996892 0
    outer loop
      vertex 2.5 128.575 11.1
      vertex 3.84142 128.469 8.28
      vertex 2.5 128.575 8.28
    endloop
  endfacet
  facet normal 0.996914 0.0785042 0
    outer loop
      vertex 11.075 120 11.1
      vertex 10.9694 121.341 8.1
      vertex 10.9694 121.341 11.1
    endloop
  endfacet
  facet normal 0.996914 0.0785042 0
    outer loop
      vertex 10.9694 121.341 8.1
      vertex 11.075 120 11.1
      vertex 11.075 120 8.1
    endloop
  endfacet
  facet normal 0.0787752 -0.996892 0
    outer loop
      vertex 2.5 111.425 8.1
      vertex 3.84142 111.531 11.1
      vertex 2.5 111.425 11.1
    endloop
  endfacet
  facet normal 0.0787752 -0.996892 0
    outer loop
      vertex 3.84142 111.531 11.1
      vertex 2.5 111.425 8.1
      vertex 3.84142 111.531 8.1
    endloop
  endfacet
  facet normal 0.233362 -0.97239 0
    outer loop
      vertex 3.84142 111.531 8.1
      vertex 5.14982 111.845 11.1
      vertex 3.84142 111.531 11.1
    endloop
  endfacet
  facet normal 0.233362 -0.97239 0
    outer loop
      vertex 5.14982 111.845 11.1
      vertex 3.84142 111.531 8.1
      vertex 5.14982 111.845 8.1
    endloop
  endfacet
  facet normal 0.760349 -0.649515 0
    outer loop
      vertex 8.56344 113.937 11.1
      vertex 9.43732 114.96 8.1
      vertex 9.43732 114.96 11.1
    endloop
  endfacet
  facet normal 0.760349 -0.649515 0
    outer loop
      vertex 9.43732 114.96 8.1
      vertex 8.56344 113.937 11.1
      vertex 8.56344 113.937 8.1
    endloop
  endfacet
  facet normal 0.522466 -0.85266 0
    outer loop
      vertex 6.39297 112.36 8.1
      vertex 7.54026 113.063 11.1
      vertex 6.39297 112.36 11.1
    endloop
  endfacet
  facet normal 0.522466 -0.85266 0
    outer loop
      vertex 7.54026 113.063 11.1
      vertex 6.39297 112.36 8.1
      vertex 7.54026 113.063 8.1
    endloop
  endfacet
  facet normal 0.233362 0.97239 -0
    outer loop
      vertex 5.14982 128.155 8.28
      vertex 3.84142 128.469 11.1
      vertex 5.14982 128.155 11.1
    endloop
  endfacet
  facet normal 0.233362 0.97239 0
    outer loop
      vertex 3.84142 128.469 11.1
      vertex 5.14982 128.155 8.28
      vertex 3.84142 128.469 8.28
    endloop
  endfacet
  facet normal 0 0 1
    outer loop
      vertex 10.15 120 11.1
      vertex 11.075 120 11.1
      vertex 10.9694 121.341 11.1
    endloop
  endfacet
  facet normal 0 0 1
    outer loop
      vertex 10.0558 121.197 11.1
      vertex 10.9694 121.341 11.1
      vertex 10.6553 122.65 11.1
    endloop
  endfacet
  facet normal 0 0 1
    outer loop
      vertex 11.075 120 11.1
      vertex 10.15 120 11.1
      vertex 10.9694 118.659 11.1
    endloop
  endfacet
  facet normal -0 0 1
    outer loop
      vertex 10.0558 118.803 11.1
      vertex 10.9694 118.659 11.1
      vertex 10.15 120 11.1
    endloop
  endfacet
  facet normal 0 0 1
    outer loop
      vertex 9.77558 122.364 11.1
      vertex 10.6553 122.65 11.1
      vertex 10.1404 123.893 11.1
    endloop
  endfacet
  facet normal 0 0 1
    outer loop
      vertex 10.9694 121.341 11.1
      vertex 10.0558 121.197 11.1
      vertex 10.15 120 11.1
    endloop
  endfacet
  facet normal 0 0 1
    outer loop
      vertex 10.6553 122.65 11.1
      vertex 9.77558 122.364 11.1
      vertex 10.0558 121.197 11.1
    endloop
  endfacet
  facet normal 0 0 1
    outer loop
      vertex 9.3162 123.473 11.1
      vertex 10.1404 123.893 11.1
      vertex 9.43732 125.04 11.1
    endloop
  endfacet
  facet normal 0 0 1
    outer loop
      vertex 10.1404 123.893 11.1
      vertex 9.3162 123.473 11.1
      vertex 9.77558 122.364 11.1
    endloop
  endfacet
  facet normal 0 0 1
    outer loop
      vertex 9.43732 125.04 11.1
      vertex 8.68898 124.497 11.1
      vertex 9.3162 123.473 11.1
    endloop
  endfacet
  facet normal 0 0 1
    outer loop
      vertex 8.56344 126.063 11.1
      vertex 8.68898 124.497 11.1
      vertex 9.43732 125.04 11.1
    endloop
  endfacet
  facet normal 0 0 1
    outer loop
      vertex 8.56344 126.063 11.1
      vertex 7.90937 125.409 11.1
      vertex 8.68898 124.497 11.1
    endloop
  endfacet
  facet normal 0 0 1
    outer loop
      vertex 7.54026 126.937 11.1
      vertex 7.90937 125.409 11.1
      vertex 8.56344 126.063 11.1
    endloop
  endfacet
  facet normal 0 0 1
    outer loop
      vertex 7.54026 126.937 11.1
      vertex 6.99656 126.189 11.1
      vertex 7.90937 125.409 11.1
    endloop
  endfacet
  facet normal 0 0 1
    outer loop
      vertex 6.39297 127.64 11.1
      vertex 6.99656 126.189 11.1
      vertex 7.54026 126.937 11.1
    endloop
  endfacet
  facet normal 0 0 1
    outer loop
      vertex 6.39297 127.64 11.1
      vertex 5.97303 126.816 11.1
      vertex 6.99656 126.189 11.1
    endloop
  endfacet
  facet normal 0 0 1
    outer loop
      vertex 5.14982 128.155 11.1
      vertex 5.97303 126.816 11.1
      vertex 6.39297 127.64 11.1
    endloop
  endfacet
  facet normal 0 0 1
    outer loop
      vertex 5.14982 128.155 11.1
      vertex 4.86398 127.276 11.1
      vertex 5.97303 126.816 11.1
    endloop
  endfacet
  facet normal 0 0 1
    outer loop
      vertex 3.84142 128.469 11.1
      vertex 4.86398 127.276 11.1
      vertex 5.14982 128.155 11.1
    endloop
  endfacet
  facet normal 0 0 1
    outer loop
      vertex 3.84142 128.469 11.1
      vertex 3.69672 127.556 11.1
      vertex 4.86398 127.276 11.1
    endloop
  endfacet
  facet normal 0 0 1
    outer loop
      vertex 2.5 128.575 11.1
      vertex 3.69672 127.556 11.1
      vertex 3.84142 128.469 11.1
    endloop
  endfacet
  facet normal 0 0 1
    outer loop
      vertex 3.69672 127.556 11.1
      vertex 2.5 128.575 11.1
      vertex 2.5 127.65 11.1
    endloop
  endfacet
  facet normal 0 0 1
    outer loop
      vertex 10.9694 118.659 11.1
      vertex 10.0558 118.803 11.1
      vertex 10.6553 117.35 11.1
    endloop
  endfacet
  facet normal -0 0 1
    outer loop
      vertex 9.77558 117.636 11.1
      vertex 10.6553 117.35 11.1
      vertex 10.0558 118.803 11.1
    endloop
  endfacet
  facet normal 0 0 1
    outer loop
      vertex 10.6553 117.35 11.1
      vertex 9.77558 117.636 11.1
      vertex 10.1404 116.107 11.1
    endloop
  endfacet
  facet normal -0 0 1
    outer loop
      vertex 9.3162 116.527 11.1
      vertex 10.1404 116.107 11.1
      vertex 9.77558 117.636 11.1
    endloop
  endfacet
  facet normal 0 0 1
    outer loop
      vertex 10.1404 116.107 11.1
      vertex 9.3162 116.527 11.1
      vertex 9.43732 114.96 11.1
    endloop
  endfacet
  facet normal -0 0 1
    outer loop
      vertex 8.68898 115.503 11.1
      vertex 9.43732 114.96 11.1
      vertex 9.3162 116.527 11.1
    endloop
  endfacet
  facet normal 0 0 1
    outer loop
      vertex 8.68898 115.503 11.1
      vertex 8.56344 113.937 11.1
      vertex 9.43732 114.96 11.1
    endloop
  endfacet
  facet normal -0 0 1
    outer loop
      vertex 7.90937 114.591 11.1
      vertex 8.56344 113.937 11.1
      vertex 8.68898 115.503 11.1
    endloop
  endfacet
  facet normal 0 0 1
    outer loop
      vertex 7.90937 114.591 11.1
      vertex 7.54026 113.063 11.1
      vertex 8.56344 113.937 11.1
    endloop
  endfacet
  facet normal -0 0 1
    outer loop
      vertex 6.99656 113.811 11.1
      vertex 7.54026 113.063 11.1
      vertex 7.90937 114.591 11.1
    endloop
  endfacet
  facet normal 0 0 1
    outer loop
      vertex 6.99656 113.811 11.1
      vertex 6.39297 112.36 11.1
      vertex 7.54026 113.063 11.1
    endloop
  endfacet
  facet normal -0 0 1
    outer loop
      vertex 5.97303 113.184 11.1
      vertex 6.39297 112.36 11.1
      vertex 6.99656 113.811 11.1
    endloop
  endfacet
  facet normal 0 0 1
    outer loop
      vertex 5.97303 113.184 11.1
      vertex 5.14982 111.845 11.1
      vertex 6.39297 112.36 11.1
    endloop
  endfacet
  facet normal -0 0 1
    outer loop
      vertex 4.86398 112.724 11.1
      vertex 5.14982 111.845 11.1
      vertex 5.97303 113.184 11.1
    endloop
  endfacet
  facet normal 0 0 1
    outer loop
      vertex 4.86398 112.724 11.1
      vertex 3.84142 111.531 11.1
      vertex 5.14982 111.845 11.1
    endloop
  endfacet
  facet normal -0 0 1
    outer loop
      vertex 3.69672 112.444 11.1
      vertex 3.84142 111.531 11.1
      vertex 4.86398 112.724 11.1
    endloop
  endfacet
  facet normal -0 0 1
    outer loop
      vertex 2.5 112.35 11.1
      vertex 3.84142 111.531 11.1
      vertex 3.69672 112.444 11.1
    endloop
  endfacet
  facet normal 0 0 1
    outer loop
      vertex 3.84142 111.531 11.1
      vertex 2.5 112.35 11.1
      vertex 2.5 111.425 11.1
    endloop
  endfacet
  facet normal 0.852575 -0.522605 0
    outer loop
      vertex 9.43732 114.96 11.1
      vertex 10.1404 116.107 8.1
      vertex 10.1404 116.107 11.1
    endloop
  endfacet
  facet normal 0.852575 -0.522605 0
    outer loop
      vertex 10.1404 116.107 8.1
      vertex 9.43732 114.96 11.1
      vertex 9.43732 114.96 8.1
    endloop
  endfacet
  facet normal 0.6495 -0.760361 0
    outer loop
      vertex 7.54026 113.063 8.1
      vertex 8.56344 113.937 11.1
      vertex 7.54026 113.063 11.1
    endloop
  endfacet
  facet normal 0.6495 -0.760361 0
    outer loop
      vertex 8.56344 113.937 11.1
      vertex 7.54026 113.063 8.1
      vertex 8.56344 113.937 8.1
    endloop
  endfacet
  facet normal 0.972397 0.233331 0
    outer loop
      vertex 10.9694 121.341 11.1
      vertex 10.6553 122.65 8.1
      vertex 10.6553 122.65 11.1
    endloop
  endfacet
  facet normal 0.972397 0.233331 0
    outer loop
      vertex 10.6553 122.65 8.1
      vertex 10.9694 121.341 11.1
      vertex 10.9694 121.341 8.1
    endloop
  endfacet
  facet normal 0.382728 -0.923861 0
    outer loop
      vertex 5.14982 111.845 8.1
      vertex 6.39297 112.36 11.1
      vertex 5.14982 111.845 11.1
    endloop
  endfacet
  facet normal 0.382728 -0.923861 0
    outer loop
      vertex 6.39297 112.36 11.1
      vertex 5.14982 111.845 8.1
      vertex 6.39297 112.36 8.1
    endloop
  endfacet
  facet normal 0.972397 -0.233331 0
    outer loop
      vertex 10.6553 117.35 11.1
      vertex 10.9694 118.659 8.1
      vertex 10.9694 118.659 11.1
    endloop
  endfacet
  facet normal 0.972397 -0.233331 0
    outer loop
      vertex 10.9694 118.659 8.1
      vertex 10.6553 117.35 11.1
      vertex 10.6553 117.35 8.1
    endloop
  endfacet
  facet normal 0.923871 -0.382704 0
    outer loop
      vertex 10.1404 116.107 11.1
      vertex 10.6553 117.35 8.1
      vertex 10.6553 117.35 11.1
    endloop
  endfacet
  facet normal 0.923871 -0.382704 0
    outer loop
      vertex 10.6553 117.35 8.1
      vertex 10.1404 116.107 11.1
      vertex 10.1404 116.107 8.1
    endloop
  endfacet
  facet normal -0.996918 -0.0784542 0
    outer loop
      vertex 10.15 120 5.9
      vertex 10.0558 121.197 11.1
      vertex 10.0558 121.197 5.9
    endloop
  endfacet
  facet normal -0.996918 -0.0784542 0
    outer loop
      vertex 10.0558 121.197 11.1
      vertex 10.15 120 5.9
      vertex 10.15 120 11.1
    endloop
  endfacet
  facet normal -0.0783068 0.996929 0
    outer loop
      vertex 3.69672 112.444 5.9
      vertex 2.5 112.35 11.1
      vertex 3.69672 112.444 11.1
    endloop
  endfacet
  facet normal -0.0783068 0.996929 0
    outer loop
      vertex 2.5 112.35 11.1
      vertex 3.69672 112.444 5.9
      vertex 2.5 112.35 5.9
    endloop
  endfacet
  facet normal -0.649634 -0.760247 0
    outer loop
      vertex 6.99656 126.189 5.9
      vertex 7.90937 125.409 11.1
      vertex 6.99656 126.189 11.1
    endloop
  endfacet
  facet normal -0.649634 -0.760247 -0
    outer loop
      vertex 7.90937 125.409 11.1
      vertex 6.99656 126.189 5.9
      vertex 7.90937 125.409 5.9
    endloop
  endfacet
  facet normal -0.852747 0.522324 0
    outer loop
      vertex 8.68898 115.503 5.9
      vertex 9.3162 116.527 11.1
      vertex 9.3162 116.527 5.9
    endloop
  endfacet
  facet normal -0.852747 0.522324 0
    outer loop
      vertex 9.3162 116.527 11.1
      vertex 8.68898 115.503 5.9
      vertex 8.68898 115.503 11.1
    endloop
  endfacet
  facet normal -0.923874 -0.382696 0
    outer loop
      vertex 9.77558 122.364 5.9
      vertex 9.3162 123.473 11.1
      vertex 9.3162 123.473 5.9
    endloop
  endfacet
  facet normal -0.923874 -0.382696 0
    outer loop
      vertex 9.3162 123.473 11.1
      vertex 9.77558 122.364 5.9
      vertex 9.77558 122.364 11.1
    endloop
  endfacet
  facet normal -0.972361 -0.233483 0
    outer loop
      vertex 10.0558 121.197 5.9
      vertex 9.77558 122.364 11.1
      vertex 9.77558 122.364 5.9
    endloop
  endfacet
  facet normal -0.972361 -0.233483 0
    outer loop
      vertex 9.77558 122.364 11.1
      vertex 10.0558 121.197 5.9
      vertex 10.0558 121.197 11.1
    endloop
  endfacet
  facet normal -0.383122 -0.923698 0
    outer loop
      vertex 4.86398 127.276 5.9
      vertex 5.97303 126.816 11.1
      vertex 4.86398 127.276 11.1
    endloop
  endfacet
  facet normal -0.383122 -0.923698 -0
    outer loop
      vertex 5.97303 126.816 11.1
      vertex 4.86398 127.276 5.9
      vertex 5.97303 126.816 5.9
    endloop
  endfacet
  facet normal -0.233827 -0.972278 0
    outer loop
      vertex 4.13748 127.45 8.28
      vertex 3.69672 127.556 11.1
      vertex 3.69672 127.556 8.28
    endloop
  endfacet
  facet normal -0.233261 -0.972414 9.35761e-05
    outer loop
      vertex 3.69672 127.556 11.1
      vertex 4.13748 127.45 8.28
      vertex 4.86398 127.276 11.1
    endloop
  endfacet
  facet normal -0.232917 -0.972497 0
    outer loop
      vertex 4.86398 127.276 5.9
      vertex 4.13748 127.45 8.28
      vertex 4.13748 127.45 5.9
    endloop
  endfacet
  facet normal -0.232917 -0.972497 0
    outer loop
      vertex 4.13748 127.45 8.28
      vertex 4.86398 127.276 5.9
      vertex 4.86398 127.276 11.1
    endloop
  endfacet
  facet normal -0.522365 -0.852722 0
    outer loop
      vertex 5.97303 126.816 5.9
      vertex 6.99656 126.189 11.1
      vertex 5.97303 126.816 11.1
    endloop
  endfacet
  facet normal -0.522365 -0.852722 -0
    outer loop
      vertex 6.99656 126.189 11.1
      vertex 5.97303 126.816 5.9
      vertex 6.99656 126.189 5.9
    endloop
  endfacet
  facet normal 0 0 1
    outer loop
      vertex 10.0558 121.197 5.9
      vertex 10.0558 118.803 5.9
      vertex 10.15 120 5.9
    endloop
  endfacet
  facet normal 0 0 1
    outer loop
      vertex 9.77558 122.364 5.9
      vertex 10.0558 118.803 5.9
      vertex 10.0558 121.197 5.9
    endloop
  endfacet
  facet normal 0 0 1
    outer loop
      vertex 9.77558 122.364 5.9
      vertex 9.77558 117.636 5.9
      vertex 10.0558 118.803 5.9
    endloop
  endfacet
  facet normal 0 0 1
    outer loop
      vertex 2.5 127.45 5.9
      vertex 9.77558 122.364 5.9
      vertex 9.3162 123.473 5.9
    endloop
  endfacet
  facet normal 0 0 1
    outer loop
      vertex 9.77558 122.364 5.9
      vertex 2.5 127.45 5.9
      vertex 9.77558 117.636 5.9
    endloop
  endfacet
  facet normal 0 0 1
    outer loop
      vertex 2.5 127.45 5.9
      vertex 9.3162 123.473 5.9
      vertex 8.68898 124.497 5.9
    endloop
  endfacet
  facet normal 0 0 1
    outer loop
      vertex 9.77558 117.636 5.9
      vertex 2.5 127.45 5.9
      vertex 9.3162 116.527 5.9
    endloop
  endfacet
  facet normal 0 0 1
    outer loop
      vertex 2.5 127.45 5.9
      vertex 8.68898 124.497 5.9
      vertex 7.90937 125.409 5.9
    endloop
  endfacet
  facet normal 0 0 1
    outer loop
      vertex 9.3162 116.527 5.9
      vertex 2.5 127.45 5.9
      vertex 8.68898 115.503 5.9
    endloop
  endfacet
  facet normal 0 0 1
    outer loop
      vertex 2.5 127.45 5.9
      vertex 7.90937 125.409 5.9
      vertex 6.99656 126.189 5.9
    endloop
  endfacet
  facet normal 0 0 1
    outer loop
      vertex 8.68898 115.503 5.9
      vertex 2.5 127.45 5.9
      vertex 7.90937 114.591 5.9
    endloop
  endfacet
  facet normal 0 0 1
    outer loop
      vertex 2.5 127.45 5.9
      vertex 6.99656 126.189 5.9
      vertex 5.97303 126.816 5.9
    endloop
  endfacet
  facet normal 0 0 1
    outer loop
      vertex 7.90937 114.591 5.9
      vertex 2.5 127.45 5.9
      vertex 6.99656 113.811 5.9
    endloop
  endfacet
  facet normal 0 0 1
    outer loop
      vertex 2.5 127.45 5.9
      vertex 5.97303 126.816 5.9
      vertex 4.86398 127.276 5.9
    endloop
  endfacet
  facet normal 0 0 1
    outer loop
      vertex 6.99656 113.811 5.9
      vertex 2.5 127.45 5.9
      vertex 5.97303 113.184 5.9
    endloop
  endfacet
  facet normal -0 0 1
    outer loop
      vertex 2.5 127.45 5.9
      vertex 4.86398 127.276 5.9
      vertex 4.13748 127.45 5.9
    endloop
  endfacet
  facet normal 0 0 1
    outer loop
      vertex 5.97303 113.184 5.9
      vertex 2.5 127.45 5.9
      vertex 4.86398 112.724 5.9
    endloop
  endfacet
  facet normal 0 0 1
    outer loop
      vertex 4.86398 112.724 5.9
      vertex 2.5 127.45 5.9
      vertex 3.69672 112.444 5.9
    endloop
  endfacet
  facet normal 0 0 1
    outer loop
      vertex 3.69672 112.444 5.9
      vertex 2.5 127.45 5.9
      vertex 2.5 112.35 5.9
    endloop
  endfacet
  facet normal -0.233261 0.972414 0
    outer loop
      vertex 4.86398 112.724 5.9
      vertex 3.69672 112.444 11.1
      vertex 4.86398 112.724 11.1
    endloop
  endfacet
  facet normal -0.233261 0.972414 0
    outer loop
      vertex 3.69672 112.444 11.1
      vertex 4.86398 112.724 5.9
      vertex 3.69672 112.444 5.9
    endloop
  endfacet
  facet normal -0.760123 -0.64978 0
    outer loop
      vertex 8.68898 124.497 5.9
      vertex 7.90937 125.409 11.1
      vertex 7.90937 125.409 5.9
    endloop
  endfacet
  facet normal -0.760123 -0.64978 0
    outer loop
      vertex 7.90937 125.409 11.1
      vertex 8.68898 124.497 5.9
      vertex 8.68898 124.497 11.1
    endloop
  endfacet
  facet normal -0.852747 -0.522324 0
    outer loop
      vertex 9.3162 123.473 5.9
      vertex 8.68898 124.497 11.1
      vertex 8.68898 124.497 5.9
    endloop
  endfacet
  facet normal -0.852747 -0.522324 0
    outer loop
      vertex 8.68898 124.497 11.1
      vertex 9.3162 123.473 5.9
      vertex 9.3162 123.473 11.1
    endloop
  endfacet
  facet normal -0.0783068 -0.996929 0
    outer loop
      vertex 2.5 127.65 8.28
      vertex 3.69672 127.556 11.1
      vertex 2.5 127.65 11.1
    endloop
  endfacet
  facet normal -0.0783068 -0.996929 -0
    outer loop
      vertex 3.69672 127.556 11.1
      vertex 2.5 127.65 8.28
      vertex 3.69672 127.556 8.28
    endloop
  endfacet
  facet normal -0.996918 0.0784542 0
    outer loop
      vertex 10.0558 118.803 5.9
      vertex 10.15 120 11.1
      vertex 10.15 120 5.9
    endloop
  endfacet
  facet normal -0.996918 0.0784542 0
    outer loop
      vertex 10.15 120 11.1
      vertex 10.0558 118.803 5.9
      vertex 10.0558 118.803 11.1
    endloop
  endfacet
  facet normal -0.972361 0.233483 0
    outer loop
      vertex 9.77558 117.636 5.9
      vertex 10.0558 118.803 11.1
      vertex 10.0558 118.803 5.9
    endloop
  endfacet
  facet normal -0.972361 0.233483 0
    outer loop
      vertex 10.0558 118.803 11.1
      vertex 9.77558 117.636 5.9
      vertex 9.77558 117.636 11.1
    endloop
  endfacet
  facet normal -0.760123 0.64978 0
    outer loop
      vertex 7.90937 114.591 5.9
      vertex 8.68898 115.503 11.1
      vertex 8.68898 115.503 5.9
    endloop
  endfacet
  facet normal -0.760123 0.64978 0
    outer loop
      vertex 8.68898 115.503 11.1
      vertex 7.90937 114.591 5.9
      vertex 7.90937 114.591 11.1
    endloop
  endfacet
  facet normal -0.923874 0.382696 0
    outer loop
      vertex 9.3162 116.527 5.9
      vertex 9.77558 117.636 11.1
      vertex 9.77558 117.636 5.9
    endloop
  endfacet
  facet normal -0.923874 0.382696 0
    outer loop
      vertex 9.77558 117.636 11.1
      vertex 9.3162 116.527 5.9
      vertex 9.3162 116.527 11.1
    endloop
  endfacet
  facet normal -0.383122 0.923698 0
    outer loop
      vertex 5.97303 113.184 5.9
      vertex 4.86398 112.724 11.1
      vertex 5.97303 113.184 11.1
    endloop
  endfacet
  facet normal -0.383122 0.923698 0
    outer loop
      vertex 4.86398 112.724 11.1
      vertex 5.97303 113.184 5.9
      vertex 4.86398 112.724 5.9
    endloop
  endfacet
  facet normal -0.522365 0.852722 0
    outer loop
      vertex 6.99656 113.811 5.9
      vertex 5.97303 113.184 11.1
      vertex 6.99656 113.811 11.1
    endloop
  endfacet
  facet normal -0.522365 0.852722 0
    outer loop
      vertex 5.97303 113.184 11.1
      vertex 6.99656 113.811 5.9
      vertex 5.97303 113.184 5.9
    endloop
  endfacet
  facet normal -0.649634 0.760247 0
    outer loop
      vertex 7.90937 114.591 5.9
      vertex 6.99656 113.811 11.1
      vertex 7.90937 114.591 11.1
    endloop
  endfacet
  facet normal -0.649634 0.760247 0
    outer loop
      vertex 6.99656 113.811 11.1
      vertex 7.90937 114.591 5.9
      vertex 6.99656 113.811 5.9
    endloop
  endfacet
  facet normal 0 0 -1
    outer loop
      vertex 2.5 72.8 8.28
      vertex 6.9 73.85 8.28
      vertex 6.9 72.8 8.28
    endloop
  endfacet
  facet normal -0 0 -1
    outer loop
      vertex 6.9 73.85 8.28
      vertex 2.5 72.8 8.28
      vertex 2.5 73.85 8.28
    endloop
  endfacet
  facet normal -1 0 0
    outer loop
      vertex 6.9 83.2 4.84
      vertex 6.9 73.85 8.1
      vertex 6.9 83.2 8.1
    endloop
  endfacet
  facet normal -1 0 0
    outer loop
      vertex 6.9 72.8 4.84
      vertex 6.9 73.85 8.1
      vertex 6.9 83.2 4.84
    endloop
  endfacet
  facet normal -1 0 0
    outer loop
      vertex 6.9 72.8 8.28
      vertex 6.9 73.85 8.1
      vertex 6.9 72.8 4.84
    endloop
  endfacet
  facet normal -1 0 0
    outer loop
      vertex 6.9 73.85 8.1
      vertex 6.9 72.8 8.28
      vertex 6.9 73.85 8.28
    endloop
  endfacet
  facet normal -0 0 1
    outer loop
      vertex 2.65999 83.2 4.84
      vertex 6.9 72.8 4.84
      vertex 6.9 83.2 4.84
    endloop
  endfacet
  facet normal 0 0 1
    outer loop
      vertex 6.9 72.8 4.84
      vertex 2.65999 83.2 4.84
      vertex 2.65999 72.8 4.84
    endloop
  endfacet
  facet normal 0 1 -0
    outer loop
      vertex 2.65999 72.8 4.84
      vertex 2.5 72.8 8.28
      vertex 6.9 72.8 8.28
    endloop
  endfacet
  facet normal 0 1 0
    outer loop
      vertex 2.65999 72.8 4.84
      vertex 6.9 72.8 8.28
      vertex 6.9 72.8 4.84
    endloop
  endfacet
  facet normal 0 1 0
    outer loop
      vertex 2.5 72.8 8.28
      vertex 2.65999 72.8 4.84
      vertex 2.59999 72.8 4.89999
    endloop
  endfacet
  facet normal 0 1 0
    outer loop
      vertex 2.5 72.8 8.28
      vertex 2.59999 72.8 4.89999
      vertex 2.5 72.8 4.89999
    endloop
  endfacet
  facet normal 0 -1 0
    outer loop
      vertex 2.59999 83.2 4.89999
      vertex 2.5 83.2 8.1
      vertex 2.5 83.2 4.89999
    endloop
  endfacet
  facet normal 0 -1 0
    outer loop
      vertex 2.65999 83.2 4.84
      vertex 2.5 83.2 8.1
      vertex 2.59999 83.2 4.89999
    endloop
  endfacet
  facet normal 0 -1 0
    outer loop
      vertex 2.5 83.2 8.1
      vertex 2.65999 83.2 4.84
      vertex 6.9 83.2 8.1
    endloop
  endfacet
  facet normal 0 -1 -0
    outer loop
      vertex 6.9 83.2 8.1
      vertex 2.65999 83.2 4.84
      vertex 6.9 83.2 4.84
    endloop
  endfacet
  facet normal 0 0 -1
    outer loop
      vertex 4.13748 127.45 8.28
      vertex 6.39297 127.64 8.28
      vertex 6.70364 127.45 8.28
    endloop
  endfacet
  facet normal -0 0 -1
    outer loop
      vertex 6.39297 127.64 8.28
      vertex 4.13748 127.45 8.28
      vertex 5.14982 128.155 8.28
    endloop
  endfacet
  facet normal 0 0 -1
    outer loop
      vertex 4.13748 127.45 8.28
      vertex 3.84142 128.469 8.28
      vertex 5.14982 128.155 8.28
    endloop
  endfacet
  facet normal 0 0 -1
    outer loop
      vertex 3.69672 127.556 8.28
      vertex 3.84142 128.469 8.28
      vertex 4.13748 127.45 8.28
    endloop
  endfacet
  facet normal 0 0 -1
    outer loop
      vertex 2.5 127.65 8.28
      vertex 3.84142 128.469 8.28
      vertex 3.69672 127.556 8.28
    endloop
  endfacet
  facet normal -0 0 -1
    outer loop
      vertex 3.84142 128.469 8.28
      vertex 2.5 127.65 8.28
      vertex 2.5 128.575 8.28
    endloop
  endfacet
  facet normal -1 0 0
    outer loop
      vertex 6.9 127.45 4.84
      vertex 6.9 137.85 8.1
      vertex 6.9 137.85 4.84
    endloop
  endfacet
  facet normal -1 -0 0
    outer loop
      vertex 6.9 137.85 8.1
      vertex 6.9 127.45 4.84
      vertex 6.9 127.45 8.1
    endloop
  endfacet
  facet normal -0 0 1
    outer loop
      vertex 2.65999 137.85 4.84
      vertex 6.9 127.45 4.84
      vertex 6.9 137.85 4.84
    endloop
  endfacet
  facet normal 0 0 1
    outer loop
      vertex 6.9 127.45 4.84
      vertex 2.65999 137.85 4.84
      vertex 2.65999 127.45 4.84
    endloop
  endfacet
  facet normal 0 1 -0
    outer loop
      vertex 6.9 127.45 4.84
      vertex 6.70364 127.45 8.1
      vertex 6.9 127.45 8.1
    endloop
  endfacet
  facet normal 0 1 -0
    outer loop
      vertex 2.65999 127.45 4.84
      vertex 2.5 127.45 5.9
      vertex 4.13748 127.45 5.9
    endloop
  endfacet
  facet normal 0 1 0
    outer loop
      vertex 6.70364 127.45 8.1
      vertex 6.9 127.45 4.84
      vertex 4.13748 127.45 5.9
    endloop
  endfacet
  facet normal 0 1 0
    outer loop
      vertex 2.65999 127.45 4.84
      vertex 4.13748 127.45 5.9
      vertex 6.9 127.45 4.84
    endloop
  endfacet
  facet normal 0 1 0
    outer loop
      vertex 2.5 127.45 5.9
      vertex 2.65999 127.45 4.84
      vertex 2.59999 127.45 4.89999
    endloop
  endfacet
  facet normal 0 1 -0
    outer loop
      vertex 6.70364 127.45 8.1
      vertex 4.13748 127.45 8.28
      vertex 6.70364 127.45 8.28
    endloop
  endfacet
  facet normal 0 1 0
    outer loop
      vertex 4.13748 127.45 8.28
      vertex 6.70364 127.45 8.1
      vertex 4.13748 127.45 5.9
    endloop
  endfacet
  facet normal 0 1 0
    outer loop
      vertex 2.5 127.45 5.9
      vertex 2.59999 127.45 4.89999
      vertex 2.5 127.45 4.89999
    endloop
  endfacet
  facet normal 0 -1 0
    outer loop
      vertex 2.59999 137.85 4.89999
      vertex 2.5 137.85 8.1
      vertex 2.5 137.85 4.89999
    endloop
  endfacet
  facet normal 0 -1 0
    outer loop
      vertex 2.65999 137.85 4.84
      vertex 2.5 137.85 8.1
      vertex 2.59999 137.85 4.89999
    endloop
  endfacet
  facet normal 0 -1 0
    outer loop
      vertex 2.5 137.85 8.1
      vertex 2.65999 137.85 4.84
      vertex 6.9 137.85 8.1
    endloop
  endfacet
  facet normal 0 -1 -0
    outer loop
      vertex 6.9 137.85 8.1
      vertex 2.65999 137.85 4.84
      vertex 6.9 137.85 4.84
    endloop
  endfacet
  facet normal 0 0 -1
    outer loop
      vertex 2.5 166.15 8.28
      vertex 6.9 167.2 8.28
      vertex 6.9 166.15 8.28
    endloop
  endfacet
  facet normal -0 0 -1
    outer loop
      vertex 6.9 167.2 8.28
      vertex 2.5 166.15 8.28
      vertex 2.5 167.2 8.28
    endloop
  endfacet
  facet normal -1 0 0
    outer loop
      vertex 6.9 167.2 4.84
      vertex 6.9 166.15 8.1
      vertex 6.9 167.2 8.28
    endloop
  endfacet
  facet normal -1 0 0
    outer loop
      vertex 6.9 156.8 4.84
      vertex 6.9 166.15 8.1
      vertex 6.9 167.2 4.84
    endloop
  endfacet
  facet normal -1 -0 0
    outer loop
      vertex 6.9 166.15 8.1
      vertex 6.9 156.8 4.84
      vertex 6.9 156.8 8.1
    endloop
  endfacet
  facet normal -1 -0 0
    outer loop
      vertex 6.9 167.2 8.28
      vertex 6.9 166.15 8.1
      vertex 6.9 166.15 8.28
    endloop
  endfacet
  facet normal -0 0 1
    outer loop
      vertex 2.65999 167.2 4.84
      vertex 6.9 156.8 4.84
      vertex 6.9 167.2 4.84
    endloop
  endfacet
  facet normal 0 0 1
    outer loop
      vertex 6.9 156.8 4.84
      vertex 2.65999 167.2 4.84
      vertex 2.65999 156.8 4.84
    endloop
  endfacet
  facet normal 0 1 -0
    outer loop
      vertex 2.65999 156.8 4.84
      vertex 2.5 156.8 8.1
      vertex 6.9 156.8 8.1
    endloop
  endfacet
  facet normal 0 1 0
    outer loop
      vertex 2.65999 156.8 4.84
      vertex 6.9 156.8 8.1
      vertex 6.9 156.8 4.84
    endloop
  endfacet
  facet normal 0 1 0
    outer loop
      vertex 2.5 156.8 8.1
      vertex 2.65999 156.8 4.84
      vertex 2.59999 156.8 4.89999
    endloop
  endfacet
  facet normal 0 1 0
    outer loop
      vertex 2.5 156.8 8.1
      vertex 2.59999 156.8 4.89999
      vertex 2.5 156.8 4.89999
    endloop
  endfacet
  facet normal 0 -1 0
    outer loop
      vertex 2.59999 167.2 4.89999
      vertex 2.5 167.2 8.28
      vertex 2.5 167.2 4.89999
    endloop
  endfacet
  facet normal 0 -1 0
    outer loop
      vertex 2.65999 167.2 4.84
      vertex 2.5 167.2 8.28
      vertex 2.59999 167.2 4.89999
    endloop
  endfacet
  facet normal 0 -1 0
    outer loop
      vertex 2.5 167.2 8.28
      vertex 2.65999 167.2 4.84
      vertex 6.9 167.2 8.28
    endloop
  endfacet
  facet normal 0 -1 -0
    outer loop
      vertex 6.9 167.2 8.28
      vertex 2.65999 167.2 4.84
      vertex 6.9 167.2 4.84
    endloop
  endfacet
  facet normal -0.707107 0 0.707107
    outer loop
      vertex 2.59999 68 0
      vertex 5.04999 172 2.45
      vertex 2.59999 172 0
    endloop
  endfacet
  facet normal -0.707107 0 0.707107
    outer loop
      vertex 5.04999 172 2.45
      vertex 2.59999 68 0
      vertex 5.04999 68 2.45
    endloop
  endfacet
  facet normal -0.707105 -1.43707e-06 -0.707108
    outer loop
      vertex 5.04999 172 2.45
      vertex 2.65999 167.2 4.84
      vertex 2.59999 172 4.89999
    endloop
  endfacet
  facet normal -0.707107 0 -0.707107
    outer loop
      vertex 5.04999 172 2.45
      vertex 2.65999 156.8 4.84
      vertex 2.65999 167.2 4.84
    endloop
  endfacet
  facet normal -0.707048 -0 -0.707166
    outer loop
      vertex 2.65999 156.8 4.84
      vertex 2.65999 137.85 4.84
      vertex 2.59999 156.8 4.89999
    endloop
  endfacet
  facet normal -0.707107 0 -0.707107
    outer loop
      vertex 5.04999 172 2.45
      vertex 2.65999 137.85 4.84
      vertex 2.65999 156.8 4.84
    endloop
  endfacet
  facet normal -0.707107 0 -0.707107
    outer loop
      vertex 5.04999 172 2.45
      vertex 2.65999 127.45 4.84
      vertex 2.65999 137.85 4.84
    endloop
  endfacet
  facet normal -0.707048 -0 -0.707166
    outer loop
      vertex 2.65999 127.45 4.84
      vertex 2.65999 83.2 4.84
      vertex 2.59999 127.45 4.89999
    endloop
  endfacet
  facet normal -0.707107 0 -0.707107
    outer loop
      vertex 5.04999 68 2.45
      vertex 2.65999 127.45 4.84
      vertex 5.04999 172 2.45
    endloop
  endfacet
  facet normal -0.707107 -0 -0.707107
    outer loop
      vertex 2.65999 127.45 4.84
      vertex 5.04999 68 2.45
      vertex 2.65999 83.2 4.84
    endloop
  endfacet
  facet normal -0.707107 -0 -0.707107
    outer loop
      vertex 2.65999 83.2 4.84
      vertex 5.04999 68 2.45
      vertex 2.65999 72.8 4.84
    endloop
  endfacet
  facet normal -0.707105 1.43707e-06 -0.707108
    outer loop
      vertex 2.59999 68 4.89999
      vertex 2.65999 72.8 4.84
      vertex 5.04999 68 2.45
    endloop
  endfacet
  facet normal -0.707048 0 -0.707166
    outer loop
      vertex 2.65999 72.8 4.84
      vertex 2.59999 68 4.89999
      vertex 2.59999 72.8 4.89999
    endloop
  endfacet
  facet normal -0.707048 -0 -0.707166
    outer loop
      vertex 2.59999 172 4.89999
      vertex 2.65999 167.2 4.84
      vertex 2.59999 167.2 4.89999
    endloop
  endfacet
  facet normal -0.707048 -0 -0.707166
    outer loop
      vertex 2.59999 156.8 4.89999
      vertex 2.65999 137.85 4.84
      vertex 2.59999 137.85 4.89999
    endloop
  endfacet
  facet normal -0.707048 -0 -0.707166
    outer loop
      vertex 2.59999 127.45 4.89999
      vertex 2.65999 83.2 4.84
      vertex 2.59999 83.2 4.89999
    endloop
  endfacet
  facet normal 0 0 -1
    outer loop
      vertex 2.5 167.2 4.89999
      vertex 2.59999 172 4.89999
      vertex 2.59999 167.2 4.89999
    endloop
  endfacet
  facet normal -0 0 -1
    outer loop
      vertex 2.59999 172 4.89999
      vertex 2.5 167.2 4.89999
      vertex 2.5 172 4.89999
    endloop
  endfacet
  facet normal 0 0 -1
    outer loop
      vertex 2.5 68 4.89999
      vertex 2.59999 72.8 4.89999
      vertex 2.59999 68 4.89999
    endloop
  endfacet
  facet normal -0 0 -1
    outer loop
      vertex 2.59999 72.8 4.89999
      vertex 2.5 68 4.89999
      vertex 2.5 72.8 4.89999
    endloop
  endfacet
  facet normal 0 0 -1
    outer loop
      vertex 2.5 83.2 4.89999
      vertex 2.59999 127.45 4.89999
      vertex 2.59999 83.2 4.89999
    endloop
  endfacet
  facet normal -0 0 -1
    outer loop
      vertex 2.59999 127.45 4.89999
      vertex 2.5 83.2 4.89999
      vertex 2.5 127.45 4.89999
    endloop
  endfacet
  facet normal 0 0 -1
    outer loop
      vertex 2.5 137.85 4.89999
      vertex 2.59999 156.8 4.89999
      vertex 2.59999 137.85 4.89999
    endloop
  endfacet
  facet normal -0 0 -1
    outer loop
      vertex 2.59999 156.8 4.89999
      vertex 2.5 137.85 4.89999
      vertex 2.5 156.8 4.89999
    endloop
  endfacet
  facet normal -1 0 0
    outer loop
      vertex 2.5 127.65 8.28
      vertex 2.5 128.575 11.1
      vertex 2.5 128.575 8.28
    endloop
  endfacet
  facet normal -1 -0 0
    outer loop
      vertex 2.5 128.575 11.1
      vertex 2.5 127.65 8.28
      vertex 2.5 127.65 11.1
    endloop
  endfacet
  facet normal -1 0 0
    outer loop
      vertex 2.5 127.45 4.89999
      vertex 2.5 112.35 5.9
      vertex 2.5 127.45 5.9
    endloop
  endfacet
  facet normal -1 0 0
    outer loop
      vertex 2.5 112.35 5.9
      vertex 2.5 111.425 8.1
      vertex 2.5 112.35 11.1
    endloop
  endfacet
  facet normal -1 0 0
    outer loop
      vertex 2.5 83.2 4.89999
      vertex 2.5 112.35 5.9
      vertex 2.5 127.45 4.89999
    endloop
  endfacet
  facet normal -1 0 0
    outer loop
      vertex 2.5 83.2 4.89999
      vertex 2.5 111.425 8.1
      vertex 2.5 112.35 5.9
    endloop
  endfacet
  facet normal -1 -0 0
    outer loop
      vertex 2.5 111.425 8.1
      vertex 2.5 83.2 4.89999
      vertex 2.5 83.2 8.1
    endloop
  endfacet
  facet normal -1 -0 0
    outer loop
      vertex 2.5 112.35 11.1
      vertex 2.5 111.425 8.1
      vertex 2.5 111.425 11.1
    endloop
  endfacet
  facet normal -1 0 0
    outer loop
      vertex 2.5 172 4.89999
      vertex 2.5 168 8.1
      vertex 2.5 172 8.1
    endloop
  endfacet
  facet normal -1 0 0
    outer loop
      vertex 2.5 167.2 4.89999
      vertex 2.5 168 8.1
      vertex 2.5 172 4.89999
    endloop
  endfacet
  facet normal -1 0 0
    outer loop
      vertex 2.5 167.2 8.28
      vertex 2.5 168 8.1
      vertex 2.5 167.2 4.89999
    endloop
  endfacet
  facet normal -1 0 0
    outer loop
      vertex 2.5 168 8.1
      vertex 2.5 167.2 8.28
      vertex 2.5 168 11.1
    endloop
  endfacet
  facet normal -1 0 0
    outer loop
      vertex 2.5 166.15 11.1
      vertex 2.5 167.2 8.28
      vertex 2.5 166.15 8.28
    endloop
  endfacet
  facet normal -1 0 0
    outer loop
      vertex 2.5 167.2 8.28
      vertex 2.5 166.15 11.1
      vertex 2.5 168 11.1
    endloop
  endfacet
  facet normal -1 0 0
    outer loop
      vertex 2.5 72.8 4.89999
      vertex 2.5 72 8.1
      vertex 2.5 72.8 8.28
    endloop
  endfacet
  facet normal -1 0 0
    outer loop
      vertex 2.5 68 4.89999
      vertex 2.5 72 8.1
      vertex 2.5 72.8 4.89999
    endloop
  endfacet
  facet normal -1 -0 0
    outer loop
      vertex 2.5 72 8.1
      vertex 2.5 68 4.89999
      vertex 2.5 68 8.1
    endloop
  endfacet
  facet normal -1 0 0
    outer loop
      vertex 2.5 72.8 8.28
      vertex 2.5 73.85 11.1
      vertex 2.5 73.85 8.28
    endloop
  endfacet
  facet normal -1 0 0
    outer loop
      vertex 2.5 72 11.1
      vertex 2.5 72.8 8.28
      vertex 2.5 72 8.1
    endloop
  endfacet
  facet normal -1 0 0
    outer loop
      vertex 2.5 72.8 8.28
      vertex 2.5 72 11.1
      vertex 2.5 73.85 11.1
    endloop
  endfacet
  facet normal -1 0 0
    outer loop
      vertex 2.5 137.85 4.89999
      vertex 2.5 156.8 8.1
      vertex 2.5 156.8 4.89999
    endloop
  endfacet
  facet normal -1 -0 0
    outer loop
      vertex 2.5 156.8 8.1
      vertex 2.5 137.85 4.89999
      vertex 2.5 137.85 8.1
    endloop
  endfacet
endsolid OpenSCAD_Model
