solid OpenSCAD_Model
  facet normal -0.852694 -0.522411 0
    outer loop
      vertex -133.453 -46.6611 0
      vertex -134.117 -45.5773 62
      vertex -134.117 -45.5773 0
    endloop
  endfacet
  facet normal -0.852694 -0.522411 0
    outer loop
      vertex -134.117 -45.5773 62
      vertex -133.453 -46.6611 0
      vertex -133.453 -46.6611 62
    endloop
  endfacet
  facet normal -0.522455 -0.852667 0
    outer loop
      vertex -131.661 -48.453 0
      vertex -130.577 -49.1172 62
      vertex -131.661 -48.453 62
    endloop
  endfacet
  facet normal -0.522455 -0.852667 -0
    outer loop
      vertex -130.577 -49.1172 62
      vertex -131.661 -48.453 0
      vertex -130.577 -49.1172 0
    endloop
  endfacet
  facet normal -0.649222 -0.760599 0
    outer loop
      vertex -132.628 -47.6276 0
      vertex -131.661 -48.453 62
      vertex -132.628 -47.6276 62
    endloop
  endfacet
  facet normal -0.649222 -0.760599 -0
    outer loop
      vertex -131.661 -48.453 62
      vertex -132.628 -47.6276 0
      vertex -131.661 -48.453 0
    endloop
  endfacet
  facet normal -0.233418 -0.972377 0
    outer loop
      vertex -129.403 -49.6036 0
      vertex -128.167 -49.9003 62
      vertex -129.403 -49.6036 62
    endloop
  endfacet
  facet normal -0.233418 -0.972377 -0
    outer loop
      vertex -128.167 -49.9003 62
      vertex -129.403 -49.6036 0
      vertex -128.167 -49.9003 0
    endloop
  endfacet
  facet normal -0.0784473 -0.996918 0
    outer loop
      vertex -128.167 -49.9003 0
      vertex -126.9 -50 62
      vertex -128.167 -49.9003 62
    endloop
  endfacet
  facet normal -0.0784473 -0.996918 -0
    outer loop
      vertex -126.9 -50 62
      vertex -128.167 -49.9003 0
      vertex -126.9 -50 0
    endloop
  endfacet
  facet normal -0.38276 -0.923848 0
    outer loop
      vertex -130.577 -49.1172 0
      vertex -129.403 -49.6036 62
      vertex -130.577 -49.1172 62
    endloop
  endfacet
  facet normal -0.38276 -0.923848 -0
    outer loop
      vertex -129.403 -49.6036 62
      vertex -130.577 -49.1172 0
      vertex -129.403 -49.6036 0
    endloop
  endfacet
  facet normal 0 0 1
    outer loop
      vertex -2.5 50 62
      vertex -125.05 48.15 62
      vertex -2.5 48.15 62
    endloop
  endfacet
  facet normal -0 0 1
    outer loop
      vertex -126.9 50 62
      vertex -125.05 48.15 62
      vertex -2.5 50 62
    endloop
  endfacet
  facet normal 0 0 1
    outer loop
      vertex -126.9 50 62
      vertex -126.317 48.0503 62
      vertex -125.05 48.15 62
    endloop
  endfacet
  facet normal 0 0 1
    outer loop
      vertex -126.9 50 62
      vertex -127.553 47.7536 62
      vertex -126.317 48.0503 62
    endloop
  endfacet
  facet normal -0 0 1
    outer loop
      vertex -128.167 49.9003 62
      vertex -127.553 47.7536 62
      vertex -126.9 50 62
    endloop
  endfacet
  facet normal -0 0 1
    outer loop
      vertex -129.403 49.6036 62
      vertex -127.553 47.7536 62
      vertex -128.167 49.9003 62
    endloop
  endfacet
  facet normal 0 0 1
    outer loop
      vertex -127.553 47.7536 62
      vertex -129.403 49.6036 62
      vertex -128.727 47.2672 62
    endloop
  endfacet
  facet normal -0 0 1
    outer loop
      vertex -130.577 49.1172 62
      vertex -128.727 47.2672 62
      vertex -129.403 49.6036 62
    endloop
  endfacet
  facet normal 0 0 1
    outer loop
      vertex -128.727 47.2672 62
      vertex -130.577 49.1172 62
      vertex -129.811 46.603 62
    endloop
  endfacet
  facet normal -0 0 1
    outer loop
      vertex -131.661 48.453 62
      vertex -129.811 46.603 62
      vertex -130.577 49.1172 62
    endloop
  endfacet
  facet normal 0 0 1
    outer loop
      vertex -129.811 46.603 62
      vertex -131.661 48.453 62
      vertex -130.778 45.7776 62
    endloop
  endfacet
  facet normal -0 0 1
    outer loop
      vertex -132.628 47.6276 62
      vertex -130.778 45.7776 62
      vertex -131.661 48.453 62
    endloop
  endfacet
  facet normal -0 0 1
    outer loop
      vertex -133.453 46.6611 62
      vertex -130.778 45.7776 62
      vertex -132.628 47.6276 62
    endloop
  endfacet
  facet normal 0 0 1
    outer loop
      vertex -130.778 45.7776 62
      vertex -133.453 46.6611 62
      vertex -131.603 44.8111 62
    endloop
  endfacet
  facet normal -0 0 1
    outer loop
      vertex -134.117 45.5773 62
      vertex -131.603 44.8111 62
      vertex -133.453 46.6611 62
    endloop
  endfacet
  facet normal 0 0 1
    outer loop
      vertex -131.603 44.8111 62
      vertex -134.117 45.5773 62
      vertex -132.267 43.7273 62
    endloop
  endfacet
  facet normal -0 0 1
    outer loop
      vertex -134.604 44.403 62
      vertex -132.267 43.7273 62
      vertex -134.117 45.5773 62
    endloop
  endfacet
  facet normal -0 0 1
    outer loop
      vertex -134.9 43.1671 62
      vertex -132.754 42.553 62
      vertex -134.604 44.403 62
    endloop
  endfacet
  facet normal 0 0 1
    outer loop
      vertex -132.267 43.7273 62
      vertex -134.604 44.403 62
      vertex -132.754 42.553 62
    endloop
  endfacet
  facet normal -0 0 1
    outer loop
      vertex -125.05 -48.15 62
      vertex -2.5 -50 62
      vertex -2.5 -48.15 62
    endloop
  endfacet
  facet normal 0 0 1
    outer loop
      vertex -125.05 -48.15 62
      vertex -126.9 -50 62
      vertex -2.5 -50 62
    endloop
  endfacet
  facet normal 0 0 1
    outer loop
      vertex -126.317 -48.0503 62
      vertex -126.9 -50 62
      vertex -125.05 -48.15 62
    endloop
  endfacet
  facet normal 0 0 1
    outer loop
      vertex -127.553 -47.7536 62
      vertex -126.9 -50 62
      vertex -126.317 -48.0503 62
    endloop
  endfacet
  facet normal 0 0 1
    outer loop
      vertex -127.553 -47.7536 62
      vertex -128.167 -49.9003 62
      vertex -126.9 -50 62
    endloop
  endfacet
  facet normal 0 0 1
    outer loop
      vertex -129.403 -49.6036 62
      vertex -127.553 -47.7536 62
      vertex -128.727 -47.2672 62
    endloop
  endfacet
  facet normal 0 0 1
    outer loop
      vertex -127.553 -47.7536 62
      vertex -129.403 -49.6036 62
      vertex -128.167 -49.9003 62
    endloop
  endfacet
  facet normal 0 0 1
    outer loop
      vertex -130.577 -49.1172 62
      vertex -128.727 -47.2672 62
      vertex -129.811 -46.603 62
    endloop
  endfacet
  facet normal 0 0 1
    outer loop
      vertex -128.727 -47.2672 62
      vertex -130.577 -49.1172 62
      vertex -129.403 -49.6036 62
    endloop
  endfacet
  facet normal 0 0 1
    outer loop
      vertex -131.661 -48.453 62
      vertex -129.811 -46.603 62
      vertex -130.778 -45.7776 62
    endloop
  endfacet
  facet normal 0 0 1
    outer loop
      vertex -133.453 -46.6611 62
      vertex -130.778 -45.7776 62
      vertex -131.603 -44.8111 62
    endloop
  endfacet
  facet normal 0 0 1
    outer loop
      vertex -129.811 -46.603 62
      vertex -131.661 -48.453 62
      vertex -130.577 -49.1172 62
    endloop
  endfacet
  facet normal 0 0 1
    outer loop
      vertex -134.117 -45.5773 62
      vertex -131.603 -44.8111 62
      vertex -132.267 -43.7273 62
    endloop
  endfacet
  facet normal 0 0 1
    outer loop
      vertex -130.778 -45.7776 62
      vertex -132.628 -47.6276 62
      vertex -131.661 -48.453 62
    endloop
  endfacet
  facet normal 0 0 1
    outer loop
      vertex -134.604 -44.403 62
      vertex -132.267 -43.7273 62
      vertex -132.754 -42.553 62
    endloop
  endfacet
  facet normal -0 0 1
    outer loop
      vertex -135 -41.9001 62
      vertex -132.754 -42.553 62
      vertex -133.05 -41.3171 62
    endloop
  endfacet
  facet normal 0 0 1
    outer loop
      vertex -135 -41.9001 62
      vertex -133.05 -41.3171 62
      vertex -133.15 -40.0501 62
    endloop
  endfacet
  facet normal 0 0 1
    outer loop
      vertex -130.778 -45.7776 62
      vertex -133.453 -46.6611 62
      vertex -132.628 -47.6276 62
    endloop
  endfacet
  facet normal 0 0 1
    outer loop
      vertex -133.15 40.0501 62
      vertex -135 41.9001 62
      vertex -133.15 -40.0501 62
    endloop
  endfacet
  facet normal 0 0 1
    outer loop
      vertex -135 41.9001 62
      vertex -132.754 42.553 62
      vertex -134.9 43.1671 62
    endloop
  endfacet
  facet normal 0 0 1
    outer loop
      vertex -135 -41.9001 62
      vertex -133.15 -40.0501 62
      vertex -135 41.9001 62
    endloop
  endfacet
  facet normal 0 0 1
    outer loop
      vertex -132.754 42.553 62
      vertex -135 41.9001 62
      vertex -133.05 41.3171 62
    endloop
  endfacet
  facet normal 0 0 1
    outer loop
      vertex -132.754 -42.553 62
      vertex -135 -41.9001 62
      vertex -134.9 -43.1671 62
    endloop
  endfacet
  facet normal 0 0 1
    outer loop
      vertex -133.05 41.3171 62
      vertex -135 41.9001 62
      vertex -133.15 40.0501 62
    endloop
  endfacet
  facet normal 0 0 1
    outer loop
      vertex -131.603 -44.8111 62
      vertex -134.117 -45.5773 62
      vertex -133.453 -46.6611 62
    endloop
  endfacet
  facet normal 0 0 1
    outer loop
      vertex -132.267 -43.7273 62
      vertex -134.604 -44.403 62
      vertex -134.117 -45.5773 62
    endloop
  endfacet
  facet normal 0 0 1
    outer loop
      vertex -132.754 -42.553 62
      vertex -134.9 -43.1671 62
      vertex -134.604 -44.403 62
    endloop
  endfacet
  facet normal -1 -0 0
    outer loop
      vertex -135 -10 9.96
      vertex -135 -41.9001 0
      vertex -135 -10 27.96
    endloop
  endfacet
  facet normal -1 -0 0
    outer loop
      vertex -135 -9.87688 8.39565
      vertex -135 -41.9001 0
      vertex -135 -10 9.96
    endloop
  endfacet
  facet normal -1 -0 0
    outer loop
      vertex -135 -9.51056 6.86983
      vertex -135 -41.9001 0
      vertex -135 -9.87688 8.39565
    endloop
  endfacet
  facet normal -1 -0 0
    outer loop
      vertex -135 -8.91006 5.42009
      vertex -135 -41.9001 0
      vertex -135 -9.51056 6.86983
    endloop
  endfacet
  facet normal -1 -0 0
    outer loop
      vertex -135 -8.09017 4.08215
      vertex -135 -41.9001 0
      vertex -135 -8.91006 5.42009
    endloop
  endfacet
  facet normal -1 -0 0
    outer loop
      vertex -135 -7.07107 2.88893
      vertex -135 -41.9001 0
      vertex -135 -8.09017 4.08215
    endloop
  endfacet
  facet normal -1 -0 0
    outer loop
      vertex -135 -5.87785 1.86983
      vertex -135 -41.9001 0
      vertex -135 -7.07107 2.88893
    endloop
  endfacet
  facet normal -1 -0 0
    outer loop
      vertex -135 -4.5399 1.04993
      vertex -135 -41.9001 0
      vertex -135 -5.87785 1.86983
    endloop
  endfacet
  facet normal -1 -0 0
    outer loop
      vertex -135 -3.09017 0.449434
      vertex -135 -41.9001 0
      vertex -135 -4.5399 1.04993
    endloop
  endfacet
  facet normal -1 -0 0
    outer loop
      vertex -135 -1.56434 0.0831165
      vertex -135 -41.9001 0
      vertex -135 -3.09017 0.449434
    endloop
  endfacet
  facet normal -1 0 0
    outer loop
      vertex -135 -41.9001 0
      vertex -135 -1.56434 0.0831165
      vertex -135 -0.508248 0
    endloop
  endfacet
  facet normal -1 0 0
    outer loop
      vertex -135 10 27.96
      vertex -135 41.9001 0
      vertex -135 10 9.96
    endloop
  endfacet
  facet normal -1 0 0
    outer loop
      vertex -135 41.9001 0
      vertex -135 9.87688 8.39565
      vertex -135 10 9.96
    endloop
  endfacet
  facet normal -1 0 0
    outer loop
      vertex -135 41.9001 0
      vertex -135 9.51056 6.86983
      vertex -135 9.87688 8.39565
    endloop
  endfacet
  facet normal -1 0 0
    outer loop
      vertex -135 41.9001 0
      vertex -135 8.91006 5.42009
      vertex -135 9.51056 6.86983
    endloop
  endfacet
  facet normal -1 0 0
    outer loop
      vertex -135 41.9001 0
      vertex -135 8.09017 4.08215
      vertex -135 8.91006 5.42009
    endloop
  endfacet
  facet normal -1 0 0
    outer loop
      vertex -135 41.9001 0
      vertex -135 7.07107 2.88893
      vertex -135 8.09017 4.08215
    endloop
  endfacet
  facet normal -1 0 0
    outer loop
      vertex -135 41.9001 0
      vertex -135 5.87785 1.86983
      vertex -135 7.07107 2.88893
    endloop
  endfacet
  facet normal -1 0 0
    outer loop
      vertex -135 41.9001 0
      vertex -135 4.5399 1.04993
      vertex -135 5.87785 1.86983
    endloop
  endfacet
  facet normal -1 0 0
    outer loop
      vertex -135 41.9001 0
      vertex -135 3.09017 0.449434
      vertex -135 4.5399 1.04993
    endloop
  endfacet
  facet normal -1 0 0
    outer loop
      vertex -135 41.9001 0
      vertex -135 1.56434 0.0831165
      vertex -135 3.09017 0.449434
    endloop
  endfacet
  facet normal -1 0 -0
    outer loop
      vertex -135 1.56434 0.0831165
      vertex -135 41.9001 0
      vertex -135 0.508248 0
    endloop
  endfacet
  facet normal -1 0 0
    outer loop
      vertex -135 41.9001 0
      vertex -135 10 27.96
      vertex -135 41.9001 62
    endloop
  endfacet
  facet normal -1 0 0
    outer loop
      vertex -135 9.87688 29.5243
      vertex -135 41.9001 62
      vertex -135 10 27.96
    endloop
  endfacet
  facet normal -1 0 0
    outer loop
      vertex -135 9.51056 31.0502
      vertex -135 41.9001 62
      vertex -135 9.87688 29.5243
    endloop
  endfacet
  facet normal -1 0 0
    outer loop
      vertex -135 8.91006 32.4999
      vertex -135 41.9001 62
      vertex -135 9.51056 31.0502
    endloop
  endfacet
  facet normal -1 0 0
    outer loop
      vertex -135 8.09017 33.8379
      vertex -135 41.9001 62
      vertex -135 8.91006 32.4999
    endloop
  endfacet
  facet normal -1 0 0
    outer loop
      vertex -135 7.07107 35.0311
      vertex -135 41.9001 62
      vertex -135 8.09017 33.8379
    endloop
  endfacet
  facet normal -1 0 0
    outer loop
      vertex -135 5.87785 36.0502
      vertex -135 41.9001 62
      vertex -135 7.07107 35.0311
    endloop
  endfacet
  facet normal -1 0 0
    outer loop
      vertex -135 4.5399 36.8701
      vertex -135 41.9001 62
      vertex -135 5.87785 36.0502
    endloop
  endfacet
  facet normal -1 0 0
    outer loop
      vertex -135 3.09017 37.4706
      vertex -135 41.9001 62
      vertex -135 4.5399 36.8701
    endloop
  endfacet
  facet normal -1 0 0
    outer loop
      vertex -135 1.56434 37.8369
      vertex -135 41.9001 62
      vertex -135 3.09017 37.4706
    endloop
  endfacet
  facet normal -1 0 0
    outer loop
      vertex -135 0 37.96
      vertex -135 41.9001 62
      vertex -135 1.56434 37.8369
    endloop
  endfacet
  facet normal -1 0 0
    outer loop
      vertex -135 -41.9001 62
      vertex -135 0 37.96
      vertex -135 -1.56434 37.8369
    endloop
  endfacet
  facet normal -1 0 0
    outer loop
      vertex -135 -41.9001 62
      vertex -135 -1.56434 37.8369
      vertex -135 -3.09017 37.4706
    endloop
  endfacet
  facet normal -1 0 0
    outer loop
      vertex -135 -41.9001 62
      vertex -135 -3.09017 37.4706
      vertex -135 -4.5399 36.8701
    endloop
  endfacet
  facet normal -1 0 0
    outer loop
      vertex -135 -41.9001 0
      vertex -135 -9.87688 29.5243
      vertex -135 -10 27.96
    endloop
  endfacet
  facet normal -1 0 0
    outer loop
      vertex -135 -41.9001 62
      vertex -135 -9.87688 29.5243
      vertex -135 -41.9001 0
    endloop
  endfacet
  facet normal -1 0 0
    outer loop
      vertex -135 -9.87688 29.5243
      vertex -135 -41.9001 62
      vertex -135 -9.51056 31.0502
    endloop
  endfacet
  facet normal -1 0 0
    outer loop
      vertex -135 -9.51056 31.0502
      vertex -135 -41.9001 62
      vertex -135 -8.91006 32.4999
    endloop
  endfacet
  facet normal -1 0 0
    outer loop
      vertex -135 -8.91006 32.4999
      vertex -135 -41.9001 62
      vertex -135 -8.09017 33.8379
    endloop
  endfacet
  facet normal -1 0 0
    outer loop
      vertex -135 0 37.96
      vertex -135 -41.9001 62
      vertex -135 41.9001 62
    endloop
  endfacet
  facet normal -1 0 0
    outer loop
      vertex -135 -5.87785 36.0502
      vertex -135 -41.9001 62
      vertex -135 -4.5399 36.8701
    endloop
  endfacet
  facet normal -1 0 0
    outer loop
      vertex -135 -7.07107 35.0311
      vertex -135 -41.9001 62
      vertex -135 -5.87785 36.0502
    endloop
  endfacet
  facet normal -1 0 0
    outer loop
      vertex -135 -8.09017 33.8379
      vertex -135 -41.9001 62
      vertex -135 -7.07107 35.0311
    endloop
  endfacet
  facet normal -0.38276 0.923848 0
    outer loop
      vertex -129.403 49.6036 0
      vertex -130.577 49.1172 62
      vertex -129.403 49.6036 62
    endloop
  endfacet
  facet normal -0.38276 0.923848 0
    outer loop
      vertex -130.577 49.1172 62
      vertex -129.403 49.6036 0
      vertex -130.577 49.1172 0
    endloop
  endfacet
  facet normal -0.852694 0.522411 0
    outer loop
      vertex -134.117 45.5773 0
      vertex -133.453 46.6611 62
      vertex -133.453 46.6611 0
    endloop
  endfacet
  facet normal -0.852694 0.522411 0
    outer loop
      vertex -133.453 46.6611 62
      vertex -134.117 45.5773 0
      vertex -134.117 45.5773 62
    endloop
  endfacet
  facet normal 0 1 0
    outer loop
      vertex -4.06434 50 37.8369
      vertex -2.5 50 62
      vertex -2.5 50 37.96
    endloop
  endfacet
  facet normal 0 1 0
    outer loop
      vertex -5.59017 50 37.4706
      vertex -2.5 50 62
      vertex -4.06434 50 37.8369
    endloop
  endfacet
  facet normal 0 1 0
    outer loop
      vertex -7.0399 50 36.8701
      vertex -2.5 50 62
      vertex -5.59017 50 37.4706
    endloop
  endfacet
  facet normal 0 1 0
    outer loop
      vertex -8.37785 50 36.0502
      vertex -2.5 50 62
      vertex -7.0399 50 36.8701
    endloop
  endfacet
  facet normal 0 1 0
    outer loop
      vertex -9.57107 50 35.0311
      vertex -2.5 50 62
      vertex -8.37785 50 36.0502
    endloop
  endfacet
  facet normal 0 1 0
    outer loop
      vertex -10.5902 50 33.8379
      vertex -2.5 50 62
      vertex -9.57107 50 35.0311
    endloop
  endfacet
  facet normal 0 1 0
    outer loop
      vertex -11.4101 50 32.4999
      vertex -2.5 50 62
      vertex -10.5902 50 33.8379
    endloop
  endfacet
  facet normal 0 1 0
    outer loop
      vertex -2.5 50 62
      vertex -11.4101 50 32.4999
      vertex -126.9 50 62
    endloop
  endfacet
  facet normal 0 1 -0
    outer loop
      vertex -12.0106 50 31.0502
      vertex -126.9 50 62
      vertex -11.4101 50 32.4999
    endloop
  endfacet
  facet normal 0 1 -0
    outer loop
      vertex -12.3769 50 29.5243
      vertex -126.9 50 62
      vertex -12.0106 50 31.0502
    endloop
  endfacet
  facet normal 0 1 -0
    outer loop
      vertex -12.5 50 27.96
      vertex -126.9 50 62
      vertex -12.3769 50 29.5243
    endloop
  endfacet
  facet normal 0 1 0
    outer loop
      vertex -126.9 50 0
      vertex -12.5 50 27.96
      vertex -12.5 50 9.96
    endloop
  endfacet
  facet normal 0 1 0
    outer loop
      vertex -126.9 50 0
      vertex -12.5 50 9.96
      vertex -12.3769 50 8.39565
    endloop
  endfacet
  facet normal 0 1 0
    outer loop
      vertex -126.9 50 0
      vertex -12.3769 50 8.39565
      vertex -12.0106 50 6.86983
    endloop
  endfacet
  facet normal 0 1 0
    outer loop
      vertex -126.9 50 0
      vertex -12.0106 50 6.86983
      vertex -11.4101 50 5.42009
    endloop
  endfacet
  facet normal 0 1 0
    outer loop
      vertex -126.9 50 0
      vertex -11.4101 50 5.42009
      vertex -10.5902 50 4.08215
    endloop
  endfacet
  facet normal 0 1 0
    outer loop
      vertex -126.9 50 0
      vertex -10.5902 50 4.08215
      vertex -9.57107 50 2.88893
    endloop
  endfacet
  facet normal 0 1 0
    outer loop
      vertex -126.9 50 0
      vertex -9.57107 50 2.88893
      vertex -8.37785 50 1.86983
    endloop
  endfacet
  facet normal 0 1 0
    outer loop
      vertex -126.9 50 0
      vertex -8.37785 50 1.86983
      vertex -7.0399 50 1.04993
    endloop
  endfacet
  facet normal 0 1 0
    outer loop
      vertex -12.5 50 27.96
      vertex -126.9 50 0
      vertex -126.9 50 62
    endloop
  endfacet
  facet normal 0 1 0
    outer loop
      vertex -5.59017 50 0.449434
      vertex -126.9 50 0
      vertex -7.0399 50 1.04993
    endloop
  endfacet
  facet normal 0 1 0
    outer loop
      vertex -4.06434 50 0.0831165
      vertex -126.9 50 0
      vertex -5.59017 50 0.449434
    endloop
  endfacet
  facet normal 0 1 0
    outer loop
      vertex -126.9 50 0
      vertex -4.06434 50 0.0831165
      vertex -3.00825 50 0
    endloop
  endfacet
  facet normal -0.233418 0.972377 0
    outer loop
      vertex -128.167 49.9003 0
      vertex -129.403 49.6036 62
      vertex -128.167 49.9003 62
    endloop
  endfacet
  facet normal -0.233418 0.972377 0
    outer loop
      vertex -129.403 49.6036 62
      vertex -128.167 49.9003 0
      vertex -129.403 49.6036 0
    endloop
  endfacet
  facet normal -0.760588 -0.649235 0
    outer loop
      vertex -132.628 -47.6276 0
      vertex -133.453 -46.6611 62
      vertex -133.453 -46.6611 0
    endloop
  endfacet
  facet normal -0.760588 -0.649235 0
    outer loop
      vertex -133.453 -46.6611 62
      vertex -132.628 -47.6276 0
      vertex -132.628 -47.6276 62
    endloop
  endfacet
  facet normal -0.923716 -0.383079 0
    outer loop
      vertex -134.117 -45.5773 0
      vertex -134.604 -44.403 62
      vertex -134.604 -44.403 0
    endloop
  endfacet
  facet normal -0.923716 -0.383079 0
    outer loop
      vertex -134.604 -44.403 62
      vertex -134.117 -45.5773 0
      vertex -134.117 -45.5773 62
    endloop
  endfacet
  facet normal 0 -1 0
    outer loop
      vertex -11.4101 -50 32.4999
      vertex -2.5 -50 62
      vertex -126.9 -50 62
    endloop
  endfacet
  facet normal 0 -1 -0
    outer loop
      vertex -2.5 -50 62
      vertex -4.06434 -50 37.8369
      vertex -2.5 -50 37.96
    endloop
  endfacet
  facet normal 0 -1 0
    outer loop
      vertex -2.5 -50 62
      vertex -5.59017 -50 37.4706
      vertex -4.06434 -50 37.8369
    endloop
  endfacet
  facet normal 0 -1 0
    outer loop
      vertex -2.5 -50 62
      vertex -7.0399 -50 36.8701
      vertex -5.59017 -50 37.4706
    endloop
  endfacet
  facet normal 0 -1 0
    outer loop
      vertex -2.5 -50 62
      vertex -8.37785 -50 36.0502
      vertex -7.0399 -50 36.8701
    endloop
  endfacet
  facet normal 0 -1 0
    outer loop
      vertex -2.5 -50 62
      vertex -9.57107 -50 35.0311
      vertex -8.37785 -50 36.0502
    endloop
  endfacet
  facet normal 0 -1 0
    outer loop
      vertex -2.5 -50 62
      vertex -10.5902 -50 33.8379
      vertex -9.57107 -50 35.0311
    endloop
  endfacet
  facet normal 0 -1 0
    outer loop
      vertex -2.5 -50 62
      vertex -11.4101 -50 32.4999
      vertex -10.5902 -50 33.8379
    endloop
  endfacet
  facet normal 0 -1 0
    outer loop
      vertex -126.9 -50 62
      vertex -12.0106 -50 31.0502
      vertex -11.4101 -50 32.4999
    endloop
  endfacet
  facet normal 0 -1 0
    outer loop
      vertex -126.9 -50 62
      vertex -12.3769 -50 29.5243
      vertex -12.0106 -50 31.0502
    endloop
  endfacet
  facet normal 0 -1 0
    outer loop
      vertex -126.9 -50 62
      vertex -12.5 -50 27.96
      vertex -12.3769 -50 29.5243
    endloop
  endfacet
  facet normal 0 -1 0
    outer loop
      vertex -126.9 -50 0
      vertex -12.5 -50 27.96
      vertex -126.9 -50 62
    endloop
  endfacet
  facet normal 0 -1 -0
    outer loop
      vertex -12.5 -50 27.96
      vertex -126.9 -50 0
      vertex -12.5 -50 9.96
    endloop
  endfacet
  facet normal 0 -1 -0
    outer loop
      vertex -12.5 -50 9.96
      vertex -126.9 -50 0
      vertex -12.3769 -50 8.39565
    endloop
  endfacet
  facet normal 0 -1 -0
    outer loop
      vertex -12.3769 -50 8.39565
      vertex -126.9 -50 0
      vertex -12.0106 -50 6.86983
    endloop
  endfacet
  facet normal 0 -1 -0
    outer loop
      vertex -12.0106 -50 6.86983
      vertex -126.9 -50 0
      vertex -11.4101 -50 5.42009
    endloop
  endfacet
  facet normal 0 -1 -0
    outer loop
      vertex -11.4101 -50 5.42009
      vertex -126.9 -50 0
      vertex -10.5902 -50 4.08215
    endloop
  endfacet
  facet normal 0 -1 -0
    outer loop
      vertex -10.5902 -50 4.08215
      vertex -126.9 -50 0
      vertex -9.57107 -50 2.88893
    endloop
  endfacet
  facet normal 0 -1 -0
    outer loop
      vertex -9.57107 -50 2.88893
      vertex -126.9 -50 0
      vertex -8.37785 -50 1.86983
    endloop
  endfacet
  facet normal 0 -1 -0
    outer loop
      vertex -8.37785 -50 1.86983
      vertex -126.9 -50 0
      vertex -7.0399 -50 1.04993
    endloop
  endfacet
  facet normal 0 -1 0
    outer loop
      vertex -126.9 -50 0
      vertex -5.59017 -50 0.449434
      vertex -7.0399 -50 1.04993
    endloop
  endfacet
  facet normal 0 -1 0
    outer loop
      vertex -126.9 -50 0
      vertex -4.06434 -50 0.0831165
      vertex -5.59017 -50 0.449434
    endloop
  endfacet
  facet normal 0 -1 -0
    outer loop
      vertex -4.06434 -50 0.0831165
      vertex -126.9 -50 0
      vertex -3.00825 -50 0
    endloop
  endfacet
  facet normal -0.649222 0.760599 0
    outer loop
      vertex -131.661 48.453 0
      vertex -132.628 47.6276 62
      vertex -131.661 48.453 62
    endloop
  endfacet
  facet normal -0.649222 0.760599 0
    outer loop
      vertex -132.628 47.6276 62
      vertex -131.661 48.453 0
      vertex -132.628 47.6276 0
    endloop
  endfacet
  facet normal -0.760588 0.649235 0
    outer loop
      vertex -133.453 46.6611 0
      vertex -132.628 47.6276 62
      vertex -132.628 47.6276 0
    endloop
  endfacet
  facet normal -0.760588 0.649235 0
    outer loop
      vertex -132.628 47.6276 62
      vertex -133.453 46.6611 0
      vertex -133.453 46.6611 62
    endloop
  endfacet
  facet normal -0.522455 0.852667 0
    outer loop
      vertex -130.577 49.1172 0
      vertex -131.661 48.453 62
      vertex -130.577 49.1172 62
    endloop
  endfacet
  facet normal -0.522455 0.852667 0
    outer loop
      vertex -131.661 48.453 62
      vertex -130.577 49.1172 0
      vertex -131.661 48.453 0
    endloop
  endfacet
  facet normal -0.972497 0.232915 0
    outer loop
      vertex -134.9 43.1671 0
      vertex -134.604 44.403 62
      vertex -134.604 44.403 0
    endloop
  endfacet
  facet normal -0.972497 0.232915 0
    outer loop
      vertex -134.604 44.403 62
      vertex -134.9 43.1671 0
      vertex -134.9 43.1671 62
    endloop
  endfacet
  facet normal -0.0784473 0.996918 0
    outer loop
      vertex -126.9 50 0
      vertex -128.167 49.9003 62
      vertex -126.9 50 62
    endloop
  endfacet
  facet normal -0.0784473 0.996918 0
    outer loop
      vertex -128.167 49.9003 62
      vertex -126.9 50 0
      vertex -128.167 49.9003 0
    endloop
  endfacet
  facet normal -0.9969 -0.0786819 0
    outer loop
      vertex -134.9 -43.1671 0
      vertex -135 -41.9001 62
      vertex -135 -41.9001 0
    endloop
  endfacet
  facet normal -0.9969 -0.0786819 0
    outer loop
      vertex -135 -41.9001 62
      vertex -134.9 -43.1671 0
      vertex -134.9 -43.1671 62
    endloop
  endfacet
  facet normal -0.923716 0.383079 0
    outer loop
      vertex -134.604 44.403 0
      vertex -134.117 45.5773 62
      vertex -134.117 45.5773 0
    endloop
  endfacet
  facet normal -0.923716 0.383079 0
    outer loop
      vertex -134.117 45.5773 62
      vertex -134.604 44.403 0
      vertex -134.604 44.403 62
    endloop
  endfacet
  facet normal 0 0 -1
    outer loop
      vertex -126.9 -50 0
      vertex -3.00825 -48.11 0
      vertex -3.00825 -50 0
    endloop
  endfacet
  facet normal 0 0 -1
    outer loop
      vertex -3.00825 -48.11 0
      vertex -4.24595 -5.37347 0
      vertex -3.38385 -5.58044 0
    endloop
  endfacet
  facet normal 0 0 -1
    outer loop
      vertex -3.00825 -48.11 0
      vertex -5.06505 -5.03419 0
      vertex -4.24595 -5.37347 0
    endloop
  endfacet
  facet normal 0 0 -1
    outer loop
      vertex -3.00825 -48.11 0
      vertex -5.82099 -4.57095 0
      vertex -5.06505 -5.03419 0
    endloop
  endfacet
  facet normal 0 0 -1
    outer loop
      vertex -3.00825 -48.11 0
      vertex -6.49515 -3.99515 0
      vertex -5.82099 -4.57095 0
    endloop
  endfacet
  facet normal 0 0 -1
    outer loop
      vertex -3.00825 -48.11 0
      vertex -7.07095 -3.32099 0
      vertex -6.49515 -3.99515 0
    endloop
  endfacet
  facet normal 0 0 -1
    outer loop
      vertex -3.00825 -48.11 0
      vertex -7.53419 -2.56505 0
      vertex -7.07095 -3.32099 0
    endloop
  endfacet
  facet normal -0 0 -1
    outer loop
      vertex -3.00825 -48.11 0
      vertex -126.9 -50 0
      vertex -7.53419 -2.56505 0
    endloop
  endfacet
  facet normal -0 0 -1
    outer loop
      vertex -7.53419 -2.56505 0
      vertex -126.9 -50 0
      vertex -7.87347 -1.74595 0
    endloop
  endfacet
  facet normal 0 0 -1
    outer loop
      vertex -7.87347 -1.74595 0
      vertex -133.11 -0.508248 0
      vertex -8.08044 -0.883854 0
    endloop
  endfacet
  facet normal 0 0 -1
    outer loop
      vertex -133.11 -0.508248 0
      vertex -7.87347 -1.74595 0
      vertex -126.9 -50 0
    endloop
  endfacet
  facet normal 0 0 -1
    outer loop
      vertex -2.54 -48.11 0
      vertex -3.00825 -48.11 0
      vertex -2.54 -38.15 0
    endloop
  endfacet
  facet normal 0 0 -1
    outer loop
      vertex -2.54 -38.15 0
      vertex -2.5 -5.65 0
      vertex -2.5 -38.15 0
    endloop
  endfacet
  facet normal 0 0 -1
    outer loop
      vertex -3.38385 -5.58044 0
      vertex -2.54 -38.15 0
      vertex -3.00825 -48.11 0
    endloop
  endfacet
  facet normal 0 0 -1
    outer loop
      vertex -2.54 -38.15 0
      vertex -3.38385 -5.58044 0
      vertex -2.5 -5.65 0
    endloop
  endfacet
  facet normal 0 0 -1
    outer loop
      vertex -3.38385 5.58044 0
      vertex -2.54 15.65 0
      vertex -2.54 5.65 0
    endloop
  endfacet
  facet normal 0 0 -1
    outer loop
      vertex -4.24595 5.37347 0
      vertex -2.54 15.65 0
      vertex -3.38385 5.58044 0
    endloop
  endfacet
  facet normal 0 0 -1
    outer loop
      vertex -2.54 38.15 0
      vertex -3.00825 48.11 0
      vertex -2.54 48.11 0
    endloop
  endfacet
  facet normal 0 0 -1
    outer loop
      vertex -3.38385 5.58044 0
      vertex -2.54 5.65 0
      vertex -2.5 5.65 0
    endloop
  endfacet
  facet normal 0 0 -1
    outer loop
      vertex -5.06505 5.03419 0
      vertex -2.54 15.65 0
      vertex -4.24595 5.37347 0
    endloop
  endfacet
  facet normal 0 0 -1
    outer loop
      vertex -5.82099 4.57095 0
      vertex -2.54 15.65 0
      vertex -5.06505 5.03419 0
    endloop
  endfacet
  facet normal 0 0 -1
    outer loop
      vertex -6.49515 3.99515 0
      vertex -2.54 15.65 0
      vertex -5.82099 4.57095 0
    endloop
  endfacet
  facet normal 0 0 -1
    outer loop
      vertex -7.07095 3.32099 0
      vertex -2.54 15.65 0
      vertex -6.49515 3.99515 0
    endloop
  endfacet
  facet normal 0 0 -1
    outer loop
      vertex -7.53419 2.56505 0
      vertex -2.54 15.65 0
      vertex -7.07095 3.32099 0
    endloop
  endfacet
  facet normal -0 0 -1
    outer loop
      vertex -2.54 15.65 0
      vertex -7.53419 2.56505 0
      vertex -2.54 38.15 0
    endloop
  endfacet
  facet normal 0 0 -1
    outer loop
      vertex -126.9 50 0
      vertex -2.54 38.15 0
      vertex -7.53419 2.56505 0
    endloop
  endfacet
  facet normal 0 0 -1
    outer loop
      vertex -2.54 38.15 0
      vertex -126.9 50 0
      vertex -3.00825 48.11 0
    endloop
  endfacet
  facet normal 0 0 -1
    outer loop
      vertex -126.9 50 0
      vertex -7.53419 2.56505 0
      vertex -7.87347 1.74595 0
    endloop
  endfacet
  facet normal 0 0 -1
    outer loop
      vertex -133.11 0.508248 0
      vertex -7.87347 1.74595 0
      vertex -8.08044 0.883854 0
    endloop
  endfacet
  facet normal 0 0 -1
    outer loop
      vertex -8.08044 -0.883854 0
      vertex -133.11 -0.508248 0
      vertex -8.15 0 0
    endloop
  endfacet
  facet normal 0 0 -1
    outer loop
      vertex -133.11 0.508248 0
      vertex -8.15 0 0
      vertex -133.11 -0.508248 0
    endloop
  endfacet
  facet normal 0 0 -1
    outer loop
      vertex -8.15 0 0
      vertex -133.11 0.508248 0
      vertex -8.08044 0.883854 0
    endloop
  endfacet
  facet normal 0 0 -1
    outer loop
      vertex -135 -41.9001 0
      vertex -126.9 -50 0
      vertex -128.167 -49.9003 0
    endloop
  endfacet
  facet normal -0 0 -1
    outer loop
      vertex -7.87347 1.74595 0
      vertex -133.11 0.508248 0
      vertex -126.9 50 0
    endloop
  endfacet
  facet normal 0 0 -1
    outer loop
      vertex -135 -41.9001 0
      vertex -128.167 -49.9003 0
      vertex -129.403 -49.6036 0
    endloop
  endfacet
  facet normal 0 0 -1
    outer loop
      vertex -3.00825 48.11 0
      vertex -126.9 50 0
      vertex -3.00825 50 0
    endloop
  endfacet
  facet normal 0 0 -1
    outer loop
      vertex -135 -41.9001 0
      vertex -129.403 -49.6036 0
      vertex -130.577 -49.1172 0
    endloop
  endfacet
  facet normal 0 0 -1
    outer loop
      vertex -135 41.9001 0
      vertex -126.9 50 0
      vertex -133.11 0.508248 0
    endloop
  endfacet
  facet normal 0 0 -1
    outer loop
      vertex -135 -41.9001 0
      vertex -130.577 -49.1172 0
      vertex -131.661 -48.453 0
    endloop
  endfacet
  facet normal 0 0 -1
    outer loop
      vertex -126.9 50 0
      vertex -135 41.9001 0
      vertex -128.167 49.9003 0
    endloop
  endfacet
  facet normal 0 0 -1
    outer loop
      vertex -135 -41.9001 0
      vertex -131.661 -48.453 0
      vertex -132.628 -47.6276 0
    endloop
  endfacet
  facet normal 0 0 -1
    outer loop
      vertex -128.167 49.9003 0
      vertex -135 41.9001 0
      vertex -129.403 49.6036 0
    endloop
  endfacet
  facet normal 0 0 -1
    outer loop
      vertex -129.403 49.6036 0
      vertex -135 41.9001 0
      vertex -130.577 49.1172 0
    endloop
  endfacet
  facet normal 0 0 -1
    outer loop
      vertex -135 -41.9001 0
      vertex -132.628 -47.6276 0
      vertex -133.453 -46.6611 0
    endloop
  endfacet
  facet normal 0 0 -1
    outer loop
      vertex -135 -41.9001 0
      vertex -133.453 -46.6611 0
      vertex -134.117 -45.5773 0
    endloop
  endfacet
  facet normal 0 0 -1
    outer loop
      vertex -135 -41.9001 0
      vertex -134.117 -45.5773 0
      vertex -134.604 -44.403 0
    endloop
  endfacet
  facet normal 0 0 -1
    outer loop
      vertex -135 -41.9001 0
      vertex -134.604 -44.403 0
      vertex -134.9 -43.1671 0
    endloop
  endfacet
  facet normal 0 0 -1
    outer loop
      vertex -126.9 -50 0
      vertex -135 -41.9001 0
      vertex -133.11 -0.508248 0
    endloop
  endfacet
  facet normal -0 0 -1
    outer loop
      vertex -133.11 -0.508248 0
      vertex -135 -41.9001 0
      vertex -135 -0.508248 0
    endloop
  endfacet
  facet normal 0 0 -1
    outer loop
      vertex -2.54 15.65 0
      vertex -2.5 38.15 0
      vertex -2.5 15.65 0
    endloop
  endfacet
  facet normal -0 0 -1
    outer loop
      vertex -2.5 38.15 0
      vertex -2.54 15.65 0
      vertex -2.54 38.15 0
    endloop
  endfacet
  facet normal 0 0 -1
    outer loop
      vertex -130.577 49.1172 0
      vertex -135 41.9001 0
      vertex -131.661 48.453 0
    endloop
  endfacet
  facet normal 0 0 -1
    outer loop
      vertex -131.661 48.453 0
      vertex -135 41.9001 0
      vertex -132.628 47.6276 0
    endloop
  endfacet
  facet normal 0 0 -1
    outer loop
      vertex -132.628 47.6276 0
      vertex -135 41.9001 0
      vertex -133.453 46.6611 0
    endloop
  endfacet
  facet normal 0 0 -1
    outer loop
      vertex -133.453 46.6611 0
      vertex -135 41.9001 0
      vertex -134.117 45.5773 0
    endloop
  endfacet
  facet normal 0 0 -1
    outer loop
      vertex -134.117 45.5773 0
      vertex -135 41.9001 0
      vertex -134.604 44.403 0
    endloop
  endfacet
  facet normal 0 0 -1
    outer loop
      vertex -135 41.9001 0
      vertex -133.11 0.508248 0
      vertex -135 0.508248 0
    endloop
  endfacet
  facet normal 0 0 -1
    outer loop
      vertex -134.604 44.403 0
      vertex -135 41.9001 0
      vertex -134.9 43.1671 0
    endloop
  endfacet
  facet normal -0.972497 -0.232915 0
    outer loop
      vertex -134.604 -44.403 0
      vertex -134.9 -43.1671 62
      vertex -134.9 -43.1671 0
    endloop
  endfacet
  facet normal -0.972497 -0.232915 0
    outer loop
      vertex -134.9 -43.1671 62
      vertex -134.604 -44.403 0
      vertex -134.604 -44.403 62
    endloop
  endfacet
  facet normal -0.9969 0.0786819 0
    outer loop
      vertex -135 41.9001 0
      vertex -134.9 43.1671 62
      vertex -134.9 43.1671 0
    endloop
  endfacet
  facet normal -0.9969 0.0786819 0
    outer loop
      vertex -134.9 43.1671 62
      vertex -135 41.9001 0
      vertex -135 41.9001 62
    endloop
  endfacet
  facet normal 0.852694 0.522411 0
    outer loop
      vertex -131.603 -44.8111 62
      vertex -132.267 -43.7273 1.85
      vertex -132.267 -43.7273 62
    endloop
  endfacet
  facet normal 0.852694 0.522411 0
    outer loop
      vertex -132.267 -43.7273 1.85
      vertex -131.603 -44.8111 62
      vertex -131.603 -44.8111 1.85
    endloop
  endfacet
  facet normal 0.522455 0.852667 -0
    outer loop
      vertex -128.727 -47.2672 1.85
      vertex -129.811 -46.603 62
      vertex -128.727 -47.2672 62
    endloop
  endfacet
  facet normal 0.522455 0.852667 0
    outer loop
      vertex -129.811 -46.603 62
      vertex -128.727 -47.2672 1.85
      vertex -129.811 -46.603 1.85
    endloop
  endfacet
  facet normal 0.649222 0.760599 -0
    outer loop
      vertex -129.811 -46.603 1.85
      vertex -130.778 -45.7776 62
      vertex -129.811 -46.603 62
    endloop
  endfacet
  facet normal 0.649222 0.760599 0
    outer loop
      vertex -130.778 -45.7776 62
      vertex -129.811 -46.603 1.85
      vertex -130.778 -45.7776 1.85
    endloop
  endfacet
  facet normal 0.233418 0.972377 -0
    outer loop
      vertex -126.317 -48.0503 1.85
      vertex -127.553 -47.7536 62
      vertex -126.317 -48.0503 62
    endloop
  endfacet
  facet normal 0.233418 0.972377 0
    outer loop
      vertex -127.553 -47.7536 62
      vertex -126.317 -48.0503 1.85
      vertex -127.553 -47.7536 1.85
    endloop
  endfacet
  facet normal 0.38276 0.923848 -0
    outer loop
      vertex -127.553 -47.7536 1.85
      vertex -128.727 -47.2672 62
      vertex -127.553 -47.7536 62
    endloop
  endfacet
  facet normal 0.38276 0.923848 0
    outer loop
      vertex -128.727 -47.2672 62
      vertex -127.553 -47.7536 1.85
      vertex -128.727 -47.2672 1.85
    endloop
  endfacet
  facet normal 0.9969 -0.0786819 0
    outer loop
      vertex -133.15 40.0501 62
      vertex -133.05 41.3171 1.85
      vertex -133.05 41.3171 62
    endloop
  endfacet
  facet normal 0.9969 -0.0786819 0
    outer loop
      vertex -133.05 41.3171 1.85
      vertex -133.15 40.0501 62
      vertex -133.15 40.0501 1.85
    endloop
  endfacet
  facet normal 1 -0 0
    outer loop
      vertex -133.15 9.87688 29.5243
      vertex -133.15 40.0501 1.85
      vertex -133.15 40.0501 62
    endloop
  endfacet
  facet normal 1 0 0
    outer loop
      vertex -133.15 40.0501 1.85
      vertex -133.15 9.87688 29.5243
      vertex -133.15 10 27.96
    endloop
  endfacet
  facet normal 1 0 0
    outer loop
      vertex -133.15 40.0501 62
      vertex -133.15 9.51056 31.0502
      vertex -133.15 9.87688 29.5243
    endloop
  endfacet
  facet normal 1 0 0
    outer loop
      vertex -133.15 40.0501 62
      vertex -133.15 8.91006 32.4999
      vertex -133.15 9.51056 31.0502
    endloop
  endfacet
  facet normal 1 0 0
    outer loop
      vertex -133.15 40.0501 62
      vertex -133.15 8.09017 33.8379
      vertex -133.15 8.91006 32.4999
    endloop
  endfacet
  facet normal 1 0 0
    outer loop
      vertex -133.15 40.0501 62
      vertex -133.15 7.07107 35.0311
      vertex -133.15 8.09017 33.8379
    endloop
  endfacet
  facet normal 1 0 0
    outer loop
      vertex -133.15 40.0501 62
      vertex -133.15 5.87785 36.0502
      vertex -133.15 7.07107 35.0311
    endloop
  endfacet
  facet normal 1 0 0
    outer loop
      vertex -133.15 40.0501 62
      vertex -133.15 4.5399 36.8701
      vertex -133.15 5.87785 36.0502
    endloop
  endfacet
  facet normal 1 0 0
    outer loop
      vertex -133.15 40.0501 62
      vertex -133.15 3.09017 37.4706
      vertex -133.15 4.5399 36.8701
    endloop
  endfacet
  facet normal 1 0 0
    outer loop
      vertex -133.15 40.0501 62
      vertex -133.15 1.56434 37.8369
      vertex -133.15 3.09017 37.4706
    endloop
  endfacet
  facet normal 1 0 0
    outer loop
      vertex -133.15 40.0501 62
      vertex -133.15 0 37.96
      vertex -133.15 1.56434 37.8369
    endloop
  endfacet
  facet normal 1 -0 0
    outer loop
      vertex -133.15 -40.0501 62
      vertex -133.15 0 37.96
      vertex -133.15 40.0501 62
    endloop
  endfacet
  facet normal 1 0 0
    outer loop
      vertex -133.15 0 37.96
      vertex -133.15 -40.0501 62
      vertex -133.15 -1.56434 37.8369
    endloop
  endfacet
  facet normal 1 0 0
    outer loop
      vertex -133.15 -1.56434 37.8369
      vertex -133.15 -40.0501 62
      vertex -133.15 -3.09017 37.4706
    endloop
  endfacet
  facet normal 1 0 0
    outer loop
      vertex -133.15 -9.87688 29.5243
      vertex -133.15 -40.0501 1.85
      vertex -133.15 -10 27.96
    endloop
  endfacet
  facet normal 1 0 0
    outer loop
      vertex -133.15 -40.0501 1.85
      vertex -133.15 -9.87688 29.5243
      vertex -133.15 -40.0501 62
    endloop
  endfacet
  facet normal 1 0 0
    outer loop
      vertex -133.15 -9.51056 31.0502
      vertex -133.15 -40.0501 62
      vertex -133.15 -9.87688 29.5243
    endloop
  endfacet
  facet normal 1 0 0
    outer loop
      vertex -133.15 -8.91006 32.4999
      vertex -133.15 -40.0501 62
      vertex -133.15 -9.51056 31.0502
    endloop
  endfacet
  facet normal 1 0 0
    outer loop
      vertex -133.15 -8.09017 33.8379
      vertex -133.15 -40.0501 62
      vertex -133.15 -8.91006 32.4999
    endloop
  endfacet
  facet normal 1 0 0
    outer loop
      vertex -133.15 -7.07107 35.0311
      vertex -133.15 -40.0501 62
      vertex -133.15 -8.09017 33.8379
    endloop
  endfacet
  facet normal 1 0 0
    outer loop
      vertex -133.15 -5.87785 36.0502
      vertex -133.15 -40.0501 62
      vertex -133.15 -7.07107 35.0311
    endloop
  endfacet
  facet normal 1 0 0
    outer loop
      vertex -133.15 -4.5399 36.8701
      vertex -133.15 -40.0501 62
      vertex -133.15 -5.87785 36.0502
    endloop
  endfacet
  facet normal 1 0 0
    outer loop
      vertex -133.15 -3.09017 37.4706
      vertex -133.15 -40.0501 62
      vertex -133.15 -4.5399 36.8701
    endloop
  endfacet
  facet normal 1 -0 0
    outer loop
      vertex -133.15 10 9.96
      vertex -133.15 40.0501 1.85
      vertex -133.15 10 27.96
    endloop
  endfacet
  facet normal 1 -0 0
    outer loop
      vertex -133.15 9.87688 8.39565
      vertex -133.15 40.0501 1.85
      vertex -133.15 10 9.96
    endloop
  endfacet
  facet normal 1 -0 0
    outer loop
      vertex -133.15 9.51056 6.86983
      vertex -133.15 40.0501 1.85
      vertex -133.15 9.87688 8.39565
    endloop
  endfacet
  facet normal 1 -0 0
    outer loop
      vertex -133.15 8.91006 5.42009
      vertex -133.15 40.0501 1.85
      vertex -133.15 9.51056 6.86983
    endloop
  endfacet
  facet normal 1 -0 0
    outer loop
      vertex -133.15 8.09017 4.08215
      vertex -133.15 40.0501 1.85
      vertex -133.15 8.91006 5.42009
    endloop
  endfacet
  facet normal 1 -0 0
    outer loop
      vertex -133.15 7.07107 2.88893
      vertex -133.15 40.0501 1.85
      vertex -133.15 8.09017 4.08215
    endloop
  endfacet
  facet normal 1 -0 0
    outer loop
      vertex -133.15 5.87785 1.86983
      vertex -133.15 40.0501 1.85
      vertex -133.15 7.07107 2.88893
    endloop
  endfacet
  facet normal 1 0 0
    outer loop
      vertex -133.15 40.0501 1.85
      vertex -133.15 5.87785 1.86983
      vertex -133.15 5.84549 1.85
    endloop
  endfacet
  facet normal 1 0 0
    outer loop
      vertex -133.15 -10 27.96
      vertex -133.15 -40.0501 1.85
      vertex -133.15 -10 9.96
    endloop
  endfacet
  facet normal 1 0 0
    outer loop
      vertex -133.15 -10 9.96
      vertex -133.15 -40.0501 1.85
      vertex -133.15 -9.87688 8.39565
    endloop
  endfacet
  facet normal 1 0 0
    outer loop
      vertex -133.15 -9.87688 8.39565
      vertex -133.15 -40.0501 1.85
      vertex -133.15 -9.51056 6.86983
    endloop
  endfacet
  facet normal 1 0 0
    outer loop
      vertex -133.15 -5.87785 1.86983
      vertex -133.15 -40.0501 1.85
      vertex -133.15 -5.84549 1.85
    endloop
  endfacet
  facet normal 1 0 0
    outer loop
      vertex -133.15 -7.07107 2.88893
      vertex -133.15 -40.0501 1.85
      vertex -133.15 -5.87785 1.86983
    endloop
  endfacet
  facet normal 1 0 0
    outer loop
      vertex -133.15 -8.09017 4.08215
      vertex -133.15 -40.0501 1.85
      vertex -133.15 -7.07107 2.88893
    endloop
  endfacet
  facet normal 1 0 0
    outer loop
      vertex -133.15 -8.91006 5.42009
      vertex -133.15 -40.0501 1.85
      vertex -133.15 -8.09017 4.08215
    endloop
  endfacet
  facet normal 1 0 0
    outer loop
      vertex -133.15 -9.51056 6.86983
      vertex -133.15 -40.0501 1.85
      vertex -133.15 -8.91006 5.42009
    endloop
  endfacet
  facet normal 0 -1 0
    outer loop
      vertex -123.55 48.15 1.85
      vertex -64.15 48.15 36.85
      vertex -123.55 48.15 36.85
    endloop
  endfacet
  facet normal 0 -1 -0
    outer loop
      vertex -64.15 48.15 36.85
      vertex -123.55 48.15 1.85
      vertex -64.15 48.15 1.85
    endloop
  endfacet
  facet normal 0 -1 0
    outer loop
      vertex -62.65 48.15 36.85
      vertex -2.5 48.15 62
      vertex -125.05 48.15 62
    endloop
  endfacet
  facet normal 0 -1 -0
    outer loop
      vertex -2.5 48.15 62
      vertex -4.06434 48.15 37.8369
      vertex -2.5 48.15 37.96
    endloop
  endfacet
  facet normal 0 -1 0
    outer loop
      vertex -9.57107 48.15 35.0311
      vertex -2.5 48.15 62
      vertex -62.65 48.15 36.85
    endloop
  endfacet
  facet normal 0 -1 0
    outer loop
      vertex -2.5 48.15 62
      vertex -5.59017 48.15 37.4706
      vertex -4.06434 48.15 37.8369
    endloop
  endfacet
  facet normal 0 -1 0
    outer loop
      vertex -123.55 48.15 36.85
      vertex -125.05 48.15 62
      vertex -125.05 48.15 36.85
    endloop
  endfacet
  facet normal 0 0 0
    outer loop
      vertex -125.05 48.15 1.85
      vertex -125.05 48.15 36.85
      vertex -125.05 48.15 62
    endloop
  endfacet
  facet normal 0 -1 0
    outer loop
      vertex -64.15 48.15 36.85
      vertex -125.05 48.15 62
      vertex -123.55 48.15 36.85
    endloop
  endfacet
  facet normal 0 -1 0
    outer loop
      vertex -62.65 48.15 36.85
      vertex -125.05 48.15 62
      vertex -64.15 48.15 36.85
    endloop
  endfacet
  facet normal 0 -1 0
    outer loop
      vertex -2.5 48.15 62
      vertex -7.0399 48.15 36.8701
      vertex -5.59017 48.15 37.4706
    endloop
  endfacet
  facet normal 0 -1 0
    outer loop
      vertex -2.5 48.15 62
      vertex -8.37785 48.15 36.0502
      vertex -7.0399 48.15 36.8701
    endloop
  endfacet
  facet normal 0 -1 0
    outer loop
      vertex -2.5 48.15 62
      vertex -9.57107 48.15 35.0311
      vertex -8.37785 48.15 36.0502
    endloop
  endfacet
  facet normal 0 -1 0
    outer loop
      vertex -62.65 48.15 36.85
      vertex -10.5902 48.15 33.8379
      vertex -9.57107 48.15 35.0311
    endloop
  endfacet
  facet normal 0 -1 0
    outer loop
      vertex -62.65 48.15 36.85
      vertex -11.4101 48.15 32.4999
      vertex -10.5902 48.15 33.8379
    endloop
  endfacet
  facet normal 0 -1 0
    outer loop
      vertex -62.65 48.15 36.85
      vertex -12.0106 48.15 31.0502
      vertex -11.4101 48.15 32.4999
    endloop
  endfacet
  facet normal 0 -1 0
    outer loop
      vertex -62.65 48.15 36.85
      vertex -12.3769 48.15 29.5243
      vertex -12.0106 48.15 31.0502
    endloop
  endfacet
  facet normal 0 -1 0
    outer loop
      vertex -62.65 48.15 36.85
      vertex -12.5 48.15 27.96
      vertex -12.3769 48.15 29.5243
    endloop
  endfacet
  facet normal 0 -1 0
    outer loop
      vertex -62.65 48.15 1.85
      vertex -12.5 48.15 27.96
      vertex -62.65 48.15 36.85
    endloop
  endfacet
  facet normal 0 -1 -0
    outer loop
      vertex -12.5 48.15 27.96
      vertex -62.65 48.15 1.85
      vertex -12.5 48.15 9.96
    endloop
  endfacet
  facet normal 0 -1 -0
    outer loop
      vertex -12.5 48.15 9.96
      vertex -62.65 48.15 1.85
      vertex -12.3769 48.15 8.39565
    endloop
  endfacet
  facet normal 0 -1 -0
    outer loop
      vertex -12.3769 48.15 8.39565
      vertex -62.65 48.15 1.85
      vertex -12.0106 48.15 6.86983
    endloop
  endfacet
  facet normal 0 -1 -0
    outer loop
      vertex -12.0106 48.15 6.86983
      vertex -62.65 48.15 1.85
      vertex -11.4101 48.15 5.42009
    endloop
  endfacet
  facet normal 0 -1 -0
    outer loop
      vertex -11.4101 48.15 5.42009
      vertex -62.65 48.15 1.85
      vertex -10.5902 48.15 4.08215
    endloop
  endfacet
  facet normal 0 -1 -0
    outer loop
      vertex -10.5902 48.15 4.08215
      vertex -62.65 48.15 1.85
      vertex -9.57107 48.15 2.88893
    endloop
  endfacet
  facet normal 0 -1 -0
    outer loop
      vertex -9.57107 48.15 2.88893
      vertex -62.65 48.15 1.85
      vertex -8.37785 48.15 1.86983
    endloop
  endfacet
  facet normal 0 -1 -0
    outer loop
      vertex -8.37785 48.15 1.86983
      vertex -62.65 48.15 1.85
      vertex -8.3455 48.15 1.85
    endloop
  endfacet
  facet normal 0.233418 -0.972377 0
    outer loop
      vertex -127.553 47.7536 1.85
      vertex -126.317 48.0503 62
      vertex -127.553 47.7536 62
    endloop
  endfacet
  facet normal 0.233418 -0.972377 0
    outer loop
      vertex -126.317 48.0503 62
      vertex -127.553 47.7536 1.85
      vertex -126.317 48.0503 1.85
    endloop
  endfacet
  facet normal 0.760588 0.649235 0
    outer loop
      vertex -130.778 -45.7776 62
      vertex -131.603 -44.8111 1.85
      vertex -131.603 -44.8111 62
    endloop
  endfacet
  facet normal 0.760588 0.649235 0
    outer loop
      vertex -131.603 -44.8111 1.85
      vertex -130.778 -45.7776 62
      vertex -130.778 -45.7776 1.85
    endloop
  endfacet
  facet normal 0.923716 0.383079 0
    outer loop
      vertex -132.267 -43.7273 62
      vertex -132.754 -42.553 1.85
      vertex -132.754 -42.553 62
    endloop
  endfacet
  facet normal 0.923716 0.383079 0
    outer loop
      vertex -132.754 -42.553 1.85
      vertex -132.267 -43.7273 62
      vertex -132.267 -43.7273 1.85
    endloop
  endfacet
  facet normal 0 1 -0
    outer loop
      vertex -64.15 -48.15 1.85
      vertex -123.55 -48.15 36.85
      vertex -64.15 -48.15 36.85
    endloop
  endfacet
  facet normal 0 1 0
    outer loop
      vertex -123.55 -48.15 36.85
      vertex -64.15 -48.15 1.85
      vertex -123.55 -48.15 1.85
    endloop
  endfacet
  facet normal 0 1 0
    outer loop
      vertex -9.57107 -48.15 35.0311
      vertex -2.5 -48.15 62
      vertex -8.37785 -48.15 36.0502
    endloop
  endfacet
  facet normal 0 1 0
    outer loop
      vertex -2.5 -48.15 62
      vertex -9.57107 -48.15 35.0311
      vertex -62.65 -48.15 36.85
    endloop
  endfacet
  facet normal 0 1 -0
    outer loop
      vertex -10.5902 -48.15 33.8379
      vertex -62.65 -48.15 36.85
      vertex -9.57107 -48.15 35.0311
    endloop
  endfacet
  facet normal 0 1 -0
    outer loop
      vertex -11.4101 -48.15 32.4999
      vertex -62.65 -48.15 36.85
      vertex -10.5902 -48.15 33.8379
    endloop
  endfacet
  facet normal 0 1 -0
    outer loop
      vertex -12.0106 -48.15 31.0502
      vertex -62.65 -48.15 36.85
      vertex -11.4101 -48.15 32.4999
    endloop
  endfacet
  facet normal 0 1 -0
    outer loop
      vertex -12.3769 -48.15 29.5243
      vertex -62.65 -48.15 36.85
      vertex -12.0106 -48.15 31.0502
    endloop
  endfacet
  facet normal 0 1 -0
    outer loop
      vertex -12.5 -48.15 27.96
      vertex -62.65 -48.15 36.85
      vertex -12.3769 -48.15 29.5243
    endloop
  endfacet
  facet normal 0 1 0
    outer loop
      vertex -62.65 -48.15 1.85
      vertex -12.5 -48.15 27.96
      vertex -12.5 -48.15 9.96
    endloop
  endfacet
  facet normal 0 1 0
    outer loop
      vertex -62.65 -48.15 1.85
      vertex -12.5 -48.15 9.96
      vertex -12.3769 -48.15 8.39565
    endloop
  endfacet
  facet normal 0 1 0
    outer loop
      vertex -62.65 -48.15 1.85
      vertex -12.3769 -48.15 8.39565
      vertex -12.0106 -48.15 6.86983
    endloop
  endfacet
  facet normal 0 1 0
    outer loop
      vertex -62.65 -48.15 1.85
      vertex -12.0106 -48.15 6.86983
      vertex -11.4101 -48.15 5.42009
    endloop
  endfacet
  facet normal 0 1 0
    outer loop
      vertex -62.65 -48.15 1.85
      vertex -11.4101 -48.15 5.42009
      vertex -10.5902 -48.15 4.08215
    endloop
  endfacet
  facet normal 0 1 0
    outer loop
      vertex -62.65 -48.15 1.85
      vertex -10.5902 -48.15 4.08215
      vertex -9.57107 -48.15 2.88893
    endloop
  endfacet
  facet normal 0 1 0
    outer loop
      vertex -62.65 -48.15 1.85
      vertex -9.57107 -48.15 2.88893
      vertex -8.37785 -48.15 1.86983
    endloop
  endfacet
  facet normal 0 1 0
    outer loop
      vertex -12.5 -48.15 27.96
      vertex -62.65 -48.15 1.85
      vertex -62.65 -48.15 36.85
    endloop
  endfacet
  facet normal 0 1 0
    outer loop
      vertex -62.65 -48.15 1.85
      vertex -8.37785 -48.15 1.86983
      vertex -8.3455 -48.15 1.85
    endloop
  endfacet
  facet normal 0 1 0
    outer loop
      vertex -4.06434 -48.15 37.8369
      vertex -2.5 -48.15 62
      vertex -2.5 -48.15 37.96
    endloop
  endfacet
  facet normal 0 1 0
    outer loop
      vertex -5.59017 -48.15 37.4706
      vertex -2.5 -48.15 62
      vertex -4.06434 -48.15 37.8369
    endloop
  endfacet
  facet normal 0 1 0
    outer loop
      vertex -7.0399 -48.15 36.8701
      vertex -2.5 -48.15 62
      vertex -5.59017 -48.15 37.4706
    endloop
  endfacet
  facet normal 0 1 0
    outer loop
      vertex -8.37785 -48.15 36.0502
      vertex -2.5 -48.15 62
      vertex -7.0399 -48.15 36.8701
    endloop
  endfacet
  facet normal 0 1 0
    outer loop
      vertex -2.5 -48.15 62
      vertex -62.65 -48.15 36.85
      vertex -125.05 -48.15 62
    endloop
  endfacet
  facet normal 0 1 -0
    outer loop
      vertex -64.15 -48.15 36.85
      vertex -125.05 -48.15 62
      vertex -62.65 -48.15 36.85
    endloop
  endfacet
  facet normal 0 1 -0
    outer loop
      vertex -123.55 -48.15 36.85
      vertex -125.05 -48.15 62
      vertex -64.15 -48.15 36.85
    endloop
  endfacet
  facet normal 0 1 0
    outer loop
      vertex -125.05 -48.15 36.85
      vertex -125.05 -48.15 62
      vertex -123.55 -48.15 36.85
    endloop
  endfacet
  facet normal 0 -0 0
    outer loop
      vertex -125.05 -48.15 36.85
      vertex -125.05 -48.15 1.85
      vertex -125.05 -48.15 62
    endloop
  endfacet
  facet normal 0.0784473 0.996918 -0
    outer loop
      vertex -125.05 -48.15 1.85
      vertex -126.317 -48.0503 62
      vertex -125.05 -48.15 62
    endloop
  endfacet
  facet normal 0.0784473 0.996918 0
    outer loop
      vertex -126.317 -48.0503 62
      vertex -125.05 -48.15 1.85
      vertex -126.317 -48.0503 1.85
    endloop
  endfacet
  facet normal 0.760588 -0.649235 0
    outer loop
      vertex -131.603 44.8111 62
      vertex -130.778 45.7776 1.85
      vertex -130.778 45.7776 62
    endloop
  endfacet
  facet normal 0.760588 -0.649235 0
    outer loop
      vertex -130.778 45.7776 1.85
      vertex -131.603 44.8111 62
      vertex -131.603 44.8111 1.85
    endloop
  endfacet
  facet normal 0.852694 -0.522411 0
    outer loop
      vertex -132.267 43.7273 62
      vertex -131.603 44.8111 1.85
      vertex -131.603 44.8111 62
    endloop
  endfacet
  facet normal 0.852694 -0.522411 0
    outer loop
      vertex -131.603 44.8111 1.85
      vertex -132.267 43.7273 62
      vertex -132.267 43.7273 1.85
    endloop
  endfacet
  facet normal 0.0784473 -0.996918 0
    outer loop
      vertex -126.317 48.0503 1.85
      vertex -125.05 48.15 62
      vertex -126.317 48.0503 62
    endloop
  endfacet
  facet normal 0.0784473 -0.996918 0
    outer loop
      vertex -125.05 48.15 62
      vertex -126.317 48.0503 1.85
      vertex -125.05 48.15 1.85
    endloop
  endfacet
  facet normal -0 0 1
    outer loop
      vertex -62.65 48.15 1.85
      vertex -8.3455 48.11 1.85
      vertex -8.3455 48.15 1.85
    endloop
  endfacet
  facet normal 0 0 1
    outer loop
      vertex -8.3455 48.11 1.85
      vertex -62.65 33.15 1.85
      vertex -8.56763 4.40839 1.85
    endloop
  endfacet
  facet normal 0 0 1
    outer loop
      vertex -8.56763 4.40839 1.85
      vertex -62.65 33.15 1.85
      vertex -9.18255 3.40493 1.85
    endloop
  endfacet
  facet normal 0 0 1
    outer loop
      vertex -9.18255 3.40493 1.85
      vertex -62.65 33.15 1.85
      vertex -9.63292 2.31763 1.85
    endloop
  endfacet
  facet normal 0 0 1
    outer loop
      vertex -9.63292 2.31763 1.85
      vertex -62.65 33.15 1.85
      vertex -9.90766 1.17326 1.85
    endloop
  endfacet
  facet normal 0 0 1
    outer loop
      vertex -8.3455 48.11 1.85
      vertex -62.65 48.15 1.85
      vertex -62.65 33.15 1.85
    endloop
  endfacet
  facet normal -0 0 1
    outer loop
      vertex -8.3455 48.11 1.85
      vertex -2.54 38.15 1.85
      vertex -2.54 48.11 1.85
    endloop
  endfacet
  facet normal 0 0 1
    outer loop
      vertex -2.54 38.15 1.85
      vertex -8.3455 48.11 1.85
      vertex -2.54 15.65 1.85
    endloop
  endfacet
  facet normal 0 0 1
    outer loop
      vertex -2.54 15.65 1.85
      vertex -3.67326 7.40766 1.85
      vertex -2.54 7.49685 1.85
    endloop
  endfacet
  facet normal 0 0 1
    outer loop
      vertex -8.56763 4.40839 1.85
      vertex -2.54 15.65 1.85
      vertex -8.3455 48.11 1.85
    endloop
  endfacet
  facet normal 0 0 1
    outer loop
      vertex -2.54 15.65 1.85
      vertex -4.81763 7.13292 1.85
      vertex -3.67326 7.40766 1.85
    endloop
  endfacet
  facet normal 0 0 1
    outer loop
      vertex -2.54 15.65 1.85
      vertex -5.90493 6.68255 1.85
      vertex -4.81763 7.13292 1.85
    endloop
  endfacet
  facet normal 0 0 1
    outer loop
      vertex -2.54 15.65 1.85
      vertex -6.90839 6.06763 1.85
      vertex -5.90493 6.68255 1.85
    endloop
  endfacet
  facet normal 0 0 1
    outer loop
      vertex -2.54 15.65 1.85
      vertex -7.8033 5.3033 1.85
      vertex -6.90839 6.06763 1.85
    endloop
  endfacet
  facet normal 0 0 1
    outer loop
      vertex -2.54 15.65 1.85
      vertex -8.56763 4.40839 1.85
      vertex -7.8033 5.3033 1.85
    endloop
  endfacet
  facet normal -0 0 1
    outer loop
      vertex -2.54 38.15 1.85
      vertex -2.5 15.65 1.85
      vertex -2.5 38.15 1.85
    endloop
  endfacet
  facet normal 0 0 1
    outer loop
      vertex -2.5 15.65 1.85
      vertex -2.54 38.15 1.85
      vertex -2.54 15.65 1.85
    endloop
  endfacet
  facet normal 0 0 1
    outer loop
      vertex -2.5 -7.5 1.85
      vertex -2.54 -38.15 1.85
      vertex -2.5 -38.15 1.85
    endloop
  endfacet
  facet normal 0 0 1
    outer loop
      vertex -3.67326 -7.40766 1.85
      vertex -2.54 -38.15 1.85
      vertex -2.5 -7.5 1.85
    endloop
  endfacet
  facet normal 0 0 1
    outer loop
      vertex -4.81763 -7.13292 1.85
      vertex -2.54 -38.15 1.85
      vertex -3.67326 -7.40766 1.85
    endloop
  endfacet
  facet normal 0 0 1
    outer loop
      vertex -5.90493 -6.68255 1.85
      vertex -2.54 -38.15 1.85
      vertex -4.81763 -7.13292 1.85
    endloop
  endfacet
  facet normal 0 0 1
    outer loop
      vertex -6.90839 -6.06763 1.85
      vertex -2.54 -38.15 1.85
      vertex -5.90493 -6.68255 1.85
    endloop
  endfacet
  facet normal 0 0 1
    outer loop
      vertex -7.8033 -5.3033 1.85
      vertex -2.54 -38.15 1.85
      vertex -6.90839 -6.06763 1.85
    endloop
  endfacet
  facet normal -0 0 1
    outer loop
      vertex -62.65 -33.15 1.85
      vertex -2.54 -38.15 1.85
      vertex -7.8033 -5.3033 1.85
    endloop
  endfacet
  facet normal 0 0 1
    outer loop
      vertex -2.54 -38.15 1.85
      vertex -8.3455 -48.11 1.85
      vertex -2.54 -48.11 1.85
    endloop
  endfacet
  facet normal 0 0 1
    outer loop
      vertex -62.65 -33.15 1.85
      vertex -7.8033 -5.3033 1.85
      vertex -8.56763 -4.40839 1.85
    endloop
  endfacet
  facet normal 0 0 1
    outer loop
      vertex -2.54 -38.15 1.85
      vertex -62.65 -33.15 1.85
      vertex -8.3455 -48.11 1.85
    endloop
  endfacet
  facet normal 0 0 1
    outer loop
      vertex -62.65 -33.15 1.85
      vertex -8.56763 -4.40839 1.85
      vertex -9.18255 -3.40493 1.85
    endloop
  endfacet
  facet normal 0 0 1
    outer loop
      vertex -62.65 -33.15 1.85
      vertex -9.18255 -3.40493 1.85
      vertex -9.63292 -2.31763 1.85
    endloop
  endfacet
  facet normal 0 0 1
    outer loop
      vertex -62.65 -33.15 1.85
      vertex -9.63292 -2.31763 1.85
      vertex -9.90766 -1.17326 1.85
    endloop
  endfacet
  facet normal 0 0 1
    outer loop
      vertex -62.65 -33.15 1.85
      vertex -9.90766 -1.17326 1.85
      vertex -10 0 1.85
    endloop
  endfacet
  facet normal 0 0 1
    outer loop
      vertex -9.90766 1.17326 1.85
      vertex -62.65 33.15 1.85
      vertex -10 0 1.85
    endloop
  endfacet
  facet normal 0 0 1
    outer loop
      vertex -62.65 -33.15 1.85
      vertex -10 0 1.85
      vertex -62.65 33.15 1.85
    endloop
  endfacet
  facet normal 0 0 1
    outer loop
      vertex -62.65 -48.15 1.85
      vertex -8.3455 -48.11 1.85
      vertex -62.65 -33.15 1.85
    endloop
  endfacet
  facet normal 0 0 1
    outer loop
      vertex -8.3455 -48.11 1.85
      vertex -62.65 -48.15 1.85
      vertex -8.3455 -48.15 1.85
    endloop
  endfacet
  facet normal 0 0 1
    outer loop
      vertex -125.05 33.15 1.85
      vertex -133.11 5.84549 1.85
      vertex -125.05 -33.15 1.85
    endloop
  endfacet
  facet normal -0 0 1
    outer loop
      vertex -126.317 48.0503 1.85
      vertex -125.05 33.15 1.85
      vertex -125.05 48.15 1.85
    endloop
  endfacet
  facet normal -0 0 1
    outer loop
      vertex -133.11 -5.84549 1.85
      vertex -125.05 -33.15 1.85
      vertex -133.11 5.84549 1.85
    endloop
  endfacet
  facet normal -0 0 1
    outer loop
      vertex -127.553 47.7536 1.85
      vertex -125.05 33.15 1.85
      vertex -126.317 48.0503 1.85
    endloop
  endfacet
  facet normal -0 0 1
    outer loop
      vertex -133.15 -5.84549 1.85
      vertex -125.05 -33.15 1.85
      vertex -133.11 -5.84549 1.85
    endloop
  endfacet
  facet normal -0 0 1
    outer loop
      vertex -128.727 47.2672 1.85
      vertex -125.05 33.15 1.85
      vertex -127.553 47.7536 1.85
    endloop
  endfacet
  facet normal 0 -0 1
    outer loop
      vertex -133.05 -41.3171 1.85
      vertex -125.05 -33.15 1.85
      vertex -133.15 -40.0501 1.85
    endloop
  endfacet
  facet normal -0 0 1
    outer loop
      vertex -129.811 46.603 1.85
      vertex -125.05 33.15 1.85
      vertex -128.727 47.2672 1.85
    endloop
  endfacet
  facet normal -0 0 1
    outer loop
      vertex -130.778 45.7776 1.85
      vertex -125.05 33.15 1.85
      vertex -129.811 46.603 1.85
    endloop
  endfacet
  facet normal 0 0 1
    outer loop
      vertex -125.05 -33.15 1.85
      vertex -126.317 -48.0503 1.85
      vertex -125.05 -48.15 1.85
    endloop
  endfacet
  facet normal -0 0 1
    outer loop
      vertex -131.603 44.8111 1.85
      vertex -125.05 33.15 1.85
      vertex -130.778 45.7776 1.85
    endloop
  endfacet
  facet normal 0 0 1
    outer loop
      vertex -125.05 -33.15 1.85
      vertex -127.553 -47.7536 1.85
      vertex -126.317 -48.0503 1.85
    endloop
  endfacet
  facet normal -0 0 1
    outer loop
      vertex -132.267 43.7273 1.85
      vertex -125.05 33.15 1.85
      vertex -131.603 44.8111 1.85
    endloop
  endfacet
  facet normal 0 0 1
    outer loop
      vertex -125.05 -33.15 1.85
      vertex -128.727 -47.2672 1.85
      vertex -127.553 -47.7536 1.85
    endloop
  endfacet
  facet normal -0 0 1
    outer loop
      vertex -132.754 42.553 1.85
      vertex -125.05 33.15 1.85
      vertex -132.267 43.7273 1.85
    endloop
  endfacet
  facet normal 0 0 1
    outer loop
      vertex -125.05 -33.15 1.85
      vertex -129.811 -46.603 1.85
      vertex -128.727 -47.2672 1.85
    endloop
  endfacet
  facet normal -0 0 1
    outer loop
      vertex -133.05 41.3171 1.85
      vertex -125.05 33.15 1.85
      vertex -132.754 42.553 1.85
    endloop
  endfacet
  facet normal 0 0 1
    outer loop
      vertex -125.05 -33.15 1.85
      vertex -130.778 -45.7776 1.85
      vertex -129.811 -46.603 1.85
    endloop
  endfacet
  facet normal 0 0 1
    outer loop
      vertex -125.05 33.15 1.85
      vertex -133.05 41.3171 1.85
      vertex -133.15 40.0501 1.85
    endloop
  endfacet
  facet normal 0 0 1
    outer loop
      vertex -125.05 -33.15 1.85
      vertex -131.603 -44.8111 1.85
      vertex -130.778 -45.7776 1.85
    endloop
  endfacet
  facet normal 0 0 1
    outer loop
      vertex -125.05 -33.15 1.85
      vertex -132.267 -43.7273 1.85
      vertex -131.603 -44.8111 1.85
    endloop
  endfacet
  facet normal 0 0 1
    outer loop
      vertex -133.15 5.84549 1.85
      vertex -125.05 33.15 1.85
      vertex -133.15 40.0501 1.85
    endloop
  endfacet
  facet normal 0 0 1
    outer loop
      vertex -125.05 33.15 1.85
      vertex -133.15 5.84549 1.85
      vertex -133.11 5.84549 1.85
    endloop
  endfacet
  facet normal -0 0 1
    outer loop
      vertex -125.05 33.15 1.85
      vertex -123.55 -33.15 1.85
      vertex -123.55 33.15 1.85
    endloop
  endfacet
  facet normal 0 0 1
    outer loop
      vertex -123.55 -33.15 1.85
      vertex -125.05 33.15 1.85
      vertex -125.05 -33.15 1.85
    endloop
  endfacet
  facet normal 0 0 1
    outer loop
      vertex -123.55 33.15 1.85
      vertex -64.15 33.15 1.85
      vertex -64.15 48.15 1.85
    endloop
  endfacet
  facet normal 0 0 1
    outer loop
      vertex -64.15 33.15 1.85
      vertex -123.55 33.15 1.85
      vertex -64.15 -33.15 1.85
    endloop
  endfacet
  facet normal 0 0 1
    outer loop
      vertex -123.55 33.15 1.85
      vertex -64.15 48.15 1.85
      vertex -123.55 48.15 1.85
    endloop
  endfacet
  facet normal 0 0 1
    outer loop
      vertex -123.55 -33.15 1.85
      vertex -64.15 -33.15 1.85
      vertex -123.55 33.15 1.85
    endloop
  endfacet
  facet normal 0 0 1
    outer loop
      vertex -64.15 -33.15 1.85
      vertex -123.55 -33.15 1.85
      vertex -64.15 -48.15 1.85
    endloop
  endfacet
  facet normal 0 0 1
    outer loop
      vertex -64.15 -48.15 1.85
      vertex -123.55 -33.15 1.85
      vertex -123.55 -48.15 1.85
    endloop
  endfacet
  facet normal -0 0 1
    outer loop
      vertex -64.15 33.15 1.85
      vertex -62.65 -33.15 1.85
      vertex -62.65 33.15 1.85
    endloop
  endfacet
  facet normal 0 0 1
    outer loop
      vertex -62.65 -33.15 1.85
      vertex -64.15 33.15 1.85
      vertex -64.15 -33.15 1.85
    endloop
  endfacet
  facet normal 0 0 1
    outer loop
      vertex -125.05 -33.15 1.85
      vertex -132.754 -42.553 1.85
      vertex -132.267 -43.7273 1.85
    endloop
  endfacet
  facet normal 0 0 1
    outer loop
      vertex -125.05 -33.15 1.85
      vertex -133.15 -5.84549 1.85
      vertex -133.15 -40.0501 1.85
    endloop
  endfacet
  facet normal 0 0 1
    outer loop
      vertex -125.05 -33.15 1.85
      vertex -133.05 -41.3171 1.85
      vertex -132.754 -42.553 1.85
    endloop
  endfacet
  facet normal 0.649222 -0.760599 0
    outer loop
      vertex -130.778 45.7776 1.85
      vertex -129.811 46.603 62
      vertex -130.778 45.7776 62
    endloop
  endfacet
  facet normal 0.649222 -0.760599 0
    outer loop
      vertex -129.811 46.603 62
      vertex -130.778 45.7776 1.85
      vertex -129.811 46.603 1.85
    endloop
  endfacet
  facet normal 0.522455 -0.852667 0
    outer loop
      vertex -129.811 46.603 1.85
      vertex -128.727 47.2672 62
      vertex -129.811 46.603 62
    endloop
  endfacet
  facet normal 0.522455 -0.852667 0
    outer loop
      vertex -128.727 47.2672 62
      vertex -129.811 46.603 1.85
      vertex -128.727 47.2672 1.85
    endloop
  endfacet
  facet normal 0.38276 -0.923848 0
    outer loop
      vertex -128.727 47.2672 1.85
      vertex -127.553 47.7536 62
      vertex -128.727 47.2672 62
    endloop
  endfacet
  facet normal 0.38276 -0.923848 0
    outer loop
      vertex -127.553 47.7536 62
      vertex -128.727 47.2672 1.85
      vertex -127.553 47.7536 1.85
    endloop
  endfacet
  facet normal 0.923716 -0.383079 0
    outer loop
      vertex -132.754 42.553 62
      vertex -132.267 43.7273 1.85
      vertex -132.267 43.7273 62
    endloop
  endfacet
  facet normal 0.923716 -0.383079 0
    outer loop
      vertex -132.267 43.7273 1.85
      vertex -132.754 42.553 62
      vertex -132.754 42.553 1.85
    endloop
  endfacet
  facet normal 0.972497 0.232915 0
    outer loop
      vertex -132.754 -42.553 62
      vertex -133.05 -41.3171 1.85
      vertex -133.05 -41.3171 62
    endloop
  endfacet
  facet normal 0.972497 0.232915 0
    outer loop
      vertex -133.05 -41.3171 1.85
      vertex -132.754 -42.553 62
      vertex -132.754 -42.553 1.85
    endloop
  endfacet
  facet normal 0.9969 0.0786819 0
    outer loop
      vertex -133.05 -41.3171 62
      vertex -133.15 -40.0501 1.85
      vertex -133.15 -40.0501 62
    endloop
  endfacet
  facet normal 0.9969 0.0786819 0
    outer loop
      vertex -133.15 -40.0501 1.85
      vertex -133.05 -41.3171 62
      vertex -133.05 -41.3171 1.85
    endloop
  endfacet
  facet normal 0.972497 -0.232915 0
    outer loop
      vertex -133.05 41.3171 62
      vertex -132.754 42.553 1.85
      vertex -132.754 42.553 62
    endloop
  endfacet
  facet normal 0.972497 -0.232915 0
    outer loop
      vertex -132.754 42.553 1.85
      vertex -133.05 41.3171 62
      vertex -133.05 41.3171 1.85
    endloop
  endfacet
  facet normal 0 -0.919145 0.393919
    outer loop
      vertex -125.05 33.15 1.85
      vertex -123.55 48.15 36.85
      vertex -125.05 48.15 36.85
    endloop
  endfacet
  facet normal 0 -0.919145 0.393919
    outer loop
      vertex -123.55 48.15 36.85
      vertex -125.05 33.15 1.85
      vertex -123.55 33.15 1.85
    endloop
  endfacet
  facet normal -1 0 0
    outer loop
      vertex -125.05 48.15 1.85
      vertex -125.05 33.15 1.85
      vertex -125.05 48.15 36.85
    endloop
  endfacet
  facet normal 1 0 0
    outer loop
      vertex -123.55 48.15 36.85
      vertex -123.55 33.15 1.85
      vertex -123.55 48.15 1.85
    endloop
  endfacet
  facet normal 1 0 0
    outer loop
      vertex -123.55 -48.15 36.85
      vertex -123.55 -48.15 1.85
      vertex -123.55 -33.15 1.85
    endloop
  endfacet
  facet normal -1 0 0
    outer loop
      vertex -125.05 -33.15 1.85
      vertex -125.05 -48.15 1.85
      vertex -125.05 -48.15 36.85
    endloop
  endfacet
  facet normal 0 0.919145 0.393919
    outer loop
      vertex -123.55 -33.15 1.85
      vertex -125.05 -48.15 36.85
      vertex -123.55 -48.15 36.85
    endloop
  endfacet
  facet normal 0 0.919145 0.393919
    outer loop
      vertex -125.05 -48.15 36.85
      vertex -123.55 -33.15 1.85
      vertex -125.05 -33.15 1.85
    endloop
  endfacet
  facet normal 0 -0.919145 0.393919
    outer loop
      vertex -64.15 33.15 1.85
      vertex -62.65 48.15 36.85
      vertex -64.15 48.15 36.85
    endloop
  endfacet
  facet normal 0 -0.919145 0.393919
    outer loop
      vertex -62.65 48.15 36.85
      vertex -64.15 33.15 1.85
      vertex -62.65 33.15 1.85
    endloop
  endfacet
  facet normal -1 0 0
    outer loop
      vertex -64.15 48.15 1.85
      vertex -64.15 33.15 1.85
      vertex -64.15 48.15 36.85
    endloop
  endfacet
  facet normal 1 0 0
    outer loop
      vertex -62.65 48.15 36.85
      vertex -62.65 33.15 1.85
      vertex -62.65 48.15 1.85
    endloop
  endfacet
  facet normal 1 0 0
    outer loop
      vertex -62.65 -48.15 36.85
      vertex -62.65 -48.15 1.85
      vertex -62.65 -33.15 1.85
    endloop
  endfacet
  facet normal -1 0 0
    outer loop
      vertex -64.15 -33.15 1.85
      vertex -64.15 -48.15 1.85
      vertex -64.15 -48.15 36.85
    endloop
  endfacet
  facet normal 0 0.919145 0.393919
    outer loop
      vertex -62.65 -33.15 1.85
      vertex -64.15 -48.15 36.85
      vertex -62.65 -48.15 36.85
    endloop
  endfacet
  facet normal 0 0.919145 0.393919
    outer loop
      vertex -64.15 -48.15 36.85
      vertex -62.65 -33.15 1.85
      vertex -64.15 -33.15 1.85
    endloop
  endfacet
  facet normal -0.996917 0.0784612 0
    outer loop
      vertex -10 0 1.85
      vertex -9.90766 1.17326 62
      vertex -9.90766 1.17326 1.85
    endloop
  endfacet
  facet normal -0.996917 0.0784612 0
    outer loop
      vertex -9.90766 1.17326 62
      vertex -10 0 1.85
      vertex -10 0 62
    endloop
  endfacet
  facet normal -0.64945 0.760404 0
    outer loop
      vertex -6.90839 6.06763 1.85
      vertex -7.8033 5.3033 62
      vertex -6.90839 6.06763 62
    endloop
  endfacet
  facet normal -0.64945 0.760404 0
    outer loop
      vertex -7.8033 5.3033 62
      vertex -6.90839 6.06763 1.85
      vertex -7.8033 5.3033 1.85
    endloop
  endfacet
  facet normal -0.38268 0.923881 0
    outer loop
      vertex -4.81763 7.13292 1.85
      vertex -5.90493 6.68255 62
      vertex -4.81763 7.13292 62
    endloop
  endfacet
  facet normal -0.38268 0.923881 0
    outer loop
      vertex -5.90493 6.68255 62
      vertex -4.81763 7.13292 1.85
      vertex -5.90493 6.68255 1.85
    endloop
  endfacet
  facet normal -0.760404 -0.64945 0
    outer loop
      vertex -7.8033 -5.3033 1.85
      vertex -8.56763 -4.40839 62
      vertex -8.56763 -4.40839 1.85
    endloop
  endfacet
  facet normal -0.760404 -0.64945 0
    outer loop
      vertex -8.56763 -4.40839 62
      vertex -7.8033 -5.3033 1.85
      vertex -7.8033 -5.3033 62
    endloop
  endfacet
  facet normal -0.852641 0.522498 0
    outer loop
      vertex -9.18255 3.40493 1.85
      vertex -8.56763 4.40839 62
      vertex -8.56763 4.40839 1.85
    endloop
  endfacet
  facet normal -0.852641 0.522498 0
    outer loop
      vertex -8.56763 4.40839 62
      vertex -9.18255 3.40493 1.85
      vertex -9.18255 3.40493 62
    endloop
  endfacet
  facet normal -0.760404 0.64945 0
    outer loop
      vertex -8.56763 4.40839 1.85
      vertex -7.8033 5.3033 62
      vertex -7.8033 5.3033 1.85
    endloop
  endfacet
  facet normal -0.760404 0.64945 0
    outer loop
      vertex -7.8033 5.3033 62
      vertex -8.56763 4.40839 1.85
      vertex -8.56763 4.40839 62
    endloop
  endfacet
  facet normal -0.97237 0.233446 0
    outer loop
      vertex -9.90766 1.17326 1.85
      vertex -9.63292 2.31763 62
      vertex -9.63292 2.31763 1.85
    endloop
  endfacet
  facet normal -0.97237 0.233446 0
    outer loop
      vertex -9.63292 2.31763 62
      vertex -9.90766 1.17326 1.85
      vertex -9.90766 1.17326 62
    endloop
  endfacet
  facet normal -0.522498 0.852641 0
    outer loop
      vertex -5.90493 6.68255 1.85
      vertex -6.90839 6.06763 62
      vertex -5.90493 6.68255 62
    endloop
  endfacet
  facet normal -0.522498 0.852641 0
    outer loop
      vertex -6.90839 6.06763 62
      vertex -5.90493 6.68255 1.85
      vertex -6.90839 6.06763 1.85
    endloop
  endfacet
  facet normal -0.0785069 0.996914 0
    outer loop
      vertex -2.54 7.49685 2.425
      vertex -2.5 7.5 62
      vertex -2.5 7.5 2.425
    endloop
  endfacet
  facet normal -0.0784612 0.996917 -3.09357e-08
    outer loop
      vertex -2.5 7.5 62
      vertex -2.54 7.49685 2.425
      vertex -3.67326 7.40766 62
    endloop
  endfacet
  facet normal -0.0784595 0.996917 0
    outer loop
      vertex -3.67326 7.40766 1.85
      vertex -2.54 7.49685 2.425
      vertex -2.54 7.49685 1.85
    endloop
  endfacet
  facet normal -0.0784595 0.996917 0
    outer loop
      vertex -2.54 7.49685 2.425
      vertex -3.67326 7.40766 1.85
      vertex -3.67326 7.40766 62
    endloop
  endfacet
  facet normal -0.64945 -0.760404 0
    outer loop
      vertex -7.8033 -5.3033 1.85
      vertex -6.90839 -6.06763 62
      vertex -7.8033 -5.3033 62
    endloop
  endfacet
  facet normal -0.64945 -0.760404 -0
    outer loop
      vertex -6.90839 -6.06763 62
      vertex -7.8033 -5.3033 1.85
      vertex -6.90839 -6.06763 1.85
    endloop
  endfacet
  facet normal -0.38268 -0.923881 0
    outer loop
      vertex -5.90493 -6.68255 1.85
      vertex -4.81763 -7.13292 62
      vertex -5.90493 -6.68255 62
    endloop
  endfacet
  facet normal -0.38268 -0.923881 -0
    outer loop
      vertex -4.81763 -7.13292 62
      vertex -5.90493 -6.68255 1.85
      vertex -4.81763 -7.13292 1.85
    endloop
  endfacet
  facet normal -0.996917 -0.0784612 0
    outer loop
      vertex -9.90766 -1.17326 1.85
      vertex -10 0 62
      vertex -10 0 1.85
    endloop
  endfacet
  facet normal -0.996917 -0.0784612 0
    outer loop
      vertex -10 0 62
      vertex -9.90766 -1.17326 1.85
      vertex -9.90766 -1.17326 62
    endloop
  endfacet
  facet normal -0.852641 -0.522498 0
    outer loop
      vertex -8.56763 -4.40839 1.85
      vertex -9.18255 -3.40493 62
      vertex -9.18255 -3.40493 1.85
    endloop
  endfacet
  facet normal -0.852641 -0.522498 0
    outer loop
      vertex -9.18255 -3.40493 62
      vertex -8.56763 -4.40839 1.85
      vertex -8.56763 -4.40839 62
    endloop
  endfacet
  facet normal -0.923881 0.38268 0
    outer loop
      vertex -9.63292 2.31763 1.85
      vertex -9.18255 3.40493 62
      vertex -9.18255 3.40493 1.85
    endloop
  endfacet
  facet normal -0.923881 0.38268 0
    outer loop
      vertex -9.18255 3.40493 62
      vertex -9.63292 2.31763 1.85
      vertex -9.63292 2.31763 62
    endloop
  endfacet
  facet normal 0 0 1
    outer loop
      vertex -2.5 7.5 62
      vertex -3.38385 5.58044 62
      vertex -2.5 5.65 62
    endloop
  endfacet
  facet normal -0 0 1
    outer loop
      vertex -3.67326 7.40766 62
      vertex -3.38385 5.58044 62
      vertex -2.5 7.5 62
    endloop
  endfacet
  facet normal 0 0 1
    outer loop
      vertex -3.67326 7.40766 62
      vertex -4.24595 5.37347 62
      vertex -3.38385 5.58044 62
    endloop
  endfacet
  facet normal -0 0 1
    outer loop
      vertex -4.81763 7.13292 62
      vertex -4.24595 5.37347 62
      vertex -3.67326 7.40766 62
    endloop
  endfacet
  facet normal 0 0 1
    outer loop
      vertex -4.81763 7.13292 62
      vertex -5.06505 5.03419 62
      vertex -4.24595 5.37347 62
    endloop
  endfacet
  facet normal -0 0 1
    outer loop
      vertex -5.90493 6.68255 62
      vertex -5.06505 5.03419 62
      vertex -4.81763 7.13292 62
    endloop
  endfacet
  facet normal 0 0 1
    outer loop
      vertex -5.06505 5.03419 62
      vertex -5.90493 6.68255 62
      vertex -5.82099 4.57095 62
    endloop
  endfacet
  facet normal -0 0 1
    outer loop
      vertex -6.90839 6.06763 62
      vertex -5.82099 4.57095 62
      vertex -5.90493 6.68255 62
    endloop
  endfacet
  facet normal 0 0 1
    outer loop
      vertex -5.82099 4.57095 62
      vertex -6.90839 6.06763 62
      vertex -6.49515 3.99515 62
    endloop
  endfacet
  facet normal -0 0 1
    outer loop
      vertex -7.8033 5.3033 62
      vertex -6.49515 3.99515 62
      vertex -6.90839 6.06763 62
    endloop
  endfacet
  facet normal 0 0 1
    outer loop
      vertex -6.49515 3.99515 62
      vertex -7.8033 5.3033 62
      vertex -7.07095 3.32099 62
    endloop
  endfacet
  facet normal -0 0 1
    outer loop
      vertex -8.56763 4.40839 62
      vertex -7.07095 3.32099 62
      vertex -7.8033 5.3033 62
    endloop
  endfacet
  facet normal 0 0 1
    outer loop
      vertex -7.07095 3.32099 62
      vertex -8.56763 4.40839 62
      vertex -7.53419 2.56505 62
    endloop
  endfacet
  facet normal -0 0 1
    outer loop
      vertex -9.18255 3.40493 62
      vertex -7.53419 2.56505 62
      vertex -8.56763 4.40839 62
    endloop
  endfacet
  facet normal 0 0 1
    outer loop
      vertex -7.53419 2.56505 62
      vertex -9.18255 3.40493 62
      vertex -7.87347 1.74595 62
    endloop
  endfacet
  facet normal -0 0 1
    outer loop
      vertex -9.63292 2.31763 62
      vertex -7.87347 1.74595 62
      vertex -9.18255 3.40493 62
    endloop
  endfacet
  facet normal 0 0 1
    outer loop
      vertex -3.38385 -5.58044 62
      vertex -2.5 -7.5 62
      vertex -2.5 -5.65 62
    endloop
  endfacet
  facet normal 0 0 1
    outer loop
      vertex -3.38385 -5.58044 62
      vertex -3.67326 -7.40766 62
      vertex -2.5 -7.5 62
    endloop
  endfacet
  facet normal 0 0 1
    outer loop
      vertex -4.24595 -5.37347 62
      vertex -3.67326 -7.40766 62
      vertex -3.38385 -5.58044 62
    endloop
  endfacet
  facet normal 0 0 1
    outer loop
      vertex -4.24595 -5.37347 62
      vertex -4.81763 -7.13292 62
      vertex -3.67326 -7.40766 62
    endloop
  endfacet
  facet normal 0 0 1
    outer loop
      vertex -5.06505 -5.03419 62
      vertex -4.81763 -7.13292 62
      vertex -4.24595 -5.37347 62
    endloop
  endfacet
  facet normal 0 0 1
    outer loop
      vertex -5.90493 -6.68255 62
      vertex -5.06505 -5.03419 62
      vertex -5.82099 -4.57095 62
    endloop
  endfacet
  facet normal 0 0 1
    outer loop
      vertex -5.06505 -5.03419 62
      vertex -5.90493 -6.68255 62
      vertex -4.81763 -7.13292 62
    endloop
  endfacet
  facet normal 0 0 1
    outer loop
      vertex -6.90839 -6.06763 62
      vertex -5.82099 -4.57095 62
      vertex -6.49515 -3.99515 62
    endloop
  endfacet
  facet normal 0 0 1
    outer loop
      vertex -5.82099 -4.57095 62
      vertex -6.90839 -6.06763 62
      vertex -5.90493 -6.68255 62
    endloop
  endfacet
  facet normal 0 0 1
    outer loop
      vertex -7.8033 -5.3033 62
      vertex -6.49515 -3.99515 62
      vertex -7.07095 -3.32099 62
    endloop
  endfacet
  facet normal 0 0 1
    outer loop
      vertex -8.56763 -4.40839 62
      vertex -7.07095 -3.32099 62
      vertex -7.53419 -2.56505 62
    endloop
  endfacet
  facet normal 0 0 1
    outer loop
      vertex -6.49515 -3.99515 62
      vertex -7.8033 -5.3033 62
      vertex -6.90839 -6.06763 62
    endloop
  endfacet
  facet normal 0 0 1
    outer loop
      vertex -9.18255 -3.40493 62
      vertex -7.53419 -2.56505 62
      vertex -7.87347 -1.74595 62
    endloop
  endfacet
  facet normal 0 0 1
    outer loop
      vertex -9.63292 -2.31763 62
      vertex -7.87347 -1.74595 62
      vertex -8.08044 -0.883854 62
    endloop
  endfacet
  facet normal 0 0 1
    outer loop
      vertex -9.90766 -1.17326 62
      vertex -8.08044 -0.883854 62
      vertex -8.15 0 62
    endloop
  endfacet
  facet normal 0 0 1
    outer loop
      vertex -7.87347 1.74595 62
      vertex -9.63292 2.31763 62
      vertex -8.08044 0.883854 62
    endloop
  endfacet
  facet normal 0 0 1
    outer loop
      vertex -7.07095 -3.32099 62
      vertex -8.56763 -4.40839 62
      vertex -7.8033 -5.3033 62
    endloop
  endfacet
  facet normal -0 0 1
    outer loop
      vertex -9.90766 1.17326 62
      vertex -8.08044 0.883854 62
      vertex -9.63292 2.31763 62
    endloop
  endfacet
  facet normal 0 0 1
    outer loop
      vertex -7.53419 -2.56505 62
      vertex -9.18255 -3.40493 62
      vertex -8.56763 -4.40839 62
    endloop
  endfacet
  facet normal 0 0 1
    outer loop
      vertex -8.08044 0.883854 62
      vertex -9.90766 1.17326 62
      vertex -8.15 0 62
    endloop
  endfacet
  facet normal 0 0 1
    outer loop
      vertex -7.87347 -1.74595 62
      vertex -9.63292 -2.31763 62
      vertex -9.18255 -3.40493 62
    endloop
  endfacet
  facet normal 0 0 1
    outer loop
      vertex -10 0 62
      vertex -8.15 0 62
      vertex -9.90766 1.17326 62
    endloop
  endfacet
  facet normal 0 0 1
    outer loop
      vertex -8.08044 -0.883854 62
      vertex -9.90766 -1.17326 62
      vertex -9.63292 -2.31763 62
    endloop
  endfacet
  facet normal 0 0 1
    outer loop
      vertex -8.15 0 62
      vertex -10 0 62
      vertex -9.90766 -1.17326 62
    endloop
  endfacet
  facet normal -0.522498 -0.852641 0
    outer loop
      vertex -6.90839 -6.06763 1.85
      vertex -5.90493 -6.68255 62
      vertex -6.90839 -6.06763 62
    endloop
  endfacet
  facet normal -0.522498 -0.852641 -0
    outer loop
      vertex -5.90493 -6.68255 62
      vertex -6.90839 -6.06763 1.85
      vertex -5.90493 -6.68255 1.85
    endloop
  endfacet
  facet normal -0.0784612 -0.996917 0
    outer loop
      vertex -3.67326 -7.40766 1.85
      vertex -2.5 -7.5 62
      vertex -3.67326 -7.40766 62
    endloop
  endfacet
  facet normal -0.0784612 -0.996917 -0
    outer loop
      vertex -2.5 -7.5 62
      vertex -3.67326 -7.40766 1.85
      vertex -2.5 -7.5 1.85
    endloop
  endfacet
  facet normal -0.97237 -0.233446 0
    outer loop
      vertex -9.63292 -2.31763 1.85
      vertex -9.90766 -1.17326 62
      vertex -9.90766 -1.17326 1.85
    endloop
  endfacet
  facet normal -0.97237 -0.233446 0
    outer loop
      vertex -9.90766 -1.17326 62
      vertex -9.63292 -2.31763 1.85
      vertex -9.63292 -2.31763 62
    endloop
  endfacet
  facet normal -0.923881 -0.38268 0
    outer loop
      vertex -9.18255 -3.40493 1.85
      vertex -9.63292 -2.31763 62
      vertex -9.63292 -2.31763 1.85
    endloop
  endfacet
  facet normal -0.923881 -0.38268 0
    outer loop
      vertex -9.63292 -2.31763 62
      vertex -9.18255 -3.40493 1.85
      vertex -9.18255 -3.40493 62
    endloop
  endfacet
  facet normal -0.233446 0.97237 0
    outer loop
      vertex -3.67326 7.40766 1.85
      vertex -4.81763 7.13292 62
      vertex -3.67326 7.40766 62
    endloop
  endfacet
  facet normal -0.233446 0.97237 0
    outer loop
      vertex -4.81763 7.13292 62
      vertex -3.67326 7.40766 1.85
      vertex -4.81763 7.13292 1.85
    endloop
  endfacet
  facet normal -0.233446 -0.97237 0
    outer loop
      vertex -4.81763 -7.13292 1.85
      vertex -3.67326 -7.40766 62
      vertex -4.81763 -7.13292 62
    endloop
  endfacet
  facet normal -0.233446 -0.97237 -0
    outer loop
      vertex -3.67326 -7.40766 62
      vertex -4.81763 -7.13292 1.85
      vertex -3.67326 -7.40766 1.85
    endloop
  endfacet
  facet normal 0.996917 -0.0784582 0
    outer loop
      vertex -8.15 0 62
      vertex -8.08044 0.883854 0
      vertex -8.08044 0.883854 62
    endloop
  endfacet
  facet normal 0.996917 -0.0784582 0
    outer loop
      vertex -8.08044 0.883854 0
      vertex -8.15 0 62
      vertex -8.15 0 0
    endloop
  endfacet
  facet normal 0.0784585 0.996917 -0
    outer loop
      vertex -2.5 -5.65 0
      vertex -3.38385 -5.58044 62
      vertex -2.5 -5.65 62
    endloop
  endfacet
  facet normal 0.0784585 0.996917 0
    outer loop
      vertex -3.38385 -5.58044 62
      vertex -2.5 -5.65 0
      vertex -3.38385 -5.58044 0
    endloop
  endfacet
  facet normal 0.649457 -0.760399 0
    outer loop
      vertex -6.49515 3.99515 0
      vertex -5.82099 4.57095 62
      vertex -6.49515 3.99515 62
    endloop
  endfacet
  facet normal 0.649457 -0.760399 0
    outer loop
      vertex -5.82099 4.57095 62
      vertex -6.49515 3.99515 0
      vertex -5.82099 4.57095 0
    endloop
  endfacet
  facet normal 0.382681 -0.92388 0
    outer loop
      vertex -5.06505 5.03419 0
      vertex -4.24595 5.37347 62
      vertex -5.06505 5.03419 62
    endloop
  endfacet
  facet normal 0.382681 -0.92388 0
    outer loop
      vertex -4.24595 5.37347 62
      vertex -5.06505 5.03419 0
      vertex -4.24595 5.37347 0
    endloop
  endfacet
  facet normal 0.97237 0.233444 0
    outer loop
      vertex -7.87347 -1.74595 62
      vertex -8.08044 -0.883854 0
      vertex -8.08044 -0.883854 62
    endloop
  endfacet
  facet normal 0.97237 0.233444 0
    outer loop
      vertex -8.08044 -0.883854 0
      vertex -7.87347 -1.74595 62
      vertex -7.87347 -1.74595 0
    endloop
  endfacet
  facet normal 0.85264 -0.522498 0
    outer loop
      vertex -7.53419 2.56505 62
      vertex -7.07095 3.32099 0
      vertex -7.07095 3.32099 62
    endloop
  endfacet
  facet normal 0.85264 -0.522498 0
    outer loop
      vertex -7.07095 3.32099 0
      vertex -7.53419 2.56505 62
      vertex -7.53419 2.56505 0
    endloop
  endfacet
  facet normal 0.760399 -0.649457 0
    outer loop
      vertex -7.07095 3.32099 62
      vertex -6.49515 3.99515 0
      vertex -6.49515 3.99515 62
    endloop
  endfacet
  facet normal 0.760399 -0.649457 0
    outer loop
      vertex -6.49515 3.99515 0
      vertex -7.07095 3.32099 62
      vertex -7.07095 3.32099 0
    endloop
  endfacet
  facet normal 0.522498 -0.85264 0
    outer loop
      vertex -5.82099 4.57095 0
      vertex -5.06505 5.03419 62
      vertex -5.82099 4.57095 62
    endloop
  endfacet
  facet normal 0.522498 -0.85264 0
    outer loop
      vertex -5.06505 5.03419 62
      vertex -5.82099 4.57095 0
      vertex -5.06505 5.03419 0
    endloop
  endfacet
  facet normal 0.0784585 -0.996917 0
    outer loop
      vertex -3.38385 5.58044 62
      vertex -2.5 5.65 2.425
      vertex -2.5 5.65 62
    endloop
  endfacet
  facet normal 0.0784585 -0.996917 0
    outer loop
      vertex -3.38385 5.58044 0
      vertex -2.5 5.65 2.425
      vertex -3.38385 5.58044 62
    endloop
  endfacet
  facet normal 0.0784585 -0.996917 0
    outer loop
      vertex -2.5 5.65 2.425
      vertex -3.38385 5.58044 0
      vertex -2.5 5.65 0
    endloop
  endfacet
  facet normal 0.649457 0.760399 -0
    outer loop
      vertex -5.82099 -4.57095 0
      vertex -6.49515 -3.99515 62
      vertex -5.82099 -4.57095 62
    endloop
  endfacet
  facet normal 0.649457 0.760399 0
    outer loop
      vertex -6.49515 -3.99515 62
      vertex -5.82099 -4.57095 0
      vertex -6.49515 -3.99515 0
    endloop
  endfacet
  facet normal 0.382681 0.92388 -0
    outer loop
      vertex -4.24595 -5.37347 0
      vertex -5.06505 -5.03419 62
      vertex -4.24595 -5.37347 62
    endloop
  endfacet
  facet normal 0.382681 0.92388 0
    outer loop
      vertex -5.06505 -5.03419 62
      vertex -4.24595 -5.37347 0
      vertex -5.06505 -5.03419 0
    endloop
  endfacet
  facet normal 0.85264 0.522498 0
    outer loop
      vertex -7.07095 -3.32099 62
      vertex -7.53419 -2.56505 0
      vertex -7.53419 -2.56505 62
    endloop
  endfacet
  facet normal 0.85264 0.522498 0
    outer loop
      vertex -7.53419 -2.56505 0
      vertex -7.07095 -3.32099 62
      vertex -7.07095 -3.32099 0
    endloop
  endfacet
  facet normal 0.760399 0.649457 0
    outer loop
      vertex -6.49515 -3.99515 62
      vertex -7.07095 -3.32099 0
      vertex -7.07095 -3.32099 62
    endloop
  endfacet
  facet normal 0.760399 0.649457 0
    outer loop
      vertex -7.07095 -3.32099 0
      vertex -6.49515 -3.99515 62
      vertex -6.49515 -3.99515 0
    endloop
  endfacet
  facet normal 0.996917 0.0784582 0
    outer loop
      vertex -8.08044 -0.883854 62
      vertex -8.15 0 0
      vertex -8.15 0 62
    endloop
  endfacet
  facet normal 0.996917 0.0784582 0
    outer loop
      vertex -8.15 0 0
      vertex -8.08044 -0.883854 62
      vertex -8.08044 -0.883854 0
    endloop
  endfacet
  facet normal 0.97237 -0.233444 0
    outer loop
      vertex -8.08044 0.883854 62
      vertex -7.87347 1.74595 0
      vertex -7.87347 1.74595 62
    endloop
  endfacet
  facet normal 0.97237 -0.233444 0
    outer loop
      vertex -7.87347 1.74595 0
      vertex -8.08044 0.883854 62
      vertex -8.08044 0.883854 0
    endloop
  endfacet
  facet normal 0.233443 -0.97237 0
    outer loop
      vertex -4.24595 5.37347 0
      vertex -3.38385 5.58044 62
      vertex -4.24595 5.37347 62
    endloop
  endfacet
  facet normal 0.233443 -0.97237 0
    outer loop
      vertex -3.38385 5.58044 62
      vertex -4.24595 5.37347 0
      vertex -3.38385 5.58044 0
    endloop
  endfacet
  facet normal 0.522498 0.85264 -0
    outer loop
      vertex -5.06505 -5.03419 0
      vertex -5.82099 -4.57095 62
      vertex -5.06505 -5.03419 62
    endloop
  endfacet
  facet normal 0.522498 0.85264 0
    outer loop
      vertex -5.82099 -4.57095 62
      vertex -5.06505 -5.03419 0
      vertex -5.82099 -4.57095 0
    endloop
  endfacet
  facet normal 0.92388 0.382681 0
    outer loop
      vertex -7.53419 -2.56505 62
      vertex -7.87347 -1.74595 0
      vertex -7.87347 -1.74595 62
    endloop
  endfacet
  facet normal 0.92388 0.382681 0
    outer loop
      vertex -7.87347 -1.74595 0
      vertex -7.53419 -2.56505 62
      vertex -7.53419 -2.56505 0
    endloop
  endfacet
  facet normal 0.92388 -0.382681 0
    outer loop
      vertex -7.87347 1.74595 62
      vertex -7.53419 2.56505 0
      vertex -7.53419 2.56505 62
    endloop
  endfacet
  facet normal 0.92388 -0.382681 0
    outer loop
      vertex -7.53419 2.56505 0
      vertex -7.87347 1.74595 62
      vertex -7.87347 1.74595 0
    endloop
  endfacet
  facet normal 0.233443 0.97237 -0
    outer loop
      vertex -3.38385 -5.58044 0
      vertex -4.24595 -5.37347 62
      vertex -3.38385 -5.58044 62
    endloop
  endfacet
  facet normal 0.233443 0.97237 0
    outer loop
      vertex -4.24595 -5.37347 62
      vertex -3.38385 -5.58044 0
      vertex -4.24595 -5.37347 0
    endloop
  endfacet
  facet normal 0.852638 -0 0.522503
    outer loop
      vertex -11.4101 48.15 5.42009
      vertex -10.5902 50 4.08215
      vertex -11.4101 50 5.42009
    endloop
  endfacet
  facet normal 0.852638 0 0.522503
    outer loop
      vertex -10.5902 50 4.08215
      vertex -11.4101 48.15 5.42009
      vertex -10.5902 48.15 4.08215
    endloop
  endfacet
  facet normal 0.233434 0 -0.972373
    outer loop
      vertex -5.59017 48.15 37.4706
      vertex -4.06434 50 37.8369
      vertex -4.06434 48.15 37.8369
    endloop
  endfacet
  facet normal 0.233434 0 -0.972373
    outer loop
      vertex -4.06434 50 37.8369
      vertex -5.59017 48.15 37.4706
      vertex -5.59017 50 37.4706
    endloop
  endfacet
  facet normal 0.760393 0 -0.649463
    outer loop
      vertex -9.57107 48.15 35.0311
      vertex -10.5902 50 33.8379
      vertex -9.57107 50 35.0311
    endloop
  endfacet
  facet normal 0.760393 0 -0.649463
    outer loop
      vertex -10.5902 50 33.8379
      vertex -9.57107 48.15 35.0311
      vertex -10.5902 48.15 33.8379
    endloop
  endfacet
  facet normal 0 1 0
    outer loop
      vertex -2.54 48.11 1.85
      vertex -7.0399 48.11 1.04993
      vertex -8.3455 48.11 1.85
    endloop
  endfacet
  facet normal 0 1 0
    outer loop
      vertex -2.54 48.11 1.85
      vertex -5.59017 48.11 0.449434
      vertex -7.0399 48.11 1.04993
    endloop
  endfacet
  facet normal 0 1 0
    outer loop
      vertex -2.54 48.11 1.85
      vertex -4.06434 48.11 0.0831165
      vertex -5.59017 48.11 0.449434
    endloop
  endfacet
  facet normal 0 1 0
    outer loop
      vertex -3.00825 48.11 0
      vertex -2.54 48.11 1.85
      vertex -2.54 48.11 0
    endloop
  endfacet
  facet normal 0 1 0
    outer loop
      vertex -2.54 48.11 1.85
      vertex -3.00825 48.11 0
      vertex -4.06434 48.11 0.0831165
    endloop
  endfacet
  facet normal 1 -0 0
    outer loop
      vertex -12.5 48.15 27.96
      vertex -12.5 50 9.96
      vertex -12.5 50 27.96
    endloop
  endfacet
  facet normal 1 0 0
    outer loop
      vertex -12.5 50 9.96
      vertex -12.5 48.15 27.96
      vertex -12.5 48.15 9.96
    endloop
  endfacet
  facet normal 0.852648 0 -0.522486
    outer loop
      vertex -10.5902 48.15 33.8379
      vertex -11.4101 50 32.4999
      vertex -10.5902 50 33.8379
    endloop
  endfacet
  facet normal 0.852648 0 -0.522486
    outer loop
      vertex -11.4101 50 32.4999
      vertex -10.5902 48.15 33.8379
      vertex -11.4101 48.15 32.4999
    endloop
  endfacet
  facet normal 0.5225 0 -0.852639
    outer loop
      vertex -8.37785 48.15 36.0502
      vertex -7.0399 50 36.8701
      vertex -7.0399 48.15 36.8701
    endloop
  endfacet
  facet normal 0.5225 0 -0.852639
    outer loop
      vertex -7.0399 50 36.8701
      vertex -8.37785 48.15 36.0502
      vertex -8.37785 50 36.0502
    endloop
  endfacet
  facet normal 0.996918 0 -0.0784508
    outer loop
      vertex -12.3769 48.15 29.5243
      vertex -12.5 50 27.96
      vertex -12.3769 50 29.5243
    endloop
  endfacet
  facet normal 0.996918 0 -0.0784508
    outer loop
      vertex -12.5 50 27.96
      vertex -12.3769 48.15 29.5243
      vertex -12.5 48.15 27.96
    endloop
  endfacet
  facet normal 0.923876 0 -0.382691
    outer loop
      vertex -11.4101 48.15 32.4999
      vertex -12.0106 50 31.0502
      vertex -11.4101 50 32.4999
    endloop
  endfacet
  facet normal 0.923876 0 -0.382691
    outer loop
      vertex -12.0106 50 31.0502
      vertex -11.4101 48.15 32.4999
      vertex -12.0106 48.15 31.0502
    endloop
  endfacet
  facet normal 0.522497 0 0.852641
    outer loop
      vertex -7.0399 50 1.04993
      vertex -8.3455 48.15 1.85
      vertex -7.0399 48.11 1.04993
    endloop
  endfacet
  facet normal 0.5225 -2.6812e-06 0.852639
    outer loop
      vertex -8.37785 50 1.86983
      vertex -8.3455 48.15 1.85
      vertex -7.0399 50 1.04993
    endloop
  endfacet
  facet normal 0.522611 0 0.852571
    outer loop
      vertex -8.3455 48.15 1.85
      vertex -8.37785 50 1.86983
      vertex -8.37785 48.15 1.86983
    endloop
  endfacet
  facet normal 0.522497 0 0.852641
    outer loop
      vertex -7.0399 48.11 1.04993
      vertex -8.3455 48.15 1.85
      vertex -8.3455 48.11 1.85
    endloop
  endfacet
  facet normal 0.972372 -0 0.233435
    outer loop
      vertex -12.3769 48.15 8.39565
      vertex -12.0106 50 6.86983
      vertex -12.3769 50 8.39565
    endloop
  endfacet
  facet normal 0.972372 0 0.233435
    outer loop
      vertex -12.0106 50 6.86983
      vertex -12.3769 48.15 8.39565
      vertex -12.0106 48.15 6.86983
    endloop
  endfacet
  facet normal 0.0784488 0 -0.996918
    outer loop
      vertex -4.06434 48.15 37.8369
      vertex -2.5 50 37.96
      vertex -2.5 48.15 37.96
    endloop
  endfacet
  facet normal 0.0784488 0 -0.996918
    outer loop
      vertex -2.5 50 37.96
      vertex -4.06434 48.15 37.8369
      vertex -4.06434 50 37.8369
    endloop
  endfacet
  facet normal 0.649446 0 -0.760408
    outer loop
      vertex -9.57107 48.15 35.0311
      vertex -8.37785 50 36.0502
      vertex -8.37785 48.15 36.0502
    endloop
  endfacet
  facet normal 0.649446 0 -0.760408
    outer loop
      vertex -8.37785 50 36.0502
      vertex -9.57107 48.15 35.0311
      vertex -9.57107 50 35.0311
    endloop
  endfacet
  facet normal 0.760398 -0 0.649457
    outer loop
      vertex -10.5902 48.15 4.08215
      vertex -9.57107 50 2.88893
      vertex -10.5902 50 4.08215
    endloop
  endfacet
  facet normal 0.760398 0 0.649457
    outer loop
      vertex -9.57107 50 2.88893
      vertex -10.5902 48.15 4.08215
      vertex -9.57107 48.15 2.88893
    endloop
  endfacet
  facet normal 0.233444 0 0.97237
    outer loop
      vertex -5.59017 50 0.449434
      vertex -4.06434 48.11 0.0831165
      vertex -4.06434 50 0.0831165
    endloop
  endfacet
  facet normal 0.233444 0 0.97237
    outer loop
      vertex -4.06434 48.11 0.0831165
      vertex -5.59017 50 0.449434
      vertex -5.59017 48.11 0.449434
    endloop
  endfacet
  facet normal 0.649446 0 0.760408
    outer loop
      vertex -9.57107 50 2.88893
      vertex -8.37785 48.15 1.86983
      vertex -8.37785 50 1.86983
    endloop
  endfacet
  facet normal 0.649446 0 0.760408
    outer loop
      vertex -8.37785 48.15 1.86983
      vertex -9.57107 50 2.88893
      vertex -9.57107 48.15 2.88893
    endloop
  endfacet
  facet normal 0.996918 -0 0.0784483
    outer loop
      vertex -12.5 48.15 9.96
      vertex -12.3769 50 8.39565
      vertex -12.5 50 9.96
    endloop
  endfacet
  facet normal 0.996918 0 0.0784483
    outer loop
      vertex -12.3769 50 8.39565
      vertex -12.5 48.15 9.96
      vertex -12.3769 48.15 8.39565
    endloop
  endfacet
  facet normal 0.92388 -0 0.382682
    outer loop
      vertex -12.0106 48.15 6.86983
      vertex -11.4101 50 5.42009
      vertex -12.0106 50 6.86983
    endloop
  endfacet
  facet normal 0.92388 0 0.382682
    outer loop
      vertex -11.4101 50 5.42009
      vertex -12.0106 48.15 6.86983
      vertex -11.4101 48.15 5.42009
    endloop
  endfacet
  facet normal 0.382685 0 -0.923879
    outer loop
      vertex -7.0399 48.15 36.8701
      vertex -5.59017 50 37.4706
      vertex -5.59017 48.15 37.4706
    endloop
  endfacet
  facet normal 0.382685 0 -0.923879
    outer loop
      vertex -5.59017 50 37.4706
      vertex -7.0399 48.15 36.8701
      vertex -7.0399 50 36.8701
    endloop
  endfacet
  facet normal 0.972375 0 -0.233424
    outer loop
      vertex -12.0106 48.15 31.0502
      vertex -12.3769 50 29.5243
      vertex -12.0106 50 31.0502
    endloop
  endfacet
  facet normal 0.972375 0 -0.233424
    outer loop
      vertex -12.3769 50 29.5243
      vertex -12.0106 48.15 31.0502
      vertex -12.3769 48.15 29.5243
    endloop
  endfacet
  facet normal 0.382682 0 0.92388
    outer loop
      vertex -7.0399 50 1.04993
      vertex -5.59017 48.11 0.449434
      vertex -5.59017 50 0.449434
    endloop
  endfacet
  facet normal 0.382682 0 0.92388
    outer loop
      vertex -5.59017 48.11 0.449434
      vertex -7.0399 50 1.04993
      vertex -7.0399 48.11 1.04993
    endloop
  endfacet
  facet normal 0.0784595 0 0.996917
    outer loop
      vertex -4.06434 50 0.0831165
      vertex -3.00825 48.11 0
      vertex -3.00825 50 0
    endloop
  endfacet
  facet normal 0.0784595 0 0.996917
    outer loop
      vertex -3.00825 48.11 0
      vertex -4.06434 50 0.0831165
      vertex -4.06434 48.11 0.0831165
    endloop
  endfacet
  facet normal 0.852638 -0 0.522503
    outer loop
      vertex -11.4101 -50 5.42009
      vertex -10.5902 -48.15 4.08215
      vertex -11.4101 -48.15 5.42009
    endloop
  endfacet
  facet normal 0.852638 0 0.522503
    outer loop
      vertex -10.5902 -48.15 4.08215
      vertex -11.4101 -50 5.42009
      vertex -10.5902 -50 4.08215
    endloop
  endfacet
  facet normal 0.233434 0 -0.972373
    outer loop
      vertex -5.59017 -50 37.4706
      vertex -4.06434 -48.15 37.8369
      vertex -4.06434 -50 37.8369
    endloop
  endfacet
  facet normal 0.233434 0 -0.972373
    outer loop
      vertex -4.06434 -48.15 37.8369
      vertex -5.59017 -50 37.4706
      vertex -5.59017 -48.15 37.4706
    endloop
  endfacet
  facet normal 0.760393 0 -0.649463
    outer loop
      vertex -9.57107 -50 35.0311
      vertex -10.5902 -48.15 33.8379
      vertex -9.57107 -48.15 35.0311
    endloop
  endfacet
  facet normal 0.760393 0 -0.649463
    outer loop
      vertex -10.5902 -48.15 33.8379
      vertex -9.57107 -50 35.0311
      vertex -10.5902 -50 33.8379
    endloop
  endfacet
  facet normal 1 -0 0
    outer loop
      vertex -12.5 -50 27.96
      vertex -12.5 -48.15 9.96
      vertex -12.5 -48.15 27.96
    endloop
  endfacet
  facet normal 1 0 0
    outer loop
      vertex -12.5 -48.15 9.96
      vertex -12.5 -50 27.96
      vertex -12.5 -50 9.96
    endloop
  endfacet
  facet normal 0.92388 -0 0.382682
    outer loop
      vertex -12.0106 -50 6.86983
      vertex -11.4101 -48.15 5.42009
      vertex -12.0106 -48.15 6.86983
    endloop
  endfacet
  facet normal 0.92388 0 0.382682
    outer loop
      vertex -11.4101 -48.15 5.42009
      vertex -12.0106 -50 6.86983
      vertex -11.4101 -50 5.42009
    endloop
  endfacet
  facet normal 0.5225 0 -0.852639
    outer loop
      vertex -8.37785 -50 36.0502
      vertex -7.0399 -48.15 36.8701
      vertex -7.0399 -50 36.8701
    endloop
  endfacet
  facet normal 0.5225 0 -0.852639
    outer loop
      vertex -7.0399 -48.15 36.8701
      vertex -8.37785 -50 36.0502
      vertex -8.37785 -48.15 36.0502
    endloop
  endfacet
  facet normal 0.923876 0 -0.382691
    outer loop
      vertex -11.4101 -50 32.4999
      vertex -12.0106 -48.15 31.0502
      vertex -11.4101 -48.15 32.4999
    endloop
  endfacet
  facet normal 0.923876 0 -0.382691
    outer loop
      vertex -12.0106 -48.15 31.0502
      vertex -11.4101 -50 32.4999
      vertex -12.0106 -50 31.0502
    endloop
  endfacet
  facet normal 0 -1 0
    outer loop
      vertex -7.0399 -48.11 1.04993
      vertex -2.54 -48.11 1.85
      vertex -8.3455 -48.11 1.85
    endloop
  endfacet
  facet normal 0 -1 0
    outer loop
      vertex -5.59017 -48.11 0.449434
      vertex -2.54 -48.11 1.85
      vertex -7.0399 -48.11 1.04993
    endloop
  endfacet
  facet normal 0 -1 0
    outer loop
      vertex -4.06434 -48.11 0.0831165
      vertex -2.54 -48.11 1.85
      vertex -5.59017 -48.11 0.449434
    endloop
  endfacet
  facet normal 0 -1 0
    outer loop
      vertex -3.00825 -48.11 0
      vertex -2.54 -48.11 1.85
      vertex -4.06434 -48.11 0.0831165
    endloop
  endfacet
  facet normal 0 -1 -0
    outer loop
      vertex -2.54 -48.11 1.85
      vertex -3.00825 -48.11 0
      vertex -2.54 -48.11 0
    endloop
  endfacet
  facet normal 0.382685 0 -0.923879
    outer loop
      vertex -7.0399 -50 36.8701
      vertex -5.59017 -48.15 37.4706
      vertex -5.59017 -50 37.4706
    endloop
  endfacet
  facet normal 0.382685 0 -0.923879
    outer loop
      vertex -5.59017 -48.15 37.4706
      vertex -7.0399 -50 36.8701
      vertex -7.0399 -48.15 36.8701
    endloop
  endfacet
  facet normal 0.0784488 0 -0.996918
    outer loop
      vertex -4.06434 -50 37.8369
      vertex -2.5 -48.15 37.96
      vertex -2.5 -50 37.96
    endloop
  endfacet
  facet normal 0.0784488 0 -0.996918
    outer loop
      vertex -2.5 -48.15 37.96
      vertex -4.06434 -50 37.8369
      vertex -4.06434 -48.15 37.8369
    endloop
  endfacet
  facet normal 0.649446 0 -0.760408
    outer loop
      vertex -9.57107 -50 35.0311
      vertex -8.37785 -48.15 36.0502
      vertex -8.37785 -50 36.0502
    endloop
  endfacet
  facet normal 0.649446 0 -0.760408
    outer loop
      vertex -8.37785 -48.15 36.0502
      vertex -9.57107 -50 35.0311
      vertex -9.57107 -48.15 35.0311
    endloop
  endfacet
  facet normal 0.996918 0 -0.0784508
    outer loop
      vertex -12.3769 -50 29.5243
      vertex -12.5 -48.15 27.96
      vertex -12.3769 -48.15 29.5243
    endloop
  endfacet
  facet normal 0.996918 0 -0.0784508
    outer loop
      vertex -12.5 -48.15 27.96
      vertex -12.3769 -50 29.5243
      vertex -12.5 -50 27.96
    endloop
  endfacet
  facet normal 0.972375 0 -0.233424
    outer loop
      vertex -12.0106 -50 31.0502
      vertex -12.3769 -48.15 29.5243
      vertex -12.0106 -48.15 31.0502
    endloop
  endfacet
  facet normal 0.972375 0 -0.233424
    outer loop
      vertex -12.3769 -48.15 29.5243
      vertex -12.0106 -50 31.0502
      vertex -12.3769 -50 29.5243
    endloop
  endfacet
  facet normal 0.760398 -0 0.649457
    outer loop
      vertex -10.5902 -50 4.08215
      vertex -9.57107 -48.15 2.88893
      vertex -10.5902 -48.15 4.08215
    endloop
  endfacet
  facet normal 0.760398 0 0.649457
    outer loop
      vertex -9.57107 -48.15 2.88893
      vertex -10.5902 -50 4.08215
      vertex -9.57107 -50 2.88893
    endloop
  endfacet
  facet normal 0.233444 0 0.97237
    outer loop
      vertex -5.59017 -48.11 0.449434
      vertex -4.06434 -50 0.0831165
      vertex -4.06434 -48.11 0.0831165
    endloop
  endfacet
  facet normal 0.233444 0 0.97237
    outer loop
      vertex -4.06434 -50 0.0831165
      vertex -5.59017 -48.11 0.449434
      vertex -5.59017 -50 0.449434
    endloop
  endfacet
  facet normal 0.852648 0 -0.522486
    outer loop
      vertex -10.5902 -50 33.8379
      vertex -11.4101 -48.15 32.4999
      vertex -10.5902 -48.15 33.8379
    endloop
  endfacet
  facet normal 0.852648 0 -0.522486
    outer loop
      vertex -11.4101 -48.15 32.4999
      vertex -10.5902 -50 33.8379
      vertex -11.4101 -50 32.4999
    endloop
  endfacet
  facet normal 0.522497 -0 0.852641
    outer loop
      vertex -8.3455 -48.15 1.85
      vertex -7.0399 -48.11 1.04993
      vertex -8.3455 -48.11 1.85
    endloop
  endfacet
  facet normal 0.522497 0 0.852641
    outer loop
      vertex -7.0399 -48.11 1.04993
      vertex -8.3455 -48.15 1.85
      vertex -7.0399 -50 1.04993
    endloop
  endfacet
  facet normal 0.522611 -0 0.852571
    outer loop
      vertex -8.37785 -50 1.86983
      vertex -8.3455 -48.15 1.85
      vertex -8.37785 -48.15 1.86983
    endloop
  endfacet
  facet normal 0.5225 2.6812e-06 0.852639
    outer loop
      vertex -8.3455 -48.15 1.85
      vertex -8.37785 -50 1.86983
      vertex -7.0399 -50 1.04993
    endloop
  endfacet
  facet normal 0.382682 0 0.92388
    outer loop
      vertex -7.0399 -48.11 1.04993
      vertex -5.59017 -50 0.449434
      vertex -5.59017 -48.11 0.449434
    endloop
  endfacet
  facet normal 0.382682 0 0.92388
    outer loop
      vertex -5.59017 -50 0.449434
      vertex -7.0399 -48.11 1.04993
      vertex -7.0399 -50 1.04993
    endloop
  endfacet
  facet normal 0.0784595 0 0.996917
    outer loop
      vertex -4.06434 -48.11 0.0831165
      vertex -3.00825 -50 0
      vertex -3.00825 -48.11 0
    endloop
  endfacet
  facet normal 0.0784595 0 0.996917
    outer loop
      vertex -3.00825 -50 0
      vertex -4.06434 -48.11 0.0831165
      vertex -4.06434 -50 0.0831165
    endloop
  endfacet
  facet normal 0.649446 0 0.760408
    outer loop
      vertex -9.57107 -48.15 2.88893
      vertex -8.37785 -50 1.86983
      vertex -8.37785 -48.15 1.86983
    endloop
  endfacet
  facet normal 0.649446 0 0.760408
    outer loop
      vertex -8.37785 -50 1.86983
      vertex -9.57107 -48.15 2.88893
      vertex -9.57107 -50 2.88893
    endloop
  endfacet
  facet normal 0.996918 -0 0.0784483
    outer loop
      vertex -12.5 -50 9.96
      vertex -12.3769 -48.15 8.39565
      vertex -12.5 -48.15 9.96
    endloop
  endfacet
  facet normal 0.996918 0 0.0784483
    outer loop
      vertex -12.3769 -48.15 8.39565
      vertex -12.5 -50 9.96
      vertex -12.3769 -50 8.39565
    endloop
  endfacet
  facet normal 0.972372 -0 0.233435
    outer loop
      vertex -12.3769 -50 8.39565
      vertex -12.0106 -48.15 6.86983
      vertex -12.3769 -48.15 8.39565
    endloop
  endfacet
  facet normal 0.972372 0 0.233435
    outer loop
      vertex -12.0106 -48.15 6.86983
      vertex -12.3769 -50 8.39565
      vertex -12.0106 -50 6.86983
    endloop
  endfacet
  facet normal 0 -0.85264 0.522498
    outer loop
      vertex -135 8.09017 4.08215
      vertex -133.15 8.91006 5.42009
      vertex -135 8.91006 5.42009
    endloop
  endfacet
  facet normal 0 -0.85264 0.522498
    outer loop
      vertex -133.15 8.91006 5.42009
      vertex -135 8.09017 4.08215
      vertex -133.15 8.09017 4.08215
    endloop
  endfacet
  facet normal 0 0.760408 0.649446
    outer loop
      vertex -133.15 -7.07107 2.88893
      vertex -135 -8.09017 4.08215
      vertex -133.15 -8.09017 4.08215
    endloop
  endfacet
  facet normal 0 0.760408 0.649446
    outer loop
      vertex -135 -8.09017 4.08215
      vertex -133.15 -7.07107 2.88893
      vertex -135 -7.07107 2.88893
    endloop
  endfacet
  facet normal 0 1 -0
    outer loop
      vertex -133.15 -10 9.96
      vertex -135 -10 27.96
      vertex -133.15 -10 27.96
    endloop
  endfacet
  facet normal 0 1 0
    outer loop
      vertex -135 -10 27.96
      vertex -133.15 -10 9.96
      vertex -135 -10 9.96
    endloop
  endfacet
  facet normal 0 -0.760403 -0.649452
    outer loop
      vertex -135 8.09017 33.8379
      vertex -133.15 7.07107 35.0311
      vertex -135 7.07107 35.0311
    endloop
  endfacet
  facet normal 0 -0.760403 -0.649452
    outer loop
      vertex -133.15 7.07107 35.0311
      vertex -135 8.09017 33.8379
      vertex -133.15 8.09017 33.8379
    endloop
  endfacet
  facet normal 0 0.923876 -0.382691
    outer loop
      vertex -133.15 -9.51056 31.0502
      vertex -135 -8.91006 32.4999
      vertex -133.15 -8.91006 32.4999
    endloop
  endfacet
  facet normal 0 0.923876 -0.382691
    outer loop
      vertex -135 -8.91006 32.4999
      vertex -133.15 -9.51056 31.0502
      vertex -135 -9.51056 31.0502
    endloop
  endfacet
  facet normal 0 -0.522494 0.852643
    outer loop
      vertex -133.15 5.87785 1.86983
      vertex -135 5.87785 1.86983
      vertex -133.15 5.84549 1.85
    endloop
  endfacet
  facet normal 0 -0.5225 0.852639
    outer loop
      vertex -133.15 5.84549 1.85
      vertex -133.11 4.5399 1.04993
      vertex -133.11 5.84549 1.85
    endloop
  endfacet
  facet normal -1.43128e-07 -0.5225 0.852639
    outer loop
      vertex -135 4.5399 1.04993
      vertex -133.15 5.84549 1.85
      vertex -135 5.87785 1.86983
    endloop
  endfacet
  facet normal 0 -0.5225 0.852639
    outer loop
      vertex -133.15 5.84549 1.85
      vertex -135 4.5399 1.04993
      vertex -133.11 4.5399 1.04993
    endloop
  endfacet
  facet normal 0 0.996917 -0.0784635
    outer loop
      vertex -133.15 -10 27.96
      vertex -135 -9.87688 29.5243
      vertex -133.15 -9.87688 29.5243
    endloop
  endfacet
  facet normal 0 0.996917 -0.0784635
    outer loop
      vertex -135 -9.87688 29.5243
      vertex -133.15 -10 27.96
      vertex -135 -10 27.96
    endloop
  endfacet
  facet normal 0 -0.649446 -0.760408
    outer loop
      vertex -135 5.87785 36.0502
      vertex -133.15 7.07107 35.0311
      vertex -133.15 5.87785 36.0502
    endloop
  endfacet
  facet normal -0 -0.649446 -0.760408
    outer loop
      vertex -133.15 7.07107 35.0311
      vertex -135 5.87785 36.0502
      vertex -135 7.07107 35.0311
    endloop
  endfacet
  facet normal 0 -0.852651 -0.522481
    outer loop
      vertex -135 8.91006 32.4999
      vertex -133.15 8.09017 33.8379
      vertex -135 8.09017 33.8379
    endloop
  endfacet
  facet normal 0 -0.852651 -0.522481
    outer loop
      vertex -133.15 8.09017 33.8379
      vertex -135 8.91006 32.4999
      vertex -133.15 8.91006 32.4999
    endloop
  endfacet
  facet normal 0 0.382685 -0.923879
    outer loop
      vertex -135 -4.5399 36.8701
      vertex -133.15 -3.09017 37.4706
      vertex -133.15 -4.5399 36.8701
    endloop
  endfacet
  facet normal 0 0.382685 -0.923879
    outer loop
      vertex -133.15 -3.09017 37.4706
      vertex -135 -4.5399 36.8701
      vertex -135 -3.09017 37.4706
    endloop
  endfacet
  facet normal 0 0.649446 -0.760408
    outer loop
      vertex -135 -7.07107 35.0311
      vertex -133.15 -5.87785 36.0502
      vertex -133.15 -7.07107 35.0311
    endloop
  endfacet
  facet normal 0 0.649446 -0.760408
    outer loop
      vertex -133.15 -5.87785 36.0502
      vertex -135 -7.07107 35.0311
      vertex -135 -5.87785 36.0502
    endloop
  endfacet
  facet normal 0 0.760403 -0.649452
    outer loop
      vertex -133.15 -8.09017 33.8379
      vertex -135 -7.07107 35.0311
      vertex -133.15 -7.07107 35.0311
    endloop
  endfacet
  facet normal 0 0.760403 -0.649452
    outer loop
      vertex -135 -7.07107 35.0311
      vertex -133.15 -8.09017 33.8379
      vertex -135 -8.09017 33.8379
    endloop
  endfacet
  facet normal 0 0.972372 -0.233436
    outer loop
      vertex -133.15 -9.87688 29.5243
      vertex -135 -9.51056 31.0502
      vertex -133.15 -9.51056 31.0502
    endloop
  endfacet
  facet normal 0 0.972372 -0.233436
    outer loop
      vertex -135 -9.51056 31.0502
      vertex -133.15 -9.87688 29.5243
      vertex -135 -9.87688 29.5243
    endloop
  endfacet
  facet normal 0 -0.5225 -0.852639
    outer loop
      vertex -135 4.5399 36.8701
      vertex -133.15 5.87785 36.0502
      vertex -133.15 4.5399 36.8701
    endloop
  endfacet
  facet normal -0 -0.5225 -0.852639
    outer loop
      vertex -133.15 5.87785 36.0502
      vertex -135 4.5399 36.8701
      vertex -135 5.87785 36.0502
    endloop
  endfacet
  facet normal 0 -0.382685 -0.923879
    outer loop
      vertex -135 3.09017 37.4706
      vertex -133.15 4.5399 36.8701
      vertex -133.15 3.09017 37.4706
    endloop
  endfacet
  facet normal -0 -0.382685 -0.923879
    outer loop
      vertex -133.15 4.5399 36.8701
      vertex -135 3.09017 37.4706
      vertex -135 4.5399 36.8701
    endloop
  endfacet
  facet normal 0 -0.972369 0.233447
    outer loop
      vertex -135 9.51056 6.86983
      vertex -133.15 9.87688 8.39565
      vertex -135 9.87688 8.39565
    endloop
  endfacet
  facet normal 0 -0.972369 0.233447
    outer loop
      vertex -133.15 9.87688 8.39565
      vertex -135 9.51056 6.86983
      vertex -133.15 9.51056 6.86983
    endloop
  endfacet
  facet normal -0 0.233444 0.97237
    outer loop
      vertex -135 -1.56434 0.0831165
      vertex -133.11 -3.09017 0.449434
      vertex -133.11 -1.56434 0.0831165
    endloop
  endfacet
  facet normal 0 0.233444 0.97237
    outer loop
      vertex -133.11 -3.09017 0.449434
      vertex -135 -1.56434 0.0831165
      vertex -135 -3.09017 0.449434
    endloop
  endfacet
  facet normal 0 0.996917 0.078461
    outer loop
      vertex -133.15 -9.87688 8.39565
      vertex -135 -10 9.96
      vertex -133.15 -10 9.96
    endloop
  endfacet
  facet normal 0 0.996917 0.078461
    outer loop
      vertex -135 -10 9.96
      vertex -133.15 -9.87688 8.39565
      vertex -135 -9.87688 8.39565
    endloop
  endfacet
  facet normal 0 -0.923876 -0.382691
    outer loop
      vertex -135 9.51056 31.0502
      vertex -133.15 8.91006 32.4999
      vertex -135 8.91006 32.4999
    endloop
  endfacet
  facet normal 0 -0.923876 -0.382691
    outer loop
      vertex -133.15 8.91006 32.4999
      vertex -135 9.51056 31.0502
      vertex -133.15 9.51056 31.0502
    endloop
  endfacet
  facet normal 0 -1 0
    outer loop
      vertex -135 10 9.96
      vertex -133.15 10 27.96
      vertex -135 10 27.96
    endloop
  endfacet
  facet normal 0 -1 -0
    outer loop
      vertex -133.15 10 27.96
      vertex -135 10 9.96
      vertex -133.15 10 9.96
    endloop
  endfacet
  facet normal 0 0.5225 -0.852639
    outer loop
      vertex -135 -5.87785 36.0502
      vertex -133.15 -4.5399 36.8701
      vertex -133.15 -5.87785 36.0502
    endloop
  endfacet
  facet normal 0 0.5225 -0.852639
    outer loop
      vertex -133.15 -4.5399 36.8701
      vertex -135 -5.87785 36.0502
      vertex -135 -4.5399 36.8701
    endloop
  endfacet
  facet normal -1 0 0
    outer loop
      vertex -133.11 3.09017 0.449434
      vertex -133.11 5.84549 1.85
      vertex -133.11 4.5399 1.04993
    endloop
  endfacet
  facet normal -1 0 0
    outer loop
      vertex -133.11 0.508248 0
      vertex -133.11 3.09017 0.449434
      vertex -133.11 1.56434 0.0831165
    endloop
  endfacet
  facet normal -1 -0 0
    outer loop
      vertex -133.11 3.09017 0.449434
      vertex -133.11 0.508248 0
      vertex -133.11 5.84549 1.85
    endloop
  endfacet
  facet normal -1 0 0
    outer loop
      vertex -133.11 -0.508248 0
      vertex -133.11 5.84549 1.85
      vertex -133.11 0.508248 0
    endloop
  endfacet
  facet normal -1 0 0
    outer loop
      vertex -133.11 -3.09017 0.449434
      vertex -133.11 -0.508248 0
      vertex -133.11 -1.56434 0.0831165
    endloop
  endfacet
  facet normal -1 0 0
    outer loop
      vertex -133.11 -4.5399 1.04993
      vertex -133.11 -0.508248 0
      vertex -133.11 -3.09017 0.449434
    endloop
  endfacet
  facet normal -1 0 0
    outer loop
      vertex -133.11 -5.84549 1.85
      vertex -133.11 -0.508248 0
      vertex -133.11 -4.5399 1.04993
    endloop
  endfacet
  facet normal -1 0 0
    outer loop
      vertex -133.11 -0.508248 0
      vertex -133.11 -5.84549 1.85
      vertex -133.11 5.84549 1.85
    endloop
  endfacet
  facet normal 0 -0.0784488 -0.996918
    outer loop
      vertex -135 0 37.96
      vertex -133.15 1.56434 37.8369
      vertex -133.15 0 37.96
    endloop
  endfacet
  facet normal -0 -0.0784488 -0.996918
    outer loop
      vertex -133.15 1.56434 37.8369
      vertex -135 0 37.96
      vertex -135 1.56434 37.8369
    endloop
  endfacet
  facet normal 0 -0.233434 -0.972373
    outer loop
      vertex -135 1.56434 37.8369
      vertex -133.15 3.09017 37.4706
      vertex -133.15 1.56434 37.8369
    endloop
  endfacet
  facet normal -0 -0.233434 -0.972373
    outer loop
      vertex -133.15 3.09017 37.4706
      vertex -135 1.56434 37.8369
      vertex -135 3.09017 37.4706
    endloop
  endfacet
  facet normal 0 -0.996917 0.078461
    outer loop
      vertex -135 9.87688 8.39565
      vertex -133.15 10 9.96
      vertex -135 10 9.96
    endloop
  endfacet
  facet normal 0 -0.996917 0.078461
    outer loop
      vertex -133.15 10 9.96
      vertex -135 9.87688 8.39565
      vertex -133.15 9.87688 8.39565
    endloop
  endfacet
  facet normal 0 -0.0784593 0.996917
    outer loop
      vertex -135 1.56434 0.0831165
      vertex -133.11 0.508248 0
      vertex -133.11 1.56434 0.0831165
    endloop
  endfacet
  facet normal 0 -0.0784593 0.996917
    outer loop
      vertex -133.11 0.508248 0
      vertex -135 1.56434 0.0831165
      vertex -135 0.508248 0
    endloop
  endfacet
  facet normal -0 0.0784593 0.996917
    outer loop
      vertex -135 -0.508248 0
      vertex -133.11 -1.56434 0.0831165
      vertex -133.11 -0.508248 0
    endloop
  endfacet
  facet normal 0 0.0784593 0.996917
    outer loop
      vertex -133.11 -1.56434 0.0831165
      vertex -135 -0.508248 0
      vertex -135 -1.56434 0.0831165
    endloop
  endfacet
  facet normal 0 -0.382682 0.92388
    outer loop
      vertex -135 4.5399 1.04993
      vertex -133.11 3.09017 0.449434
      vertex -133.11 4.5399 1.04993
    endloop
  endfacet
  facet normal 0 -0.382682 0.92388
    outer loop
      vertex -133.11 3.09017 0.449434
      vertex -135 4.5399 1.04993
      vertex -135 3.09017 0.449434
    endloop
  endfacet
  facet normal 0 -0.649446 0.760408
    outer loop
      vertex -135 7.07107 2.88893
      vertex -133.15 5.87785 1.86983
      vertex -133.15 7.07107 2.88893
    endloop
  endfacet
  facet normal 0 -0.649446 0.760408
    outer loop
      vertex -133.15 5.87785 1.86983
      vertex -135 7.07107 2.88893
      vertex -135 5.87785 1.86983
    endloop
  endfacet
  facet normal 0 0.85264 0.522498
    outer loop
      vertex -133.15 -8.09017 4.08215
      vertex -135 -8.91006 5.42009
      vertex -133.15 -8.91006 5.42009
    endloop
  endfacet
  facet normal 0 0.85264 0.522498
    outer loop
      vertex -135 -8.91006 5.42009
      vertex -133.15 -8.09017 4.08215
      vertex -135 -8.09017 4.08215
    endloop
  endfacet
  facet normal 0 0.92388 0.382682
    outer loop
      vertex -133.15 -8.91006 5.42009
      vertex -135 -9.51056 6.86983
      vertex -133.15 -9.51056 6.86983
    endloop
  endfacet
  facet normal 0 0.92388 0.382682
    outer loop
      vertex -135 -9.51056 6.86983
      vertex -133.15 -8.91006 5.42009
      vertex -135 -8.91006 5.42009
    endloop
  endfacet
  facet normal 0 0.972369 0.233447
    outer loop
      vertex -133.15 -9.51056 6.86983
      vertex -135 -9.87688 8.39565
      vertex -133.15 -9.87688 8.39565
    endloop
  endfacet
  facet normal 0 0.972369 0.233447
    outer loop
      vertex -135 -9.87688 8.39565
      vertex -133.15 -9.51056 6.86983
      vertex -135 -9.51056 6.86983
    endloop
  endfacet
  facet normal 0 -0.972372 -0.233436
    outer loop
      vertex -135 9.87688 29.5243
      vertex -133.15 9.51056 31.0502
      vertex -135 9.51056 31.0502
    endloop
  endfacet
  facet normal 0 -0.972372 -0.233436
    outer loop
      vertex -133.15 9.51056 31.0502
      vertex -135 9.87688 29.5243
      vertex -133.15 9.87688 29.5243
    endloop
  endfacet
  facet normal 0 -0.996917 -0.0784635
    outer loop
      vertex -135 10 27.96
      vertex -133.15 9.87688 29.5243
      vertex -135 9.87688 29.5243
    endloop
  endfacet
  facet normal 0 -0.996917 -0.0784635
    outer loop
      vertex -133.15 9.87688 29.5243
      vertex -135 10 27.96
      vertex -133.15 10 27.96
    endloop
  endfacet
  facet normal 0 0.852651 -0.522481
    outer loop
      vertex -133.15 -8.91006 32.4999
      vertex -135 -8.09017 33.8379
      vertex -133.15 -8.09017 33.8379
    endloop
  endfacet
  facet normal 0 0.852651 -0.522481
    outer loop
      vertex -135 -8.09017 33.8379
      vertex -133.15 -8.91006 32.4999
      vertex -135 -8.91006 32.4999
    endloop
  endfacet
  facet normal 0 0.233434 -0.972373
    outer loop
      vertex -135 -3.09017 37.4706
      vertex -133.15 -1.56434 37.8369
      vertex -133.15 -3.09017 37.4706
    endloop
  endfacet
  facet normal 0 0.233434 -0.972373
    outer loop
      vertex -133.15 -1.56434 37.8369
      vertex -135 -3.09017 37.4706
      vertex -135 -1.56434 37.8369
    endloop
  endfacet
  facet normal 0 0.0784488 -0.996918
    outer loop
      vertex -135 -1.56434 37.8369
      vertex -133.15 0 37.96
      vertex -133.15 -1.56434 37.8369
    endloop
  endfacet
  facet normal 0 0.0784488 -0.996918
    outer loop
      vertex -133.15 0 37.96
      vertex -135 -1.56434 37.8369
      vertex -135 0 37.96
    endloop
  endfacet
  facet normal 0 -0.92388 0.382682
    outer loop
      vertex -135 8.91006 5.42009
      vertex -133.15 9.51056 6.86983
      vertex -135 9.51056 6.86983
    endloop
  endfacet
  facet normal 0 -0.92388 0.382682
    outer loop
      vertex -133.15 9.51056 6.86983
      vertex -135 8.91006 5.42009
      vertex -133.15 8.91006 5.42009
    endloop
  endfacet
  facet normal 0 -0.233444 0.97237
    outer loop
      vertex -135 3.09017 0.449434
      vertex -133.11 1.56434 0.0831165
      vertex -133.11 3.09017 0.449434
    endloop
  endfacet
  facet normal 0 -0.233444 0.97237
    outer loop
      vertex -133.11 1.56434 0.0831165
      vertex -135 3.09017 0.449434
      vertex -135 1.56434 0.0831165
    endloop
  endfacet
  facet normal 0 -0.760408 0.649446
    outer loop
      vertex -135 7.07107 2.88893
      vertex -133.15 8.09017 4.08215
      vertex -135 8.09017 4.08215
    endloop
  endfacet
  facet normal 0 -0.760408 0.649446
    outer loop
      vertex -133.15 8.09017 4.08215
      vertex -135 7.07107 2.88893
      vertex -133.15 7.07107 2.88893
    endloop
  endfacet
  facet normal -0 0.649446 0.760408
    outer loop
      vertex -135 -5.87785 1.86983
      vertex -133.15 -7.07107 2.88893
      vertex -133.15 -5.87785 1.86983
    endloop
  endfacet
  facet normal 0 0.649446 0.760408
    outer loop
      vertex -133.15 -7.07107 2.88893
      vertex -135 -5.87785 1.86983
      vertex -135 -7.07107 2.88893
    endloop
  endfacet
  facet normal -0 0.382682 0.92388
    outer loop
      vertex -135 -3.09017 0.449434
      vertex -133.11 -4.5399 1.04993
      vertex -133.11 -3.09017 0.449434
    endloop
  endfacet
  facet normal 0 0.382682 0.92388
    outer loop
      vertex -133.11 -4.5399 1.04993
      vertex -135 -3.09017 0.449434
      vertex -135 -4.5399 1.04993
    endloop
  endfacet
  facet normal 0 0.5225 0.852639
    outer loop
      vertex -133.11 -4.5399 1.04993
      vertex -133.15 -5.84549 1.85
      vertex -133.11 -5.84549 1.85
    endloop
  endfacet
  facet normal -0 0.5225 0.852639
    outer loop
      vertex -135 -4.5399 1.04993
      vertex -133.15 -5.84549 1.85
      vertex -133.11 -4.5399 1.04993
    endloop
  endfacet
  facet normal -1.43128e-07 0.5225 0.852639
    outer loop
      vertex -135 -5.87785 1.86983
      vertex -133.15 -5.84549 1.85
      vertex -135 -4.5399 1.04993
    endloop
  endfacet
  facet normal 0 0.522494 0.852643
    outer loop
      vertex -133.15 -5.84549 1.85
      vertex -135 -5.87785 1.86983
      vertex -133.15 -5.87785 1.86983
    endloop
  endfacet
  facet normal 1 -0 0
    outer loop
      vertex -2.5 5.65 62
      vertex -2.5 7.5 2.425
      vertex -2.5 7.5 62
    endloop
  endfacet
  facet normal 1 0 0
    outer loop
      vertex -2.5 7.5 2.425
      vertex -2.5 5.65 62
      vertex -2.5 5.65 2.425
    endloop
  endfacet
  facet normal 1 0 0
    outer loop
      vertex -2.5 -7.5 1.85
      vertex -2.5 -5.65 62
      vertex -2.5 -7.5 62
    endloop
  endfacet
  facet normal 1 0 0
    outer loop
      vertex -2.5 -5.65 62
      vertex -2.5 -7.5 1.85
      vertex -2.5 -5.65 0
    endloop
  endfacet
  facet normal 1 0 0
    outer loop
      vertex -2.5 -38.15 0
      vertex -2.5 -7.5 1.85
      vertex -2.5 -38.15 1.85
    endloop
  endfacet
  facet normal 1 0 0
    outer loop
      vertex -2.5 -7.5 1.85
      vertex -2.5 -38.15 0
      vertex -2.5 -5.65 0
    endloop
  endfacet
  facet normal 1 -0 0
    outer loop
      vertex -2.5 48.15 62
      vertex -2.5 50 37.96
      vertex -2.5 50 62
    endloop
  endfacet
  facet normal 1 0 0
    outer loop
      vertex -2.5 50 37.96
      vertex -2.5 48.15 62
      vertex -2.5 48.15 37.96
    endloop
  endfacet
  facet normal 1 -0 0
    outer loop
      vertex -2.5 -50 62
      vertex -2.5 -48.15 37.96
      vertex -2.5 -48.15 62
    endloop
  endfacet
  facet normal 1 0 0
    outer loop
      vertex -2.5 -48.15 37.96
      vertex -2.5 -50 62
      vertex -2.5 -50 37.96
    endloop
  endfacet
  facet normal 1 -0 0
    outer loop
      vertex -2.5 15.65 1.85
      vertex -2.5 38.15 0
      vertex -2.5 38.15 1.85
    endloop
  endfacet
  facet normal 1 0 0
    outer loop
      vertex -2.5 38.15 0
      vertex -2.5 15.65 1.85
      vertex -2.5 15.65 0
    endloop
  endfacet
  facet normal -1 0 0
    outer loop
      vertex -2.54 -38.15 -0.575
      vertex -2.54 -48.11 0
      vertex -2.54 -38.15 0
    endloop
  endfacet
  facet normal -1 -0 0
    outer loop
      vertex -2.54 -48.11 0
      vertex -2.54 -48.15 -0.575
      vertex -2.54 -48.11 1.85
    endloop
  endfacet
  facet normal -1 0 0
    outer loop
      vertex -2.54 -48.15 -0.575
      vertex -2.54 -48.11 0
      vertex -2.54 -38.15 -0.575
    endloop
  endfacet
  facet normal -1 0 0
    outer loop
      vertex -2.54 -48.11 1.85
      vertex -2.54 -38.15 2.425
      vertex -2.54 -38.15 1.85
    endloop
  endfacet
  facet normal -1 0 0
    outer loop
      vertex -2.54 -48.11 1.85
      vertex -2.54 -48.15 2.425
      vertex -2.54 -38.15 2.425
    endloop
  endfacet
  facet normal -1 0 0
    outer loop
      vertex -2.54 -48.15 2.425
      vertex -2.54 -48.11 1.85
      vertex -2.54 -48.15 -0.575
    endloop
  endfacet
  facet normal -0 0 1
    outer loop
      vertex -2.54 -38.15 2.425
      vertex 1.46 -48.15 2.425
      vertex 1.46 -38.15 2.425
    endloop
  endfacet
  facet normal 0 0 1
    outer loop
      vertex 1.46 -48.15 2.425
      vertex -2.54 -38.15 2.425
      vertex -2.54 -48.15 2.425
    endloop
  endfacet
  facet normal 1 -0 0
    outer loop
      vertex 1.46 -48.15 2.425
      vertex 1.46 -38.15 -0.575
      vertex 1.46 -38.15 2.425
    endloop
  endfacet
  facet normal 1 0 0
    outer loop
      vertex 1.46 -38.15 -0.575
      vertex 1.46 -48.15 2.425
      vertex 1.46 -48.15 -0.575
    endloop
  endfacet
  facet normal 0 1 0
    outer loop
      vertex 1.46 -38.15 2.425
      vertex -2.5 -38.15 1.85
      vertex -2.54 -38.15 2.425
    endloop
  endfacet
  facet normal 0 1 0
    outer loop
      vertex 1.46 -38.15 2.425
      vertex -2.5 -38.15 0
      vertex -2.5 -38.15 1.85
    endloop
  endfacet
  facet normal 0 1 -0
    outer loop
      vertex 1.46 -38.15 -0.575
      vertex -2.5 -38.15 0
      vertex 1.46 -38.15 2.425
    endloop
  endfacet
  facet normal 0 1 0
    outer loop
      vertex -2.54 -38.15 -0.575
      vertex -2.5 -38.15 0
      vertex 1.46 -38.15 -0.575
    endloop
  endfacet
  facet normal 0 1 0
    outer loop
      vertex -2.5 -38.15 0
      vertex -2.54 -38.15 -0.575
      vertex -2.54 -38.15 0
    endloop
  endfacet
  facet normal 0 1 0
    outer loop
      vertex -2.54 -38.15 2.425
      vertex -2.5 -38.15 1.85
      vertex -2.54 -38.15 1.85
    endloop
  endfacet
  facet normal 0 0 -1
    outer loop
      vertex -2.54 -48.15 -0.575
      vertex 1.46 -38.15 -0.575
      vertex 1.46 -48.15 -0.575
    endloop
  endfacet
  facet normal -0 0 -1
    outer loop
      vertex 1.46 -38.15 -0.575
      vertex -2.54 -48.15 -0.575
      vertex -2.54 -38.15 -0.575
    endloop
  endfacet
  facet normal 0 -1 0
    outer loop
      vertex -2.54 -48.15 -0.575
      vertex 1.46 -48.15 2.425
      vertex -2.54 -48.15 2.425
    endloop
  endfacet
  facet normal 0 -1 -0
    outer loop
      vertex 1.46 -48.15 2.425
      vertex -2.54 -48.15 -0.575
      vertex 1.46 -48.15 -0.575
    endloop
  endfacet
  facet normal -1 0 0
    outer loop
      vertex -2.54 5.65 -0.575
      vertex -2.54 15.65 0
      vertex -2.54 15.65 -0.575
    endloop
  endfacet
  facet normal -1 -0 0
    outer loop
      vertex -2.54 15.65 0
      vertex -2.54 5.65 -0.575
      vertex -2.54 5.65 0
    endloop
  endfacet
  facet normal -1 0 0
    outer loop
      vertex -2.54 7.49685 1.85
      vertex -2.54 15.65 2.425
      vertex -2.54 15.65 1.85
    endloop
  endfacet
  facet normal -1 -0 0
    outer loop
      vertex -2.54 15.65 2.425
      vertex -2.54 7.49685 1.85
      vertex -2.54 7.49685 2.425
    endloop
  endfacet
  facet normal 0 0 1
    outer loop
      vertex 1.46 15.65 2.425
      vertex -2.5 7.5 2.425
      vertex 1.46 5.65 2.425
    endloop
  endfacet
  facet normal -0 0 1
    outer loop
      vertex -2.54 15.65 2.425
      vertex -2.5 7.5 2.425
      vertex 1.46 15.65 2.425
    endloop
  endfacet
  facet normal 0 0 1
    outer loop
      vertex -2.5 7.5 2.425
      vertex -2.54 15.65 2.425
      vertex -2.54 7.49685 2.425
    endloop
  endfacet
  facet normal 0 0 1
    outer loop
      vertex 1.46 5.65 2.425
      vertex -2.5 7.5 2.425
      vertex -2.5 5.65 2.425
    endloop
  endfacet
  facet normal 1 -0 0
    outer loop
      vertex 1.46 5.65 2.425
      vertex 1.46 15.65 -0.575
      vertex 1.46 15.65 2.425
    endloop
  endfacet
  facet normal 1 0 0
    outer loop
      vertex 1.46 15.65 -0.575
      vertex 1.46 5.65 2.425
      vertex 1.46 5.65 -0.575
    endloop
  endfacet
  facet normal 0 0 -1
    outer loop
      vertex -2.54 5.65 -0.575
      vertex 1.46 15.65 -0.575
      vertex 1.46 5.65 -0.575
    endloop
  endfacet
  facet normal -0 0 -1
    outer loop
      vertex 1.46 15.65 -0.575
      vertex -2.54 5.65 -0.575
      vertex -2.54 15.65 -0.575
    endloop
  endfacet
  facet normal 0 -1 0
    outer loop
      vertex -2.54 5.65 0
      vertex -2.54 5.65 -0.575
      vertex -2.5 5.65 0
    endloop
  endfacet
  facet normal 0 -1 0
    outer loop
      vertex -2.5 5.65 0
      vertex 1.46 5.65 2.425
      vertex -2.5 5.65 2.425
    endloop
  endfacet
  facet normal 0 -1 0
    outer loop
      vertex 1.46 5.65 -0.575
      vertex -2.5 5.65 0
      vertex -2.54 5.65 -0.575
    endloop
  endfacet
  facet normal 0 -1 0
    outer loop
      vertex -2.5 5.65 0
      vertex 1.46 5.65 -0.575
      vertex 1.46 5.65 2.425
    endloop
  endfacet
  facet normal 0 1 0
    outer loop
      vertex 1.46 15.65 2.425
      vertex -2.5 15.65 1.85
      vertex -2.54 15.65 2.425
    endloop
  endfacet
  facet normal 0 1 0
    outer loop
      vertex 1.46 15.65 2.425
      vertex -2.5 15.65 0
      vertex -2.5 15.65 1.85
    endloop
  endfacet
  facet normal 0 1 -0
    outer loop
      vertex 1.46 15.65 -0.575
      vertex -2.5 15.65 0
      vertex 1.46 15.65 2.425
    endloop
  endfacet
  facet normal 0 1 0
    outer loop
      vertex -2.54 15.65 -0.575
      vertex -2.5 15.65 0
      vertex 1.46 15.65 -0.575
    endloop
  endfacet
  facet normal 0 1 0
    outer loop
      vertex -2.5 15.65 0
      vertex -2.54 15.65 -0.575
      vertex -2.54 15.65 0
    endloop
  endfacet
  facet normal 0 1 0
    outer loop
      vertex -2.54 15.65 2.425
      vertex -2.5 15.65 1.85
      vertex -2.54 15.65 1.85
    endloop
  endfacet
  facet normal -1 0 0
    outer loop
      vertex -2.54 48.15 -0.575
      vertex -2.54 48.11 0
      vertex -2.54 48.15 2.425
    endloop
  endfacet
  facet normal -1 0 0
    outer loop
      vertex -2.54 38.15 -0.575
      vertex -2.54 48.11 0
      vertex -2.54 48.15 -0.575
    endloop
  endfacet
  facet normal -1 -0 0
    outer loop
      vertex -2.54 48.11 0
      vertex -2.54 38.15 -0.575
      vertex -2.54 38.15 0
    endloop
  endfacet
  facet normal -1 0 0
    outer loop
      vertex -2.54 48.11 1.85
      vertex -2.54 48.15 2.425
      vertex -2.54 48.11 0
    endloop
  endfacet
  facet normal -1 0 0
    outer loop
      vertex -2.54 38.15 2.425
      vertex -2.54 48.11 1.85
      vertex -2.54 38.15 1.85
    endloop
  endfacet
  facet normal -1 0 0
    outer loop
      vertex -2.54 48.11 1.85
      vertex -2.54 38.15 2.425
      vertex -2.54 48.15 2.425
    endloop
  endfacet
  facet normal -0 0 1
    outer loop
      vertex -2.54 48.15 2.425
      vertex 1.46 38.15 2.425
      vertex 1.46 48.15 2.425
    endloop
  endfacet
  facet normal 0 0 1
    outer loop
      vertex 1.46 38.15 2.425
      vertex -2.54 48.15 2.425
      vertex -2.54 38.15 2.425
    endloop
  endfacet
  facet normal 1 -0 0
    outer loop
      vertex 1.46 38.15 2.425
      vertex 1.46 48.15 -0.575
      vertex 1.46 48.15 2.425
    endloop
  endfacet
  facet normal 1 0 0
    outer loop
      vertex 1.46 48.15 -0.575
      vertex 1.46 38.15 2.425
      vertex 1.46 38.15 -0.575
    endloop
  endfacet
  facet normal 0 1 -0
    outer loop
      vertex 1.46 48.15 -0.575
      vertex -2.54 48.15 2.425
      vertex 1.46 48.15 2.425
    endloop
  endfacet
  facet normal 0 1 0
    outer loop
      vertex -2.54 48.15 2.425
      vertex 1.46 48.15 -0.575
      vertex -2.54 48.15 -0.575
    endloop
  endfacet
  facet normal 0 0 -1
    outer loop
      vertex -2.54 38.15 -0.575
      vertex 1.46 48.15 -0.575
      vertex 1.46 38.15 -0.575
    endloop
  endfacet
  facet normal -0 0 -1
    outer loop
      vertex 1.46 48.15 -0.575
      vertex -2.54 38.15 -0.575
      vertex -2.54 48.15 -0.575
    endloop
  endfacet
  facet normal 0 -1 0
    outer loop
      vertex -2.54 38.15 0
      vertex -2.54 38.15 -0.575
      vertex -2.5 38.15 0
    endloop
  endfacet
  facet normal 0 -1 0
    outer loop
      vertex -2.5 38.15 1.85
      vertex -2.54 38.15 2.425
      vertex -2.54 38.15 1.85
    endloop
  endfacet
  facet normal 0 -1 0
    outer loop
      vertex -2.54 38.15 2.425
      vertex -2.5 38.15 1.85
      vertex 1.46 38.15 2.425
    endloop
  endfacet
  facet normal 0 -1 0
    outer loop
      vertex -2.5 38.15 0
      vertex 1.46 38.15 2.425
      vertex -2.5 38.15 1.85
    endloop
  endfacet
  facet normal 0 -1 0
    outer loop
      vertex 1.46 38.15 -0.575
      vertex -2.5 38.15 0
      vertex -2.54 38.15 -0.575
    endloop
  endfacet
  facet normal 0 -1 0
    outer loop
      vertex -2.5 38.15 0
      vertex 1.46 38.15 -0.575
      vertex 1.46 38.15 2.425
    endloop
  endfacet
  facet normal -0 0 1
    outer loop
      vertex 132.754 42.553 62
      vertex 135 41.9001 62
      vertex 134.9 43.1671 62
    endloop
  endfacet
  facet normal 0 0 1
    outer loop
      vertex 135 41.9001 62
      vertex 133.15 40.0501 62
      vertex 135 -41.9001 62
    endloop
  endfacet
  facet normal 0 0 1
    outer loop
      vertex 132.754 42.553 62
      vertex 134.9 43.1671 62
      vertex 134.604 44.403 62
    endloop
  endfacet
  facet normal -0 0 1
    outer loop
      vertex 133.15 -40.0501 62
      vertex 135 -41.9001 62
      vertex 133.15 40.0501 62
    endloop
  endfacet
  facet normal 0 0 1
    outer loop
      vertex 132.267 43.7273 62
      vertex 134.604 44.403 62
      vertex 134.117 45.5773 62
    endloop
  endfacet
  facet normal -0 0 1
    outer loop
      vertex 133.05 -41.3171 62
      vertex 135 -41.9001 62
      vertex 133.15 -40.0501 62
    endloop
  endfacet
  facet normal 0 0 1
    outer loop
      vertex 131.603 44.8111 62
      vertex 134.117 45.5773 62
      vertex 133.453 46.6611 62
    endloop
  endfacet
  facet normal 0 0 1
    outer loop
      vertex 132.754 -42.553 62
      vertex 135 -41.9001 62
      vertex 133.05 -41.3171 62
    endloop
  endfacet
  facet normal 0 0 1
    outer loop
      vertex 135 -41.9001 62
      vertex 132.754 -42.553 62
      vertex 134.9 -43.1671 62
    endloop
  endfacet
  facet normal 0 0 1
    outer loop
      vertex 135 41.9001 62
      vertex 133.05 41.3171 62
      vertex 133.15 40.0501 62
    endloop
  endfacet
  facet normal 0 0 1
    outer loop
      vertex 135 41.9001 62
      vertex 132.754 42.553 62
      vertex 133.05 41.3171 62
    endloop
  endfacet
  facet normal 0 0 1
    outer loop
      vertex 130.778 45.7776 62
      vertex 133.453 46.6611 62
      vertex 132.628 47.6276 62
    endloop
  endfacet
  facet normal 0 0 1
    outer loop
      vertex 134.604 44.403 62
      vertex 132.267 43.7273 62
      vertex 132.754 42.553 62
    endloop
  endfacet
  facet normal 0 0 1
    outer loop
      vertex 130.778 45.7776 62
      vertex 132.628 47.6276 62
      vertex 131.661 48.453 62
    endloop
  endfacet
  facet normal 0 0 1
    outer loop
      vertex 134.117 45.5773 62
      vertex 131.603 44.8111 62
      vertex 132.267 43.7273 62
    endloop
  endfacet
  facet normal 0 0 1
    outer loop
      vertex 133.453 46.6611 62
      vertex 130.778 45.7776 62
      vertex 131.603 44.8111 62
    endloop
  endfacet
  facet normal 0 0 1
    outer loop
      vertex 129.811 46.603 62
      vertex 131.661 48.453 62
      vertex 130.577 49.1172 62
    endloop
  endfacet
  facet normal 0 0 1
    outer loop
      vertex 131.661 48.453 62
      vertex 129.811 46.603 62
      vertex 130.778 45.7776 62
    endloop
  endfacet
  facet normal 0 0 1
    outer loop
      vertex 128.727 47.2672 62
      vertex 130.577 49.1172 62
      vertex 129.403 49.6036 62
    endloop
  endfacet
  facet normal 0 0 1
    outer loop
      vertex 130.577 49.1172 62
      vertex 128.727 47.2672 62
      vertex 129.811 46.603 62
    endloop
  endfacet
  facet normal 0 0 1
    outer loop
      vertex 127.553 47.7536 62
      vertex 129.403 49.6036 62
      vertex 128.167 49.9003 62
    endloop
  endfacet
  facet normal 0 0 1
    outer loop
      vertex 129.403 49.6036 62
      vertex 127.553 47.7536 62
      vertex 128.727 47.2672 62
    endloop
  endfacet
  facet normal 0 0 1
    outer loop
      vertex 126.9 50 62
      vertex 127.553 47.7536 62
      vertex 128.167 49.9003 62
    endloop
  endfacet
  facet normal 0 0 1
    outer loop
      vertex 126.9 50 62
      vertex 126.317 48.0503 62
      vertex 127.553 47.7536 62
    endloop
  endfacet
  facet normal 0 0 1
    outer loop
      vertex 126.9 50 62
      vertex 125.05 48.15 62
      vertex 126.317 48.0503 62
    endloop
  endfacet
  facet normal -0 0 1
    outer loop
      vertex 2.5 50 62
      vertex 125.05 48.15 62
      vertex 126.9 50 62
    endloop
  endfacet
  facet normal 0 0 1
    outer loop
      vertex 125.05 48.15 62
      vertex 2.5 50 62
      vertex 2.5 48.15 62
    endloop
  endfacet
  facet normal 0 0 1
    outer loop
      vertex 134.9 -43.1671 62
      vertex 132.754 -42.553 62
      vertex 134.604 -44.403 62
    endloop
  endfacet
  facet normal -0 0 1
    outer loop
      vertex 132.267 -43.7273 62
      vertex 134.604 -44.403 62
      vertex 132.754 -42.553 62
    endloop
  endfacet
  facet normal 0 0 1
    outer loop
      vertex 134.604 -44.403 62
      vertex 132.267 -43.7273 62
      vertex 134.117 -45.5773 62
    endloop
  endfacet
  facet normal -0 0 1
    outer loop
      vertex 131.603 -44.8111 62
      vertex 134.117 -45.5773 62
      vertex 132.267 -43.7273 62
    endloop
  endfacet
  facet normal 0 0 1
    outer loop
      vertex 134.117 -45.5773 62
      vertex 131.603 -44.8111 62
      vertex 133.453 -46.6611 62
    endloop
  endfacet
  facet normal -0 0 1
    outer loop
      vertex 130.778 -45.7776 62
      vertex 133.453 -46.6611 62
      vertex 131.603 -44.8111 62
    endloop
  endfacet
  facet normal 0 0 1
    outer loop
      vertex 133.453 -46.6611 62
      vertex 130.778 -45.7776 62
      vertex 132.628 -47.6276 62
    endloop
  endfacet
  facet normal 0 0 1
    outer loop
      vertex 132.628 -47.6276 62
      vertex 130.778 -45.7776 62
      vertex 131.661 -48.453 62
    endloop
  endfacet
  facet normal -0 0 1
    outer loop
      vertex 129.811 -46.603 62
      vertex 131.661 -48.453 62
      vertex 130.778 -45.7776 62
    endloop
  endfacet
  facet normal 0 0 1
    outer loop
      vertex 131.661 -48.453 62
      vertex 129.811 -46.603 62
      vertex 130.577 -49.1172 62
    endloop
  endfacet
  facet normal -0 0 1
    outer loop
      vertex 128.727 -47.2672 62
      vertex 130.577 -49.1172 62
      vertex 129.811 -46.603 62
    endloop
  endfacet
  facet normal 0 0 1
    outer loop
      vertex 130.577 -49.1172 62
      vertex 128.727 -47.2672 62
      vertex 129.403 -49.6036 62
    endloop
  endfacet
  facet normal -0 0 1
    outer loop
      vertex 127.553 -47.7536 62
      vertex 129.403 -49.6036 62
      vertex 128.727 -47.2672 62
    endloop
  endfacet
  facet normal 0 0 1
    outer loop
      vertex 129.403 -49.6036 62
      vertex 127.553 -47.7536 62
      vertex 128.167 -49.9003 62
    endloop
  endfacet
  facet normal 0 0 1
    outer loop
      vertex 127.553 -47.7536 62
      vertex 126.9 -50 62
      vertex 128.167 -49.9003 62
    endloop
  endfacet
  facet normal -0 0 1
    outer loop
      vertex 126.317 -48.0503 62
      vertex 126.9 -50 62
      vertex 127.553 -47.7536 62
    endloop
  endfacet
  facet normal -0 0 1
    outer loop
      vertex 125.05 -48.15 62
      vertex 126.9 -50 62
      vertex 126.317 -48.0503 62
    endloop
  endfacet
  facet normal 0 0 1
    outer loop
      vertex 2.5 -50 62
      vertex 125.05 -48.15 62
      vertex 2.5 -48.15 62
    endloop
  endfacet
  facet normal 0 0 1
    outer loop
      vertex 125.05 -48.15 62
      vertex 2.5 -50 62
      vertex 126.9 -50 62
    endloop
  endfacet
  facet normal 1 0 0
    outer loop
      vertex 135 41.9001 62
      vertex 135 10 27.96
      vertex 135 41.9001 0
    endloop
  endfacet
  facet normal 1 0 0
    outer loop
      vertex 135 41.9001 62
      vertex 135 9.87688 29.5243
      vertex 135 10 27.96
    endloop
  endfacet
  facet normal 1 0 0
    outer loop
      vertex 135 41.9001 62
      vertex 135 9.51056 31.0502
      vertex 135 9.87688 29.5243
    endloop
  endfacet
  facet normal 1 0 0
    outer loop
      vertex 135 41.9001 62
      vertex 135 8.91006 32.4999
      vertex 135 9.51056 31.0502
    endloop
  endfacet
  facet normal 1 0 0
    outer loop
      vertex 135 41.9001 62
      vertex 135 8.09017 33.8379
      vertex 135 8.91006 32.4999
    endloop
  endfacet
  facet normal 1 0 0
    outer loop
      vertex 135 41.9001 62
      vertex 135 7.07107 35.0311
      vertex 135 8.09017 33.8379
    endloop
  endfacet
  facet normal 1 0 0
    outer loop
      vertex 135 41.9001 62
      vertex 135 5.87785 36.0502
      vertex 135 7.07107 35.0311
    endloop
  endfacet
  facet normal 1 0 0
    outer loop
      vertex 135 41.9001 62
      vertex 135 4.5399 36.8701
      vertex 135 5.87785 36.0502
    endloop
  endfacet
  facet normal 1 0 0
    outer loop
      vertex 135 41.9001 62
      vertex 135 3.09017 37.4706
      vertex 135 4.5399 36.8701
    endloop
  endfacet
  facet normal 1 0 0
    outer loop
      vertex 135 41.9001 62
      vertex 135 1.56434 37.8369
      vertex 135 3.09017 37.4706
    endloop
  endfacet
  facet normal 1 0 0
    outer loop
      vertex 135 41.9001 62
      vertex 135 0 37.96
      vertex 135 1.56434 37.8369
    endloop
  endfacet
  facet normal 1 -0 0
    outer loop
      vertex 135 -41.9001 62
      vertex 135 0 37.96
      vertex 135 41.9001 62
    endloop
  endfacet
  facet normal 1 0 0
    outer loop
      vertex 135 0 37.96
      vertex 135 -41.9001 62
      vertex 135 -1.56434 37.8369
    endloop
  endfacet
  facet normal 1 0 0
    outer loop
      vertex 135 -1.56434 37.8369
      vertex 135 -41.9001 62
      vertex 135 -3.09017 37.4706
    endloop
  endfacet
  facet normal 1 0 0
    outer loop
      vertex 135 -41.9001 0
      vertex 135 -10 27.96
      vertex 135 -41.9001 62
    endloop
  endfacet
  facet normal 1 0 0
    outer loop
      vertex 135 -9.87688 29.5243
      vertex 135 -41.9001 62
      vertex 135 -10 27.96
    endloop
  endfacet
  facet normal 1 0 0
    outer loop
      vertex 135 -9.51056 31.0502
      vertex 135 -41.9001 62
      vertex 135 -9.87688 29.5243
    endloop
  endfacet
  facet normal 1 0 0
    outer loop
      vertex 135 -8.91006 32.4999
      vertex 135 -41.9001 62
      vertex 135 -9.51056 31.0502
    endloop
  endfacet
  facet normal 1 0 0
    outer loop
      vertex 135 -8.09017 33.8379
      vertex 135 -41.9001 62
      vertex 135 -8.91006 32.4999
    endloop
  endfacet
  facet normal 1 0 0
    outer loop
      vertex 135 -7.07107 35.0311
      vertex 135 -41.9001 62
      vertex 135 -8.09017 33.8379
    endloop
  endfacet
  facet normal 1 0 0
    outer loop
      vertex 135 -5.87785 36.0502
      vertex 135 -41.9001 62
      vertex 135 -7.07107 35.0311
    endloop
  endfacet
  facet normal 1 0 0
    outer loop
      vertex 135 -4.5399 36.8701
      vertex 135 -41.9001 62
      vertex 135 -5.87785 36.0502
    endloop
  endfacet
  facet normal 1 0 0
    outer loop
      vertex 135 -3.09017 37.4706
      vertex 135 -41.9001 62
      vertex 135 -4.5399 36.8701
    endloop
  endfacet
  facet normal 1 -0 0
    outer loop
      vertex 135 10 9.96
      vertex 135 41.9001 0
      vertex 135 10 27.96
    endloop
  endfacet
  facet normal 1 -0 0
    outer loop
      vertex 135 9.87688 8.39565
      vertex 135 41.9001 0
      vertex 135 10 9.96
    endloop
  endfacet
  facet normal 1 -0 0
    outer loop
      vertex 135 9.51056 6.86983
      vertex 135 41.9001 0
      vertex 135 9.87688 8.39565
    endloop
  endfacet
  facet normal 1 -0 0
    outer loop
      vertex 135 8.91006 5.42009
      vertex 135 41.9001 0
      vertex 135 9.51056 6.86983
    endloop
  endfacet
  facet normal 1 -0 0
    outer loop
      vertex 135 8.09017 4.08215
      vertex 135 41.9001 0
      vertex 135 8.91006 5.42009
    endloop
  endfacet
  facet normal 1 -0 0
    outer loop
      vertex 135 7.07107 2.88893
      vertex 135 41.9001 0
      vertex 135 8.09017 4.08215
    endloop
  endfacet
  facet normal 1 -0 0
    outer loop
      vertex 135 5.87785 1.86983
      vertex 135 41.9001 0
      vertex 135 7.07107 2.88893
    endloop
  endfacet
  facet normal 1 -0 0
    outer loop
      vertex 135 4.5399 1.04993
      vertex 135 41.9001 0
      vertex 135 5.87785 1.86983
    endloop
  endfacet
  facet normal 1 -0 0
    outer loop
      vertex 135 3.09017 0.449434
      vertex 135 41.9001 0
      vertex 135 4.5399 1.04993
    endloop
  endfacet
  facet normal 1 -0 0
    outer loop
      vertex 135 1.56434 0.0831165
      vertex 135 41.9001 0
      vertex 135 3.09017 0.449434
    endloop
  endfacet
  facet normal 1 0 0
    outer loop
      vertex 135 41.9001 0
      vertex 135 1.56434 0.0831165
      vertex 135 0.508248 0
    endloop
  endfacet
  facet normal 1 0 0
    outer loop
      vertex 135 -10 27.96
      vertex 135 -41.9001 0
      vertex 135 -10 9.96
    endloop
  endfacet
  facet normal 1 0 0
    outer loop
      vertex 135 -10 9.96
      vertex 135 -41.9001 0
      vertex 135 -9.87688 8.39565
    endloop
  endfacet
  facet normal 1 0 0
    outer loop
      vertex 135 -9.87688 8.39565
      vertex 135 -41.9001 0
      vertex 135 -9.51056 6.86983
    endloop
  endfacet
  facet normal 1 0 0
    outer loop
      vertex 135 -1.56434 0.0831165
      vertex 135 -41.9001 0
      vertex 135 -0.508248 0
    endloop
  endfacet
  facet normal 1 0 0
    outer loop
      vertex 135 -3.09017 0.449434
      vertex 135 -41.9001 0
      vertex 135 -1.56434 0.0831165
    endloop
  endfacet
  facet normal 1 0 0
    outer loop
      vertex 135 -4.5399 1.04993
      vertex 135 -41.9001 0
      vertex 135 -3.09017 0.449434
    endloop
  endfacet
  facet normal 1 0 0
    outer loop
      vertex 135 -5.87785 1.86983
      vertex 135 -41.9001 0
      vertex 135 -4.5399 1.04993
    endloop
  endfacet
  facet normal 1 0 0
    outer loop
      vertex 135 -7.07107 2.88893
      vertex 135 -41.9001 0
      vertex 135 -5.87785 1.86983
    endloop
  endfacet
  facet normal 1 0 0
    outer loop
      vertex 135 -8.09017 4.08215
      vertex 135 -41.9001 0
      vertex 135 -7.07107 2.88893
    endloop
  endfacet
  facet normal 1 0 0
    outer loop
      vertex 135 -8.91006 5.42009
      vertex 135 -41.9001 0
      vertex 135 -8.09017 4.08215
    endloop
  endfacet
  facet normal 1 0 0
    outer loop
      vertex 135 -9.51056 6.86983
      vertex 135 -41.9001 0
      vertex 135 -8.91006 5.42009
    endloop
  endfacet
  facet normal 0.0784473 0.996918 -0
    outer loop
      vertex 128.167 49.9003 0
      vertex 126.9 50 62
      vertex 128.167 49.9003 62
    endloop
  endfacet
  facet normal 0.0784473 0.996918 0
    outer loop
      vertex 126.9 50 62
      vertex 128.167 49.9003 0
      vertex 126.9 50 0
    endloop
  endfacet
  facet normal 0 1 -0
    outer loop
      vertex 11.4101 50 32.4999
      vertex 2.5 50 62
      vertex 126.9 50 62
    endloop
  endfacet
  facet normal 0 1 0
    outer loop
      vertex 2.5 50 62
      vertex 4.06434 50 37.8369
      vertex 2.5 50 37.96
    endloop
  endfacet
  facet normal 0 1 0
    outer loop
      vertex 2.5 50 62
      vertex 5.59017 50 37.4706
      vertex 4.06434 50 37.8369
    endloop
  endfacet
  facet normal 0 1 0
    outer loop
      vertex 2.5 50 62
      vertex 7.0399 50 36.8701
      vertex 5.59017 50 37.4706
    endloop
  endfacet
  facet normal 0 1 0
    outer loop
      vertex 2.5 50 62
      vertex 8.37785 50 36.0502
      vertex 7.0399 50 36.8701
    endloop
  endfacet
  facet normal 0 1 0
    outer loop
      vertex 2.5 50 62
      vertex 9.57107 50 35.0311
      vertex 8.37785 50 36.0502
    endloop
  endfacet
  facet normal 0 1 0
    outer loop
      vertex 2.5 50 62
      vertex 10.5902 50 33.8379
      vertex 9.57107 50 35.0311
    endloop
  endfacet
  facet normal 0 1 0
    outer loop
      vertex 2.5 50 62
      vertex 11.4101 50 32.4999
      vertex 10.5902 50 33.8379
    endloop
  endfacet
  facet normal 0 1 0
    outer loop
      vertex 126.9 50 62
      vertex 12.0106 50 31.0502
      vertex 11.4101 50 32.4999
    endloop
  endfacet
  facet normal 0 1 0
    outer loop
      vertex 126.9 50 62
      vertex 12.3769 50 29.5243
      vertex 12.0106 50 31.0502
    endloop
  endfacet
  facet normal 0 1 0
    outer loop
      vertex 126.9 50 62
      vertex 12.5 50 27.96
      vertex 12.3769 50 29.5243
    endloop
  endfacet
  facet normal 0 1 -0
    outer loop
      vertex 126.9 50 0
      vertex 12.5 50 27.96
      vertex 126.9 50 62
    endloop
  endfacet
  facet normal 0 1 0
    outer loop
      vertex 12.5 50 27.96
      vertex 126.9 50 0
      vertex 12.5 50 9.96
    endloop
  endfacet
  facet normal 0 1 0
    outer loop
      vertex 12.5 50 9.96
      vertex 126.9 50 0
      vertex 12.3769 50 8.39565
    endloop
  endfacet
  facet normal 0 1 0
    outer loop
      vertex 12.3769 50 8.39565
      vertex 126.9 50 0
      vertex 12.0106 50 6.86983
    endloop
  endfacet
  facet normal 0 1 0
    outer loop
      vertex 12.0106 50 6.86983
      vertex 126.9 50 0
      vertex 11.4101 50 5.42009
    endloop
  endfacet
  facet normal 0 1 0
    outer loop
      vertex 11.4101 50 5.42009
      vertex 126.9 50 0
      vertex 10.5902 50 4.08215
    endloop
  endfacet
  facet normal 0 1 0
    outer loop
      vertex 10.5902 50 4.08215
      vertex 126.9 50 0
      vertex 9.57107 50 2.88893
    endloop
  endfacet
  facet normal 0 1 0
    outer loop
      vertex 9.57107 50 2.88893
      vertex 126.9 50 0
      vertex 8.37785 50 1.86983
    endloop
  endfacet
  facet normal 0 1 0
    outer loop
      vertex 8.37785 50 1.86983
      vertex 126.9 50 0
      vertex 7.0399 50 1.04993
    endloop
  endfacet
  facet normal 0 1 0
    outer loop
      vertex 126.9 50 0
      vertex 5.59017 50 0.449434
      vertex 7.0399 50 1.04993
    endloop
  endfacet
  facet normal 0 1 0
    outer loop
      vertex 126.9 50 0
      vertex 4.06434 50 0.0831165
      vertex 5.59017 50 0.449434
    endloop
  endfacet
  facet normal 0 1 0
    outer loop
      vertex 4.06434 50 0.0831165
      vertex 126.9 50 0
      vertex 3.00825 50 0
    endloop
  endfacet
  facet normal 0.0784473 -0.996918 0
    outer loop
      vertex 126.9 -50 0
      vertex 128.167 -49.9003 62
      vertex 126.9 -50 62
    endloop
  endfacet
  facet normal 0.0784473 -0.996918 0
    outer loop
      vertex 128.167 -49.9003 62
      vertex 126.9 -50 0
      vertex 128.167 -49.9003 0
    endloop
  endfacet
  facet normal 0 -1 0
    outer loop
      vertex 4.06434 -50 37.8369
      vertex 2.5 -50 62
      vertex 2.5 -50 37.96
    endloop
  endfacet
  facet normal 0 -1 0
    outer loop
      vertex 5.59017 -50 37.4706
      vertex 2.5 -50 62
      vertex 4.06434 -50 37.8369
    endloop
  endfacet
  facet normal 0 -1 0
    outer loop
      vertex 7.0399 -50 36.8701
      vertex 2.5 -50 62
      vertex 5.59017 -50 37.4706
    endloop
  endfacet
  facet normal 0 -1 0
    outer loop
      vertex 8.37785 -50 36.0502
      vertex 2.5 -50 62
      vertex 7.0399 -50 36.8701
    endloop
  endfacet
  facet normal 0 -1 0
    outer loop
      vertex 9.57107 -50 35.0311
      vertex 2.5 -50 62
      vertex 8.37785 -50 36.0502
    endloop
  endfacet
  facet normal 0 -1 0
    outer loop
      vertex 10.5902 -50 33.8379
      vertex 2.5 -50 62
      vertex 9.57107 -50 35.0311
    endloop
  endfacet
  facet normal 0 -1 0
    outer loop
      vertex 11.4101 -50 32.4999
      vertex 2.5 -50 62
      vertex 10.5902 -50 33.8379
    endloop
  endfacet
  facet normal 0 -1 0
    outer loop
      vertex 2.5 -50 62
      vertex 11.4101 -50 32.4999
      vertex 126.9 -50 62
    endloop
  endfacet
  facet normal 0 -1 0
    outer loop
      vertex 12.0106 -50 31.0502
      vertex 126.9 -50 62
      vertex 11.4101 -50 32.4999
    endloop
  endfacet
  facet normal 0 -1 0
    outer loop
      vertex 12.3769 -50 29.5243
      vertex 126.9 -50 62
      vertex 12.0106 -50 31.0502
    endloop
  endfacet
  facet normal 0 -1 0
    outer loop
      vertex 12.5 -50 27.96
      vertex 126.9 -50 62
      vertex 12.3769 -50 29.5243
    endloop
  endfacet
  facet normal 0 -1 0
    outer loop
      vertex 126.9 -50 0
      vertex 12.5 -50 27.96
      vertex 12.5 -50 9.96
    endloop
  endfacet
  facet normal 0 -1 0
    outer loop
      vertex 126.9 -50 0
      vertex 12.5 -50 9.96
      vertex 12.3769 -50 8.39565
    endloop
  endfacet
  facet normal 0 -1 0
    outer loop
      vertex 126.9 -50 0
      vertex 12.3769 -50 8.39565
      vertex 12.0106 -50 6.86983
    endloop
  endfacet
  facet normal 0 -1 0
    outer loop
      vertex 126.9 -50 0
      vertex 12.0106 -50 6.86983
      vertex 11.4101 -50 5.42009
    endloop
  endfacet
  facet normal 0 -1 0
    outer loop
      vertex 126.9 -50 0
      vertex 11.4101 -50 5.42009
      vertex 10.5902 -50 4.08215
    endloop
  endfacet
  facet normal 0 -1 0
    outer loop
      vertex 126.9 -50 0
      vertex 10.5902 -50 4.08215
      vertex 9.57107 -50 2.88893
    endloop
  endfacet
  facet normal 0 -1 0
    outer loop
      vertex 126.9 -50 0
      vertex 9.57107 -50 2.88893
      vertex 8.37785 -50 1.86983
    endloop
  endfacet
  facet normal 0 -1 0
    outer loop
      vertex 126.9 -50 0
      vertex 8.37785 -50 1.86983
      vertex 7.0399 -50 1.04993
    endloop
  endfacet
  facet normal 0 -1 0
    outer loop
      vertex 12.5 -50 27.96
      vertex 126.9 -50 0
      vertex 126.9 -50 62
    endloop
  endfacet
  facet normal 0 -1 0
    outer loop
      vertex 5.59017 -50 0.449434
      vertex 126.9 -50 0
      vertex 7.0399 -50 1.04993
    endloop
  endfacet
  facet normal 0 -1 0
    outer loop
      vertex 4.06434 -50 0.0831165
      vertex 126.9 -50 0
      vertex 5.59017 -50 0.449434
    endloop
  endfacet
  facet normal 0 -1 0
    outer loop
      vertex 126.9 -50 0
      vertex 4.06434 -50 0.0831165
      vertex 3.00825 -50 0
    endloop
  endfacet
  facet normal 0.233418 0.972377 -0
    outer loop
      vertex 129.403 49.6036 0
      vertex 128.167 49.9003 62
      vertex 129.403 49.6036 62
    endloop
  endfacet
  facet normal 0.233418 0.972377 0
    outer loop
      vertex 128.167 49.9003 62
      vertex 129.403 49.6036 0
      vertex 128.167 49.9003 0
    endloop
  endfacet
  facet normal 0.38276 0.923848 -0
    outer loop
      vertex 130.577 49.1172 0
      vertex 129.403 49.6036 62
      vertex 130.577 49.1172 62
    endloop
  endfacet
  facet normal 0.38276 0.923848 0
    outer loop
      vertex 129.403 49.6036 62
      vertex 130.577 49.1172 0
      vertex 129.403 49.6036 0
    endloop
  endfacet
  facet normal 0.522455 0.852667 -0
    outer loop
      vertex 131.661 48.453 0
      vertex 130.577 49.1172 62
      vertex 131.661 48.453 62
    endloop
  endfacet
  facet normal 0.522455 0.852667 0
    outer loop
      vertex 130.577 49.1172 62
      vertex 131.661 48.453 0
      vertex 130.577 49.1172 0
    endloop
  endfacet
  facet normal 0.649222 0.760599 -0
    outer loop
      vertex 132.628 47.6276 0
      vertex 131.661 48.453 62
      vertex 132.628 47.6276 62
    endloop
  endfacet
  facet normal 0.649222 0.760599 0
    outer loop
      vertex 131.661 48.453 62
      vertex 132.628 47.6276 0
      vertex 131.661 48.453 0
    endloop
  endfacet
  facet normal 0.522455 -0.852667 0
    outer loop
      vertex 130.577 -49.1172 0
      vertex 131.661 -48.453 62
      vertex 130.577 -49.1172 62
    endloop
  endfacet
  facet normal 0.522455 -0.852667 0
    outer loop
      vertex 131.661 -48.453 62
      vertex 130.577 -49.1172 0
      vertex 131.661 -48.453 0
    endloop
  endfacet
  facet normal 0.38276 -0.923848 0
    outer loop
      vertex 129.403 -49.6036 0
      vertex 130.577 -49.1172 62
      vertex 129.403 -49.6036 62
    endloop
  endfacet
  facet normal 0.38276 -0.923848 0
    outer loop
      vertex 130.577 -49.1172 62
      vertex 129.403 -49.6036 0
      vertex 130.577 -49.1172 0
    endloop
  endfacet
  facet normal 0.649222 -0.760599 0
    outer loop
      vertex 131.661 -48.453 0
      vertex 132.628 -47.6276 62
      vertex 131.661 -48.453 62
    endloop
  endfacet
  facet normal 0.649222 -0.760599 0
    outer loop
      vertex 132.628 -47.6276 62
      vertex 131.661 -48.453 0
      vertex 132.628 -47.6276 0
    endloop
  endfacet
  facet normal 0.9969 0.0786819 0
    outer loop
      vertex 135 41.9001 62
      vertex 134.9 43.1671 0
      vertex 134.9 43.1671 62
    endloop
  endfacet
  facet normal 0.9969 0.0786819 0
    outer loop
      vertex 134.9 43.1671 0
      vertex 135 41.9001 62
      vertex 135 41.9001 0
    endloop
  endfacet
  facet normal 0.923716 0.383079 0
    outer loop
      vertex 134.604 44.403 62
      vertex 134.117 45.5773 0
      vertex 134.117 45.5773 62
    endloop
  endfacet
  facet normal 0.923716 0.383079 0
    outer loop
      vertex 134.117 45.5773 0
      vertex 134.604 44.403 62
      vertex 134.604 44.403 0
    endloop
  endfacet
  facet normal 0.760588 0.649235 0
    outer loop
      vertex 133.453 46.6611 62
      vertex 132.628 47.6276 0
      vertex 132.628 47.6276 62
    endloop
  endfacet
  facet normal 0.760588 0.649235 0
    outer loop
      vertex 132.628 47.6276 0
      vertex 133.453 46.6611 62
      vertex 133.453 46.6611 0
    endloop
  endfacet
  facet normal 0 0 -1
    outer loop
      vertex 126.9 -50 0
      vertex 135 -41.9001 0
      vertex 134.9 -43.1671 0
    endloop
  endfacet
  facet normal 0 0 -1
    outer loop
      vertex 126.9 -50 0
      vertex 134.9 -43.1671 0
      vertex 134.604 -44.403 0
    endloop
  endfacet
  facet normal 0 0 -1
    outer loop
      vertex 126.9 -50 0
      vertex 134.604 -44.403 0
      vertex 134.117 -45.5773 0
    endloop
  endfacet
  facet normal 0 0 -1
    outer loop
      vertex 126.9 -50 0
      vertex 134.117 -45.5773 0
      vertex 133.453 -46.6611 0
    endloop
  endfacet
  facet normal 0 0 -1
    outer loop
      vertex 135 -41.9001 0
      vertex 133.11 -0.508248 0
      vertex 135 -0.508248 0
    endloop
  endfacet
  facet normal -0 0 -1
    outer loop
      vertex 135 -41.9001 0
      vertex 126.9 -50 0
      vertex 133.11 -0.508248 0
    endloop
  endfacet
  facet normal 0 0 -1
    outer loop
      vertex 126.9 -50 0
      vertex 133.453 -46.6611 0
      vertex 132.628 -47.6276 0
    endloop
  endfacet
  facet normal 0 0 -1
    outer loop
      vertex 133.11 0.508248 0
      vertex 135 41.9001 0
      vertex 135 0.508248 0
    endloop
  endfacet
  facet normal 0 0 -1
    outer loop
      vertex 126.9 50 0
      vertex 135 41.9001 0
      vertex 133.11 0.508248 0
    endloop
  endfacet
  facet normal 0 0 -1
    outer loop
      vertex 135 41.9001 0
      vertex 126.9 50 0
      vertex 134.9 43.1671 0
    endloop
  endfacet
  facet normal 0 0 -1
    outer loop
      vertex 134.9 43.1671 0
      vertex 126.9 50 0
      vertex 134.604 44.403 0
    endloop
  endfacet
  facet normal 0 0 -1
    outer loop
      vertex 134.604 44.403 0
      vertex 126.9 50 0
      vertex 134.117 45.5773 0
    endloop
  endfacet
  facet normal 0 0 -1
    outer loop
      vertex 7.87347 -1.74595 0
      vertex 133.11 -0.508248 0
      vertex 126.9 -50 0
    endloop
  endfacet
  facet normal 0 -0 -1
    outer loop
      vertex 8.08044 -0.883854 0
      vertex 133.11 -0.508248 0
      vertex 7.87347 -1.74595 0
    endloop
  endfacet
  facet normal 0 0 -1
    outer loop
      vertex 126.9 -50 0
      vertex 132.628 -47.6276 0
      vertex 131.661 -48.453 0
    endloop
  endfacet
  facet normal 0 0 -1
    outer loop
      vertex 134.117 45.5773 0
      vertex 126.9 50 0
      vertex 133.453 46.6611 0
    endloop
  endfacet
  facet normal 0 0 -1
    outer loop
      vertex 126.9 -50 0
      vertex 131.661 -48.453 0
      vertex 130.577 -49.1172 0
    endloop
  endfacet
  facet normal 0 0 -1
    outer loop
      vertex 133.453 46.6611 0
      vertex 126.9 50 0
      vertex 132.628 47.6276 0
    endloop
  endfacet
  facet normal 0 0 -1
    outer loop
      vertex 126.9 -50 0
      vertex 130.577 -49.1172 0
      vertex 129.403 -49.6036 0
    endloop
  endfacet
  facet normal 0 0 -1
    outer loop
      vertex 132.628 47.6276 0
      vertex 126.9 50 0
      vertex 131.661 48.453 0
    endloop
  endfacet
  facet normal 0 0 -1
    outer loop
      vertex 126.9 -50 0
      vertex 129.403 -49.6036 0
      vertex 128.167 -49.9003 0
    endloop
  endfacet
  facet normal 0 0 -1
    outer loop
      vertex 131.661 48.453 0
      vertex 126.9 50 0
      vertex 130.577 49.1172 0
    endloop
  endfacet
  facet normal 0 0 -1
    outer loop
      vertex 130.577 49.1172 0
      vertex 126.9 50 0
      vertex 129.403 49.6036 0
    endloop
  endfacet
  facet normal 0 0 -1
    outer loop
      vertex 129.403 49.6036 0
      vertex 126.9 50 0
      vertex 128.167 49.9003 0
    endloop
  endfacet
  facet normal 0 0 -1
    outer loop
      vertex 8.08044 0.883854 0
      vertex 133.11 0.508248 0
      vertex 8.15 0 0
    endloop
  endfacet
  facet normal 0 0 -1
    outer loop
      vertex 133.11 -0.508248 0
      vertex 8.15 0 0
      vertex 133.11 0.508248 0
    endloop
  endfacet
  facet normal 0 -0 -1
    outer loop
      vertex 8.15 0 0
      vertex 133.11 -0.508248 0
      vertex 8.08044 -0.883854 0
    endloop
  endfacet
  facet normal 0 0 -1
    outer loop
      vertex 6.9 -37.95 0
      vertex 7.87347 -1.74595 0
      vertex 126.9 -50 0
    endloop
  endfacet
  facet normal 0 0 -1
    outer loop
      vertex 7.87347 -1.74595 0
      vertex 6.9 -37.95 0
      vertex 7.53419 -2.56505 0
    endloop
  endfacet
  facet normal 0 0 -1
    outer loop
      vertex 6.9 -37.95 0
      vertex 126.9 -50 0
      vertex 6.9 -48.35 0
    endloop
  endfacet
  facet normal 0 0 -1
    outer loop
      vertex 3.00825 -50 0
      vertex 6.9 -48.35 0
      vertex 126.9 -50 0
    endloop
  endfacet
  facet normal -0 0 -1
    outer loop
      vertex 6.9 -48.35 0
      vertex 3.00825 -50 0
      vertex 3.00825 -48.35 0
    endloop
  endfacet
  facet normal 0 0 -1
    outer loop
      vertex 2.5 15.85 0
      vertex 6.9 37.95 0
      vertex 6.9 15.85 0
    endloop
  endfacet
  facet normal -0 0 -1
    outer loop
      vertex 6.9 37.95 0
      vertex 2.5 15.85 0
      vertex 2.5 37.95 0
    endloop
  endfacet
  facet normal 0 0 -1
    outer loop
      vertex 6.49515 3.99515 0
      vertex 6.9 5.45 0
      vertex 7.07095 3.32099 0
    endloop
  endfacet
  facet normal 0 0 -1
    outer loop
      vertex 5.82099 4.57095 0
      vertex 6.9 5.45 0
      vertex 6.49515 3.99515 0
    endloop
  endfacet
  facet normal 0 0 -1
    outer loop
      vertex 5.06505 5.03419 0
      vertex 6.9 5.45 0
      vertex 5.82099 4.57095 0
    endloop
  endfacet
  facet normal 0 0 -1
    outer loop
      vertex 4.24595 5.37347 0
      vertex 6.9 5.45 0
      vertex 5.06505 5.03419 0
    endloop
  endfacet
  facet normal -0 0 -1
    outer loop
      vertex 6.9 5.45 0
      vertex 4.24595 5.37347 0
      vertex 3.92717 5.45 0
    endloop
  endfacet
  facet normal 0 0 -1
    outer loop
      vertex 6.9 15.85 0
      vertex 133.11 0.508248 0
      vertex 8.08044 0.883854 0
    endloop
  endfacet
  facet normal 0 0 -1
    outer loop
      vertex 6.9 15.85 0
      vertex 8.08044 0.883854 0
      vertex 7.87347 1.74595 0
    endloop
  endfacet
  facet normal 0 0 -1
    outer loop
      vertex 6.9 5.45 0
      vertex 7.87347 1.74595 0
      vertex 7.53419 2.56505 0
    endloop
  endfacet
  facet normal 0 0 -1
    outer loop
      vertex 6.9 5.45 0
      vertex 7.53419 2.56505 0
      vertex 7.07095 3.32099 0
    endloop
  endfacet
  facet normal 0 0 -1
    outer loop
      vertex 7.87347 1.74595 0
      vertex 6.9 5.45 0
      vertex 6.9 15.85 0
    endloop
  endfacet
  facet normal 0 0 -1
    outer loop
      vertex 133.11 0.508248 0
      vertex 6.9 15.85 0
      vertex 126.9 50 0
    endloop
  endfacet
  facet normal 0 0 -1
    outer loop
      vertex 6.9 37.95 0
      vertex 126.9 50 0
      vertex 6.9 15.85 0
    endloop
  endfacet
  facet normal 0 0 -1
    outer loop
      vertex 6.9 48.35 0
      vertex 126.9 50 0
      vertex 6.9 37.95 0
    endloop
  endfacet
  facet normal 0 0 -1
    outer loop
      vertex 3.00825 50 0
      vertex 6.9 48.35 0
      vertex 3.00825 48.35 0
    endloop
  endfacet
  facet normal 0 0 -1
    outer loop
      vertex 6.9 48.35 0
      vertex 3.00825 50 0
      vertex 126.9 50 0
    endloop
  endfacet
  facet normal 0 0 -1
    outer loop
      vertex 7.53419 -2.56505 0
      vertex 6.9 -37.95 0
      vertex 7.07095 -3.32099 0
    endloop
  endfacet
  facet normal 0 0 -1
    outer loop
      vertex 6.9 -37.95 0
      vertex 6.49515 -3.99515 0
      vertex 7.07095 -3.32099 0
    endloop
  endfacet
  facet normal 0 0 -1
    outer loop
      vertex 6.9 -37.95 0
      vertex 5.82099 -4.57095 0
      vertex 6.49515 -3.99515 0
    endloop
  endfacet
  facet normal 0 0 -1
    outer loop
      vertex 6.9 -37.95 0
      vertex 5.06505 -5.03419 0
      vertex 5.82099 -4.57095 0
    endloop
  endfacet
  facet normal 0 0 -1
    outer loop
      vertex 6.9 -37.95 0
      vertex 4.24595 -5.37347 0
      vertex 5.06505 -5.03419 0
    endloop
  endfacet
  facet normal 0 0 -1
    outer loop
      vertex 6.9 -37.95 0
      vertex 3.38385 -5.58044 0
      vertex 4.24595 -5.37347 0
    endloop
  endfacet
  facet normal 0 0 -1
    outer loop
      vertex 2.5 -37.95 0
      vertex 3.38385 -5.58044 0
      vertex 6.9 -37.95 0
    endloop
  endfacet
  facet normal 0 0 -1
    outer loop
      vertex 3.38385 -5.58044 0
      vertex 2.5 -37.95 0
      vertex 2.5 -5.65 0
    endloop
  endfacet
  facet normal 0.233418 -0.972377 0
    outer loop
      vertex 128.167 -49.9003 0
      vertex 129.403 -49.6036 62
      vertex 128.167 -49.9003 62
    endloop
  endfacet
  facet normal 0.233418 -0.972377 0
    outer loop
      vertex 129.403 -49.6036 62
      vertex 128.167 -49.9003 0
      vertex 129.403 -49.6036 0
    endloop
  endfacet
  facet normal 0.972497 -0.232915 0
    outer loop
      vertex 134.604 -44.403 62
      vertex 134.9 -43.1671 0
      vertex 134.9 -43.1671 62
    endloop
  endfacet
  facet normal 0.972497 -0.232915 0
    outer loop
      vertex 134.9 -43.1671 0
      vertex 134.604 -44.403 62
      vertex 134.604 -44.403 0
    endloop
  endfacet
  facet normal 0.923716 -0.383079 0
    outer loop
      vertex 134.117 -45.5773 62
      vertex 134.604 -44.403 0
      vertex 134.604 -44.403 62
    endloop
  endfacet
  facet normal 0.923716 -0.383079 0
    outer loop
      vertex 134.604 -44.403 0
      vertex 134.117 -45.5773 62
      vertex 134.117 -45.5773 0
    endloop
  endfacet
  facet normal 0.972497 0.232915 0
    outer loop
      vertex 134.9 43.1671 62
      vertex 134.604 44.403 0
      vertex 134.604 44.403 62
    endloop
  endfacet
  facet normal 0.972497 0.232915 0
    outer loop
      vertex 134.604 44.403 0
      vertex 134.9 43.1671 62
      vertex 134.9 43.1671 0
    endloop
  endfacet
  facet normal 0.852694 0.522411 0
    outer loop
      vertex 134.117 45.5773 62
      vertex 133.453 46.6611 0
      vertex 133.453 46.6611 62
    endloop
  endfacet
  facet normal 0.852694 0.522411 0
    outer loop
      vertex 133.453 46.6611 0
      vertex 134.117 45.5773 62
      vertex 134.117 45.5773 0
    endloop
  endfacet
  facet normal 0.760588 -0.649235 0
    outer loop
      vertex 132.628 -47.6276 62
      vertex 133.453 -46.6611 0
      vertex 133.453 -46.6611 62
    endloop
  endfacet
  facet normal 0.760588 -0.649235 0
    outer loop
      vertex 133.453 -46.6611 0
      vertex 132.628 -47.6276 62
      vertex 132.628 -47.6276 0
    endloop
  endfacet
  facet normal 0.852694 -0.522411 0
    outer loop
      vertex 133.453 -46.6611 62
      vertex 134.117 -45.5773 0
      vertex 134.117 -45.5773 62
    endloop
  endfacet
  facet normal 0.852694 -0.522411 0
    outer loop
      vertex 134.117 -45.5773 0
      vertex 133.453 -46.6611 62
      vertex 133.453 -46.6611 0
    endloop
  endfacet
  facet normal 0.9969 -0.0786819 0
    outer loop
      vertex 134.9 -43.1671 62
      vertex 135 -41.9001 0
      vertex 135 -41.9001 62
    endloop
  endfacet
  facet normal 0.9969 -0.0786819 0
    outer loop
      vertex 135 -41.9001 0
      vertex 134.9 -43.1671 62
      vertex 134.9 -43.1671 0
    endloop
  endfacet
  facet normal -0.923716 -0.383079 0
    outer loop
      vertex 132.754 42.553 1.85
      vertex 132.267 43.7273 62
      vertex 132.267 43.7273 1.85
    endloop
  endfacet
  facet normal -0.923716 -0.383079 0
    outer loop
      vertex 132.267 43.7273 62
      vertex 132.754 42.553 1.85
      vertex 132.754 42.553 62
    endloop
  endfacet
  facet normal -1 -0 0
    outer loop
      vertex 133.15 -10 9.96
      vertex 133.15 -40.0501 1.85
      vertex 133.15 -10 27.96
    endloop
  endfacet
  facet normal -1 -0 0
    outer loop
      vertex 133.15 -9.87688 8.39565
      vertex 133.15 -40.0501 1.85
      vertex 133.15 -10 9.96
    endloop
  endfacet
  facet normal -1 -0 0
    outer loop
      vertex 133.15 -9.51056 6.86983
      vertex 133.15 -40.0501 1.85
      vertex 133.15 -9.87688 8.39565
    endloop
  endfacet
  facet normal -1 -0 0
    outer loop
      vertex 133.15 -8.91006 5.42009
      vertex 133.15 -40.0501 1.85
      vertex 133.15 -9.51056 6.86983
    endloop
  endfacet
  facet normal -1 -0 0
    outer loop
      vertex 133.15 -8.09017 4.08215
      vertex 133.15 -40.0501 1.85
      vertex 133.15 -8.91006 5.42009
    endloop
  endfacet
  facet normal -1 -0 0
    outer loop
      vertex 133.15 -7.07107 2.88893
      vertex 133.15 -40.0501 1.85
      vertex 133.15 -8.09017 4.08215
    endloop
  endfacet
  facet normal -1 -0 0
    outer loop
      vertex 133.15 -5.87785 1.86983
      vertex 133.15 -40.0501 1.85
      vertex 133.15 -7.07107 2.88893
    endloop
  endfacet
  facet normal -1 0 0
    outer loop
      vertex 133.15 -40.0501 1.85
      vertex 133.15 -5.87785 1.86983
      vertex 133.15 -5.84549 1.85
    endloop
  endfacet
  facet normal -1 0 0
    outer loop
      vertex 133.15 10 27.96
      vertex 133.15 40.0501 1.85
      vertex 133.15 10 9.96
    endloop
  endfacet
  facet normal -1 0 0
    outer loop
      vertex 133.15 40.0501 1.85
      vertex 133.15 9.87688 8.39565
      vertex 133.15 10 9.96
    endloop
  endfacet
  facet normal -1 0 0
    outer loop
      vertex 133.15 40.0501 1.85
      vertex 133.15 9.51056 6.86983
      vertex 133.15 9.87688 8.39565
    endloop
  endfacet
  facet normal -1 0 0
    outer loop
      vertex 133.15 40.0501 1.85
      vertex 133.15 8.91006 5.42009
      vertex 133.15 9.51056 6.86983
    endloop
  endfacet
  facet normal -1 0 0
    outer loop
      vertex 133.15 40.0501 1.85
      vertex 133.15 8.09017 4.08215
      vertex 133.15 8.91006 5.42009
    endloop
  endfacet
  facet normal -1 0 0
    outer loop
      vertex 133.15 40.0501 1.85
      vertex 133.15 7.07107 2.88893
      vertex 133.15 8.09017 4.08215
    endloop
  endfacet
  facet normal -1 0 0
    outer loop
      vertex 133.15 40.0501 1.85
      vertex 133.15 5.87785 1.86983
      vertex 133.15 7.07107 2.88893
    endloop
  endfacet
  facet normal -1 0 -0
    outer loop
      vertex 133.15 5.87785 1.86983
      vertex 133.15 40.0501 1.85
      vertex 133.15 5.84549 1.85
    endloop
  endfacet
  facet normal -1 0 0
    outer loop
      vertex 133.15 9.87688 29.5243
      vertex 133.15 40.0501 1.85
      vertex 133.15 10 27.96
    endloop
  endfacet
  facet normal -1 0 0
    outer loop
      vertex 133.15 40.0501 1.85
      vertex 133.15 9.87688 29.5243
      vertex 133.15 40.0501 62
    endloop
  endfacet
  facet normal -1 0 0
    outer loop
      vertex 133.15 9.51056 31.0502
      vertex 133.15 40.0501 62
      vertex 133.15 9.87688 29.5243
    endloop
  endfacet
  facet normal -1 0 0
    outer loop
      vertex 133.15 8.91006 32.4999
      vertex 133.15 40.0501 62
      vertex 133.15 9.51056 31.0502
    endloop
  endfacet
  facet normal -1 0 0
    outer loop
      vertex 133.15 8.09017 33.8379
      vertex 133.15 40.0501 62
      vertex 133.15 8.91006 32.4999
    endloop
  endfacet
  facet normal -1 0 0
    outer loop
      vertex 133.15 7.07107 35.0311
      vertex 133.15 40.0501 62
      vertex 133.15 8.09017 33.8379
    endloop
  endfacet
  facet normal -1 0 0
    outer loop
      vertex 133.15 5.87785 36.0502
      vertex 133.15 40.0501 62
      vertex 133.15 7.07107 35.0311
    endloop
  endfacet
  facet normal -1 0 0
    outer loop
      vertex 133.15 4.5399 36.8701
      vertex 133.15 40.0501 62
      vertex 133.15 5.87785 36.0502
    endloop
  endfacet
  facet normal -1 0 0
    outer loop
      vertex 133.15 3.09017 37.4706
      vertex 133.15 40.0501 62
      vertex 133.15 4.5399 36.8701
    endloop
  endfacet
  facet normal -1 0 0
    outer loop
      vertex 133.15 1.56434 37.8369
      vertex 133.15 40.0501 62
      vertex 133.15 3.09017 37.4706
    endloop
  endfacet
  facet normal -1 0 0
    outer loop
      vertex 133.15 0 37.96
      vertex 133.15 40.0501 62
      vertex 133.15 1.56434 37.8369
    endloop
  endfacet
  facet normal -1 0 0
    outer loop
      vertex 133.15 -40.0501 62
      vertex 133.15 0 37.96
      vertex 133.15 -1.56434 37.8369
    endloop
  endfacet
  facet normal -1 0 0
    outer loop
      vertex 133.15 -40.0501 62
      vertex 133.15 -1.56434 37.8369
      vertex 133.15 -3.09017 37.4706
    endloop
  endfacet
  facet normal -1 0 0
    outer loop
      vertex 133.15 -40.0501 62
      vertex 133.15 -3.09017 37.4706
      vertex 133.15 -4.5399 36.8701
    endloop
  endfacet
  facet normal -1 0 0
    outer loop
      vertex 133.15 -40.0501 1.85
      vertex 133.15 -9.87688 29.5243
      vertex 133.15 -10 27.96
    endloop
  endfacet
  facet normal -1 0 0
    outer loop
      vertex 133.15 -40.0501 62
      vertex 133.15 -9.87688 29.5243
      vertex 133.15 -40.0501 1.85
    endloop
  endfacet
  facet normal -1 0 0
    outer loop
      vertex 133.15 -9.87688 29.5243
      vertex 133.15 -40.0501 62
      vertex 133.15 -9.51056 31.0502
    endloop
  endfacet
  facet normal -1 0 0
    outer loop
      vertex 133.15 -9.51056 31.0502
      vertex 133.15 -40.0501 62
      vertex 133.15 -8.91006 32.4999
    endloop
  endfacet
  facet normal -1 0 0
    outer loop
      vertex 133.15 -8.91006 32.4999
      vertex 133.15 -40.0501 62
      vertex 133.15 -8.09017 33.8379
    endloop
  endfacet
  facet normal -1 0 0
    outer loop
      vertex 133.15 0 37.96
      vertex 133.15 -40.0501 62
      vertex 133.15 40.0501 62
    endloop
  endfacet
  facet normal -1 0 0
    outer loop
      vertex 133.15 -5.87785 36.0502
      vertex 133.15 -40.0501 62
      vertex 133.15 -4.5399 36.8701
    endloop
  endfacet
  facet normal -1 0 0
    outer loop
      vertex 133.15 -7.07107 35.0311
      vertex 133.15 -40.0501 62
      vertex 133.15 -5.87785 36.0502
    endloop
  endfacet
  facet normal -1 0 0
    outer loop
      vertex 133.15 -8.09017 33.8379
      vertex 133.15 -40.0501 62
      vertex 133.15 -7.07107 35.0311
    endloop
  endfacet
  facet normal -0.0784473 -0.996918 0
    outer loop
      vertex 125.05 48.15 1.85
      vertex 126.317 48.0503 62
      vertex 125.05 48.15 62
    endloop
  endfacet
  facet normal -0.0784473 -0.996918 -0
    outer loop
      vertex 126.317 48.0503 62
      vertex 125.05 48.15 1.85
      vertex 126.317 48.0503 1.85
    endloop
  endfacet
  facet normal 0 -1 0
    outer loop
      vertex 64.15 48.15 1.85
      vertex 123.55 48.15 36.85
      vertex 64.15 48.15 36.85
    endloop
  endfacet
  facet normal 0 -1 -0
    outer loop
      vertex 123.55 48.15 36.85
      vertex 64.15 48.15 1.85
      vertex 123.55 48.15 1.85
    endloop
  endfacet
  facet normal 0 -1 0
    outer loop
      vertex 9.57107 48.15 35.0311
      vertex 2.5 48.15 62
      vertex 8.37785 48.15 36.0502
    endloop
  endfacet
  facet normal 0 -1 0
    outer loop
      vertex 2.5 48.15 62
      vertex 9.57107 48.15 35.0311
      vertex 62.65 48.15 36.85
    endloop
  endfacet
  facet normal 0 -1 0
    outer loop
      vertex 10.5902 48.15 33.8379
      vertex 62.65 48.15 36.85
      vertex 9.57107 48.15 35.0311
    endloop
  endfacet
  facet normal 0 -1 0
    outer loop
      vertex 11.4101 48.15 32.4999
      vertex 62.65 48.15 36.85
      vertex 10.5902 48.15 33.8379
    endloop
  endfacet
  facet normal 0 -1 0
    outer loop
      vertex 12.0106 48.15 31.0502
      vertex 62.65 48.15 36.85
      vertex 11.4101 48.15 32.4999
    endloop
  endfacet
  facet normal 0 -1 0
    outer loop
      vertex 12.3769 48.15 29.5243
      vertex 62.65 48.15 36.85
      vertex 12.0106 48.15 31.0502
    endloop
  endfacet
  facet normal 0 -1 0
    outer loop
      vertex 12.5 48.15 27.96
      vertex 62.65 48.15 36.85
      vertex 12.3769 48.15 29.5243
    endloop
  endfacet
  facet normal 0 -1 0
    outer loop
      vertex 62.65 48.15 1.85
      vertex 12.5 48.15 27.96
      vertex 12.5 48.15 9.96
    endloop
  endfacet
  facet normal 0 -1 0
    outer loop
      vertex 62.65 48.15 1.85
      vertex 12.5 48.15 9.96
      vertex 12.3769 48.15 8.39565
    endloop
  endfacet
  facet normal 0 -1 0
    outer loop
      vertex 62.65 48.15 1.85
      vertex 12.3769 48.15 8.39565
      vertex 12.0106 48.15 6.86983
    endloop
  endfacet
  facet normal 0 -1 0
    outer loop
      vertex 62.65 48.15 1.85
      vertex 12.0106 48.15 6.86983
      vertex 11.4101 48.15 5.42009
    endloop
  endfacet
  facet normal 0 -1 0
    outer loop
      vertex 62.65 48.15 1.85
      vertex 11.4101 48.15 5.42009
      vertex 10.5902 48.15 4.08215
    endloop
  endfacet
  facet normal 0 -1 0
    outer loop
      vertex 62.65 48.15 1.85
      vertex 10.5902 48.15 4.08215
      vertex 9.57107 48.15 2.88893
    endloop
  endfacet
  facet normal 0 -1 0
    outer loop
      vertex 62.65 48.15 1.85
      vertex 9.57107 48.15 2.88893
      vertex 8.37785 48.15 1.86983
    endloop
  endfacet
  facet normal 0 -1 0
    outer loop
      vertex 12.5 48.15 27.96
      vertex 62.65 48.15 1.85
      vertex 62.65 48.15 36.85
    endloop
  endfacet
  facet normal 0 -1 0
    outer loop
      vertex 62.65 48.15 1.85
      vertex 8.37785 48.15 1.86983
      vertex 8.3455 48.15 1.85
    endloop
  endfacet
  facet normal 0 -1 0
    outer loop
      vertex 4.06434 48.15 37.8369
      vertex 2.5 48.15 62
      vertex 2.5 48.15 37.96
    endloop
  endfacet
  facet normal 0 -1 0
    outer loop
      vertex 5.59017 48.15 37.4706
      vertex 2.5 48.15 62
      vertex 4.06434 48.15 37.8369
    endloop
  endfacet
  facet normal 0 -1 0
    outer loop
      vertex 7.0399 48.15 36.8701
      vertex 2.5 48.15 62
      vertex 5.59017 48.15 37.4706
    endloop
  endfacet
  facet normal 0 -1 0
    outer loop
      vertex 8.37785 48.15 36.0502
      vertex 2.5 48.15 62
      vertex 7.0399 48.15 36.8701
    endloop
  endfacet
  facet normal 0 -1 0
    outer loop
      vertex 2.5 48.15 62
      vertex 62.65 48.15 36.85
      vertex 125.05 48.15 62
    endloop
  endfacet
  facet normal 0 -1 0
    outer loop
      vertex 64.15 48.15 36.85
      vertex 125.05 48.15 62
      vertex 62.65 48.15 36.85
    endloop
  endfacet
  facet normal 0 -1 0
    outer loop
      vertex 123.55 48.15 36.85
      vertex 125.05 48.15 62
      vertex 64.15 48.15 36.85
    endloop
  endfacet
  facet normal 0 -1 0
    outer loop
      vertex 125.05 48.15 36.85
      vertex 125.05 48.15 62
      vertex 123.55 48.15 36.85
    endloop
  endfacet
  facet normal 0 -0 0
    outer loop
      vertex 125.05 48.15 36.85
      vertex 125.05 48.15 1.85
      vertex 125.05 48.15 62
    endloop
  endfacet
  facet normal 0 1 -0
    outer loop
      vertex 123.55 -48.15 1.85
      vertex 64.15 -48.15 36.85
      vertex 123.55 -48.15 36.85
    endloop
  endfacet
  facet normal 0 1 0
    outer loop
      vertex 64.15 -48.15 36.85
      vertex 123.55 -48.15 1.85
      vertex 64.15 -48.15 1.85
    endloop
  endfacet
  facet normal 0 1 -0
    outer loop
      vertex 62.65 -48.15 36.85
      vertex 2.5 -48.15 62
      vertex 125.05 -48.15 62
    endloop
  endfacet
  facet normal 0 1 0
    outer loop
      vertex 2.5 -48.15 62
      vertex 4.06434 -48.15 37.8369
      vertex 2.5 -48.15 37.96
    endloop
  endfacet
  facet normal 0 1 -0
    outer loop
      vertex 9.57107 -48.15 35.0311
      vertex 2.5 -48.15 62
      vertex 62.65 -48.15 36.85
    endloop
  endfacet
  facet normal 0 1 0
    outer loop
      vertex 2.5 -48.15 62
      vertex 5.59017 -48.15 37.4706
      vertex 4.06434 -48.15 37.8369
    endloop
  endfacet
  facet normal 0 1 0
    outer loop
      vertex 123.55 -48.15 36.85
      vertex 125.05 -48.15 62
      vertex 125.05 -48.15 36.85
    endloop
  endfacet
  facet normal 0 0 0
    outer loop
      vertex 125.05 -48.15 1.85
      vertex 125.05 -48.15 36.85
      vertex 125.05 -48.15 62
    endloop
  endfacet
  facet normal 0 1 0
    outer loop
      vertex 64.15 -48.15 36.85
      vertex 125.05 -48.15 62
      vertex 123.55 -48.15 36.85
    endloop
  endfacet
  facet normal 0 1 0
    outer loop
      vertex 62.65 -48.15 36.85
      vertex 125.05 -48.15 62
      vertex 64.15 -48.15 36.85
    endloop
  endfacet
  facet normal 0 1 0
    outer loop
      vertex 2.5 -48.15 62
      vertex 7.0399 -48.15 36.8701
      vertex 5.59017 -48.15 37.4706
    endloop
  endfacet
  facet normal 0 1 0
    outer loop
      vertex 2.5 -48.15 62
      vertex 8.37785 -48.15 36.0502
      vertex 7.0399 -48.15 36.8701
    endloop
  endfacet
  facet normal 0 1 0
    outer loop
      vertex 2.5 -48.15 62
      vertex 9.57107 -48.15 35.0311
      vertex 8.37785 -48.15 36.0502
    endloop
  endfacet
  facet normal 0 1 0
    outer loop
      vertex 62.65 -48.15 36.85
      vertex 10.5902 -48.15 33.8379
      vertex 9.57107 -48.15 35.0311
    endloop
  endfacet
  facet normal 0 1 0
    outer loop
      vertex 62.65 -48.15 36.85
      vertex 11.4101 -48.15 32.4999
      vertex 10.5902 -48.15 33.8379
    endloop
  endfacet
  facet normal 0 1 0
    outer loop
      vertex 62.65 -48.15 36.85
      vertex 12.0106 -48.15 31.0502
      vertex 11.4101 -48.15 32.4999
    endloop
  endfacet
  facet normal 0 1 0
    outer loop
      vertex 62.65 -48.15 36.85
      vertex 12.3769 -48.15 29.5243
      vertex 12.0106 -48.15 31.0502
    endloop
  endfacet
  facet normal 0 1 0
    outer loop
      vertex 62.65 -48.15 36.85
      vertex 12.5 -48.15 27.96
      vertex 12.3769 -48.15 29.5243
    endloop
  endfacet
  facet normal 0 1 -0
    outer loop
      vertex 62.65 -48.15 1.85
      vertex 12.5 -48.15 27.96
      vertex 62.65 -48.15 36.85
    endloop
  endfacet
  facet normal 0 1 0
    outer loop
      vertex 12.5 -48.15 27.96
      vertex 62.65 -48.15 1.85
      vertex 12.5 -48.15 9.96
    endloop
  endfacet
  facet normal 0 1 0
    outer loop
      vertex 12.5 -48.15 9.96
      vertex 62.65 -48.15 1.85
      vertex 12.3769 -48.15 8.39565
    endloop
  endfacet
  facet normal 0 1 0
    outer loop
      vertex 12.3769 -48.15 8.39565
      vertex 62.65 -48.15 1.85
      vertex 12.0106 -48.15 6.86983
    endloop
  endfacet
  facet normal 0 1 0
    outer loop
      vertex 12.0106 -48.15 6.86983
      vertex 62.65 -48.15 1.85
      vertex 11.4101 -48.15 5.42009
    endloop
  endfacet
  facet normal 0 1 0
    outer loop
      vertex 11.4101 -48.15 5.42009
      vertex 62.65 -48.15 1.85
      vertex 10.5902 -48.15 4.08215
    endloop
  endfacet
  facet normal 0 1 0
    outer loop
      vertex 10.5902 -48.15 4.08215
      vertex 62.65 -48.15 1.85
      vertex 9.57107 -48.15 2.88893
    endloop
  endfacet
  facet normal 0 1 0
    outer loop
      vertex 9.57107 -48.15 2.88893
      vertex 62.65 -48.15 1.85
      vertex 8.37785 -48.15 1.86983
    endloop
  endfacet
  facet normal 0 1 0
    outer loop
      vertex 8.37785 -48.15 1.86983
      vertex 62.65 -48.15 1.85
      vertex 8.3455 -48.15 1.85
    endloop
  endfacet
  facet normal -0.233418 -0.972377 0
    outer loop
      vertex 126.317 48.0503 1.85
      vertex 127.553 47.7536 62
      vertex 126.317 48.0503 62
    endloop
  endfacet
  facet normal -0.233418 -0.972377 -0
    outer loop
      vertex 127.553 47.7536 62
      vertex 126.317 48.0503 1.85
      vertex 127.553 47.7536 1.85
    endloop
  endfacet
  facet normal -0.38276 -0.923848 0
    outer loop
      vertex 127.553 47.7536 1.85
      vertex 128.727 47.2672 62
      vertex 127.553 47.7536 62
    endloop
  endfacet
  facet normal -0.38276 -0.923848 -0
    outer loop
      vertex 128.727 47.2672 62
      vertex 127.553 47.7536 1.85
      vertex 128.727 47.2672 1.85
    endloop
  endfacet
  facet normal -0.522455 -0.852667 0
    outer loop
      vertex 128.727 47.2672 1.85
      vertex 129.811 46.603 62
      vertex 128.727 47.2672 62
    endloop
  endfacet
  facet normal -0.522455 -0.852667 -0
    outer loop
      vertex 129.811 46.603 62
      vertex 128.727 47.2672 1.85
      vertex 129.811 46.603 1.85
    endloop
  endfacet
  facet normal -0.649222 -0.760599 0
    outer loop
      vertex 129.811 46.603 1.85
      vertex 130.778 45.7776 62
      vertex 129.811 46.603 62
    endloop
  endfacet
  facet normal -0.649222 -0.760599 -0
    outer loop
      vertex 130.778 45.7776 62
      vertex 129.811 46.603 1.85
      vertex 130.778 45.7776 1.85
    endloop
  endfacet
  facet normal -0.9969 0.0786819 0
    outer loop
      vertex 133.05 -41.3171 1.85
      vertex 133.15 -40.0501 62
      vertex 133.15 -40.0501 1.85
    endloop
  endfacet
  facet normal -0.9969 0.0786819 0
    outer loop
      vertex 133.15 -40.0501 62
      vertex 133.05 -41.3171 1.85
      vertex 133.05 -41.3171 62
    endloop
  endfacet
  facet normal -0.522455 0.852667 0
    outer loop
      vertex 129.811 -46.603 1.85
      vertex 128.727 -47.2672 62
      vertex 129.811 -46.603 62
    endloop
  endfacet
  facet normal -0.522455 0.852667 0
    outer loop
      vertex 128.727 -47.2672 62
      vertex 129.811 -46.603 1.85
      vertex 128.727 -47.2672 1.85
    endloop
  endfacet
  facet normal -0 0 1
    outer loop
      vertex 125.05 33.15 1.85
      vertex 133.15 5.84549 1.85
      vertex 133.15 40.0501 1.85
    endloop
  endfacet
  facet normal 0 0 1
    outer loop
      vertex 133.15 5.84549 1.85
      vertex 125.05 33.15 1.85
      vertex 133.11 5.84549 1.85
    endloop
  endfacet
  facet normal 0 0 1
    outer loop
      vertex 125.05 33.15 1.85
      vertex 133.15 40.0501 1.85
      vertex 133.05 41.3171 1.85
    endloop
  endfacet
  facet normal 0 0 1
    outer loop
      vertex 125.05 -33.15 1.85
      vertex 133.15 -5.84549 1.85
      vertex 133.11 -5.84549 1.85
    endloop
  endfacet
  facet normal -0 0 1
    outer loop
      vertex 123.55 33.15 1.85
      vertex 133.11 5.84549 1.85
      vertex 125.05 33.15 1.85
    endloop
  endfacet
  facet normal -0 0 1
    outer loop
      vertex 64.15 33.15 1.85
      vertex 133.11 5.84549 1.85
      vertex 123.55 33.15 1.85
    endloop
  endfacet
  facet normal 0 0 1
    outer loop
      vertex 125.05 33.15 1.85
      vertex 133.05 41.3171 1.85
      vertex 132.754 42.553 1.85
    endloop
  endfacet
  facet normal 0 0 1
    outer loop
      vertex 133.15 -5.84549 1.85
      vertex 125.05 -33.15 1.85
      vertex 133.15 -40.0501 1.85
    endloop
  endfacet
  facet normal 0 0 1
    outer loop
      vertex 125.05 33.15 1.85
      vertex 132.754 42.553 1.85
      vertex 132.267 43.7273 1.85
    endloop
  endfacet
  facet normal 0 0 1
    outer loop
      vertex 133.15 -40.0501 1.85
      vertex 125.05 -33.15 1.85
      vertex 133.05 -41.3171 1.85
    endloop
  endfacet
  facet normal 0 0 1
    outer loop
      vertex 125.05 33.15 1.85
      vertex 132.267 43.7273 1.85
      vertex 131.603 44.8111 1.85
    endloop
  endfacet
  facet normal 0 0 1
    outer loop
      vertex 133.05 -41.3171 1.85
      vertex 125.05 -33.15 1.85
      vertex 132.754 -42.553 1.85
    endloop
  endfacet
  facet normal 0 0 1
    outer loop
      vertex 125.05 33.15 1.85
      vertex 131.603 44.8111 1.85
      vertex 130.778 45.7776 1.85
    endloop
  endfacet
  facet normal 0 0 1
    outer loop
      vertex 132.754 -42.553 1.85
      vertex 125.05 -33.15 1.85
      vertex 132.267 -43.7273 1.85
    endloop
  endfacet
  facet normal 0 0 1
    outer loop
      vertex 125.05 33.15 1.85
      vertex 130.778 45.7776 1.85
      vertex 129.811 46.603 1.85
    endloop
  endfacet
  facet normal 0 0 1
    outer loop
      vertex 132.267 -43.7273 1.85
      vertex 125.05 -33.15 1.85
      vertex 131.603 -44.8111 1.85
    endloop
  endfacet
  facet normal 0 0 1
    outer loop
      vertex 125.05 33.15 1.85
      vertex 129.811 46.603 1.85
      vertex 128.727 47.2672 1.85
    endloop
  endfacet
  facet normal 0 0 1
    outer loop
      vertex 131.603 -44.8111 1.85
      vertex 125.05 -33.15 1.85
      vertex 130.778 -45.7776 1.85
    endloop
  endfacet
  facet normal 0 0 1
    outer loop
      vertex 125.05 33.15 1.85
      vertex 128.727 47.2672 1.85
      vertex 127.553 47.7536 1.85
    endloop
  endfacet
  facet normal 0 0 1
    outer loop
      vertex 130.778 -45.7776 1.85
      vertex 125.05 -33.15 1.85
      vertex 129.811 -46.603 1.85
    endloop
  endfacet
  facet normal 0 0 1
    outer loop
      vertex 125.05 33.15 1.85
      vertex 127.553 47.7536 1.85
      vertex 126.317 48.0503 1.85
    endloop
  endfacet
  facet normal 0 0 1
    outer loop
      vertex 129.811 -46.603 1.85
      vertex 125.05 -33.15 1.85
      vertex 128.727 -47.2672 1.85
    endloop
  endfacet
  facet normal 0 0 1
    outer loop
      vertex 125.05 33.15 1.85
      vertex 126.317 48.0503 1.85
      vertex 125.05 48.15 1.85
    endloop
  endfacet
  facet normal 0 0 1
    outer loop
      vertex 128.727 -47.2672 1.85
      vertex 125.05 -33.15 1.85
      vertex 127.553 -47.7536 1.85
    endloop
  endfacet
  facet normal 0 0 1
    outer loop
      vertex 127.553 -47.7536 1.85
      vertex 125.05 -33.15 1.85
      vertex 126.317 -48.0503 1.85
    endloop
  endfacet
  facet normal 0 0 1
    outer loop
      vertex 126.317 -48.0503 1.85
      vertex 125.05 -33.15 1.85
      vertex 125.05 -48.15 1.85
    endloop
  endfacet
  facet normal -0 0 1
    outer loop
      vertex 5.90493 -6.68255 1.85
      vertex 6.9 -37.95 1.85
      vertex 6.90839 -6.06763 1.85
    endloop
  endfacet
  facet normal -0 0 1
    outer loop
      vertex 4.81763 -7.13292 1.85
      vertex 6.9 -37.95 1.85
      vertex 5.90493 -6.68255 1.85
    endloop
  endfacet
  facet normal -0 0 1
    outer loop
      vertex 3.67326 -7.40766 1.85
      vertex 6.9 -37.95 1.85
      vertex 4.81763 -7.13292 1.85
    endloop
  endfacet
  facet normal 0 0 1
    outer loop
      vertex 2.5 -37.95 1.85
      vertex 3.67326 -7.40766 1.85
      vertex 2.5 -7.5 1.85
    endloop
  endfacet
  facet normal 0 0 1
    outer loop
      vertex 3.67326 -7.40766 1.85
      vertex 2.5 -37.95 1.85
      vertex 6.9 -37.95 1.85
    endloop
  endfacet
  facet normal -0 0 1
    outer loop
      vertex 2.5 37.95 1.85
      vertex 6.9 15.85 1.85
      vertex 6.9 37.95 1.85
    endloop
  endfacet
  facet normal 0 0 1
    outer loop
      vertex 6.9 15.85 1.85
      vertex 2.5 37.95 1.85
      vertex 2.5 15.85 1.85
    endloop
  endfacet
  facet normal 0 0 1
    outer loop
      vertex 8.56763 -4.40839 1.85
      vertex 6.9 -37.95 1.85
      vertex 62.65 -33.15 1.85
    endloop
  endfacet
  facet normal 0 0 1
    outer loop
      vertex 6.9 -37.95 1.85
      vertex 7.8033 -5.3033 1.85
      vertex 6.90839 -6.06763 1.85
    endloop
  endfacet
  facet normal 0 0 1
    outer loop
      vertex 62.65 -33.15 1.85
      vertex 6.9 -37.95 1.85
      vertex 8.3455 -48.11 1.85
    endloop
  endfacet
  facet normal 0 0 1
    outer loop
      vertex 8.3455 -48.11 1.85
      vertex 6.9 -37.95 1.85
      vertex 6.9 -48.11 1.85
    endloop
  endfacet
  facet normal -0 0 1
    outer loop
      vertex 8.3455 48.11 1.85
      vertex 62.65 33.15 1.85
      vertex 62.65 48.15 1.85
    endloop
  endfacet
  facet normal 0 -0 1
    outer loop
      vertex 10 0 1.85
      vertex 62.65 33.15 1.85
      vertex 9.90766 1.17326 1.85
    endloop
  endfacet
  facet normal -0 0 1
    outer loop
      vertex 9.90766 -1.17326 1.85
      vertex 62.65 -33.15 1.85
      vertex 10 0 1.85
    endloop
  endfacet
  facet normal 0 0 1
    outer loop
      vertex 62.65 33.15 1.85
      vertex 10 0 1.85
      vertex 62.65 -33.15 1.85
    endloop
  endfacet
  facet normal 0 0 1
    outer loop
      vertex 62.65 33.15 1.85
      vertex 9.63292 2.31763 1.85
      vertex 9.90766 1.17326 1.85
    endloop
  endfacet
  facet normal 0 -0 1
    outer loop
      vertex 9.18255 3.40493 1.85
      vertex 62.65 33.15 1.85
      vertex 6.9 15.85 1.85
    endloop
  endfacet
  facet normal 0 0 1
    outer loop
      vertex 62.65 33.15 1.85
      vertex 9.18255 3.40493 1.85
      vertex 9.63292 2.31763 1.85
    endloop
  endfacet
  facet normal 0 0 1
    outer loop
      vertex 8.3455 48.11 1.85
      vertex 62.65 48.15 1.85
      vertex 8.3455 48.15 1.85
    endloop
  endfacet
  facet normal 0 0 1
    outer loop
      vertex 62.65 33.15 1.85
      vertex 8.3455 48.11 1.85
      vertex 6.9 37.95 1.85
    endloop
  endfacet
  facet normal 0 0 1
    outer loop
      vertex 9.18255 3.40493 1.85
      vertex 6.9 15.85 1.85
      vertex 8.56763 4.40839 1.85
    endloop
  endfacet
  facet normal 0 0 1
    outer loop
      vertex 8.56763 4.40839 1.85
      vertex 6.9 15.85 1.85
      vertex 7.8033 5.3033 1.85
    endloop
  endfacet
  facet normal 0 0 1
    outer loop
      vertex 6.9 37.95 1.85
      vertex 8.3455 48.11 1.85
      vertex 6.9 48.11 1.85
    endloop
  endfacet
  facet normal 0 0 1
    outer loop
      vertex 62.65 33.15 1.85
      vertex 6.9 37.95 1.85
      vertex 6.9 15.85 1.85
    endloop
  endfacet
  facet normal 0 0 1
    outer loop
      vertex 7.8033 5.3033 1.85
      vertex 6.9 15.85 1.85
      vertex 6.90839 6.06763 1.85
    endloop
  endfacet
  facet normal 0 0 1
    outer loop
      vertex 6.90839 6.06763 1.85
      vertex 6.9 15.85 1.85
      vertex 6.9 6.07277 1.85
    endloop
  endfacet
  facet normal -0 0 1
    outer loop
      vertex 62.65 33.15 1.85
      vertex 64.15 -33.15 1.85
      vertex 64.15 33.15 1.85
    endloop
  endfacet
  facet normal 0 0 1
    outer loop
      vertex 64.15 -33.15 1.85
      vertex 62.65 33.15 1.85
      vertex 62.65 -33.15 1.85
    endloop
  endfacet
  facet normal 0 0 1
    outer loop
      vertex 64.15 33.15 1.85
      vertex 123.55 33.15 1.85
      vertex 123.55 48.15 1.85
    endloop
  endfacet
  facet normal 0 0 1
    outer loop
      vertex 64.15 -33.15 1.85
      vertex 133.11 -5.84549 1.85
      vertex 64.15 33.15 1.85
    endloop
  endfacet
  facet normal 0 0 1
    outer loop
      vertex 64.15 33.15 1.85
      vertex 123.55 48.15 1.85
      vertex 64.15 48.15 1.85
    endloop
  endfacet
  facet normal 0 0 1
    outer loop
      vertex 133.11 -5.84549 1.85
      vertex 64.15 -33.15 1.85
      vertex 123.55 -33.15 1.85
    endloop
  endfacet
  facet normal 0 0 1
    outer loop
      vertex 123.55 -33.15 1.85
      vertex 64.15 -33.15 1.85
      vertex 123.55 -48.15 1.85
    endloop
  endfacet
  facet normal 0 0 1
    outer loop
      vertex 123.55 -48.15 1.85
      vertex 64.15 -33.15 1.85
      vertex 64.15 -48.15 1.85
    endloop
  endfacet
  facet normal 0 0 1
    outer loop
      vertex 133.11 5.84549 1.85
      vertex 64.15 33.15 1.85
      vertex 133.11 -5.84549 1.85
    endloop
  endfacet
  facet normal 0 0 1
    outer loop
      vertex 133.11 -5.84549 1.85
      vertex 123.55 -33.15 1.85
      vertex 125.05 -33.15 1.85
    endloop
  endfacet
  facet normal -0 0 1
    outer loop
      vertex 9.63292 -2.31763 1.85
      vertex 62.65 -33.15 1.85
      vertex 9.90766 -1.17326 1.85
    endloop
  endfacet
  facet normal -0 0 1
    outer loop
      vertex 9.18255 -3.40493 1.85
      vertex 62.65 -33.15 1.85
      vertex 9.63292 -2.31763 1.85
    endloop
  endfacet
  facet normal -0 0 1
    outer loop
      vertex 8.56763 -4.40839 1.85
      vertex 62.65 -33.15 1.85
      vertex 9.18255 -3.40493 1.85
    endloop
  endfacet
  facet normal 0 0 1
    outer loop
      vertex 6.9 -37.95 1.85
      vertex 8.56763 -4.40839 1.85
      vertex 7.8033 -5.3033 1.85
    endloop
  endfacet
  facet normal 0 0 1
    outer loop
      vertex 62.65 -33.15 1.85
      vertex 8.3455 -48.11 1.85
      vertex 62.65 -48.15 1.85
    endloop
  endfacet
  facet normal 0 0 1
    outer loop
      vertex 62.65 -48.15 1.85
      vertex 8.3455 -48.11 1.85
      vertex 8.3455 -48.15 1.85
    endloop
  endfacet
  facet normal -0.38276 0.923848 0
    outer loop
      vertex 128.727 -47.2672 1.85
      vertex 127.553 -47.7536 62
      vertex 128.727 -47.2672 62
    endloop
  endfacet
  facet normal -0.38276 0.923848 0
    outer loop
      vertex 127.553 -47.7536 62
      vertex 128.727 -47.2672 1.85
      vertex 127.553 -47.7536 1.85
    endloop
  endfacet
  facet normal -0.649222 0.760599 0
    outer loop
      vertex 130.778 -45.7776 1.85
      vertex 129.811 -46.603 62
      vertex 130.778 -45.7776 62
    endloop
  endfacet
  facet normal -0.649222 0.760599 0
    outer loop
      vertex 129.811 -46.603 62
      vertex 130.778 -45.7776 1.85
      vertex 129.811 -46.603 1.85
    endloop
  endfacet
  facet normal -0.972497 0.232915 0
    outer loop
      vertex 132.754 -42.553 1.85
      vertex 133.05 -41.3171 62
      vertex 133.05 -41.3171 1.85
    endloop
  endfacet
  facet normal -0.972497 0.232915 0
    outer loop
      vertex 133.05 -41.3171 62
      vertex 132.754 -42.553 1.85
      vertex 132.754 -42.553 62
    endloop
  endfacet
  facet normal -0.233418 0.972377 0
    outer loop
      vertex 127.553 -47.7536 1.85
      vertex 126.317 -48.0503 62
      vertex 127.553 -47.7536 62
    endloop
  endfacet
  facet normal -0.233418 0.972377 0
    outer loop
      vertex 126.317 -48.0503 62
      vertex 127.553 -47.7536 1.85
      vertex 126.317 -48.0503 1.85
    endloop
  endfacet
  facet normal -0.0784473 0.996918 0
    outer loop
      vertex 126.317 -48.0503 1.85
      vertex 125.05 -48.15 62
      vertex 126.317 -48.0503 62
    endloop
  endfacet
  facet normal -0.0784473 0.996918 0
    outer loop
      vertex 125.05 -48.15 62
      vertex 126.317 -48.0503 1.85
      vertex 125.05 -48.15 1.85
    endloop
  endfacet
  facet normal -0.923716 0.383079 0
    outer loop
      vertex 132.267 -43.7273 1.85
      vertex 132.754 -42.553 62
      vertex 132.754 -42.553 1.85
    endloop
  endfacet
  facet normal -0.923716 0.383079 0
    outer loop
      vertex 132.754 -42.553 62
      vertex 132.267 -43.7273 1.85
      vertex 132.267 -43.7273 62
    endloop
  endfacet
  facet normal -0.972497 -0.232915 0
    outer loop
      vertex 133.05 41.3171 1.85
      vertex 132.754 42.553 62
      vertex 132.754 42.553 1.85
    endloop
  endfacet
  facet normal -0.972497 -0.232915 0
    outer loop
      vertex 132.754 42.553 62
      vertex 133.05 41.3171 1.85
      vertex 133.05 41.3171 62
    endloop
  endfacet
  facet normal -0.9969 -0.0786819 0
    outer loop
      vertex 133.15 40.0501 1.85
      vertex 133.05 41.3171 62
      vertex 133.05 41.3171 1.85
    endloop
  endfacet
  facet normal -0.9969 -0.0786819 0
    outer loop
      vertex 133.05 41.3171 62
      vertex 133.15 40.0501 1.85
      vertex 133.15 40.0501 62
    endloop
  endfacet
  facet normal -0.760588 -0.649235 0
    outer loop
      vertex 131.603 44.8111 1.85
      vertex 130.778 45.7776 62
      vertex 130.778 45.7776 1.85
    endloop
  endfacet
  facet normal -0.760588 -0.649235 0
    outer loop
      vertex 130.778 45.7776 62
      vertex 131.603 44.8111 1.85
      vertex 131.603 44.8111 62
    endloop
  endfacet
  facet normal -0.852694 -0.522411 0
    outer loop
      vertex 132.267 43.7273 1.85
      vertex 131.603 44.8111 62
      vertex 131.603 44.8111 1.85
    endloop
  endfacet
  facet normal -0.852694 -0.522411 0
    outer loop
      vertex 131.603 44.8111 62
      vertex 132.267 43.7273 1.85
      vertex 132.267 43.7273 62
    endloop
  endfacet
  facet normal -0.760588 0.649235 0
    outer loop
      vertex 130.778 -45.7776 1.85
      vertex 131.603 -44.8111 62
      vertex 131.603 -44.8111 1.85
    endloop
  endfacet
  facet normal -0.760588 0.649235 0
    outer loop
      vertex 131.603 -44.8111 62
      vertex 130.778 -45.7776 1.85
      vertex 130.778 -45.7776 62
    endloop
  endfacet
  facet normal -0.852694 0.522411 0
    outer loop
      vertex 131.603 -44.8111 1.85
      vertex 132.267 -43.7273 62
      vertex 132.267 -43.7273 1.85
    endloop
  endfacet
  facet normal -0.852694 0.522411 0
    outer loop
      vertex 132.267 -43.7273 62
      vertex 131.603 -44.8111 1.85
      vertex 131.603 -44.8111 62
    endloop
  endfacet
  facet normal 0 -0.919145 0.393919
    outer loop
      vertex 62.65 33.15 1.85
      vertex 64.15 48.15 36.85
      vertex 62.65 48.15 36.85
    endloop
  endfacet
  facet normal 0 -0.919145 0.393919
    outer loop
      vertex 64.15 48.15 36.85
      vertex 62.65 33.15 1.85
      vertex 64.15 33.15 1.85
    endloop
  endfacet
  facet normal -1 0 0
    outer loop
      vertex 62.65 48.15 1.85
      vertex 62.65 33.15 1.85
      vertex 62.65 48.15 36.85
    endloop
  endfacet
  facet normal 1 0 0
    outer loop
      vertex 64.15 48.15 36.85
      vertex 64.15 33.15 1.85
      vertex 64.15 48.15 1.85
    endloop
  endfacet
  facet normal 1 0 0
    outer loop
      vertex 64.15 -48.15 36.85
      vertex 64.15 -48.15 1.85
      vertex 64.15 -33.15 1.85
    endloop
  endfacet
  facet normal -1 0 0
    outer loop
      vertex 62.65 -33.15 1.85
      vertex 62.65 -48.15 1.85
      vertex 62.65 -48.15 36.85
    endloop
  endfacet
  facet normal 0 0.919145 0.393919
    outer loop
      vertex 64.15 -33.15 1.85
      vertex 62.65 -48.15 36.85
      vertex 64.15 -48.15 36.85
    endloop
  endfacet
  facet normal 0 0.919145 0.393919
    outer loop
      vertex 62.65 -48.15 36.85
      vertex 64.15 -33.15 1.85
      vertex 62.65 -33.15 1.85
    endloop
  endfacet
  facet normal 0 -0.919145 0.393919
    outer loop
      vertex 123.55 33.15 1.85
      vertex 125.05 48.15 36.85
      vertex 123.55 48.15 36.85
    endloop
  endfacet
  facet normal 0 -0.919145 0.393919
    outer loop
      vertex 125.05 48.15 36.85
      vertex 123.55 33.15 1.85
      vertex 125.05 33.15 1.85
    endloop
  endfacet
  facet normal -1 0 0
    outer loop
      vertex 123.55 48.15 1.85
      vertex 123.55 33.15 1.85
      vertex 123.55 48.15 36.85
    endloop
  endfacet
  facet normal 1 0 0
    outer loop
      vertex 125.05 48.15 36.85
      vertex 125.05 33.15 1.85
      vertex 125.05 48.15 1.85
    endloop
  endfacet
  facet normal 1 0 0
    outer loop
      vertex 125.05 -48.15 36.85
      vertex 125.05 -48.15 1.85
      vertex 125.05 -33.15 1.85
    endloop
  endfacet
  facet normal -1 0 0
    outer loop
      vertex 123.55 -33.15 1.85
      vertex 123.55 -48.15 1.85
      vertex 123.55 -48.15 36.85
    endloop
  endfacet
  facet normal 0 0.919145 0.393919
    outer loop
      vertex 125.05 -33.15 1.85
      vertex 123.55 -48.15 36.85
      vertex 125.05 -48.15 36.85
    endloop
  endfacet
  facet normal 0 0.919145 0.393919
    outer loop
      vertex 123.55 -48.15 36.85
      vertex 125.05 -33.15 1.85
      vertex 123.55 -33.15 1.85
    endloop
  endfacet
  facet normal 0.996917 0.0784612 0
    outer loop
      vertex 10 0 62
      vertex 9.90766 1.17326 1.85
      vertex 9.90766 1.17326 62
    endloop
  endfacet
  facet normal 0.996917 0.0784612 0
    outer loop
      vertex 9.90766 1.17326 1.85
      vertex 10 0 62
      vertex 10 0 1.85
    endloop
  endfacet
  facet normal 0.0784612 0.996917 -0
    outer loop
      vertex 3.67326 7.40766 2.645
      vertex 2.5 7.5 62
      vertex 3.67326 7.40766 62
    endloop
  endfacet
  facet normal 0.0784612 0.996917 0
    outer loop
      vertex 2.5 7.5 62
      vertex 3.67326 7.40766 2.645
      vertex 2.5 7.5 2.645
    endloop
  endfacet
  facet normal 0.760404 0.64945 0
    outer loop
      vertex 8.56763 4.40839 62
      vertex 7.8033 5.3033 1.85
      vertex 7.8033 5.3033 62
    endloop
  endfacet
  facet normal 0.760404 0.64945 0
    outer loop
      vertex 7.8033 5.3033 1.85
      vertex 8.56763 4.40839 62
      vertex 8.56763 4.40839 1.85
    endloop
  endfacet
  facet normal 0.852641 -0.522498 0
    outer loop
      vertex 8.56763 -4.40839 62
      vertex 9.18255 -3.40493 1.85
      vertex 9.18255 -3.40493 62
    endloop
  endfacet
  facet normal 0.852641 -0.522498 0
    outer loop
      vertex 9.18255 -3.40493 1.85
      vertex 8.56763 -4.40839 62
      vertex 8.56763 -4.40839 1.85
    endloop
  endfacet
  facet normal 0.923881 0.38268 0
    outer loop
      vertex 9.63292 2.31763 62
      vertex 9.18255 3.40493 1.85
      vertex 9.18255 3.40493 62
    endloop
  endfacet
  facet normal 0.923881 0.38268 0
    outer loop
      vertex 9.18255 3.40493 1.85
      vertex 9.63292 2.31763 62
      vertex 9.63292 2.31763 1.85
    endloop
  endfacet
  facet normal 0.97237 0.233446 0
    outer loop
      vertex 9.90766 1.17326 62
      vertex 9.63292 2.31763 1.85
      vertex 9.63292 2.31763 62
    endloop
  endfacet
  facet normal 0.97237 0.233446 0
    outer loop
      vertex 9.63292 2.31763 1.85
      vertex 9.90766 1.17326 62
      vertex 9.90766 1.17326 1.85
    endloop
  endfacet
  facet normal 0.852641 0.522498 0
    outer loop
      vertex 9.18255 3.40493 62
      vertex 8.56763 4.40839 1.85
      vertex 8.56763 4.40839 62
    endloop
  endfacet
  facet normal 0.852641 0.522498 0
    outer loop
      vertex 8.56763 4.40839 1.85
      vertex 9.18255 3.40493 62
      vertex 9.18255 3.40493 1.85
    endloop
  endfacet
  facet normal 0.522498 0.852641 -1.99616e-08
    outer loop
      vertex 6.90839 6.06763 62
      vertex 6.9 6.07277 2.645
      vertex 5.90493 6.68255 62
    endloop
  endfacet
  facet normal 0.522395 0.852703 -0
    outer loop
      vertex 6.90839 6.06763 1.85
      vertex 6.9 6.07277 2.645
      vertex 6.90839 6.06763 62
    endloop
  endfacet
  facet normal 0.522395 0.852703 0
    outer loop
      vertex 6.9 6.07277 2.645
      vertex 6.90839 6.06763 1.85
      vertex 6.9 6.07277 1.85
    endloop
  endfacet
  facet normal 0.522499 0.85264 0
    outer loop
      vertex 5.90493 6.68255 62
      vertex 6.9 6.07277 2.645
      vertex 5.90493 6.68255 2.645
    endloop
  endfacet
  facet normal 0.233446 0.97237 -0
    outer loop
      vertex 4.81763 7.13292 2.645
      vertex 3.67326 7.40766 62
      vertex 4.81763 7.13292 62
    endloop
  endfacet
  facet normal 0.233446 0.97237 0
    outer loop
      vertex 3.67326 7.40766 62
      vertex 4.81763 7.13292 2.645
      vertex 3.67326 7.40766 2.645
    endloop
  endfacet
  facet normal 0.64945 0.760404 -0
    outer loop
      vertex 7.8033 5.3033 1.85
      vertex 6.90839 6.06763 62
      vertex 7.8033 5.3033 62
    endloop
  endfacet
  facet normal 0.64945 0.760404 0
    outer loop
      vertex 6.90839 6.06763 62
      vertex 7.8033 5.3033 1.85
      vertex 6.90839 6.06763 1.85
    endloop
  endfacet
  facet normal 0.233446 -0.97237 0
    outer loop
      vertex 3.67326 -7.40766 1.85
      vertex 4.81763 -7.13292 62
      vertex 3.67326 -7.40766 62
    endloop
  endfacet
  facet normal 0.233446 -0.97237 0
    outer loop
      vertex 4.81763 -7.13292 62
      vertex 3.67326 -7.40766 1.85
      vertex 4.81763 -7.13292 1.85
    endloop
  endfacet
  facet normal 0.0784612 -0.996917 0
    outer loop
      vertex 2.5 -7.5 1.85
      vertex 3.67326 -7.40766 62
      vertex 2.5 -7.5 62
    endloop
  endfacet
  facet normal 0.0784612 -0.996917 0
    outer loop
      vertex 3.67326 -7.40766 62
      vertex 2.5 -7.5 1.85
      vertex 3.67326 -7.40766 1.85
    endloop
  endfacet
  facet normal 0.522498 -0.852641 0
    outer loop
      vertex 5.90493 -6.68255 1.85
      vertex 6.90839 -6.06763 62
      vertex 5.90493 -6.68255 62
    endloop
  endfacet
  facet normal 0.522498 -0.852641 0
    outer loop
      vertex 6.90839 -6.06763 62
      vertex 5.90493 -6.68255 1.85
      vertex 6.90839 -6.06763 1.85
    endloop
  endfacet
  facet normal 0.38268 0.923881 -0
    outer loop
      vertex 5.90493 6.68255 2.645
      vertex 4.81763 7.13292 62
      vertex 5.90493 6.68255 62
    endloop
  endfacet
  facet normal 0.38268 0.923881 0
    outer loop
      vertex 4.81763 7.13292 62
      vertex 5.90493 6.68255 2.645
      vertex 4.81763 7.13292 2.645
    endloop
  endfacet
  facet normal 0 0 1
    outer loop
      vertex 8.15 0 62
      vertex 10 0 62
      vertex 9.90766 1.17326 62
    endloop
  endfacet
  facet normal 0 0 1
    outer loop
      vertex 8.08044 0.883854 62
      vertex 9.90766 1.17326 62
      vertex 9.63292 2.31763 62
    endloop
  endfacet
  facet normal 0 0 1
    outer loop
      vertex 10 0 62
      vertex 8.15 0 62
      vertex 9.90766 -1.17326 62
    endloop
  endfacet
  facet normal 0 0 1
    outer loop
      vertex 7.87347 1.74595 62
      vertex 9.63292 2.31763 62
      vertex 9.18255 3.40493 62
    endloop
  endfacet
  facet normal -0 0 1
    outer loop
      vertex 8.08044 -0.883854 62
      vertex 9.90766 -1.17326 62
      vertex 8.15 0 62
    endloop
  endfacet
  facet normal 0 0 1
    outer loop
      vertex 7.53419 2.56505 62
      vertex 9.18255 3.40493 62
      vertex 8.56763 4.40839 62
    endloop
  endfacet
  facet normal 0 0 1
    outer loop
      vertex 9.90766 -1.17326 62
      vertex 8.08044 -0.883854 62
      vertex 9.63292 -2.31763 62
    endloop
  endfacet
  facet normal -0 0 1
    outer loop
      vertex 7.87347 -1.74595 62
      vertex 9.63292 -2.31763 62
      vertex 8.08044 -0.883854 62
    endloop
  endfacet
  facet normal 0 0 1
    outer loop
      vertex 9.90766 1.17326 62
      vertex 8.08044 0.883854 62
      vertex 8.15 0 62
    endloop
  endfacet
  facet normal 0 0 1
    outer loop
      vertex 9.63292 2.31763 62
      vertex 7.87347 1.74595 62
      vertex 8.08044 0.883854 62
    endloop
  endfacet
  facet normal 0 0 1
    outer loop
      vertex 7.07095 3.32099 62
      vertex 8.56763 4.40839 62
      vertex 7.8033 5.3033 62
    endloop
  endfacet
  facet normal 0 0 1
    outer loop
      vertex 9.18255 3.40493 62
      vertex 7.53419 2.56505 62
      vertex 7.87347 1.74595 62
    endloop
  endfacet
  facet normal 0 0 1
    outer loop
      vertex 8.56763 4.40839 62
      vertex 7.07095 3.32099 62
      vertex 7.53419 2.56505 62
    endloop
  endfacet
  facet normal 0 0 1
    outer loop
      vertex 6.49515 3.99515 62
      vertex 7.8033 5.3033 62
      vertex 6.90839 6.06763 62
    endloop
  endfacet
  facet normal 0 0 1
    outer loop
      vertex 7.8033 5.3033 62
      vertex 6.49515 3.99515 62
      vertex 7.07095 3.32099 62
    endloop
  endfacet
  facet normal 0 0 1
    outer loop
      vertex 5.82099 4.57095 62
      vertex 6.90839 6.06763 62
      vertex 5.90493 6.68255 62
    endloop
  endfacet
  facet normal 0 0 1
    outer loop
      vertex 6.90839 6.06763 62
      vertex 5.82099 4.57095 62
      vertex 6.49515 3.99515 62
    endloop
  endfacet
  facet normal 0 0 1
    outer loop
      vertex 5.90493 6.68255 62
      vertex 5.06505 5.03419 62
      vertex 5.82099 4.57095 62
    endloop
  endfacet
  facet normal 0 0 1
    outer loop
      vertex 4.81763 7.13292 62
      vertex 5.06505 5.03419 62
      vertex 5.90493 6.68255 62
    endloop
  endfacet
  facet normal 0 0 1
    outer loop
      vertex 4.81763 7.13292 62
      vertex 4.24595 5.37347 62
      vertex 5.06505 5.03419 62
    endloop
  endfacet
  facet normal 0 0 1
    outer loop
      vertex 3.67326 7.40766 62
      vertex 4.24595 5.37347 62
      vertex 4.81763 7.13292 62
    endloop
  endfacet
  facet normal 0 0 1
    outer loop
      vertex 3.67326 7.40766 62
      vertex 3.38385 5.58044 62
      vertex 4.24595 5.37347 62
    endloop
  endfacet
  facet normal 0 0 1
    outer loop
      vertex 2.5 7.5 62
      vertex 3.38385 5.58044 62
      vertex 3.67326 7.40766 62
    endloop
  endfacet
  facet normal 0 0 1
    outer loop
      vertex 3.38385 5.58044 62
      vertex 2.5 7.5 62
      vertex 2.5 5.65 62
    endloop
  endfacet
  facet normal 0 0 1
    outer loop
      vertex 9.63292 -2.31763 62
      vertex 7.87347 -1.74595 62
      vertex 9.18255 -3.40493 62
    endloop
  endfacet
  facet normal -0 0 1
    outer loop
      vertex 7.53419 -2.56505 62
      vertex 9.18255 -3.40493 62
      vertex 7.87347 -1.74595 62
    endloop
  endfacet
  facet normal 0 0 1
    outer loop
      vertex 9.18255 -3.40493 62
      vertex 7.53419 -2.56505 62
      vertex 8.56763 -4.40839 62
    endloop
  endfacet
  facet normal -0 0 1
    outer loop
      vertex 7.07095 -3.32099 62
      vertex 8.56763 -4.40839 62
      vertex 7.53419 -2.56505 62
    endloop
  endfacet
  facet normal 0 0 1
    outer loop
      vertex 8.56763 -4.40839 62
      vertex 7.07095 -3.32099 62
      vertex 7.8033 -5.3033 62
    endloop
  endfacet
  facet normal -0 0 1
    outer loop
      vertex 6.49515 -3.99515 62
      vertex 7.8033 -5.3033 62
      vertex 7.07095 -3.32099 62
    endloop
  endfacet
  facet normal 0 0 1
    outer loop
      vertex 7.8033 -5.3033 62
      vertex 6.49515 -3.99515 62
      vertex 6.90839 -6.06763 62
    endloop
  endfacet
  facet normal -0 0 1
    outer loop
      vertex 5.82099 -4.57095 62
      vertex 6.90839 -6.06763 62
      vertex 6.49515 -3.99515 62
    endloop
  endfacet
  facet normal 0 0 1
    outer loop
      vertex 6.90839 -6.06763 62
      vertex 5.82099 -4.57095 62
      vertex 5.90493 -6.68255 62
    endloop
  endfacet
  facet normal -0 0 1
    outer loop
      vertex 5.06505 -5.03419 62
      vertex 5.90493 -6.68255 62
      vertex 5.82099 -4.57095 62
    endloop
  endfacet
  facet normal 0 0 1
    outer loop
      vertex 5.06505 -5.03419 62
      vertex 4.81763 -7.13292 62
      vertex 5.90493 -6.68255 62
    endloop
  endfacet
  facet normal -0 0 1
    outer loop
      vertex 4.24595 -5.37347 62
      vertex 4.81763 -7.13292 62
      vertex 5.06505 -5.03419 62
    endloop
  endfacet
  facet normal 0 0 1
    outer loop
      vertex 4.24595 -5.37347 62
      vertex 3.67326 -7.40766 62
      vertex 4.81763 -7.13292 62
    endloop
  endfacet
  facet normal -0 0 1
    outer loop
      vertex 3.38385 -5.58044 62
      vertex 3.67326 -7.40766 62
      vertex 4.24595 -5.37347 62
    endloop
  endfacet
  facet normal -0 0 1
    outer loop
      vertex 2.5 -5.65 62
      vertex 3.67326 -7.40766 62
      vertex 3.38385 -5.58044 62
    endloop
  endfacet
  facet normal 0 0 1
    outer loop
      vertex 3.67326 -7.40766 62
      vertex 2.5 -5.65 62
      vertex 2.5 -7.5 62
    endloop
  endfacet
  facet normal 0.996917 -0.0784612 0
    outer loop
      vertex 9.90766 -1.17326 62
      vertex 10 0 1.85
      vertex 10 0 62
    endloop
  endfacet
  facet normal 0.996917 -0.0784612 0
    outer loop
      vertex 10 0 1.85
      vertex 9.90766 -1.17326 62
      vertex 9.90766 -1.17326 1.85
    endloop
  endfacet
  facet normal 0.97237 -0.233446 0
    outer loop
      vertex 9.63292 -2.31763 62
      vertex 9.90766 -1.17326 1.85
      vertex 9.90766 -1.17326 62
    endloop
  endfacet
  facet normal 0.97237 -0.233446 0
    outer loop
      vertex 9.90766 -1.17326 1.85
      vertex 9.63292 -2.31763 62
      vertex 9.63292 -2.31763 1.85
    endloop
  endfacet
  facet normal 0.64945 -0.760404 0
    outer loop
      vertex 6.90839 -6.06763 1.85
      vertex 7.8033 -5.3033 62
      vertex 6.90839 -6.06763 62
    endloop
  endfacet
  facet normal 0.64945 -0.760404 0
    outer loop
      vertex 7.8033 -5.3033 62
      vertex 6.90839 -6.06763 1.85
      vertex 7.8033 -5.3033 1.85
    endloop
  endfacet
  facet normal 0.760404 -0.64945 0
    outer loop
      vertex 7.8033 -5.3033 62
      vertex 8.56763 -4.40839 1.85
      vertex 8.56763 -4.40839 62
    endloop
  endfacet
  facet normal 0.760404 -0.64945 0
    outer loop
      vertex 8.56763 -4.40839 1.85
      vertex 7.8033 -5.3033 62
      vertex 7.8033 -5.3033 1.85
    endloop
  endfacet
  facet normal 0.923881 -0.38268 0
    outer loop
      vertex 9.18255 -3.40493 62
      vertex 9.63292 -2.31763 1.85
      vertex 9.63292 -2.31763 62
    endloop
  endfacet
  facet normal 0.923881 -0.38268 0
    outer loop
      vertex 9.63292 -2.31763 1.85
      vertex 9.18255 -3.40493 62
      vertex 9.18255 -3.40493 1.85
    endloop
  endfacet
  facet normal 0.38268 -0.923881 0
    outer loop
      vertex 4.81763 -7.13292 1.85
      vertex 5.90493 -6.68255 62
      vertex 4.81763 -7.13292 62
    endloop
  endfacet
  facet normal 0.38268 -0.923881 0
    outer loop
      vertex 5.90493 -6.68255 62
      vertex 4.81763 -7.13292 1.85
      vertex 5.90493 -6.68255 1.85
    endloop
  endfacet
  facet normal -0.996917 -0.0784582 0
    outer loop
      vertex 8.15 0 0
      vertex 8.08044 0.883854 62
      vertex 8.08044 0.883854 0
    endloop
  endfacet
  facet normal -0.996917 -0.0784582 0
    outer loop
      vertex 8.08044 0.883854 62
      vertex 8.15 0 0
      vertex 8.15 0 62
    endloop
  endfacet
  facet normal -0.0784585 -0.996917 0
    outer loop
      vertex 2.5 5.65 2.645
      vertex 3.38385 5.58044 62
      vertex 2.5 5.65 62
    endloop
  endfacet
  facet normal -0.0784585 -0.996917 -0
    outer loop
      vertex 3.38385 5.58044 62
      vertex 2.5 5.65 2.645
      vertex 3.38385 5.58044 2.645
    endloop
  endfacet
  facet normal -0.649457 -0.760399 0
    outer loop
      vertex 5.82099 4.57095 0
      vertex 6.49515 3.99515 62
      vertex 5.82099 4.57095 62
    endloop
  endfacet
  facet normal -0.649457 -0.760399 -0
    outer loop
      vertex 6.49515 3.99515 62
      vertex 5.82099 4.57095 0
      vertex 6.49515 3.99515 0
    endloop
  endfacet
  facet normal -0.92388 -0.382681 0
    outer loop
      vertex 7.87347 1.74595 0
      vertex 7.53419 2.56505 62
      vertex 7.53419 2.56505 0
    endloop
  endfacet
  facet normal -0.92388 -0.382681 0
    outer loop
      vertex 7.53419 2.56505 62
      vertex 7.87347 1.74595 0
      vertex 7.87347 1.74595 62
    endloop
  endfacet
  facet normal -0.97237 -0.233444 0
    outer loop
      vertex 8.08044 0.883854 0
      vertex 7.87347 1.74595 62
      vertex 7.87347 1.74595 0
    endloop
  endfacet
  facet normal -0.97237 -0.233444 0
    outer loop
      vertex 7.87347 1.74595 62
      vertex 8.08044 0.883854 0
      vertex 8.08044 0.883854 62
    endloop
  endfacet
  facet normal -0.85264 -0.522498 0
    outer loop
      vertex 7.53419 2.56505 0
      vertex 7.07095 3.32099 62
      vertex 7.07095 3.32099 0
    endloop
  endfacet
  facet normal -0.85264 -0.522498 0
    outer loop
      vertex 7.07095 3.32099 62
      vertex 7.53419 2.56505 0
      vertex 7.53419 2.56505 62
    endloop
  endfacet
  facet normal -0.382681 -0.92388 0
    outer loop
      vertex 4.24595 5.37347 0
      vertex 5.06505 5.03419 62
      vertex 4.24595 5.37347 62
    endloop
  endfacet
  facet normal -0.382681 -0.92388 -0
    outer loop
      vertex 5.06505 5.03419 62
      vertex 4.24595 5.37347 0
      vertex 5.06505 5.03419 0
    endloop
  endfacet
  facet normal -0.233443 -0.97237 0
    outer loop
      vertex 3.38385 5.58044 2.645
      vertex 4.24595 5.37347 62
      vertex 3.38385 5.58044 62
    endloop
  endfacet
  facet normal -0.233446 -0.97237 4.17185e-08
    outer loop
      vertex 3.92717 5.45 2.645
      vertex 4.24595 5.37347 62
      vertex 3.38385 5.58044 2.645
    endloop
  endfacet
  facet normal -0.233439 -0.972372 0
    outer loop
      vertex 4.24595 5.37347 0
      vertex 3.92717 5.45 2.645
      vertex 3.92717 5.45 0
    endloop
  endfacet
  facet normal -0.233439 -0.972372 0
    outer loop
      vertex 3.92717 5.45 2.645
      vertex 4.24595 5.37347 0
      vertex 4.24595 5.37347 62
    endloop
  endfacet
  facet normal -0.522498 -0.85264 0
    outer loop
      vertex 5.06505 5.03419 0
      vertex 5.82099 4.57095 62
      vertex 5.06505 5.03419 62
    endloop
  endfacet
  facet normal -0.522498 -0.85264 -0
    outer loop
      vertex 5.82099 4.57095 62
      vertex 5.06505 5.03419 0
      vertex 5.82099 4.57095 0
    endloop
  endfacet
  facet normal -0.996917 0.0784582 0
    outer loop
      vertex 8.08044 -0.883854 0
      vertex 8.15 0 62
      vertex 8.15 0 0
    endloop
  endfacet
  facet normal -0.996917 0.0784582 0
    outer loop
      vertex 8.15 0 62
      vertex 8.08044 -0.883854 0
      vertex 8.08044 -0.883854 62
    endloop
  endfacet
  facet normal -0.233443 0.97237 0
    outer loop
      vertex 4.24595 -5.37347 0
      vertex 3.38385 -5.58044 62
      vertex 4.24595 -5.37347 62
    endloop
  endfacet
  facet normal -0.233443 0.97237 0
    outer loop
      vertex 3.38385 -5.58044 62
      vertex 4.24595 -5.37347 0
      vertex 3.38385 -5.58044 0
    endloop
  endfacet
  facet normal -0.0784585 0.996917 0
    outer loop
      vertex 3.38385 -5.58044 0
      vertex 2.5 -5.65 62
      vertex 3.38385 -5.58044 62
    endloop
  endfacet
  facet normal -0.0784585 0.996917 0
    outer loop
      vertex 2.5 -5.65 62
      vertex 3.38385 -5.58044 0
      vertex 2.5 -5.65 0
    endloop
  endfacet
  facet normal -0.760399 0.649457 0
    outer loop
      vertex 6.49515 -3.99515 0
      vertex 7.07095 -3.32099 62
      vertex 7.07095 -3.32099 0
    endloop
  endfacet
  facet normal -0.760399 0.649457 0
    outer loop
      vertex 7.07095 -3.32099 62
      vertex 6.49515 -3.99515 0
      vertex 6.49515 -3.99515 62
    endloop
  endfacet
  facet normal -0.522498 0.85264 0
    outer loop
      vertex 5.82099 -4.57095 0
      vertex 5.06505 -5.03419 62
      vertex 5.82099 -4.57095 62
    endloop
  endfacet
  facet normal -0.522498 0.85264 0
    outer loop
      vertex 5.06505 -5.03419 62
      vertex 5.82099 -4.57095 0
      vertex 5.06505 -5.03419 0
    endloop
  endfacet
  facet normal -0.649457 0.760399 0
    outer loop
      vertex 6.49515 -3.99515 0
      vertex 5.82099 -4.57095 62
      vertex 6.49515 -3.99515 62
    endloop
  endfacet
  facet normal -0.649457 0.760399 0
    outer loop
      vertex 5.82099 -4.57095 62
      vertex 6.49515 -3.99515 0
      vertex 5.82099 -4.57095 0
    endloop
  endfacet
  facet normal -0.85264 0.522498 0
    outer loop
      vertex 7.07095 -3.32099 0
      vertex 7.53419 -2.56505 62
      vertex 7.53419 -2.56505 0
    endloop
  endfacet
  facet normal -0.85264 0.522498 0
    outer loop
      vertex 7.53419 -2.56505 62
      vertex 7.07095 -3.32099 0
      vertex 7.07095 -3.32099 62
    endloop
  endfacet
  facet normal -0.760399 -0.649457 0
    outer loop
      vertex 7.07095 3.32099 0
      vertex 6.49515 3.99515 62
      vertex 6.49515 3.99515 0
    endloop
  endfacet
  facet normal -0.760399 -0.649457 0
    outer loop
      vertex 6.49515 3.99515 62
      vertex 7.07095 3.32099 0
      vertex 7.07095 3.32099 62
    endloop
  endfacet
  facet normal -0.382681 0.92388 0
    outer loop
      vertex 5.06505 -5.03419 0
      vertex 4.24595 -5.37347 62
      vertex 5.06505 -5.03419 62
    endloop
  endfacet
  facet normal -0.382681 0.92388 0
    outer loop
      vertex 4.24595 -5.37347 62
      vertex 5.06505 -5.03419 0
      vertex 4.24595 -5.37347 0
    endloop
  endfacet
  facet normal -0.92388 0.382681 0
    outer loop
      vertex 7.53419 -2.56505 0
      vertex 7.87347 -1.74595 62
      vertex 7.87347 -1.74595 0
    endloop
  endfacet
  facet normal -0.92388 0.382681 0
    outer loop
      vertex 7.87347 -1.74595 62
      vertex 7.53419 -2.56505 0
      vertex 7.53419 -2.56505 62
    endloop
  endfacet
  facet normal -0.97237 0.233444 0
    outer loop
      vertex 7.87347 -1.74595 0
      vertex 8.08044 -0.883854 62
      vertex 8.08044 -0.883854 0
    endloop
  endfacet
  facet normal -0.97237 0.233444 0
    outer loop
      vertex 8.08044 -0.883854 62
      vertex 7.87347 -1.74595 0
      vertex 7.87347 -1.74595 62
    endloop
  endfacet
  facet normal -0.852638 0 0.522503
    outer loop
      vertex 10.5902 48.15 4.08215
      vertex 11.4101 50 5.42009
      vertex 10.5902 50 4.08215
    endloop
  endfacet
  facet normal -0.852638 0 0.522503
    outer loop
      vertex 11.4101 50 5.42009
      vertex 10.5902 48.15 4.08215
      vertex 11.4101 48.15 5.42009
    endloop
  endfacet
  facet normal -0.92388 0 0.382682
    outer loop
      vertex 11.4101 48.15 5.42009
      vertex 12.0106 50 6.86983
      vertex 11.4101 50 5.42009
    endloop
  endfacet
  facet normal -0.92388 0 0.382682
    outer loop
      vertex 12.0106 50 6.86983
      vertex 11.4101 48.15 5.42009
      vertex 12.0106 48.15 6.86983
    endloop
  endfacet
  facet normal -0.382685 0 -0.923879
    outer loop
      vertex 5.59017 48.15 37.4706
      vertex 7.0399 50 36.8701
      vertex 7.0399 48.15 36.8701
    endloop
  endfacet
  facet normal -0.382685 0 -0.923879
    outer loop
      vertex 7.0399 50 36.8701
      vertex 5.59017 48.15 37.4706
      vertex 5.59017 50 37.4706
    endloop
  endfacet
  facet normal 0 1 -0
    outer loop
      vertex 7.0399 48.11 1.04993
      vertex 6.9 48.11 1.85
      vertex 8.3455 48.11 1.85
    endloop
  endfacet
  facet normal 0 1 0
    outer loop
      vertex 6.9 48.11 1.85
      vertex 7.0399 48.11 1.04993
      vertex 6.9 48.11 0.991984
    endloop
  endfacet
  facet normal -1 0 0
    outer loop
      vertex 12.5 48.15 9.96
      vertex 12.5 50 27.96
      vertex 12.5 50 9.96
    endloop
  endfacet
  facet normal -1 -0 0
    outer loop
      vertex 12.5 50 27.96
      vertex 12.5 48.15 9.96
      vertex 12.5 48.15 27.96
    endloop
  endfacet
  facet normal -0.996918 0 0.0784483
    outer loop
      vertex 12.3769 48.15 8.39565
      vertex 12.5 50 9.96
      vertex 12.3769 50 8.39565
    endloop
  endfacet
  facet normal -0.996918 0 0.0784483
    outer loop
      vertex 12.5 50 9.96
      vertex 12.3769 48.15 8.39565
      vertex 12.5 48.15 9.96
    endloop
  endfacet
  facet normal -0.760398 0 0.649457
    outer loop
      vertex 9.57107 48.15 2.88893
      vertex 10.5902 50 4.08215
      vertex 9.57107 50 2.88893
    endloop
  endfacet
  facet normal -0.760398 0 0.649457
    outer loop
      vertex 10.5902 50 4.08215
      vertex 9.57107 48.15 2.88893
      vertex 10.5902 48.15 4.08215
    endloop
  endfacet
  facet normal -0.972372 0 0.233435
    outer loop
      vertex 12.0106 48.15 6.86983
      vertex 12.3769 50 8.39565
      vertex 12.0106 50 6.86983
    endloop
  endfacet
  facet normal -0.972372 0 0.233435
    outer loop
      vertex 12.3769 50 8.39565
      vertex 12.0106 48.15 6.86983
      vertex 12.3769 48.15 8.39565
    endloop
  endfacet
  facet normal -0.852648 0 -0.522486
    outer loop
      vertex 11.4101 48.15 32.4999
      vertex 10.5902 50 33.8379
      vertex 11.4101 50 32.4999
    endloop
  endfacet
  facet normal -0.852648 -0 -0.522486
    outer loop
      vertex 10.5902 50 33.8379
      vertex 11.4101 48.15 32.4999
      vertex 10.5902 48.15 33.8379
    endloop
  endfacet
  facet normal -0.233434 0 -0.972373
    outer loop
      vertex 4.06434 48.15 37.8369
      vertex 5.59017 50 37.4706
      vertex 5.59017 48.15 37.4706
    endloop
  endfacet
  facet normal -0.233434 0 -0.972373
    outer loop
      vertex 5.59017 50 37.4706
      vertex 4.06434 48.15 37.8369
      vertex 4.06434 50 37.8369
    endloop
  endfacet
  facet normal -0.649446 0 0.760408
    outer loop
      vertex 8.37785 50 1.86983
      vertex 9.57107 48.15 2.88893
      vertex 9.57107 50 2.88893
    endloop
  endfacet
  facet normal -0.649446 0 0.760408
    outer loop
      vertex 9.57107 48.15 2.88893
      vertex 8.37785 50 1.86983
      vertex 8.37785 48.15 1.86983
    endloop
  endfacet
  facet normal -0.649446 0 -0.760408
    outer loop
      vertex 8.37785 48.15 36.0502
      vertex 9.57107 50 35.0311
      vertex 9.57107 48.15 35.0311
    endloop
  endfacet
  facet normal -0.649446 0 -0.760408
    outer loop
      vertex 9.57107 50 35.0311
      vertex 8.37785 48.15 36.0502
      vertex 8.37785 50 36.0502
    endloop
  endfacet
  facet normal -0.760393 0 -0.649463
    outer loop
      vertex 10.5902 48.15 33.8379
      vertex 9.57107 50 35.0311
      vertex 10.5902 50 33.8379
    endloop
  endfacet
  facet normal -0.760393 -0 -0.649463
    outer loop
      vertex 9.57107 50 35.0311
      vertex 10.5902 48.15 33.8379
      vertex 9.57107 48.15 35.0311
    endloop
  endfacet
  facet normal -0.0784488 0 -0.996918
    outer loop
      vertex 2.5 48.15 37.96
      vertex 4.06434 50 37.8369
      vertex 4.06434 48.15 37.8369
    endloop
  endfacet
  facet normal -0.0784488 0 -0.996918
    outer loop
      vertex 4.06434 50 37.8369
      vertex 2.5 48.15 37.96
      vertex 2.5 50 37.96
    endloop
  endfacet
  facet normal -0.972375 0 -0.233424
    outer loop
      vertex 12.3769 48.15 29.5243
      vertex 12.0106 50 31.0502
      vertex 12.3769 50 29.5243
    endloop
  endfacet
  facet normal -0.972375 -0 -0.233424
    outer loop
      vertex 12.0106 50 31.0502
      vertex 12.3769 48.15 29.5243
      vertex 12.0106 48.15 31.0502
    endloop
  endfacet
  facet normal -0.996918 0 -0.0784508
    outer loop
      vertex 12.5 48.15 27.96
      vertex 12.3769 50 29.5243
      vertex 12.5 50 27.96
    endloop
  endfacet
  facet normal -0.996918 -0 -0.0784508
    outer loop
      vertex 12.3769 50 29.5243
      vertex 12.5 48.15 27.96
      vertex 12.3769 48.15 29.5243
    endloop
  endfacet
  facet normal -0.5225 0 -0.852639
    outer loop
      vertex 7.0399 48.15 36.8701
      vertex 8.37785 50 36.0502
      vertex 8.37785 48.15 36.0502
    endloop
  endfacet
  facet normal -0.5225 0 -0.852639
    outer loop
      vertex 8.37785 50 36.0502
      vertex 7.0399 48.15 36.8701
      vertex 7.0399 50 36.8701
    endloop
  endfacet
  facet normal -0.0784595 0 0.996917
    outer loop
      vertex 3.00825 50 0
      vertex 4.06434 48.35 0.0831165
      vertex 4.06434 50 0.0831165
    endloop
  endfacet
  facet normal -0.0784595 0 0.996917
    outer loop
      vertex 4.06434 48.35 0.0831165
      vertex 3.00825 50 0
      vertex 3.00825 48.35 0
    endloop
  endfacet
  facet normal -0.382669 0 0.923885
    outer loop
      vertex 7.0399 50 1.04993
      vertex 6.9 48.35 0.991984
      vertex 7.0399 48.11 1.04993
    endloop
  endfacet
  facet normal -0.382682 1.28839e-06 0.92388
    outer loop
      vertex 5.59017 50 0.449434
      vertex 6.9 48.35 0.991984
      vertex 7.0399 50 1.04993
    endloop
  endfacet
  facet normal -0.382684 0 0.923879
    outer loop
      vertex 6.9 48.35 0.991984
      vertex 5.59017 50 0.449434
      vertex 5.59017 48.35 0.449434
    endloop
  endfacet
  facet normal -0.382669 0 0.923885
    outer loop
      vertex 7.0399 48.11 1.04993
      vertex 6.9 48.35 0.991984
      vertex 6.9 48.11 0.991984
    endloop
  endfacet
  facet normal -0.522611 0 0.852571
    outer loop
      vertex 8.37785 50 1.86983
      vertex 8.3455 48.15 1.85
      vertex 8.37785 48.15 1.86983
    endloop
  endfacet
  facet normal -0.5225 -2.6812e-06 0.852639
    outer loop
      vertex 7.0399 50 1.04993
      vertex 8.3455 48.15 1.85
      vertex 8.37785 50 1.86983
    endloop
  endfacet
  facet normal -0.522497 0 0.852641
    outer loop
      vertex 7.0399 48.11 1.04993
      vertex 8.3455 48.15 1.85
      vertex 7.0399 50 1.04993
    endloop
  endfacet
  facet normal -0.522497 0 0.852641
    outer loop
      vertex 8.3455 48.15 1.85
      vertex 7.0399 48.11 1.04993
      vertex 8.3455 48.11 1.85
    endloop
  endfacet
  facet normal -0.923876 0 -0.382691
    outer loop
      vertex 12.0106 48.15 31.0502
      vertex 11.4101 50 32.4999
      vertex 12.0106 50 31.0502
    endloop
  endfacet
  facet normal -0.923876 -0 -0.382691
    outer loop
      vertex 11.4101 50 32.4999
      vertex 12.0106 48.15 31.0502
      vertex 11.4101 48.15 32.4999
    endloop
  endfacet
  facet normal -0.233444 0 0.97237
    outer loop
      vertex 4.06434 50 0.0831165
      vertex 5.59017 48.35 0.449434
      vertex 5.59017 50 0.449434
    endloop
  endfacet
  facet normal -0.233444 0 0.97237
    outer loop
      vertex 5.59017 48.35 0.449434
      vertex 4.06434 50 0.0831165
      vertex 4.06434 48.35 0.0831165
    endloop
  endfacet
  facet normal -0.852638 0 0.522503
    outer loop
      vertex 10.5902 -50 4.08215
      vertex 11.4101 -48.15 5.42009
      vertex 10.5902 -48.15 4.08215
    endloop
  endfacet
  facet normal -0.852638 0 0.522503
    outer loop
      vertex 11.4101 -48.15 5.42009
      vertex 10.5902 -50 4.08215
      vertex 11.4101 -50 5.42009
    endloop
  endfacet
  facet normal -0.649446 0 0.760408
    outer loop
      vertex 8.37785 -48.15 1.86983
      vertex 9.57107 -50 2.88893
      vertex 9.57107 -48.15 2.88893
    endloop
  endfacet
  facet normal -0.649446 0 0.760408
    outer loop
      vertex 9.57107 -50 2.88893
      vertex 8.37785 -48.15 1.86983
      vertex 8.37785 -50 1.86983
    endloop
  endfacet
  facet normal -0.92388 0 0.382682
    outer loop
      vertex 11.4101 -50 5.42009
      vertex 12.0106 -48.15 6.86983
      vertex 11.4101 -48.15 5.42009
    endloop
  endfacet
  facet normal -0.92388 0 0.382682
    outer loop
      vertex 12.0106 -48.15 6.86983
      vertex 11.4101 -50 5.42009
      vertex 12.0106 -50 6.86983
    endloop
  endfacet
  facet normal -0.382685 0 -0.923879
    outer loop
      vertex 5.59017 -50 37.4706
      vertex 7.0399 -48.15 36.8701
      vertex 7.0399 -50 36.8701
    endloop
  endfacet
  facet normal -0.382685 0 -0.923879
    outer loop
      vertex 7.0399 -48.15 36.8701
      vertex 5.59017 -50 37.4706
      vertex 5.59017 -48.15 37.4706
    endloop
  endfacet
  facet normal -1 0 0
    outer loop
      vertex 12.5 -50 9.96
      vertex 12.5 -48.15 27.96
      vertex 12.5 -48.15 9.96
    endloop
  endfacet
  facet normal -1 -0 0
    outer loop
      vertex 12.5 -48.15 27.96
      vertex 12.5 -50 9.96
      vertex 12.5 -50 27.96
    endloop
  endfacet
  facet normal -0.996918 0 0.0784483
    outer loop
      vertex 12.3769 -50 8.39565
      vertex 12.5 -48.15 9.96
      vertex 12.3769 -48.15 8.39565
    endloop
  endfacet
  facet normal -0.996918 0 0.0784483
    outer loop
      vertex 12.5 -48.15 9.96
      vertex 12.3769 -50 8.39565
      vertex 12.5 -50 9.96
    endloop
  endfacet
  facet normal -0.972375 0 -0.233424
    outer loop
      vertex 12.3769 -50 29.5243
      vertex 12.0106 -48.15 31.0502
      vertex 12.3769 -48.15 29.5243
    endloop
  endfacet
  facet normal -0.972375 -0 -0.233424
    outer loop
      vertex 12.0106 -48.15 31.0502
      vertex 12.3769 -50 29.5243
      vertex 12.0106 -50 31.0502
    endloop
  endfacet
  facet normal -0.972372 0 0.233435
    outer loop
      vertex 12.0106 -50 6.86983
      vertex 12.3769 -48.15 8.39565
      vertex 12.0106 -48.15 6.86983
    endloop
  endfacet
  facet normal -0.972372 0 0.233435
    outer loop
      vertex 12.3769 -48.15 8.39565
      vertex 12.0106 -50 6.86983
      vertex 12.3769 -50 8.39565
    endloop
  endfacet
  facet normal 0 -1 0
    outer loop
      vertex 6.9 -48.11 1.85
      vertex 7.0399 -48.11 1.04993
      vertex 8.3455 -48.11 1.85
    endloop
  endfacet
  facet normal -0 -1 0
    outer loop
      vertex 7.0399 -48.11 1.04993
      vertex 6.9 -48.11 1.85
      vertex 6.9 -48.11 0.991984
    endloop
  endfacet
  facet normal -0.649446 0 -0.760408
    outer loop
      vertex 8.37785 -50 36.0502
      vertex 9.57107 -48.15 35.0311
      vertex 9.57107 -50 35.0311
    endloop
  endfacet
  facet normal -0.649446 0 -0.760408
    outer loop
      vertex 9.57107 -48.15 35.0311
      vertex 8.37785 -50 36.0502
      vertex 8.37785 -48.15 36.0502
    endloop
  endfacet
  facet normal -0.0784488 0 -0.996918
    outer loop
      vertex 2.5 -50 37.96
      vertex 4.06434 -48.15 37.8369
      vertex 4.06434 -50 37.8369
    endloop
  endfacet
  facet normal -0.0784488 0 -0.996918
    outer loop
      vertex 4.06434 -48.15 37.8369
      vertex 2.5 -50 37.96
      vertex 2.5 -48.15 37.96
    endloop
  endfacet
  facet normal -0.382669 0 0.923885
    outer loop
      vertex 6.9 -48.35 0.991984
      vertex 7.0399 -48.11 1.04993
      vertex 6.9 -48.11 0.991984
    endloop
  endfacet
  facet normal -0.382669 0 0.923885
    outer loop
      vertex 7.0399 -48.11 1.04993
      vertex 6.9 -48.35 0.991984
      vertex 7.0399 -50 1.04993
    endloop
  endfacet
  facet normal -0.382684 0 0.923879
    outer loop
      vertex 5.59017 -50 0.449434
      vertex 6.9 -48.35 0.991984
      vertex 5.59017 -48.35 0.449434
    endloop
  endfacet
  facet normal -0.382682 -1.28839e-06 0.92388
    outer loop
      vertex 6.9 -48.35 0.991984
      vertex 5.59017 -50 0.449434
      vertex 7.0399 -50 1.04993
    endloop
  endfacet
  facet normal -0.852648 0 -0.522486
    outer loop
      vertex 11.4101 -50 32.4999
      vertex 10.5902 -48.15 33.8379
      vertex 11.4101 -48.15 32.4999
    endloop
  endfacet
  facet normal -0.852648 -0 -0.522486
    outer loop
      vertex 10.5902 -48.15 33.8379
      vertex 11.4101 -50 32.4999
      vertex 10.5902 -50 33.8379
    endloop
  endfacet
  facet normal -0.996918 0 -0.0784508
    outer loop
      vertex 12.5 -50 27.96
      vertex 12.3769 -48.15 29.5243
      vertex 12.5 -48.15 27.96
    endloop
  endfacet
  facet normal -0.996918 -0 -0.0784508
    outer loop
      vertex 12.3769 -48.15 29.5243
      vertex 12.5 -50 27.96
      vertex 12.3769 -50 29.5243
    endloop
  endfacet
  facet normal -0.5225 0 -0.852639
    outer loop
      vertex 7.0399 -50 36.8701
      vertex 8.37785 -48.15 36.0502
      vertex 8.37785 -50 36.0502
    endloop
  endfacet
  facet normal -0.5225 0 -0.852639
    outer loop
      vertex 8.37785 -48.15 36.0502
      vertex 7.0399 -50 36.8701
      vertex 7.0399 -48.15 36.8701
    endloop
  endfacet
  facet normal -0.760393 0 -0.649463
    outer loop
      vertex 10.5902 -50 33.8379
      vertex 9.57107 -48.15 35.0311
      vertex 10.5902 -48.15 33.8379
    endloop
  endfacet
  facet normal -0.760393 -0 -0.649463
    outer loop
      vertex 9.57107 -48.15 35.0311
      vertex 10.5902 -50 33.8379
      vertex 9.57107 -50 35.0311
    endloop
  endfacet
  facet normal -0.233434 0 -0.972373
    outer loop
      vertex 4.06434 -50 37.8369
      vertex 5.59017 -48.15 37.4706
      vertex 5.59017 -50 37.4706
    endloop
  endfacet
  facet normal -0.233434 0 -0.972373
    outer loop
      vertex 5.59017 -48.15 37.4706
      vertex 4.06434 -50 37.8369
      vertex 4.06434 -48.15 37.8369
    endloop
  endfacet
  facet normal -0.760398 0 0.649457
    outer loop
      vertex 9.57107 -50 2.88893
      vertex 10.5902 -48.15 4.08215
      vertex 9.57107 -48.15 2.88893
    endloop
  endfacet
  facet normal -0.760398 0 0.649457
    outer loop
      vertex 10.5902 -48.15 4.08215
      vertex 9.57107 -50 2.88893
      vertex 10.5902 -50 4.08215
    endloop
  endfacet
  facet normal -0.522497 0 0.852641
    outer loop
      vertex 8.3455 -48.11 1.85
      vertex 7.0399 -48.11 1.04993
      vertex 8.3455 -48.15 1.85
    endloop
  endfacet
  facet normal -0.522611 0 0.852571
    outer loop
      vertex 8.3455 -48.15 1.85
      vertex 8.37785 -50 1.86983
      vertex 8.37785 -48.15 1.86983
    endloop
  endfacet
  facet normal -0.522497 0 0.852641
    outer loop
      vertex 7.0399 -50 1.04993
      vertex 8.3455 -48.15 1.85
      vertex 7.0399 -48.11 1.04993
    endloop
  endfacet
  facet normal -0.5225 2.6812e-06 0.852639
    outer loop
      vertex 8.3455 -48.15 1.85
      vertex 7.0399 -50 1.04993
      vertex 8.37785 -50 1.86983
    endloop
  endfacet
  facet normal -0.923876 0 -0.382691
    outer loop
      vertex 12.0106 -50 31.0502
      vertex 11.4101 -48.15 32.4999
      vertex 12.0106 -48.15 31.0502
    endloop
  endfacet
  facet normal -0.923876 -0 -0.382691
    outer loop
      vertex 11.4101 -48.15 32.4999
      vertex 12.0106 -50 31.0502
      vertex 11.4101 -50 32.4999
    endloop
  endfacet
  facet normal -0.0784595 0 0.996917
    outer loop
      vertex 3.00825 -48.35 0
      vertex 4.06434 -50 0.0831165
      vertex 4.06434 -48.35 0.0831165
    endloop
  endfacet
  facet normal -0.0784595 0 0.996917
    outer loop
      vertex 4.06434 -50 0.0831165
      vertex 3.00825 -48.35 0
      vertex 3.00825 -50 0
    endloop
  endfacet
  facet normal -0.233444 0 0.97237
    outer loop
      vertex 4.06434 -48.35 0.0831165
      vertex 5.59017 -50 0.449434
      vertex 5.59017 -48.35 0.449434
    endloop
  endfacet
  facet normal -0.233444 0 0.97237
    outer loop
      vertex 5.59017 -50 0.449434
      vertex 4.06434 -48.35 0.0831165
      vertex 4.06434 -50 0.0831165
    endloop
  endfacet
  facet normal 0 -0.85264 0.522498
    outer loop
      vertex 133.15 8.09017 4.08215
      vertex 135 8.91006 5.42009
      vertex 133.15 8.91006 5.42009
    endloop
  endfacet
  facet normal 0 -0.85264 0.522498
    outer loop
      vertex 135 8.91006 5.42009
      vertex 133.15 8.09017 4.08215
      vertex 135 8.09017 4.08215
    endloop
  endfacet
  facet normal 0 1 -0
    outer loop
      vertex 135 -10 9.96
      vertex 133.15 -10 27.96
      vertex 135 -10 27.96
    endloop
  endfacet
  facet normal 0 1 0
    outer loop
      vertex 133.15 -10 27.96
      vertex 135 -10 9.96
      vertex 133.15 -10 9.96
    endloop
  endfacet
  facet normal 0 -0.760403 -0.649452
    outer loop
      vertex 133.15 8.09017 33.8379
      vertex 135 7.07107 35.0311
      vertex 133.15 7.07107 35.0311
    endloop
  endfacet
  facet normal 0 -0.760403 -0.649452
    outer loop
      vertex 135 7.07107 35.0311
      vertex 133.15 8.09017 33.8379
      vertex 135 8.09017 33.8379
    endloop
  endfacet
  facet normal 0 0.923876 -0.382691
    outer loop
      vertex 135 -9.51056 31.0502
      vertex 133.15 -8.91006 32.4999
      vertex 135 -8.91006 32.4999
    endloop
  endfacet
  facet normal 0 0.923876 -0.382691
    outer loop
      vertex 133.15 -8.91006 32.4999
      vertex 135 -9.51056 31.0502
      vertex 133.15 -9.51056 31.0502
    endloop
  endfacet
  facet normal 0 -0.233434 -0.972373
    outer loop
      vertex 133.15 1.56434 37.8369
      vertex 135 3.09017 37.4706
      vertex 135 1.56434 37.8369
    endloop
  endfacet
  facet normal -0 -0.233434 -0.972373
    outer loop
      vertex 135 3.09017 37.4706
      vertex 133.15 1.56434 37.8369
      vertex 133.15 3.09017 37.4706
    endloop
  endfacet
  facet normal 0 0.972369 0.233447
    outer loop
      vertex 135 -9.51056 6.86983
      vertex 133.15 -9.87688 8.39565
      vertex 135 -9.87688 8.39565
    endloop
  endfacet
  facet normal 0 0.972369 0.233447
    outer loop
      vertex 133.15 -9.87688 8.39565
      vertex 135 -9.51056 6.86983
      vertex 133.15 -9.51056 6.86983
    endloop
  endfacet
  facet normal 0 -0.233444 0.97237
    outer loop
      vertex 133.11 3.09017 0.449434
      vertex 135 1.56434 0.0831165
      vertex 135 3.09017 0.449434
    endloop
  endfacet
  facet normal 0 -0.233444 0.97237
    outer loop
      vertex 135 1.56434 0.0831165
      vertex 133.11 3.09017 0.449434
      vertex 133.11 1.56434 0.0831165
    endloop
  endfacet
  facet normal 0 0.972372 -0.233436
    outer loop
      vertex 135 -9.87688 29.5243
      vertex 133.15 -9.51056 31.0502
      vertex 135 -9.51056 31.0502
    endloop
  endfacet
  facet normal 0 0.972372 -0.233436
    outer loop
      vertex 133.15 -9.51056 31.0502
      vertex 135 -9.87688 29.5243
      vertex 133.15 -9.87688 29.5243
    endloop
  endfacet
  facet normal 1 0 0
    outer loop
      vertex 133.11 5.84549 1.85
      vertex 133.11 3.09017 0.449434
      vertex 133.11 4.5399 1.04993
    endloop
  endfacet
  facet normal 1 0 0
    outer loop
      vertex 133.11 0.508248 0
      vertex 133.11 3.09017 0.449434
      vertex 133.11 5.84549 1.85
    endloop
  endfacet
  facet normal 1 0 0
    outer loop
      vertex 133.11 3.09017 0.449434
      vertex 133.11 0.508248 0
      vertex 133.11 1.56434 0.0831165
    endloop
  endfacet
  facet normal 1 0 0
    outer loop
      vertex 133.11 5.84549 1.85
      vertex 133.11 -0.508248 0
      vertex 133.11 0.508248 0
    endloop
  endfacet
  facet normal 1 -0 0
    outer loop
      vertex 133.11 -5.84549 1.85
      vertex 133.11 -0.508248 0
      vertex 133.11 5.84549 1.85
    endloop
  endfacet
  facet normal 1 0 0
    outer loop
      vertex 133.11 -0.508248 0
      vertex 133.11 -3.09017 0.449434
      vertex 133.11 -1.56434 0.0831165
    endloop
  endfacet
  facet normal 1 0 0
    outer loop
      vertex 133.11 -0.508248 0
      vertex 133.11 -4.5399 1.04993
      vertex 133.11 -3.09017 0.449434
    endloop
  endfacet
  facet normal 1 0 0
    outer loop
      vertex 133.11 -0.508248 0
      vertex 133.11 -5.84549 1.85
      vertex 133.11 -4.5399 1.04993
    endloop
  endfacet
  facet normal 0 -0.649446 -0.760408
    outer loop
      vertex 133.15 5.87785 36.0502
      vertex 135 7.07107 35.0311
      vertex 135 5.87785 36.0502
    endloop
  endfacet
  facet normal -0 -0.649446 -0.760408
    outer loop
      vertex 135 7.07107 35.0311
      vertex 133.15 5.87785 36.0502
      vertex 133.15 7.07107 35.0311
    endloop
  endfacet
  facet normal 0 -0.852651 -0.522481
    outer loop
      vertex 133.15 8.91006 32.4999
      vertex 135 8.09017 33.8379
      vertex 133.15 8.09017 33.8379
    endloop
  endfacet
  facet normal 0 -0.852651 -0.522481
    outer loop
      vertex 135 8.09017 33.8379
      vertex 133.15 8.91006 32.4999
      vertex 135 8.91006 32.4999
    endloop
  endfacet
  facet normal 0 0.649446 -0.760408
    outer loop
      vertex 133.15 -7.07107 35.0311
      vertex 135 -5.87785 36.0502
      vertex 135 -7.07107 35.0311
    endloop
  endfacet
  facet normal 0 0.649446 -0.760408
    outer loop
      vertex 135 -5.87785 36.0502
      vertex 133.15 -7.07107 35.0311
      vertex 133.15 -5.87785 36.0502
    endloop
  endfacet
  facet normal 0 0.760403 -0.649452
    outer loop
      vertex 135 -8.09017 33.8379
      vertex 133.15 -7.07107 35.0311
      vertex 135 -7.07107 35.0311
    endloop
  endfacet
  facet normal 0 0.760403 -0.649452
    outer loop
      vertex 133.15 -7.07107 35.0311
      vertex 135 -8.09017 33.8379
      vertex 133.15 -8.09017 33.8379
    endloop
  endfacet
  facet normal 0 -0.5225 -0.852639
    outer loop
      vertex 133.15 4.5399 36.8701
      vertex 135 5.87785 36.0502
      vertex 135 4.5399 36.8701
    endloop
  endfacet
  facet normal -0 -0.5225 -0.852639
    outer loop
      vertex 135 5.87785 36.0502
      vertex 133.15 4.5399 36.8701
      vertex 133.15 5.87785 36.0502
    endloop
  endfacet
  facet normal 0 -0.382685 -0.923879
    outer loop
      vertex 133.15 3.09017 37.4706
      vertex 135 4.5399 36.8701
      vertex 135 3.09017 37.4706
    endloop
  endfacet
  facet normal -0 -0.382685 -0.923879
    outer loop
      vertex 135 4.5399 36.8701
      vertex 133.15 3.09017 37.4706
      vertex 133.15 4.5399 36.8701
    endloop
  endfacet
  facet normal 0 -0.996917 0.078461
    outer loop
      vertex 133.15 9.87688 8.39565
      vertex 135 10 9.96
      vertex 133.15 10 9.96
    endloop
  endfacet
  facet normal 0 -0.996917 0.078461
    outer loop
      vertex 135 10 9.96
      vertex 133.15 9.87688 8.39565
      vertex 135 9.87688 8.39565
    endloop
  endfacet
  facet normal 0 -0.972369 0.233447
    outer loop
      vertex 133.15 9.51056 6.86983
      vertex 135 9.87688 8.39565
      vertex 133.15 9.87688 8.39565
    endloop
  endfacet
  facet normal 0 -0.972369 0.233447
    outer loop
      vertex 135 9.87688 8.39565
      vertex 133.15 9.51056 6.86983
      vertex 135 9.51056 6.86983
    endloop
  endfacet
  facet normal -0 0.233444 0.97237
    outer loop
      vertex 133.11 -1.56434 0.0831165
      vertex 135 -3.09017 0.449434
      vertex 135 -1.56434 0.0831165
    endloop
  endfacet
  facet normal 0 0.233444 0.97237
    outer loop
      vertex 135 -3.09017 0.449434
      vertex 133.11 -1.56434 0.0831165
      vertex 133.11 -3.09017 0.449434
    endloop
  endfacet
  facet normal 0 -0.760408 0.649446
    outer loop
      vertex 133.15 7.07107 2.88893
      vertex 135 8.09017 4.08215
      vertex 133.15 8.09017 4.08215
    endloop
  endfacet
  facet normal 0 -0.760408 0.649446
    outer loop
      vertex 135 8.09017 4.08215
      vertex 133.15 7.07107 2.88893
      vertex 135 7.07107 2.88893
    endloop
  endfacet
  facet normal 0 0.85264 0.522498
    outer loop
      vertex 135 -8.09017 4.08215
      vertex 133.15 -8.91006 5.42009
      vertex 135 -8.91006 5.42009
    endloop
  endfacet
  facet normal 0 0.85264 0.522498
    outer loop
      vertex 133.15 -8.91006 5.42009
      vertex 135 -8.09017 4.08215
      vertex 133.15 -8.09017 4.08215
    endloop
  endfacet
  facet normal 0 0.92388 0.382682
    outer loop
      vertex 135 -8.91006 5.42009
      vertex 133.15 -9.51056 6.86983
      vertex 135 -9.51056 6.86983
    endloop
  endfacet
  facet normal 0 0.92388 0.382682
    outer loop
      vertex 133.15 -9.51056 6.86983
      vertex 135 -8.91006 5.42009
      vertex 133.15 -8.91006 5.42009
    endloop
  endfacet
  facet normal 0 0.996917 0.078461
    outer loop
      vertex 135 -9.87688 8.39565
      vertex 133.15 -10 9.96
      vertex 135 -10 9.96
    endloop
  endfacet
  facet normal 0 0.996917 0.078461
    outer loop
      vertex 133.15 -10 9.96
      vertex 135 -9.87688 8.39565
      vertex 133.15 -9.87688 8.39565
    endloop
  endfacet
  facet normal 0 -0.923876 -0.382691
    outer loop
      vertex 133.15 9.51056 31.0502
      vertex 135 8.91006 32.4999
      vertex 133.15 8.91006 32.4999
    endloop
  endfacet
  facet normal 0 -0.923876 -0.382691
    outer loop
      vertex 135 8.91006 32.4999
      vertex 133.15 9.51056 31.0502
      vertex 135 9.51056 31.0502
    endloop
  endfacet
  facet normal 0 -1 0
    outer loop
      vertex 133.15 10 9.96
      vertex 135 10 27.96
      vertex 133.15 10 27.96
    endloop
  endfacet
  facet normal 0 -1 -0
    outer loop
      vertex 135 10 27.96
      vertex 133.15 10 9.96
      vertex 135 10 9.96
    endloop
  endfacet
  facet normal 0 0.5225 -0.852639
    outer loop
      vertex 133.15 -5.87785 36.0502
      vertex 135 -4.5399 36.8701
      vertex 135 -5.87785 36.0502
    endloop
  endfacet
  facet normal 0 0.5225 -0.852639
    outer loop
      vertex 135 -4.5399 36.8701
      vertex 133.15 -5.87785 36.0502
      vertex 133.15 -4.5399 36.8701
    endloop
  endfacet
  facet normal 0 0.852651 -0.522481
    outer loop
      vertex 135 -8.91006 32.4999
      vertex 133.15 -8.09017 33.8379
      vertex 135 -8.09017 33.8379
    endloop
  endfacet
  facet normal 0 0.852651 -0.522481
    outer loop
      vertex 133.15 -8.09017 33.8379
      vertex 135 -8.91006 32.4999
      vertex 133.15 -8.91006 32.4999
    endloop
  endfacet
  facet normal 0 0.996917 -0.0784635
    outer loop
      vertex 135 -10 27.96
      vertex 133.15 -9.87688 29.5243
      vertex 135 -9.87688 29.5243
    endloop
  endfacet
  facet normal 0 0.996917 -0.0784635
    outer loop
      vertex 133.15 -9.87688 29.5243
      vertex 135 -10 27.96
      vertex 133.15 -10 27.96
    endloop
  endfacet
  facet normal 0 -0.0784488 -0.996918
    outer loop
      vertex 133.15 0 37.96
      vertex 135 1.56434 37.8369
      vertex 135 0 37.96
    endloop
  endfacet
  facet normal -0 -0.0784488 -0.996918
    outer loop
      vertex 135 1.56434 37.8369
      vertex 133.15 0 37.96
      vertex 133.15 1.56434 37.8369
    endloop
  endfacet
  facet normal 0 -0.0784593 0.996917
    outer loop
      vertex 133.11 1.56434 0.0831165
      vertex 135 0.508248 0
      vertex 135 1.56434 0.0831165
    endloop
  endfacet
  facet normal 0 -0.0784593 0.996917
    outer loop
      vertex 135 0.508248 0
      vertex 133.11 1.56434 0.0831165
      vertex 133.11 0.508248 0
    endloop
  endfacet
  facet normal -0 0.0784593 0.996917
    outer loop
      vertex 133.11 -0.508248 0
      vertex 135 -1.56434 0.0831165
      vertex 135 -0.508248 0
    endloop
  endfacet
  facet normal 0 0.0784593 0.996917
    outer loop
      vertex 135 -1.56434 0.0831165
      vertex 133.11 -0.508248 0
      vertex 133.11 -1.56434 0.0831165
    endloop
  endfacet
  facet normal 0 -0.649446 0.760408
    outer loop
      vertex 133.15 7.07107 2.88893
      vertex 135 5.87785 1.86983
      vertex 135 7.07107 2.88893
    endloop
  endfacet
  facet normal 0 -0.649446 0.760408
    outer loop
      vertex 135 5.87785 1.86983
      vertex 133.15 7.07107 2.88893
      vertex 133.15 5.87785 1.86983
    endloop
  endfacet
  facet normal 0 -0.972372 -0.233436
    outer loop
      vertex 133.15 9.87688 29.5243
      vertex 135 9.51056 31.0502
      vertex 133.15 9.51056 31.0502
    endloop
  endfacet
  facet normal 0 -0.972372 -0.233436
    outer loop
      vertex 135 9.51056 31.0502
      vertex 133.15 9.87688 29.5243
      vertex 135 9.87688 29.5243
    endloop
  endfacet
  facet normal 0 -0.996917 -0.0784635
    outer loop
      vertex 133.15 10 27.96
      vertex 135 9.87688 29.5243
      vertex 133.15 9.87688 29.5243
    endloop
  endfacet
  facet normal 0 -0.996917 -0.0784635
    outer loop
      vertex 135 9.87688 29.5243
      vertex 133.15 10 27.96
      vertex 135 10 27.96
    endloop
  endfacet
  facet normal 0 0.382685 -0.923879
    outer loop
      vertex 133.15 -4.5399 36.8701
      vertex 135 -3.09017 37.4706
      vertex 135 -4.5399 36.8701
    endloop
  endfacet
  facet normal 0 0.382685 -0.923879
    outer loop
      vertex 135 -3.09017 37.4706
      vertex 133.15 -4.5399 36.8701
      vertex 133.15 -3.09017 37.4706
    endloop
  endfacet
  facet normal 0 0.233434 -0.972373
    outer loop
      vertex 133.15 -3.09017 37.4706
      vertex 135 -1.56434 37.8369
      vertex 135 -3.09017 37.4706
    endloop
  endfacet
  facet normal 0 0.233434 -0.972373
    outer loop
      vertex 135 -1.56434 37.8369
      vertex 133.15 -3.09017 37.4706
      vertex 133.15 -1.56434 37.8369
    endloop
  endfacet
  facet normal 0 0.0784488 -0.996918
    outer loop
      vertex 133.15 -1.56434 37.8369
      vertex 135 0 37.96
      vertex 135 -1.56434 37.8369
    endloop
  endfacet
  facet normal 0 0.0784488 -0.996918
    outer loop
      vertex 135 0 37.96
      vertex 133.15 -1.56434 37.8369
      vertex 133.15 0 37.96
    endloop
  endfacet
  facet normal 0 -0.92388 0.382682
    outer loop
      vertex 133.15 8.91006 5.42009
      vertex 135 9.51056 6.86983
      vertex 133.15 9.51056 6.86983
    endloop
  endfacet
  facet normal 0 -0.92388 0.382682
    outer loop
      vertex 135 9.51056 6.86983
      vertex 133.15 8.91006 5.42009
      vertex 135 8.91006 5.42009
    endloop
  endfacet
  facet normal 0 0.760408 0.649446
    outer loop
      vertex 135 -7.07107 2.88893
      vertex 133.15 -8.09017 4.08215
      vertex 135 -8.09017 4.08215
    endloop
  endfacet
  facet normal 0 0.760408 0.649446
    outer loop
      vertex 133.15 -8.09017 4.08215
      vertex 135 -7.07107 2.88893
      vertex 133.15 -7.07107 2.88893
    endloop
  endfacet
  facet normal 1.43128e-07 0.5225 0.852639
    outer loop
      vertex 135 -4.5399 1.04993
      vertex 133.15 -5.84549 1.85
      vertex 135 -5.87785 1.86983
    endloop
  endfacet
  facet normal -0 0.5225 0.852639
    outer loop
      vertex 133.11 -4.5399 1.04993
      vertex 133.15 -5.84549 1.85
      vertex 135 -4.5399 1.04993
    endloop
  endfacet
  facet normal 0 0.5225 0.852639
    outer loop
      vertex 133.15 -5.84549 1.85
      vertex 133.11 -4.5399 1.04993
      vertex 133.11 -5.84549 1.85
    endloop
  endfacet
  facet normal 0 0.522494 0.852643
    outer loop
      vertex 135 -5.87785 1.86983
      vertex 133.15 -5.84549 1.85
      vertex 133.15 -5.87785 1.86983
    endloop
  endfacet
  facet normal -0 0.649446 0.760408
    outer loop
      vertex 133.15 -5.87785 1.86983
      vertex 135 -7.07107 2.88893
      vertex 135 -5.87785 1.86983
    endloop
  endfacet
  facet normal 0 0.649446 0.760408
    outer loop
      vertex 135 -7.07107 2.88893
      vertex 133.15 -5.87785 1.86983
      vertex 133.15 -7.07107 2.88893
    endloop
  endfacet
  facet normal -0 0.382682 0.92388
    outer loop
      vertex 133.11 -3.09017 0.449434
      vertex 135 -4.5399 1.04993
      vertex 135 -3.09017 0.449434
    endloop
  endfacet
  facet normal 0 0.382682 0.92388
    outer loop
      vertex 135 -4.5399 1.04993
      vertex 133.11 -3.09017 0.449434
      vertex 133.11 -4.5399 1.04993
    endloop
  endfacet
  facet normal 0 -0.522494 0.852643
    outer loop
      vertex 133.15 5.84549 1.85
      vertex 135 5.87785 1.86983
      vertex 133.15 5.87785 1.86983
    endloop
  endfacet
  facet normal 1.43128e-07 -0.5225 0.852639
    outer loop
      vertex 135 5.87785 1.86983
      vertex 133.15 5.84549 1.85
      vertex 135 4.5399 1.04993
    endloop
  endfacet
  facet normal 0 -0.5225 0.852639
    outer loop
      vertex 133.11 4.5399 1.04993
      vertex 133.15 5.84549 1.85
      vertex 133.11 5.84549 1.85
    endloop
  endfacet
  facet normal 0 -0.5225 0.852639
    outer loop
      vertex 133.15 5.84549 1.85
      vertex 133.11 4.5399 1.04993
      vertex 135 4.5399 1.04993
    endloop
  endfacet
  facet normal 0 -0.382682 0.92388
    outer loop
      vertex 133.11 4.5399 1.04993
      vertex 135 3.09017 0.449434
      vertex 135 4.5399 1.04993
    endloop
  endfacet
  facet normal 0 -0.382682 0.92388
    outer loop
      vertex 135 3.09017 0.449434
      vertex 133.11 4.5399 1.04993
      vertex 133.11 3.09017 0.449434
    endloop
  endfacet
  facet normal -1 0 0
    outer loop
      vertex 6.9 -37.95 0
      vertex 6.9 -48.11 0.991984
      vertex 6.9 -37.95 1.85
    endloop
  endfacet
  facet normal -1 0 0
    outer loop
      vertex 6.9 -48.35 0
      vertex 6.9 -48.11 0.991984
      vertex 6.9 -37.95 0
    endloop
  endfacet
  facet normal -1 -0 0
    outer loop
      vertex 6.9 -48.11 0.991984
      vertex 6.9 -48.35 0
      vertex 6.9 -48.35 0.991984
    endloop
  endfacet
  facet normal -1 -0 0
    outer loop
      vertex 6.9 -37.95 1.85
      vertex 6.9 -48.11 0.991984
      vertex 6.9 -48.11 1.85
    endloop
  endfacet
  facet normal 0 1 -0
    outer loop
      vertex 6.9 -48.35 0
      vertex 5.59017 -48.35 0.449434
      vertex 6.9 -48.35 0.991984
    endloop
  endfacet
  facet normal 0 1 0
    outer loop
      vertex 6.9 -48.35 0
      vertex 4.06434 -48.35 0.0831165
      vertex 5.59017 -48.35 0.449434
    endloop
  endfacet
  facet normal 0 1 0
    outer loop
      vertex 4.06434 -48.35 0.0831165
      vertex 6.9 -48.35 0
      vertex 3.00825 -48.35 0
    endloop
  endfacet
  facet normal 0 -1 0
    outer loop
      vertex 2.5 -37.95 0
      vertex 6.9 -37.95 1.85
      vertex 2.5 -37.95 1.85
    endloop
  endfacet
  facet normal 0 -1 -0
    outer loop
      vertex 6.9 -37.95 1.85
      vertex 2.5 -37.95 0
      vertex 6.9 -37.95 0
    endloop
  endfacet
  facet normal 0 0 -1
    outer loop
      vertex 6.9 5.45 2.645
      vertex 5.90493 6.68255 2.645
      vertex 6.9 6.07277 2.645
    endloop
  endfacet
  facet normal 0 0 -1
    outer loop
      vertex 3.92717 5.45 2.645
      vertex 5.90493 6.68255 2.645
      vertex 6.9 5.45 2.645
    endloop
  endfacet
  facet normal -0 0 -1
    outer loop
      vertex 5.90493 6.68255 2.645
      vertex 3.92717 5.45 2.645
      vertex 4.81763 7.13292 2.645
    endloop
  endfacet
  facet normal 0 0 -1
    outer loop
      vertex 3.92717 5.45 2.645
      vertex 3.67326 7.40766 2.645
      vertex 4.81763 7.13292 2.645
    endloop
  endfacet
  facet normal 0 0 -1
    outer loop
      vertex 3.38385 5.58044 2.645
      vertex 3.67326 7.40766 2.645
      vertex 3.92717 5.45 2.645
    endloop
  endfacet
  facet normal 0 0 -1
    outer loop
      vertex 2.5 5.65 2.645
      vertex 3.67326 7.40766 2.645
      vertex 3.38385 5.58044 2.645
    endloop
  endfacet
  facet normal -0 0 -1
    outer loop
      vertex 3.67326 7.40766 2.645
      vertex 2.5 5.65 2.645
      vertex 2.5 7.5 2.645
    endloop
  endfacet
  facet normal -1 0 0
    outer loop
      vertex 6.9 15.85 0
      vertex 6.9 6.07277 1.85
      vertex 6.9 15.85 1.85
    endloop
  endfacet
  facet normal -1 0 0
    outer loop
      vertex 6.9 5.45 0
      vertex 6.9 6.07277 1.85
      vertex 6.9 15.85 0
    endloop
  endfacet
  facet normal -1 0 0
    outer loop
      vertex 6.9 5.45 2.645
      vertex 6.9 6.07277 1.85
      vertex 6.9 5.45 0
    endloop
  endfacet
  facet normal -1 0 0
    outer loop
      vertex 6.9 6.07277 1.85
      vertex 6.9 5.45 2.645
      vertex 6.9 6.07277 2.645
    endloop
  endfacet
  facet normal 0 -1 0
    outer loop
      vertex 2.5 15.85 0
      vertex 6.9 15.85 1.85
      vertex 2.5 15.85 1.85
    endloop
  endfacet
  facet normal 0 -1 -0
    outer loop
      vertex 6.9 15.85 1.85
      vertex 2.5 15.85 0
      vertex 6.9 15.85 0
    endloop
  endfacet
  facet normal 0 1 -0
    outer loop
      vertex 6.9 5.45 0
      vertex 3.92717 5.45 2.645
      vertex 6.9 5.45 2.645
    endloop
  endfacet
  facet normal 0 1 0
    outer loop
      vertex 3.92717 5.45 2.645
      vertex 6.9 5.45 0
      vertex 3.92717 5.45 0
    endloop
  endfacet
  facet normal -1 0 0
    outer loop
      vertex 6.9 48.35 0
      vertex 6.9 48.11 0.991984
      vertex 6.9 48.35 0.991984
    endloop
  endfacet
  facet normal -1 0 0
    outer loop
      vertex 6.9 37.95 0
      vertex 6.9 48.11 0.991984
      vertex 6.9 48.35 0
    endloop
  endfacet
  facet normal -1 0 0
    outer loop
      vertex 6.9 37.95 1.85
      vertex 6.9 48.11 0.991984
      vertex 6.9 37.95 0
    endloop
  endfacet
  facet normal -1 0 0
    outer loop
      vertex 6.9 48.11 0.991984
      vertex 6.9 37.95 1.85
      vertex 6.9 48.11 1.85
    endloop
  endfacet
  facet normal 0 -1 0
    outer loop
      vertex 5.59017 48.35 0.449434
      vertex 6.9 48.35 0
      vertex 6.9 48.35 0.991984
    endloop
  endfacet
  facet normal 0 -1 0
    outer loop
      vertex 4.06434 48.35 0.0831165
      vertex 6.9 48.35 0
      vertex 5.59017 48.35 0.449434
    endloop
  endfacet
  facet normal 0 -1 0
    outer loop
      vertex 6.9 48.35 0
      vertex 4.06434 48.35 0.0831165
      vertex 3.00825 48.35 0
    endloop
  endfacet
  facet normal 0 1 -0
    outer loop
      vertex 6.9 37.95 0
      vertex 2.5 37.95 1.85
      vertex 6.9 37.95 1.85
    endloop
  endfacet
  facet normal 0 1 0
    outer loop
      vertex 2.5 37.95 1.85
      vertex 6.9 37.95 0
      vertex 2.5 37.95 0
    endloop
  endfacet
  facet normal -1 0 0
    outer loop
      vertex 2.5 5.65 2.645
      vertex 2.5 7.5 62
      vertex 2.5 7.5 2.645
    endloop
  endfacet
  facet normal -1 -0 0
    outer loop
      vertex 2.5 7.5 62
      vertex 2.5 5.65 2.645
      vertex 2.5 5.65 62
    endloop
  endfacet
  facet normal -1 0 0
    outer loop
      vertex 2.5 -5.65 0
      vertex 2.5 -7.5 1.85
      vertex 2.5 -5.65 62
    endloop
  endfacet
  facet normal -1 0 0
    outer loop
      vertex 2.5 -37.95 0
      vertex 2.5 -7.5 1.85
      vertex 2.5 -5.65 0
    endloop
  endfacet
  facet normal -1 -0 0
    outer loop
      vertex 2.5 -7.5 1.85
      vertex 2.5 -37.95 0
      vertex 2.5 -37.95 1.85
    endloop
  endfacet
  facet normal -1 -0 0
    outer loop
      vertex 2.5 -5.65 62
      vertex 2.5 -7.5 1.85
      vertex 2.5 -7.5 62
    endloop
  endfacet
  facet normal -1 0 0
    outer loop
      vertex 2.5 48.15 37.96
      vertex 2.5 50 62
      vertex 2.5 50 37.96
    endloop
  endfacet
  facet normal -1 -0 0
    outer loop
      vertex 2.5 50 62
      vertex 2.5 48.15 37.96
      vertex 2.5 48.15 62
    endloop
  endfacet
  facet normal -1 0 0
    outer loop
      vertex 2.5 -50 37.96
      vertex 2.5 -48.15 62
      vertex 2.5 -48.15 37.96
    endloop
  endfacet
  facet normal -1 -0 0
    outer loop
      vertex 2.5 -48.15 62
      vertex 2.5 -50 37.96
      vertex 2.5 -50 62
    endloop
  endfacet
  facet normal -1 0 0
    outer loop
      vertex 2.5 15.85 0
      vertex 2.5 37.95 1.85
      vertex 2.5 37.95 0
    endloop
  endfacet
  facet normal -1 -0 0
    outer loop
      vertex 2.5 37.95 1.85
      vertex 2.5 15.85 0
      vertex 2.5 15.85 1.85
    endloop
  endfacet
endsolid OpenSCAD_Model
